day,timestamp,product,bid_price_1,bid_volume_1,bid_price_2,bid_volume_2,bid_price_3,bid_volume_3,ask_price_1,ask_volume_1,ask_price_2,ask_volume_2,ask_price_3,ask_volume_3,mid_price,profit_and_loss,source_file,one_sided,spread,imbalance_l1,microprice,fair_value,d_fair,d_mid,rolling_vol,cum_mean_d_fair,cum_var_d_fair,bid_offset_fair_1,ask_offset_fair_1,bid_offset_mid_1,ask_offset_mid_1,level_present_bid_1,level_present_ask_1,bid_offset_fair_2,ask_offset_fair_2,bid_offset_mid_2,ask_offset_mid_2,level_present_bid_2,level_present_ask_2,bid_offset_fair_3,ask_offset_fair_3,bid_offset_mid_3,ask_offset_mid_3,level_present_bid_3,level_present_ask_3,vol_bucket,spread_bucket,fair_state_bucket
-2,0,ASH_COATED_OSMIUM,,,,,,,10010.0,25.0,,,,,10010.0,0.0,prices_round_1_day_-2.csv,True,,-1.0,,10010.0,,,,,,,0.0,,0.0,0,1,,,,,0,0,,,,,0,0,q2,mid1,mid_low
-2,100,ASH_COATED_OSMIUM,9992.0,15.0,,,,,10008.0,15.0,10011.0,20.0,,,10000.0,0.0,prices_round_1_day_-2.csv,False,16.0,0.0,10000.0,10000.0,-10.0,-10.0,,-10.0,,-8.0,8.0,-8.0,8.0,1,1,,11.0,,11.0,0,1,,,,,0,0,q2,mid1,low
-2,200,ASH_COATED_OSMIUM,9992.0,15.0,9989.0,30.0,,,10008.0,15.0,10010.0,30.0,,,10000.0,0.0,prices_round_1_day_-2.csv,False,16.0,0.0,10000.0,10000.0,0.0,0.0,,-5.0,50.0,-8.0,8.0,-8.0,8.0,1,1,-11.0,10.0,-11.0,10.0,1,1,,,,,0,0,q2,mid1,low
-2,300,ASH_COATED_OSMIUM,9992.0,13.0,9989.0,26.0,,,10008.0,13.0,10010.0,26.0,,,10000.0,0.0,prices_round_1_day_-2.csv,False,16.0,0.0,10000.0,10000.0,0.0,0.0,,-3.3333333333333335,33.333333333333336,-8.0,8.0,-8.0,8.0,1,1,-11.0,10.0,-11.0,10.0,1,1,,,,,0,0,q2,mid1,low
-2,400,ASH_COATED_OSMIUM,9992.0,15.0,,,,,10008.0,15.0,10010.0,20.0,,,10000.0,0.0,prices_round_1_day_-2.csv,False,16.0,0.0,10000.0,10000.0,0.0,0.0,,-2.5,25.0,-8.0,8.0,-8.0,8.0,1,1,,10.0,,10.0,0,1,,,,,0,0,q2,mid1,low
-2,500,ASH_COATED_OSMIUM,9992.0,13.0,9989.0,30.0,,,10008.0,13.0,10010.0,30.0,,,10000.0,0.0,prices_round_1_day_-2.csv,False,16.0,0.0,10000.0,10000.0,0.0,0.0,,-2.0,20.0,-8.0,8.0,-8.0,8.0,1,1,-11.0,10.0,-11.0,10.0,1,1,,,,,0,0,q2,mid1,low
-2,600,ASH_COATED_OSMIUM,9989.0,30.0,,,,,10010.0,30.0,,,,,9999.5,0.0,prices_round_1_day_-2.csv,False,21.0,0.0,9999.5,9999.5,-0.5,-0.5,,-1.75,16.375,-10.5,10.5,-10.5,10.5,1,1,,,,,0,0,,,,,0,0,q2,mid2,low
-2,700,ASH_COATED_OSMIUM,9990.0,27.0,,,,,10011.0,27.0,,,,,10000.5,0.0,prices_round_1_day_-2.csv,False,21.0,0.0,10000.5,10000.5,1.0,1.0,,-1.3571428571428572,14.726190476190476,-10.5,10.5,-10.5,10.5,1,1,,,,,0,0,,,,,0,0,q2,mid2,mid_low
-2,800,ASH_COATED_OSMIUM,9993.0,15.0,,,,,10011.0,21.0,,,,,10002.0,0.0,prices_round_1_day_-2.csv,False,18.0,-0.16666666666666666,10000.5,10000.5,0.0,1.5,,-1.1875,12.852678571428571,-7.5,10.5,-9.0,9.0,1,1,,,,,0,0,,,,,0,0,q2,mid2,mid_low
-2,900,ASH_COATED_OSMIUM,9993.0,13.0,9990.0,30.0,,,9998.0,8.0,10009.0,13.0,10011.0,30.0,9995.5,0.0,prices_round_1_day_-2.csv,False,5.0,0.23809523809523808,9996.095238095239,9996.095238095239,-4.404761904761472,-6.5,,-1.544973544973497,12.396179768203268,-3.0952380952385283,1.9047619047614717,-2.5,2.5,1,1,-6.095238095238528,12.904761904761472,-5.5,13.5,1,1,,14.904761904761472,,15.5,0,1,q2,tight,low
-2,1000,ASH_COATED_OSMIUM,9990.0,22.0,,,,,10009.0,15.0,10011.0,22.0,,,9999.5,0.0,prices_round_1_day_-2.csv,False,19.0,0.1891891891891892,10001.297297297297,10001.297297297297,5.202059202058081,4.0,3.946019709729891,-0.8702702702703391,15.571071549576775,-11.297297297296609,7.702702702703391,-9.5,9.5,1,1,,9.702702702703391,,11.5,0,1,,,,,0,0,q3,mid2,mid_low
-2,1100,ASH_COATED_OSMIUM,9993.0,10.0,,,,,10009.0,10.0,10011.0,25.0,,,10001.0,0.0,prices_round_1_day_-2.csv,False,16.0,0.0,10001.0,10001.0,-0.29729729729660903,1.5,3.7475071273941367,-0.8181818181818182,14.043809669869855,-8.0,8.0,-8.0,8.0,1,1,,10.0,,10.0,0,1,,,,,0,0,q3,mid1,mid_low
-2,1200,ASH_COATED_OSMIUM,,,,,,,10009.0,10.0,10011.0,27.0,,,10009.0,0.0,prices_round_1_day_-2.csv,True,,-1.0,,10009.0,8.0,8.0,4.387154801017518,-0.08333333333333333,19.247127248091054,,0.0,,0.0,0,1,,2.0,,2.0,0,1,,,,,0,0,q4,mid1,mid_low
-2,1300,ASH_COATED_OSMIUM,9993.0,10.0,9991.0,23.0,,,10012.0,23.0,,,,,10002.5,0.0,prices_round_1_day_-2.csv,False,19.0,-0.3939393939393939,9998.757575757576,9998.757575757576,-10.242424242424022,-6.5,5.057885905316473,-0.8648018648018478,25.582209831199037,-5.757575757575978,13.242424242424022,-9.5,9.5,1,1,-7.757575757575978,,-11.5,,1,0,,,,,0,0,q4,mid2,low
-2,1400,ASH_COATED_OSMIUM,9993.0,13.0,9991.0,26.0,,,10009.0,13.0,10012.0,26.0,,,10001.0,0.0,prices_round_1_day_-2.csv,False,16.0,0.0,10001.0,10001.0,2.242424242424022,-1.5,4.9299066898754775,-0.6428571428571429,24.30397997087899,-8.0,8.0,-8.0,8.0,1,1,-10.0,11.0,-10.0,11.0,1,1,,,,,0,0,q4,mid1,mid_low
-2,1500,ASH_COATED_OSMIUM,9994.0,12.0,9991.0,25.0,,,10010.0,12.0,10012.0,25.0,,,10002.0,0.0,prices_round_1_day_-2.csv,False,16.0,0.0,10002.0,10002.0,1.0,1.0,4.769477264262783,-0.5333333333333333,22.74791337431961,-8.0,8.0,-8.0,8.0,1,1,-11.0,10.0,-11.0,10.0,1,1,,,,,0,0,q4,mid1,mid_low
-2,1600,ASH_COATED_OSMIUM,9994.0,15.0,9991.0,23.0,,,,,,,,,9994.0,0.0,prices_round_1_day_-2.csv,True,,1.0,,9994.0,-8.0,-8.0,4.971501811372101,-1.0,24.71583026047608,0.0,,0.0,,1,0,-3.0,,-3.0,,1,0,,,,,0,0,q4,mid1,low
-2,1700,ASH_COATED_OSMIUM,9999.0,3.0,9994.0,12.0,9991.0,28.0,10010.0,12.0,10012.0,28.0,,,10004.5,0.0,prices_round_1_day_-2.csv,False,11.0,-0.6,10001.2,10001.2,7.200000000000728,10.5,5.208299625294621,-0.5176470588234866,27.126384986844084,-2.2000000000007276,8.799999999999272,-5.5,5.5,1,1,-7.200000000000728,10.799999999999272,-10.5,7.5,1,1,-10.200000000000728,,-13.5,,1,0,q4,tight,mid_low
-2,1800,ASH_COATED_OSMIUM,9994.0,14.0,9991.0,24.0,,,10010.0,14.0,10012.0,24.0,,,10002.0,0.0,prices_round_1_day_-2.csv,False,16.0,0.0,10002.0,10002.0,0.7999999999992724,-2.5,5.062328564136299,-0.4444444444444444,25.627170491270288,-8.0,8.0,-8.0,8.0,1,1,-11.0,10.0,-11.0,10.0,1,1,,,,,0,0,q4,mid1,mid_low
-2,1900,ASH_COATED_OSMIUM,9994.0,11.0,9991.0,25.0,,,10010.0,11.0,10012.0,25.0,,,10002.0,0.0,prices_round_1_day_-2.csv,False,16.0,0.0,10002.0,10002.0,0.0,0.0,4.920755547533771,-0.42105263157894735,24.213835158584384,-8.0,8.0,-8.0,8.0,1,1,-11.0,10.0,-11.0,10.0,1,1,,,,,0,0,q4,mid1,mid_low
-2,2000,ASH_COATED_OSMIUM,9991.0,30.0,,,,,10010.0,10.0,10012.0,30.0,,,10000.5,0.0,prices_round_1_day_-2.csv,False,19.0,0.5,10005.25,10005.25,3.25,-1.5,4.859347091226137,-0.2375,23.613254153007922,-14.25,4.75,-9.5,9.5,1,1,,6.75,,11.5,0,1,,,,,0,0,q4,mid2,mid_low
-2,2100,ASH_COATED_OSMIUM,9994.0,13.0,9992.0,20.0,,,10010.0,13.0,,,,,10002.0,0.0,prices_round_1_day_-2.csv,False,16.0,0.0,10002.0,10002.0,-3.25,1.5,4.781709081800834,-0.38095238095238093,22.864741742976573,-8.0,8.0,-8.0,8.0,1,1,-10.0,,-10.0,,1,0,,,,,0,0,q4,mid1,mid_low
-2,2200,ASH_COATED_OSMIUM,9994.0,14.0,,,,,10010.0,14.0,10013.0,25.0,,,10002.0,0.0,prices_round_1_day_-2.csv,False,16.0,0.0,10002.0,10002.0,0.0,0.0,4.667176994195281,-0.36363636363636365,21.782541095145696,-8.0,8.0,-8.0,8.0,1,1,,11.0,,11.0,0,1,,,,,0,0,q4,mid1,mid_low
-2,2300,ASH_COATED_OSMIUM,10000.0,5.0,9995.0,11.0,9992.0,28.0,10011.0,11.0,10013.0,28.0,,,10005.5,0.0,prices_round_1_day_-2.csv,False,11.0,-0.375,10003.4375,10003.4375,1.4375,3.5,4.5753112547449035,-0.28532608695652173,20.93347307779538,-3.4375,7.5625,-5.5,5.5,1,1,-8.4375,9.5625,-10.5,7.5,1,1,-11.4375,,-13.5,,1,0,q4,tight,mid_low
-2,2400,ASH_COATED_OSMIUM,9992.0,30.0,,,,,10011.0,13.0,10013.0,30.0,,,10001.5,0.0,prices_round_1_day_-2.csv,False,19.0,0.3953488372093023,10005.255813953489,10005.255813953489,1.8183139534885413,-4.0,4.495298614504914,-0.1976744186046441,20.207709633569795,-13.255813953488541,5.744186046511459,-9.5,9.5,1,1,,7.744186046511459,,11.5,0,1,,,,,0,0,q4,mid2,mid_low
-2,2500,ASH_COATED_OSMIUM,9992.0,21.0,,,,,10011.0,14.0,,,,,10001.5,0.0,prices_round_1_day_-2.csv,False,19.0,0.2,10003.4,10003.4,-1.855813953488905,0.0,4.413128006398285,-0.26400000000001456,19.4756988008569,-11.399999999999636,7.600000000000364,-9.5,9.5,1,1,,,,,0,0,,,,,0,0,q4,mid2,mid_low
-2,2600,ASH_COATED_OSMIUM,9995.0,15.0,9992.0,21.0,,,10011.0,15.0,,,,,10003.0,0.0,prices_round_1_day_-2.csv,False,16.0,0.0,10003.0,10003.0,-0.3999999999996362,1.5,4.324046974009187,-0.2692307692307692,18.697382233438006,-8.0,8.0,-8.0,8.0,1,1,-11.0,,-11.0,,1,0,,,,,0,0,q4,mid1,mid_low
-2,2700,ASH_COATED_OSMIUM,9995.0,15.0,9992.0,26.0,,,10013.0,26.0,,,,,10004.0,0.0,prices_round_1_day_-2.csv,False,18.0,-0.2682926829268293,10001.585365853658,10001.585365853658,-1.4146341463419958,1.0,4.245802968508952,-0.31165311653118505,18.026842847399426,-6.585365853658004,11.414634146341996,-9.0,9.0,1,1,-9.585365853658004,,-12.0,,1,0,,,,,0,0,q4,mid2,mid_low
-2,2800,ASH_COATED_OSMIUM,9995.0,13.0,,,,,10011.0,13.0,10013.0,28.0,,,10003.0,0.0,prices_round_1_day_-2.csv,False,16.0,0.0,10003.0,10003.0,1.4146341463419958,-1.0,4.179188077962473,-0.25,17.46561299098367,-8.0,8.0,-8.0,8.0,1,1,,10.0,,10.0,0,1,,,,,0,0,q4,mid1,mid_low
-2,2900,ASH_COATED_OSMIUM,9995.0,15.0,9993.0,30.0,,,10011.0,15.0,10014.0,30.0,,,10003.0,0.0,prices_round_1_day_-2.csv,False,16.0,0.0,10003.0,10003.0,0.0,0.0,4.1041437926639865,-0.2413793103448276,16.84399627086233,-8.0,8.0,-8.0,8.0,1,1,-10.0,11.0,-10.0,11.0,1,1,,,,,0,0,q4,mid1,mid_low
-2,3000,ASH_COATED_OSMIUM,9993.0,26.0,,,,,10011.0,12.0,10014.0,26.0,,,10002.0,0.0,prices_round_1_day_-2.csv,False,18.0,0.3684210526315789,10005.315789473685,10005.315789473685,2.315789473685072,-1.0,4.059696936912937,-0.15614035087716427,16.481139219580285,-12.315789473685072,5.684210526314928,-9.0,9.0,1,1,,8.684210526314928,,12.0,0,1,,,,,0,0,q4,mid2,mid_low
-2,3100,ASH_COATED_OSMIUM,9996.0,12.0,,,,,10012.0,12.0,10014.0,23.0,,,10004.0,0.0,prices_round_1_day_-2.csv,False,16.0,0.0,10004.0,10004.0,-1.3157894736850722,2.0,3.9968923063611537,-0.1935483870967742,15.975148108648982,-8.0,8.0,-8.0,8.0,1,1,,10.0,,10.0,0,1,,,,,0,0,q3,mid1,mid_low
-2,3200,ASH_COATED_OSMIUM,9996.0,11.0,9993.0,26.0,,,10014.0,26.0,,,,,10005.0,0.0,prices_round_1_day_-2.csv,False,18.0,-0.40540540540540543,10001.351351351352,10001.351351351352,-2.6486486486483045,1.0,3.955778136568255,-0.2702702702702595,15.648180665751415,-5.3513513513516955,12.648648648648305,-9.0,9.0,1,1,-8.351351351351695,,-12.0,,1,0,,,,,0,0,q3,mid2,mid_low
-2,3300,ASH_COATED_OSMIUM,9996.0,15.0,9993.0,20.0,,,10012.0,15.0,10014.0,20.0,,,10004.0,0.0,prices_round_1_day_-2.csv,False,16.0,0.0,10004.0,10004.0,2.6486486486483045,-1.0,3.9264945554969652,-0.18181818181818182,15.417359494347311,-8.0,8.0,-8.0,8.0,1,1,-11.0,10.0,-11.0,10.0,1,1,,,,,0,0,q3,mid1,mid_low
-2,3400,ASH_COATED_OSMIUM,9996.0,10.0,9993.0,22.0,,,10012.0,10.0,,,,,10004.0,0.0,prices_round_1_day_-2.csv,False,16.0,0.0,10004.0,10004.0,0.0,0.0,3.8666702823152295,-0.17647058823529413,14.951139072139737,-8.0,8.0,-8.0,8.0,1,1,-11.0,,-11.0,,1,0,,,,,0,0,q3,mid1,mid_low
-2,3500,ASH_COATED_OSMIUM,9993.0,29.0,,,,,10012.0,10.0,10014.0,29.0,,,10002.5,0.0,prices_round_1_day_-2.csv,False,19.0,0.48717948717948717,10007.128205128205,10007.128205128205,3.1282051282050816,-1.5,3.8501201118893014,-0.08205128205128338,14.823424875974487,-14.128205128205082,4.871794871794918,-9.5,9.5,1,1,,6.871794871794918,,11.5,0,1,,,,,0,0,q3,mid2,mid_low
-2,3600,ASH_COATED_OSMIUM,9996.0,10.0,9993.0,26.0,,,10012.0,10.0,,,,,10004.0,0.0,prices_round_1_day_-2.csv,False,16.0,0.0,10004.0,10004.0,-3.1282051282050816,1.5,3.8285310407826887,-0.16666666666666666,14.657649930236579,-8.0,8.0,-8.0,8.0,1,1,-11.0,,-11.0,,1,0,,,,,0,0,q3,mid1,mid_low
-2,3700,ASH_COATED_OSMIUM,9993.0,25.0,,,,,10011.0,11.0,,,,,10002.0,0.0,prices_round_1_day_-2.csv,False,18.0,0.3888888888888889,10005.5,10005.5,1.5,-2.0,3.784913217341328,-0.12162162162162163,14.325568062805083,-12.5,5.5,-9.0,9.0,1,1,,,,,0,0,,,,,0,0,q3,mid2,mid_low
-2,3800,ASH_COATED_OSMIUM,9995.0,11.0,9993.0,27.0,,,10011.0,11.0,10014.0,27.0,,,10003.0,0.0,prices_round_1_day_-2.csv,False,16.0,0.0,10003.0,10003.0,-2.5,1.0,3.75329863523343,-0.18421052631578946,14.087250645245128,-8.0,8.0,-8.0,8.0,1,1,-10.0,11.0,-10.0,11.0,1,1,,,,,0,0,q3,mid1,mid_low
-2,3900,ASH_COATED_OSMIUM,9995.0,14.0,9993.0,25.0,,,10011.0,14.0,10014.0,25.0,,,10003.0,0.0,prices_round_1_day_-2.csv,False,16.0,0.0,10003.0,10003.0,0.0,0.0,3.7037013396340566,-0.1794871794871795,13.717403613207104,-8.0,8.0,-8.0,8.0,1,1,-10.0,11.0,-10.0,11.0,1,1,,,,,0,0,q3,mid1,mid_low
-2,4000,ASH_COATED_OSMIUM,9996.0,10.0,9994.0,27.0,,,10012.0,10.0,10015.0,27.0,,,10004.0,0.0,prices_round_1_day_-2.csv,False,16.0,0.0,10004.0,10004.0,1.0,1.0,3.660663200240761,-0.15,13.40045506559693,-8.0,8.0,-8.0,8.0,1,1,-10.0,11.0,-10.0,11.0,1,1,,,,,0,0,q3,mid1,mid_low
-2,4100,ASH_COATED_OSMIUM,9994.0,28.0,,,,,10013.0,12.0,,,,,10003.5,0.0,prices_round_1_day_-2.csv,False,19.0,0.4,10007.3,10007.3,3.2999999999992724,-0.5,3.6545517600665702,-0.06585365853660312,13.355748567005666,-13.299999999999272,5.700000000000728,-9.5,9.5,1,1,,,,,0,0,,,,,0,0,q3,mid2,mid_low
-2,4200,ASH_COATED_OSMIUM,9994.0,23.0,,,,,10015.0,23.0,,,,,10004.5,0.0,prices_round_1_day_-2.csv,False,21.0,0.0,10004.5,10004.5,-2.7999999999992724,1.0,3.6342795758834705,-0.13095238095238096,13.207988035683739,-10.5,10.5,-10.5,10.5,1,1,,,,,0,0,,,,,0,0,q3,mid2,mid_low
-2,4300,ASH_COATED_OSMIUM,9997.0,13.0,9994.0,26.0,,,10015.0,26.0,,,,,10006.0,0.0,prices_round_1_day_-2.csv,False,18.0,-0.3333333333333333,10003.0,10003.0,-1.5,1.5,3.596818080161271,-0.16279069767441862,12.937100301775011,-6.0,12.0,-9.0,9.0,1,1,-9.0,,-12.0,,1,0,,,,,0,0,q3,mid2,mid_low
-2,4400,ASH_COATED_OSMIUM,9997.0,11.0,9994.0,28.0,,,10015.0,28.0,,,,,10006.0,0.0,prices_round_1_day_-2.csv,False,18.0,-0.4358974358974359,10002.076923076924,10002.076923076924,-0.9230769230762235,0.0,3.556595938033322,-0.18006993006991417,12.649374666435126,-5.0769230769237765,12.923076923076223,-9.0,9.0,1,1,-8.076923076923777,,-12.0,,1,0,,,,,0,0,q3,mid2,mid_low
-2,4500,ASH_COATED_OSMIUM,9997.0,12.0,9994.0,29.0,,,10013.0,12.0,10015.0,29.0,,,10005.0,0.0,prices_round_1_day_-2.csv,False,16.0,0.0,10005.0,10005.0,2.9230769230762235,-1.0,3.546248471358188,-0.1111111111111111,12.575878220610285,-8.0,8.0,-8.0,8.0,1,1,-11.0,10.0,-11.0,10.0,1,1,,,,,0,0,q3,mid1,mid_low
-2,4600,ASH_COATED_OSMIUM,9997.0,11.0,9995.0,29.0,,,10016.0,29.0,,,,,10006.5,0.0,prices_round_1_day_-2.csv,False,19.0,-0.45,10002.225,10002.225,-2.774999999999636,1.5,3.528552357367181,-0.16902173913042687,12.45068173868149,-5.225000000000364,13.774999999999636,-9.5,9.5,1,1,-7.225000000000364,,-11.5,,1,0,,,,,0,0,q3,mid2,mid_low
-2,4700,ASH_COATED_OSMIUM,,,,,,,10013.0,11.0,10016.0,29.0,,,10013.0,0.0,prices_round_1_day_-2.csv,True,,-1.0,,10013.0,10.774999999999636,6.5,3.8377528465085784,0.06382978723404255,14.728346910884696,,0.0,,0.0,0,1,,3.0,,3.0,0,1,,,,,0,0,q3,mid1,mid_low
-2,4800,ASH_COATED_OSMIUM,9995.0,24.0,,,,,10007.0,3.0,10013.0,14.0,10016.0,24.0,10001.0,0.0,prices_round_1_day_-2.csv,False,12.0,0.7777777777777778,10005.666666666666,10005.666666666666,-7.33333333333394,-12.0,3.943974724079814,-0.0902777777777904,15.554936624180447,-10.66666666666606,1.3333333333339397,-6.0,6.0,1,1,,7.33333333333394,,12.0,0,1,,10.33333333333394,,15.0,0,1,q3,tight,mid_low
-2,4900,ASH_COATED_OSMIUM,9997.0,15.0,9995.0,22.0,,,10013.0,15.0,10016.0,22.0,,,10005.0,0.0,prices_round_1_day_-2.csv,False,16.0,0.0,10005.0,10005.0,-0.6666666666660603,4.0,3.9035439704490433,-0.10204081632653061,15.23765552922908,-8.0,8.0,-8.0,8.0,1,1,-10.0,11.0,-10.0,11.0,1,1,,,,,0,0,q3,mid1,mid_low
-2,5000,ASH_COATED_OSMIUM,9997.0,15.0,9994.0,20.0,,,10013.0,15.0,10015.0,20.0,,,10005.0,0.0,prices_round_1_day_-2.csv,False,16.0,0.0,10005.0,10005.0,0.0,0.0,3.863533514022107,-0.1,14.926891213972011,-8.0,8.0,-8.0,8.0,1,1,-11.0,10.0,-11.0,10.0,1,1,,,,,0,0,q3,mid1,mid_low
-2,5100,ASH_COATED_OSMIUM,9997.0,11.0,9994.0,29.0,,,10013.0,11.0,10015.0,29.0,,,10005.0,0.0,prices_round_1_day_-2.csv,False,16.0,0.0,10005.0,10005.0,0.0,0.0,3.5897179398166363,-0.09803921568627451,14.628549468123943,-8.0,8.0,-8.0,8.0,1,1,-11.0,10.0,-11.0,10.0,1,1,,,,,0,0,q3,mid1,mid_low
-2,5200,ASH_COATED_OSMIUM,9994.0,25.0,,,,,10013.0,12.0,10015.0,25.0,,,10003.5,0.0,prices_round_1_day_-2.csv,False,19.0,0.35135135135135137,10006.837837837838,10006.837837837838,1.8378378378383786,-1.5,3.5980726044474496,-0.06081081081080041,14.413784779565152,-12.837837837838379,6.162162162161621,-9.5,9.5,1,1,,8.162162162161621,,11.5,0,1,,,,,0,0,q3,mid2,mid_low
-2,5300,ASH_COATED_OSMIUM,10002.0,4.0,9994.0,22.0,,,10012.0,15.0,10015.0,22.0,,,10007.0,0.0,prices_round_1_day_-2.csv,False,10.0,-0.5789473684210527,10004.105263157895,10004.105263157895,-2.7325746799433546,3.5,3.620872648433098,-0.11122144985103728,14.271281934734947,-2.105263157895024,7.894736842104976,-5.0,5.0,1,1,-10.105263157895024,10.894736842104976,-13.0,8.0,1,1,,,,,0,0,q3,tight,mid_low
-2,5400,ASH_COATED_OSMIUM,9994.0,29.0,,,,,10013.0,15.0,,,,,10003.5,0.0,prices_round_1_day_-2.csv,False,19.0,0.3181818181818182,10006.522727272728,10006.522727272728,2.41746411483291,-3.5,3.635863019998123,-0.06439393939392714,14.120424513991232,-12.522727272727934,6.477272727272066,-9.5,9.5,1,1,,,,,0,0,,,,,0,0,q3,mid2,mid_low
-2,5500,ASH_COATED_OSMIUM,9996.0,13.0,9994.0,28.0,,,10012.0,13.0,10015.0,28.0,,,10004.0,0.0,prices_round_1_day_-2.csv,False,16.0,0.0,10004.0,10004.0,-2.522727272727934,0.5,3.6551628775885154,-0.10909090909090909,13.968815221644652,-8.0,8.0,-8.0,8.0,1,1,-10.0,11.0,-10.0,11.0,1,1,,,,,0,0,q3,mid1,mid_low
-2,5600,ASH_COATED_OSMIUM,9996.0,15.0,,,,,,,,,,,9996.0,0.0,prices_round_1_day_-2.csv,True,,1.0,,9996.0,-8.0,-8.0,3.8291992220449065,-0.25,14.826737589515576,0.0,,0.0,,1,0,,,,,0,0,,,,,0,0,q3,mid1,low
-2,5700,ASH_COATED_OSMIUM,9996.0,12.0,9993.0,29.0,,,10012.0,12.0,,,,,10004.0,0.0,prices_round_1_day_-2.csv,False,16.0,0.0,10004.0,10004.0,8.0,8.0,3.993554928609797,-0.10526315789473684,15.756053365642646,-8.0,8.0,-8.0,8.0,1,1,-11.0,,-11.0,,1,0,,,,,0,0,q3,mid1,mid_low
-2,5800,ASH_COATED_OSMIUM,10001.0,5.0,9996.0,15.0,9993.0,26.0,10012.0,15.0,10014.0,26.0,,,10006.5,0.0,prices_round_1_day_-2.csv,False,11.0,-0.5,10003.75,10003.75,-0.25,2.5,3.9938008530143176,-0.10775862068965517,15.479992562176252,-2.75,8.25,-5.5,5.5,1,1,-7.75,10.25,-10.5,7.5,1,1,-10.75,,-13.5,,1,0,q3,tight,mid_low
-2,5900,ASH_COATED_OSMIUM,9996.0,13.0,9994.0,28.0,,,10015.0,28.0,,,,,10005.5,0.0,prices_round_1_day_-2.csv,False,19.0,-0.36585365853658536,10002.024390243903,10002.024390243903,-1.7256097560966737,-1.0,3.9503442684177164,-0.1351798263745199,15.257459567441943,-6.024390243903326,12.975609756096674,-9.5,9.5,1,1,-8.024390243903326,,-11.5,,1,0,,,,,0,0,q3,mid2,mid_low
-2,6000,ASH_COATED_OSMIUM,9996.0,10.0,9994.0,21.0,,,10006.0,2.0,10012.0,10.0,10015.0,21.0,10001.0,0.0,prices_round_1_day_-2.csv,False,10.0,0.6666666666666666,10004.333333333334,10004.333333333334,2.3089430894306133,-4.5,3.8951679038718683,-0.09444444444443434,15.09842083828368,-8.33333333333394,1.6666666666660603,-5.0,5.0,1,1,-10.33333333333394,7.66666666666606,-7.0,11.0,1,1,,10.66666666666606,,14.0,0,1,q3,tight,mid_low
-2,6100,ASH_COATED_OSMIUM,9997.0,11.0,9994.0,26.0,,,10013.0,11.0,10015.0,26.0,,,10005.0,0.0,prices_round_1_day_-2.csv,False,16.0,0.0,10005.0,10005.0,0.6666666666660603,4.0,3.8957452616140573,-0.08196721311475409,14.856277050379868,-8.0,8.0,-8.0,8.0,1,1,-11.0,10.0,-11.0,10.0,1,1,,,,,0,0,q3,mid1,mid_low
-2,6200,ASH_COATED_OSMIUM,9997.0,12.0,9994.0,23.0,,,10013.0,12.0,10015.0,23.0,,,10005.0,0.0,prices_round_1_day_-2.csv,False,16.0,0.0,10005.0,10005.0,0.0,0.0,3.7243400347455906,-0.08064516129032258,14.612839889867445,-8.0,8.0,-8.0,8.0,1,1,-11.0,10.0,-11.0,10.0,1,1,,,,,0,0,q3,mid1,mid_low
-2,6300,ASH_COATED_OSMIUM,9996.0,13.0,9993.0,26.0,,,10012.0,13.0,10014.0,26.0,,,10004.0,0.0,prices_round_1_day_-2.csv,False,16.0,0.0,10004.0,10004.0,-1.0,-1.0,3.427165817303796,-0.09523809523809523,14.390565008337697,-8.0,8.0,-8.0,8.0,1,1,-11.0,10.0,-11.0,10.0,1,1,,,,,0,0,q3,mid1,mid_low
-2,6400,ASH_COATED_OSMIUM,9996.0,13.0,9993.0,26.0,,,10012.0,13.0,10014.0,26.0,,,10004.0,0.0,prices_round_1_day_-2.csv,False,16.0,0.0,10004.0,10004.0,0.0,0.0,3.4132664503143193,-0.09375,14.162285064894695,-8.0,8.0,-8.0,8.0,1,1,-11.0,10.0,-11.0,10.0,1,1,,,,,0,0,q3,mid1,mid_low
-2,6500,ASH_COATED_OSMIUM,9993.0,21.0,,,,,,,,,,,9993.0,0.0,prices_round_1_day_-2.csv,True,,1.0,,9993.0,-11.0,-11.0,3.7509971604329437,-0.26153846153846155,15.770942269409561,0.0,,0.0,,1,0,,,,,0,0,,,,,0,0,q3,mid1,low
-2,6600,ASH_COATED_OSMIUM,9996.0,13.0,9993.0,23.0,,,10012.0,13.0,10014.0,23.0,,,10004.0,0.0,prices_round_1_day_-2.csv,False,16.0,0.0,10004.0,10004.0,11.0,11.0,3.901985379477688,-0.09090909090909091,17.44986160835248,-8.0,8.0,-8.0,8.0,1,1,-11.0,10.0,-11.0,10.0,1,1,,,,,0,0,q3,mid1,mid_low
-2,6700,ASH_COATED_OSMIUM,9996.0,14.0,9993.0,27.0,,,10012.0,14.0,10014.0,27.0,,,10004.0,0.0,prices_round_1_day_-2.csv,False,16.0,0.0,10004.0,10004.0,0.0,0.0,3.7689716163052447,-0.08955223880597014,17.185593115992877,-8.0,8.0,-8.0,8.0,1,1,-11.0,10.0,-11.0,10.0,1,1,,,,,0,0,q3,mid1,mid_low
-2,6800,ASH_COATED_OSMIUM,9996.0,14.0,9993.0,23.0,,,10012.0,14.0,10014.0,23.0,,,10004.0,0.0,prices_round_1_day_-2.csv,False,16.0,0.0,10004.0,10004.0,0.0,0.0,3.7674465048575767,-0.08823529411764706,16.929209661547162,-8.0,8.0,-8.0,8.0,1,1,-11.0,10.0,-11.0,10.0,1,1,,,,,0,0,q3,mid1,mid_low
-2,6900,ASH_COATED_OSMIUM,9995.0,13.0,9993.0,28.0,,,10014.0,28.0,,,,,10004.5,0.0,prices_round_1_day_-2.csv,False,19.0,-0.36585365853658536,10001.024390243903,10001.024390243903,-2.9756097560966737,0.5,3.7915163686515223,-0.13008130081299527,16.801075787004127,-6.024390243903326,12.975609756096674,-9.5,9.5,1,1,-8.024390243903326,,-11.5,,1,0,,,,,0,0,q3,mid2,mid_low
-2,7000,ASH_COATED_OSMIUM,9995.0,14.0,9993.0,24.0,,,10011.0,14.0,,,,,10003.0,0.0,prices_round_1_day_-2.csv,False,16.0,0.0,10003.0,10003.0,1.9756097560966737,-1.5,3.7733289111388455,-0.1,16.620923861120694,-8.0,8.0,-8.0,8.0,1,1,-10.0,,-10.0,,1,0,,,,,0,0,q3,mid1,mid_low
-2,7100,ASH_COATED_OSMIUM,9995.0,11.0,9993.0,26.0,,,10011.0,11.0,,,,,10003.0,0.0,prices_round_1_day_-2.csv,False,16.0,0.0,10003.0,10003.0,0.0,0.0,3.744877569482316,-0.09859154929577464,16.383622936746537,-8.0,8.0,-8.0,8.0,1,1,-10.0,,-10.0,,1,0,,,,,0,0,q3,mid1,mid_low
-2,7200,ASH_COATED_OSMIUM,9993.0,26.0,,,,,10012.0,14.0,10014.0,26.0,,,10002.5,0.0,prices_round_1_day_-2.csv,False,19.0,0.3,10005.35,10005.35,2.350000000000364,-0.5,3.759340320197797,-0.06458333333332827,16.236139914328586,-12.350000000000364,6.649999999999636,-9.5,9.5,1,1,,8.649999999999636,,11.5,0,1,,,,,0,0,q3,mid2,mid_low
-2,7300,ASH_COATED_OSMIUM,9996.0,11.0,9993.0,27.0,,,10012.0,11.0,10014.0,27.0,,,10004.0,0.0,prices_round_1_day_-2.csv,False,16.0,0.0,10004.0,10004.0,-1.3500000000003638,1.5,3.7592703323025605,-0.0821917808219178,16.033272162949988,-8.0,8.0,-8.0,8.0,1,1,-11.0,10.0,-11.0,10.0,1,1,,,,,0,0,q3,mid1,mid_low
-2,7400,ASH_COATED_OSMIUM,9996.0,11.0,9994.0,28.0,,,10012.0,11.0,10015.0,28.0,,,10004.0,0.0,prices_round_1_day_-2.csv,False,16.0,0.0,10004.0,10004.0,0.0,0.0,3.750216535933362,-0.08108108108108109,15.813729588093755,-8.0,8.0,-8.0,8.0,1,1,-10.0,11.0,-10.0,11.0,1,1,,,,,0,0,q3,mid1,mid_low
-2,7500,ASH_COATED_OSMIUM,9997.0,10.0,,,,,10013.0,10.0,,,,,10005.0,0.0,prices_round_1_day_-2.csv,False,16.0,0.0,10005.0,10005.0,1.0,1.0,3.7435069643010825,-0.06666666666666667,15.615613690324288,-8.0,8.0,-8.0,8.0,1,1,,,,,0,0,,,,,0,0,q3,mid1,mid_low
-2,7600,ASH_COATED_OSMIUM,9997.0,13.0,9994.0,28.0,,,10015.0,28.0,,,,,10006.0,0.0,prices_round_1_day_-2.csv,False,18.0,-0.36585365853658536,10002.707317073171,10002.707317073171,-2.292682926829002,1.0,3.757507469906692,-0.0959563543003816,15.472604828714356,-5.707317073170998,12.292682926829002,-9.0,9.0,1,1,-8.707317073170998,,-12.0,,1,0,,,,,0,0,q3,mid2,mid_low
-2,7700,ASH_COATED_OSMIUM,9994.0,25.0,,,,,10013.0,13.0,10015.0,25.0,,,10003.5,0.0,prices_round_1_day_-2.csv,False,19.0,0.3157894736842105,10006.5,10006.5,3.792682926829002,-2.5,3.789691042383469,-0.045454545454545456,15.465401240719382,-12.5,6.5,-9.5,9.5,1,1,,8.5,,11.5,0,1,,,,,0,0,q3,mid2,mid_low
-2,7800,ASH_COATED_OSMIUM,10002.0,4.0,9996.0,14.0,9994.0,21.0,10015.0,21.0,,,,,10008.5,0.0,prices_round_1_day_-2.csv,False,13.0,-0.68,10004.08,10004.08,-2.4200000000000728,5.0,3.8012916882189605,-0.07589743589743683,15.33683990108119,-2.0799999999999272,10.920000000000073,-6.5,6.5,1,1,-8.079999999999927,,-12.5,,1,0,-10.079999999999927,,-14.5,,1,0,q3,tight,mid_low
-2,7900,ASH_COATED_OSMIUM,9996.0,13.0,,,,,10012.0,13.0,,,,,10004.0,0.0,prices_round_1_day_-2.csv,False,16.0,0.0,10004.0,10004.0,-0.07999999999992724,-4.5,3.8013178017017726,-0.0759493670886076,15.140213961554265,-8.0,8.0,-8.0,8.0,1,1,,,,,0,0,,,,,0,0,q3,mid1,mid_low
-2,8000,ASH_COATED_OSMIUM,10006.0,6.0,9994.0,23.0,,,10013.0,15.0,10015.0,23.0,,,10009.5,0.0,prices_round_1_day_-2.csv,False,7.0,-0.42857142857142855,10008.0,10008.0,4.0,5.5,3.8294344811824423,-0.025,15.156232724098281,-2.0,5.0,-3.5,3.5,1,1,-14.0,7.0,-15.5,5.5,1,1,,,,,0,0,q3,tight,mid_low
-2,8100,ASH_COATED_OSMIUM,9997.0,15.0,9994.0,20.0,,,10013.0,15.0,,,,,10005.0,0.0,prices_round_1_day_-2.csv,False,16.0,0.0,10005.0,10005.0,-3.0,-4.5,3.849083250571608,-0.06172839506172839,15.076046790355695,-8.0,8.0,-8.0,8.0,1,1,-11.0,,-11.0,,1,0,,,,,0,0,q3,mid1,mid_low
-2,8200,ASH_COATED_OSMIUM,9994.0,30.0,,,,,10015.0,30.0,,,,,10004.5,0.0,prices_round_1_day_-2.csv,False,21.0,0.0,10004.5,10004.5,-0.5,-0.5,3.8306311948354446,-0.06707317073170732,14.892265219317775,-10.5,10.5,-10.5,10.5,1,1,,,,,0,0,,,,,0,0,q3,mid2,mid_low
-2,8300,ASH_COATED_OSMIUM,9997.0,14.0,9994.0,27.0,,,10015.0,27.0,,,,,10006.0,0.0,prices_round_1_day_-2.csv,False,18.0,-0.3170731707317073,10003.146341463415,10003.146341463415,-1.353658536585499,1.5,3.817290921715241,-0.08257419923596987,14.730595625267558,-6.146341463414501,11.853658536585499,-9.0,9.0,1,1,-9.146341463414501,,-12.0,,1,0,,,,,0,0,q3,mid2,mid_low
-2,8400,ASH_COATED_OSMIUM,9997.0,10.0,9994.0,25.0,,,10013.0,10.0,10015.0,25.0,,,10005.0,0.0,prices_round_1_day_-2.csv,False,16.0,0.0,10005.0,10005.0,1.853658536585499,-1.0,3.826450408475699,-0.05952380952380952,14.597749488675571,-8.0,8.0,-8.0,8.0,1,1,-11.0,10.0,-11.0,10.0,1,1,,,,,0,0,q3,mid1,mid_low
-2,8500,ASH_COATED_OSMIUM,9997.0,12.0,9995.0,23.0,,,10013.0,12.0,10016.0,23.0,,,10005.0,0.0,prices_round_1_day_-2.csv,False,16.0,0.0,10005.0,10005.0,0.0,0.0,3.800075620171813,-0.058823529411764705,14.424008440007531,-8.0,8.0,-8.0,8.0,1,1,-10.0,11.0,-10.0,11.0,1,1,,,,,0,0,q3,mid1,mid_low
-2,8600,ASH_COATED_OSMIUM,9995.0,27.0,,,,,10013.0,13.0,10016.0,27.0,,,10004.0,0.0,prices_round_1_day_-2.csv,False,18.0,0.35,10007.15,10007.15,2.149999999999636,-1.0,3.7858952222243842,-0.03313953488372516,14.311045634509075,-12.149999999999636,5.850000000000364,-9.0,9.0,1,1,,8.850000000000364,,12.0,0,1,,,,,0,0,q3,mid2,mid_low
-2,8700,ASH_COATED_OSMIUM,9997.0,10.0,9995.0,22.0,,,10013.0,10.0,10016.0,22.0,,,10005.0,0.0,prices_round_1_day_-2.csv,False,16.0,0.0,10005.0,10005.0,-2.149999999999636,1.0,3.7928048935045418,-0.05747126436781609,14.19614500332383,-8.0,8.0,-8.0,8.0,1,1,-10.0,11.0,-10.0,11.0,1,1,,,,,0,0,q3,mid1,mid_low
-2,8800,ASH_COATED_OSMIUM,9997.0,13.0,9995.0,20.0,,,10013.0,13.0,,,,,10005.0,0.0,prices_round_1_day_-2.csv,False,16.0,0.0,10005.0,10005.0,0.0,0.0,3.7757499026734993,-0.056818181818181816,14.033008456305717,-8.0,8.0,-8.0,8.0,1,1,-10.0,,-10.0,,1,0,,,,,0,0,q3,mid1,mid_low
-2,8900,ASH_COATED_OSMIUM,10003.0,2.0,9997.0,12.0,,,10013.0,12.0,10016.0,26.0,,,10008.0,0.0,prices_round_1_day_-2.csv,False,10.0,-0.7142857142857143,10004.42857142857,10004.42857142857,-0.571428571429351,3.0,3.776738127589768,-0.06260032102729608,13.876518000031611,-1.428571428570649,8.571428571429351,-5.0,5.0,1,1,-7.428571428570649,11.571428571429351,-11.0,8.0,1,1,,,,,0,0,q3,tight,mid_low
-2,9000,ASH_COATED_OSMIUM,9998.0,10.0,9995.0,29.0,,,10014.0,10.0,10016.0,29.0,,,10006.0,0.0,prices_round_1_day_-2.csv,False,16.0,0.0,10006.0,10006.0,1.571428571429351,-2.0,3.780600312488876,-0.044444444444444446,13.750269294351243,-8.0,8.0,-8.0,8.0,1,1,-11.0,10.0,-11.0,10.0,1,1,,,,,0,0,q3,mid1,mid_low
-2,9100,ASH_COATED_OSMIUM,9996.0,24.0,,,,,10017.0,24.0,,,,,10006.5,0.0,prices_round_1_day_-2.csv,False,21.0,0.0,10006.5,10006.5,0.5,0.5,3.7519551295584086,-0.038461538461538464,13.600745884338034,-10.5,10.5,-10.5,10.5,1,1,,,,,0,0,,,,,0,0,q3,mid2,mid_low
-2,9200,ASH_COATED_OSMIUM,9998.0,10.0,9996.0,28.0,,,10014.0,10.0,,,,,10006.0,0.0,prices_round_1_day_-2.csv,False,16.0,0.0,10006.0,10006.0,-0.5,-0.5,3.7311676714105095,-0.043478260869565216,13.453602548698465,-8.0,8.0,-8.0,8.0,1,1,-10.0,,-10.0,,1,0,,,,,0,0,q3,mid1,mid_low
-2,9300,ASH_COATED_OSMIUM,9998.0,11.0,9995.0,26.0,,,10014.0,11.0,10016.0,26.0,,,10006.0,0.0,prices_round_1_day_-2.csv,False,16.0,0.0,10006.0,10006.0,0.0,0.0,3.7246394084248164,-0.043010752688172046,13.307388064829194,-8.0,8.0,-8.0,8.0,1,1,-11.0,10.0,-11.0,10.0,1,1,,,,,0,0,q3,mid1,mid_low
-2,9400,ASH_COATED_OSMIUM,9996.0,25.0,,,,,10015.0,11.0,10017.0,25.0,,,10005.5,0.0,prices_round_1_day_-2.csv,False,19.0,0.3888888888888889,10009.194444444445,10009.194444444445,3.194444444445253,-0.5,3.747906135188935,-0.008569739952710076,13.275799106258678,-13.194444444445253,5.805555555554747,-9.5,9.5,1,1,,7.805555555554747,,11.5,0,1,,,,,0,0,q3,mid2,mid_low
-2,9500,ASH_COATED_OSMIUM,9999.0,12.0,9996.0,23.0,,,10015.0,12.0,10017.0,23.0,,,10007.0,0.0,prices_round_1_day_-2.csv,False,16.0,0.0,10007.0,10007.0,-2.194444444445253,1.5,3.740287038644184,-0.031578947368421054,13.184862445333373,-8.0,8.0,-8.0,8.0,1,1,-11.0,10.0,-11.0,10.0,1,1,,,,,0,0,q3,mid1,mid_low
-2,9600,ASH_COATED_OSMIUM,9999.0,10.0,9997.0,29.0,,,10015.0,10.0,10018.0,29.0,,,10007.0,0.0,prices_round_1_day_-2.csv,False,16.0,0.0,10007.0,10007.0,0.0,0.0,3.7181874340483474,-0.03125,13.046084807404656,-8.0,8.0,-8.0,8.0,1,1,-10.0,11.0,-10.0,11.0,1,1,,,,,0,0,q3,mid1,mid_low
-2,9700,ASH_COATED_OSMIUM,10000.0,13.0,9997.0,28.0,,,10016.0,13.0,10018.0,28.0,,,10008.0,0.0,prices_round_1_day_-2.csv,False,16.0,0.0,10008.0,10008.0,1.0,1.0,3.387481032226569,-0.020618556701030927,12.92115176656292,-8.0,8.0,-8.0,8.0,1,1,-11.0,10.0,-11.0,10.0,1,1,,,,,0,0,q3,mid1,mid_low
-2,9800,ASH_COATED_OSMIUM,10000.0,15.0,9997.0,23.0,,,10016.0,15.0,10018.0,23.0,,,10008.0,0.0,prices_round_1_day_-2.csv,False,16.0,0.0,10008.0,10008.0,0.0,0.0,3.222654795998291,-0.02040816326530612,12.787948354401152,-8.0,8.0,-8.0,8.0,1,1,-11.0,10.0,-11.0,10.0,1,1,,,,,0,0,q2,mid1,mid_low
-2,9900,ASH_COATED_OSMIUM,10000.0,14.0,9998.0,25.0,,,10016.0,14.0,10019.0,25.0,,,10008.0,0.0,prices_round_1_day_-2.csv,False,16.0,0.0,10008.0,10008.0,0.0,0.0,3.2210219484226887,-0.020202020202020204,12.657463292479983,-8.0,8.0,-8.0,8.0,1,1,-10.0,11.0,-10.0,11.0,1,1,,,,,0,0,q2,mid1,mid_low
-2,10000,ASH_COATED_OSMIUM,9997.0,30.0,,,,,10016.0,11.0,10018.0,30.0,,,10006.5,0.0,prices_round_1_day_-2.csv,False,19.0,0.4634146341463415,10010.90243902439,10010.90243902439,2.9024390243903326,-1.5,3.245975573550961,0.009024390243903327,12.615028434664838,-13.902439024390333,5.097560975609667,-9.5,9.5,1,1,,7.097560975609667,,11.5,0,1,,,,,0,0,q2,mid2,mid_low
-2,10100,ASH_COATED_OSMIUM,10000.0,10.0,,,,,10016.0,10.0,10019.0,25.0,,,10008.0,0.0,prices_round_1_day_-2.csv,False,16.0,0.0,10008.0,10008.0,-2.9024390243903326,1.5,3.2739617198197877,-0.019801980198019802,12.572805073236543,-8.0,8.0,-8.0,8.0,1,1,,11.0,,11.0,0,1,,,,,0,0,q2,mid1,mid_low
-2,10200,ASH_COATED_OSMIUM,10000.0,13.0,9998.0,29.0,,,10016.0,13.0,10019.0,29.0,,,10008.0,0.0,prices_round_1_day_-2.csv,False,16.0,0.0,10008.0,10008.0,0.0,0.0,3.263895823740828,-0.0196078431372549,12.448325698987881,-8.0,8.0,-8.0,8.0,1,1,-10.0,11.0,-10.0,11.0,1,1,,,,,0,0,q2,mid1,mid_low
-2,10300,ASH_COATED_OSMIUM,10001.0,13.0,9998.0,23.0,,,10017.0,13.0,10019.0,23.0,,,10009.0,0.0,prices_round_1_day_-2.csv,False,16.0,0.0,10009.0,10009.0,1.0,1.0,3.2421920668682103,-0.009708737864077669,12.336376495550848,-8.0,8.0,-8.0,8.0,1,1,-11.0,10.0,-11.0,10.0,1,1,,,,,0,0,q2,mid1,mid_low
-2,10400,ASH_COATED_OSMIUM,10007.0,5.0,10001.0,10.0,,,10017.0,10.0,10020.0,22.0,,,10012.0,0.0,prices_round_1_day_-2.csv,False,10.0,-0.3333333333333333,10010.333333333334,10010.333333333334,1.3333333333339397,3.0,3.229965123208608,0.0032051282051340354,12.233949715395742,-3.3333333333339397,6.66666666666606,-5.0,5.0,1,1,-9.33333333333394,9.66666666666606,-11.0,8.0,1,1,,,,,0,0,q2,tight,mid_low
-2,10500,ASH_COATED_OSMIUM,10002.0,10.0,9999.0,20.0,,,10018.0,10.0,10020.0,20.0,,,10010.0,0.0,prices_round_1_day_-2.csv,False,16.0,0.0,10010.0,10010.0,-0.33333333333393966,-2.0,3.2087839668494187,0.0,12.11739423243213,-8.0,8.0,-8.0,8.0,1,1,-11.0,10.0,-11.0,10.0,1,1,,,,,0,0,q2,mid1,mid_low
-2,10600,ASH_COATED_OSMIUM,10001.0,13.0,9999.0,29.0,,,10020.0,29.0,,,,,10010.5,0.0,prices_round_1_day_-2.csv,False,19.0,-0.38095238095238093,10006.880952380952,10006.880952380952,-3.1190476190477057,0.5,3.025736504387397,-0.029424977538185904,12.093768383968548,-5.880952380952294,13.119047619047706,-9.5,9.5,1,1,-7.880952380952294,,-11.5,,1,0,,,,,0,0,q2,mid2,mid_low
-2,10700,ASH_COATED_OSMIUM,9998.0,29.0,,,,,10016.0,14.0,10019.0,29.0,,,10007.0,0.0,prices_round_1_day_-2.csv,False,18.0,0.3488372093023256,10010.139534883721,10010.139534883721,3.258582502769059,-3.5,2.8458038316198753,0.001304064333844423,12.080713548940718,-12.139534883721353,5.860465116278647,-9.0,9.0,1,1,,8.860465116278647,,12.0,0,1,,,,,0,0,q2,mid2,mid_low
-2,10800,ASH_COATED_OSMIUM,10000.0,11.0,9998.0,22.0,,,10016.0,11.0,10019.0,22.0,,,10008.0,0.0,prices_round_1_day_-2.csv,False,16.0,0.0,10008.0,10008.0,-2.1395348837213533,1.0,2.863347228672882,-0.018518518518518517,12.010246641418735,-8.0,8.0,-8.0,8.0,1,1,-10.0,11.0,-10.0,11.0,1,1,,,,,0,0,q2,mid1,mid_low
-2,10900,ASH_COATED_OSMIUM,10001.0,15.0,9998.0,21.0,,,10019.0,21.0,,,,,10010.0,0.0,prices_round_1_day_-2.csv,False,18.0,-0.16666666666666666,10008.5,10008.5,0.5,2.0,2.8519021964971705,-0.013761467889908258,11.901507272842657,-7.5,10.5,-9.0,9.0,1,1,-10.5,,-12.0,,1,0,,,,,0,0,q2,mid2,mid_low
-2,11000,ASH_COATED_OSMIUM,10001.0,13.0,9998.0,27.0,,,10017.0,13.0,10019.0,27.0,,,10009.0,0.0,prices_round_1_day_-2.csv,False,16.0,0.0,10009.0,10009.0,0.5,-1.0,2.835114573034381,-0.00909090909090909,11.794718685869274,-8.0,8.0,-8.0,8.0,1,1,-11.0,10.0,-11.0,10.0,1,1,,,,,0,0,q2,mid1,mid_low
-2,11100,ASH_COATED_OSMIUM,10001.0,11.0,,,,,10017.0,11.0,10019.0,29.0,,,10009.0,0.0,prices_round_1_day_-2.csv,False,16.0,0.0,10009.0,10009.0,0.0,0.0,2.8339305962022685,-0.009009009009009009,11.687494715089388,-8.0,8.0,-8.0,8.0,1,1,,10.0,,10.0,0,1,,,,,0,0,q2,mid1,mid_low
-2,11200,ASH_COATED_OSMIUM,10001.0,10.0,9998.0,20.0,,,10017.0,10.0,10019.0,20.0,,,10009.0,0.0,prices_round_1_day_-2.csv,False,16.0,0.0,10009.0,10009.0,0.0,0.0,2.8339305962022685,-0.008928571428571428,11.582202694571288,-8.0,8.0,-8.0,8.0,1,1,-11.0,10.0,-11.0,10.0,1,1,,,,,0,0,q2,mid1,mid_low
-2,11300,ASH_COATED_OSMIUM,10000.0,12.0,9998.0,21.0,,,10016.0,12.0,10019.0,21.0,,,10008.0,0.0,prices_round_1_day_-2.csv,False,16.0,0.0,10008.0,10008.0,-1.0,-1.0,2.8339305962022685,-0.017699115044247787,11.487482405703153,-8.0,8.0,-8.0,8.0,1,1,-10.0,11.0,-10.0,11.0,1,1,,,,,0,0,q2,mid1,mid_low
-2,11400,ASH_COATED_OSMIUM,10000.0,12.0,9998.0,30.0,,,10016.0,12.0,10019.0,30.0,,,10008.0,0.0,prices_round_1_day_-2.csv,False,16.0,0.0,10008.0,10008.0,0.0,0.0,2.8339305962022685,-0.017543859649122806,11.385826017252597,-8.0,8.0,-8.0,8.0,1,1,-10.0,11.0,-10.0,11.0,1,1,,,,,0,0,q2,mid1,mid_low
-2,11500,ASH_COATED_OSMIUM,10001.0,13.0,9998.0,24.0,,,10019.0,24.0,,,,,10010.0,0.0,prices_round_1_day_-2.csv,False,18.0,-0.2972972972972973,10007.324324324325,10007.324324324325,-0.6756756756749382,2.0,2.3439012518910523,-0.02326674500586903,11.289716763367336,-6.324324324325062,11.675675675674938,-9.0,9.0,1,1,-9.324324324325062,,-12.0,,1,0,,,,,0,0,q1,mid2,mid_low
-2,11600,ASH_COATED_OSMIUM,10006.0,5.0,,,,,10017.0,12.0,10019.0,30.0,,,10011.5,0.0,prices_round_1_day_-2.csv,False,11.0,-0.4117647058823529,10009.235294117647,10009.235294117647,1.910969793321783,1.5,1.7808914625064953,-0.006592292089251338,11.223797649339044,-3.235294117646845,7.764705882353155,-5.5,5.5,1,1,,9.764705882353155,,7.5,0,1,,,,,0,0,q1,tight,mid_low
-2,11700,ASH_COATED_OSMIUM,,,,,,,10016.0,13.0,,,,,10016.0,0.0,prices_round_1_day_-2.csv,True,,-1.0,,10016.0,6.764705882353155,4.5,2.014420245886867,0.05128205128205128,11.518925208668792,,0.0,,0.0,0,1,,,,,0,0,,,,,0,0,q1,mid1,mid_high
-2,11800,ASH_COATED_OSMIUM,10000.0,10.0,9998.0,29.0,,,10016.0,10.0,10019.0,29.0,,,10008.0,0.0,prices_round_1_day_-2.csv,False,16.0,0.0,10008.0,10008.0,-8.0,-8.0,2.327285172465481,-0.01694915254237288,11.969821523146901,-8.0,8.0,-8.0,8.0,1,1,-10.0,11.0,-10.0,11.0,1,1,,,,,0,0,q1,mid1,mid_low
-2,11900,ASH_COATED_OSMIUM,10000.0,14.0,9998.0,22.0,,,10016.0,14.0,10019.0,22.0,,,10008.0,0.0,prices_round_1_day_-2.csv,False,16.0,0.0,10008.0,10008.0,0.0,0.0,2.2852192382429184,-0.01680672268907563,11.868384771761814,-8.0,8.0,-8.0,8.0,1,1,-10.0,11.0,-10.0,11.0,1,1,,,,,0,0,q1,mid1,mid_low
-2,12000,ASH_COATED_OSMIUM,9997.0,28.0,,,,,10016.0,13.0,10018.0,28.0,,,10006.5,0.0,prices_round_1_day_-2.csv,False,19.0,0.36585365853658536,10009.975609756097,10009.975609756097,1.9756097560966737,-1.5,2.2852192382429184,-0.00020325203252771946,11.80173147448983,-12.975609756096674,6.024390243903326,-9.5,9.5,1,1,,8.024390243903326,,11.5,0,1,,,,,0,0,q1,mid2,mid_low
-2,12100,ASH_COATED_OSMIUM,9998.0,21.0,,,,,10019.0,21.0,,,,,10008.5,0.0,prices_round_1_day_-2.csv,False,21.0,0.0,10008.5,10008.5,-1.4756097560966737,2.0,2.296557886412888,-0.012396694214876033,11.721373996105182,-10.5,10.5,-10.5,10.5,1,1,,,,,0,0,,,,,0,0,q1,mid2,mid_low
-2,12200,ASH_COATED_OSMIUM,10000.0,13.0,,,,,10016.0,13.0,10019.0,23.0,,,10008.0,0.0,prices_round_1_day_-2.csv,False,16.0,0.0,10008.0,10008.0,-0.5,-0.5,2.275094876499389,-0.01639344262295082,11.626451964369409,-8.0,8.0,-8.0,8.0,1,1,,11.0,,11.0,0,1,,,,,0,0,q1,mid1,mid_low
-2,12300,ASH_COATED_OSMIUM,10000.0,11.0,,,,,10016.0,11.0,,,,,10008.0,0.0,prices_round_1_day_-2.csv,False,16.0,0.0,10008.0,10008.0,0.0,0.0,2.2660976443676124,-0.016260162601626018,11.5311553626946,-8.0,8.0,-8.0,8.0,1,1,,,,,0,0,,,,,0,0,q1,mid1,mid_low
-2,12400,ASH_COATED_OSMIUM,10006.0,2.0,10000.0,15.0,9998.0,25.0,10016.0,15.0,10019.0,25.0,,,10011.0,0.0,prices_round_1_day_-2.csv,False,10.0,-0.7647058823529411,10007.176470588236,10007.176470588236,-0.8235294117639569,3.0,2.269680951869557,-0.022770398481967394,11.44266164533458,-1.1764705882360431,8.823529411763957,-5.0,5.0,1,1,-7.176470588236043,11.823529411763957,-11.0,8.0,1,1,-9.176470588236043,,-13.0,,1,0,q1,tight,mid_low
-2,12500,ASH_COATED_OSMIUM,10000.0,13.0,9998.0,28.0,,,10019.0,28.0,,,,,10009.5,0.0,prices_round_1_day_-2.csv,False,19.0,-0.36585365853658536,10006.024390243903,10006.024390243903,-1.1520803443327168,-1.5,2.2719641347998096,-0.03180487804877339,11.360584843567098,-6.024390243903326,12.975609756096674,-9.5,9.5,1,1,-8.024390243903326,,-11.5,,1,0,,,,,0,0,q1,mid2,mid_low
-2,12600,ASH_COATED_OSMIUM,10000.0,15.0,,,,,10019.0,26.0,,,,,10009.5,0.0,prices_round_1_day_-2.csv,False,19.0,-0.2682926829268293,10006.951219512195,10006.951219512195,0.92682926829184,0.0,2.250590041906933,-0.0241966705381336,11.276993652330706,-6.951219512195166,12.048780487804834,-9.5,9.5,1,1,,,,,0,0,,,,,0,0,q1,mid2,mid_low
-2,12700,ASH_COATED_OSMIUM,10000.0,13.0,9998.0,22.0,,,10016.0,13.0,10019.0,22.0,,,10008.0,0.0,prices_round_1_day_-2.csv,False,16.0,0.0,10008.0,10008.0,1.0487804878048337,-1.5,2.1909988970934964,-0.015748031496062992,11.196558899420259,-8.0,8.0,-8.0,8.0,1,1,-10.0,11.0,-10.0,11.0,1,1,,,,,0,0,q1,mid1,mid_low
-2,12800,ASH_COATED_OSMIUM,10001.0,14.0,9998.0,20.0,,,10017.0,14.0,10019.0,20.0,,,10009.0,0.0,prices_round_1_day_-2.csv,False,16.0,0.0,10009.0,10009.0,1.0,1.0,2.166195782256283,-0.0078125,11.116457518818462,-8.0,8.0,-8.0,8.0,1,1,-11.0,10.0,-11.0,10.0,1,1,,,,,0,0,q1,mid1,mid_low
-2,12900,ASH_COATED_OSMIUM,10001.0,10.0,9999.0,20.0,,,,,,,,,10001.0,0.0,prices_round_1_day_-2.csv,True,,1.0,,10001.0,-8.0,-8.0,2.4504290844007617,-0.06976744186046512,11.52476570635313,0.0,,0.0,,1,0,-2.0,,-2.0,,1,0,,,,,0,0,q1,mid1,mid_low
-2,13000,ASH_COATED_OSMIUM,10001.0,15.0,9998.0,30.0,,,10017.0,15.0,10019.0,30.0,,,10009.0,0.0,prices_round_1_day_-2.csv,False,16.0,0.0,10009.0,10009.0,8.0,8.0,2.6433803813553394,-0.007692307692307693,11.936358333970949,-8.0,8.0,-8.0,8.0,1,1,-11.0,10.0,-11.0,10.0,1,1,,,,,0,0,q1,mid1,mid_low
-2,13100,ASH_COATED_OSMIUM,10006.0,2.0,,,,,10017.0,10.0,10019.0,21.0,,,10011.5,0.0,prices_round_1_day_-2.csv,False,11.0,-0.6666666666666666,10007.833333333334,10007.833333333334,-1.1666666666660603,2.5,2.6131773128126357,-0.01653944020355771,11.854793792671385,-1.8333333333339397,9.16666666666606,-5.5,5.5,1,1,,11.16666666666606,,7.5,0,1,,,,,0,0,q1,tight,mid_low
-2,13200,ASH_COATED_OSMIUM,10000.0,12.0,9998.0,22.0,,,10016.0,12.0,10019.0,22.0,,,10008.0,0.0,prices_round_1_day_-2.csv,False,16.0,0.0,10008.0,10008.0,0.16666666666606034,-3.5,2.6119795490771565,-0.015151515151515152,11.764553459912435,-8.0,8.0,-8.0,8.0,1,1,-10.0,11.0,-10.0,11.0,1,1,,,,,0,0,q1,mid1,mid_low
-2,13300,ASH_COATED_OSMIUM,10001.0,11.0,9998.0,27.0,,,10017.0,11.0,10019.0,27.0,,,10009.0,0.0,prices_round_1_day_-2.csv,False,16.0,0.0,10009.0,10009.0,1.0,1.0,2.6070028270658536,-0.007518796992481203,11.683176420316967,-8.0,8.0,-8.0,8.0,1,1,-11.0,10.0,-11.0,10.0,1,1,,,,,0,0,q1,mid1,mid_low
-2,13400,ASH_COATED_OSMIUM,10000.0,15.0,9998.0,27.0,,,10016.0,15.0,10019.0,27.0,,,10008.0,0.0,prices_round_1_day_-2.csv,False,16.0,0.0,10008.0,10008.0,-1.0,-1.0,2.599434709627291,-0.014925373134328358,11.602683876184688,-8.0,8.0,-8.0,8.0,1,1,-10.0,11.0,-10.0,11.0,1,1,,,,,0,0,q1,mid1,mid_low
-2,13500,ASH_COATED_OSMIUM,10001.0,14.0,9998.0,27.0,,,10017.0,14.0,,,,,10009.0,0.0,prices_round_1_day_-2.csv,False,16.0,0.0,10009.0,10009.0,1.0,1.0,2.6028084505055844,-0.007407407407407408,11.523726857249438,-8.0,8.0,-8.0,8.0,1,1,-11.0,,-11.0,,1,0,,,,,0,0,q1,mid1,mid_low
-2,13600,ASH_COATED_OSMIUM,10001.0,13.0,9999.0,24.0,,,10017.0,13.0,10020.0,24.0,,,10009.0,0.0,prices_round_1_day_-2.csv,False,16.0,0.0,10009.0,10009.0,0.0,0.0,2.5856157426808073,-0.007352941176470588,11.438366321019672,-8.0,8.0,-8.0,8.0,1,1,-10.0,11.0,-10.0,11.0,1,1,,,,,0,0,q1,mid1,mid_low
-2,13700,ASH_COATED_OSMIUM,10001.0,14.0,9998.0,20.0,,,10017.0,14.0,10019.0,20.0,,,10009.0,0.0,prices_round_1_day_-2.csv,False,16.0,0.0,10009.0,10009.0,0.0,0.0,2.5663083136356764,-0.0072992700729927005,11.354261080946756,-8.0,8.0,-8.0,8.0,1,1,-11.0,10.0,-11.0,10.0,1,1,,,,,0,0,q1,mid1,mid_low
-2,13800,ASH_COATED_OSMIUM,9998.0,22.0,,,,,10017.0,13.0,10019.0,22.0,,,10007.5,0.0,prices_round_1_day_-2.csv,False,19.0,0.2571428571428571,10009.942857142858,10009.942857142858,0.9428571428579744,-1.5,2.5691709237166735,-0.00041407867494221455,11.277925271598772,-11.942857142857974,7.057142857142026,-9.5,9.5,1,1,,9.057142857142026,,11.5,0,1,,,,,0,0,q1,mid2,mid_low
-2,13900,ASH_COATED_OSMIUM,10001.0,14.0,9999.0,20.0,,,10017.0,14.0,10020.0,20.0,,,10009.0,0.0,prices_round_1_day_-2.csv,False,16.0,0.0,10009.0,10009.0,-0.9428571428579744,1.5,2.571684308945313,-0.007194244604316547,11.202591095781914,-8.0,8.0,-8.0,8.0,1,1,-10.0,11.0,-10.0,11.0,1,1,,,,,0,0,q1,mid1,mid_low
-2,14000,ASH_COATED_OSMIUM,10001.0,14.0,9999.0,25.0,,,10017.0,14.0,,,,,10009.0,0.0,prices_round_1_day_-2.csv,False,16.0,0.0,10009.0,10009.0,0.0,0.0,2.5628150199097286,-0.007142857142857143,11.12199728493069,-8.0,8.0,-8.0,8.0,1,1,-10.0,,-10.0,,1,0,,,,,0,0,q1,mid1,mid_low
-2,14100,ASH_COATED_OSMIUM,10002.0,12.0,9999.0,25.0,,,10020.0,25.0,,,,,10011.0,0.0,prices_round_1_day_-2.csv,False,18.0,-0.35135135135135137,10007.837837837838,10007.837837837838,-1.1621621621616214,2.0,2.5677666194138413,-0.015334483419585968,11.052015933670305,-5.837837837838379,12.162162162161621,-9.0,9.0,1,1,-8.837837837838379,,-12.0,,1,0,,,,,0,0,q1,mid2,mid_low
-2,14200,ASH_COATED_OSMIUM,10001.0,10.0,9999.0,23.0,,,10017.0,10.0,,,,,10009.0,0.0,prices_round_1_day_-2.csv,False,16.0,0.0,10009.0,10009.0,1.1621621621616214,-2.0,2.571564529222417,-0.007042253521126761,10.983396914831971,-8.0,8.0,-8.0,8.0,1,1,-10.0,,-10.0,,1,0,,,,,0,0,q1,mid1,mid_low
-2,14300,ASH_COATED_OSMIUM,10001.0,14.0,9999.0,23.0,,,10017.0,14.0,,,,,10009.0,0.0,prices_round_1_day_-2.csv,False,16.0,0.0,10009.0,10009.0,0.0,0.0,2.571564529222417,-0.006993006993006993,10.906049396041098,-8.0,8.0,-8.0,8.0,1,1,-10.0,,-10.0,,1,0,,,,,0,0,q1,mid1,mid_low
-2,14400,ASH_COATED_OSMIUM,10001.0,14.0,,,,,10017.0,14.0,,,,,10009.0,0.0,prices_round_1_day_-2.csv,False,16.0,0.0,10009.0,10009.0,0.0,0.0,2.5314714233244358,-0.006944444444444444,10.829783655946745,-8.0,8.0,-8.0,8.0,1,1,,,,,0,0,,,,,0,0,q1,mid1,mid_low
-2,14500,ASH_COATED_OSMIUM,,,,,,,10017.0,14.0,10019.0,30.0,,,10017.0,0.0,prices_round_1_day_-2.csv,True,,-1.0,,10017.0,8.0,8.0,2.752342974228213,0.04827586206896552,11.196722751460737,,0.0,,0.0,0,1,,2.0,,2.0,0,1,,,,,0,0,q1,mid1,mid_high
-2,14600,ASH_COATED_OSMIUM,10001.0,15.0,9998.0,20.0,,,10019.0,20.0,,,,,10010.0,0.0,prices_round_1_day_-2.csv,False,18.0,-0.14285714285714285,10008.714285714286,10008.714285714286,-8.285714285713766,-7.0,3.0026807283222836,-0.008806262230916205,11.59522583539418,-7.714285714286234,10.285714285713766,-9.0,9.0,1,1,-10.714285714286234,,-12.0,,1,0,,,,,0,0,q2,mid2,mid_low
-2,14700,ASH_COATED_OSMIUM,10000.0,15.0,9997.0,20.0,,,,,,,,,10000.0,0.0,prices_round_1_day_-2.csv,True,,1.0,,10000.0,-8.714285714286234,-10.0,3.2435368616652487,-0.06802721088435375,12.031353231990957,0.0,,0.0,,1,0,-3.0,,-3.0,,1,0,,,,,0,0,q2,mid1,low
-2,14800,ASH_COATED_OSMIUM,10000.0,13.0,9997.0,28.0,,,10016.0,13.0,10018.0,28.0,,,10008.0,0.0,prices_round_1_day_-2.csv,False,16.0,0.0,10008.0,10008.0,8.0,8.0,3.442786120417653,-0.013513513513513514,12.38932528539113,-8.0,8.0,-8.0,8.0,1,1,-11.0,10.0,-11.0,10.0,1,1,,,,,0,0,q3,mid1,mid_low
-2,14900,ASH_COATED_OSMIUM,9997.0,29.0,,,,,10016.0,10.0,,,,,10006.5,0.0,prices_round_1_day_-2.csv,False,19.0,0.48717948717948717,10011.128205128205,10011.128205128205,3.1282051282050816,-1.5,3.471093432540099,0.007571846498020681,12.371857896672992,-14.128205128205082,4.871794871794918,-9.5,9.5,1,1,,,,,0,0,,,,,0,0,q3,mid2,mid_low
-2,15000,ASH_COATED_OSMIUM,10000.0,10.0,,,,,10016.0,10.0,10018.0,21.0,,,10008.0,0.0,prices_round_1_day_-2.csv,False,16.0,0.0,10008.0,10008.0,-3.1282051282050816,1.5,3.475173572491515,-0.013333333333333334,12.354379274906805,-8.0,8.0,-8.0,8.0,1,1,,10.0,,10.0,0,1,,,,,0,0,q3,mid1,mid_low
-2,15100,ASH_COATED_OSMIUM,10000.0,15.0,9997.0,29.0,,,10016.0,15.0,10018.0,29.0,,,10008.0,0.0,prices_round_1_day_-2.csv,False,16.0,0.0,10008.0,10008.0,0.0,0.0,3.4508474775245226,-0.013245033112582781,12.272017923743704,-8.0,8.0,-8.0,8.0,1,1,-11.0,10.0,-11.0,10.0,1,1,,,,,0,0,q3,mid1,mid_low
-2,15200,ASH_COATED_OSMIUM,9999.0,11.0,9997.0,28.0,,,10015.0,11.0,10018.0,28.0,,,10007.0,0.0,prices_round_1_day_-2.csv,False,16.0,0.0,10007.0,10007.0,-1.0,-1.0,3.453744100702506,-0.019736842105263157,12.197152106632219,-8.0,8.0,-8.0,8.0,1,1,-10.0,11.0,-10.0,11.0,1,1,,,,,0,0,q3,mid1,mid_low
-2,15300,ASH_COATED_OSMIUM,9996.0,26.0,,,,,10015.0,10.0,10017.0,26.0,,,10005.5,0.0,prices_round_1_day_-2.csv,False,19.0,0.4444444444444444,10009.722222222223,10009.722222222223,2.7222222222226264,-1.5,3.4726603607412914,-0.0018155410312246639,12.166047158802566,-13.722222222222626,5.277777777777374,-9.5,9.5,1,1,,7.277777777777374,,11.5,0,1,,,,,0,0,q3,mid2,mid_low
-2,15400,ASH_COATED_OSMIUM,9999.0,13.0,9997.0,22.0,,,10015.0,13.0,10018.0,22.0,,,10007.0,0.0,prices_round_1_day_-2.csv,False,16.0,0.0,10007.0,10007.0,-2.7222222222226264,1.5,3.488552869372811,-0.01948051948051948,12.134586436102381,-8.0,8.0,-8.0,8.0,1,1,-10.0,11.0,-10.0,11.0,1,1,,,,,0,0,q3,mid1,mid_low
-2,15500,ASH_COATED_OSMIUM,9999.0,14.0,9996.0,24.0,,,10015.0,14.0,10017.0,24.0,,,10007.0,0.0,prices_round_1_day_-2.csv,False,16.0,0.0,10007.0,10007.0,0.0,0.0,3.488351362279559,-0.01935483870967742,12.05579286861024,-8.0,8.0,-8.0,8.0,1,1,-11.0,10.0,-11.0,10.0,1,1,,,,,0,0,q3,mid1,mid_low
-2,15600,ASH_COATED_OSMIUM,9998.0,15.0,9996.0,25.0,,,10014.0,15.0,,,,,10006.0,0.0,prices_round_1_day_-2.csv,False,16.0,0.0,10006.0,10006.0,-1.0,-1.0,3.4632095132992884,-0.02564102564102564,11.98417807857769,-8.0,8.0,-8.0,8.0,1,1,-10.0,,-10.0,,1,0,,,,,0,0,q3,mid1,mid_low
-2,15700,ASH_COATED_OSMIUM,9998.0,11.0,9996.0,29.0,,,10014.0,11.0,10017.0,29.0,,,10006.0,0.0,prices_round_1_day_-2.csv,False,16.0,0.0,10006.0,10006.0,0.0,0.0,3.4308077026954718,-0.025477707006369428,11.90736061188513,-8.0,8.0,-8.0,8.0,1,1,-10.0,11.0,-10.0,11.0,1,1,,,,,0,0,q3,mid1,mid_low
-2,15800,ASH_COATED_OSMIUM,9998.0,10.0,,,,,10014.0,10.0,10017.0,20.0,,,10006.0,0.0,prices_round_1_day_-2.csv,False,16.0,0.0,10006.0,10006.0,0.0,0.0,3.4179500319166274,-0.02531645569620253,11.831521658976566,-8.0,8.0,-8.0,8.0,1,1,,11.0,,11.0,0,1,,,,,0,0,q3,mid1,mid_low
-2,15900,ASH_COATED_OSMIUM,9995.0,25.0,,,,,10014.0,12.0,10016.0,25.0,,,10004.5,0.0,prices_round_1_day_-2.csv,False,19.0,0.35135135135135137,10007.837837837838,10007.837837837838,1.8378378378383786,-1.5,3.427486784853356,-0.0135985041645385,11.778470962209681,-12.837837837838379,6.162162162161621,-9.5,9.5,1,1,,8.162162162161621,,11.5,0,1,,,,,0,0,q3,mid2,mid_low
-2,16000,ASH_COATED_OSMIUM,9999.0,10.0,9996.0,21.0,,,10017.0,21.0,,,,,10008.0,0.0,prices_round_1_day_-2.csv,False,18.0,-0.3548387096774194,10004.806451612903,10004.806451612903,-3.031386224934977,3.5,3.4529844294012384,-0.03245967741935374,11.761311545532799,-5.806451612903402,12.193548387096598,-9.0,9.0,1,1,-8.806451612903402,,-12.0,,1,0,,,,,0,0,q3,mid2,mid_low
-2,16100,ASH_COATED_OSMIUM,9998.0,14.0,,,,,10014.0,14.0,10017.0,25.0,,,10006.0,0.0,prices_round_1_day_-2.csv,False,16.0,0.0,10006.0,10006.0,1.1935483870965982,-2.0,3.4576984403883038,-0.024844720496894408,11.697139346971095,-8.0,8.0,-8.0,8.0,1,1,,11.0,,11.0,0,1,,,,,0,0,q3,mid1,mid_low
-2,16200,ASH_COATED_OSMIUM,9998.0,12.0,,,,,10014.0,12.0,10017.0,29.0,,,10006.0,0.0,prices_round_1_day_-2.csv,False,16.0,0.0,10006.0,10006.0,0.0,0.0,3.4576984403883038,-0.024691358024691357,11.62449011779667,-8.0,8.0,-8.0,8.0,1,1,,11.0,,11.0,0,1,,,,,0,0,q3,mid1,mid_low
-2,16300,ASH_COATED_OSMIUM,9998.0,13.0,9996.0,30.0,,,10014.0,13.0,10017.0,30.0,,,10006.0,0.0,prices_round_1_day_-2.csv,False,16.0,0.0,10006.0,10006.0,0.0,0.0,3.4550414118683057,-0.024539877300613498,11.552737746223212,-8.0,8.0,-8.0,8.0,1,1,-10.0,11.0,-10.0,11.0,1,1,,,,,0,0,q3,mid1,mid_low
-2,16400,ASH_COATED_OSMIUM,9996.0,27.0,,,,,10014.0,12.0,10017.0,27.0,,,10005.0,0.0,prices_round_1_day_-2.csv,False,18.0,0.38461538461538464,10008.461538461539,10008.461538461539,2.4615384615390212,-1.0,3.4731129304965314,-0.009380863039396212,11.519548551521565,-12.461538461539021,5.538461538460979,-9.0,9.0,1,1,,8.538461538460979,,12.0,0,1,,,,,0,0,q3,mid2,mid_low
-2,16500,ASH_COATED_OSMIUM,9998.0,12.0,9996.0,26.0,,,10014.0,12.0,10017.0,26.0,,,10006.0,0.0,prices_round_1_day_-2.csv,False,16.0,0.0,10006.0,10006.0,-2.4615384615390212,1.0,3.48944465380596,-0.024242424242424242,11.485750292046738,-8.0,8.0,-8.0,8.0,1,1,-10.0,11.0,-10.0,11.0,1,1,,,,,0,0,q3,mid1,mid_low
-2,16600,ASH_COATED_OSMIUM,9996.0,23.0,,,,,10017.0,23.0,,,,,10006.5,0.0,prices_round_1_day_-2.csv,False,21.0,0.0,10006.5,10006.5,0.5,0.5,3.4791466525745256,-0.02108433734939759,11.41779528734492,-10.5,10.5,-10.5,10.5,1,1,,,,,0,0,,,,,0,0,q3,mid2,mid_low
-2,16700,ASH_COATED_OSMIUM,9999.0,13.0,9996.0,24.0,,,10015.0,13.0,10017.0,24.0,,,10007.0,0.0,prices_round_1_day_-2.csv,False,16.0,0.0,10007.0,10007.0,0.5,0.5,3.338510608527747,-0.017964071856287425,11.350639309500396,-8.0,8.0,-8.0,8.0,1,1,-11.0,10.0,-11.0,10.0,1,1,,,,,0,0,q3,mid1,mid_low
-2,16800,ASH_COATED_OSMIUM,9999.0,11.0,,,,,10015.0,11.0,10017.0,21.0,,,10007.0,0.0,prices_round_1_day_-2.csv,False,16.0,0.0,10007.0,10007.0,0.0,0.0,3.1420031342277825,-0.017857142857142856,11.282673330323732,-8.0,8.0,-8.0,8.0,1,1,,10.0,,10.0,0,1,,,,,0,0,q2,mid1,mid_low
-2,16900,ASH_COATED_OSMIUM,9996.0,25.0,,,,,10015.0,12.0,10017.0,25.0,,,10005.5,0.0,prices_round_1_day_-2.csv,False,19.0,0.35135135135135137,10008.837837837838,10008.837837837838,1.8378378378383786,-1.5,3.1529727131148797,-0.006876699184388292,11.235890914709717,-12.837837837838379,6.162162162161621,-9.5,9.5,1,1,,8.162162162161621,,11.5,0,1,,,,,0,0,q2,mid2,mid_low
-2,17000,ASH_COATED_OSMIUM,9996.0,27.0,,,,,10014.0,10.0,10017.0,27.0,,,10005.0,0.0,prices_round_1_day_-2.csv,False,18.0,0.4594594594594595,10009.135135135135,10009.135135135135,0.29729729729660903,-0.5,3.1406026745832687,-0.005087440381558896,11.169950599085011,-13.135135135134988,4.864864864865012,-9.0,9.0,1,1,,7.864864864865012,,12.0,0,1,,,,,0,0,q2,mid2,mid_low
-2,17100,ASH_COATED_OSMIUM,9998.0,14.0,,,,,10014.0,14.0,10017.0,25.0,,,10006.0,0.0,prices_round_1_day_-2.csv,False,16.0,0.0,10006.0,10006.0,-3.1351351351349876,1.0,3.1650084596573254,-0.023391812865497075,11.161538566222948,-8.0,8.0,-8.0,8.0,1,1,,11.0,,11.0,0,1,,,,,0,0,q2,mid1,mid_low
-2,17200,ASH_COATED_OSMIUM,9998.0,14.0,9996.0,30.0,,,10017.0,30.0,,,,,10007.5,0.0,prices_round_1_day_-2.csv,False,19.0,-0.36363636363636365,10004.045454545454,10004.045454545454,-1.9545454545459506,1.5,3.1758949510793184,-0.03461945031712762,11.117948703817103,-6.045454545454049,12.95454545454595,-9.5,9.5,1,1,-8.04545454545405,,-11.5,,1,0,,,,,0,0,q2,mid2,mid_low
-2,17300,ASH_COATED_OSMIUM,9998.0,12.0,9996.0,24.0,,,10017.0,24.0,,,,,10007.5,0.0,prices_round_1_day_-2.csv,False,19.0,-0.3333333333333333,10004.333333333334,10004.333333333334,0.2878787878798903,0.0,3.1763021825121083,-0.032755298651248904,11.05391065279498,-6.33333333333394,12.66666666666606,-9.5,9.5,1,1,-8.33333333333394,,-11.5,,1,0,,,,,0,0,q2,mid2,mid_low
-2,17400,ASH_COATED_OSMIUM,9998.0,10.0,9995.0,26.0,,,10014.0,10.0,10017.0,26.0,,,10006.0,0.0,prices_round_1_day_-2.csv,False,16.0,0.0,10006.0,10006.0,1.6666666666660603,-1.5,3.183813226788679,-0.022988505747126436,11.006613117887559,-8.0,8.0,-8.0,8.0,1,1,-11.0,11.0,-11.0,11.0,1,1,,,,,0,0,q2,mid1,mid_low
-2,17500,ASH_COATED_OSMIUM,9998.0,11.0,,,,,10014.0,11.0,10016.0,21.0,,,10006.0,0.0,prices_round_1_day_-2.csv,False,16.0,0.0,10006.0,10006.0,0.0,0.0,3.1796452347805633,-0.022857142857142857,10.943359740494872,-8.0,8.0,-8.0,8.0,1,1,,10.0,,10.0,0,1,,,,,0,0,q2,mid1,mid_low
-2,17600,ASH_COATED_OSMIUM,,,,,,,10014.0,15.0,10017.0,29.0,,,10014.0,0.0,prices_round_1_day_-2.csv,True,,-1.0,,10014.0,8.0,8.0,3.373196692571188,0.022727272727272728,11.24654351043787,,0.0,,0.0,0,1,,3.0,,3.0,0,1,,,,,0,0,q3,mid1,mid_low
-2,17700,ASH_COATED_OSMIUM,9998.0,10.0,9996.0,26.0,,,10017.0,26.0,,,,,10007.5,0.0,prices_round_1_day_-2.csv,False,19.0,-0.4444444444444444,10003.277777777777,10003.277777777777,-10.722222222222626,-6.5,3.703165132021568,-0.0379786566227267,11.834924839947394,-5.277777777777374,13.722222222222626,-9.5,9.5,1,1,-7.277777777777374,,-11.5,,1,0,,,,,0,0,q3,mid2,mid_low
-2,17800,ASH_COATED_OSMIUM,9998.0,13.0,9996.0,29.0,,,10014.0,13.0,10017.0,29.0,,,10006.0,0.0,prices_round_1_day_-2.csv,False,16.0,0.0,10006.0,10006.0,2.7222222222226264,-1.5,3.721516722941364,-0.02247191011235955,11.810862593146748,-8.0,8.0,-8.0,8.0,1,1,-10.0,11.0,-10.0,11.0,1,1,,,,,0,0,q3,mid1,mid_low
-2,17900,ASH_COATED_OSMIUM,,,,,,,10014.0,14.0,10017.0,20.0,,,10014.0,0.0,prices_round_1_day_-2.csv,True,,-1.0,,10014.0,8.0,8.0,3.7127322279802577,0.0223463687150838,12.104062815463841,,0.0,,0.0,0,1,,3.0,,3.0,0,1,,,,,0,0,q3,mid1,mid_low
-2,18000,ASH_COATED_OSMIUM,9998.0,12.0,9996.0,29.0,,,10014.0,12.0,10017.0,29.0,,,10006.0,0.0,prices_round_1_day_-2.csv,False,16.0,0.0,10006.0,10006.0,-8.0,-8.0,3.721516722941364,-0.022222222222222223,12.393987026472264,-8.0,8.0,-8.0,8.0,1,1,-10.0,11.0,-10.0,11.0,1,1,,,,,0,0,q3,mid1,mid_low
-2,18100,ASH_COATED_OSMIUM,9998.0,11.0,9996.0,26.0,,,,,,,,,9998.0,0.0,prices_round_1_day_-2.csv,True,,1.0,,9998.0,-8.0,-8.0,3.8848729373739395,-0.06629834254143646,12.67676103620515,0.0,,0.0,,1,0,-2.0,,-2.0,,1,0,,,,,0,0,q3,mid1,low
-2,18200,ASH_COATED_OSMIUM,9999.0,15.0,9996.0,28.0,,,10015.0,15.0,,,,,10007.0,0.0,prices_round_1_day_-2.csv,False,16.0,0.0,10007.0,10007.0,9.0,9.0,4.09680253704304,-0.016483516483516484,13.05835975733687,-8.0,8.0,-8.0,8.0,1,1,-11.0,,-11.0,,1,0,,,,,0,0,q4,mid1,mid_low
-2,18300,ASH_COATED_OSMIUM,9999.0,14.0,9997.0,27.0,,,10018.0,27.0,,,,,10008.5,0.0,prices_round_1_day_-2.csv,False,19.0,-0.3170731707317073,10005.487804878048,10005.487804878048,-1.5121951219516632,1.5,4.099441933507917,-0.024656803945091055,12.998835408812058,-6.487804878048337,12.512195121951663,-9.5,9.5,1,1,-8.487804878048337,,-11.5,,1,0,,,,,0,0,q4,mid2,mid_low
-2,18400,ASH_COATED_OSMIUM,9999.0,11.0,9997.0,20.0,,,10018.0,20.0,,,,,10008.5,0.0,prices_round_1_day_-2.csv,False,19.0,-0.2903225806451613,10005.741935483871,10005.741935483871,0.2541306058228656,0.0,4.097473337172362,-0.023141654978960858,12.928225925787892,-6.7419354838712025,12.258064516128798,-9.5,9.5,1,1,-8.741935483871202,,-11.5,,1,0,,,,,0,0,q4,mid2,mid_low
-2,18500,ASH_COATED_OSMIUM,9999.0,15.0,9997.0,26.0,,,10015.0,15.0,10018.0,26.0,,,10007.0,0.0,prices_round_1_day_-2.csv,False,16.0,0.0,10007.0,10007.0,1.2580645161287975,-1.5,4.098978974725901,-0.016216216216216217,12.866836743245587,-8.0,8.0,-8.0,8.0,1,1,-10.0,11.0,-10.0,11.0,1,1,,,,,0,0,q4,mid1,mid_low
-2,18600,ASH_COATED_OSMIUM,9999.0,14.0,9997.0,30.0,,,10015.0,14.0,10018.0,30.0,,,10007.0,0.0,prices_round_1_day_-2.csv,False,16.0,0.0,10007.0,10007.0,0.0,0.0,4.098978974725901,-0.016129032258064516,12.797287688157095,-8.0,8.0,-8.0,8.0,1,1,-10.0,11.0,-10.0,11.0,1,1,,,,,0,0,q4,mid1,mid_low
-2,18700,ASH_COATED_OSMIUM,9999.0,11.0,9997.0,30.0,,,10015.0,11.0,10018.0,30.0,,,10007.0,0.0,prices_round_1_day_-2.csv,False,16.0,0.0,10007.0,10007.0,0.0,0.0,4.098978974725901,-0.016042780748663103,12.728486457331131,-8.0,8.0,-8.0,8.0,1,1,-10.0,11.0,-10.0,11.0,1,1,,,,,0,0,q4,mid1,mid_low
-2,18800,ASH_COATED_OSMIUM,9999.0,13.0,9996.0,24.0,,,10017.0,24.0,,,,,10008.0,0.0,prices_round_1_day_-2.csv,False,18.0,-0.2972972972972973,10005.324324324325,10005.324324324325,-1.6756756756749382,1.0,4.102891204587266,-0.02487061529614329,12.675070649438,-6.324324324325062,11.675675675674938,-9.0,9.0,1,1,-9.324324324325062,,-12.0,,1,0,,,,,0,0,q4,mid2,mid_low
-2,18900,ASH_COATED_OSMIUM,9999.0,10.0,9996.0,23.0,,,10015.0,10.0,10017.0,23.0,,,10007.0,0.0,prices_round_1_day_-2.csv,False,16.0,0.0,10007.0,10007.0,1.6756756756749382,-1.0,4.108521810457952,-0.015873015873015872,12.622950895203804,-8.0,8.0,-8.0,8.0,1,1,-11.0,10.0,-11.0,10.0,1,1,,,,,0,0,q4,mid1,mid_low
-2,19000,ASH_COATED_OSMIUM,9999.0,11.0,9996.0,23.0,,,10015.0,11.0,10017.0,23.0,,,10007.0,0.0,prices_round_1_day_-2.csv,False,16.0,0.0,10007.0,10007.0,0.0,0.0,4.108521810457952,-0.015789473684210527,12.55616412129567,-8.0,8.0,-8.0,8.0,1,1,-11.0,10.0,-11.0,10.0,1,1,,,,,0,0,q4,mid1,mid_low
-2,19100,ASH_COATED_OSMIUM,,,,,,,10015.0,11.0,10017.0,23.0,,,10015.0,0.0,prices_round_1_day_-2.csv,True,,-1.0,,10015.0,8.0,8.0,4.2590146164546026,0.02617801047120419,12.826481564703043,,0.0,,0.0,0,1,,2.0,,2.0,0,1,,,,,0,0,q4,mid1,mid_high
-2,19200,ASH_COATED_OSMIUM,9999.0,14.0,,,,,10015.0,14.0,10017.0,24.0,,,10007.0,0.0,prices_round_1_day_-2.csv,False,16.0,0.0,10007.0,10007.0,-8.0,-8.0,4.40874914025001,-0.015625,13.094845614376617,-8.0,8.0,-8.0,8.0,1,1,,10.0,,10.0,0,1,,,,,0,0,q4,mid1,mid_low
-2,19300,ASH_COATED_OSMIUM,9999.0,10.0,9997.0,29.0,,,10015.0,10.0,10018.0,29.0,,,10007.0,0.0,prices_round_1_day_-2.csv,False,16.0,0.0,10007.0,10007.0,0.0,0.0,4.40874914025001,-0.015544041450777202,13.026644558445737,-8.0,8.0,-8.0,8.0,1,1,-10.0,11.0,-10.0,11.0,1,1,,,,,0,0,q4,mid1,mid_low
-2,19400,ASH_COATED_OSMIUM,10000.0,13.0,9997.0,22.0,,,10016.0,13.0,10018.0,22.0,,,10008.0,0.0,prices_round_1_day_-2.csv,False,16.0,0.0,10008.0,10008.0,1.0,1.0,4.411201835635775,-0.010309278350515464,12.964465123260272,-8.0,8.0,-8.0,8.0,1,1,-11.0,10.0,-11.0,10.0,1,1,,,,,0,0,q4,mid1,mid_low
-2,19500,ASH_COATED_OSMIUM,,,,,,,10016.0,14.0,10019.0,29.0,,,10016.0,0.0,prices_round_1_day_-2.csv,True,,-1.0,,10016.0,8.0,8.0,4.411201835635775,0.03076923076923077,13.226689546192363,,0.0,,0.0,0,1,,3.0,,3.0,0,1,,,,,0,0,q4,mid1,mid_high
-2,19600,ASH_COATED_OSMIUM,9997.0,21.0,,,,,10016.0,10.0,10018.0,21.0,,,10006.5,0.0,prices_round_1_day_-2.csv,False,19.0,0.3548387096774194,10009.870967741936,10009.870967741936,-6.129032258064399,-9.5,4.338676552258473,-0.0006583278472673407,13.352447891388714,-12.870967741935601,6.129032258064399,-9.5,9.5,1,1,,8.129032258064399,,11.5,0,1,,,,,0,0,q4,mid2,mid_low
-2,19700,ASH_COATED_OSMIUM,9999.0,15.0,9996.0,25.0,,,10015.0,15.0,,,,,10007.0,0.0,prices_round_1_day_-2.csv,False,16.0,0.0,10007.0,10007.0,-2.8709677419356012,0.5,4.174099036507428,-0.015228426395939087,13.326143848277423,-8.0,8.0,-8.0,8.0,1,1,-11.0,,-11.0,,1,0,,,,,0,0,q4,mid1,mid_low
-2,19800,ASH_COATED_OSMIUM,9998.0,15.0,9995.0,23.0,,,10014.0,15.0,10016.0,23.0,,,10006.0,0.0,prices_round_1_day_-2.csv,False,16.0,0.0,10006.0,10006.0,-1.0,-1.0,4.019422325135383,-0.020202020202020204,13.263396301831241,-8.0,8.0,-8.0,8.0,1,1,-11.0,10.0,-11.0,10.0,1,1,,,,,0,0,q3,mid1,mid_low
-2,19900,ASH_COATED_OSMIUM,9997.0,12.0,9995.0,24.0,,,10016.0,24.0,,,,,10006.5,0.0,prices_round_1_day_-2.csv,False,19.0,-0.3333333333333333,10003.333333333334,10003.333333333334,-2.6666666666660603,0.5,4.009738855619691,-0.033500837520934974,13.231604301696285,-6.33333333333394,12.66666666666606,-9.5,9.5,1,1,-8.33333333333394,,-11.5,,1,0,,,,,0,0,q3,mid2,mid_low
-2,20000,ASH_COATED_OSMIUM,9995.0,28.0,,,,,10013.0,15.0,,,,,10004.0,0.0,prices_round_1_day_-2.csv,False,18.0,0.3023255813953488,10006.720930232557,10006.720930232557,3.387596899223354,-2.5,4.017042531736243,-0.01639534883721353,13.223633376440198,-11.720930232557293,6.2790697674427065,-9.0,9.0,1,1,,,,,0,0,,,,,0,0,q3,mid2,mid_low
-2,20100,ASH_COATED_OSMIUM,9998.0,15.0,,,,,10014.0,15.0,10017.0,30.0,,,10006.0,0.0,prices_round_1_day_-2.csv,False,16.0,0.0,10006.0,10006.0,-0.7209302325572935,2.0,4.018242496254903,-0.01990049751243781,13.159984709072317,-8.0,8.0,-8.0,8.0,1,1,,11.0,,11.0,0,1,,,,,0,0,q3,mid1,mid_low
-2,20200,ASH_COATED_OSMIUM,9998.0,12.0,9995.0,27.0,,,10014.0,12.0,10016.0,27.0,,,10006.0,0.0,prices_round_1_day_-2.csv,False,16.0,0.0,10006.0,10006.0,0.0,0.0,4.015854714159795,-0.019801980198019802,13.094514108874234,-8.0,8.0,-8.0,8.0,1,1,-11.0,10.0,-11.0,10.0,1,1,,,,,0,0,q3,mid1,mid_low
-2,20300,ASH_COATED_OSMIUM,9998.0,13.0,9995.0,24.0,,,10014.0,13.0,,,,,10006.0,0.0,prices_round_1_day_-2.csv,False,16.0,0.0,10006.0,10006.0,0.0,0.0,3.996324261588131,-0.019704433497536946,13.02969171322041,-8.0,8.0,-8.0,8.0,1,1,-11.0,,-11.0,,1,0,,,,,0,0,q3,mid1,mid_low
-2,20400,ASH_COATED_OSMIUM,9998.0,12.0,9995.0,25.0,,,10016.0,25.0,,,,,10007.0,0.0,prices_round_1_day_-2.csv,False,18.0,-0.35135135135135137,10003.837837837838,10003.837837837838,-2.1621621621616214,1.0,3.989530526692345,-0.030206677265498146,12.988006653085252,-5.837837837838379,12.162162162161621,-9.0,9.0,1,1,-8.837837837838379,,-12.0,,1,0,,,,,0,0,q3,mid2,mid_low
-2,20500,ASH_COATED_OSMIUM,9998.0,10.0,9995.0,24.0,,,10014.0,10.0,,,,,10006.0,0.0,prices_round_1_day_-2.csv,False,16.0,0.0,10006.0,10006.0,2.1621621621616214,-1.0,4.0019287899542615,-0.01951219512195122,12.947786203210745,-8.0,8.0,-8.0,8.0,1,1,-11.0,,-11.0,,1,0,,,,,0,0,q3,mid1,mid_low
-2,20600,ASH_COATED_OSMIUM,9998.0,10.0,,,,,10014.0,10.0,,,,,10006.0,0.0,prices_round_1_day_-2.csv,False,16.0,0.0,10006.0,10006.0,0.0,0.0,3.9994292142585524,-0.019417475728155338,12.88462811869545,-8.0,8.0,-8.0,8.0,1,1,,,,,0,0,,,,,0,0,q3,mid1,mid_low
-2,20700,ASH_COATED_OSMIUM,9998.0,15.0,9996.0,22.0,,,10014.0,15.0,10017.0,22.0,,,10006.0,0.0,prices_round_1_day_-2.csv,False,16.0,0.0,10006.0,10006.0,0.0,0.0,3.9994292142585524,-0.01932367149758454,12.82208320169655,-8.0,8.0,-8.0,8.0,1,1,-10.0,11.0,-10.0,11.0,1,1,,,,,0,0,q3,mid1,mid_low
-2,20800,ASH_COATED_OSMIUM,9998.0,13.0,,,,,10014.0,13.0,10017.0,21.0,,,10006.0,0.0,prices_round_1_day_-2.csv,False,16.0,0.0,10006.0,10006.0,0.0,0.0,3.9994292142585524,-0.019230769230769232,12.760142565983365,-8.0,8.0,-8.0,8.0,1,1,,11.0,,11.0,0,1,,,,,0,0,q3,mid1,mid_low
-2,20900,ASH_COATED_OSMIUM,9998.0,13.0,9996.0,28.0,,,10014.0,13.0,10017.0,28.0,,,10006.0,0.0,prices_round_1_day_-2.csv,False,16.0,0.0,10006.0,10006.0,0.0,0.0,3.990629501456417,-0.019138755980861243,12.698797496209405,-8.0,8.0,-8.0,8.0,1,1,-10.0,11.0,-10.0,11.0,1,1,,,,,0,0,q3,mid1,mid_low
-2,21000,ASH_COATED_OSMIUM,9998.0,12.0,9996.0,28.0,,,10014.0,12.0,10017.0,28.0,,,10006.0,0.0,prices_round_1_day_-2.csv,False,16.0,0.0,10006.0,10006.0,0.0,0.0,3.9671632450615872,-0.01904761904761905,12.63803944382435,-8.0,8.0,-8.0,8.0,1,1,-10.0,11.0,-10.0,11.0,1,1,,,,,0,0,q3,mid1,mid_low
-2,21100,ASH_COATED_OSMIUM,9999.0,15.0,9996.0,22.0,,,10015.0,15.0,10017.0,22.0,,,10007.0,0.0,prices_round_1_day_-2.csv,False,16.0,0.0,10007.0,10007.0,1.0,1.0,3.9660929209892153,-0.014218009478672985,12.582779905747827,-8.0,8.0,-8.0,8.0,1,1,-11.0,10.0,-11.0,10.0,1,1,,,,,0,0,q3,mid1,mid_low
-2,21200,ASH_COATED_OSMIUM,9997.0,27.0,,,,,10015.0,14.0,10018.0,27.0,,,10006.0,0.0,prices_round_1_day_-2.csv,False,18.0,0.3170731707317073,10008.853658536585,10008.853658536585,1.853658536585499,-1.0,3.974556688070228,-0.005407271053841986,12.53960324941575,-11.853658536585499,6.146341463414501,-9.0,9.0,1,1,,9.146341463414501,,12.0,0,1,,,,,0,0,q3,mid2,mid_low
-2,21300,ASH_COATED_OSMIUM,10000.0,15.0,,,,,10016.0,15.0,10018.0,27.0,,,10008.0,0.0,prices_round_1_day_-2.csv,False,16.0,0.0,10008.0,10008.0,-0.853658536585499,2.0,3.9766398047655893,-0.009389671361502348,12.48383225358537,-8.0,8.0,-8.0,8.0,1,1,,10.0,,10.0,0,1,,,,,0,0,q3,mid1,mid_low
-2,21400,ASH_COATED_OSMIUM,9996.0,21.0,,,,,10008.0,2.0,10017.0,21.0,,,10002.0,0.0,prices_round_1_day_-2.csv,False,12.0,0.8260869565217391,10006.95652173913,10006.95652173913,-1.0434782608699606,-6.0,3.96395472616199,-0.01422186103210262,12.430219624689432,-10.95652173913004,1.0434782608699606,-6.0,6.0,1,1,,10.04347826086996,,15.0,0,1,,,,,0,0,q3,tight,mid_low
-2,21500,ASH_COATED_OSMIUM,9999.0,15.0,,,,,10015.0,15.0,,,,,10007.0,0.0,prices_round_1_day_-2.csv,False,16.0,0.0,10007.0,10007.0,0.04347826086996065,5.0,3.9483965661877143,-0.013953488372093023,12.372149971391503,-8.0,8.0,-8.0,8.0,1,1,,,,,0,0,,,,,0,0,q3,mid1,mid_low
-2,21600,ASH_COATED_OSMIUM,9996.0,23.0,,,,,10015.0,10.0,10017.0,23.0,,,10005.5,0.0,prices_round_1_day_-2.csv,False,19.0,0.3939393939393939,10009.242424242424,10009.242424242424,2.242424242424022,-1.5,3.9603905842700438,-0.0035072951739628616,12.338175645507489,-13.242424242424022,5.757575757575978,-9.5,9.5,1,1,,7.757575757575978,,11.5,0,1,,,,,0,0,q3,mid2,mid_low
-2,21700,ASH_COATED_OSMIUM,9999.0,13.0,9996.0,22.0,,,,,,,,,9999.0,0.0,prices_round_1_day_-2.csv,True,,1.0,,9999.0,-10.242424242424022,-6.5,4.218708714313649,-0.05069124423963134,12.76416699769013,0.0,,0.0,,1,0,-3.0,,-3.0,,1,0,,,,,0,0,q4,mid1,low
-2,21800,ASH_COATED_OSMIUM,9999.0,11.0,9996.0,25.0,,,10004.0,8.0,10015.0,11.0,,,10001.5,0.0,prices_round_1_day_-2.csv,False,5.0,0.15789473684210525,10001.894736842105,10001.894736842105,2.894736842104976,2.5,4.240754372490056,-0.037180106228876256,12.745142036993181,-2.894736842104976,2.105263157895024,-2.5,2.5,1,1,-5.894736842104976,13.105263157895024,-5.5,13.5,1,1,,,,,0,0,q4,tight,mid_low
-2,21900,ASH_COATED_OSMIUM,9999.0,12.0,9996.0,21.0,,,10015.0,12.0,10017.0,21.0,,,10007.0,0.0,prices_round_1_day_-2.csv,False,16.0,0.0,10007.0,10007.0,5.105263157895024,5.5,4.296072411350828,-0.0136986301369863,12.807430241255473,-8.0,8.0,-8.0,8.0,1,1,-11.0,10.0,-11.0,10.0,1,1,,,,,0,0,q4,mid1,mid_low
-2,22000,ASH_COATED_OSMIUM,9998.0,12.0,9996.0,24.0,,,10014.0,12.0,10017.0,24.0,,,10006.0,0.0,prices_round_1_day_-2.csv,False,16.0,0.0,10006.0,10006.0,-1.0,-1.0,4.297930816443948,-0.01818181818181818,12.753370599138707,-8.0,8.0,-8.0,8.0,1,1,-10.0,11.0,-10.0,11.0,1,1,,,,,0,0,q4,mid1,mid_low
-2,22100,ASH_COATED_OSMIUM,9998.0,14.0,9996.0,25.0,,,10014.0,14.0,10017.0,25.0,,,10006.0,0.0,prices_round_1_day_-2.csv,False,16.0,0.0,10006.0,10006.0,0.0,0.0,4.275000334108453,-0.01809954751131222,12.695402228609359,-8.0,8.0,-8.0,8.0,1,1,-10.0,11.0,-10.0,11.0,1,1,,,,,0,0,q4,mid1,mid_low
-2,22200,ASH_COATED_OSMIUM,9998.0,15.0,9995.0,25.0,,,10014.0,15.0,10016.0,25.0,,,10006.0,0.0,prices_round_1_day_-2.csv,False,16.0,0.0,10006.0,10006.0,0.0,0.0,4.265689197328811,-0.018018018018018018,12.637958445303312,-8.0,8.0,-8.0,8.0,1,1,-11.0,10.0,-11.0,10.0,1,1,,,,,0,0,q4,mid1,mid_low
-2,22300,ASH_COATED_OSMIUM,9995.0,27.0,,,,,10014.0,15.0,10016.0,27.0,,,10004.5,0.0,prices_round_1_day_-2.csv,False,19.0,0.2857142857142857,10007.214285714286,10007.214285714286,1.214285714286234,-1.5,4.268802668501899,-0.012491992312617784,12.587840446660277,-12.214285714286234,6.785714285713766,-9.5,9.5,1,1,,8.785714285713766,,11.5,0,1,,,,,0,0,q4,mid2,mid_low
-2,22400,ASH_COATED_OSMIUM,9996.0,28.0,,,,,10014.0,11.0,10017.0,28.0,,,10005.0,0.0,prices_round_1_day_-2.csv,False,18.0,0.4358974358974359,10008.923076923076,10008.923076923076,1.7087912087899895,0.5,4.269130855203701,-0.004807692307695431,12.544619588163537,-12.923076923076223,5.0769230769237765,-9.0,9.0,1,1,,8.076923076923777,,12.0,0,1,,,,,0,0,q4,mid2,mid_low
-2,22500,ASH_COATED_OSMIUM,9999.0,14.0,,,,,10015.0,14.0,10017.0,29.0,,,10007.0,0.0,prices_round_1_day_-2.csv,False,16.0,0.0,10007.0,10007.0,-1.9230769230762235,2.0,4.278321116240491,-0.013333333333333334,12.50497129699701,-8.0,8.0,-8.0,8.0,1,1,,10.0,,10.0,0,1,,,,,0,0,q4,mid1,mid_low
-2,22600,ASH_COATED_OSMIUM,9999.0,13.0,,,,,10015.0,13.0,10018.0,22.0,,,10007.0,0.0,prices_round_1_day_-2.csv,False,16.0,0.0,10007.0,10007.0,0.0,0.0,4.120475371599131,-0.01327433628318584,12.449394433415469,-8.0,8.0,-8.0,8.0,1,1,,11.0,,11.0,0,1,,,,,0,0,q4,mid1,mid_low
-2,22700,ASH_COATED_OSMIUM,9999.0,13.0,9996.0,27.0,,,10015.0,13.0,10017.0,27.0,,,10007.0,0.0,prices_round_1_day_-2.csv,False,16.0,0.0,10007.0,10007.0,0.0,0.0,3.8270636662250013,-0.013215859030837005,12.394309393585123,-8.0,8.0,-8.0,8.0,1,1,-11.0,10.0,-11.0,10.0,1,1,,,,,0,0,q3,mid1,mid_low
-2,22800,ASH_COATED_OSMIUM,9998.0,10.0,9996.0,20.0,,,,,,,,,9998.0,0.0,prices_round_1_day_-2.csv,True,,1.0,,9998.0,-9.0,-9.0,4.015940187526954,-0.05263157894736842,12.693929478325824,0.0,,0.0,,1,0,-2.0,,-2.0,,1,0,,,,,0,0,q3,mid1,low
-2,22900,ASH_COATED_OSMIUM,9998.0,13.0,,,,,10014.0,13.0,10017.0,21.0,,,10006.0,0.0,prices_round_1_day_-2.csv,False,16.0,0.0,10006.0,10006.0,8.0,8.0,4.015940187526954,-0.017467248908296942,12.921419743560076,-8.0,8.0,-8.0,8.0,1,1,,11.0,,11.0,0,1,,,,,0,0,q3,mid1,mid_low
-2,23000,ASH_COATED_OSMIUM,10004.0,5.0,9998.0,13.0,,,10014.0,13.0,10017.0,24.0,,,10009.0,0.0,prices_round_1_day_-2.csv,False,10.0,-0.4444444444444444,10006.777777777777,10006.777777777777,0.7777777777773736,3.0,3.8548507565437746,-0.01400966183575055,12.867743958756515,-2.7777777777773736,7.222222222222626,-5.0,5.0,1,1,-8.777777777777374,10.222222222222626,-11.0,8.0,1,1,,,,,0,0,q3,tight,mid_low
-2,23100,ASH_COATED_OSMIUM,9995.0,21.0,,,,,,,,,,,9995.0,0.0,prices_round_1_day_-2.csv,True,,1.0,,9995.0,-11.777777777777374,-14.0,4.0473775625409045,-0.06493506493506493,13.410871879163546,0.0,,0.0,,1,0,,,,,0,0,,,,,0,0,q4,mid1,low
-2,23200,ASH_COATED_OSMIUM,9998.0,13.0,9995.0,28.0,,,10014.0,13.0,10016.0,28.0,,,10006.0,0.0,prices_round_1_day_-2.csv,False,16.0,0.0,10006.0,10006.0,11.0,11.0,4.14739158634608,-0.017241379310344827,13.88054369118788,-8.0,8.0,-8.0,8.0,1,1,-11.0,10.0,-11.0,10.0,1,1,,,,,0,0,q4,mid1,mid_low
-2,23300,ASH_COATED_OSMIUM,9998.0,15.0,9995.0,20.0,,,,,,,,,9998.0,0.0,prices_round_1_day_-2.csv,True,,1.0,,9998.0,-8.0,-8.0,4.293930013377758,-0.05150214592274678,14.094209191511071,0.0,,0.0,,1,0,-3.0,,-3.0,,1,0,,,,,0,0,q4,mid1,low
-2,23400,ASH_COATED_OSMIUM,9998.0,10.0,9995.0,21.0,,,10014.0,10.0,10016.0,21.0,,,10006.0,0.0,prices_round_1_day_-2.csv,False,16.0,0.0,10006.0,10006.0,8.0,8.0,4.445840392897104,-0.017094017094017096,14.310756146408865,-8.0,8.0,-8.0,8.0,1,1,-11.0,10.0,-11.0,10.0,1,1,,,,,0,0,q4,mid1,mid_low
-2,23500,ASH_COATED_OSMIUM,9998.0,14.0,,,,,10014.0,14.0,10016.0,22.0,,,10006.0,0.0,prices_round_1_day_-2.csv,False,16.0,0.0,10006.0,10006.0,0.0,0.0,4.442163355971827,-0.01702127659574468,14.249600312287429,-8.0,8.0,-8.0,8.0,1,1,,10.0,,10.0,0,1,,,,,0,0,q4,mid1,mid_low
-2,23600,ASH_COATED_OSMIUM,9995.0,22.0,,,,,10014.0,14.0,10016.0,22.0,,,10004.5,0.0,prices_round_1_day_-2.csv,False,19.0,0.2222222222222222,10006.611111111111,10006.611111111111,0.6111111111113132,-1.5,4.443060125989127,-0.014359698681731724,14.190635538504063,-11.611111111111313,7.388888888888687,-9.5,9.5,1,1,,9.388888888888687,,11.5,0,1,,,,,0,0,q4,mid2,mid_low
-2,23700,ASH_COATED_OSMIUM,9997.0,14.0,9995.0,26.0,,,10013.0,14.0,10016.0,26.0,,,10005.0,0.0,prices_round_1_day_-2.csv,False,16.0,0.0,10005.0,10005.0,-1.6111111111113132,0.5,4.448840905174812,-0.02109704641350211,14.141263596406967,-8.0,8.0,-8.0,8.0,1,1,-10.0,11.0,-10.0,11.0,1,1,,,,,0,0,q4,mid1,mid_low
-2,23800,ASH_COATED_OSMIUM,9997.0,12.0,9995.0,27.0,,,10003.0,7.0,10013.0,12.0,10016.0,27.0,10000.0,0.0,prices_round_1_day_-2.csv,False,6.0,0.2631578947368421,10000.78947368421,10000.78947368421,-4.210526315790048,-5.0,4.482178838916755,-0.03869969040247919,14.155340849465007,-3.789473684209952,2.210526315790048,-3.0,3.0,1,1,-5.789473684209952,12.210526315790048,-5.0,13.0,1,1,,15.210526315790048,,16.0,0,1,q4,tight,mid_low
-2,23900,ASH_COATED_OSMIUM,9997.0,14.0,9994.0,23.0,,,10013.0,14.0,10015.0,23.0,,,10005.0,0.0,prices_round_1_day_-2.csv,False,16.0,0.0,10005.0,10005.0,4.210526315790048,5.0,4.516767785887899,-0.02092050209205021,14.1714124167461,-8.0,8.0,-8.0,8.0,1,1,-11.0,10.0,-11.0,10.0,1,1,,,,,0,0,q4,mid1,mid_low
-2,24000,ASH_COATED_OSMIUM,9997.0,14.0,9994.0,24.0,,,10013.0,14.0,10015.0,24.0,,,10005.0,0.0,prices_round_1_day_-2.csv,False,16.0,0.0,10005.0,10005.0,0.0,0.0,4.516767785887899,-0.020833333333333332,14.11211962773793,-8.0,8.0,-8.0,8.0,1,1,-11.0,10.0,-11.0,10.0,1,1,,,,,0,0,q4,mid1,mid_low
-2,24100,ASH_COATED_OSMIUM,9997.0,13.0,9994.0,29.0,,,10013.0,13.0,10015.0,29.0,,,10005.0,0.0,prices_round_1_day_-2.csv,False,16.0,0.0,10005.0,10005.0,0.0,0.0,4.365304698321264,-0.02074688796680498,14.05332093023416,-8.0,8.0,-8.0,8.0,1,1,-11.0,10.0,-11.0,10.0,1,1,,,,,0,0,q4,mid1,mid_low
-2,24200,ASH_COATED_OSMIUM,9994.0,30.0,,,,,10013.0,12.0,,,,,10003.5,0.0,prices_round_1_day_-2.csv,False,19.0,0.42857142857142855,10007.57142857143,10007.57142857143,2.571428571429351,-1.5,4.233838622617024,-0.010035419126324996,14.022774401916314,-13.571428571429351,5.428571428570649,-9.5,9.5,1,1,,,,,0,0,,,,,0,0,q4,mid2,mid_low
-2,24300,ASH_COATED_OSMIUM,9997.0,15.0,9994.0,29.0,,,10013.0,15.0,10015.0,29.0,,,10005.0,0.0,prices_round_1_day_-2.csv,False,16.0,0.0,10005.0,10005.0,-2.571428571429351,1.5,4.249568669939472,-0.0205761316872428,13.991827962121993,-8.0,8.0,-8.0,8.0,1,1,-11.0,10.0,-11.0,10.0,1,1,,,,,0,0,q4,mid1,mid_low
-2,24400,ASH_COATED_OSMIUM,9996.0,14.0,9994.0,28.0,,,10012.0,14.0,10015.0,28.0,,,10004.0,0.0,prices_round_1_day_-2.csv,False,16.0,0.0,10004.0,10004.0,-1.0,-1.0,4.248992341879126,-0.02459016393442623,13.93817986217429,-8.0,8.0,-8.0,8.0,1,1,-10.0,11.0,-10.0,11.0,1,1,,,,,0,0,q4,mid1,mid_low
-2,24500,ASH_COATED_OSMIUM,9996.0,15.0,9994.0,20.0,,,10012.0,15.0,10015.0,20.0,,,10004.0,0.0,prices_round_1_day_-2.csv,False,16.0,0.0,10004.0,10004.0,0.0,0.0,4.08602111771448,-0.024489795918367346,13.881058642280527,-8.0,8.0,-8.0,8.0,1,1,-10.0,11.0,-10.0,11.0,1,1,,,,,0,0,q4,mid1,mid_low
-2,24600,ASH_COATED_OSMIUM,9996.0,10.0,9994.0,28.0,,,10012.0,10.0,10015.0,28.0,,,10004.0,0.0,prices_round_1_day_-2.csv,False,16.0,0.0,10004.0,10004.0,0.0,0.0,3.996703893187267,-0.024390243902439025,13.824403698075692,-8.0,8.0,-8.0,8.0,1,1,-10.0,11.0,-10.0,11.0,1,1,,,,,0,0,q3,mid1,mid_low
-2,24700,ASH_COATED_OSMIUM,9997.0,10.0,9994.0,27.0,,,10013.0,10.0,,,,,10005.0,0.0,prices_round_1_day_-2.csv,False,16.0,0.0,10005.0,10005.0,1.0,1.0,3.9797327567707637,-0.020242914979757085,13.772455418362034,-8.0,8.0,-8.0,8.0,1,1,-11.0,,-11.0,,1,0,,,,,0,0,q3,mid1,mid_low
-2,24800,ASH_COATED_OSMIUM,9997.0,14.0,9994.0,21.0,,,10013.0,14.0,10015.0,21.0,,,10005.0,0.0,prices_round_1_day_-2.csv,False,16.0,0.0,10005.0,10005.0,0.0,0.0,3.9773218554505787,-0.020161290322580645,13.71669814186375,-8.0,8.0,-8.0,8.0,1,1,-11.0,10.0,-11.0,10.0,1,1,,,,,0,0,q3,mid1,mid_low
-2,24900,ASH_COATED_OSMIUM,10006.0,4.0,9997.0,11.0,,,10013.0,11.0,10015.0,26.0,,,10009.5,0.0,prices_round_1_day_-2.csv,False,7.0,-0.4666666666666667,10007.866666666667,10007.866666666667,2.866666666666788,4.5,3.9791574649047314,-0.008567603748326153,13.694857853689816,-1.866666666666788,5.133333333333212,-3.5,3.5,1,1,-10.866666666666788,7.133333333333212,-12.5,5.5,1,1,,,,,0,0,q3,tight,mid_low
-2,25000,ASH_COATED_OSMIUM,9997.0,15.0,,,,,10013.0,15.0,10015.0,22.0,,,10005.0,0.0,prices_round_1_day_-2.csv,False,16.0,0.0,10005.0,10005.0,-2.866666666666788,-4.5,3.97169774942325,-0.02,13.672533345572354,-8.0,8.0,-8.0,8.0,1,1,,10.0,,10.0,0,1,,,,,0,0,q3,mid1,mid_low
-2,25100,ASH_COATED_OSMIUM,9997.0,14.0,9994.0,24.0,,,10015.0,24.0,,,,,10006.0,0.0,prices_round_1_day_-2.csv,False,18.0,-0.2631578947368421,10003.631578947368,10003.631578947368,-1.3684210526316747,1.0,3.9750359953565657,-0.025372195428811452,13.625087193605124,-6.631578947368325,11.368421052631675,-9.0,9.0,1,1,-9.631578947368325,,-12.0,,1,0,,,,,0,0,q3,mid2,mid_low
-2,25200,ASH_COATED_OSMIUM,9997.0,13.0,,,,,10013.0,13.0,10015.0,25.0,,,10005.0,0.0,prices_round_1_day_-2.csv,False,16.0,0.0,10005.0,10005.0,1.3684210526316747,-1.0,3.980076431420695,-0.01984126984126984,13.578512944433788,-8.0,8.0,-8.0,8.0,1,1,,10.0,,10.0,0,1,,,,,0,0,q3,mid1,mid_low
-2,25300,ASH_COATED_OSMIUM,9996.0,14.0,9994.0,23.0,,,10015.0,23.0,,,,,10005.5,0.0,prices_round_1_day_-2.csv,False,19.0,-0.24324324324324326,10003.18918918919,10003.18918918919,-1.810810810809926,0.5,3.9881212246989977,-0.026920200833240815,13.53730810634829,-7.189189189190074,11.810810810809926,-9.5,9.5,1,1,-9.189189189190074,,-11.5,,1,0,,,,,0,0,q3,mid2,mid_low
-2,25400,ASH_COATED_OSMIUM,9996.0,10.0,9994.0,22.0,,,10012.0,10.0,10015.0,22.0,,,10004.0,0.0,prices_round_1_day_-2.csv,False,16.0,0.0,10004.0,10004.0,0.8108108108099259,-1.5,3.978232584735277,-0.023622047244094488,13.486563925225672,-8.0,8.0,-8.0,8.0,1,1,-10.0,11.0,-10.0,11.0,1,1,,,,,0,0,q3,mid1,mid_low
-2,25500,ASH_COATED_OSMIUM,9996.0,15.0,9994.0,29.0,,,10012.0,15.0,10015.0,29.0,,,10004.0,0.0,prices_round_1_day_-2.csv,False,16.0,0.0,10004.0,10004.0,0.0,0.0,3.966018851854708,-0.023529411764705882,13.433469405098313,-8.0,8.0,-8.0,8.0,1,1,-10.0,11.0,-10.0,11.0,1,1,,,,,0,0,q3,mid1,mid_low
-2,25600,ASH_COATED_OSMIUM,9997.0,15.0,9994.0,29.0,,,10013.0,15.0,10015.0,29.0,,,10005.0,0.0,prices_round_1_day_-2.csv,False,16.0,0.0,10005.0,10005.0,1.0,1.0,3.9687451652037526,-0.01953125,13.384881369080626,-8.0,8.0,-8.0,8.0,1,1,-11.0,10.0,-11.0,10.0,1,1,,,,,0,0,q3,mid1,mid_low
-2,25700,ASH_COATED_OSMIUM,9997.0,13.0,,,,,10013.0,13.0,10015.0,28.0,,,10005.0,0.0,prices_round_1_day_-2.csv,False,16.0,0.0,10005.0,10005.0,0.0,0.0,3.9687451652037526,-0.019455252918287938,13.332598160550656,-8.0,8.0,-8.0,8.0,1,1,,10.0,,10.0,0,1,,,,,0,0,q3,mid1,mid_low
-2,25800,ASH_COATED_OSMIUM,9997.0,11.0,9994.0,23.0,,,10013.0,11.0,10015.0,23.0,,,10005.0,0.0,prices_round_1_day_-2.csv,False,16.0,0.0,10005.0,10005.0,0.0,0.0,3.9687451652037526,-0.01937984496124031,13.28072181377725,-8.0,8.0,-8.0,8.0,1,1,-11.0,10.0,-11.0,10.0,1,1,,,,,0,0,q3,mid1,mid_low
-2,25900,ASH_COATED_OSMIUM,9997.0,11.0,9994.0,24.0,,,10013.0,11.0,,,,,10005.0,0.0,prices_round_1_day_-2.csv,False,16.0,0.0,10005.0,10005.0,0.0,0.0,3.9687451652037526,-0.019305019305019305,13.229247597941994,-8.0,8.0,-8.0,8.0,1,1,-11.0,,-11.0,,1,0,,,,,0,0,q3,mid1,mid_low
-2,26000,ASH_COATED_OSMIUM,,,,,,,10012.0,11.0,10015.0,24.0,,,10012.0,0.0,prices_round_1_day_-2.csv,True,,-1.0,,10012.0,7.0,7.0,4.091045400877683,0.007692307692307693,13.367671894788321,,0.0,,0.0,0,1,,3.0,,3.0,0,1,,,,,0,0,q4,mid1,mid_low
-2,26100,ASH_COATED_OSMIUM,9996.0,12.0,9994.0,21.0,,,10012.0,12.0,10015.0,21.0,,,10004.0,0.0,prices_round_1_day_-2.csv,False,16.0,0.0,10004.0,10004.0,-8.0,-8.0,4.24657357947793,-0.022988505747126436,13.561940285888758,-8.0,8.0,-8.0,8.0,1,1,-10.0,11.0,-10.0,11.0,1,1,,,,,0,0,q4,mid1,mid_low
-2,26200,ASH_COATED_OSMIUM,9996.0,12.0,9993.0,30.0,,,10012.0,12.0,10014.0,30.0,,,10004.0,0.0,prices_round_1_day_-2.csv,False,16.0,0.0,10004.0,10004.0,0.0,0.0,4.237608011111612,-0.022900763358778626,13.5099808459211,-8.0,8.0,-8.0,8.0,1,1,-11.0,10.0,-11.0,10.0,1,1,,,,,0,0,q4,mid1,mid_low
-2,26300,ASH_COATED_OSMIUM,9996.0,13.0,9993.0,28.0,,,10012.0,13.0,10014.0,28.0,,,10004.0,0.0,prices_round_1_day_-2.csv,False,16.0,0.0,10004.0,10004.0,0.0,0.0,4.236216998023306,-0.022813688212927757,13.458418027619398,-8.0,8.0,-8.0,8.0,1,1,-11.0,10.0,-11.0,10.0,1,1,,,,,0,0,q4,mid1,mid_low
-2,26400,ASH_COATED_OSMIUM,9996.0,14.0,,,,,10012.0,14.0,10015.0,24.0,,,10004.0,0.0,prices_round_1_day_-2.csv,False,16.0,0.0,10004.0,10004.0,0.0,0.0,4.2339433083215265,-0.022727272727272728,13.407247306955119,-8.0,8.0,-8.0,8.0,1,1,,11.0,,11.0,0,1,,,,,0,0,q4,mid1,mid_low
-2,26500,ASH_COATED_OSMIUM,9996.0,13.0,9993.0,25.0,,,10012.0,13.0,10014.0,25.0,,,10004.0,0.0,prices_round_1_day_-2.csv,False,16.0,0.0,10004.0,10004.0,0.0,0.0,4.2339262692592685,-0.022641509433962263,13.356464228443016,-8.0,8.0,-8.0,8.0,1,1,-11.0,10.0,-11.0,10.0,1,1,,,,,0,0,q4,mid1,mid_low
-2,26600,ASH_COATED_OSMIUM,9996.0,15.0,9994.0,22.0,,,10012.0,15.0,,,,,10004.0,0.0,prices_round_1_day_-2.csv,False,16.0,0.0,10004.0,10004.0,0.0,0.0,4.2208963268551365,-0.022556390977443608,13.306064403847907,-8.0,8.0,-8.0,8.0,1,1,-10.0,,-10.0,,1,0,,,,,0,0,q4,mid1,mid_low
-2,26700,ASH_COATED_OSMIUM,9994.0,22.0,,,,,10012.0,11.0,10015.0,22.0,,,10003.0,0.0,prices_round_1_day_-2.csv,False,18.0,0.3333333333333333,10006.0,10006.0,2.0,-1.0,3.968356288979452,-0.0149812734082397,13.2713627077892,-12.0,6.0,-9.0,9.0,1,1,,9.0,,12.0,0,1,,,,,0,0,q3,mid2,mid_low
-2,26800,ASH_COATED_OSMIUM,9996.0,12.0,9994.0,22.0,,,10012.0,12.0,10015.0,22.0,,,10004.0,0.0,prices_round_1_day_-2.csv,False,16.0,0.0,10004.0,10004.0,-2.0,1.0,3.9593768478301463,-0.022388059701492536,13.236359838978842,-8.0,8.0,-8.0,8.0,1,1,-10.0,11.0,-10.0,11.0,1,1,,,,,0,0,q3,mid1,mid_low
-2,26900,ASH_COATED_OSMIUM,9996.0,14.0,9993.0,26.0,,,,,,,,,9996.0,0.0,prices_round_1_day_-2.csv,True,,1.0,,9996.0,-8.0,-8.0,4.050098302867085,-0.05204460966542751,13.42355888369494,0.0,,0.0,,1,0,-3.0,,-3.0,,1,0,,,,,0,0,q4,mid1,low
-2,27000,ASH_COATED_OSMIUM,9996.0,10.0,9993.0,21.0,,,10012.0,10.0,10014.0,21.0,,,10004.0,0.0,prices_round_1_day_-2.csv,False,16.0,0.0,10004.0,10004.0,8.0,8.0,4.211503965407363,-0.022222222222222223,13.613788371867013,-8.0,8.0,-8.0,8.0,1,1,-11.0,10.0,-11.0,10.0,1,1,,,,,0,0,q4,mid1,mid_low
-2,27100,ASH_COATED_OSMIUM,,,,,,,10015.0,30.0,,,,,10015.0,0.0,prices_round_1_day_-2.csv,True,,-1.0,,10015.0,11.0,11.0,4.491628305449529,0.01845018450184502,14.011667238677964,,0.0,,0.0,0,1,,,,,0,0,,,,,0,0,q4,mid1,mid_high
-2,27200,ASH_COATED_OSMIUM,9994.0,28.0,,,,,10015.0,28.0,,,,,10004.5,0.0,prices_round_1_day_-2.csv,False,21.0,0.0,10004.5,10004.5,-10.5,-10.5,4.738867764715351,-0.02022058823529412,14.366720266163341,-10.5,10.5,-10.5,10.5,1,1,,,,,0,0,,,,,0,0,q4,mid2,mid_low
-2,27300,ASH_COATED_OSMIUM,9996.0,15.0,9994.0,30.0,,,10012.0,15.0,10015.0,30.0,,,10004.0,0.0,prices_round_1_day_-2.csv,False,16.0,0.0,10004.0,10004.0,-0.5,-0.5,4.735882122499858,-0.02197802197802198,14.314744622182689,-8.0,8.0,-8.0,8.0,1,1,-10.0,11.0,-10.0,11.0,1,1,,,,,0,0,q4,mid1,mid_low
-2,27400,ASH_COATED_OSMIUM,9994.0,23.0,,,,,10012.0,15.0,10015.0,23.0,,,10003.0,0.0,prices_round_1_day_-2.csv,False,18.0,0.21052631578947367,10004.894736842105,10004.894736842105,0.894736842104976,-1.0,4.7310590418817,-0.018632347291587678,14.265376689912113,-10.894736842104976,7.105263157895024,-9.0,9.0,1,1,,10.105263157895024,,12.0,0,1,,,,,0,0,q4,mid2,mid_low
-2,27500,ASH_COATED_OSMIUM,9996.0,12.0,9993.0,26.0,,,10012.0,12.0,10014.0,26.0,,,10004.0,0.0,prices_round_1_day_-2.csv,False,16.0,0.0,10004.0,10004.0,-0.894736842104976,1.0,4.7251173030930325,-0.02181818181818182,14.21610439528427,-8.0,8.0,-8.0,8.0,1,1,-11.0,10.0,-11.0,10.0,1,1,,,,,0,0,q4,mid1,mid_low
-2,27600,ASH_COATED_OSMIUM,9996.0,15.0,9993.0,29.0,,,10012.0,15.0,10014.0,29.0,,,10004.0,0.0,prices_round_1_day_-2.csv,False,16.0,0.0,10004.0,10004.0,0.0,0.0,4.7251173030930325,-0.021739130434782608,14.164411194967967,-8.0,8.0,-8.0,8.0,1,1,-11.0,10.0,-11.0,10.0,1,1,,,,,0,0,q4,mid1,mid_low
-2,27700,ASH_COATED_OSMIUM,9996.0,13.0,9993.0,27.0,,,10012.0,13.0,10014.0,27.0,,,10004.0,0.0,prices_round_1_day_-2.csv,False,16.0,0.0,10004.0,10004.0,0.0,0.0,4.7251173030930325,-0.021660649819494584,14.113092570651748,-8.0,8.0,-8.0,8.0,1,1,-11.0,10.0,-11.0,10.0,1,1,,,,,0,0,q4,mid1,mid_low
-2,27800,ASH_COATED_OSMIUM,9995.0,13.0,,,,,10011.0,13.0,10014.0,23.0,,,10003.0,0.0,prices_round_1_day_-2.csv,False,16.0,0.0,10003.0,10003.0,-1.0,-1.0,4.548356830166229,-0.025179856115107913,14.065585755978317,-8.0,8.0,-8.0,8.0,1,1,,11.0,,11.0,0,1,,,,,0,0,q4,mid1,mid_low
-2,27900,ASH_COATED_OSMIUM,9995.0,12.0,9992.0,22.0,,,10011.0,12.0,10013.0,22.0,,,10003.0,0.0,prices_round_1_day_-2.csv,False,16.0,0.0,10003.0,10003.0,0.0,0.0,4.403175901299549,-0.025089605734767026,14.014992396254158,-8.0,8.0,-8.0,8.0,1,1,-11.0,10.0,-11.0,10.0,1,1,,,,,0,0,q4,mid1,mid_low
-2,28000,ASH_COATED_OSMIUM,9995.0,10.0,9992.0,29.0,,,10013.0,29.0,,,,,10004.0,0.0,prices_round_1_day_-2.csv,False,18.0,-0.48717948717948717,9999.615384615385,9999.615384615385,-3.3846153846152447,1.0,4.426300404759163,-0.03708791208791159,14.005068068093628,-4.615384615384755,13.384615384615245,-9.0,9.0,1,1,-7.615384615384755,,-12.0,,1,0,,,,,0,0,q4,mid2,low
-2,28100,ASH_COATED_OSMIUM,9995.0,15.0,,,,,,,,,,,9995.0,0.0,prices_round_1_day_-2.csv,True,,1.0,,9995.0,-4.615384615384755,-9.0,4.149320946821528,-0.05338078291814947,14.029643564659757,0.0,,0.0,,1,0,,,,,0,0,,,,,0,0,q4,mid1,low
-2,28200,ASH_COATED_OSMIUM,9996.0,12.0,9993.0,23.0,,,,,,,,,9996.0,0.0,prices_round_1_day_-2.csv,True,,1.0,,9996.0,1.0,1.0,3.837586272823655,-0.04964539007092199,13.983650798532068,0.0,,0.0,,1,0,-3.0,,-3.0,,1,0,,,,,0,0,q3,mid1,low
-2,28300,ASH_COATED_OSMIUM,9995.0,14.0,9993.0,27.0,,,10011.0,14.0,10014.0,27.0,,,10003.0,0.0,prices_round_1_day_-2.csv,False,16.0,0.0,10003.0,10003.0,7.0,7.0,3.801520511227438,-0.024734982332155476,14.109672925433259,-8.0,8.0,-8.0,8.0,1,1,-10.0,11.0,-10.0,11.0,1,1,,,,,0,0,q3,mid1,mid_low
-2,28400,ASH_COATED_OSMIUM,10001.0,2.0,9995.0,11.0,9993.0,23.0,10011.0,11.0,10014.0,23.0,,,10006.0,0.0,prices_round_1_day_-2.csv,False,10.0,-0.6923076923076923,10002.538461538461,10002.538461538461,-0.4615384615390212,3.0,3.6269955083105176,-0.02627302275189796,14.060487245336466,-1.5384615384609788,8.461538461539021,-5.0,5.0,1,1,-7.538461538460979,11.461538461539021,-11.0,8.0,1,1,-9.538461538460979,,-13.0,,1,0,q3,tight,mid_low
-2,28500,ASH_COATED_OSMIUM,9995.0,15.0,9993.0,25.0,,,10014.0,25.0,,,,,10004.5,0.0,prices_round_1_day_-2.csv,False,19.0,-0.25,10002.125,10002.125,-0.4134615384609788,-1.5,3.627305761722198,-0.02763157894736842,14.011504504787183,-7.125,11.875,-9.5,9.5,1,1,-9.125,,-11.5,,1,0,,,,,0,0,q3,mid2,mid_low
-2,28600,ASH_COATED_OSMIUM,,,,,,,10011.0,10.0,10013.0,24.0,,,10011.0,0.0,prices_round_1_day_-2.csv,True,,-1.0,,10011.0,8.875,6.5,3.8412828457681116,0.0034965034965034965,14.239463180843067,,0.0,,0.0,0,1,,2.0,,2.0,0,1,,,,,0,0,q3,mid1,mid_low
-2,28700,ASH_COATED_OSMIUM,10000.0,4.0,9995.0,10.0,,,10011.0,10.0,10013.0,30.0,,,10005.5,0.0,prices_round_1_day_-2.csv,False,11.0,-0.42857142857142855,10003.142857142857,10003.142857142857,-7.857142857143117,-5.5,3.996101476069962,-0.023892483822798318,14.404969799813081,-3.142857142856883,7.857142857143117,-5.5,5.5,1,1,-8.142857142856883,9.857142857143117,-10.5,7.5,1,1,,,,,0,0,q3,tight,mid_low
-2,28800,ASH_COATED_OSMIUM,9995.0,12.0,9993.0,27.0,,,10011.0,12.0,10014.0,27.0,,,10003.0,0.0,prices_round_1_day_-2.csv,False,16.0,0.0,10003.0,10003.0,-0.142857142856883,-2.5,3.9505505963781995,-0.024305555555555556,14.354827408347397,-8.0,8.0,-8.0,8.0,1,1,-10.0,11.0,-10.0,11.0,1,1,,,,,0,0,q3,mid1,mid_low
-2,28900,ASH_COATED_OSMIUM,9995.0,10.0,9993.0,22.0,,,10011.0,10.0,10014.0,22.0,,,10003.0,0.0,prices_round_1_day_-2.csv,False,16.0,0.0,10003.0,10003.0,0.0,0.0,3.904536470407992,-0.02422145328719723,14.304986301776324,-8.0,8.0,-8.0,8.0,1,1,-10.0,11.0,-10.0,11.0,1,1,,,,,0,0,q3,mid1,mid_low
-2,29000,ASH_COATED_OSMIUM,9995.0,12.0,9992.0,24.0,,,,,,,,,9995.0,0.0,prices_round_1_day_-2.csv,True,,1.0,,9995.0,-8.0,-8.0,4.063538337982835,-0.05172413793103448,14.474843401438152,0.0,,0.0,,1,0,-3.0,,-3.0,,1,0,,,,,0,0,q4,mid1,low
-2,29100,ASH_COATED_OSMIUM,9992.0,21.0,,,,,10013.0,21.0,,,,,10002.5,0.0,prices_round_1_day_-2.csv,False,21.0,0.0,10002.5,10002.5,7.5,7.5,4.206966640472945,-0.02577319587628866,14.620904503846619,-10.5,10.5,-10.5,10.5,1,1,,,,,0,0,,,,,0,0,q4,mid2,mid_low
-2,29200,ASH_COATED_OSMIUM,9995.0,10.0,9992.0,30.0,,,10011.0,10.0,10013.0,30.0,,,10003.0,0.0,prices_round_1_day_-2.csv,False,16.0,0.0,10003.0,10003.0,0.5,0.5,4.190793221168308,-0.023972602739726026,14.57160754936568,-8.0,8.0,-8.0,8.0,1,1,-11.0,10.0,-11.0,10.0,1,1,,,,,0,0,q4,mid1,mid_low
-2,29300,ASH_COATED_OSMIUM,9992.0,23.0,,,,,10013.0,23.0,,,,,10002.5,0.0,prices_round_1_day_-2.csv,False,21.0,0.0,10002.5,10002.5,-0.5,-0.5,4.175989086291921,-0.025597269624573378,14.522478169734269,-10.5,10.5,-10.5,10.5,1,1,,,,,0,0,,,,,0,0,q4,mid2,mid_low
-2,29400,ASH_COATED_OSMIUM,9995.0,12.0,,,,,10011.0,12.0,,,,,10003.0,0.0,prices_round_1_day_-2.csv,False,16.0,0.0,10003.0,10003.0,0.5,0.5,4.174412723189109,-0.023809523809523808,14.473853032143086,-8.0,8.0,-8.0,8.0,1,1,,,,,0,0,,,,,0,0,q4,mid1,mid_low
-2,29500,ASH_COATED_OSMIUM,9995.0,14.0,,,,,,,,,,,9995.0,0.0,prices_round_1_day_-2.csv,True,,1.0,,9995.0,-8.0,-8.0,4.324256117678301,-0.05084745762711865,14.64028194972852,0.0,,0.0,,1,0,,,,,0,0,,,,,0,0,q4,mid1,low
-2,29600,ASH_COATED_OSMIUM,9995.0,12.0,,,,,10011.0,12.0,10013.0,22.0,,,10003.0,0.0,prices_round_1_day_-2.csv,False,16.0,0.0,10003.0,10003.0,8.0,8.0,4.476378724089629,-0.02364864864864865,14.80962733743746,-8.0,8.0,-8.0,8.0,1,1,,10.0,,10.0,0,1,,,,,0,0,q4,mid1,mid_low
-2,29700,ASH_COATED_OSMIUM,9995.0,13.0,9992.0,29.0,,,,,,,,,9995.0,0.0,prices_round_1_day_-2.csv,True,,1.0,,9995.0,-8.0,-8.0,4.613379737668608,-0.050505050505050504,14.973810909888567,0.0,,0.0,,1,0,-3.0,,-3.0,,1,0,,,,,0,0,q4,mid1,low
-2,29800,ASH_COATED_OSMIUM,9992.0,20.0,,,,,10010.0,13.0,10013.0,20.0,,,10001.0,0.0,prices_round_1_day_-2.csv,False,18.0,0.21212121212121213,10002.90909090909,10002.90909090909,7.909090909090082,6.0,4.753831190894082,-0.02379499694936214,15.135995272500528,-10.909090909090082,7.090909090909918,-9.0,9.0,1,1,,10.090909090909918,,12.0,0,1,,,,,0,0,q4,mid2,mid_low
-2,29900,ASH_COATED_OSMIUM,9995.0,15.0,,,,,10013.0,27.0,,,,,10004.0,0.0,prices_round_1_day_-2.csv,False,18.0,-0.2857142857142857,10001.42857142857,10001.42857142857,-1.4805194805194333,3.0,4.739282765311618,-0.028666985188726925,15.092300486607842,-6.428571428570649,11.571428571429351,-9.0,9.0,1,1,,,,,0,0,,,,,0,0,q4,mid2,mid_low
-2,30000,ASH_COATED_OSMIUM,9995.0,11.0,,,,,10011.0,11.0,10014.0,27.0,,,10003.0,0.0,prices_round_1_day_-2.csv,False,16.0,0.0,10003.0,10003.0,1.571428571429351,-1.0,4.728506358491924,-0.023333333333333334,15.050358917882313,-8.0,8.0,-8.0,8.0,1,1,,11.0,,11.0,0,1,,,,,0,0,q4,mid1,mid_low
-2,30100,ASH_COATED_OSMIUM,9995.0,10.0,,,,,10011.0,10.0,10014.0,21.0,,,10003.0,0.0,prices_round_1_day_-2.csv,False,16.0,0.0,10003.0,10003.0,0.0,0.0,4.724619178511571,-0.023255813953488372,15.000192863608236,-8.0,8.0,-8.0,8.0,1,1,,11.0,,11.0,0,1,,,,,0,0,q4,mid1,mid_low
-2,30200,ASH_COATED_OSMIUM,9996.0,12.0,,,,,10012.0,12.0,10014.0,27.0,,,10004.0,0.0,prices_round_1_day_-2.csv,False,16.0,0.0,10004.0,10004.0,1.0,1.0,4.722708264825834,-0.019867549668874173,14.953825396950606,-8.0,8.0,-8.0,8.0,1,1,,10.0,,10.0,0,1,,,,,0,0,q4,mid1,mid_low
-2,30300,ASH_COATED_OSMIUM,9995.0,11.0,9993.0,28.0,,,10011.0,11.0,10014.0,28.0,,,10003.0,0.0,prices_round_1_day_-2.csv,False,16.0,0.0,10003.0,10003.0,-1.0,-1.0,4.717823224133562,-0.0231023102310231,14.907479912611022,-8.0,8.0,-8.0,8.0,1,1,-10.0,11.0,-10.0,11.0,1,1,,,,,0,0,q4,mid1,mid_low
-2,30400,ASH_COATED_OSMIUM,9995.0,15.0,,,,,10011.0,15.0,10014.0,29.0,,,10003.0,0.0,prices_round_1_day_-2.csv,False,16.0,0.0,10003.0,10003.0,0.0,0.0,4.716359380324966,-0.023026315789473683,14.858282064586204,-8.0,8.0,-8.0,8.0,1,1,,11.0,,11.0,0,1,,,,,0,0,q4,mid1,mid_low
-2,30500,ASH_COATED_OSMIUM,9995.0,10.0,,,,,10011.0,10.0,10014.0,20.0,,,10003.0,0.0,prices_round_1_day_-2.csv,False,16.0,0.0,10003.0,10003.0,0.0,0.0,4.716359380324966,-0.022950819672131147,14.809407875139607,-8.0,8.0,-8.0,8.0,1,1,,11.0,,11.0,0,1,,,,,0,0,q4,mid1,mid_low
-2,30600,ASH_COATED_OSMIUM,9995.0,12.0,9993.0,29.0,,,10011.0,12.0,10014.0,29.0,,,10003.0,0.0,prices_round_1_day_-2.csv,False,16.0,0.0,10003.0,10003.0,0.0,0.0,4.714065458955578,-0.02287581699346405,14.760854160856365,-8.0,8.0,-8.0,8.0,1,1,-10.0,11.0,-10.0,11.0,1,1,,,,,0,0,q4,mid1,mid_low
-2,30700,ASH_COATED_OSMIUM,9996.0,11.0,,,,,10012.0,11.0,10014.0,24.0,,,10004.0,0.0,prices_round_1_day_-2.csv,False,16.0,0.0,10004.0,10004.0,1.0,1.0,4.716359380324966,-0.019543973941368076,14.716024137047375,-8.0,8.0,-8.0,8.0,1,1,,10.0,,10.0,0,1,,,,,0,0,q4,mid1,mid_low
-2,30800,ASH_COATED_OSMIUM,9995.0,14.0,,,,,10011.0,14.0,10014.0,29.0,,,10003.0,0.0,prices_round_1_day_-2.csv,False,16.0,0.0,10003.0,10003.0,-1.0,-1.0,4.718392679488289,-0.022727272727272728,14.671210289482262,-8.0,8.0,-8.0,8.0,1,1,,11.0,,11.0,0,1,,,,,0,0,q4,mid1,mid_low
-2,30900,ASH_COATED_OSMIUM,9995.0,14.0,9993.0,29.0,,,10011.0,14.0,10014.0,29.0,,,10003.0,0.0,prices_round_1_day_-2.csv,False,16.0,0.0,10003.0,10003.0,0.0,0.0,4.718392679488289,-0.022653721682847898,14.62357816145573,-8.0,8.0,-8.0,8.0,1,1,-10.0,11.0,-10.0,11.0,1,1,,,,,0,0,q4,mid1,mid_low
-2,31000,ASH_COATED_OSMIUM,,,,,,,10014.0,28.0,,,,,10014.0,0.0,prices_round_1_day_-2.csv,True,,-1.0,,10014.0,11.0,11.0,4.871613411689265,0.012903225806451613,14.968184585362199,,0.0,,0.0,0,1,,,,,0,0,,,,,0,0,q4,mid1,mid_low
-2,31100,ASH_COATED_OSMIUM,,,,,,,10011.0,15.0,10014.0,25.0,,,10011.0,0.0,prices_round_1_day_-2.csv,True,,-1.0,,10011.0,-3.0,-3.0,4.75308330522621,0.003215434083601286,14.949088497890523,,0.0,,0.0,0,1,,3.0,,3.0,0,1,,,,,0,0,q4,mid1,mid_low
-2,31200,ASH_COATED_OSMIUM,9995.0,11.0,9992.0,24.0,,,10013.0,24.0,,,,,10004.0,0.0,prices_round_1_day_-2.csv,False,18.0,-0.37142857142857144,10000.657142857142,10000.657142857142,-10.34285714285761,-7.0,4.978995563844946,-0.029945054945056445,15.24410151539299,-5.657142857142389,12.34285714285761,-9.0,9.0,1,1,-8.65714285714239,,-12.0,,1,0,,,,,0,0,q4,mid2,mid_low
-2,31300,ASH_COATED_OSMIUM,9995.0,13.0,9992.0,22.0,,,10011.0,13.0,10013.0,22.0,,,10003.0,0.0,prices_round_1_day_-2.csv,False,16.0,0.0,10003.0,10003.0,2.3428571428576106,-1.0,4.990648229712688,-0.022364217252396165,15.213230044002497,-8.0,8.0,-8.0,8.0,1,1,-11.0,10.0,-11.0,10.0,1,1,,,,,0,0,q4,mid1,mid_low
-2,31400,ASH_COATED_OSMIUM,9995.0,10.0,9993.0,24.0,,,10011.0,10.0,,,,,10003.0,0.0,prices_round_1_day_-2.csv,False,16.0,0.0,10003.0,10003.0,0.0,0.0,4.990648229712688,-0.022292993630573247,15.16462706803237,-8.0,8.0,-8.0,8.0,1,1,-10.0,,-10.0,,1,0,,,,,0,0,q4,mid1,mid_low
-2,31500,ASH_COATED_OSMIUM,9996.0,13.0,,,,,10012.0,13.0,10014.0,30.0,,,10004.0,0.0,prices_round_1_day_-2.csv,False,16.0,0.0,10004.0,10004.0,1.0,1.0,4.992733327473539,-0.01904761904761905,15.119649801067707,-8.0,8.0,-8.0,8.0,1,1,,10.0,,10.0,0,1,,,,,0,0,q4,mid1,mid_low
-2,31600,ASH_COATED_OSMIUM,9996.0,14.0,9993.0,22.0,,,10014.0,22.0,,,,,10005.0,0.0,prices_round_1_day_-2.csv,False,18.0,-0.2222222222222222,10003.0,10003.0,-1.0,1.0,4.994735836785065,-0.022151898734177215,15.07469606336002,-7.0,11.0,-9.0,9.0,1,1,-10.0,,-12.0,,1,0,,,,,0,0,q4,mid2,mid_low
-2,31700,ASH_COATED_OSMIUM,9995.0,14.0,9993.0,25.0,,,10011.0,14.0,10014.0,25.0,,,10003.0,0.0,prices_round_1_day_-2.csv,False,16.0,0.0,10003.0,10003.0,0.0,-2.0,4.986229850305873,-0.022082018927444796,15.0269928769527,-8.0,8.0,-8.0,8.0,1,1,-10.0,11.0,-10.0,11.0,1,1,,,,,0,0,q4,mid1,mid_low
-2,31800,ASH_COATED_OSMIUM,9995.0,12.0,9993.0,23.0,,,10011.0,12.0,10014.0,23.0,,,10003.0,0.0,prices_round_1_day_-2.csv,False,16.0,0.0,10003.0,10003.0,0.0,0.0,4.978365271165079,-0.0220125786163522,14.979590647316185,-8.0,8.0,-8.0,8.0,1,1,-10.0,11.0,-10.0,11.0,1,1,,,,,0,0,q4,mid1,mid_low
-2,31900,ASH_COATED_OSMIUM,9996.0,14.0,9993.0,29.0,,,10012.0,14.0,10014.0,29.0,,,10004.0,0.0,prices_round_1_day_-2.csv,False,16.0,0.0,10004.0,10004.0,1.0,1.0,4.8448624543648275,-0.018808777429467086,14.935759341462163,-8.0,8.0,-8.0,8.0,1,1,-11.0,10.0,-11.0,10.0,1,1,,,,,0,0,q4,mid1,mid_low
-2,32000,ASH_COATED_OSMIUM,9995.0,10.0,9993.0,22.0,,,10011.0,10.0,10014.0,22.0,,,10003.0,0.0,prices_round_1_day_-2.csv,False,16.0,0.0,10003.0,10003.0,-1.0,-1.0,4.713034288196297,-0.021875,14.891947329935874,-8.0,8.0,-8.0,8.0,1,1,-10.0,11.0,-10.0,11.0,1,1,,,,,0,0,q4,mid1,mid_low
-2,32100,ASH_COATED_OSMIUM,10005.0,10.0,9993.0,22.0,,,10011.0,11.0,10014.0,22.0,,,10008.0,0.0,prices_round_1_day_-2.csv,False,6.0,-0.047619047619047616,10007.857142857143,10007.857142857143,4.857142857143117,5.0,4.49492536192696,-0.006675567423230165,14.91956829749033,-2.857142857143117,3.142857142856883,-3.0,3.0,1,1,-14.857142857143117,6.142857142856883,-15.0,6.0,1,1,,,,,0,0,q4,tight,mid_low
-2,32200,ASH_COATED_OSMIUM,9996.0,10.0,9993.0,30.0,,,10012.0,10.0,10014.0,30.0,,,10004.0,0.0,prices_round_1_day_-2.csv,False,16.0,0.0,10004.0,10004.0,-3.857142857143117,-4.0,4.2753596474546445,-0.018633540372670808,14.919133675272322,-8.0,8.0,-8.0,8.0,1,1,-11.0,10.0,-11.0,10.0,1,1,,,,,0,0,q4,mid1,mid_low
-2,32300,ASH_COATED_OSMIUM,9996.0,14.0,9993.0,20.0,,,10012.0,14.0,10014.0,20.0,,,10004.0,0.0,prices_round_1_day_-2.csv,False,16.0,0.0,10004.0,10004.0,0.0,0.0,4.274774861332875,-0.018575851393188854,14.872802036945005,-8.0,8.0,-8.0,8.0,1,1,-11.0,10.0,-11.0,10.0,1,1,,,,,0,0,q4,mid1,mid_low
-2,32400,ASH_COATED_OSMIUM,10005.0,10.0,9996.0,10.0,9993.0,30.0,10012.0,10.0,,,,,10008.5,0.0,prices_round_1_day_-2.csv,False,7.0,0.0,10008.5,10008.5,4.5,4.5,4.320338217045943,-0.004629629629629629,14.88977327108423,-3.5,3.5,-3.5,3.5,1,1,-12.5,,-12.5,,1,0,-15.5,,-15.5,,1,0,q4,tight,mid_low
-2,32500,ASH_COATED_OSMIUM,9996.0,13.0,9993.0,20.0,,,10012.0,13.0,10014.0,20.0,,,10004.0,0.0,prices_round_1_day_-2.csv,False,16.0,0.0,10004.0,10004.0,-4.5,-4.5,4.366641163775728,-0.018461538461538463,14.905996733870007,-8.0,8.0,-8.0,8.0,1,1,-11.0,10.0,-11.0,10.0,1,1,,,,,0,0,q4,mid1,mid_low
-2,32600,ASH_COATED_OSMIUM,9996.0,15.0,9994.0,21.0,,,10015.0,21.0,,,,,10005.5,0.0,prices_round_1_day_-2.csv,False,19.0,-0.16666666666666666,10003.916666666666,10003.916666666666,-0.08333333333393966,1.5,4.366657067147537,-0.01866053169734337,14.860145037583397,-7.91666666666606,11.08333333333394,-9.5,9.5,1,1,-9.91666666666606,,-11.5,,1,0,,,,,0,0,q4,mid2,mid_low
-2,32700,ASH_COATED_OSMIUM,9997.0,10.0,,,,,,,,,,,9997.0,0.0,prices_round_1_day_-2.csv,True,,1.0,,9997.0,-6.91666666666606,-8.5,4.4748216697520995,-0.039755351681957186,14.960073968266872,0.0,,0.0,,1,0,,,,,0,0,,,,,0,0,q4,mid1,low
-2,32800,ASH_COATED_OSMIUM,9997.0,14.0,9994.0,24.0,,,10013.0,14.0,10015.0,24.0,,,10005.0,0.0,prices_round_1_day_-2.csv,False,16.0,0.0,10005.0,10005.0,8.0,8.0,4.618236742387297,-0.01524390243902439,15.111390561818563,-8.0,8.0,-8.0,8.0,1,1,-11.0,10.0,-11.0,10.0,1,1,,,,,0,0,q4,mid1,mid_low
-2,32900,ASH_COATED_OSMIUM,9994.0,30.0,,,,,10015.0,30.0,,,,,10004.5,0.0,prices_round_1_day_-2.csv,False,21.0,0.0,10004.5,10004.5,-0.5,-0.5,4.618866412364254,-0.016717325227963525,15.066033499811317,-10.5,10.5,-10.5,10.5,1,1,,,,,0,0,,,,,0,0,q4,mid2,mid_low
-2,33000,ASH_COATED_OSMIUM,9997.0,13.0,,,,,10013.0,13.0,10015.0,26.0,,,10005.0,0.0,prices_round_1_day_-2.csv,False,16.0,0.0,10005.0,10005.0,0.5,0.5,4.592855847299276,-0.015151515151515152,15.021049166112789,-8.0,8.0,-8.0,8.0,1,1,,10.0,,10.0,0,1,,,,,0,0,q4,mid1,mid_low
-2,33100,ASH_COATED_OSMIUM,9995.0,27.0,,,,,10016.0,27.0,,,,,10005.5,0.0,prices_round_1_day_-2.csv,False,21.0,0.0,10005.5,10005.5,0.5,0.5,4.542194523504503,-0.013595166163141994,14.976332590845852,-10.5,10.5,-10.5,10.5,1,1,,,,,0,0,,,,,0,0,q4,mid2,mid_low
-2,33200,ASH_COATED_OSMIUM,9997.0,13.0,9995.0,20.0,,,10013.0,13.0,10016.0,20.0,,,10005.0,0.0,prices_round_1_day_-2.csv,False,16.0,0.0,10005.0,10005.0,-0.5,-0.5,4.54182383436605,-0.015060240963855422,14.931799492513733,-8.0,8.0,-8.0,8.0,1,1,-10.0,11.0,-10.0,11.0,1,1,,,,,0,0,q4,mid1,mid_low
-2,33300,ASH_COATED_OSMIUM,10003.0,2.0,9995.0,24.0,,,10013.0,10.0,10016.0,24.0,,,10008.0,0.0,prices_round_1_day_-2.csv,False,10.0,-0.6666666666666666,10004.666666666666,10004.666666666666,-0.33333333333393966,3.0,4.434225834771319,-0.016016016016017837,14.88712839031895,-1.6666666666660603,8.33333333333394,-5.0,5.0,1,1,-9.66666666666606,11.33333333333394,-13.0,8.0,1,1,,,,,0,0,q4,tight,mid_low
-2,33400,ASH_COATED_OSMIUM,10003.0,2.0,9997.0,13.0,9995.0,28.0,10013.0,13.0,10016.0,28.0,,,10008.0,0.0,prices_round_1_day_-2.csv,False,10.0,-0.7333333333333333,10004.333333333334,10004.333333333334,-0.3333333333321207,0.0,4.433970894001803,-0.016966067864269643,14.84272376696053,-1.3333333333339397,8.66666666666606,-5.0,5.0,1,1,-7.33333333333394,11.66666666666606,-11.0,8.0,1,1,-9.33333333333394,,-13.0,,1,0,q4,tight,mid_low
-2,33500,ASH_COATED_OSMIUM,9994.0,26.0,,,,,10013.0,15.0,,,,,10003.5,0.0,prices_round_1_day_-2.csv,False,19.0,0.2682926829268293,10006.048780487805,10006.048780487805,1.715447154470894,-4.5,4.439785606330441,-0.011794685111030347,14.807243446104549,-12.048780487804834,6.951219512195166,-9.5,9.5,1,1,,,,,0,0,,,,,0,0,q4,mid2,mid_low
-2,33600,ASH_COATED_OSMIUM,9996.0,11.0,,,,,10012.0,11.0,10015.0,26.0,,,10004.0,0.0,prices_round_1_day_-2.csv,False,16.0,0.0,10004.0,10004.0,-2.0487804878048337,0.5,4.263353362616909,-0.017857142857142856,14.77539185975802,-8.0,8.0,-8.0,8.0,1,1,,11.0,,11.0,0,1,,,,,0,0,q4,mid1,mid_low
-2,33700,ASH_COATED_OSMIUM,9996.0,13.0,,,,,10012.0,13.0,,,,,10004.0,0.0,prices_round_1_day_-2.csv,False,16.0,0.0,10004.0,10004.0,0.0,0.0,4.115335989648719,-0.017804154302670624,14.731418425447213,-8.0,8.0,-8.0,8.0,1,1,,,,,0,0,,,,,0,0,q4,mid1,mid_low
-2,33800,ASH_COATED_OSMIUM,,,,,,,,,,,,,0.0,0.0,prices_round_1_day_-2.csv,True,,,0.0,0.0,-10004.0,-10004.0,1414.7881191175372,-29.615384615384617,296108.35567779193,,,,,0,0,,,,,0,0,,,,,0,0,q4,mid1,low
-2,33900,ASH_COATED_OSMIUM,9997.0,15.0,9994.0,21.0,,,10013.0,15.0,10015.0,21.0,,,10005.0,0.0,prices_round_1_day_-2.csv,False,16.0,0.0,10005.0,10005.0,10005.0,10005.0,2021.218418040146,-0.014749262536873156,592263.2863599692,-8.0,8.0,-8.0,8.0,1,1,-11.0,10.0,-11.0,10.0,1,1,,,,,0,0,q4,mid1,mid_low
-2,34000,ASH_COATED_OSMIUM,9996.0,15.0,9994.0,26.0,,,10012.0,15.0,10015.0,26.0,,,10004.0,0.0,prices_round_1_day_-2.csv,False,16.0,0.0,10004.0,10004.0,-1.0,-1.0,2021.2180922111927,-0.01764705882352941,590516.1998747302,-8.0,8.0,-8.0,8.0,1,1,-10.0,11.0,-10.0,11.0,1,1,,,,,0,0,q4,mid1,mid_low
-2,34100,ASH_COATED_OSMIUM,9996.0,10.0,9994.0,23.0,,,10012.0,10.0,10015.0,23.0,,,10004.0,0.0,prices_round_1_day_-2.csv,False,16.0,0.0,10004.0,10004.0,0.0,0.0,2021.2178161854617,-0.017595307917888565,588779.3875230707,-8.0,8.0,-8.0,8.0,1,1,-10.0,11.0,-10.0,11.0,1,1,,,,,0,0,q4,mid1,mid_low
-2,34200,ASH_COATED_OSMIUM,9994.0,21.0,,,,,10012.0,10.0,10015.0,21.0,,,10003.0,0.0,prices_round_1_day_-2.csv,False,18.0,0.3548387096774194,10006.193548387097,10006.193548387097,2.193548387096598,-1.0,2021.2178384123094,-0.011129975476325736,587052.7760489874,-12.193548387096598,5.806451612903402,-9.0,9.0,1,1,,8.806451612903402,,12.0,0,1,,,,,0,0,q4,mid2,mid_low
-2,34300,ASH_COATED_OSMIUM,9996.0,11.0,,,,,10012.0,11.0,10015.0,27.0,,,10004.0,0.0,prices_round_1_day_-2.csv,False,16.0,0.0,10004.0,10004.0,-2.193548387096598,1.0,2021.217862244322,-0.01749271137026239,585336.2613502007,-8.0,8.0,-8.0,8.0,1,1,,11.0,,11.0,0,1,,,,,0,0,q4,mid1,mid_low
-2,34400,ASH_COATED_OSMIUM,9996.0,15.0,9994.0,29.0,,,10012.0,15.0,,,,,10004.0,0.0,prices_round_1_day_-2.csv,False,16.0,0.0,10004.0,10004.0,0.0,0.0,2021.2178611084137,-0.01744186046511628,583629.7416386991,-8.0,8.0,-8.0,8.0,1,1,-10.0,,-10.0,,1,0,,,,,0,0,q4,mid1,mid_low
-2,34500,ASH_COATED_OSMIUM,9996.0,14.0,9994.0,23.0,,,10015.0,23.0,,,,,10005.5,0.0,prices_round_1_day_-2.csv,False,19.0,-0.24324324324324326,10003.18918918919,10003.18918918919,-0.8108108108099259,1.5,2021.2175346541553,-0.019741480611043263,581933.1453769873,-7.189189189190074,11.810810810809926,-9.5,9.5,1,1,-9.189189189190074,,-11.5,,1,0,,,,,0,0,q4,mid2,mid_low
-2,34600,ASH_COATED_OSMIUM,9997.0,10.0,9994.0,28.0,,,10013.0,10.0,,,,,10005.0,0.0,prices_round_1_day_-2.csv,False,16.0,0.0,10005.0,10005.0,1.810810810809926,-0.5,2021.2172344728301,-0.014450867052023121,580246.392321509,-8.0,8.0,-8.0,8.0,1,1,-11.0,,-11.0,,1,0,,,,,0,0,q4,mid1,mid_low
-2,34700,ASH_COATED_OSMIUM,9996.0,15.0,9994.0,29.0,,,10015.0,29.0,,,,,10005.5,0.0,prices_round_1_day_-2.csv,False,19.0,-0.3181818181818182,10002.477272727272,10002.477272727272,-2.522727272727934,0.5,2021.2169382578961,-0.02167932931621883,578569.3977579195,-6.477272727272066,12.522727272727934,-9.5,9.5,1,1,-8.477272727272066,,-11.5,,1,0,,,,,0,0,q4,mid2,mid_low
-2,34800,ASH_COATED_OSMIUM,9994.0,23.0,,,,,10012.0,13.0,10015.0,23.0,,,10003.0,0.0,prices_round_1_day_-2.csv,False,18.0,0.2777777777777778,10005.5,10005.5,3.022727272727934,-2.5,2021.2166735512008,-0.01293103448275862,576902.077423684,-11.5,6.5,-9.0,9.0,1,1,,9.5,,12.0,0,1,,,,,0,0,q4,mid2,mid_low
-2,34900,ASH_COATED_OSMIUM,9994.0,26.0,,,,,10015.0,26.0,,,,,10004.5,0.0,prices_round_1_day_-2.csv,False,21.0,0.0,10004.5,10004.5,-1.0,1.5,2021.2166672589954,-0.015759312320916905,575244.3156250913,-10.5,10.5,-10.5,10.5,1,1,,,,,0,0,,,,,0,0,q4,mid2,mid_low
-2,35000,ASH_COATED_OSMIUM,9997.0,12.0,9995.0,21.0,,,10013.0,12.0,10016.0,21.0,,,10005.0,0.0,prices_round_1_day_-2.csv,False,16.0,0.0,10005.0,10005.0,0.5,0.5,2021.2166566030862,-0.014285714285714285,573596.0518704281,-8.0,8.0,-8.0,8.0,1,1,-10.0,11.0,-10.0,11.0,1,1,,,,,0,0,q4,mid1,mid_low
-2,35100,ASH_COATED_OSMIUM,9997.0,10.0,9995.0,22.0,,,10013.0,10.0,10016.0,22.0,,,10005.0,0.0,prices_round_1_day_-2.csv,False,16.0,0.0,10005.0,10005.0,0.0,0.0,2021.2166566030862,-0.014245014245014245,571957.2060085225,-8.0,8.0,-8.0,8.0,1,1,-10.0,11.0,-10.0,11.0,1,1,,,,,0,0,q4,mid1,mid_low
-2,35200,ASH_COATED_OSMIUM,9997.0,13.0,,,,,10013.0,13.0,10015.0,26.0,,,10005.0,0.0,prices_round_1_day_-2.csv,False,16.0,0.0,10005.0,10005.0,0.0,0.0,2021.2166518575104,-0.014204545454545454,570327.6982996732,-8.0,8.0,-8.0,8.0,1,1,,10.0,,10.0,0,1,,,,,0,0,q4,mid1,mid_low
-2,35300,ASH_COATED_OSMIUM,9997.0,15.0,9995.0,21.0,,,10013.0,15.0,10016.0,21.0,,,10005.0,0.0,prices_round_1_day_-2.csv,False,16.0,0.0,10005.0,10005.0,0.0,0.0,2021.2166465061166,-0.014164305949008499,568707.4491573479,-8.0,8.0,-8.0,8.0,1,1,-10.0,11.0,-10.0,11.0,1,1,,,,,0,0,q4,mid1,mid_low
-2,35400,ASH_COATED_OSMIUM,9997.0,10.0,9995.0,22.0,,,10013.0,10.0,10016.0,22.0,,,10005.0,0.0,prices_round_1_day_-2.csv,False,16.0,0.0,10005.0,10005.0,0.0,0.0,2021.2166465061166,-0.014124293785310734,567096.3798968457,-8.0,8.0,-8.0,8.0,1,1,-10.0,11.0,-10.0,11.0,1,1,,,,,0,0,q4,mid1,mid_low
-2,35500,ASH_COATED_OSMIUM,9994.0,22.0,,,,,,,,,,,9994.0,0.0,prices_round_1_day_-2.csv,True,,1.0,,9994.0,-11.0,-11.0,2021.2172495980276,-0.04507042253521127,565494.7526923198,0.0,,0.0,,1,0,,,,,0,0,,,,,0,0,q4,mid1,low
-2,35600,ASH_COATED_OSMIUM,9997.0,10.0,,,,,10006.0,3.0,10013.0,10.0,10015.0,27.0,10001.5,0.0,prices_round_1_day_-2.csv,False,9.0,0.5384615384615384,10003.923076923076,10003.923076923076,9.923076923076223,7.5,2021.2177548017844,-0.017070008643044317,563902.0888392407,-6.9230769230762235,2.0769230769237765,-4.5,4.5,1,1,,9.076923076923777,,11.5,0,1,,11.076923076923777,,13.5,0,1,q4,tight,mid_low
-2,35700,ASH_COATED_OSMIUM,9997.0,15.0,9995.0,24.0,,,10013.0,15.0,10016.0,24.0,,,10005.0,0.0,prices_round_1_day_-2.csv,False,16.0,0.0,10005.0,10005.0,1.0769230769237765,3.5,2021.2177555934102,-0.014005602240896359,562318.0975601092,-8.0,8.0,-8.0,8.0,1,1,-10.0,11.0,-10.0,11.0,1,1,,,,,0,0,q4,mid1,mid_low
-2,35800,ASH_COATED_OSMIUM,9994.0,26.0,,,,,10013.0,10.0,10015.0,26.0,,,10003.5,0.0,prices_round_1_day_-2.csv,False,19.0,0.4444444444444444,10007.722222222223,10007.722222222223,2.7222222222226264,-1.5,2021.217785806082,-0.006362507759154675,560742.9977519001,-13.722222222222626,5.277777777777374,-9.5,9.5,1,1,,7.277777777777374,,11.5,0,1,,,,,0,0,q4,mid2,mid_low
-2,35900,ASH_COATED_OSMIUM,9997.0,11.0,,,,,10013.0,11.0,10015.0,22.0,,,10005.0,0.0,prices_round_1_day_-2.csv,False,16.0,0.0,10005.0,10005.0,-2.7222222222226264,1.5,2021.2178250655086,-0.013927576601671309,559176.6970747951,-8.0,8.0,-8.0,8.0,1,1,,10.0,,10.0,0,1,,,,,0,0,q4,mid1,mid_low
-2,36000,ASH_COATED_OSMIUM,10006.0,10.0,,,,,10013.0,12.0,10015.0,28.0,,,10009.5,0.0,prices_round_1_day_-2.csv,False,7.0,-0.09090909090909091,10009.181818181818,10009.181818181818,4.1818181818180165,4.5,2021.217300544859,-0.002272727272727732,557619.150719104,-3.1818181818180165,3.8181818181819835,-3.5,3.5,1,1,,5.8181818181819835,,5.5,0,1,,,,,0,0,q4,tight,mid_low
-2,36100,ASH_COATED_OSMIUM,9997.0,15.0,,,,,10013.0,15.0,10015.0,29.0,,,10005.0,0.0,prices_round_1_day_-2.csv,False,16.0,0.0,10005.0,10005.0,-4.1818181818180165,-4.5,2021.2173421034718,-0.013850415512465374,556070.2570232474,-8.0,8.0,-8.0,8.0,1,1,,10.0,,10.0,0,1,,,,,0,0,q4,mid1,mid_low
-2,36200,ASH_COATED_OSMIUM,9997.0,15.0,9994.0,28.0,,,10016.0,28.0,,,,,10006.5,0.0,prices_round_1_day_-2.csv,False,19.0,-0.3023255813953488,10003.627906976744,10003.627906976744,-1.3720930232557293,1.5,2021.2168142917455,-0.017602466915071075,554529.9012966644,-6.627906976744271,12.37209302325573,-9.5,9.5,1,1,-9.62790697674427,,-12.5,,1,0,,,,,0,0,q4,mid2,mid_low
-2,36300,ASH_COATED_OSMIUM,9997.0,10.0,,,,,10013.0,10.0,10015.0,25.0,,,10005.0,0.0,prices_round_1_day_-2.csv,False,16.0,0.0,10005.0,10005.0,1.3720930232557293,-1.5,2021.2167965724157,-0.013774104683195593,552998.056060854,-8.0,8.0,-8.0,8.0,1,1,,10.0,,10.0,0,1,,,,,0,0,q4,mid1,mid_low
-2,36400,ASH_COATED_OSMIUM,9994.0,30.0,,,,,10013.0,12.0,,,,,10003.5,0.0,prices_round_1_day_-2.csv,False,19.0,0.42857142857142855,10007.57142857143,10007.57142857143,2.571428571429351,-1.5,2021.2168282480493,-0.006671899529040244,551474.6637987365,-13.571428571429351,5.428571428570649,-9.5,9.5,1,1,,,,,0,0,,,,,0,0,q4,mid2,mid_low
-2,36500,ASH_COATED_OSMIUM,9994.0,24.0,,,,,10013.0,12.0,,,,,10003.5,0.0,prices_round_1_day_-2.csv,False,19.0,0.3333333333333333,10006.666666666666,10006.666666666666,-0.9047619047632907,0.0,2021.2168287242782,-0.009132420091325862,549959.6257233442,-12.66666666666606,6.33333333333394,-9.5,9.5,1,1,,,,,0,0,,,,,0,0,q4,mid2,mid_low
-2,36600,ASH_COATED_OSMIUM,9997.0,15.0,9994.0,29.0,,,10015.0,29.0,,,,,10006.0,0.0,prices_round_1_day_-2.csv,False,18.0,-0.3181818181818182,10003.136363636364,10003.136363636364,-3.5303030303020932,2.5,2021.2168873113826,-0.018753104818677684,548452.9208988046,-6.136363636363967,11.863636363636033,-9.0,9.0,1,1,-9.136363636363967,,-12.0,,1,0,,,,,0,0,q4,mid2,mid_low
-2,36700,ASH_COATED_OSMIUM,9996.0,14.0,9994.0,30.0,,,10012.0,14.0,10015.0,30.0,,,10004.0,0.0,prices_round_1_day_-2.csv,False,16.0,0.0,10004.0,10004.0,0.8636363636360329,-2.0,2021.216890977792,-0.01634877384196185,546954.4177720034,-8.0,8.0,-8.0,8.0,1,1,-10.0,11.0,-10.0,11.0,1,1,,,,,0,0,q4,mid1,mid_low
-2,36800,ASH_COATED_OSMIUM,9994.0,22.0,,,,,10012.0,14.0,10015.0,22.0,,,10003.0,0.0,prices_round_1_day_-2.csv,False,18.0,0.2222222222222222,10005.0,10005.0,1.0,-1.0,2021.2168957233673,-0.01358695652173913,545464.0815659703,-11.0,7.0,-9.0,9.0,1,1,,10.0,,12.0,0,1,,,,,0,0,q4,mid2,mid_low
-2,36900,ASH_COATED_OSMIUM,9996.0,15.0,9994.0,22.0,,,10012.0,15.0,10015.0,22.0,,,10004.0,0.0,prices_round_1_day_-2.csv,False,16.0,0.0,10004.0,10004.0,-1.0,1.0,2021.216896127246,-0.016260162601626018,543981.8448507743,-8.0,8.0,-8.0,8.0,1,1,-10.0,11.0,-10.0,11.0,1,1,,,,,0,0,q4,mid1,mid_low
-2,37000,ASH_COATED_OSMIUM,9996.0,12.0,9994.0,26.0,,,10012.0,12.0,10015.0,26.0,,,10004.0,0.0,prices_round_1_day_-2.csv,False,16.0,0.0,10004.0,10004.0,0.0,0.0,2021.216890977792,-0.016216216216216217,542507.6393098879,-8.0,8.0,-8.0,8.0,1,1,-10.0,11.0,-10.0,11.0,1,1,,,,,0,0,q4,mid1,mid_low
-2,37100,ASH_COATED_OSMIUM,9994.0,20.0,,,,,10012.0,14.0,10015.0,20.0,,,10003.0,0.0,prices_round_1_day_-2.csv,False,18.0,0.17647058823529413,10004.588235294117,10004.588235294117,0.5882352941171121,-1.0,2021.216772643685,-0.014586966862218026,541041.4034316904,-10.588235294117112,7.411764705882888,-9.0,9.0,1,1,,10.411764705882888,,12.0,0,1,,,,,0,0,q4,mid2,mid_low
-2,37200,ASH_COATED_OSMIUM,9996.0,15.0,9994.0,27.0,,,10012.0,15.0,,,,,10004.0,0.0,prices_round_1_day_-2.csv,False,16.0,0.0,10004.0,10004.0,-0.5882352941171121,1.0,2021.2167003604154,-0.016129032258064516,539583.0716924885,-8.0,8.0,-8.0,8.0,1,1,-10.0,,-10.0,,1,0,,,,,0,0,q4,mid1,mid_low
-2,37300,ASH_COATED_OSMIUM,9996.0,12.0,9994.0,21.0,,,10012.0,12.0,10015.0,21.0,,,10004.0,0.0,prices_round_1_day_-2.csv,False,16.0,0.0,10004.0,10004.0,0.0,0.0,2021.2167003604154,-0.0160857908847185,538132.5795649803,-8.0,8.0,-8.0,8.0,1,1,-10.0,11.0,-10.0,11.0,1,1,,,,,0,0,q4,mid1,mid_low
-2,37400,ASH_COATED_OSMIUM,10002.0,5.0,9997.0,15.0,9994.0,30.0,10013.0,15.0,10015.0,30.0,,,10007.5,0.0,prices_round_1_day_-2.csv,False,11.0,-0.5,10004.75,10004.75,0.75,3.5,2021.2165995484834,-0.014037433155080214,536689.8664436754,-2.75,8.25,-5.5,5.5,1,1,-7.75,10.25,-10.5,7.5,1,1,-10.75,,-13.5,,1,0,q4,tight,mid_low
-2,37500,ASH_COATED_OSMIUM,9997.0,10.0,,,,,10013.0,10.0,10015.0,22.0,,,10005.0,0.0,prices_round_1_day_-2.csv,False,16.0,0.0,10005.0,10005.0,0.25,-2.5,2021.2164989511073,-0.013333333333333334,535254.8669866865,-8.0,8.0,-8.0,8.0,1,1,,10.0,,10.0,0,1,,,,,0,0,q4,mid1,mid_low
-2,37600,ASH_COATED_OSMIUM,9997.0,13.0,9995.0,22.0,,,10013.0,13.0,10016.0,22.0,,,10005.0,0.0,prices_round_1_day_-2.csv,False,16.0,0.0,10005.0,10005.0,0.0,0.0,2021.216498898519,-0.013297872340425532,533827.5206751948,-8.0,8.0,-8.0,8.0,1,1,-10.0,11.0,-10.0,11.0,1,1,,,,,0,0,q4,mid1,mid_low
-2,37700,ASH_COATED_OSMIUM,9997.0,10.0,9995.0,20.0,,,10013.0,10.0,,,,,10005.0,0.0,prices_round_1_day_-2.csv,False,16.0,0.0,10005.0,10005.0,0.0,0.0,2021.2162510340063,-0.013262599469496022,532407.766631315,-8.0,8.0,-8.0,8.0,1,1,-10.0,,-10.0,,1,0,,,,,0,0,q4,mid1,mid_low
-2,37800,ASH_COATED_OSMIUM,9998.0,13.0,9995.0,20.0,,,10014.0,13.0,10016.0,20.0,,,10006.0,0.0,prices_round_1_day_-2.csv,False,16.0,0.0,10006.0,10006.0,1.0,1.0,2021.215939340466,-0.010582010582010581,530995.5471547995,-8.0,8.0,-8.0,8.0,1,1,-11.0,10.0,-11.0,10.0,1,1,,,,,0,0,q4,mid1,mid_low
-2,37900,ASH_COATED_OSMIUM,9998.0,14.0,9995.0,24.0,,,,,,,,,9998.0,0.0,prices_round_1_day_-2.csv,True,,1.0,,9998.0,-8.0,-8.0,2021.216257016462,-0.0316622691292876,529590.9654490482,0.0,,0.0,,1,0,-3.0,,-3.0,,1,0,,,,,0,0,q4,mid1,low
-2,38000,ASH_COATED_OSMIUM,9997.0,14.0,9995.0,25.0,,,10016.0,25.0,,,,,10006.5,0.0,prices_round_1_day_-2.csv,False,19.0,-0.28205128205128205,10003.820512820514,10003.820512820514,5.820512820513613,8.5,2021.2164309143038,-0.01626180836706944,528193.7179355337,-6.820512820513613,12.179487179486387,-9.5,9.5,1,1,-8.820512820513613,,-11.5,,1,0,,,,,0,0,q4,mid2,mid_low
-2,38100,ASH_COATED_OSMIUM,9997.0,15.0,9995.0,26.0,,,10013.0,15.0,,,,,10005.0,0.0,prices_round_1_day_-2.csv,False,16.0,0.0,10005.0,10005.0,1.1794871794863866,-1.5,2021.2164367908106,-0.013123359580052493,526803.7382200793,-8.0,8.0,-8.0,8.0,1,1,-10.0,,-10.0,,1,0,,,,,0,0,q4,mid1,mid_low
-2,38200,ASH_COATED_OSMIUM,,,,,,,10013.0,12.0,10016.0,20.0,,,10013.0,0.0,prices_round_1_day_-2.csv,True,,-1.0,,10013.0,8.0,8.0,2021.2167521949102,0.007853403141361256,525421.2193325111,,0.0,,0.0,0,1,,3.0,,3.0,0,1,,,,,0,0,q4,mid1,mid_low
-2,38300,ASH_COATED_OSMIUM,9996.0,13.0,9994.0,20.0,,,10006.0,5.0,10012.0,13.0,10015.0,20.0,10001.0,0.0,prices_round_1_day_-2.csv,False,10.0,0.4444444444444444,10003.222222222223,10003.222222222223,-9.777777777777374,-12.0,2021.2172405453614,-0.017696547722656327,524046.021136759,-7.222222222222626,2.7777777777773736,-5.0,5.0,1,1,-9.222222222222626,8.777777777777374,-7.0,11.0,1,1,,11.777777777777374,,14.0,0,1,q4,tight,mid_low
-2,38400,ASH_COATED_OSMIUM,9996.0,13.0,9993.0,24.0,,,10012.0,13.0,10014.0,24.0,,,10004.0,0.0,prices_round_1_day_-2.csv,False,16.0,0.0,10004.0,10004.0,0.7777777777773736,3.0,2021.217243237886,-0.015625,522677.7564108968,-8.0,8.0,-8.0,8.0,1,1,-11.0,10.0,-11.0,10.0,1,1,,,,,0,0,q4,mid1,mid_low
-2,38500,ASH_COATED_OSMIUM,9996.0,15.0,9993.0,21.0,,,10012.0,15.0,10014.0,21.0,,,10004.0,0.0,prices_round_1_day_-2.csv,False,16.0,0.0,10004.0,10004.0,0.0,0.0,2021.2172279688148,-0.015584415584415584,521316.6164208776,-8.0,8.0,-8.0,8.0,1,1,-11.0,10.0,-11.0,10.0,1,1,,,,,0,0,q4,mid1,mid_low
-2,38600,ASH_COATED_OSMIUM,9996.0,14.0,9994.0,27.0,,,,,,,,,9996.0,0.0,prices_round_1_day_-2.csv,True,,1.0,,9996.0,-8.0,-8.0,2021.217523842476,-0.03626943005181347,519962.71244506876,0.0,,0.0,,1,0,-2.0,,-2.0,,1,0,,,,,0,0,q4,mid1,low
-2,38700,ASH_COATED_OSMIUM,9997.0,11.0,,,,,10015.0,30.0,,,,,10006.0,0.0,prices_round_1_day_-2.csv,False,18.0,-0.4634146341463415,10001.829268292682,10001.829268292682,5.829268292682173,10.0,2021.2177013780522,-0.021113001827694645,518615.7476864861,-4.829268292682173,13.170731707317827,-9.0,9.0,1,1,,,,,0,0,,,,,0,0,q4,mid2,mid_low
-2,38800,ASH_COATED_OSMIUM,9997.0,15.0,9994.0,22.0,,,10015.0,22.0,,,,,10006.0,0.0,prices_round_1_day_-2.csv,False,18.0,-0.1891891891891892,10004.297297297297,10004.297297297297,2.4680290046144364,0.0,1414.927702191301,-0.014697687378101523,517275.6712838319,-7.297297297296609,10.702702702703391,-9.0,9.0,1,1,-10.297297297296609,,-12.0,,1,0,,,,,0,0,q4,mid2,mid_low
-2,38900,ASH_COATED_OSMIUM,9994.0,21.0,,,,,10015.0,21.0,,,,,10004.5,0.0,prices_round_1_day_-2.csv,False,21.0,0.0,10004.5,10004.5,0.20270270270339097,-1.5,3.76352888022521,-0.014138817480719794,515942.48668552673,-10.5,10.5,-10.5,10.5,1,1,,,,,0,0,,,,,0,0,q3,mid2,mid_low
-2,39000,ASH_COATED_OSMIUM,9996.0,12.0,9994.0,28.0,,,10012.0,12.0,10015.0,28.0,,,10004.0,0.0,prices_round_1_day_-2.csv,False,16.0,0.0,10004.0,10004.0,-0.5,-0.5,3.7615084142743282,-0.015384615384615385,514616.15699084883,-8.0,8.0,-8.0,8.0,1,1,-10.0,11.0,-10.0,11.0,1,1,,,,,0,0,q3,mid1,mid_low
-2,39100,ASH_COATED_OSMIUM,9996.0,13.0,9994.0,25.0,,,10012.0,13.0,10015.0,25.0,,,10004.0,0.0,prices_round_1_day_-2.csv,False,16.0,0.0,10004.0,10004.0,0.0,0.0,3.7615084142743282,-0.015345268542199489,513296.6283837853,-8.0,8.0,-8.0,8.0,1,1,-10.0,11.0,-10.0,11.0,1,1,,,,,0,0,q3,mid1,mid_low
-2,39200,ASH_COATED_OSMIUM,,,,,,,10012.0,10.0,10014.0,20.0,,,10012.0,0.0,prices_round_1_day_-2.csv,True,,-1.0,,10012.0,8.0,8.0,3.9170281838194994,0.00510204081632653,511984.0131753038,,0.0,,0.0,0,1,,2.0,,2.0,0,1,,,,,0,0,q3,mid1,mid_low
-2,39300,ASH_COATED_OSMIUM,,,,,,,10012.0,15.0,,,,,10012.0,0.0,prices_round_1_day_-2.csv,True,,-1.0,,10012.0,0.0,0.0,3.9028901455650855,0.005089058524173028,510677.93150910654,,0.0,,0.0,0,1,,,,,0,0,,,,,0,0,q3,mid1,mid_low
-2,39400,ASH_COATED_OSMIUM,9996.0,11.0,9994.0,24.0,,,10012.0,11.0,10015.0,24.0,,,10004.0,0.0,prices_round_1_day_-2.csv,False,16.0,0.0,10004.0,10004.0,-8.0,-8.0,4.069987271025333,-0.015228426395939087,509378.659212156,-8.0,8.0,-8.0,8.0,1,1,-10.0,11.0,-10.0,11.0,1,1,,,,,0,0,q4,mid1,mid_low
-2,39500,ASH_COATED_OSMIUM,9997.0,13.0,9994.0,29.0,,,10013.0,13.0,10015.0,29.0,,,10005.0,0.0,prices_round_1_day_-2.csv,False,16.0,0.0,10005.0,10005.0,1.0,1.0,4.070681706039446,-0.012658227848101266,508085.82258491556,-8.0,8.0,-8.0,8.0,1,1,-11.0,10.0,-11.0,10.0,1,1,,,,,0,0,q4,mid1,mid_low
-2,39600,ASH_COATED_OSMIUM,10002.0,5.0,9997.0,15.0,,,10013.0,15.0,,,,,10007.5,0.0,prices_round_1_day_-2.csv,False,11.0,-0.5,10004.75,10004.75,-0.25,2.5,4.062772309154587,-0.013257575757575758,506799.52950543194,-2.75,8.25,-5.5,5.5,1,1,-7.75,,-10.5,,1,0,,,,,0,0,q4,tight,mid_low
-2,39700,ASH_COATED_OSMIUM,9997.0,11.0,9995.0,21.0,,,10013.0,11.0,10016.0,21.0,,,10005.0,0.0,prices_round_1_day_-2.csv,False,16.0,0.0,10005.0,10005.0,0.25,-2.5,4.046596294633192,-0.012594458438287154,505519.7328883222,-8.0,8.0,-8.0,8.0,1,1,-10.0,11.0,-10.0,11.0,1,1,,,,,0,0,q4,mid1,mid_low
-2,39800,ASH_COATED_OSMIUM,9995.0,24.0,,,,,10013.0,14.0,,,,,10004.0,0.0,prices_round_1_day_-2.csv,False,18.0,0.2631578947368421,10006.368421052632,10006.368421052632,1.3684210526316747,-1.0,4.028520853235132,-0.009124570219518405,504246.3882271725,-11.368421052631675,6.631578947368325,-9.0,9.0,1,1,,,,,0,0,,,,,0,0,q3,mid2,mid_low
-2,39900,ASH_COATED_OSMIUM,9997.0,12.0,9995.0,23.0,,,10013.0,12.0,,,,,10005.0,0.0,prices_round_1_day_-2.csv,False,16.0,0.0,10005.0,10005.0,-1.3684210526316747,1.0,4.030755973715064,-0.012531328320802004,502979.44213377795,-8.0,8.0,-8.0,8.0,1,1,-10.0,,-10.0,,1,0,,,,,0,0,q3,mid1,mid_low
-2,40000,ASH_COATED_OSMIUM,9997.0,12.0,9995.0,27.0,,,10013.0,12.0,10016.0,27.0,,,10005.0,0.0,prices_round_1_day_-2.csv,False,16.0,0.0,10005.0,10005.0,0.0,0.0,4.03013569494126,-0.0125,501718.84202857205,-8.0,8.0,-8.0,8.0,1,1,-10.0,11.0,-10.0,11.0,1,1,,,,,0,0,q3,mid1,mid_low
-2,40100,ASH_COATED_OSMIUM,9997.0,11.0,9995.0,26.0,,,10013.0,11.0,10016.0,26.0,,,10005.0,0.0,prices_round_1_day_-2.csv,False,16.0,0.0,10005.0,10005.0,0.0,0.0,4.03013569494126,-0.012468827930174564,500464.5449238903,-8.0,8.0,-8.0,8.0,1,1,-10.0,11.0,-10.0,11.0,1,1,,,,,0,0,q3,mid1,mid_low
-2,40200,ASH_COATED_OSMIUM,9998.0,12.0,9995.0,27.0,,,10014.0,12.0,10016.0,27.0,,,10006.0,0.0,prices_round_1_day_-2.csv,False,16.0,0.0,10006.0,10006.0,1.0,1.0,4.032616237585678,-0.009950248756218905,499216.50621471135,-8.0,8.0,-8.0,8.0,1,1,-11.0,10.0,-11.0,10.0,1,1,,,,,0,0,q4,mid1,mid_low
-2,40300,ASH_COATED_OSMIUM,10003.0,3.0,9997.0,11.0,9995.0,28.0,10013.0,11.0,10016.0,28.0,,,10008.0,0.0,prices_round_1_day_-2.csv,False,10.0,-0.5714285714285714,10005.142857142857,10005.142857142857,-0.857142857143117,2.0,4.034524421247876,-0.012052463665367536,497974.6758906806,-2.142857142856883,7.857142857143117,-5.0,5.0,1,1,-8.142857142856883,10.857142857143117,-11.0,8.0,1,1,-10.142857142856883,,-13.0,,1,0,q4,tight,mid_low
-2,40400,ASH_COATED_OSMIUM,9997.0,10.0,9994.0,30.0,,,10013.0,10.0,10015.0,30.0,,,10005.0,0.0,prices_round_1_day_-2.csv,False,16.0,0.0,10005.0,10005.0,-0.142857142856883,-3.0,4.034577069363768,-0.012376237623762377,496739.0067620871,-8.0,8.0,-8.0,8.0,1,1,-11.0,10.0,-11.0,10.0,1,1,,,,,0,0,q4,mid1,mid_low
-2,40500,ASH_COATED_OSMIUM,9997.0,14.0,9994.0,29.0,,,10013.0,14.0,,,,,10005.0,0.0,prices_round_1_day_-2.csv,False,16.0,0.0,10005.0,10005.0,0.0,0.0,3.7093175407926253,-0.012345679012345678,495509.4547655295,-8.0,8.0,-8.0,8.0,1,1,-11.0,,-11.0,,1,0,,,,,0,0,q3,mid1,mid_low
-2,40600,ASH_COATED_OSMIUM,9997.0,15.0,,,,,10015.0,29.0,,,,,10006.0,0.0,prices_round_1_day_-2.csv,False,18.0,-0.3181818181818182,10003.136363636364,10003.136363636364,-1.863636363636033,1.0,3.445215851245026,-0.016905508284817815,494285.9830718754,-6.136363636363967,11.863636363636033,-9.0,9.0,1,1,,,,,0,0,,,,,0,0,q3,mid2,mid_low
-2,40700,ASH_COATED_OSMIUM,9996.0,13.0,9994.0,24.0,,,10012.0,13.0,10015.0,24.0,,,10004.0,0.0,prices_round_1_day_-2.csv,False,16.0,0.0,10004.0,10004.0,0.8636363636360329,-2.0,3.4439671702929413,-0.014742014742014743,493068.5318166465,-8.0,8.0,-8.0,8.0,1,1,-10.0,11.0,-10.0,11.0,1,1,,,,,0,0,q3,mid1,mid_low
-2,40800,ASH_COATED_OSMIUM,9996.0,10.0,9993.0,24.0,,,10012.0,10.0,10014.0,24.0,,,10004.0,0.0,prices_round_1_day_-2.csv,False,16.0,0.0,10004.0,10004.0,0.0,0.0,3.4211735396752445,-0.014705882352941176,491857.0612230351,-8.0,8.0,-8.0,8.0,1,1,-11.0,10.0,-11.0,10.0,1,1,,,,,0,0,q3,mid1,mid_low
-2,40900,ASH_COATED_OSMIUM,9996.0,14.0,,,,,10013.0,14.0,10015.0,23.0,,,10004.5,0.0,prices_round_1_day_-2.csv,False,17.0,0.0,10004.5,10004.5,0.5,0.5,3.4005659672352064,-0.013447432762836185,490651.52985796495,-8.5,8.5,-8.5,8.5,1,1,,10.5,,10.5,0,1,,,,,0,0,q3,mid2,mid_low
-2,41000,ASH_COATED_OSMIUM,9997.0,13.0,9994.0,24.0,,,10002.0,6.0,10013.0,13.0,10015.0,24.0,9999.5,0.0,prices_round_1_day_-2.csv,False,5.0,0.3684210526315789,10000.421052631578,10000.421052631578,-4.078947368421723,-5.0,3.393417349379569,-0.023363286264443225,489451.93317854893,-3.421052631578277,1.5789473684217228,-2.5,2.5,1,1,-6.421052631578277,12.578947368421723,-5.5,13.5,1,1,,14.578947368421723,,15.5,0,1,q3,tight,mid_low
-2,41100,ASH_COATED_OSMIUM,10002.0,4.0,9996.0,14.0,9994.0,26.0,10012.0,14.0,10015.0,26.0,,,10007.0,0.0,prices_round_1_day_-2.csv,False,10.0,-0.5555555555555556,10004.222222222223,10004.222222222223,3.8011695906443492,7.5,3.3888562651081995,-0.014057853473910885,488258.18356460804,-2.2222222222226264,7.777777777777374,-5.0,5.0,1,1,-8.222222222222626,10.777777777777374,-11.0,8.0,1,1,-10.222222222222626,,-13.0,,1,0,q3,tight,mid_low
-2,41200,ASH_COATED_OSMIUM,9996.0,12.0,,,,,10002.0,10.0,10012.0,12.0,10015.0,25.0,9999.0,0.0,prices_round_1_day_-2.csv,False,6.0,0.09090909090909091,9999.272727272728,9999.272727272728,-4.949494949494692,-8.0,3.455196029299737,-0.026037069726388508,487070.26657154737,-3.272727272727934,2.727272727272066,-3.0,3.0,1,1,,12.727272727272066,,13.0,0,1,,15.727272727272066,,16.0,0,1,q3,tight,low
-2,41300,ASH_COATED_OSMIUM,9996.0,10.0,9994.0,28.0,,,10012.0,10.0,,,,,10004.0,0.0,prices_round_1_day_-2.csv,False,16.0,0.0,10004.0,10004.0,4.727272727272066,5.0,3.51615635585505,-0.014527845036319613,485888.11189357546,-8.0,8.0,-8.0,8.0,1,1,-10.0,,-10.0,,1,0,,,,,0,0,q3,mid1,mid_low
-2,41400,ASH_COATED_OSMIUM,9996.0,13.0,,,,,10012.0,13.0,10015.0,30.0,,,10004.0,0.0,prices_round_1_day_-2.csv,False,16.0,0.0,10004.0,10004.0,0.0,0.0,3.496228502909822,-0.014492753623188406,484711.6273616553,-8.0,8.0,-8.0,8.0,1,1,,11.0,,11.0,0,1,,,,,0,0,q3,mid1,mid_low
-2,41500,ASH_COATED_OSMIUM,9996.0,13.0,9994.0,21.0,,,10012.0,13.0,10015.0,21.0,,,10004.0,0.0,prices_round_1_day_-2.csv,False,16.0,0.0,10004.0,10004.0,0.0,0.0,3.494168200330014,-0.014457831325301205,483540.8263298869,-8.0,8.0,-8.0,8.0,1,1,-10.0,11.0,-10.0,11.0,1,1,,,,,0,0,q3,mid1,mid_low
-2,41600,ASH_COATED_OSMIUM,9996.0,12.0,,,,,10012.0,12.0,10015.0,23.0,,,10004.0,0.0,prices_round_1_day_-2.csv,False,16.0,0.0,10004.0,10004.0,0.0,0.0,3.457956293260123,-0.014423076923076924,482375.66771272704,-8.0,8.0,-8.0,8.0,1,1,,11.0,,11.0,0,1,,,,,0,0,q3,mid1,mid_low
-2,41700,ASH_COATED_OSMIUM,9996.0,12.0,,,,,10012.0,12.0,10015.0,28.0,,,10004.0,0.0,prices_round_1_day_-2.csv,False,16.0,0.0,10004.0,10004.0,0.0,0.0,3.4557986588812435,-0.014388489208633094,481216.1108196856,-8.0,8.0,-8.0,8.0,1,1,,11.0,,11.0,0,1,,,,,0,0,q3,mid1,mid_low
-2,41800,ASH_COATED_OSMIUM,10002.0,3.0,9996.0,11.0,9994.0,29.0,,,,,,,10002.0,0.0,prices_round_1_day_-2.csv,True,,1.0,,10002.0,-2.0,-2.0,3.4641153836345526,-0.019138755980861243,480062.12478227844,0.0,,0.0,,1,0,-6.0,,-6.0,,1,0,-8.0,,-8.0,,1,0,q3,mid1,mid_low
-2,41900,ASH_COATED_OSMIUM,9996.0,14.0,,,,,10012.0,14.0,10014.0,30.0,,,10004.0,0.0,prices_round_1_day_-2.csv,False,16.0,0.0,10004.0,10004.0,2.0,2.0,3.473469929381459,-0.014319809069212411,478913.66052966815,-8.0,8.0,-8.0,8.0,1,1,,10.0,,10.0,0,1,,,,,0,0,q3,mid1,mid_low
-2,42000,ASH_COATED_OSMIUM,9996.0,11.0,9994.0,20.0,,,10006.0,4.0,10012.0,11.0,,,10001.0,0.0,prices_round_1_day_-2.csv,False,10.0,0.4666666666666667,10003.333333333334,10003.333333333334,-0.6666666666660603,-3.0,3.474749234003241,-0.01587301587301443,477770.66951299406,-7.33333333333394,2.6666666666660603,-5.0,5.0,1,1,-9.33333333333394,8.66666666666606,-7.0,11.0,1,1,,,,,0,0,q3,tight,mid_low
-2,42100,ASH_COATED_OSMIUM,10002.0,5.0,9997.0,10.0,9994.0,20.0,10015.0,20.0,,,,,10008.5,0.0,prices_round_1_day_-2.csv,False,13.0,-0.6,10004.6,10004.6,1.2666666666664241,7.5,3.478468873598305,-0.012826603325414812,476633.1242070129,-2.600000000000364,10.399999999999636,-6.5,6.5,1,1,-7.600000000000364,,-11.5,,1,0,-10.600000000000364,,-14.5,,1,0,q3,tight,mid_low
-2,42200,ASH_COATED_OSMIUM,,,,,,,10013.0,15.0,10015.0,20.0,,,10013.0,0.0,prices_round_1_day_-2.csv,True,,-1.0,,10013.0,8.399999999999636,4.5,3.674183295428639,0.0071090047393364926,475501.14673368656,,0.0,,0.0,0,1,,2.0,,2.0,0,1,,,,,0,0,q3,mid1,mid_low
-2,42300,ASH_COATED_OSMIUM,9997.0,13.0,9994.0,24.0,,,10013.0,13.0,10015.0,24.0,,,10005.0,0.0,prices_round_1_day_-2.csv,False,16.0,0.0,10005.0,10005.0,-8.0,-8.0,3.852064173739962,-0.01182033096926714,474374.51833437773,-8.0,8.0,-8.0,8.0,1,1,-11.0,10.0,-11.0,10.0,1,1,,,,,0,0,q3,mid1,mid_low
-2,42400,ASH_COATED_OSMIUM,9996.0,14.0,9994.0,25.0,,,10012.0,14.0,10015.0,25.0,,,10004.0,0.0,prices_round_1_day_-2.csv,False,16.0,0.0,10004.0,10004.0,-1.0,-1.0,3.853246104451165,-0.014150943396226415,473253.0678754217,-8.0,8.0,-8.0,8.0,1,1,-10.0,11.0,-10.0,11.0,1,1,,,,,0,0,q3,mid1,mid_low
-2,42500,ASH_COATED_OSMIUM,9994.0,22.0,,,,,10006.0,5.0,10012.0,14.0,10015.0,22.0,10000.0,0.0,prices_round_1_day_-2.csv,False,12.0,0.6296296296296297,10003.777777777777,10003.777777777777,-0.22222222222262644,-4.0,3.853162040228872,-0.014640522875817944,472136.9050813565,-9.777777777777374,2.2222222222226264,-6.0,6.0,1,1,,8.222222222222626,,12.0,0,1,,11.222222222222626,,15.0,0,1,q3,tight,mid_low
-2,42600,ASH_COATED_OSMIUM,9996.0,13.0,,,,,10012.0,13.0,,,,,10004.0,0.0,prices_round_1_day_-2.csv,False,16.0,0.0,10004.0,10004.0,0.22222222222262644,4.0,3.853318969524671,-0.014084507042253521,471025.9948481586,-8.0,8.0,-8.0,8.0,1,1,,,,,0,0,,,,,0,0,q3,mid1,mid_low
-2,42700,ASH_COATED_OSMIUM,9995.0,10.0,,,,,10011.0,10.0,10014.0,23.0,,,10003.0,0.0,prices_round_1_day_-2.csv,False,16.0,0.0,10003.0,10003.0,-1.0,-1.0,3.855807406285752,-0.01639344262295082,469920.3023009868,-8.0,8.0,-8.0,8.0,1,1,,11.0,,11.0,0,1,,,,,0,0,q3,mid1,mid_low
-2,42800,ASH_COATED_OSMIUM,9995.0,11.0,9993.0,25.0,,,10011.0,11.0,,,,,10003.0,0.0,prices_round_1_day_-2.csv,False,16.0,0.0,10003.0,10003.0,0.0,0.0,3.852895245756913,-0.016355140186915886,468819.7863711674,-8.0,8.0,-8.0,8.0,1,1,-10.0,,-10.0,,1,0,,,,,0,0,q3,mid1,mid_low
-2,42900,ASH_COATED_OSMIUM,9995.0,15.0,,,,,10011.0,15.0,10014.0,26.0,,,10003.0,0.0,prices_round_1_day_-2.csv,False,16.0,0.0,10003.0,10003.0,0.0,0.0,3.6786068984809632,-0.016317016317016316,467724.4130391481,-8.0,8.0,-8.0,8.0,1,1,,11.0,,11.0,0,1,,,,,0,0,q3,mid1,mid_low
-2,43000,ASH_COATED_OSMIUM,9995.0,10.0,9992.0,21.0,,,10011.0,10.0,10013.0,21.0,,,10003.0,0.0,prices_round_1_day_-2.csv,False,16.0,0.0,10003.0,10003.0,0.0,0.0,3.5847848899244417,-0.01627906976744186,466634.1463427063,-8.0,8.0,-8.0,8.0,1,1,-11.0,10.0,-11.0,10.0,1,1,,,,,0,0,q3,mid1,mid_low
-2,43100,ASH_COATED_OSMIUM,9995.0,10.0,,,,,10011.0,10.0,,,,,10003.0,0.0,prices_round_1_day_-2.csv,False,16.0,0.0,10003.0,10003.0,0.0,0.0,3.580633074408054,-0.016241299303944315,465548.9506541521,-8.0,8.0,-8.0,8.0,1,1,,,,,0,0,,,,,0,0,q3,mid1,mid_low
-2,43200,ASH_COATED_OSMIUM,,,,,,,10011.0,11.0,10013.0,28.0,,,10011.0,0.0,prices_round_1_day_-2.csv,True,,-1.0,,10011.0,8.0,8.0,3.580633074408054,0.0023148148148148147,464468.93942612456,,0.0,,0.0,0,1,,2.0,,2.0,0,1,,,,,0,0,q3,mid1,mid_low
-2,43300,ASH_COATED_OSMIUM,9995.0,13.0,9992.0,23.0,,,10011.0,13.0,10013.0,23.0,,,10003.0,0.0,prices_round_1_day_-2.csv,False,16.0,0.0,10003.0,10003.0,-8.0,-8.0,3.4896342172438066,-0.016166281755196306,463393.9277356725,-8.0,8.0,-8.0,8.0,1,1,-11.0,10.0,-11.0,10.0,1,1,,,,,0,0,q3,mid1,mid_low
-2,43400,ASH_COATED_OSMIUM,9995.0,14.0,,,,,10011.0,14.0,10014.0,28.0,,,10003.0,0.0,prices_round_1_day_-2.csv,False,16.0,0.0,10003.0,10003.0,0.0,0.0,3.487809238489368,-0.016129032258064516,462323.73390778585,-8.0,8.0,-8.0,8.0,1,1,,11.0,,11.0,0,1,,,,,0,0,q3,mid1,mid_low
-2,43500,ASH_COATED_OSMIUM,9995.0,11.0,9993.0,22.0,,,10011.0,11.0,10014.0,22.0,,,10003.0,0.0,prices_round_1_day_-2.csv,False,16.0,0.0,10003.0,10003.0,0.0,0.0,3.487809238489368,-0.016091954022988506,461258.4718486885,-8.0,8.0,-8.0,8.0,1,1,-10.0,11.0,-10.0,11.0,1,1,,,,,0,0,q3,mid1,mid_low
-2,43600,ASH_COATED_OSMIUM,9993.0,20.0,,,,,10001.0,8.0,10011.0,11.0,,,9997.0,0.0,prices_round_1_day_-2.csv,False,8.0,0.42857142857142855,9998.714285714286,9998.714285714286,-4.285714285713766,-6.0,3.3512588281228424,-0.025884665792921483,460198.14935676893,-5.714285714286234,2.285714285713766,-4.0,4.0,1,1,,12.285714285713766,,14.0,0,1,,,,,0,0,q3,tight,low
-2,43700,ASH_COATED_OSMIUM,9995.0,11.0,9993.0,29.0,,,10011.0,11.0,10014.0,29.0,,,10003.0,0.0,prices_round_1_day_-2.csv,False,16.0,0.0,10003.0,10003.0,4.285714285713766,6.0,3.3037479140977597,-0.016018306636155607,459142.69155399135,-8.0,8.0,-8.0,8.0,1,1,-10.0,11.0,-10.0,11.0,1,1,,,,,0,0,q2,mid1,mid_low
-2,43800,ASH_COATED_OSMIUM,,,,,,,,,,,,,0.0,0.0,prices_round_1_day_-2.csv,True,,,0.0,0.0,-10003.0,-10003.0,1414.6378960547381,-22.85388127853881,686538.7992633185,,,,,0,0,,,,,0,0,,,,,0,0,q4,mid1,low
-2,43900,ASH_COATED_OSMIUM,,,,,,,10014.0,22.0,,,,,10014.0,0.0,prices_round_1_day_-2.csv,True,,-1.0,,10014.0,10014.0,10014.0,2022.0253127915596,0.009111617312072893,914443.8780667167,,0.0,,0.0,0,1,,,,,0,0,,,,,0,0,q4,mid1,mid_low
-2,44000,ASH_COATED_OSMIUM,9993.0,29.0,,,,,,,,,,,9993.0,0.0,prices_round_1_day_-2.csv,True,,1.0,,9993.0,-21.0,-21.0,2022.0275339165742,-0.038636363636363635,912361.8655418,0.0,,0.0,,1,0,,,,,0,0,,,,,0,0,q4,mid1,low
-2,44100,ASH_COATED_OSMIUM,9996.0,13.0,9993.0,30.0,,,10012.0,13.0,10014.0,30.0,,,10004.0,0.0,prices_round_1_day_-2.csv,False,16.0,0.0,10004.0,10004.0,11.0,11.0,2022.028156750606,-0.013605442176870748,910288.5921546267,-8.0,8.0,-8.0,8.0,1,1,-11.0,10.0,-11.0,10.0,1,1,,,,,0,0,q4,mid1,mid_low
-2,44200,ASH_COATED_OSMIUM,9995.0,12.0,,,,,10014.0,26.0,,,,,10004.5,0.0,prices_round_1_day_-2.csv,False,19.0,-0.3684210526315789,10001.0,10001.0,-3.0,0.5,2022.0278669829254,-0.020361990950226245,908224.4658648764,-6.0,13.0,-9.5,9.5,1,1,,,,,0,0,,,,,0,0,q4,mid2,mid_low
-2,44300,ASH_COATED_OSMIUM,9993.0,27.0,,,,,10012.0,14.0,10014.0,27.0,,,10002.5,0.0,prices_round_1_day_-2.csv,False,19.0,0.3170731707317073,10005.512195121952,10005.512195121952,4.512195121951663,-2.0,2022.027977692516,-0.010130485052027849,906169.705755904,-12.512195121951663,6.487804878048337,-9.5,9.5,1,1,,8.487804878048337,,11.5,0,1,,,,,0,0,q4,mid2,mid_low
-2,44400,ASH_COATED_OSMIUM,9995.0,13.0,9993.0,21.0,,,10014.0,21.0,,,,,10004.5,0.0,prices_round_1_day_-2.csv,False,19.0,-0.23529411764705882,10002.264705882353,10002.264705882353,-3.247489239598508,2.0,2022.0277118843599,-0.017421833598303703,904124.1995507823,-7.264705882353155,11.735294117646845,-9.5,9.5,1,1,-9.264705882353155,,-11.5,,1,0,,,,,0,0,q4,mid2,mid_low
-2,44500,ASH_COATED_OSMIUM,9995.0,11.0,,,,,10011.0,11.0,10013.0,27.0,,,10003.0,0.0,prices_round_1_day_-2.csv,False,16.0,0.0,10003.0,10003.0,0.7352941176468448,-1.5,2022.0277094665119,-0.015730337078651686,902087.8850592447,-8.0,8.0,-8.0,8.0,1,1,,10.0,,10.0,0,1,,,,,0,0,q4,mid1,mid_low
-2,44600,ASH_COATED_OSMIUM,9995.0,14.0,9992.0,26.0,,,10011.0,14.0,10013.0,26.0,,,10003.0,0.0,prices_round_1_day_-2.csv,False,16.0,0.0,10003.0,10003.0,0.0,0.0,2022.0277092457293,-0.01569506726457399,900060.7212731495,-8.0,8.0,-8.0,8.0,1,1,-11.0,10.0,-11.0,10.0,1,1,,,,,0,0,q4,mid1,mid_low
-2,44700,ASH_COATED_OSMIUM,9995.0,12.0,9992.0,27.0,,,10011.0,12.0,10013.0,27.0,,,10003.0,0.0,prices_round_1_day_-2.csv,False,16.0,0.0,10003.0,10003.0,0.0,0.0,2022.0277088357045,-0.015659955257270694,898042.6479076174,-8.0,8.0,-8.0,8.0,1,1,-11.0,10.0,-11.0,10.0,1,1,,,,,0,0,q4,mid1,mid_low
-2,44800,ASH_COATED_OSMIUM,9992.0,23.0,,,,,10013.0,23.0,,,,,10002.5,0.0,prices_round_1_day_-2.csv,False,21.0,0.0,10002.5,10002.5,-0.5,-0.5,2022.0276995407826,-0.016741071428571428,896033.6044761946,-10.5,10.5,-10.5,10.5,1,1,,,,,0,0,,,,,0,0,q4,mid2,mid_low
-2,44900,ASH_COATED_OSMIUM,,,,,,,10011.0,15.0,10014.0,30.0,,,10011.0,0.0,prices_round_1_day_-2.csv,True,,-1.0,,10011.0,8.5,8.5,2022.0280525745186,0.0022271714922048997,894033.6910138167,,0.0,,0.0,0,1,,3.0,,3.0,0,1,,,,,0,0,q4,mid1,mid_low
-2,45000,ASH_COATED_OSMIUM,9995.0,10.0,,,,,10004.0,5.0,10011.0,10.0,10013.0,23.0,9999.5,0.0,prices_round_1_day_-2.csv,False,9.0,0.3333333333333333,10001.0,10001.0,-10.0,-11.5,2022.0285592389373,-0.02,892042.7469853387,-6.0,3.0,-4.5,4.5,1,1,,10.0,,11.5,0,1,,12.0,,13.5,0,1,q4,tight,mid_low
-2,45100,ASH_COATED_OSMIUM,9995.0,13.0,9992.0,25.0,,,10011.0,13.0,10013.0,25.0,,,10003.0,0.0,prices_round_1_day_-2.csv,False,16.0,0.0,10003.0,10003.0,2.0,3.5,2022.028580635918,-0.015521064301552107,890060.4388172658,-8.0,8.0,-8.0,8.0,1,1,-11.0,10.0,-11.0,10.0,1,1,,,,,0,0,q4,mid1,mid_low
-2,45200,ASH_COATED_OSMIUM,9995.0,12.0,9992.0,24.0,,,10011.0,12.0,10013.0,24.0,,,10003.0,0.0,prices_round_1_day_-2.csv,False,16.0,0.0,10003.0,10003.0,0.0,0.0,2022.0285750848145,-0.015486725663716814,888086.9123459202,-8.0,8.0,-8.0,8.0,1,1,-11.0,10.0,-11.0,10.0,1,1,,,,,0,0,q4,mid1,mid_low
-2,45300,ASH_COATED_OSMIUM,9995.0,10.0,9992.0,29.0,,,10011.0,10.0,10013.0,29.0,,,10003.0,0.0,prices_round_1_day_-2.csv,False,16.0,0.0,10003.0,10003.0,0.0,0.0,2022.028571822125,-0.01545253863134658,886122.118292587,-8.0,8.0,-8.0,8.0,1,1,-11.0,10.0,-11.0,10.0,1,1,,,,,0,0,q4,mid1,mid_low
-2,45400,ASH_COATED_OSMIUM,9995.0,11.0,9992.0,24.0,,,10011.0,11.0,,,,,10003.0,0.0,prices_round_1_day_-2.csv,False,16.0,0.0,10003.0,10003.0,0.0,0.0,2022.0285717788697,-0.015418502202643172,884165.9988266834,-8.0,8.0,-8.0,8.0,1,1,-11.0,,-11.0,,1,0,,,,,0,0,q4,mid1,mid_low
-2,45500,ASH_COATED_OSMIUM,9995.0,10.0,,,,,10014.0,28.0,,,,,10004.5,0.0,prices_round_1_day_-2.csv,False,19.0,-0.47368421052631576,10000.0,10000.0,-3.0,1.5,2022.0286150774762,-0.02197802197802198,882218.516204046,-5.0,14.0,-9.5,9.5,1,1,,,,,0,0,,,,,0,0,q4,mid2,low
-2,45600,ASH_COATED_OSMIUM,9995.0,12.0,9992.0,27.0,,,10011.0,12.0,10013.0,27.0,,,10003.0,0.0,prices_round_1_day_-2.csv,False,16.0,0.0,10003.0,10003.0,3.0,-1.5,2022.02864548989,-0.015350877192982455,880279.5944372768,-8.0,8.0,-8.0,8.0,1,1,-11.0,10.0,-11.0,10.0,1,1,,,,,0,0,q4,mid1,mid_low
-2,45700,ASH_COATED_OSMIUM,9995.0,12.0,9992.0,21.0,,,10011.0,12.0,10013.0,21.0,,,10003.0,0.0,prices_round_1_day_-2.csv,False,16.0,0.0,10003.0,10003.0,0.0,0.0,2022.0286416268477,-0.015317286652078774,878349.1567306932,-8.0,8.0,-8.0,8.0,1,1,-11.0,10.0,-11.0,10.0,1,1,,,,,0,0,q4,mid1,mid_low
-2,45800,ASH_COATED_OSMIUM,9992.0,20.0,,,,,10011.0,13.0,10013.0,20.0,,,10001.5,0.0,prices_round_1_day_-2.csv,False,19.0,0.21212121212121213,10003.515151515152,10003.515151515152,0.5151515151519561,-1.5,2022.028643043285,-0.014159057827179135,876427.1679430609,-11.515151515151956,7.484848484848044,-9.5,9.5,1,1,,9.484848484848044,,11.5,0,1,,,,,0,0,q4,mid2,mid_low
-2,45900,ASH_COATED_OSMIUM,9996.0,11.0,9993.0,26.0,,,10014.0,26.0,,,,,10005.0,0.0,prices_round_1_day_-2.csv,False,18.0,-0.40540540540540543,10001.351351351352,10001.351351351352,-2.1638001638002606,3.5,2022.0286644324576,-0.018842371783547505,874513.5815739481,-5.3513513513516955,12.648648648648305,-9.0,9.0,1,1,-8.351351351351695,,-12.0,,1,0,,,,,0,0,q4,mid2,mid_low
-2,46000,ASH_COATED_OSMIUM,9996.0,15.0,9994.0,26.0,,,10015.0,26.0,,,,,10005.5,0.0,prices_round_1_day_-2.csv,False,19.0,-0.2682926829268293,10002.951219512195,10002.951219512195,1.5998681608434708,0.5,2022.0285937417377,-0.015323435843053986,872608.3289224312,-6.951219512195166,12.048780487804834,-9.5,9.5,1,1,-8.951219512195166,,-11.5,,1,0,,,,,0,0,q4,mid2,mid_low
-2,46100,ASH_COATED_OSMIUM,10005.0,10.0,9996.0,10.0,9993.0,23.0,10014.0,23.0,,,,,10009.5,0.0,prices_round_1_day_-2.csv,False,9.0,-0.3939393939393939,10007.727272727272,10007.727272727272,4.7760532150768995,4.0,2022.0286353453464,-0.004929994084008534,870711.4040932332,-2.727272727272066,6.272727272727934,-4.5,4.5,1,1,-11.727272727272066,,-13.5,,1,0,-14.727272727272066,,-16.5,,1,0,q4,tight,mid_low
-2,46200,ASH_COATED_OSMIUM,9997.0,11.0,9994.0,20.0,,,10013.0,11.0,,,,,10005.0,0.0,prices_round_1_day_-2.csv,False,16.0,0.0,10005.0,10005.0,-2.727272727272066,-4.5,2022.0285471846942,-0.010822510822510822,868822.6752234182,-8.0,8.0,-8.0,8.0,1,1,-11.0,,-11.0,,1,0,,,,,0,0,q4,mid1,mid_low
-2,46300,ASH_COATED_OSMIUM,9996.0,10.0,9994.0,23.0,,,10012.0,10.0,10015.0,23.0,,,10004.0,0.0,prices_round_1_day_-2.csv,False,16.0,0.0,10004.0,10004.0,-1.0,-1.0,2022.0284427680588,-0.012958963282937365,866942.1087756591,-8.0,8.0,-8.0,8.0,1,1,-10.0,11.0,-10.0,11.0,1,1,,,,,0,0,q4,mid1,mid_low
-2,46400,ASH_COATED_OSMIUM,9997.0,11.0,9994.0,26.0,,,10013.0,11.0,10015.0,26.0,,,10005.0,0.0,prices_round_1_day_-2.csv,False,16.0,0.0,10005.0,10005.0,1.0,1.0,2022.0284477135876,-0.010775862068965518,865069.6658277084,-8.0,8.0,-8.0,8.0,1,1,-11.0,10.0,-11.0,10.0,1,1,,,,,0,0,q4,mid1,mid_low
-2,46500,ASH_COATED_OSMIUM,9997.0,12.0,9994.0,24.0,,,10013.0,12.0,10015.0,24.0,,,10005.0,0.0,prices_round_1_day_-2.csv,False,16.0,0.0,10005.0,10005.0,0.0,0.0,2022.0284477135876,-0.010752688172043012,863205.291548157,-8.0,8.0,-8.0,8.0,1,1,-11.0,10.0,-11.0,10.0,1,1,,,,,0,0,q4,mid1,mid_low
-2,46600,ASH_COATED_OSMIUM,9997.0,10.0,9994.0,21.0,,,10013.0,10.0,10015.0,21.0,,,10005.0,0.0,prices_round_1_day_-2.csv,False,16.0,0.0,10005.0,10005.0,0.0,0.0,2022.0284477135876,-0.01072961373390558,861348.9360827103,-8.0,8.0,-8.0,8.0,1,1,-11.0,10.0,-11.0,10.0,1,1,,,,,0,0,q4,mid1,mid_low
-2,46700,ASH_COATED_OSMIUM,9994.0,27.0,,,,,10006.0,2.0,10012.0,13.0,10015.0,27.0,10000.0,0.0,prices_round_1_day_-2.csv,False,12.0,0.8620689655172413,10005.172413793103,10005.172413793103,0.1724137931032601,-5.0,2022.0284478257977,-0.010337443697851691,859500.547879678,-11.17241379310326,0.8275862068967399,-6.0,6.0,1,1,,6.82758620689674,,12.0,0,1,,9.82758620689674,,15.0,0,1,q4,tight,mid_low
-2,46800,ASH_COATED_OSMIUM,9996.0,10.0,9994.0,30.0,,,10012.0,10.0,10015.0,30.0,,,10004.0,0.0,prices_round_1_day_-2.csv,False,16.0,0.0,10004.0,10004.0,-1.17241379310326,4.0,2022.0284343116111,-0.01282051282051282,857660.0784999268,-8.0,8.0,-8.0,8.0,1,1,-10.0,11.0,-10.0,11.0,1,1,,,,,0,0,q4,mid1,mid_low
-2,46900,ASH_COATED_OSMIUM,9996.0,10.0,9994.0,30.0,,,10012.0,10.0,10015.0,30.0,,,10004.0,0.0,prices_round_1_day_-2.csv,False,16.0,0.0,10004.0,10004.0,0.0,0.0,2022.0284145294956,-0.01279317697228145,855827.4714949357,-8.0,8.0,-8.0,8.0,1,1,-10.0,11.0,-10.0,11.0,1,1,,,,,0,0,q4,mid1,mid_low
-2,47000,ASH_COATED_OSMIUM,9996.0,11.0,,,,,10012.0,11.0,,,,,10004.0,0.0,prices_round_1_day_-2.csv,False,16.0,0.0,10004.0,10004.0,0.0,0.0,2022.0284122417681,-0.01276595744680851,854002.679445188,-8.0,8.0,-8.0,8.0,1,1,,,,,0,0,,,,,0,0,q4,mid1,mid_low
-2,47100,ASH_COATED_OSMIUM,9996.0,15.0,9994.0,26.0,,,10012.0,15.0,,,,,10004.0,0.0,prices_round_1_day_-2.csv,False,16.0,0.0,10004.0,10004.0,0.0,0.0,2022.0284041535292,-0.012738853503184714,852185.6524679911,-8.0,8.0,-8.0,8.0,1,1,-10.0,,-10.0,,1,0,,,,,0,0,q4,mid1,mid_low
-2,47200,ASH_COATED_OSMIUM,9996.0,15.0,9994.0,25.0,,,,,,,,,9996.0,0.0,prices_round_1_day_-2.csv,True,,1.0,,9996.0,-8.0,-8.0,2022.0283419165698,-0.029661016949152543,850376.4762656788,0.0,,0.0,,1,0,-2.0,,-2.0,,1,0,,,,,0,0,q4,mid1,low
-2,47300,ASH_COATED_OSMIUM,9996.0,14.0,9993.0,29.0,,,10012.0,14.0,10014.0,29.0,,,10004.0,0.0,prices_round_1_day_-2.csv,False,16.0,0.0,10004.0,10004.0,8.0,8.0,2022.0283709841692,-0.012684989429175475,848574.9675005911,-8.0,8.0,-8.0,8.0,1,1,-11.0,10.0,-11.0,10.0,1,1,,,,,0,0,q4,mid1,mid_low
-2,47400,ASH_COATED_OSMIUM,9996.0,11.0,,,,,10012.0,11.0,,,,,10004.0,0.0,prices_round_1_day_-2.csv,False,16.0,0.0,10004.0,10004.0,0.0,0.0,2022.0283660386401,-0.012658227848101266,846780.9400854958,-8.0,8.0,-8.0,8.0,1,1,,,,,0,0,,,,,0,0,q4,mid1,mid_low
-2,47500,ASH_COATED_OSMIUM,9996.0,10.0,9994.0,26.0,,,10012.0,10.0,,,,,10004.0,0.0,prices_round_1_day_-2.csv,False,16.0,0.0,10004.0,10004.0,0.0,0.0,2022.0283657844482,-0.01263157894736842,844994.482406328,-8.0,8.0,-8.0,8.0,1,1,-10.0,,-10.0,,1,0,,,,,0,0,q4,mid1,mid_low
-2,47600,ASH_COATED_OSMIUM,9997.0,10.0,9994.0,26.0,,,10013.0,10.0,10015.0,26.0,,,10005.0,0.0,prices_round_1_day_-2.csv,False,16.0,0.0,10005.0,10005.0,1.0,1.0,2022.0283704857536,-0.01050420168067227,843215.548808143,-8.0,8.0,-8.0,8.0,1,1,-11.0,10.0,-11.0,10.0,1,1,,,,,0,0,q4,mid1,mid_low
-2,47700,ASH_COATED_OSMIUM,9995.0,22.0,,,,,10014.0,14.0,10016.0,22.0,,,10004.5,0.0,prices_round_1_day_-2.csv,False,19.0,0.2222222222222222,10006.611111111111,10006.611111111111,1.6111111111113132,-0.5,2022.0283773230815,-0.0071045888655947315,841444.0930840153,-11.611111111111313,7.388888888888687,-9.5,9.5,1,1,,9.388888888888687,,11.5,0,1,,,,,0,0,q4,mid2,mid_low
-2,47800,ASH_COATED_OSMIUM,9998.0,15.0,,,,,10014.0,15.0,,,,,10006.0,0.0,prices_round_1_day_-2.csv,False,16.0,0.0,10006.0,10006.0,-0.6111111111113132,1.5,2022.0283796154818,-0.008368200836820083,839680.0601091235,-8.0,8.0,-8.0,8.0,1,1,,,,,0,0,,,,,0,0,q4,mid1,mid_low
-2,47900,ASH_COATED_OSMIUM,9998.0,14.0,9995.0,24.0,,,10014.0,14.0,10016.0,24.0,,,10006.0,0.0,prices_round_1_day_-2.csv,False,16.0,0.0,10006.0,10006.0,0.0,0.0,2022.0283796154818,-0.008350730688935281,837923.407263853,-8.0,8.0,-8.0,8.0,1,1,-11.0,10.0,-11.0,10.0,1,1,,,,,0,0,q4,mid1,mid_low
-2,48000,ASH_COATED_OSMIUM,9998.0,13.0,9995.0,28.0,,,10014.0,13.0,10016.0,28.0,,,10006.0,0.0,prices_round_1_day_-2.csv,False,16.0,0.0,10006.0,10006.0,0.0,0.0,2022.0283796154818,-0.008333333333333333,836174.0890859945,-8.0,8.0,-8.0,8.0,1,1,-11.0,10.0,-11.0,10.0,1,1,,,,,0,0,q4,mid1,mid_low
-2,48100,ASH_COATED_OSMIUM,9996.0,22.0,,,,,10014.0,15.0,10017.0,22.0,,,10005.0,0.0,prices_round_1_day_-2.csv,False,18.0,0.1891891891891892,10006.702702702703,10006.702702702703,0.702702702703391,-1.0,2022.0283816320007,-0.006855087936167586,834432.0607848178,-10.702702702703391,7.297297297296609,-9.0,9.0,1,1,,10.297297297296609,,12.0,0,1,,,,,0,0,q4,mid2,mid_low
-2,48200,ASH_COATED_OSMIUM,,,,,,,10014.0,15.0,10017.0,24.0,,,10014.0,0.0,prices_round_1_day_-2.csv,True,,-1.0,,10014.0,7.297297297296609,9.0,2022.0283278607167,0.008298755186721992,832697.3854816395,,0.0,,0.0,0,1,,3.0,,3.0,0,1,,,,,0,0,q4,mid1,mid_low
-2,48300,ASH_COATED_OSMIUM,9996.0,26.0,,,,,10014.0,14.0,,,,,10005.0,0.0,prices_round_1_day_-2.csv,False,18.0,0.3,10007.7,10007.7,-6.299999999999272,-9.0,2022.0282038601488,-0.004761904761903256,830969.8799355006,-11.700000000000728,6.299999999999272,-9.0,9.0,1,1,,,,,0,0,,,,,0,0,q4,mid2,mid_low
-2,48400,ASH_COATED_OSMIUM,9996.0,28.0,,,,,10014.0,10.0,10017.0,28.0,,,10005.0,0.0,prices_round_1_day_-2.csv,False,18.0,0.47368421052631576,10009.263157894737,10009.263157894737,1.563157894735923,0.0,2022.0282144613436,-0.00152240104393254,829249.4504807546,-13.26315789473665,4.736842105263349,-9.0,9.0,1,1,,7.736842105263349,,12.0,0,1,,,,,0,0,q4,mid2,mid_low
-2,48500,ASH_COATED_OSMIUM,9998.0,12.0,9996.0,25.0,,,10014.0,12.0,10017.0,25.0,,,10006.0,0.0,prices_round_1_day_-2.csv,False,16.0,0.0,10006.0,10006.0,-3.2631578947366506,1.0,2022.0282712478413,-0.008247422680412371,827536.1471044131,-8.0,8.0,-8.0,8.0,1,1,-10.0,11.0,-10.0,11.0,1,1,,,,,0,0,q4,mid1,mid_low
-2,48600,ASH_COATED_OSMIUM,9998.0,10.0,9996.0,22.0,,,10014.0,10.0,10017.0,22.0,,,10006.0,0.0,prices_round_1_day_-2.csv,False,16.0,0.0,10006.0,10006.0,0.0,0.0,2022.0281741086633,-0.00823045267489712,825829.8870074307,-8.0,8.0,-8.0,8.0,1,1,-10.0,11.0,-10.0,11.0,1,1,,,,,0,0,q4,mid1,mid_low
-2,48700,ASH_COATED_OSMIUM,9998.0,11.0,9996.0,21.0,,,10014.0,11.0,10017.0,21.0,,,10006.0,0.0,prices_round_1_day_-2.csv,False,16.0,0.0,10006.0,10006.0,0.0,0.0,2022.0280858677268,-0.008213552361396304,824130.6485569371,-8.0,8.0,-8.0,8.0,1,1,-10.0,11.0,-10.0,11.0,1,1,,,,,0,0,q4,mid1,mid_low
-2,48800,ASH_COATED_OSMIUM,9998.0,12.0,9996.0,24.0,,,10017.0,24.0,,,,,10007.5,0.0,prices_round_1_day_-2.csv,False,19.0,-0.3333333333333333,10004.333333333334,10004.333333333334,-1.6666666666660603,1.5,1416.229124137773,-0.011612021857922254,822438.394134501,-6.33333333333394,12.66666666666606,-9.5,9.5,1,1,-8.33333333333394,,-11.5,,1,0,,,,,0,0,q4,mid2,mid_low
-2,48900,ASH_COATED_OSMIUM,9999.0,14.0,9996.0,27.0,,,10015.0,14.0,,,,,10007.0,0.0,prices_round_1_day_-2.csv,False,16.0,0.0,10007.0,10007.0,2.6666666666660603,-0.5,4.706727157267813,-0.006134969325153374,820753.0842254296,-8.0,8.0,-8.0,8.0,1,1,-11.0,,-11.0,,1,0,,,,,0,0,q4,mid1,mid_low
-2,49000,ASH_COATED_OSMIUM,9998.0,13.0,9996.0,20.0,,,10014.0,13.0,10017.0,20.0,,,10006.0,0.0,prices_round_1_day_-2.csv,False,16.0,0.0,10006.0,10006.0,-1.0,-1.0,3.6228040389166702,-0.00816326530612245,819074.6545761995,-8.0,8.0,-8.0,8.0,1,1,-10.0,11.0,-10.0,11.0,1,1,,,,,0,0,q3,mid1,mid_low
-2,49100,ASH_COATED_OSMIUM,9996.0,27.0,,,,,10017.0,27.0,,,,,10006.5,0.0,prices_round_1_day_-2.csv,False,21.0,0.0,10006.5,10006.5,0.5,0.5,3.2751873170146752,-0.007128309572301426,817403.0741744194,-10.5,10.5,-10.5,10.5,1,1,,,,,0,0,,,,,0,0,q2,mid2,mid_low
-2,49200,ASH_COATED_OSMIUM,9998.0,10.0,9995.0,29.0,,,10014.0,10.0,10016.0,29.0,,,10006.0,0.0,prices_round_1_day_-2.csv,False,16.0,0.0,10006.0,10006.0,-0.5,-0.5,3.246633251806842,-0.008130081300813009,815738.3026230026,-8.0,8.0,-8.0,8.0,1,1,-11.0,10.0,-11.0,10.0,1,1,,,,,0,0,q2,mid1,mid_low
-2,49300,ASH_COATED_OSMIUM,9997.0,15.0,9995.0,22.0,,,10013.0,15.0,10016.0,22.0,,,10005.0,0.0,prices_round_1_day_-2.csv,False,16.0,0.0,10005.0,10005.0,-1.0,-1.0,3.1867890385014346,-0.010141987829614604,814080.2999384241,-8.0,8.0,-8.0,8.0,1,1,-10.0,11.0,-10.0,11.0,1,1,,,,,0,0,q2,mid1,mid_low
-2,49400,ASH_COATED_OSMIUM,9997.0,13.0,9994.0,21.0,,,10013.0,13.0,10016.0,21.0,,,10005.0,0.0,prices_round_1_day_-2.csv,False,16.0,0.0,10005.0,10005.0,0.0,0.0,3.152372019953444,-0.010121457489878543,812429.0214397714,-8.0,8.0,-8.0,8.0,1,1,-11.0,11.0,-11.0,11.0,1,1,,,,,0,0,q2,mid1,mid_low
-2,49500,ASH_COATED_OSMIUM,9998.0,12.0,9995.0,29.0,,,10007.0,3.0,10014.0,12.0,10016.0,29.0,10002.5,0.0,prices_round_1_day_-2.csv,False,9.0,0.6,10005.2,10005.2,0.2000000000007276,-2.5,3.1509221115375525,-0.009696969696968228,810784.4283681561,-7.200000000000728,1.7999999999992724,-4.5,4.5,1,1,-10.200000000000728,8.799999999999272,-7.5,11.5,1,1,,10.799999999999272,,13.5,0,1,q2,tight,mid_low
-2,49600,ASH_COATED_OSMIUM,9998.0,14.0,9996.0,29.0,,,10014.0,14.0,10017.0,29.0,,,10006.0,0.0,prices_round_1_day_-2.csv,False,16.0,0.0,10006.0,10006.0,0.7999999999992724,3.5,3.1527247609460565,-0.008064516129032258,809146.4813498112,-8.0,8.0,-8.0,8.0,1,1,-10.0,11.0,-10.0,11.0,1,1,,,,,0,0,q2,mid1,mid_low
-2,49700,ASH_COATED_OSMIUM,9998.0,11.0,9996.0,27.0,,,10017.0,27.0,,,,,10007.5,0.0,prices_round_1_day_-2.csv,False,19.0,-0.42105263157894735,10003.5,10003.5,-2.5,1.5,3.173451727577081,-0.013078470824949699,807515.1501318639,-5.5,13.5,-9.5,9.5,1,1,-7.5,,-11.5,,1,0,,,,,0,0,q2,mid2,mid_low
-2,49800,ASH_COATED_OSMIUM,9998.0,15.0,9996.0,24.0,,,10017.0,24.0,,,,,10007.5,0.0,prices_round_1_day_-2.csv,False,19.0,-0.23076923076923078,10005.307692307691,10005.307692307691,1.8076923076914682,0.0,3.1826509495061566,-0.00942230460302918,805890.3778147962,-7.307692307691468,11.692307692308532,-9.5,9.5,1,1,-9.307692307691468,,-11.5,,1,0,,,,,0,0,q2,mid2,mid_low
-2,49900,ASH_COATED_OSMIUM,,,,,,,10015.0,13.0,10017.0,22.0,,,10015.0,0.0,prices_round_1_day_-2.csv,True,,-1.0,,10015.0,9.692307692308532,7.5,3.2509420216473206,0.01002004008016032,804272.3126684624,,0.0,,0.0,0,1,,2.0,,2.0,0,1,,,,,0,0,q2,mid1,mid_high
-2,50000,ASH_COATED_OSMIUM,10008.0,3.0,9998.0,10.0,,,10014.0,10.0,10017.0,27.0,,,10011.0,0.0,prices_round_1_day_-2.csv,False,6.0,-0.5384615384615384,10009.384615384615,10009.384615384615,-5.615384615384755,-4.0,3.0247586722871764,-0.0012307692307695105,802660.6077971571,-1.3846153846152447,4.615384615384755,-3.0,3.0,1,1,-11.384615384615245,7.615384615384755,-13.0,6.0,1,1,,,,,0,0,q2,tight,mid_low
-2,50100,ASH_COATED_OSMIUM,9999.0,11.0,9996.0,30.0,,,10017.0,30.0,,,,,10008.0,0.0,prices_round_1_day_-2.csv,False,18.0,-0.4634146341463415,10003.829268292682,10003.829268292682,-5.555347091933072,-3.0,3.118618379824663,-0.012316829755125405,801055.3481548326,-4.829268292682173,13.170731707317827,-9.0,9.0,1,1,-7.829268292682173,,-12.0,,1,0,,,,,0,0,q2,mid2,mid_low
-2,50200,ASH_COATED_OSMIUM,9996.0,29.0,,,,,10015.0,14.0,10017.0,29.0,,,10005.5,0.0,prices_round_1_day_-2.csv,False,19.0,0.3488372093023256,10008.813953488372,10008.813953488372,4.984685195689963,-2.5,3.1967714850853564,-0.0023626424534419614,799456.4850253582,-12.813953488372135,6.186046511627865,-9.5,9.5,1,1,,8.186046511627865,,11.5,0,1,,,,,0,0,q2,mid2,mid_low
-2,50300,ASH_COATED_OSMIUM,9999.0,13.0,9997.0,20.0,,,10015.0,13.0,,,,,10007.0,0.0,prices_round_1_day_-2.csv,False,16.0,0.0,10007.0,10007.0,-1.8139534883721353,1.5,3.2083898842742813,-0.005964214711729622,797863.9487510782,-8.0,8.0,-8.0,8.0,1,1,-10.0,,-10.0,,1,0,,,,,0,0,q2,mid1,mid_low
-2,50400,ASH_COATED_OSMIUM,9999.0,13.0,9997.0,21.0,,,10015.0,13.0,,,,,10007.0,0.0,prices_round_1_day_-2.csv,False,16.0,0.0,10007.0,10007.0,0.0,0.0,3.2083898842742813,-0.005952380952380952,796277.7381174489,-8.0,8.0,-8.0,8.0,1,1,-10.0,,-10.0,,1,0,,,,,0,0,q2,mid1,mid_low
-2,50500,ASH_COATED_OSMIUM,10005.0,2.0,10000.0,12.0,9997.0,26.0,10018.0,26.0,,,,,10011.5,0.0,prices_round_1_day_-2.csv,False,13.0,-0.8571428571428571,10005.92857142857,10005.92857142857,-1.071428571429351,4.5,3.1820912031278707,-0.008062234794909607,794697.8242183895,-0.928571428570649,12.071428571429351,-6.5,6.5,1,1,-5.928571428570649,,-11.5,,1,0,-8.928571428570649,,-14.5,,1,0,q2,tight,mid_low
-2,50600,ASH_COATED_OSMIUM,9999.0,15.0,9997.0,22.0,,,10015.0,15.0,10018.0,22.0,,,10007.0,0.0,prices_round_1_day_-2.csv,False,16.0,0.0,10007.0,10007.0,1.071428571429351,-4.5,3.1580491110213478,-0.005928853754940711,793124.1674634964,-8.0,8.0,-8.0,8.0,1,1,-10.0,11.0,-10.0,11.0,1,1,,,,,0,0,q2,mid1,mid_low
-2,50700,ASH_COATED_OSMIUM,9999.0,10.0,,,,,10015.0,10.0,10018.0,26.0,,,10007.0,0.0,prices_round_1_day_-2.csv,False,16.0,0.0,10007.0,10007.0,0.0,0.0,3.1580491110213478,-0.005917159763313609,791556.7283974324,-8.0,8.0,-8.0,8.0,1,1,,11.0,,11.0,0,1,,,,,0,0,q2,mid1,mid_low
-2,50800,ASH_COATED_OSMIUM,9999.0,13.0,9997.0,30.0,,,10015.0,13.0,,,,,10007.0,0.0,prices_round_1_day_-2.csv,False,16.0,0.0,10007.0,10007.0,0.0,0.0,3.1574407446108372,-0.005905511811023622,789995.4725229501,-8.0,8.0,-8.0,8.0,1,1,-10.0,,-10.0,,1,0,,,,,0,0,q2,mid1,mid_low
-2,50900,ASH_COATED_OSMIUM,9997.0,24.0,,,,,10018.0,24.0,,,,,10007.5,0.0,prices_round_1_day_-2.csv,False,21.0,0.0,10007.5,10007.5,0.5,0.5,3.1414181944771045,-0.004911591355599214,788440.3638279001,-10.5,10.5,-10.5,10.5,1,1,,,,,0,0,,,,,0,0,q2,mid2,mid_low
-2,51000,ASH_COATED_OSMIUM,9999.0,10.0,,,,,10015.0,10.0,10018.0,25.0,,,10007.0,0.0,prices_round_1_day_-2.csv,False,16.0,0.0,10007.0,10007.0,-0.5,-0.5,3.135301282141924,-0.0058823529411764705,786891.36555836,-8.0,8.0,-8.0,8.0,1,1,,11.0,,11.0,0,1,,,,,0,0,q2,mid1,mid_low
-2,51100,ASH_COATED_OSMIUM,10005.0,5.0,10000.0,11.0,9997.0,30.0,10018.0,30.0,,,,,10011.5,0.0,prices_round_1_day_-2.csv,False,13.0,-0.7142857142857143,10006.857142857143,10006.857142857143,-0.142857142856883,4.5,3.0612723317214745,-0.006150405367625994,785348.4413488836,-1.857142857143117,11.142857142856883,-6.5,6.5,1,1,-6.857142857143117,,-11.5,,1,0,-9.857142857143117,,-14.5,,1,0,q2,tight,mid_low
-2,51200,ASH_COATED_OSMIUM,10000.0,12.0,9998.0,27.0,,,10016.0,12.0,,,,,10008.0,0.0,prices_round_1_day_-2.csv,False,16.0,0.0,10008.0,10008.0,1.142857142856883,-3.5,3.040211037918804,-0.00390625,783811.5585236211,-8.0,8.0,-8.0,8.0,1,1,-10.0,,-10.0,,1,0,,,,,0,0,q2,mid1,mid_low
-2,51300,ASH_COATED_OSMIUM,9998.0,26.0,,,,,10016.0,11.0,,,,,10007.0,0.0,prices_round_1_day_-2.csv,False,18.0,0.40540540540540543,10010.648648648648,10010.648648648648,2.6486486486483045,-1.0,3.057985610429187,0.0012644223170532251,782280.6902888719,-12.648648648648305,5.3513513513516955,-9.0,9.0,1,1,,,,,0,0,,,,,0,0,q2,mid2,mid_low
-2,51400,ASH_COATED_OSMIUM,10000.0,15.0,9997.0,20.0,,,10018.0,20.0,,,,,10009.0,0.0,prices_round_1_day_-2.csv,False,18.0,-0.14285714285714285,10007.714285714286,10007.714285714286,-2.9343629343620705,2.0,3.0857134694273127,-0.004446914952750517,780755.7934289357,-7.714285714286234,10.285714285713766,-9.0,9.0,1,1,-10.714285714286234,,-12.0,,1,0,,,,,0,0,q2,mid2,mid_low
-2,51500,ASH_COATED_OSMIUM,10000.0,13.0,,,,,10016.0,13.0,,,,,10008.0,0.0,prices_round_1_day_-2.csv,False,16.0,0.0,10008.0,10008.0,0.285714285713766,-1.0,3.0858754347692026,-0.003883495145631068,779236.8134495604,-8.0,8.0,-8.0,8.0,1,1,,,,,0,0,,,,,0,0,q2,mid1,mid_low
-2,51600,ASH_COATED_OSMIUM,9997.0,30.0,,,,,10018.0,30.0,,,,,10007.5,0.0,prices_round_1_day_-2.csv,False,21.0,0.0,10007.5,10007.5,-0.5,-0.5,3.0868838152266003,-0.0048449612403100775,777723.7327353954,-10.5,10.5,-10.5,10.5,1,1,,,,,0,0,,,,,0,0,q2,mid2,mid_low
-2,51700,ASH_COATED_OSMIUM,,,,,,,10016.0,14.0,10018.0,20.0,,,10016.0,0.0,prices_round_1_day_-2.csv,True,,-1.0,,10016.0,8.5,8.5,3.310201528390191,0.01160541586073501,776216.6561069933,,0.0,,0.0,0,1,,2.0,,2.0,0,1,,,,,0,0,q2,mid1,mid_high
-2,51800,ASH_COATED_OSMIUM,9997.0,21.0,,,,,10016.0,11.0,10018.0,21.0,,,10006.5,0.0,prices_round_1_day_-2.csv,False,19.0,0.3125,10009.46875,10009.46875,-6.53125,-9.5,3.440288117264064,-0.0010255791505791505,774715.3525677423,-12.46875,6.53125,-9.5,9.5,1,1,,8.53125,,11.5,0,1,,,,,0,0,q3,mid2,mid_low
-2,51900,ASH_COATED_OSMIUM,9997.0,23.0,,,,,10018.0,23.0,,,,,10007.5,0.0,prices_round_1_day_-2.csv,False,21.0,0.0,10007.5,10007.5,-1.96875,1.0,3.4528091351156838,-0.004816955684007707,773219.770544405,-10.5,10.5,-10.5,10.5,1,1,,,,,0,0,,,,,0,0,q3,mid2,mid_low
-2,52000,ASH_COATED_OSMIUM,10000.0,10.0,9997.0,22.0,,,10016.0,10.0,10018.0,22.0,,,10008.0,0.0,prices_round_1_day_-2.csv,False,16.0,0.0,10008.0,10008.0,0.5,0.5,3.4533262736251475,-0.0038461538461538464,771729.9448869978,-8.0,8.0,-8.0,8.0,1,1,-11.0,10.0,-11.0,10.0,1,1,,,,,0,0,q3,mid1,mid_low
-2,52100,ASH_COATED_OSMIUM,9999.0,15.0,9997.0,23.0,,,10015.0,15.0,10018.0,23.0,,,10007.0,0.0,prices_round_1_day_-2.csv,False,16.0,0.0,10007.0,10007.0,-1.0,-1.0,3.4566931680772877,-0.005758157389635317,770245.850743788,-8.0,8.0,-8.0,8.0,1,1,-10.0,11.0,-10.0,11.0,1,1,,,,,0,0,q3,mid1,mid_low
-2,52200,ASH_COATED_OSMIUM,10000.0,11.0,9997.0,24.0,,,10016.0,11.0,10018.0,24.0,,,10008.0,0.0,prices_round_1_day_-2.csv,False,16.0,0.0,10008.0,10008.0,1.0,1.0,3.2569788657130694,-0.0038314176245210726,768767.4537358568,-8.0,8.0,-8.0,8.0,1,1,-11.0,10.0,-11.0,10.0,1,1,,,,,0,0,q2,mid1,mid_low
-2,52300,ASH_COATED_OSMIUM,9999.0,15.0,9997.0,28.0,,,10018.0,28.0,,,,,10008.5,0.0,prices_round_1_day_-2.csv,False,19.0,-0.3023255813953488,10005.627906976744,10005.627906976744,-2.3720930232557293,0.5,3.078037669810524,-0.008359642491884759,767294.729874177,-6.627906976744271,12.37209302325573,-9.5,9.5,1,1,-8.62790697674427,,-11.5,,1,0,,,,,0,0,q2,mid2,mid_low
-2,52400,ASH_COATED_OSMIUM,9999.0,13.0,9996.0,20.0,,,10015.0,13.0,,,,,10007.0,0.0,prices_round_1_day_-2.csv,False,16.0,0.0,10007.0,10007.0,1.3720930232557293,-1.5,3.083852347734736,-0.0057251908396946565,765827.6307769278,-8.0,8.0,-8.0,8.0,1,1,-11.0,,-11.0,,1,0,,,,,0,0,q2,mid1,mid_low
-2,52500,ASH_COATED_OSMIUM,9996.0,30.0,,,,,10017.0,30.0,,,,,10006.5,0.0,prices_round_1_day_-2.csv,False,21.0,0.0,10006.5,10006.5,-0.5,-0.5,3.0848613894995283,-0.006666666666666667,764366.1281301058,-10.5,10.5,-10.5,10.5,1,1,,,,,0,0,,,,,0,0,q2,mid2,mid_low
-2,52600,ASH_COATED_OSMIUM,9999.0,13.0,9996.0,24.0,,,10015.0,13.0,10017.0,24.0,,,10007.0,0.0,prices_round_1_day_-2.csv,False,16.0,0.0,10007.0,10007.0,0.5,0.5,3.082528513626909,-0.005703422053231939,762910.1931359973,-8.0,8.0,-8.0,8.0,1,1,-11.0,10.0,-11.0,10.0,1,1,,,,,0,0,q2,mid1,mid_low
-2,52700,ASH_COATED_OSMIUM,9999.0,13.0,9996.0,20.0,,,10017.0,20.0,,,,,10008.0,0.0,prices_round_1_day_-2.csv,False,18.0,-0.21212121212121213,10006.09090909091,10006.09090909091,-0.9090909090900823,1.0,3.0769136235567602,-0.00741762980852008,761459.7950778686,-7.090909090909918,10.909090909090082,-9.0,9.0,1,1,-10.090909090909918,,-12.0,,1,0,,,,,0,0,q2,mid2,mid_low
-2,52800,ASH_COATED_OSMIUM,9996.0,22.0,,,,,10015.0,10.0,10017.0,22.0,,,10005.5,0.0,prices_round_1_day_-2.csv,False,19.0,0.375,10009.0625,10009.0625,2.9715909090900823,-2.5,3.1042341219607636,-0.0017755681818181818,760014.9166387913,-13.0625,5.9375,-9.5,9.5,1,1,,7.9375,,11.5,0,1,,,,,0,0,q2,mid2,mid_low
-2,52900,ASH_COATED_OSMIUM,10009.0,9.0,9999.0,13.0,9996.0,25.0,10015.0,13.0,10018.0,25.0,,,10012.0,0.0,prices_round_1_day_-2.csv,False,6.0,-0.18181818181818182,10011.454545454546,10011.454545454546,2.3920454545459506,6.5,3.1216545291626088,0.0027496133356256156,758575.5052806622,-2.4545454545459506,3.5454545454540494,-3.0,3.0,1,1,-12.45454545454595,6.545454545454049,-13.0,6.0,1,1,-15.45454545454595,,-16.0,,1,0,q2,tight,mid_low
-2,53000,ASH_COATED_OSMIUM,9999.0,10.0,9997.0,21.0,,,10015.0,10.0,,,,,10007.0,0.0,prices_round_1_day_-2.csv,False,16.0,0.0,10007.0,10007.0,-4.454545454545951,-5.0,3.187698419599563,-0.005660377358490566,757141.5626052611,-8.0,8.0,-8.0,8.0,1,1,-10.0,,-10.0,,1,0,,,,,0,0,q2,mid1,mid_low
-2,53100,ASH_COATED_OSMIUM,9999.0,13.0,9997.0,22.0,,,10018.0,22.0,,,,,10008.5,0.0,prices_round_1_day_-2.csv,False,19.0,-0.2571428571428571,10006.057142857142,10006.057142857142,-0.9428571428579744,1.5,3.189000524938129,-0.007425343018564924,755712.9952733335,-7.057142857142026,11.942857142857974,-9.5,9.5,1,1,-9.057142857142026,,-11.5,,1,0,,,,,0,0,q2,mid2,mid_low
-2,53200,ASH_COATED_OSMIUM,,,,,,,10015.0,15.0,10017.0,26.0,,,10015.0,0.0,prices_round_1_day_-2.csv,True,,-1.0,,10015.0,8.942857142857974,6.5,3.273358675912609,0.009398496240601503,754289.9575364317,,0.0,,0.0,0,1,,2.0,,2.0,0,1,,,,,0,0,q2,mid1,mid_high
-2,53300,ASH_COATED_OSMIUM,9996.0,23.0,,,,,10015.0,12.0,,,,,10005.5,0.0,prices_round_1_day_-2.csv,False,19.0,0.3142857142857143,10008.485714285714,10008.485714285714,-6.514285714285506,-9.5,3.2819311931314843,-0.0028410613776463536,752872.1991173945,-12.485714285714494,6.514285714285506,-9.5,9.5,1,1,,,,,0,0,,,,,0,0,q2,mid2,mid_low
-2,53400,ASH_COATED_OSMIUM,9999.0,15.0,9996.0,27.0,,,10015.0,15.0,10017.0,27.0,,,10007.0,0.0,prices_round_1_day_-2.csv,False,16.0,0.0,10007.0,10007.0,-1.4857142857144936,1.5,3.280916805252947,-0.0056179775280898875,751459.6850379908,-8.0,8.0,-8.0,8.0,1,1,-11.0,10.0,-11.0,10.0,1,1,,,,,0,0,q2,mid1,mid_low
-2,53500,ASH_COATED_OSMIUM,9996.0,21.0,,,,,10015.0,12.0,10017.0,21.0,,,10005.5,0.0,prices_round_1_day_-2.csv,False,19.0,0.2727272727272727,10008.09090909091,10008.09090909091,1.0909090909099177,-1.5,3.2514148315106945,-0.0035683942225982848,750052.4594108114,-12.090909090909918,6.909090909090082,-9.5,9.5,1,1,,8.909090909090082,,11.5,0,1,,,,,0,0,q2,mid2,mid_low
-2,53600,ASH_COATED_OSMIUM,9999.0,12.0,,,,,10018.0,25.0,,,,,10008.5,0.0,prices_round_1_day_-2.csv,False,19.0,-0.35135135135135137,10005.162162162162,10005.162162162162,-2.9287469287482963,3.0,3.2784521580115205,-0.009025816861638766,748650.508160895,-6.162162162161621,12.837837837838379,-9.5,9.5,1,1,,,,,0,0,,,,,0,0,q2,mid2,mid_low
-2,53700,ASH_COATED_OSMIUM,,,,,,,10015.0,11.0,10017.0,21.0,,,10015.0,0.0,prices_round_1_day_-2.csv,True,,-1.0,,10015.0,9.837837837838379,6.5,3.5623922019769547,0.00931098696461825,747253.9526982139,,0.0,,0.0,0,1,,2.0,,2.0,0,1,,,,,0,0,q3,mid1,mid_high
-2,53800,ASH_COATED_OSMIUM,9999.0,10.0,,,,,10017.0,24.0,,,,,10008.0,0.0,prices_round_1_day_-2.csv,False,18.0,-0.4117647058823529,10004.29411764706,10004.29411764706,-10.705882352940534,-7.0,3.8737720378348075,-0.010605729280558614,745862.6317471126,-5.2941176470594655,12.705882352940534,-9.0,9.0,1,1,,,,,0,0,,,,,0,0,q3,mid2,mid_low
-2,53900,ASH_COATED_OSMIUM,9999.0,11.0,9996.0,30.0,,,10015.0,11.0,10017.0,30.0,,,10007.0,0.0,prices_round_1_day_-2.csv,False,16.0,0.0,10007.0,10007.0,2.7058823529405345,-1.0,3.874327062591932,-0.0055658627087198514,744476.2836688034,-8.0,8.0,-8.0,8.0,1,1,-11.0,10.0,-11.0,10.0,1,1,,,,,0,0,q3,mid1,mid_low
-2,54000,ASH_COATED_OSMIUM,9999.0,13.0,9996.0,30.0,,,10015.0,13.0,10017.0,30.0,,,10007.0,0.0,prices_round_1_day_-2.csv,False,16.0,0.0,10007.0,10007.0,0.0,0.0,3.8716396864121556,-0.005555555555555556,743095.0660739279,-8.0,8.0,-8.0,8.0,1,1,-11.0,10.0,-11.0,10.0,1,1,,,,,0,0,q3,mid1,mid_low
-2,54100,ASH_COATED_OSMIUM,9999.0,15.0,9996.0,26.0,,,10017.0,26.0,,,,,10008.0,0.0,prices_round_1_day_-2.csv,False,18.0,-0.2682926829268293,10005.585365853658,10005.585365853658,-1.4146341463419958,1.0,3.8762609741975047,-0.00816013705423659,741718.967769777,-6.585365853658004,11.414634146341996,-9.0,9.0,1,1,-9.585365853658004,,-12.0,,1,0,,,,,0,0,q3,mid2,mid_low
-2,54200,ASH_COATED_OSMIUM,9999.0,12.0,9996.0,28.0,,,10015.0,12.0,10017.0,28.0,,,10007.0,0.0,prices_round_1_day_-2.csv,False,16.0,0.0,10007.0,10007.0,1.4146341463419958,-1.0,3.8808595690631784,-0.005535055350553505,740347.9567768727,-8.0,8.0,-8.0,8.0,1,1,-11.0,10.0,-11.0,10.0,1,1,,,,,0,0,q3,mid1,mid_low
-2,54300,ASH_COATED_OSMIUM,9999.0,14.0,9996.0,22.0,,,10015.0,14.0,10017.0,22.0,,,10007.0,0.0,prices_round_1_day_-2.csv,False,16.0,0.0,10007.0,10007.0,0.0,0.0,3.878071471972637,-0.0055248618784530384,738982.0011371195,-8.0,8.0,-8.0,8.0,1,1,-11.0,10.0,-11.0,10.0,1,1,,,,,0,0,q3,mid1,mid_low
-2,54400,ASH_COATED_OSMIUM,9996.0,29.0,,,,,10014.0,11.0,10017.0,29.0,,,10005.0,0.0,prices_round_1_day_-2.csv,False,18.0,0.45,10009.05,10009.05,2.0499999999992724,-2.0,3.88846260145992,-0.0017463235294131023,737621.0844083505,-13.049999999999272,4.950000000000728,-9.0,9.0,1,1,,7.950000000000728,,12.0,0,1,,,,,0,0,q3,mid2,mid_low
-2,54500,ASH_COATED_OSMIUM,9999.0,15.0,9996.0,22.0,,,10015.0,15.0,,,,,10007.0,0.0,prices_round_1_day_-2.csv,False,16.0,0.0,10007.0,10007.0,-2.0499999999992724,2.0,3.900059336923453,-0.005504587155963303,736265.170995183,-8.0,8.0,-8.0,8.0,1,1,-11.0,,-11.0,,1,0,,,,,0,0,q3,mid1,mid_low
-2,54600,ASH_COATED_OSMIUM,9998.0,15.0,,,,,10014.0,15.0,10017.0,24.0,,,10006.0,0.0,prices_round_1_day_-2.csv,False,16.0,0.0,10006.0,10006.0,-1.0,-1.0,3.9011706216569055,-0.007326007326007326,734914.227538696,-8.0,8.0,-8.0,8.0,1,1,,11.0,,11.0,0,1,,,,,0,0,q3,mid1,mid_low
-2,54700,ASH_COATED_OSMIUM,9999.0,11.0,9996.0,24.0,,,10015.0,11.0,10017.0,24.0,,,10007.0,0.0,prices_round_1_day_-2.csv,False,16.0,0.0,10007.0,10007.0,1.0,1.0,3.8867710714854398,-0.005484460694698354,733568.23264,-8.0,8.0,-8.0,8.0,1,1,-11.0,10.0,-11.0,10.0,1,1,,,,,0,0,q3,mid1,mid_low
-2,54800,ASH_COATED_OSMIUM,9999.0,14.0,9996.0,29.0,,,10017.0,29.0,,,,,10008.0,0.0,prices_round_1_day_-2.csv,False,18.0,-0.3488372093023256,10004.860465116279,10004.860465116279,-2.1395348837213533,1.0,3.890840464635032,-0.009378713291462323,732227.1655709335,-5.860465116278647,12.139534883721353,-9.0,9.0,1,1,-8.860465116278647,,-12.0,,1,0,,,,,0,0,q3,mid2,mid_low
-2,54900,ASH_COATED_OSMIUM,9996.0,24.0,,,,,10014.0,13.0,,,,,10005.0,0.0,prices_round_1_day_-2.csv,False,18.0,0.2972972972972973,10007.675675675675,10007.675675675675,2.8152105593962915,-3.0,3.655326011701438,-0.0042337419386613145,730890.9991442934,-11.675675675674938,6.324324324325062,-9.0,9.0,1,1,,,,,0,0,,,,,0,0,q3,mid2,mid_low
-2,55000,ASH_COATED_OSMIUM,9998.0,11.0,9996.0,23.0,,,10014.0,11.0,10017.0,23.0,,,10006.0,0.0,prices_round_1_day_-2.csv,False,16.0,0.0,10006.0,10006.0,-1.6756756756749382,1.0,3.576648046108077,-0.007272727272727273,729559.690928436,-8.0,8.0,-8.0,8.0,1,1,-10.0,11.0,-10.0,11.0,1,1,,,,,0,0,q3,mid1,mid_low
-2,55100,ASH_COATED_OSMIUM,9999.0,15.0,9996.0,21.0,,,10015.0,15.0,10017.0,21.0,,,10007.0,0.0,prices_round_1_day_-2.csv,False,16.0,0.0,10007.0,10007.0,1.0,1.0,3.490495290753069,-0.0054446460980036296,728233.2206044879,-8.0,8.0,-8.0,8.0,1,1,-11.0,10.0,-11.0,10.0,1,1,,,,,0,0,q3,mid1,mid_low
-2,55200,ASH_COATED_OSMIUM,10005.0,3.0,9999.0,12.0,9997.0,20.0,10018.0,20.0,,,,,10011.5,0.0,prices_round_1_day_-2.csv,False,13.0,-0.7391304347826086,10006.695652173914,10006.695652173914,-0.30434782608608657,4.5,3.4176945900883204,-0.0059861373660979825,726911.5633786743,-1.6956521739139134,11.304347826086087,-6.5,6.5,1,1,-7.695652173913913,,-12.5,,1,0,-9.695652173913913,,-14.5,,1,0,q3,tight,mid_low
-2,55300,ASH_COATED_OSMIUM,9999.0,10.0,9997.0,29.0,,,10015.0,10.0,10018.0,29.0,,,10007.0,0.0,prices_round_1_day_-2.csv,False,16.0,0.0,10007.0,10007.0,0.30434782608608657,-4.5,3.4084023535940045,-0.0054249547920434,725594.6947785916,-8.0,8.0,-8.0,8.0,1,1,-10.0,11.0,-10.0,11.0,1,1,,,,,0,0,q3,mid1,mid_low
-2,55400,ASH_COATED_OSMIUM,9999.0,15.0,9997.0,27.0,,,10015.0,15.0,10018.0,27.0,,,10007.0,0.0,prices_round_1_day_-2.csv,False,16.0,0.0,10007.0,10007.0,0.0,0.0,3.4084023535940045,-0.005415162454873646,724282.5886398046,-8.0,8.0,-8.0,8.0,1,1,-10.0,11.0,-10.0,11.0,1,1,,,,,0,0,q3,mid1,mid_low
-2,55500,ASH_COATED_OSMIUM,9998.0,12.0,9996.0,29.0,,,10014.0,12.0,10017.0,29.0,,,10006.0,0.0,prices_round_1_day_-2.csv,False,16.0,0.0,10006.0,10006.0,-1.0,-1.0,3.4079590587831987,-0.007207207207207207,722975.2211285715,-8.0,8.0,-8.0,8.0,1,1,-10.0,11.0,-10.0,11.0,1,1,,,,,0,0,q3,mid1,mid_low
-2,55600,ASH_COATED_OSMIUM,9998.0,13.0,9996.0,29.0,,,10014.0,13.0,10017.0,29.0,,,10006.0,0.0,prices_round_1_day_-2.csv,False,16.0,0.0,10006.0,10006.0,0.0,0.0,3.404460475185525,-0.007194244604316547,721672.5630725775,-8.0,8.0,-8.0,8.0,1,1,-10.0,11.0,-10.0,11.0,1,1,,,,,0,0,q3,mid1,mid_low
-2,55700,ASH_COATED_OSMIUM,,,,,,,,,,,,,0.0,0.0,prices_round_1_day_-2.csv,True,,,0.0,0.0,-10006.0,-10006.0,1415.0632997106036,-17.971274685816876,900123.0504936195,,,,,0,0,,,,,0,0,,,,,0,0,q4,mid1,low
-2,55800,ASH_COATED_OSMIUM,9995.0,20.0,,,,,,,,,,,9995.0,0.0,prices_round_1_day_-2.csv,True,,1.0,,9995.0,9995.0,9995.0,2020.4092637899555,-0.026881720430107527,1078183.7219584053,0.0,,0.0,,1,0,,,,,0,0,,,,,0,0,q4,mid1,low
-2,55900,ASH_COATED_OSMIUM,9995.0,26.0,,,,,10013.0,14.0,10016.0,26.0,,,10004.0,0.0,prices_round_1_day_-2.csv,False,18.0,0.3,10006.7,10006.7,11.700000000000728,9.0,2020.409968371267,-0.005903398926653439,1076251.7390763017,-11.700000000000728,6.299999999999272,-9.0,9.0,1,1,,9.299999999999272,,12.0,0,1,,,,,0,0,q4,mid2,mid_low
-2,56000,ASH_COATED_OSMIUM,9997.0,15.0,9994.0,29.0,,,10013.0,15.0,10015.0,29.0,,,10005.0,0.0,prices_round_1_day_-2.csv,False,16.0,0.0,10005.0,10005.0,-1.7000000000007276,1.0,2020.4099813651949,-0.008928571428571428,1074326.4280311533,-8.0,8.0,-8.0,8.0,1,1,-11.0,10.0,-11.0,10.0,1,1,,,,,0,0,q4,mid1,mid_low
-2,56100,ASH_COATED_OSMIUM,9997.0,15.0,9995.0,22.0,,,10013.0,15.0,10016.0,22.0,,,10005.0,0.0,prices_round_1_day_-2.csv,False,16.0,0.0,10005.0,10005.0,0.0,0.0,2020.4099813177818,-0.008912655971479501,1072407.9879812398,-8.0,8.0,-8.0,8.0,1,1,-10.0,11.0,-10.0,11.0,1,1,,,,,0,0,q4,mid1,mid_low
-2,56200,ASH_COATED_OSMIUM,9997.0,12.0,9995.0,23.0,,,,,,,,,9997.0,0.0,prices_round_1_day_-2.csv,True,,1.0,,9997.0,-8.0,-8.0,2020.4102860793894,-0.023131672597864767,1070496.500915055,0.0,,0.0,,1,0,-2.0,,-2.0,,1,0,,,,,0,0,q4,mid1,low
-2,56300,ASH_COATED_OSMIUM,9995.0,29.0,,,,,10014.0,11.0,10016.0,29.0,,,10004.5,0.0,prices_round_1_day_-2.csv,False,19.0,0.45,10008.775,10008.775,11.774999999999636,7.5,2020.4109627708588,-0.0021758436944944296,1068591.9501103507,-13.774999999999636,5.225000000000364,-9.5,9.5,1,1,,7.225000000000364,,11.5,0,1,,,,,0,0,q4,mid2,mid_low
-2,56400,ASH_COATED_OSMIUM,9997.0,12.0,,,,,10013.0,12.0,10016.0,24.0,,,10005.0,0.0,prices_round_1_day_-2.csv,False,16.0,0.0,10005.0,10005.0,-3.774999999999636,0.5,2020.4109908667965,-0.008865248226950355,1066693.9434653309,-8.0,8.0,-8.0,8.0,1,1,,11.0,,11.0,0,1,,,,,0,0,q4,mid1,mid_low
-2,56500,ASH_COATED_OSMIUM,10002.0,4.0,9994.0,20.0,,,10013.0,10.0,10015.0,20.0,,,10007.5,0.0,prices_round_1_day_-2.csv,False,11.0,-0.42857142857142855,10005.142857142857,10005.142857142857,0.142857142856883,2.5,2020.410990477187,-0.008596713021492243,1064802.6421878727,-3.142857142856883,7.857142857143117,-5.5,5.5,1,1,-11.142857142856883,9.857142857143117,-13.5,7.5,1,1,,,,,0,0,q4,tight,mid_low
-2,56600,ASH_COATED_OSMIUM,9997.0,11.0,9994.0,26.0,,,10013.0,11.0,10015.0,26.0,,,10005.0,0.0,prices_round_1_day_-2.csv,False,16.0,0.0,10005.0,10005.0,-0.142857142856883,-2.5,2020.4109895108927,-0.0088339222614841,1062918.0357733704,-8.0,8.0,-8.0,8.0,1,1,-11.0,10.0,-11.0,10.0,1,1,,,,,0,0,q4,mid1,mid_low
-2,56700,ASH_COATED_OSMIUM,9997.0,13.0,,,,,10015.0,20.0,,,,,10006.0,0.0,prices_round_1_day_-2.csv,False,18.0,-0.21212121212121213,10004.09090909091,10004.09090909091,-0.9090909090900823,1.0,2020.4106150917723,-0.010421677088342296,1061040.0901430876,-7.090909090909918,10.909090909090082,-9.0,9.0,1,1,,,,,0,0,,,,,0,0,q4,mid2,mid_low
-2,56800,ASH_COATED_OSMIUM,9997.0,13.0,,,,,10013.0,13.0,10016.0,23.0,,,10005.0,0.0,prices_round_1_day_-2.csv,False,16.0,0.0,10005.0,10005.0,0.9090909090900823,-1.0,2020.4104161341963,-0.008802816901408451,1059168.7687213446,-8.0,8.0,-8.0,8.0,1,1,,11.0,,11.0,0,1,,,,,0,0,q4,mid1,mid_low
-2,56900,ASH_COATED_OSMIUM,9997.0,12.0,9995.0,20.0,,,10016.0,20.0,,,,,10006.5,0.0,prices_round_1_day_-2.csv,False,19.0,-0.25,10004.125,10004.125,-0.875,1.5,2020.4104012919424,-0.010325131810193322,1057304.0362922207,-7.125,11.875,-9.5,9.5,1,1,-9.125,,-11.5,,1,0,,,,,0,0,q4,mid2,mid_low
-2,57000,ASH_COATED_OSMIUM,9998.0,15.0,9995.0,30.0,,,10014.0,15.0,10016.0,30.0,,,10006.0,0.0,prices_round_1_day_-2.csv,False,16.0,0.0,10006.0,10006.0,1.875,-0.5,2020.4104185315066,-0.007017543859649123,1055445.863202454,-8.0,8.0,-8.0,8.0,1,1,-11.0,10.0,-11.0,10.0,1,1,,,,,0,0,q4,mid1,mid_low
-2,57100,ASH_COATED_OSMIUM,9997.0,14.0,9995.0,24.0,,,10013.0,14.0,10016.0,24.0,,,10005.0,0.0,prices_round_1_day_-2.csv,False,16.0,0.0,10005.0,10005.0,-1.0,-1.0,2020.4104185315066,-0.008756567425569177,1053594.205520147,-8.0,8.0,-8.0,8.0,1,1,-10.0,11.0,-10.0,11.0,1,1,,,,,0,0,q4,mid1,mid_low
-2,57200,ASH_COATED_OSMIUM,9995.0,24.0,,,,,10014.0,10.0,10016.0,24.0,,,10004.5,0.0,prices_round_1_day_-2.csv,False,19.0,0.4117647058823529,10008.411764705883,10008.411764705883,3.411764705882888,-0.5,2020.4104726564324,-0.002776635129575371,1051749.0522346674,-13.411764705882888,5.588235294117112,-9.5,9.5,1,1,,7.588235294117112,,11.5,0,1,,,,,0,0,q4,mid2,mid_low
-2,57300,ASH_COATED_OSMIUM,9998.0,12.0,9995.0,21.0,,,10014.0,12.0,10016.0,21.0,,,10006.0,0.0,prices_round_1_day_-2.csv,False,16.0,0.0,10006.0,10006.0,-2.411764705882888,1.5,2020.410473618076,-0.006980802792321117,1049910.3402431656,-8.0,8.0,-8.0,8.0,1,1,-11.0,10.0,-11.0,10.0,1,1,,,,,0,0,q4,mid1,mid_low
-2,57400,ASH_COATED_OSMIUM,9998.0,15.0,9995.0,23.0,,,10014.0,15.0,10016.0,23.0,,,10006.0,0.0,prices_round_1_day_-2.csv,False,16.0,0.0,10006.0,10006.0,0.0,0.0,2020.410464022783,-0.006968641114982578,1048078.0359845365,-8.0,8.0,-8.0,8.0,1,1,-11.0,10.0,-11.0,10.0,1,1,,,,,0,0,q4,mid1,mid_low
-2,57500,ASH_COATED_OSMIUM,9998.0,13.0,9995.0,23.0,,,10016.0,23.0,,,,,10007.0,0.0,prices_round_1_day_-2.csv,False,18.0,-0.2777777777777778,10004.5,10004.5,-1.5,1.0,2020.4104738207518,-0.009565217391304347,1046252.1199379883,-6.5,11.5,-9.0,9.0,1,1,-9.5,,-12.0,,1,0,,,,,0,0,q4,mid2,mid_low
-2,57600,ASH_COATED_OSMIUM,9998.0,13.0,9996.0,30.0,,,10014.0,13.0,,,,,10006.0,0.0,prices_round_1_day_-2.csv,False,16.0,0.0,10006.0,10006.0,1.5,-1.0,2020.41048422478,-0.006944444444444444,1044432.5549899761,-8.0,8.0,-8.0,8.0,1,1,-10.0,,-10.0,,1,0,,,,,0,0,q4,mid1,mid_low
-2,57700,ASH_COATED_OSMIUM,9998.0,14.0,9995.0,25.0,,,10014.0,14.0,,,,,10006.0,0.0,prices_round_1_day_-2.csv,False,16.0,0.0,10006.0,10006.0,0.0,0.0,2020.410480150989,-0.006932409012131715,1042619.3040265354,-8.0,8.0,-8.0,8.0,1,1,-11.0,,-11.0,,1,0,,,,,0,0,q4,mid1,mid_low
-2,57800,ASH_COATED_OSMIUM,9997.0,15.0,9995.0,29.0,,,10013.0,15.0,10016.0,29.0,,,10005.0,0.0,prices_round_1_day_-2.csv,False,16.0,0.0,10005.0,10005.0,-1.0,-1.0,2020.4104389375746,-0.00865051903114187,1040812.3398678708,-8.0,8.0,-8.0,8.0,1,1,-10.0,11.0,-10.0,11.0,1,1,,,,,0,0,q4,mid1,mid_low
-2,57900,ASH_COATED_OSMIUM,9997.0,15.0,9995.0,28.0,,,10013.0,15.0,,,,,10005.0,0.0,prices_round_1_day_-2.csv,False,16.0,0.0,10005.0,10005.0,0.0,0.0,2020.410407498082,-0.008635578583765112,1039011.6264772252,-8.0,8.0,-8.0,8.0,1,1,-10.0,,-10.0,,1,0,,,,,0,0,q4,mid1,mid_low
-2,58000,ASH_COATED_OSMIUM,9997.0,10.0,9995.0,22.0,,,10013.0,10.0,,,,,10005.0,0.0,prices_round_1_day_-2.csv,False,16.0,0.0,10005.0,10005.0,0.0,0.0,2020.4103110852975,-0.008620689655172414,1037217.1331673758,-8.0,8.0,-8.0,8.0,1,1,-10.0,,-10.0,,1,0,,,,,0,0,q4,mid1,mid_low
-2,58100,ASH_COATED_OSMIUM,9995.0,27.0,,,,,10013.0,11.0,10016.0,27.0,,,10004.0,0.0,prices_round_1_day_-2.csv,False,18.0,0.42105263157894735,10007.78947368421,10007.78947368421,2.789473684209952,-1.0,2020.4103459951816,-0.0038046924540276216,1035428.8412409776,-12.789473684209952,5.210526315790048,-9.0,9.0,1,1,,8.210526315790048,,12.0,0,1,,,,,0,0,q4,mid2,mid_low
-2,58200,ASH_COATED_OSMIUM,9997.0,12.0,9995.0,25.0,,,,,,,,,9997.0,0.0,prices_round_1_day_-2.csv,True,,1.0,,9997.0,-10.789473684209952,-7.0,2020.4104976014157,-0.022336769759450172,1033646.891653256,0.0,,0.0,,1,0,-2.0,,-2.0,,1,0,,,,,0,0,q4,mid1,low
-2,58300,ASH_COATED_OSMIUM,9997.0,10.0,,,,,10006.0,4.0,10013.0,10.0,10015.0,22.0,10001.5,0.0,prices_round_1_day_-2.csv,False,9.0,0.42857142857142855,10003.42857142857,10003.42857142857,6.428571428570649,4.5,2020.410522142389,-0.011271747120805062,1031870.9374456683,-6.428571428570649,2.571428571429351,-4.5,4.5,1,1,,9.571428571429351,,11.5,0,1,,11.571428571429351,,13.5,0,1,q4,tight,mid_low
-2,58400,ASH_COATED_OSMIUM,9997.0,14.0,9994.0,28.0,,,10013.0,14.0,10015.0,28.0,,,10005.0,0.0,prices_round_1_day_-2.csv,False,16.0,0.0,10005.0,10005.0,1.571428571429351,3.5,2020.4105256450855,-0.008561643835616438,1030101.0087376157,-8.0,8.0,-8.0,8.0,1,1,-11.0,10.0,-11.0,10.0,1,1,,,,,0,0,q4,mid1,mid_low
-2,58500,ASH_COATED_OSMIUM,9994.0,21.0,,,,,10006.0,3.0,10012.0,12.0,,,10000.0,0.0,prices_round_1_day_-2.csv,False,12.0,0.75,10004.5,10004.5,-0.5,-5.0,2020.4105199987528,-0.009401709401709401,1028337.1375601519,-10.5,1.5,-6.0,6.0,1,1,,7.5,,12.0,0,1,,,,,0,0,q4,tight,mid_low
-2,58600,ASH_COATED_OSMIUM,9996.0,11.0,9994.0,29.0,,,10015.0,29.0,,,,,10005.5,0.0,prices_round_1_day_-2.csv,False,19.0,-0.45,10001.225,10001.225,-3.274999999999636,5.5,2020.4105305842659,-0.014974402730374805,1026579.314497543,-5.225000000000364,13.774999999999636,-9.5,9.5,1,1,-7.225000000000364,,-11.5,,1,0,,,,,0,0,q4,mid2,mid_low
-2,58700,ASH_COATED_OSMIUM,,,,,,,10013.0,15.0,10015.0,28.0,,,10013.0,0.0,prices_round_1_day_-2.csv,True,,-1.0,,10013.0,11.774999999999636,7.5,2020.41074319813,0.005110732538330494,1024827.7094671602,,0.0,,0.0,0,1,,2.0,,2.0,0,1,,,,,0,0,q4,mid1,mid_low
-2,58800,ASH_COATED_OSMIUM,9997.0,14.0,,,,,10013.0,14.0,10016.0,21.0,,,10005.0,0.0,prices_round_1_day_-2.csv,False,16.0,0.0,10005.0,10005.0,-8.0,-8.0,2020.4104879162057,-0.008503401360544218,1023081.9450094907,-8.0,8.0,-8.0,8.0,1,1,,11.0,,11.0,0,1,,,,,0,0,q4,mid1,mid_low
-2,58900,ASH_COATED_OSMIUM,,,,,,,10016.0,25.0,,,,,10016.0,0.0,prices_round_1_day_-2.csv,True,,-1.0,,10016.0,11.0,11.0,2020.411053916314,0.010186757215619695,1021342.2154795366,,0.0,,0.0,0,1,,,,,0,0,,,,,0,0,q4,mid1,mid_high
-2,59000,ASH_COATED_OSMIUM,9998.0,15.0,9995.0,22.0,,,10014.0,15.0,10016.0,22.0,,,10006.0,0.0,prices_round_1_day_-2.csv,False,16.0,0.0,10006.0,10006.0,-10.0,-10.0,2020.4115670468277,-0.006779661016949152,1019608.3577860262,-8.0,8.0,-8.0,8.0,1,1,-11.0,10.0,-11.0,10.0,1,1,,,,,0,0,q4,mid1,mid_low
-2,59100,ASH_COATED_OSMIUM,9998.0,12.0,9995.0,26.0,,,10014.0,12.0,,,,,10006.0,0.0,prices_round_1_day_-2.csv,False,16.0,0.0,10006.0,10006.0,0.0,0.0,2020.4115570234699,-0.00676818950930626,1017880.2080271447,-8.0,8.0,-8.0,8.0,1,1,-11.0,,-11.0,,1,0,,,,,0,0,q4,mid1,mid_low
-2,59200,ASH_COATED_OSMIUM,9997.0,10.0,9995.0,24.0,,,10013.0,10.0,10016.0,24.0,,,10005.0,0.0,prices_round_1_day_-2.csv,False,16.0,0.0,10005.0,10005.0,-1.0,-1.0,2020.4115515802905,-0.008445945945945946,1016157.9081571207,-8.0,8.0,-8.0,8.0,1,1,-10.0,11.0,-10.0,11.0,1,1,,,,,0,0,q4,mid1,mid_low
-2,59300,ASH_COATED_OSMIUM,9997.0,14.0,9994.0,23.0,,,10013.0,14.0,10015.0,23.0,,,10005.0,0.0,prices_round_1_day_-2.csv,False,16.0,0.0,10005.0,10005.0,0.0,0.0,2020.4115515802905,-0.008431703204047217,1014441.4252042728,-8.0,8.0,-8.0,8.0,1,1,-11.0,10.0,-11.0,10.0,1,1,,,,,0,0,q4,mid1,mid_low
-2,59400,ASH_COATED_OSMIUM,9994.0,27.0,,,,,10013.0,11.0,10015.0,27.0,,,10003.5,0.0,prices_round_1_day_-2.csv,False,19.0,0.42105263157894735,10007.5,10007.5,2.5,-1.5,2020.4115620825455,-0.004208754208754209,1012730.7419942092,-13.5,5.5,-9.5,9.5,1,1,,7.5,,11.5,0,1,,,,,0,0,q4,mid2,mid_low
-2,59500,ASH_COATED_OSMIUM,9997.0,14.0,,,,,10013.0,14.0,10015.0,26.0,,,10005.0,0.0,prices_round_1_day_-2.csv,False,16.0,0.0,10005.0,10005.0,-2.5,1.5,2020.4115722620738,-0.008403361344537815,1011025.8185539918,-8.0,8.0,-8.0,8.0,1,1,,10.0,,10.0,0,1,,,,,0,0,q4,mid1,mid_low
-2,59600,ASH_COATED_OSMIUM,9996.0,15.0,9993.0,27.0,,,10012.0,15.0,10015.0,27.0,,,10004.0,0.0,prices_round_1_day_-2.csv,False,16.0,0.0,10004.0,10004.0,-1.0,-1.0,2020.4115722620738,-0.010067114093959731,1009326.6171473701,-8.0,8.0,-8.0,8.0,1,1,-11.0,11.0,-11.0,11.0,1,1,,,,,0,0,q4,mid1,mid_low
-2,59700,ASH_COATED_OSMIUM,9996.0,15.0,,,,,10012.0,15.0,10014.0,20.0,,,10004.0,0.0,prices_round_1_day_-2.csv,False,16.0,0.0,10004.0,10004.0,0.0,0.0,2020.4115667065278,-0.010050251256281407,1007633.1161120578,-8.0,8.0,-8.0,8.0,1,1,,10.0,,10.0,0,1,,,,,0,0,q4,mid1,mid_low
-2,59800,ASH_COATED_OSMIUM,9993.0,22.0,,,,,10012.0,12.0,10014.0,22.0,,,10002.5,0.0,prices_round_1_day_-2.csv,False,19.0,0.29411764705882354,10005.29411764706,10005.29411764706,1.2941176470594655,-1.5,2020.4115529356916,-0.007869368483178152,1005945.2912911157,-12.294117647059466,6.7058823529405345,-9.5,9.5,1,1,,8.705882352940534,,11.5,0,1,,,,,0,0,q4,mid2,mid_low
-2,59900,ASH_COATED_OSMIUM,9996.0,12.0,9993.0,22.0,,,10012.0,12.0,10014.0,22.0,,,10004.0,0.0,prices_round_1_day_-2.csv,False,16.0,0.0,10004.0,10004.0,-1.2941176470594655,1.5,2020.4115200209953,-0.01001669449081803,1004263.1112917536,-8.0,8.0,-8.0,8.0,1,1,-11.0,10.0,-11.0,10.0,1,1,,,,,0,0,q4,mid1,mid_low
-2,60000,ASH_COATED_OSMIUM,9993.0,26.0,,,,,10011.0,13.0,10014.0,26.0,,,10002.0,0.0,prices_round_1_day_-2.csv,False,18.0,0.3333333333333333,10005.0,10005.0,1.0,-2.0,2020.4115121539523,-0.008333333333333333,1002586.5468629417,-12.0,6.0,-9.0,9.0,1,1,,9.0,,12.0,0,1,,,,,0,0,q4,mid2,mid_low
-2,60100,ASH_COATED_OSMIUM,9995.0,14.0,,,,,10011.0,14.0,10014.0,23.0,,,10003.0,0.0,prices_round_1_day_-2.csv,False,16.0,0.0,10003.0,10003.0,-2.0,1.0,2020.4115257902931,-0.011647254575707155,1000915.5758850634,-8.0,8.0,-8.0,8.0,1,1,,11.0,,11.0,0,1,,,,,0,0,q4,mid1,mid_low
-2,60200,ASH_COATED_OSMIUM,9995.0,15.0,9993.0,23.0,,,10011.0,15.0,10014.0,23.0,,,10003.0,0.0,prices_round_1_day_-2.csv,False,16.0,0.0,10003.0,10003.0,0.0,0.0,2020.4115255590589,-0.011627906976744186,999250.1589536996,-8.0,8.0,-8.0,8.0,1,1,-10.0,11.0,-10.0,11.0,1,1,,,,,0,0,q4,mid1,mid_low
-2,60300,ASH_COATED_OSMIUM,9996.0,12.0,9993.0,26.0,,,10014.0,26.0,,,,,10005.0,0.0,prices_round_1_day_-2.csv,False,18.0,-0.3684210526315789,10001.684210526315,10001.684210526315,-1.3157894736850722,2.0,2020.411532360456,-0.013790695644585526,997590.2777893526,-5.684210526314928,12.315789473685072,-9.0,9.0,1,1,-8.684210526314928,,-12.0,,1,0,,,,,0,0,q4,mid2,mid_low
-2,60400,ASH_COATED_OSMIUM,9996.0,13.0,9993.0,20.0,,,10012.0,13.0,,,,,10004.0,0.0,prices_round_1_day_-2.csv,False,16.0,0.0,10004.0,10004.0,2.315789473685072,-1.0,2020.4115613908784,-0.009933774834437087,995935.9082042271,-8.0,8.0,-8.0,8.0,1,1,-11.0,,-11.0,,1,0,,,,,0,0,q4,mid1,mid_low
-2,60500,ASH_COATED_OSMIUM,9995.0,10.0,,,,,10011.0,10.0,10014.0,29.0,,,10003.0,0.0,prices_round_1_day_-2.csv,False,16.0,0.0,10003.0,10003.0,-1.0,-1.0,2020.4115613908784,-0.011570247933884297,994287.009314172,-8.0,8.0,-8.0,8.0,1,1,,11.0,,11.0,0,1,,,,,0,0,q4,mid1,mid_low
-2,60600,ASH_COATED_OSMIUM,9995.0,11.0,9993.0,26.0,,,10011.0,11.0,10014.0,26.0,,,10003.0,0.0,prices_round_1_day_-2.csv,False,16.0,0.0,10003.0,10003.0,0.0,0.0,2020.4115613908784,-0.01155115511551155,992643.5597122206,-8.0,8.0,-8.0,8.0,1,1,-10.0,11.0,-10.0,11.0,1,1,,,,,0,0,q4,mid1,mid_low
-2,60700,ASH_COATED_OSMIUM,9995.0,13.0,,,,,10011.0,13.0,10014.0,26.0,,,10003.0,0.0,prices_round_1_day_-2.csv,False,16.0,0.0,10003.0,10003.0,0.0,0.0,1413.4907216742067,-0.011532125205930808,991005.5340363475,-8.0,8.0,-8.0,8.0,1,1,,11.0,,11.0,0,1,,,,,0,0,q4,mid1,mid_low
-2,60800,ASH_COATED_OSMIUM,9995.0,14.0,9993.0,20.0,,,10011.0,14.0,,,,,10003.0,0.0,prices_round_1_day_-2.csv,False,16.0,0.0,10003.0,10003.0,0.0,0.0,4.5600140852296525,-0.011513157894736841,989372.9054796696,-8.0,8.0,-8.0,8.0,1,1,-10.0,,-10.0,,1,0,,,,,0,0,q4,mid1,mid_low
-2,60900,ASH_COATED_OSMIUM,9993.0,21.0,,,,,10011.0,11.0,,,,,10002.0,0.0,prices_round_1_day_-2.csv,False,18.0,0.3125,10004.8125,10004.8125,1.8125,-1.0,4.253441817725758,-0.008518062397372742,987745.65287454,-11.8125,6.1875,-9.0,9.0,1,1,,,,,0,0,,,,,0,0,q4,mid2,mid_low
-2,61000,ASH_COATED_OSMIUM,9995.0,15.0,,,,,,,,,,,9995.0,0.0,prices_round_1_day_-2.csv,True,,1.0,,9995.0,-9.8125,-7.0,4.4674857260649965,-0.02459016393442623,986123.896401004,0.0,,0.0,,1,0,,,,,0,0,,,,,0,0,q4,mid1,low
-2,61100,ASH_COATED_OSMIUM,9995.0,10.0,9993.0,29.0,,,10014.0,29.0,,,,,10004.5,0.0,prices_round_1_day_-2.csv,False,19.0,-0.48717948717948717,9999.871794871795,9999.871794871795,4.871794871794918,9.5,4.524697356962882,-0.016576440471694077,984507.3390878027,-4.871794871794918,14.128205128205082,-9.5,9.5,1,1,-6.871794871794918,,-11.5,,1,0,,,,,0,0,q4,mid2,low
-2,61200,ASH_COATED_OSMIUM,9995.0,10.0,9992.0,29.0,,,10011.0,10.0,10013.0,29.0,,,10003.0,0.0,prices_round_1_day_-2.csv,False,16.0,0.0,10003.0,10003.0,3.1282051282050816,-1.5,4.400285379228852,-0.011437908496732025,982896.0502734061,-8.0,8.0,-8.0,8.0,1,1,-11.0,10.0,-11.0,10.0,1,1,,,,,0,0,q4,mid1,mid_low
-2,61300,ASH_COATED_OSMIUM,9994.0,11.0,9992.0,25.0,,,10010.0,11.0,10013.0,25.0,,,10002.0,0.0,prices_round_1_day_-2.csv,False,16.0,0.0,10002.0,10002.0,-1.0,-1.0,4.0680798810563426,-0.013050570962479609,981290.0125697908,-8.0,8.0,-8.0,8.0,1,1,-10.0,11.0,-10.0,11.0,1,1,,,,,0,0,q4,mid1,mid_low
-2,61400,ASH_COATED_OSMIUM,9995.0,13.0,9992.0,29.0,,,10011.0,13.0,10013.0,29.0,,,10003.0,0.0,prices_round_1_day_-2.csv,False,16.0,0.0,10003.0,10003.0,1.0,1.0,4.036824902842141,-0.011400651465798045,979689.2148732658,-8.0,8.0,-8.0,8.0,1,1,-11.0,10.0,-11.0,10.0,1,1,,,,,0,0,q4,mid1,mid_low
-2,61500,ASH_COATED_OSMIUM,9995.0,15.0,9992.0,21.0,,,,,,,,,9995.0,0.0,prices_round_1_day_-2.csv,True,,1.0,,9995.0,-8.0,-8.0,4.190620845169393,-0.024390243902439025,978093.7336014053,0.0,,0.0,,1,0,-3.0,,-3.0,,1,0,,,,,0,0,q4,mid1,low
-2,61600,ASH_COATED_OSMIUM,9995.0,14.0,9992.0,27.0,,,10011.0,14.0,10013.0,27.0,,,10003.0,0.0,prices_round_1_day_-2.csv,False,16.0,0.0,10003.0,10003.0,8.0,8.0,4.348260250710613,-0.011363636363636364,976503.4418171886,-8.0,8.0,-8.0,8.0,1,1,-11.0,10.0,-11.0,10.0,1,1,,,,,0,0,q4,mid1,mid_low
-2,61700,ASH_COATED_OSMIUM,,,,,,,10010.0,15.0,10013.0,30.0,,,10010.0,0.0,prices_round_1_day_-2.csv,True,,-1.0,,10010.0,7.0,7.0,4.45846180072839,0.0,974918.2886316826,,0.0,,0.0,0,1,,3.0,,3.0,0,1,,,,,0,0,q4,mid1,mid_low
-2,61800,ASH_COATED_OSMIUM,9994.0,10.0,9991.0,25.0,,,10010.0,10.0,,,,,10002.0,0.0,prices_round_1_day_-2.csv,False,16.0,0.0,10002.0,10002.0,-8.0,-8.0,4.601925286149057,-0.012944983818770227,973338.2977205132,-8.0,8.0,-8.0,8.0,1,1,-11.0,,-11.0,,1,0,,,,,0,0,q4,mid1,mid_low
-2,61900,ASH_COATED_OSMIUM,9994.0,14.0,9992.0,20.0,,,10010.0,14.0,10013.0,20.0,,,10002.0,0.0,prices_round_1_day_-2.csv,False,16.0,0.0,10002.0,10002.0,0.0,0.0,4.600426251603316,-0.012924071082390954,971763.3166565112,-8.0,8.0,-8.0,8.0,1,1,-10.0,11.0,-10.0,11.0,1,1,,,,,0,0,q4,mid1,mid_low
-2,62000,ASH_COATED_OSMIUM,9991.0,20.0,,,,,10010.0,11.0,10012.0,20.0,,,10000.5,0.0,prices_round_1_day_-2.csv,False,19.0,0.2903225806451613,10003.258064516129,10003.258064516129,1.2580645161287975,-1.5,4.596003616160798,-0.010874089490114843,970193.4269895483,-12.258064516128798,6.7419354838712025,-9.5,9.5,1,1,,8.741935483871202,,11.5,0,1,,,,,0,0,q4,mid2,mid_low
-2,62100,ASH_COATED_OSMIUM,,,,,,,10012.0,22.0,,,,,10012.0,0.0,prices_round_1_day_-2.csv,True,,-1.0,,10012.0,8.741935483871202,11.5,4.7587320660721755,0.00322061191626409,968628.722249738,,0.0,,0.0,0,1,,,,,0,0,,,,,0,0,q4,mid1,mid_low
-2,62200,ASH_COATED_OSMIUM,9993.0,15.0,9990.0,27.0,,,10009.0,15.0,,,,,10001.0,0.0,prices_round_1_day_-2.csv,False,16.0,0.0,10001.0,10001.0,-11.0,-11.0,4.987478585554967,-0.014469453376205787,967069.1282947726,-8.0,8.0,-8.0,8.0,1,1,-11.0,,-11.0,,1,0,,,,,0,0,q4,mid1,mid_low
-2,62300,ASH_COATED_OSMIUM,9993.0,11.0,,,,,10009.0,11.0,10012.0,24.0,,,10001.0,0.0,prices_round_1_day_-2.csv,False,16.0,0.0,10001.0,10001.0,0.0,0.0,4.976791576810661,-0.014446227929373997,965514.3547769497,-8.0,8.0,-8.0,8.0,1,1,,11.0,,11.0,0,1,,,,,0,0,q4,mid1,mid_low
-2,62400,ASH_COATED_OSMIUM,9999.0,4.0,9993.0,13.0,9991.0,24.0,10009.0,13.0,10012.0,24.0,,,10004.0,0.0,prices_round_1_day_-2.csv,False,10.0,-0.5294117647058824,10001.35294117647,10001.35294117647,0.35294117647026724,3.0,4.9771865872925645,-0.01385746606334893,963964.5727223434,-2.3529411764702672,7.647058823529733,-5.0,5.0,1,1,-8.352941176470267,10.647058823529733,-11.0,8.0,1,1,-10.352941176470267,,-13.0,,1,0,q4,tight,mid_low
-2,62500,ASH_COATED_OSMIUM,9994.0,12.0,9991.0,26.0,,,10010.0,12.0,,,,,10002.0,0.0,prices_round_1_day_-2.csv,False,16.0,0.0,10002.0,10002.0,0.6470588235297328,-2.0,4.9740603012576505,-0.0128,962419.7584008515,-8.0,8.0,-8.0,8.0,1,1,-11.0,,-11.0,,1,0,,,,,0,0,q4,mid1,mid_low
-2,62600,ASH_COATED_OSMIUM,,,,,,,10012.0,27.0,,,,,10012.0,0.0,prices_round_1_day_-2.csv,True,,-1.0,,10012.0,10.0,10.0,5.169529087120814,0.003194888178913738,960880.0469410265,,0.0,,0.0,0,1,,,,,0,0,,,,,0,0,q4,mid1,mid_low
-2,62700,ASH_COATED_OSMIUM,9994.0,12.0,9991.0,23.0,,,9999.0,7.0,10010.0,12.0,10012.0,23.0,9996.5,0.0,prices_round_1_day_-2.csv,False,5.0,0.2631578947368421,9997.157894736842,9997.157894736842,-14.842105263158373,-15.5,5.585918794721274,-0.020481826576010165,959345.4462773006,-3.1578947368416266,1.8421052631583734,-2.5,2.5,1,1,-6.157894736841627,12.842105263158373,-5.5,13.5,1,1,,14.842105263158373,,15.5,0,1,q4,tight,low
-2,62800,ASH_COATED_OSMIUM,9994.0,11.0,,,,,10010.0,11.0,10012.0,22.0,,,10002.0,0.0,prices_round_1_day_-2.csv,False,16.0,0.0,10002.0,10002.0,4.842105263158373,5.5,5.629281300719715,-0.012738853503184714,957815.4273950438,-8.0,8.0,-8.0,8.0,1,1,,10.0,,10.0,0,1,,,,,0,0,q4,mid1,mid_low
-2,62900,ASH_COATED_OSMIUM,9994.0,11.0,9991.0,28.0,,,10012.0,28.0,,,,,10003.0,0.0,prices_round_1_day_-2.csv,False,18.0,-0.4358974358974359,9999.076923076924,9999.076923076924,-2.9230769230762235,1.0,5.643805186296483,-0.017365782071663314,956290.2570593857,-5.0769230769237765,12.923076923076223,-9.0,9.0,1,1,-8.076923076923777,,-12.0,,1,0,,,,,0,0,q4,mid2,low
-2,63000,ASH_COATED_OSMIUM,9991.0,22.0,,,,,10009.0,15.0,10012.0,22.0,,,10000.0,0.0,prices_round_1_day_-2.csv,False,18.0,0.1891891891891892,10001.702702702703,10001.702702702703,2.6257796257796144,-3.0,5.65713067120088,-0.013170313170312078,954769.9338766655,-10.702702702703391,7.297297297296609,-9.0,9.0,1,1,,10.297297297296609,,12.0,0,1,,,,,0,0,q4,mid2,mid_low
-2,63100,ASH_COATED_OSMIUM,9994.0,13.0,9991.0,24.0,,,,,,,,,9994.0,0.0,prices_round_1_day_-2.csv,True,,1.0,,9994.0,-7.702702702703391,-6.0,5.742996020552417,-0.025356576862123614,953254.5197517845,0.0,,0.0,,1,0,-3.0,,-3.0,,1,0,,,,,0,0,q4,mid1,low
-2,63200,ASH_COATED_OSMIUM,9993.0,14.0,9991.0,26.0,,,10003.0,3.0,10009.0,14.0,,,9998.0,0.0,prices_round_1_day_-2.csv,False,10.0,0.6470588235294118,10001.235294117647,10001.235294117647,7.235294117646845,4.0,5.634259521206593,-0.01386820551005246,951743.8986961326,-8.235294117646845,1.7647058823531552,-5.0,5.0,1,1,-10.235294117646845,7.764705882353155,-7.0,11.0,1,1,,,,,0,0,q4,tight,mid_low
-2,63300,ASH_COATED_OSMIUM,9994.0,15.0,9991.0,23.0,,,,,,,,,9994.0,0.0,prices_round_1_day_-2.csv,True,,1.0,,9994.0,-7.235294117646845,-4.0,5.6516258862731705,-0.02527646129541864,950238.0571896645,0.0,,0.0,,1,0,-3.0,,-3.0,,1,0,,,,,0,0,q4,mid1,low
-2,63400,ASH_COATED_OSMIUM,9994.0,12.0,9991.0,21.0,,,10012.0,21.0,,,,,10003.0,0.0,prices_round_1_day_-2.csv,False,18.0,-0.2727272727272727,10000.545454545454,10000.545454545454,6.545454545454049,9.0,5.726518281683475,-0.014912532262690775,948736.9593211302,-6.545454545454049,11.45454545454595,-9.0,9.0,1,1,-9.54545454545405,,-12.0,,1,0,,,,,0,0,q4,mid2,mid_low
-2,63500,ASH_COATED_OSMIUM,9991.0,22.0,,,,,10003.0,4.0,10012.0,22.0,,,9997.0,0.0,prices_round_1_day_-2.csv,False,12.0,0.6923076923076923,10001.153846153846,10001.153846153846,0.6083916083916847,-6.0,5.727040470228911,-0.013930950938825615,947240.5293977469,-10.153846153845734,1.846153846154266,-6.0,6.0,1,1,,10.846153846154266,,15.0,0,1,,,,,0,0,q4,tight,mid_low
-2,63600,ASH_COATED_OSMIUM,9994.0,13.0,9992.0,20.0,,,10013.0,20.0,,,,,10003.5,0.0,prices_round_1_day_-2.csv,False,19.0,-0.21212121212121213,10001.484848484848,10001.484848484848,0.3310023310023098,6.5,5.708491985833647,-0.013388603011245214,945748.8122156905,-7.484848484848044,11.515151515151956,-9.5,9.5,1,1,-9.484848484848044,,-11.5,,1,0,,,,,0,0,q4,mid2,mid_low
-2,63700,ASH_COATED_OSMIUM,,,,,,,10010.0,11.0,10013.0,30.0,,,10010.0,0.0,prices_round_1_day_-2.csv,True,,-1.0,,10010.0,8.515151515151956,6.5,5.588683331509523,0.0,944261.899966627,,0.0,,0.0,0,1,,3.0,,3.0,0,1,,,,,0,0,q4,mid1,mid_low
-2,63800,ASH_COATED_OSMIUM,9994.0,13.0,9992.0,20.0,,,10013.0,20.0,,,,,10003.5,0.0,prices_round_1_day_-2.csv,False,19.0,-0.21212121212121213,10001.484848484848,10001.484848484848,-8.515151515151956,-6.5,5.604073531428526,-0.013346632468890214,942779.6558444764,-7.484848484848044,11.515151515151956,-9.5,9.5,1,1,-9.484848484848044,,-11.5,,1,0,,,,,0,0,q4,mid2,mid_low
-2,63900,ASH_COATED_OSMIUM,9994.0,14.0,9991.0,25.0,,,10010.0,14.0,,,,,10002.0,0.0,prices_round_1_day_-2.csv,False,16.0,0.0,10002.0,10002.0,0.5151515151519561,-1.5,5.372775047848302,-0.012519561815336464,941301.9452222644,-8.0,8.0,-8.0,8.0,1,1,-11.0,,-11.0,,1,0,,,,,0,0,q4,mid1,mid_low
-2,64000,ASH_COATED_OSMIUM,9993.0,14.0,9991.0,28.0,,,10009.0,14.0,10012.0,28.0,,,10001.0,0.0,prices_round_1_day_-2.csv,False,16.0,0.0,10001.0,10001.0,-1.0,-1.0,5.188072808845628,-0.0140625,939828.8607596222,-8.0,8.0,-8.0,8.0,1,1,-10.0,11.0,-10.0,11.0,1,1,,,,,0,0,q4,mid1,mid_low
-2,64100,ASH_COATED_OSMIUM,9993.0,10.0,,,,,10009.0,10.0,10012.0,30.0,,,10001.0,0.0,prices_round_1_day_-2.csv,False,16.0,0.0,10001.0,10001.0,0.0,0.0,5.188072808845628,-0.014040561622464899,938360.3781649938,-8.0,8.0,-8.0,8.0,1,1,,11.0,,11.0,0,1,,,,,0,0,q4,mid1,mid_low
-2,64200,ASH_COATED_OSMIUM,9993.0,14.0,9991.0,22.0,,,10003.0,5.0,10009.0,14.0,10012.0,22.0,9998.0,0.0,prices_round_1_day_-2.csv,False,10.0,0.47368421052631576,10000.368421052632,10000.368421052632,-0.6315789473683253,-3.0,5.187030009238171,-0.01500245941957683,936896.4780130353,-7.368421052631675,2.6315789473683253,-5.0,5.0,1,1,-9.368421052631675,8.631578947368325,-7.0,11.0,1,1,,11.631578947368325,,14.0,0,1,q4,tight,mid_low
-2,64300,ASH_COATED_OSMIUM,9993.0,10.0,9991.0,28.0,,,10009.0,10.0,10012.0,28.0,,,10001.0,0.0,prices_round_1_day_-2.csv,False,16.0,0.0,10001.0,10001.0,0.6315789473683253,3.0,5.1880291133311385,-0.013996889580093312,935437.1383547864,-8.0,8.0,-8.0,8.0,1,1,-10.0,11.0,-10.0,11.0,1,1,,,,,0,0,q4,mid1,mid_low
-2,64400,ASH_COATED_OSMIUM,9993.0,14.0,9991.0,24.0,,,10009.0,14.0,10012.0,24.0,,,10001.0,0.0,prices_round_1_day_-2.csv,False,16.0,0.0,10001.0,10001.0,0.0,0.0,5.1746865387817484,-0.013975155279503106,933982.337206794,-8.0,8.0,-8.0,8.0,1,1,-10.0,11.0,-10.0,11.0,1,1,,,,,0,0,q4,mid1,mid_low
-2,64500,ASH_COATED_OSMIUM,9993.0,11.0,9990.0,26.0,,,10011.0,26.0,,,,,10002.0,0.0,prices_round_1_day_-2.csv,False,18.0,-0.40540540540540543,9998.351351351352,9998.351351351352,-2.6486486486483045,1.0,5.176118447696714,-0.018059920385501246,932532.0648365077,-5.3513513513516955,12.648648648648305,-9.0,9.0,1,1,-8.351351351351695,,-12.0,,1,0,,,,,0,0,q4,mid2,low
-2,64600,ASH_COATED_OSMIUM,9993.0,14.0,,,,,10009.0,14.0,10011.0,23.0,,,10001.0,0.0,prices_round_1_day_-2.csv,False,16.0,0.0,10001.0,10001.0,2.6486486486483045,-1.0,5.1893480721566,-0.01393188854489164,931086.2896977321,-8.0,8.0,-8.0,8.0,1,1,,10.0,,10.0,0,1,,,,,0,0,q4,mid1,mid_low
-2,64700,ASH_COATED_OSMIUM,9993.0,14.0,9990.0,28.0,,,10009.0,14.0,,,,,10001.0,0.0,prices_round_1_day_-2.csv,False,16.0,0.0,10001.0,10001.0,0.0,0.0,5.1893480721566,-0.013910355486862442,929644.9796520604,-8.0,8.0,-8.0,8.0,1,1,-11.0,,-11.0,,1,0,,,,,0,0,q4,mid1,mid_low
-2,64800,ASH_COATED_OSMIUM,9993.0,10.0,9990.0,25.0,,,10009.0,10.0,,,,,10001.0,0.0,prices_round_1_day_-2.csv,False,16.0,0.0,10001.0,10001.0,0.0,0.0,5.185682423896626,-0.013888888888888888,928208.1249697439,-8.0,8.0,-8.0,8.0,1,1,-11.0,,-11.0,,1,0,,,,,0,0,q4,mid1,mid_low
-2,64900,ASH_COATED_OSMIUM,9992.0,10.0,9990.0,29.0,,,10008.0,10.0,,,,,10000.0,0.0,prices_round_1_day_-2.csv,False,16.0,0.0,10000.0,10000.0,-1.0,-1.0,5.184450566833194,-0.015408320493066256,926775.7065221312,-8.0,8.0,-8.0,8.0,1,1,-10.0,,-10.0,,1,0,,,,,0,0,q4,mid1,low
-2,65000,ASH_COATED_OSMIUM,9992.0,14.0,,,,,10008.0,14.0,10010.0,21.0,,,10000.0,0.0,prices_round_1_day_-2.csv,False,16.0,0.0,10000.0,10000.0,0.0,0.0,5.182127559920149,-0.015384615384615385,925347.7008113685,-8.0,8.0,-8.0,8.0,1,1,,10.0,,10.0,0,1,,,,,0,0,q4,mid1,low
-2,65100,ASH_COATED_OSMIUM,9997.0,4.0,9992.0,15.0,9989.0,26.0,10008.0,15.0,10010.0,26.0,,,10002.5,0.0,prices_round_1_day_-2.csv,False,11.0,-0.5789473684210527,9999.315789473685,9999.315789473685,-0.6842105263149278,2.5,5.1756189262482,-0.01641199773627485,923924.0896511063,-2.315789473685072,8.684210526314928,-5.5,5.5,1,1,-7.315789473685072,10.684210526314928,-10.5,7.5,1,1,-10.315789473685072,,-13.5,,1,0,q4,tight,low
-2,65200,ASH_COATED_OSMIUM,9991.0,12.0,9989.0,29.0,,,10007.0,12.0,10010.0,29.0,,,9999.0,0.0,prices_round_1_day_-2.csv,False,16.0,0.0,9999.0,9999.0,-0.31578947368507215,-3.5,5.1757198520393635,-0.01687116564417178,922504.85155562,-8.0,8.0,-8.0,8.0,1,1,-10.0,11.0,-10.0,11.0,1,1,,,,,0,0,q4,mid1,low
-2,65300,ASH_COATED_OSMIUM,9988.0,22.0,,,,,10007.0,13.0,10009.0,22.0,,,9997.5,0.0,prices_round_1_day_-2.csv,False,19.0,0.2571428571428571,9999.942857142858,9999.942857142858,0.9428571428579744,-1.5,5.17457038495454,-0.01540144388536298,921089.9682245037,-11.942857142857974,7.057142857142026,-9.5,9.5,1,1,,9.057142857142026,,11.5,0,1,,,,,0,0,q4,mid2,low
-2,65400,ASH_COATED_OSMIUM,9990.0,10.0,9988.0,20.0,,,10006.0,10.0,10009.0,20.0,,,9998.0,0.0,prices_round_1_day_-2.csv,False,16.0,0.0,9998.0,9998.0,-1.9428571428579744,0.5,5.170136409199581,-0.01834862385321101,919679.4226520389,-8.0,8.0,-8.0,8.0,1,1,-10.0,11.0,-10.0,11.0,1,1,,,,,0,0,q4,mid1,low
-2,65500,ASH_COATED_OSMIUM,9990.0,12.0,9988.0,21.0,,,10006.0,12.0,,,,,9998.0,0.0,prices_round_1_day_-2.csv,False,16.0,0.0,9998.0,9998.0,0.0,0.0,5.168596726615861,-0.0183206106870229,918273.1850032378,-8.0,8.0,-8.0,8.0,1,1,-10.0,,-10.0,,1,0,,,,,0,0,q4,mid1,low
-2,65600,ASH_COATED_OSMIUM,9990.0,15.0,9988.0,30.0,,,10006.0,15.0,10009.0,30.0,,,9998.0,0.0,prices_round_1_day_-2.csv,False,16.0,0.0,9998.0,9998.0,0.0,0.0,5.168596726615861,-0.018292682926829267,916871.2412098513,-8.0,8.0,-8.0,8.0,1,1,-10.0,11.0,-10.0,11.0,1,1,,,,,0,0,q4,mid1,low
-2,65700,ASH_COATED_OSMIUM,9991.0,12.0,9988.0,26.0,,,10009.0,26.0,,,,,10000.0,0.0,prices_round_1_day_-2.csv,False,18.0,-0.3684210526315789,9996.684210526315,9996.684210526315,-1.3157894736850722,2.0,5.171426069459473,-0.020267563886887476,915473.574197238,-5.684210526314928,12.315789473685072,-9.0,9.0,1,1,-8.684210526314928,,-12.0,,1,0,,,,,0,0,q4,mid2,low
-2,65800,ASH_COATED_OSMIUM,9990.0,14.0,9988.0,28.0,,,10006.0,14.0,10009.0,28.0,,,9998.0,0.0,prices_round_1_day_-2.csv,False,16.0,0.0,9998.0,9998.0,1.3157894736850722,-2.0,5.175428243889772,-0.0182370820668693,914080.1620330649,-8.0,8.0,-8.0,8.0,1,1,-10.0,11.0,-10.0,11.0,1,1,,,,,0,0,q4,mid1,low
-2,65900,ASH_COATED_OSMIUM,9990.0,11.0,,,,,10006.0,11.0,10009.0,25.0,,,9998.0,0.0,prices_round_1_day_-2.csv,False,16.0,0.0,9998.0,9998.0,0.0,0.0,5.168101649857926,-0.018209408194233688,912690.9824560118,-8.0,8.0,-8.0,8.0,1,1,,11.0,,11.0,0,1,,,,,0,0,q4,mid1,low
-2,66000,ASH_COATED_OSMIUM,9990.0,15.0,9988.0,27.0,,,10006.0,15.0,,,,,9998.0,0.0,prices_round_1_day_-2.csv,False,16.0,0.0,9998.0,9998.0,0.0,0.0,4.975895992283129,-0.01818181818181818,911306.0189019527,-8.0,8.0,-8.0,8.0,1,1,-10.0,,-10.0,,1,0,,,,,0,0,q4,mid1,low
-2,66100,ASH_COATED_OSMIUM,9990.0,14.0,9988.0,24.0,,,10009.0,24.0,,,,,9999.5,0.0,prices_round_1_day_-2.csv,False,19.0,-0.2631578947368421,9997.0,9997.0,-1.0,1.5,4.929085223708279,-0.019667170953101363,909925.253664993,-7.0,12.0,-9.5,9.5,1,1,-9.0,,-11.5,,1,0,,,,,0,0,q4,mid2,low
-2,66200,ASH_COATED_OSMIUM,9987.0,24.0,,,,,10008.0,24.0,,,,,9997.5,0.0,prices_round_1_day_-2.csv,False,21.0,0.0,9997.5,9997.5,0.5,-2.0,4.908390261037977,-0.0188821752265861,908548.6651869008,-10.5,10.5,-10.5,10.5,1,1,,,,,0,0,,,,,0,0,q4,mid2,low
-2,66300,ASH_COATED_OSMIUM,9990.0,12.0,9987.0,26.0,,,10006.0,12.0,10008.0,26.0,,,9998.0,0.0,prices_round_1_day_-2.csv,False,16.0,0.0,9998.0,9998.0,0.5,0.5,4.90742347456729,-0.01809954751131222,907176.2355851571,-8.0,8.0,-8.0,8.0,1,1,-11.0,10.0,-11.0,10.0,1,1,,,,,0,0,q4,mid1,low
-2,66400,ASH_COATED_OSMIUM,9990.0,11.0,9987.0,25.0,,,10006.0,11.0,10008.0,25.0,,,9998.0,0.0,prices_round_1_day_-2.csv,False,16.0,0.0,9998.0,9998.0,0.0,0.0,4.904969268617392,-0.018072289156626505,905807.9456375582,-8.0,8.0,-8.0,8.0,1,1,-11.0,10.0,-11.0,10.0,1,1,,,,,0,0,q4,mid1,low
-2,66500,ASH_COATED_OSMIUM,9990.0,12.0,9987.0,24.0,,,10006.0,12.0,10008.0,24.0,,,9998.0,0.0,prices_round_1_day_-2.csv,False,16.0,0.0,9998.0,9998.0,0.0,0.0,4.770653172192077,-0.01804511278195489,904443.7770452218,-8.0,8.0,-8.0,8.0,1,1,-11.0,10.0,-11.0,10.0,1,1,,,,,0,0,q4,mid1,low
-2,66600,ASH_COATED_OSMIUM,9990.0,12.0,9987.0,30.0,,,10006.0,12.0,10008.0,30.0,,,9998.0,0.0,prices_round_1_day_-2.csv,False,16.0,0.0,9998.0,9998.0,0.0,0.0,4.631034293559252,-0.018018018018018018,903083.7112155674,-8.0,8.0,-8.0,8.0,1,1,-11.0,10.0,-11.0,10.0,1,1,,,,,0,0,q4,mid1,low
-2,66700,ASH_COATED_OSMIUM,9990.0,14.0,9987.0,21.0,,,10006.0,14.0,10008.0,21.0,,,9998.0,0.0,prices_round_1_day_-2.csv,False,16.0,0.0,9998.0,9998.0,0.0,0.0,4.516404233408522,-0.017991004497751123,901727.7296676823,-8.0,8.0,-8.0,8.0,1,1,-11.0,10.0,-11.0,10.0,1,1,,,,,0,0,q4,mid1,low
-2,66800,ASH_COATED_OSMIUM,9990.0,15.0,9987.0,28.0,,,9999.0,4.0,10008.0,28.0,,,9994.5,0.0,prices_round_1_day_-2.csv,False,9.0,0.5789473684210527,9997.105263157895,9997.105263157895,-0.894736842104976,-3.5,4.376884638549879,-0.019303498266624215,900375.8151817227,-7.105263157895024,1.894736842104976,-4.5,4.5,1,1,-10.105263157895024,10.894736842104976,-7.5,13.5,1,1,,,,,0,0,q4,tight,low
-2,66900,ASH_COATED_OSMIUM,9990.0,13.0,,,,,10006.0,13.0,10008.0,29.0,,,9998.0,0.0,prices_round_1_day_-2.csv,False,16.0,0.0,9998.0,9998.0,0.894736842104976,3.5,4.379121524081944,-0.017937219730941704,899027.9484437574,-8.0,8.0,-8.0,8.0,1,1,,10.0,,10.0,0,1,,,,,0,0,q4,mid1,low
-2,67000,ASH_COATED_OSMIUM,9986.0,21.0,,,,,10005.0,12.0,,,,,9995.5,0.0,prices_round_1_day_-2.csv,False,19.0,0.2727272727272727,9998.09090909091,9998.09090909091,0.09090909090991772,-2.5,4.374952149110938,-0.01777476255088072,897684.1099734824,-12.090909090909918,6.909090909090082,-9.5,9.5,1,1,,,,,0,0,,,,,0,0,q4,mid2,low
-2,67100,ASH_COATED_OSMIUM,9989.0,12.0,9987.0,29.0,,,10005.0,12.0,10008.0,29.0,,,9997.0,0.0,prices_round_1_day_-2.csv,False,16.0,0.0,9997.0,9997.0,-1.0909090909099177,1.5,4.186159765635242,-0.019374068554396422,896344.2846599416,-8.0,8.0,-8.0,8.0,1,1,-10.0,11.0,-10.0,11.0,1,1,,,,,0,0,q4,mid1,low
-2,67200,ASH_COATED_OSMIUM,9989.0,12.0,9986.0,23.0,,,10005.0,12.0,,,,,9997.0,0.0,prices_round_1_day_-2.csv,False,16.0,0.0,9997.0,9997.0,0.0,0.0,3.8909962671236573,-0.019345238095238096,895008.4511513198,-8.0,8.0,-8.0,8.0,1,1,-11.0,,-11.0,,1,0,,,,,0,0,q3,mid1,low
-2,67300,ASH_COATED_OSMIUM,9989.0,10.0,9986.0,26.0,,,10005.0,10.0,10007.0,26.0,,,9997.0,0.0,prices_round_1_day_-2.csv,False,16.0,0.0,9997.0,9997.0,0.0,0.0,3.8909962671236573,-0.019316493313521546,893676.5933376628,-8.0,8.0,-8.0,8.0,1,1,-11.0,10.0,-11.0,10.0,1,1,,,,,0,0,q3,mid1,low
-2,67400,ASH_COATED_OSMIUM,9989.0,12.0,9987.0,26.0,,,10005.0,12.0,10008.0,26.0,,,9997.0,0.0,prices_round_1_day_-2.csv,False,16.0,0.0,9997.0,9997.0,0.0,0.0,3.890514934114887,-0.019287833827893175,892348.6934967041,-8.0,8.0,-8.0,8.0,1,1,-10.0,11.0,-10.0,11.0,1,1,,,,,0,0,q3,mid1,low
-2,67500,ASH_COATED_OSMIUM,9987.0,27.0,,,,,10005.0,12.0,,,,,9996.0,0.0,prices_round_1_day_-2.csv,False,18.0,0.38461538461538464,9999.461538461539,9999.461538461539,2.4615384615390212,-1.0,3.905934231581523,-0.015612535612534784,891024.7431285804,-12.461538461539021,5.538461538460979,-9.0,9.0,1,1,,,,,0,0,,,,,0,0,q3,mid2,low
-2,67600,ASH_COATED_OSMIUM,9987.0,30.0,,,,,10006.0,12.0,10008.0,30.0,,,9996.5,0.0,prices_round_1_day_-2.csv,False,19.0,0.42857142857142855,10000.57142857143,10000.57142857143,1.1098901098903298,0.5,3.6317991149277113,-0.01394759087066664,889704.7083459933,-13.571428571429351,5.428571428570649,-9.5,9.5,1,1,,7.428571428570649,,11.5,0,1,,,,,0,0,q3,mid2,mid_low
-2,67700,ASH_COATED_OSMIUM,9987.0,29.0,,,,,9999.0,2.0,10005.0,15.0,10008.0,29.0,9993.0,0.0,prices_round_1_day_-2.csv,False,12.0,0.8709677419354839,9998.225806451614,9998.225806451614,-2.3456221198157436,-3.5,2.976477737685521,-0.017391718682993194,888388.5851512146,-11.225806451613607,0.7741935483863926,-6.0,6.0,1,1,,6.774193548386393,,12.0,0,1,,9.774193548386393,,15.0,0,1,q2,tight,low
-2,67800,ASH_COATED_OSMIUM,9989.0,11.0,,,,,10005.0,11.0,10007.0,21.0,,,9997.0,0.0,prices_round_1_day_-2.csv,False,16.0,0.0,9997.0,9997.0,-1.2258064516136074,4.0,2.8985956952087815,-0.019174041297935103,887076.3441954703,-8.0,8.0,-8.0,8.0,1,1,,10.0,,10.0,0,1,,,,,0,0,q2,mid1,low
-2,67900,ASH_COATED_OSMIUM,9989.0,11.0,9986.0,30.0,,,10005.0,11.0,10007.0,30.0,,,9997.0,0.0,prices_round_1_day_-2.csv,False,16.0,0.0,9997.0,9997.0,0.0,0.0,2.869830195937757,-0.01914580265095729,885767.9720069328,-8.0,8.0,-8.0,8.0,1,1,-11.0,10.0,-11.0,10.0,1,1,,,,,0,0,q2,mid1,low
-2,68000,ASH_COATED_OSMIUM,9989.0,15.0,9987.0,25.0,,,10005.0,15.0,10008.0,25.0,,,9997.0,0.0,prices_round_1_day_-2.csv,False,16.0,0.0,9997.0,9997.0,0.0,0.0,2.843932271985109,-0.01911764705882353,884463.4536392731,-8.0,8.0,-8.0,8.0,1,1,-10.0,11.0,-10.0,11.0,1,1,,,,,0,0,q2,mid1,low
-2,68100,ASH_COATED_OSMIUM,9989.0,10.0,9987.0,28.0,,,10005.0,10.0,10008.0,28.0,,,9997.0,0.0,prices_round_1_day_-2.csv,False,16.0,0.0,9997.0,9997.0,0.0,0.0,2.6234432388357076,-0.01908957415565345,883162.7720903401,-8.0,8.0,-8.0,8.0,1,1,-10.0,11.0,-10.0,11.0,1,1,,,,,0,0,q1,mid1,low
-2,68200,ASH_COATED_OSMIUM,9989.0,10.0,9986.0,20.0,,,10005.0,10.0,10007.0,20.0,,,9997.0,0.0,prices_round_1_day_-2.csv,False,16.0,0.0,9997.0,9997.0,0.0,0.0,2.4104874248732533,-0.01906158357771261,881865.9104578489,-8.0,8.0,-8.0,8.0,1,1,-11.0,10.0,-11.0,10.0,1,1,,,,,0,0,q1,mid1,low
-2,68300,ASH_COATED_OSMIUM,9987.0,20.0,,,,,10005.0,11.0,10008.0,20.0,,,9996.0,0.0,prices_round_1_day_-2.csv,False,18.0,0.2903225806451613,9998.612903225807,9998.612903225807,1.6129032258068037,-1.0,2.189479410200671,-0.016672176828979788,880572.8558375438,-11.612903225806804,6.387096774193196,-9.0,9.0,1,1,,9.387096774193196,,12.0,0,1,,,,,0,0,q1,mid2,low
-2,68400,ASH_COATED_OSMIUM,9987.0,25.0,,,,,10005.0,12.0,10008.0,25.0,,,9996.0,0.0,prices_round_1_day_-2.csv,False,18.0,0.35135135135135137,9999.162162162162,9999.162162162162,0.5492589363548177,0.0,1.9833140788690113,-0.015844792160582426,879283.5841888941,-12.162162162161621,5.837837837838379,-9.0,9.0,1,1,,8.837837837838379,,12.0,0,1,,,,,0,0,q1,mid2,low
-2,68500,ASH_COATED_OSMIUM,9989.0,15.0,9986.0,23.0,,,10005.0,15.0,10007.0,23.0,,,9997.0,0.0,prices_round_1_day_-2.csv,False,16.0,0.0,9997.0,9997.0,-2.1621621621616214,1.0,2.0037780036203294,-0.01897810218978102,877998.0885979063,-8.0,8.0,-8.0,8.0,1,1,-11.0,10.0,-11.0,10.0,1,1,,,,,0,0,q1,mid1,low
-2,68600,ASH_COATED_OSMIUM,9987.0,25.0,,,,,10008.0,25.0,,,,,9997.5,0.0,prices_round_1_day_-2.csv,False,21.0,0.0,9997.5,9997.5,0.5,0.5,2.0046330722683208,-0.018221574344023325,876716.3399560782,-10.5,10.5,-10.5,10.5,1,1,,,,,0,0,,,,,0,0,q1,mid2,low
-2,68700,ASH_COATED_OSMIUM,9989.0,10.0,9986.0,25.0,,,10005.0,10.0,10007.0,25.0,,,9997.0,0.0,prices_round_1_day_-2.csv,False,16.0,0.0,9997.0,9997.0,-0.5,-0.5,1.575248014098318,-0.018922852983988356,875438.3281365687,-8.0,8.0,-8.0,8.0,1,1,-11.0,10.0,-11.0,10.0,1,1,,,,,0,0,q1,mid1,low
-2,68800,ASH_COATED_OSMIUM,9987.0,26.0,,,,,10005.0,15.0,10008.0,26.0,,,9996.0,0.0,prices_round_1_day_-2.csv,False,18.0,0.2682926829268293,9998.414634146342,9998.414634146342,1.4146341463419958,-1.0,1.0524390438543938,-0.01683919455473547,874164.0395251598,-11.414634146341996,6.585365853658004,-9.0,9.0,1,1,,9.585365853658004,,12.0,0,1,,,,,0,0,q1,mid2,low
-2,68900,ASH_COATED_OSMIUM,9986.0,25.0,,,,,10005.0,15.0,10007.0,25.0,,,9995.5,0.0,prices_round_1_day_-2.csv,False,19.0,0.25,9997.875,9997.875,-0.5396341463419958,-0.5,1.0512170289954468,-0.017597968069666185,872893.4526550911,-11.875,7.125,-9.5,9.5,1,1,,9.125,,11.5,0,1,,,,,0,0,q1,mid2,low
-2,69000,ASH_COATED_OSMIUM,9988.0,12.0,9986.0,21.0,,,10004.0,12.0,10007.0,21.0,,,9996.0,0.0,prices_round_1_day_-2.csv,False,16.0,0.0,9996.0,9996.0,-1.875,0.5,1.0738424461683715,-0.020289855072463767,871626.55859455,-8.0,8.0,-8.0,8.0,1,1,-10.0,11.0,-10.0,11.0,1,1,,,,,0,0,q1,mid1,low
-2,69100,ASH_COATED_OSMIUM,9988.0,12.0,9985.0,25.0,,,10004.0,12.0,10006.0,25.0,,,9996.0,0.0,prices_round_1_day_-2.csv,False,16.0,0.0,9996.0,9996.0,0.0,0.0,1.0738424461683715,-0.020260492040520984,870363.3316986319,-8.0,8.0,-8.0,8.0,1,1,-11.0,10.0,-11.0,10.0,1,1,,,,,0,0,q1,mid1,low
-2,69200,ASH_COATED_OSMIUM,9987.0,12.0,9985.0,24.0,,,10006.0,24.0,,,,,9996.5,0.0,prices_round_1_day_-2.csv,False,19.0,-0.3333333333333333,9993.333333333334,9993.333333333334,-2.6666666666660603,0.5,1.13142597691293,-0.02408477842003766,869103.7711510869,-6.33333333333394,12.66666666666606,-9.5,9.5,1,1,-8.33333333333394,,-11.5,,1,0,,,,,0,0,q1,mid2,low
-2,69300,ASH_COATED_OSMIUM,9985.0,28.0,,,,,10004.0,10.0,,,,,9994.5,0.0,prices_round_1_day_-2.csv,False,19.0,0.47368421052631576,9999.0,9999.0,5.66666666666606,-2.0,1.3949484713557174,-0.015873015873015872,867847.8875770548,-14.0,5.0,-9.5,9.5,1,1,,,,,0,0,,,,,0,0,q1,mid2,low
-2,69400,ASH_COATED_OSMIUM,9987.0,15.0,9985.0,20.0,,,10003.0,15.0,10006.0,20.0,,,9995.0,0.0,prices_round_1_day_-2.csv,False,16.0,0.0,9995.0,9995.0,-4.0,0.5,1.5031136435721546,-0.021613832853025938,866595.6046951192,-8.0,8.0,-8.0,8.0,1,1,-10.0,11.0,-10.0,11.0,1,1,,,,,0,0,q1,mid1,low
-2,69500,ASH_COATED_OSMIUM,9987.0,11.0,9985.0,20.0,,,10003.0,11.0,10006.0,20.0,,,9995.0,0.0,prices_round_1_day_-2.csv,False,16.0,0.0,9995.0,9995.0,0.0,0.0,1.4581803720037616,-0.02158273381294964,865346.9078590549,-8.0,8.0,-8.0,8.0,1,1,-10.0,11.0,-10.0,11.0,1,1,,,,,0,0,q1,mid1,low
-2,69600,ASH_COATED_OSMIUM,9985.0,21.0,,,,,10003.0,15.0,10006.0,21.0,,,9994.0,0.0,prices_round_1_day_-2.csv,False,18.0,0.16666666666666666,9995.5,9995.5,0.5,-1.0,1.4072878918814606,-0.020833333333333332,864101.8047853839,-10.5,7.5,-9.0,9.0,1,1,,10.5,,12.0,0,1,,,,,0,0,q1,mid2,low
-2,69700,ASH_COATED_OSMIUM,9987.0,15.0,9985.0,21.0,,,10003.0,15.0,10006.0,21.0,,,9995.0,0.0,prices_round_1_day_-2.csv,False,16.0,0.0,9995.0,9995.0,-0.5,1.0,1.4082664210571032,-0.021520803443328552,862860.2795332085,-8.0,8.0,-8.0,8.0,1,1,-10.0,11.0,-10.0,11.0,1,1,,,,,0,0,q1,mid1,low
-2,69800,ASH_COATED_OSMIUM,9988.0,14.0,9985.0,26.0,,,10004.0,14.0,,,,,9996.0,0.0,prices_round_1_day_-2.csv,False,16.0,0.0,9996.0,9996.0,1.0,1.0,1.4170787811059256,-0.02005730659025788,861622.3179298749,-8.0,8.0,-8.0,8.0,1,1,-11.0,,-11.0,,1,0,,,,,0,0,q1,mid1,low
-2,69900,ASH_COATED_OSMIUM,9988.0,12.0,9986.0,29.0,,,10004.0,12.0,10007.0,29.0,,,9996.0,0.0,prices_round_1_day_-2.csv,False,16.0,0.0,9996.0,9996.0,0.0,0.0,1.4111617830649694,-0.020028612303290415,860387.9020021842,-8.0,8.0,-8.0,8.0,1,1,-10.0,11.0,-10.0,11.0,1,1,,,,,0,0,q1,mid1,low
-2,70000,ASH_COATED_OSMIUM,9988.0,12.0,,,,,10007.0,26.0,,,,,9997.5,0.0,prices_round_1_day_-2.csv,False,19.0,-0.3684210526315789,9994.0,9994.0,-2.0,1.5,1.4369575379036803,-0.022857142857142857,859157.0236226192,-6.0,13.0,-9.5,9.5,1,1,,,,,0,0,,,,,0,0,q1,mid2,low
-2,70100,ASH_COATED_OSMIUM,9989.0,15.0,9986.0,22.0,,,10005.0,15.0,10007.0,22.0,,,9997.0,0.0,prices_round_1_day_-2.csv,False,16.0,0.0,9997.0,9997.0,3.0,-0.5,1.50049039370959,-0.018544935805991442,857929.6694812013,-8.0,8.0,-8.0,8.0,1,1,-11.0,10.0,-11.0,10.0,1,1,,,,,0,0,q1,mid1,low
-2,70200,ASH_COATED_OSMIUM,9989.0,12.0,9986.0,29.0,,,10007.0,29.0,,,,,9998.0,0.0,prices_round_1_day_-2.csv,False,18.0,-0.4146341463414634,9994.268292682927,9994.268292682927,-2.7317073170725052,1.0,1.547506737769252,-0.022409839483009265,856705.8145329601,-5.268292682927495,12.731707317072505,-9.0,9.0,1,1,-8.268292682927495,,-12.0,,1,0,,,,,0,0,q1,mid2,low
-2,70300,ASH_COATED_OSMIUM,9989.0,10.0,9987.0,28.0,,,10005.0,10.0,10008.0,28.0,,,9997.0,0.0,prices_round_1_day_-2.csv,False,16.0,0.0,9997.0,9997.0,2.7317073170725052,-1.0,1.592020255885602,-0.01849217638691323,855485.4466694823,-8.0,8.0,-8.0,8.0,1,1,-10.0,11.0,-10.0,11.0,1,1,,,,,0,0,q1,mid1,low
-2,70400,ASH_COATED_OSMIUM,9987.0,24.0,,,,,10005.0,14.0,10008.0,24.0,,,9996.0,0.0,prices_round_1_day_-2.csv,False,18.0,0.2631578947368421,9998.368421052632,9998.368421052632,1.3684210526316747,-1.0,1.5808824198484521,-0.016522129186602733,854268.5426497477,-11.368421052631675,6.631578947368325,-9.0,9.0,1,1,,9.631578947368325,,12.0,0,1,,,,,0,0,q1,mid2,low
-2,70500,ASH_COATED_OSMIUM,9989.0,11.0,9986.0,23.0,,,10005.0,11.0,10007.0,23.0,,,9997.0,0.0,prices_round_1_day_-2.csv,False,16.0,0.0,9997.0,9997.0,-1.3684210526316747,1.0,1.5928127021515772,-0.018439716312056736,853055.095607686,-8.0,8.0,-8.0,8.0,1,1,-11.0,10.0,-11.0,10.0,1,1,,,,,0,0,q1,mid1,low
-2,70600,ASH_COATED_OSMIUM,9989.0,14.0,,,,,10005.0,14.0,10008.0,30.0,,,9997.0,0.0,prices_round_1_day_-2.csv,False,16.0,0.0,9997.0,9997.0,0.0,0.0,1.5928127021515772,-0.018413597733711047,851845.0883803552,-8.0,8.0,-8.0,8.0,1,1,,11.0,,11.0,0,1,,,,,0,0,q1,mid1,low
-2,70700,ASH_COATED_OSMIUM,9989.0,15.0,9987.0,22.0,,,10005.0,15.0,10008.0,22.0,,,9997.0,0.0,prices_round_1_day_-2.csv,False,16.0,0.0,9997.0,9997.0,0.0,0.0,1.5817986823565486,-0.018387553041018388,850638.5089355367,-8.0,8.0,-8.0,8.0,1,1,-10.0,11.0,-10.0,11.0,1,1,,,,,0,0,q1,mid1,low
-2,70800,ASH_COATED_OSMIUM,,,,,,,10005.0,15.0,10007.0,28.0,,,10005.0,0.0,prices_round_1_day_-2.csv,True,,-1.0,,10005.0,8.0,8.0,1.9372448299356817,-0.007062146892655367,849435.4335392029,,0.0,,0.0,0,1,,2.0,,2.0,0,1,,,,,0,0,q1,mid1,mid_low
-2,70900,ASH_COATED_OSMIUM,9989.0,11.0,9986.0,26.0,,,10005.0,11.0,10007.0,26.0,,,9997.0,0.0,prices_round_1_day_-2.csv,False,16.0,0.0,9997.0,9997.0,-8.0,-8.0,2.2535819969166466,-0.018335684062059238,848235.7560863888,-8.0,8.0,-8.0,8.0,1,1,-11.0,10.0,-11.0,10.0,1,1,,,,,0,0,q1,mid1,low
-2,71000,ASH_COATED_OSMIUM,9989.0,13.0,,,,,10005.0,13.0,10007.0,29.0,,,9997.0,0.0,prices_round_1_day_-2.csv,False,16.0,0.0,9997.0,9997.0,0.0,0.0,2.2535819969166466,-0.018309859154929577,847039.3727919591,-8.0,8.0,-8.0,8.0,1,1,,10.0,,10.0,0,1,,,,,0,0,q1,mid1,low
-2,71100,ASH_COATED_OSMIUM,9989.0,13.0,9986.0,25.0,,,10005.0,13.0,10007.0,25.0,,,9997.0,0.0,prices_round_1_day_-2.csv,False,16.0,0.0,9997.0,9997.0,0.0,0.0,2.2491402394752575,-0.01828410689170183,845846.3595913152,-8.0,8.0,-8.0,8.0,1,1,-11.0,10.0,-11.0,10.0,1,1,,,,,0,0,q1,mid1,low
-2,71200,ASH_COATED_OSMIUM,9989.0,11.0,9987.0,26.0,,,10008.0,26.0,,,,,9998.5,0.0,prices_round_1_day_-2.csv,False,19.0,-0.40540540540540543,9994.648648648648,9994.648648648648,-2.3513513513516955,1.5,2.27223349669412,-0.021560886729426538,844656.7099091302,-5.6486486486483045,13.351351351351695,-9.5,9.5,1,1,-7.6486486486483045,,-11.5,,1,0,,,,,0,0,q1,mid2,low
-2,71300,ASH_COATED_OSMIUM,9990.0,10.0,9987.0,29.0,,,10008.0,29.0,,,,,9999.0,0.0,prices_round_1_day_-2.csv,False,18.0,-0.48717948717948717,9994.615384615385,9994.615384615385,-0.03326403326354921,0.5,2.2708166573422623,-0.021577300679684774,843470.3943055173,-4.615384615384755,13.384615384615245,-9.0,9.0,1,1,-7.615384615384755,,-12.0,,1,0,,,,,0,0,q1,mid2,low
-2,71400,ASH_COATED_OSMIUM,9987.0,29.0,,,,,10006.0,15.0,10008.0,29.0,,,9996.5,0.0,prices_round_1_day_-2.csv,False,19.0,0.3181818181818182,9999.522727272728,9999.522727272728,4.907342657343179,-2.5,2.3773529984707884,-0.014674051438756395,842287.440400778,-12.522727272727934,6.477272727272066,-9.5,9.5,1,1,,8.477272727272066,,11.5,0,1,,,,,0,0,q1,mid2,low
-2,71500,ASH_COATED_OSMIUM,9990.0,13.0,9987.0,30.0,,,10006.0,13.0,10008.0,30.0,,,9998.0,0.0,prices_round_1_day_-2.csv,False,16.0,0.0,9998.0,9998.0,-1.5227272727279342,1.5,2.3874827876358546,-0.016783216783216783,841107.769295236,-8.0,8.0,-8.0,8.0,1,1,-11.0,10.0,-11.0,10.0,1,1,,,,,0,0,q1,mid1,low
-2,71600,ASH_COATED_OSMIUM,9996.0,3.0,9990.0,15.0,,,10006.0,15.0,10009.0,20.0,,,10001.0,0.0,prices_round_1_day_-2.csv,False,10.0,-0.6666666666666666,9997.666666666666,9997.666666666666,-0.33333333333393966,3.0,2.387948132493606,-0.017225325884544607,839931.3949326748,-1.6666666666660603,8.33333333333394,-5.0,5.0,1,1,-7.66666666666606,11.33333333333394,-11.0,8.0,1,1,,,,,0,0,q1,tight,low
-2,71700,ASH_COATED_OSMIUM,9990.0,14.0,9987.0,20.0,,,10006.0,14.0,10008.0,20.0,,,9998.0,0.0,prices_round_1_day_-2.csv,False,16.0,0.0,9998.0,9998.0,0.33333333333393966,-3.0,2.3884323747281972,-0.016736401673640166,838758.3065636627,-8.0,8.0,-8.0,8.0,1,1,-11.0,10.0,-11.0,10.0,1,1,,,,,0,0,q1,mid1,low
-2,71800,ASH_COATED_OSMIUM,9988.0,23.0,,,,,10006.0,10.0,10009.0,23.0,,,9997.0,0.0,prices_round_1_day_-2.csv,False,18.0,0.3939393939393939,10000.545454545454,10000.545454545454,2.5454545454540494,-1.0,2.411570483783489,-0.0131678906052172,837588.4993797234,-12.54545454545405,5.454545454545951,-9.0,9.0,1,1,,8.45454545454595,,12.0,0,1,,,,,0,0,q1,mid2,mid_low
-2,71900,ASH_COATED_OSMIUM,9990.0,15.0,9987.0,28.0,,,10006.0,15.0,10008.0,28.0,,,9998.0,0.0,prices_round_1_day_-2.csv,False,16.0,0.0,9998.0,9998.0,-2.5454545454540494,1.0,2.4364721103306874,-0.016689847009735744,836421.9504997476,-8.0,8.0,-8.0,8.0,1,1,-11.0,10.0,-11.0,10.0,1,1,,,,,0,0,q1,mid1,low
-2,72000,ASH_COATED_OSMIUM,9990.0,15.0,,,,,10006.0,15.0,,,,,9998.0,0.0,prices_round_1_day_-2.csv,False,16.0,0.0,9998.0,9998.0,0.0,0.0,2.4364368058012134,-0.016666666666666666,835258.6376343489,-8.0,8.0,-8.0,8.0,1,1,,,,,0,0,,,,,0,0,q1,mid1,low
-2,72100,ASH_COATED_OSMIUM,9990.0,13.0,9987.0,23.0,,,10008.0,23.0,,,,,9999.0,0.0,prices_round_1_day_-2.csv,False,18.0,-0.2777777777777778,9996.5,9996.5,-1.5,1.0,2.4408516152221837,-0.01872399445214979,834098.559244893,-6.5,11.5,-9.0,9.0,1,1,-9.5,,-12.0,,1,0,,,,,0,0,q1,mid2,low
-2,72200,ASH_COATED_OSMIUM,9990.0,11.0,9987.0,24.0,,,10006.0,11.0,10008.0,24.0,,,9998.0,0.0,prices_round_1_day_-2.csv,False,16.0,0.0,9998.0,9998.0,1.5,-1.0,2.450177310406474,-0.01662049861495845,832941.6989731635,-8.0,8.0,-8.0,8.0,1,1,-11.0,10.0,-11.0,10.0,1,1,,,,,0,0,q1,mid1,low
-2,72300,ASH_COATED_OSMIUM,9988.0,29.0,,,,,10006.0,10.0,,,,,9997.0,0.0,prices_round_1_day_-2.csv,False,18.0,0.48717948717948717,10001.384615384615,10001.384615384615,3.3846153846152447,-1.0,2.4959403693060866,-0.011916161293754848,831788.0561108807,-13.384615384615245,4.615384615384755,-9.0,9.0,1,1,,,,,0,0,,,,,0,0,q1,mid2,mid_low
-2,72400,ASH_COATED_OSMIUM,9990.0,11.0,,,,,10009.0,21.0,,,,,9999.5,0.0,prices_round_1_day_-2.csv,False,19.0,-0.3125,9996.53125,9996.53125,-4.853365384615245,2.5,2.591947719680185,-0.01860324585635359,830637.6209119105,-6.53125,12.46875,-9.5,9.5,1,1,,,,,0,0,,,,,0,0,q1,mid2,low
-2,72500,ASH_COATED_OSMIUM,9991.0,15.0,9988.0,22.0,,,10007.0,15.0,10009.0,22.0,,,9999.0,0.0,prices_round_1_day_-2.csv,False,16.0,0.0,9999.0,9999.0,2.46875,-0.5,2.5920882182852805,-0.015172413793103448,829490.3399139555,-8.0,8.0,-8.0,8.0,1,1,-11.0,10.0,-11.0,10.0,1,1,,,,,0,0,q1,mid1,low
-2,72600,ASH_COATED_OSMIUM,9991.0,15.0,9988.0,21.0,,,10007.0,15.0,10009.0,21.0,,,9999.0,0.0,prices_round_1_day_-2.csv,False,16.0,0.0,9999.0,9999.0,0.0,0.0,2.5870563280520353,-0.015151515151515152,828346.2153074947,-8.0,8.0,-8.0,8.0,1,1,-11.0,10.0,-11.0,10.0,1,1,,,,,0,0,q1,mid1,low
-2,72700,ASH_COATED_OSMIUM,10000.0,9.0,9991.0,13.0,,,10007.0,13.0,10009.0,23.0,,,10003.5,0.0,prices_round_1_day_-2.csv,False,7.0,-0.18181818181818182,10002.863636363636,10002.863636363636,3.863636363636033,4.5,2.6224894818250832,-0.009816181067900918,827205.2632537665,-2.863636363636033,4.136363636363967,-3.5,3.5,1,1,-11.863636363636033,6.136363636363967,-12.5,5.5,1,1,,,,,0,0,q1,tight,mid_low
-2,72800,ASH_COATED_OSMIUM,9990.0,10.0,9988.0,25.0,,,10000.0,5.0,10006.0,10.0,10009.0,25.0,9995.0,0.0,prices_round_1_day_-2.csv,False,10.0,0.3333333333333333,9996.666666666666,9996.666666666666,-6.196969696969973,-8.5,2.763918034254767,-0.01831501831501915,826067.4819126816,-6.66666666666606,3.3333333333339397,-5.0,5.0,1,1,-8.66666666666606,9.33333333333394,-7.0,11.0,1,1,,12.33333333333394,,14.0,0,1,q2,tight,low
-2,72900,ASH_COATED_OSMIUM,9990.0,15.0,9988.0,23.0,,,10006.0,15.0,10009.0,23.0,,,9998.0,0.0,prices_round_1_day_-2.csv,False,16.0,0.0,9998.0,9998.0,1.3333333333339397,3.0,2.7704081409470525,-0.01646090534979424,824932.7763392399,-8.0,8.0,-8.0,8.0,1,1,-10.0,11.0,-10.0,11.0,1,1,,,,,0,0,q2,mid1,low
-2,73000,ASH_COATED_OSMIUM,9988.0,24.0,,,,,10006.0,13.0,10009.0,24.0,,,9997.0,0.0,prices_round_1_day_-2.csv,False,18.0,0.2972972972972973,9999.675675675675,9999.675675675675,1.6756756756749382,-1.0,2.7802789695129375,-0.014142910033322003,823801.1852323327,-11.675675675674938,6.324324324325062,-9.0,9.0,1,1,,9.324324324325062,,12.0,0,1,,,,,0,0,q2,mid2,low
-2,73100,ASH_COATED_OSMIUM,,,,,,,10006.0,11.0,,,,,10006.0,0.0,prices_round_1_day_-2.csv,True,,-1.0,,10006.0,6.324324324325062,9.0,2.918232164160691,-0.005471956224350205,822672.7454185984,,0.0,,0.0,0,1,,,,,0,0,,,,,0,0,q2,mid1,mid_low
-2,73200,ASH_COATED_OSMIUM,9991.0,13.0,9989.0,28.0,,,10010.0,28.0,,,,,10000.5,0.0,prices_round_1_day_-2.csv,False,19.0,-0.36585365853658536,9997.024390243903,9997.024390243903,-8.975609756096674,-5.5,3.19268752451092,-0.017726242836197642,821547.4480287638,-6.024390243903326,12.975609756096674,-9.5,9.5,1,1,-8.024390243903326,,-11.5,,1,0,,,,,0,0,q2,mid2,low
-2,73300,ASH_COATED_OSMIUM,9991.0,11.0,,,,,10007.0,11.0,10009.0,30.0,,,9999.0,0.0,prices_round_1_day_-2.csv,False,16.0,0.0,9999.0,9999.0,1.9756097560966737,-1.5,3.196835233321275,-0.015006821282401092,820425.1208702102,-8.0,8.0,-8.0,8.0,1,1,,10.0,,10.0,0,1,,,,,0,0,q2,mid1,low
-2,73400,ASH_COATED_OSMIUM,10000.0,7.0,9991.0,11.0,9988.0,30.0,,,,,,,10000.0,0.0,prices_round_1_day_-2.csv,True,,1.0,,10000.0,1.0,1.0,3.19902820701769,-0.013623978201634877,819305.8519861244,0.0,,0.0,,1,0,-9.0,,-9.0,,1,0,-12.0,,-12.0,,1,0,q2,mid1,low
-2,73500,ASH_COATED_OSMIUM,9990.0,14.0,9988.0,20.0,,,10009.0,20.0,,,,,9999.5,0.0,prices_round_1_day_-2.csv,False,19.0,-0.17647058823529413,9997.823529411764,9997.823529411764,-2.176470588236043,-0.5,3.199227733447203,-0.016566626650661283,818189.6378438286,-7.823529411763957,11.176470588236043,-9.5,9.5,1,1,-9.823529411763957,,-11.5,,1,0,,,,,0,0,q2,mid2,low
-2,73600,ASH_COATED_OSMIUM,9990.0,10.0,9988.0,26.0,,,10006.0,10.0,10009.0,26.0,,,9998.0,0.0,prices_round_1_day_-2.csv,False,16.0,0.0,9998.0,9998.0,0.1764705882360431,-1.5,3.1985569205144775,-0.016304347826086956,817076.4547137183,-8.0,8.0,-8.0,8.0,1,1,-10.0,11.0,-10.0,11.0,1,1,,,,,0,0,q2,mid1,low
-2,73700,ASH_COATED_OSMIUM,9990.0,12.0,9988.0,30.0,,,10006.0,12.0,,,,,9998.0,0.0,prices_round_1_day_-2.csv,False,16.0,0.0,9998.0,9998.0,0.0,0.0,3.1977114020039004,-0.016282225237449117,815966.2964875657,-8.0,8.0,-8.0,8.0,1,1,-10.0,,-10.0,,1,0,,,,,0,0,q2,mid1,low
-2,73800,ASH_COATED_OSMIUM,9990.0,11.0,9988.0,30.0,,,10006.0,11.0,10009.0,30.0,,,9998.0,0.0,prices_round_1_day_-2.csv,False,16.0,0.0,9998.0,9998.0,0.0,0.0,3.191372055124595,-0.016260162601626018,814859.1509024602,-8.0,8.0,-8.0,8.0,1,1,-10.0,11.0,-10.0,11.0,1,1,,,,,0,0,q2,mid1,low
-2,73900,ASH_COATED_OSMIUM,9991.0,13.0,9988.0,26.0,,,10007.0,13.0,10009.0,26.0,,,9999.0,0.0,prices_round_1_day_-2.csv,False,16.0,0.0,9999.0,9999.0,1.0,1.0,3.193567658351249,-0.014884979702300407,813755.007109079,-8.0,8.0,-8.0,8.0,1,1,-11.0,10.0,-11.0,10.0,1,1,,,,,0,0,q2,mid1,low
-2,74000,ASH_COATED_OSMIUM,9991.0,13.0,9988.0,29.0,,,10009.0,29.0,,,,,10000.0,0.0,prices_round_1_day_-2.csv,False,18.0,-0.38095238095238093,9996.57142857143,9996.57142857143,-2.428571428570649,1.0,3.201230506738255,-0.018146718146717093,812653.8580033963,-5.571428571429351,12.428571428570649,-9.0,9.0,1,1,-8.571428571429351,,-12.0,,1,0,,,,,0,0,q2,mid2,low
-2,74100,ASH_COATED_OSMIUM,9990.0,10.0,,,,,10006.0,10.0,10009.0,29.0,,,9998.0,0.0,prices_round_1_day_-2.csv,False,16.0,0.0,9998.0,9998.0,1.428571428570649,-2.0,3.2074953927944545,-0.016194331983805668,811555.679938755,-8.0,8.0,-8.0,8.0,1,1,,11.0,,11.0,0,1,,,,,0,0,q2,mid1,low
-2,74200,ASH_COATED_OSMIUM,9991.0,12.0,9988.0,27.0,,,10009.0,27.0,,,,,10000.0,0.0,prices_round_1_day_-2.csv,False,18.0,-0.38461538461538464,9996.538461538461,9996.538461538461,-1.4615384615390212,2.0,3.1912278830374508,-0.018142235123367954,810460.4659121227,-5.538461538460979,12.461538461539021,-9.0,9.0,1,1,-8.538461538460979,,-12.0,,1,0,,,,,0,0,q2,mid2,low
-2,74300,ASH_COATED_OSMIUM,9988.0,25.0,,,,,10007.0,12.0,10009.0,25.0,,,9997.5,0.0,prices_round_1_day_-2.csv,False,19.0,0.35135135135135137,10000.837837837838,10000.837837837838,4.2993762993774,-2.5,3.147802161997449,-0.012331308428212142,809368.2262220492,-12.837837837838379,6.162162162161621,-9.5,9.5,1,1,,8.162162162161621,,11.5,0,1,,,,,0,0,q2,mid2,mid_low
-2,74400,ASH_COATED_OSMIUM,9991.0,15.0,,,,,10007.0,15.0,10010.0,20.0,,,9999.0,0.0,prices_round_1_day_-2.csv,False,16.0,0.0,9999.0,9999.0,-1.8378378378383786,1.5,3.1057861240846116,-0.01478494623655914,808278.90603601,-8.0,8.0,-8.0,8.0,1,1,,11.0,,11.0,0,1,,,,,0,0,q2,mid1,low
-2,74500,ASH_COATED_OSMIUM,9991.0,15.0,,,,,10007.0,15.0,10009.0,22.0,,,9999.0,0.0,prices_round_1_day_-2.csv,False,16.0,0.0,9999.0,9999.0,0.0,0.0,3.1057861240846116,-0.01476510067114094,807192.5096572228,-8.0,8.0,-8.0,8.0,1,1,,10.0,,10.0,0,1,,,,,0,0,q2,mid1,low
-2,74600,ASH_COATED_OSMIUM,9989.0,30.0,,,,,10001.0,2.0,10007.0,11.0,10010.0,30.0,9995.0,0.0,prices_round_1_day_-2.csv,False,12.0,0.875,10000.25,10000.25,1.25,-4.0,3.1096647072335073,-0.01306970509383378,806109.0319227654,-11.25,0.75,-6.0,6.0,1,1,,6.75,,12.0,0,1,,9.75,,15.0,0,1,q2,tight,low
-2,74700,ASH_COATED_OSMIUM,9991.0,10.0,9988.0,24.0,,,10007.0,10.0,10009.0,24.0,,,9999.0,0.0,prices_round_1_day_-2.csv,False,16.0,0.0,9999.0,9999.0,-1.25,4.0,3.114398638120679,-0.014725568942436412,805028.4588611375,-8.0,8.0,-8.0,8.0,1,1,-11.0,10.0,-11.0,10.0,1,1,,,,,0,0,q2,mid1,low
-2,74800,ASH_COATED_OSMIUM,9991.0,14.0,,,,,10007.0,14.0,10009.0,25.0,,,9999.0,0.0,prices_round_1_day_-2.csv,False,16.0,0.0,9999.0,9999.0,0.0,0.0,3.1115796401056137,-0.014705882352941176,803950.77685492,-8.0,8.0,-8.0,8.0,1,1,,10.0,,10.0,0,1,,,,,0,0,q2,mid1,low
-2,74900,ASH_COATED_OSMIUM,9989.0,24.0,,,,,10007.0,13.0,10010.0,24.0,,,9998.0,0.0,prices_round_1_day_-2.csv,False,18.0,0.2972972972972973,10000.675675675675,10000.675675675675,1.6756756756749382,-1.0,3.119933002580101,-0.01244903114062091,802875.9801660429,-11.675675675674938,6.324324324325062,-9.0,9.0,1,1,,9.324324324325062,,12.0,0,1,,,,,0,0,q2,mid2,mid_low
-2,75000,ASH_COATED_OSMIUM,9991.0,12.0,9989.0,30.0,,,10010.0,30.0,,,,,10000.5,0.0,prices_round_1_day_-2.csv,False,19.0,-0.42857142857142855,9996.42857142857,9996.42857142857,-4.247104247104289,2.5,3.16654156690337,-0.018095238095239136,801804.0735281644,-5.428571428570649,13.571428571429351,-9.5,9.5,1,1,-7.428571428570649,,-11.5,,1,0,,,,,0,0,q2,mid2,low
-2,75100,ASH_COATED_OSMIUM,9991.0,12.0,9989.0,25.0,,,10010.0,25.0,,,,,10000.5,0.0,prices_round_1_day_-2.csv,False,19.0,-0.35135135135135137,9997.162162162162,9997.162162162162,0.7335907335909724,0.0,3.1395368105923764,-0.017094324684205565,800735.0021824994,-6.162162162161621,12.837837837838379,-9.5,9.5,1,1,-8.162162162161621,,-11.5,,1,0,,,,,0,0,q2,mid2,low
-2,75200,ASH_COATED_OSMIUM,9989.0,20.0,,,,,10010.0,20.0,,,,,9999.5,0.0,prices_round_1_day_-2.csv,False,21.0,0.0,9999.5,9999.5,2.3378378378383786,-1.0,3.1312586289272955,-0.013962765957446808,799668.7845209128,-10.5,10.5,-10.5,10.5,1,1,,,,,0,0,,,,,0,0,q2,mid2,low
-2,75300,ASH_COATED_OSMIUM,9991.0,10.0,9989.0,27.0,,,10001.0,3.0,10007.0,10.0,10010.0,27.0,9996.0,0.0,prices_round_1_day_-2.csv,False,10.0,0.5384615384615384,9998.692307692309,9998.692307692309,-0.8076923076914682,-3.5,3.110595876311662,-0.015016855654304738,798605.3960164567,-7.692307692308532,2.307692307691468,-5.0,5.0,1,1,-9.692307692308532,8.307692307691468,-7.0,11.0,1,1,,11.307692307691468,,14.0,0,1,q2,tight,low
-2,75400,ASH_COATED_OSMIUM,9989.0,30.0,,,,,,,,,,,9989.0,0.0,prices_round_1_day_-2.csv,True,,1.0,,9989.0,-9.692307692308532,-7.0,3.394126717812451,-0.027851458885941646,797544.9552856961,0.0,,0.0,,1,0,,,,,0,0,,,,,0,0,q3,mid1,low
-2,75500,ASH_COATED_OSMIUM,9992.0,12.0,9989.0,29.0,,,10008.0,12.0,10010.0,29.0,,,10000.0,0.0,prices_round_1_day_-2.csv,False,16.0,0.0,10000.0,10000.0,11.0,11.0,3.739440869301047,-0.013245033112582781,796487.3644331027,-8.0,8.0,-8.0,8.0,1,1,-11.0,10.0,-11.0,10.0,1,1,,,,,0,0,q3,mid1,low
-2,75600,ASH_COATED_OSMIUM,9992.0,11.0,9989.0,20.0,,,10001.0,2.0,10010.0,20.0,,,9996.5,0.0,prices_round_1_day_-2.csv,False,9.0,0.6923076923076923,9999.615384615385,9999.615384615385,-0.3846153846152447,-3.5,3.7399623674721987,-0.01373626373626355,795432.414463964,-7.615384615384755,1.3846153846152447,-4.5,4.5,1,1,-10.615384615384755,10.384615384615245,-7.5,13.5,1,1,,,,,0,0,q3,tight,low
-2,75700,ASH_COATED_OSMIUM,9991.0,15.0,,,,,10007.0,15.0,10010.0,21.0,,,9999.0,0.0,prices_round_1_day_-2.csv,False,16.0,0.0,9999.0,9999.0,-0.6153846153847553,2.5,3.741150401359117,-0.01453104359313078,794380.2556637505,-8.0,8.0,-8.0,8.0,1,1,,11.0,,11.0,0,1,,,,,0,0,q3,mid1,low
-2,75800,ASH_COATED_OSMIUM,9991.0,15.0,9989.0,21.0,,,10007.0,15.0,10010.0,21.0,,,9999.0,0.0,prices_round_1_day_-2.csv,False,16.0,0.0,9999.0,9999.0,0.0,0.0,3.5604806771165185,-0.014511873350923483,793330.8761981588,-8.0,8.0,-8.0,8.0,1,1,-10.0,11.0,-10.0,11.0,1,1,,,,,0,0,q3,mid1,low
-2,75900,ASH_COATED_OSMIUM,9991.0,14.0,9989.0,30.0,,,10007.0,14.0,10010.0,30.0,,,9999.0,0.0,prices_round_1_day_-2.csv,False,16.0,0.0,9999.0,9999.0,0.0,0.0,3.3740126596725,-0.014492753623188406,792284.2655438213,-8.0,8.0,-8.0,8.0,1,1,-10.0,11.0,-10.0,11.0,1,1,,,,,0,0,q3,mid1,low
-2,76000,ASH_COATED_OSMIUM,,,,,,,10008.0,15.0,10010.0,21.0,,,10008.0,0.0,prices_round_1_day_-2.csv,True,,-1.0,,10008.0,9.0,9.0,3.604062645138021,-0.002631578947368421,791240.5196790168,,0.0,,0.0,0,1,,2.0,,2.0,0,1,,,,,0,0,q3,mid1,mid_low
-2,76100,ASH_COATED_OSMIUM,9992.0,10.0,9989.0,26.0,,,10008.0,10.0,10010.0,26.0,,,10000.0,0.0,prices_round_1_day_-2.csv,False,16.0,0.0,10000.0,10000.0,-8.0,-8.0,3.786965049320254,-0.013140604467805518,790199.4977766195,-8.0,8.0,-8.0,8.0,1,1,-11.0,10.0,-11.0,10.0,1,1,,,,,0,0,q3,mid1,low
-2,76200,ASH_COATED_OSMIUM,9992.0,14.0,9990.0,26.0,,,10008.0,14.0,10011.0,26.0,,,10000.0,0.0,prices_round_1_day_-2.csv,False,16.0,0.0,10000.0,10000.0,0.0,0.0,3.7709753990470065,-0.013123359580052493,789161.1278717521,-8.0,8.0,-8.0,8.0,1,1,-10.0,11.0,-10.0,11.0,1,1,,,,,0,0,q3,mid1,low
-2,76300,ASH_COATED_OSMIUM,9990.0,27.0,,,,,10009.0,13.0,10011.0,27.0,,,9999.5,0.0,prices_round_1_day_-2.csv,False,19.0,0.35,10002.825,10002.825,2.8250000000007276,-0.5,3.7904197699398963,-0.009403669724769689,788125.4939039246,-12.825000000000728,6.174999999999272,-9.5,9.5,1,1,,8.174999999999272,,11.5,0,1,,,,,0,0,q3,mid2,mid_low
-2,76400,ASH_COATED_OSMIUM,9992.0,11.0,9990.0,26.0,,,10008.0,11.0,10011.0,26.0,,,10000.0,0.0,prices_round_1_day_-2.csv,False,16.0,0.0,10000.0,10000.0,-2.8250000000007276,0.5,3.750479785739464,-0.013089005235602094,787092.5744062868,-8.0,8.0,-8.0,8.0,1,1,-10.0,11.0,-10.0,11.0,1,1,,,,,0,0,q3,mid1,low
-2,76500,ASH_COATED_OSMIUM,9990.0,30.0,,,,,10009.0,13.0,10011.0,30.0,,,9999.5,0.0,prices_round_1_day_-2.csv,False,19.0,0.3953488372093023,10003.255813953489,10003.255813953489,3.2558139534885413,-0.5,3.771462507613139,-0.008815929472563998,786062.3624918261,-13.255813953488541,5.744186046511459,-9.5,9.5,1,1,,7.744186046511459,,11.5,0,1,,,,,0,0,q3,mid2,mid_low
-2,76600,ASH_COATED_OSMIUM,10003.0,8.0,9993.0,12.0,9991.0,29.0,10009.0,12.0,10012.0,29.0,,,10006.0,0.0,prices_round_1_day_-2.csv,False,6.0,-0.2,10005.4,10005.4,2.144186046511095,6.5,3.781845322921273,-0.006005221932115358,785034.8360432957,-2.399999999999636,3.600000000000364,-3.0,3.0,1,1,-12.399999999999636,6.600000000000364,-13.0,6.0,1,1,-14.399999999999636,,-15.0,,1,0,q3,tight,mid_low
-2,76700,ASH_COATED_OSMIUM,9993.0,14.0,9990.0,20.0,,,10009.0,14.0,10011.0,20.0,,,10001.0,0.0,prices_round_1_day_-2.csv,False,16.0,0.0,10001.0,10001.0,-4.399999999999636,-5.0,3.8361341245527543,-0.011734028683181226,784010.0115602335,-8.0,8.0,-8.0,8.0,1,1,-11.0,10.0,-11.0,10.0,1,1,,,,,0,0,q3,mid1,mid_low
-2,76800,ASH_COATED_OSMIUM,,,,,,,10009.0,14.0,10012.0,25.0,,,10009.0,0.0,prices_round_1_day_-2.csv,True,,-1.0,,10009.0,8.0,8.0,3.983003175321703,-0.0013020833333333333,782987.9178089219,,0.0,,0.0,0,1,,3.0,,3.0,0,1,,,,,0,0,q3,mid1,mid_low
-2,76900,ASH_COATED_OSMIUM,9991.0,30.0,,,,,10009.0,13.0,10012.0,30.0,,,10000.0,0.0,prices_round_1_day_-2.csv,False,18.0,0.3953488372093023,10003.558139534884,10003.558139534884,-5.441860465116406,-9.0,4.043885874644749,-0.008376931684156574,781968.440782067,-12.558139534883594,5.441860465116406,-9.0,9.0,1,1,,8.441860465116406,,12.0,0,1,,,,,0,0,q4,mid2,mid_low
-2,77000,ASH_COATED_OSMIUM,9994.0,11.0,9991.0,25.0,,,10010.0,11.0,10012.0,25.0,,,10002.0,0.0,prices_round_1_day_-2.csv,False,16.0,0.0,10002.0,10002.0,-1.558139534883594,2.0,4.050757783735937,-0.01038961038961039,780951.5798690149,-8.0,8.0,-8.0,8.0,1,1,-11.0,10.0,-11.0,10.0,1,1,,,,,0,0,q4,mid1,mid_low
-2,77100,ASH_COATED_OSMIUM,9994.0,11.0,,,,,,,,,,,9994.0,0.0,prices_round_1_day_-2.csv,True,,1.0,,9994.0,-8.0,-8.0,4.20390560026824,-0.020752269779507133,779937.4398316272,0.0,,0.0,,1,0,,,,,0,0,,,,,0,0,q4,mid1,low
-2,77200,ASH_COATED_OSMIUM,9993.0,15.0,9991.0,26.0,,,10009.0,15.0,10012.0,26.0,,,10001.0,0.0,prices_round_1_day_-2.csv,False,16.0,0.0,10001.0,10001.0,7.0,7.0,4.315759664258442,-0.011658031088082901,778925.9116698664,-8.0,8.0,-8.0,8.0,1,1,-10.0,11.0,-10.0,11.0,1,1,,,,,0,0,q4,mid1,mid_low
-2,77300,ASH_COATED_OSMIUM,,,,,,,10009.0,12.0,10012.0,30.0,,,10009.0,0.0,prices_round_1_day_-2.csv,True,,-1.0,,10009.0,8.0,8.0,4.43600249706364,-0.00129366106080207,777917.0233174814,,0.0,,0.0,0,1,,3.0,,3.0,0,1,,,,,0,0,q4,mid1,mid_low
-2,77400,ASH_COATED_OSMIUM,9991.0,27.0,,,,,10009.0,11.0,10012.0,27.0,,,10000.0,0.0,prices_round_1_day_-2.csv,False,18.0,0.42105263157894735,10003.78947368421,10003.78947368421,-5.210526315790048,-9.0,4.4445069603526886,-0.008023935808514274,776910.6974154474,-12.789473684209952,5.210526315790048,-9.0,9.0,1,1,,8.210526315790048,,12.0,0,1,,,,,0,0,q4,mid2,mid_low
-2,77500,ASH_COATED_OSMIUM,10003.0,9.0,9994.0,10.0,9991.0,20.0,10010.0,10.0,,,,,10006.5,0.0,prices_round_1_day_-2.csv,False,7.0,-0.05263157894736842,10006.315789473685,10006.315789473685,2.5263157894751203,6.5,4.445128563887037,-0.004753820033954746,775906.9451120557,-3.315789473685072,3.684210526314928,-3.5,3.5,1,1,-12.315789473685072,,-12.5,,1,0,-15.315789473685072,,-15.5,,1,0,q4,tight,mid_low
-2,77600,ASH_COATED_OSMIUM,9991.0,25.0,,,,,10009.0,13.0,10012.0,25.0,,,10000.0,0.0,prices_round_1_day_-2.csv,False,18.0,0.3157894736842105,10002.842105263158,10002.842105263158,-3.4736842105266987,-6.5,4.474510329097024,-0.009224091155723745,774905.7903673577,-11.842105263158373,6.157894736841627,-9.0,9.0,1,1,,9.157894736841627,,12.0,0,1,,,,,0,0,q4,mid2,mid_low
-2,77700,ASH_COATED_OSMIUM,10003.0,6.0,9994.0,11.0,9991.0,24.0,10012.0,24.0,,,,,10007.5,0.0,prices_round_1_day_-2.csv,False,9.0,-0.6,10004.8,10004.8,1.957894736840899,7.5,4.44964296389107,-0.006692406692407629,773907.2054114414,-1.7999999999992724,7.200000000000728,-4.5,4.5,1,1,-10.799999999999272,,-13.5,,1,0,-13.799999999999272,,-16.5,,1,0,q4,tight,mid_low
-2,77800,ASH_COATED_OSMIUM,10003.0,9.0,9994.0,10.0,9991.0,24.0,10010.0,10.0,10012.0,24.0,,,10006.5,0.0,prices_round_1_day_-2.csv,False,7.0,-0.05263157894736842,10006.315789473685,10006.315789473685,1.5157894736857997,-1.0,4.361882353835274,-0.004735489108373943,772911.1888214288,-3.315789473685072,3.684210526314928,-3.5,3.5,1,1,-12.315789473685072,5.684210526314928,-12.5,5.5,1,1,-15.315789473685072,,-15.5,,1,0,q4,tight,mid_low
-2,77900,ASH_COATED_OSMIUM,9994.0,15.0,9991.0,30.0,,,10010.0,15.0,10012.0,30.0,,,10002.0,0.0,prices_round_1_day_-2.csv,False,16.0,0.0,10002.0,10002.0,-4.315789473685072,-4.5,4.4046942449622355,-0.010269576379974325,771917.7535675821,-8.0,8.0,-8.0,8.0,1,1,-11.0,10.0,-11.0,10.0,1,1,,,,,0,0,q4,mid1,mid_low
-2,78000,ASH_COATED_OSMIUM,9994.0,13.0,9992.0,27.0,,,10013.0,27.0,,,,,10003.5,0.0,prices_round_1_day_-2.csv,False,19.0,-0.35,10000.175,10000.175,-1.8250000000007276,1.5,4.406634579911933,-0.012596153846154779,770926.8492485279,-6.174999999999272,12.825000000000728,-9.5,9.5,1,1,-8.174999999999272,,-11.5,,1,0,,,,,0,0,q4,mid2,low
-2,78100,ASH_COATED_OSMIUM,9995.0,13.0,9993.0,30.0,,,10011.0,13.0,10014.0,30.0,,,10003.0,0.0,prices_round_1_day_-2.csv,False,16.0,0.0,10003.0,10003.0,2.8250000000007276,-0.5,4.331450058981938,-0.008962868117797696,769938.4918028787,-8.0,8.0,-8.0,8.0,1,1,-10.0,11.0,-10.0,11.0,1,1,,,,,0,0,q4,mid1,mid_low
-2,78200,ASH_COATED_OSMIUM,9994.0,15.0,9992.0,20.0,,,10010.0,15.0,10013.0,20.0,,,10002.0,0.0,prices_round_1_day_-2.csv,False,16.0,0.0,10002.0,10002.0,-1.0,-1.0,4.139000216252169,-0.010230179028132993,768952.6563215673,-8.0,8.0,-8.0,8.0,1,1,-10.0,11.0,-10.0,11.0,1,1,,,,,0,0,q4,mid1,mid_low
-2,78300,ASH_COATED_OSMIUM,9994.0,10.0,,,,,10010.0,10.0,10012.0,22.0,,,10002.0,0.0,prices_round_1_day_-2.csv,False,16.0,0.0,10002.0,10002.0,0.0,0.0,4.130145317049018,-0.010217113665389528,767969.3409044099,-8.0,8.0,-8.0,8.0,1,1,,10.0,,10.0,0,1,,,,,0,0,q4,mid1,mid_low
-2,78400,ASH_COATED_OSMIUM,9994.0,15.0,9992.0,26.0,,,10010.0,15.0,10013.0,26.0,,,10002.0,0.0,prices_round_1_day_-2.csv,False,16.0,0.0,10002.0,10002.0,0.0,0.0,4.127921146655197,-0.01020408163265306,766988.5371485988,-8.0,8.0,-8.0,8.0,1,1,-10.0,11.0,-10.0,11.0,1,1,,,,,0,0,q4,mid1,mid_low
-2,78500,ASH_COATED_OSMIUM,9994.0,15.0,9992.0,30.0,,,10000.0,6.0,,,,,9997.0,0.0,prices_round_1_day_-2.csv,False,6.0,0.42857142857142855,9998.285714285714,9998.285714285714,-3.714285714286234,-5.0,4.150440199190814,-0.014922656960874183,766010.2529210403,-4.285714285713766,1.714285714286234,-3.0,3.0,1,1,-6.285714285713766,,-5.0,,1,0,,,,,0,0,q4,tight,low
-2,78600,ASH_COATED_OSMIUM,9992.0,30.0,,,,,10010.0,10.0,,,,,10001.0,0.0,prices_round_1_day_-2.csv,False,18.0,0.5,10005.5,10005.5,7.214285714286234,4.0,4.273734655324336,-0.0057251908396946565,765034.5101720494,-13.5,4.5,-9.0,9.0,1,1,,,,,0,0,,,,,0,0,q4,mid2,mid_low
-2,78700,ASH_COATED_OSMIUM,9994.0,11.0,,,,,10010.0,11.0,10013.0,27.0,,,10002.0,0.0,prices_round_1_day_-2.csv,False,16.0,0.0,10002.0,10002.0,-3.5,1.0,4.304792268571016,-0.010165184243964422,764061.1993377871,-8.0,8.0,-8.0,8.0,1,1,,11.0,,11.0,0,1,,,,,0,0,q4,mid1,mid_low
-2,78800,ASH_COATED_OSMIUM,9994.0,13.0,,,,,,,,,,,9994.0,0.0,prices_round_1_day_-2.csv,True,,1.0,,9994.0,-8.0,-8.0,4.453915010923355,-0.02030456852791878,763090.4274916761,0.0,,0.0,,1,0,,,,,0,0,,,,,0,0,q4,mid1,low
-2,78900,ASH_COATED_OSMIUM,9994.0,11.0,9992.0,30.0,,,10010.0,11.0,10013.0,30.0,,,10002.0,0.0,prices_round_1_day_-2.csv,False,16.0,0.0,10002.0,10002.0,8.0,8.0,4.596295285672997,-0.010139416983523447,762122.1201519122,-8.0,8.0,-8.0,8.0,1,1,-10.0,11.0,-10.0,11.0,1,1,,,,,0,0,q4,mid1,mid_low
-2,79000,ASH_COATED_OSMIUM,9994.0,15.0,9991.0,21.0,,,10010.0,15.0,,,,,10002.0,0.0,prices_round_1_day_-2.csv,False,16.0,0.0,10002.0,10002.0,0.0,0.0,4.582271160352957,-0.010126582278481013,761156.1859059689,-8.0,8.0,-8.0,8.0,1,1,-11.0,,-11.0,,1,0,,,,,0,0,q4,mid1,mid_low
-2,79100,ASH_COATED_OSMIUM,9994.0,15.0,9991.0,27.0,,,10010.0,15.0,10012.0,27.0,,,10002.0,0.0,prices_round_1_day_-2.csv,False,16.0,0.0,10002.0,10002.0,0.0,0.0,4.578324735479555,-0.010113780025284451,760192.6970631796,-8.0,8.0,-8.0,8.0,1,1,-11.0,10.0,-11.0,10.0,1,1,,,,,0,0,q4,mid1,mid_low
-2,79200,ASH_COATED_OSMIUM,9994.0,10.0,9991.0,29.0,,,10010.0,10.0,,,,,10002.0,0.0,prices_round_1_day_-2.csv,False,16.0,0.0,10002.0,10002.0,0.0,0.0,4.5729442778992375,-0.010101010101010102,759231.6443489431,-8.0,8.0,-8.0,8.0,1,1,-11.0,,-11.0,,1,0,,,,,0,0,q4,mid1,mid_low
-2,79300,ASH_COATED_OSMIUM,,,,,,,10009.0,14.0,,,,,10009.0,0.0,prices_round_1_day_-2.csv,True,,-1.0,,10009.0,7.0,7.0,4.638918467220078,-0.0012610340479192938,758273.0805044962,,0.0,,0.0,0,1,,,,,0,0,,,,,0,0,q4,mid1,mid_low
-2,79400,ASH_COATED_OSMIUM,9992.0,15.0,9990.0,20.0,,,10008.0,15.0,10011.0,20.0,,,10000.0,0.0,prices_round_1_day_-2.csv,False,16.0,0.0,10000.0,10000.0,-9.0,-9.0,4.809415579573767,-0.012594458438287154,757316.9743188872,-8.0,8.0,-8.0,8.0,1,1,-10.0,11.0,-10.0,11.0,1,1,,,,,0,0,q4,mid1,low
-2,79500,ASH_COATED_OSMIUM,9992.0,10.0,,,,,10008.0,10.0,,,,,10000.0,0.0,prices_round_1_day_-2.csv,False,16.0,0.0,10000.0,10000.0,0.0,0.0,4.809415579573767,-0.012578616352201259,756363.1746033198,-8.0,8.0,-8.0,8.0,1,1,,,,,0,0,,,,,0,0,q4,mid1,low
-2,79600,ASH_COATED_OSMIUM,9992.0,11.0,,,,,10008.0,11.0,,,,,10000.0,0.0,prices_round_1_day_-2.csv,False,16.0,0.0,10000.0,10000.0,0.0,0.0,4.806139106913787,-0.01256281407035176,755411.774383892,-8.0,8.0,-8.0,8.0,1,1,,,,,0,0,,,,,0,0,q4,mid1,low
-2,79700,ASH_COATED_OSMIUM,9992.0,13.0,9990.0,30.0,,,10008.0,13.0,,,,,10000.0,0.0,prices_round_1_day_-2.csv,False,16.0,0.0,10000.0,10000.0,0.0,0.0,4.802780726500305,-0.012547051442910916,754462.7646172759,-8.0,8.0,-8.0,8.0,1,1,-10.0,,-10.0,,1,0,,,,,0,0,q4,mid1,low
-2,79800,ASH_COATED_OSMIUM,9990.0,20.0,,,,,10011.0,20.0,,,,,10000.5,0.0,prices_round_1_day_-2.csv,False,21.0,0.0,10000.5,10000.5,0.5,0.5,4.803258742101812,-0.011904761904761904,753516.1366345382,-10.5,10.5,-10.5,10.5,1,1,,,,,0,0,,,,,0,0,q4,mid2,mid_low
-2,79900,ASH_COATED_OSMIUM,10001.0,8.0,9992.0,10.0,,,10008.0,10.0,,,,,10004.5,0.0,prices_round_1_day_-2.csv,False,7.0,-0.1111111111111111,10004.111111111111,10004.111111111111,3.611111111111313,4.0,4.824543169215173,-0.007370324016131022,752571.8972525597,-3.111111111111313,3.888888888888687,-3.5,3.5,1,1,-12.111111111111313,,-12.5,,1,0,,,,,0,0,q4,tight,mid_low
-2,80000,ASH_COATED_OSMIUM,9992.0,11.0,9989.0,30.0,,,10008.0,11.0,10010.0,30.0,,,10000.0,0.0,prices_round_1_day_-2.csv,False,16.0,0.0,10000.0,10000.0,-4.111111111111313,-4.5,4.822098165489736,-0.0125,751630.0260665584,-8.0,8.0,-8.0,8.0,1,1,-11.0,10.0,-11.0,10.0,1,1,,,,,0,0,q4,mid1,low
-2,80100,ASH_COATED_OSMIUM,9992.0,12.0,9989.0,30.0,,,10008.0,12.0,,,,,10000.0,0.0,prices_round_1_day_-2.csv,False,16.0,0.0,10000.0,10000.0,0.0,0.0,4.821158268333881,-0.012484394506866416,750690.4885341702,-8.0,8.0,-8.0,8.0,1,1,-11.0,,-11.0,,1,0,,,,,0,0,q4,mid1,low
-2,80200,ASH_COATED_OSMIUM,9992.0,11.0,9989.0,25.0,,,10008.0,11.0,10010.0,25.0,,,10000.0,0.0,prices_round_1_day_-2.csv,False,16.0,0.0,10000.0,10000.0,0.0,0.0,4.809907644927209,-0.012468827930174564,749753.2969132233,-8.0,8.0,-8.0,8.0,1,1,-11.0,10.0,-11.0,10.0,1,1,,,,,0,0,q4,mid1,low
-2,80300,ASH_COATED_OSMIUM,9991.0,10.0,9989.0,29.0,,,10007.0,10.0,10010.0,29.0,,,9999.0,0.0,prices_round_1_day_-2.csv,False,16.0,0.0,9999.0,9999.0,-1.0,-1.0,4.810651671516804,-0.0136986301369863,748818.4436427621,-8.0,8.0,-8.0,8.0,1,1,-10.0,11.0,-10.0,11.0,1,1,,,,,0,0,q4,mid1,low
-2,80400,ASH_COATED_OSMIUM,9991.0,14.0,9989.0,23.0,,,10007.0,14.0,,,,,9999.0,0.0,prices_round_1_day_-2.csv,False,16.0,0.0,9999.0,9999.0,0.0,0.0,4.602654892287587,-0.013681592039800995,747885.9175612485,-8.0,8.0,-8.0,8.0,1,1,-10.0,,-10.0,,1,0,,,,,0,0,q4,mid1,low
-2,80500,ASH_COATED_OSMIUM,9992.0,12.0,,,,,10008.0,12.0,,,,,10000.0,0.0,prices_round_1_day_-2.csv,False,16.0,0.0,10000.0,10000.0,1.0,1.0,4.3331592161138905,-0.012422360248447204,746955.7124725828,-8.0,8.0,-8.0,8.0,1,1,,,,,0,0,,,,,0,0,q4,mid1,low
-2,80600,ASH_COATED_OSMIUM,9992.0,14.0,9989.0,26.0,,,10008.0,14.0,10010.0,26.0,,,10000.0,0.0,prices_round_1_day_-2.csv,False,16.0,0.0,10000.0,10000.0,0.0,0.0,4.332803879008208,-0.01240694789081886,746027.8171777773,-8.0,8.0,-8.0,8.0,1,1,-11.0,10.0,-11.0,10.0,1,1,,,,,0,0,q4,mid1,low
-2,80700,ASH_COATED_OSMIUM,9992.0,10.0,9989.0,27.0,,,10008.0,10.0,10010.0,27.0,,,10000.0,0.0,prices_round_1_day_-2.csv,False,16.0,0.0,10000.0,10000.0,0.0,0.0,4.331871781881761,-0.012391573729863693,745102.2243526855,-8.0,8.0,-8.0,8.0,1,1,-11.0,10.0,-11.0,10.0,1,1,,,,,0,0,q4,mid1,low
-2,80800,ASH_COATED_OSMIUM,9991.0,10.0,,,,,10010.0,25.0,,,,,10000.5,0.0,prices_round_1_day_-2.csv,False,19.0,-0.42857142857142855,9996.42857142857,9996.42857142857,-3.571428571429351,0.5,4.361551401436758,-0.01679632248939276,744178.9411144141,-5.428571428570649,13.571428571429351,-9.5,9.5,1,1,,,,,0,0,,,,,0,0,q4,mid2,low
-2,80900,ASH_COATED_OSMIUM,9991.0,11.0,9989.0,28.0,,,10007.0,11.0,10010.0,28.0,,,9999.0,0.0,prices_round_1_day_-2.csv,False,16.0,0.0,9999.0,9999.0,2.571428571429351,-1.5,4.377302054493306,-0.013597033374536464,743257.9358539106,-8.0,8.0,-8.0,8.0,1,1,-10.0,11.0,-10.0,11.0,1,1,,,,,0,0,q4,mid1,low
-2,81000,ASH_COATED_OSMIUM,9991.0,15.0,9989.0,30.0,,,10010.0,30.0,,,,,10000.5,0.0,prices_round_1_day_-2.csv,False,19.0,-0.3333333333333333,9997.333333333334,9997.333333333334,-1.6666666666660603,1.5,4.185446390158172,-0.01563786008230378,742339.2025948397,-6.33333333333394,12.66666666666606,-9.5,9.5,1,1,-8.33333333333394,,-11.5,,1,0,,,,,0,0,q4,mid2,low
-2,81100,ASH_COATED_OSMIUM,9989.0,28.0,,,,,10008.0,12.0,,,,,9998.5,0.0,prices_round_1_day_-2.csv,False,19.0,0.4,10002.3,10002.3,4.966666666665333,-2.0,4.093842180374441,-0.009494451294698801,741422.7650518216,-13.299999999999272,5.700000000000728,-9.5,9.5,1,1,,,,,0,0,,,,,0,0,q4,mid2,mid_low
-2,81200,ASH_COATED_OSMIUM,9991.0,11.0,,,,,10007.0,11.0,10010.0,26.0,,,9999.0,0.0,prices_round_1_day_-2.csv,False,16.0,0.0,9999.0,9999.0,-3.2999999999992724,0.5,4.121109039588762,-0.013546798029556651,740508.5702910826,-8.0,8.0,-8.0,8.0,1,1,,11.0,,11.0,0,1,,,,,0,0,q4,mid1,low
-2,81300,ASH_COATED_OSMIUM,9991.0,14.0,9989.0,20.0,,,10007.0,14.0,10010.0,20.0,,,9999.0,0.0,prices_round_1_day_-2.csv,False,16.0,0.0,9999.0,9999.0,0.0,0.0,4.100622671962488,-0.013530135301353014,739596.6139239549,-8.0,8.0,-8.0,8.0,1,1,-10.0,11.0,-10.0,11.0,1,1,,,,,0,0,q4,mid1,low
-2,81400,ASH_COATED_OSMIUM,9992.0,11.0,9989.0,21.0,,,10008.0,11.0,10010.0,21.0,,,10000.0,0.0,prices_round_1_day_-2.csv,False,16.0,0.0,10000.0,10000.0,1.0,1.0,4.083946161103533,-0.012285012285012284,738686.9022536686,-8.0,8.0,-8.0,8.0,1,1,-11.0,10.0,-11.0,10.0,1,1,,,,,0,0,q4,mid1,low
-2,81500,ASH_COATED_OSMIUM,9991.0,10.0,9989.0,28.0,,,10010.0,28.0,,,,,10000.5,0.0,prices_round_1_day_-2.csv,False,19.0,-0.47368421052631576,9996.0,9996.0,-4.0,0.5,4.094792449128474,-0.01717791411042945,737779.4439982702,-5.0,14.0,-9.5,9.5,1,1,-7.0,,-11.5,,1,0,,,,,0,0,q4,mid2,low
-2,81600,ASH_COATED_OSMIUM,9991.0,12.0,9989.0,20.0,,,10007.0,12.0,10010.0,20.0,,,9999.0,0.0,prices_round_1_day_-2.csv,False,16.0,0.0,9999.0,9999.0,3.0,-1.5,4.106329454339023,-0.013480392156862746,736874.2043028201,-8.0,8.0,-8.0,8.0,1,1,-10.0,11.0,-10.0,11.0,1,1,,,,,0,0,q4,mid1,low
-2,81700,ASH_COATED_OSMIUM,9992.0,12.0,,,,,10008.0,12.0,10010.0,25.0,,,10000.0,0.0,prices_round_1_day_-2.csv,False,16.0,0.0,10000.0,10000.0,1.0,1.0,4.062457127663366,-0.012239902080783354,735971.1734469164,-8.0,8.0,-8.0,8.0,1,1,,10.0,,10.0,0,1,,,,,0,0,q4,mid1,low
-2,81800,ASH_COATED_OSMIUM,,,,,,,10007.0,15.0,10010.0,28.0,,,10007.0,0.0,prices_round_1_day_-2.csv,True,,-1.0,,10007.0,7.0,7.0,4.024451636599374,-0.003667481662591687,735070.4120490579,,0.0,,0.0,0,1,,3.0,,3.0,0,1,,,,,0,0,q3,mid1,mid_low
-2,81900,ASH_COATED_OSMIUM,9991.0,13.0,9989.0,25.0,,,10010.0,25.0,,,,,10000.5,0.0,prices_round_1_day_-2.csv,False,19.0,-0.3157894736842105,9997.5,9997.5,-9.5,-6.5,4.173767620573308,-0.015262515262515262,734171.9030737178,-6.5,12.5,-9.5,9.5,1,1,-8.5,,-11.5,,1,0,,,,,0,0,q4,mid2,low
-2,82000,ASH_COATED_OSMIUM,9991.0,13.0,9988.0,30.0,,,10007.0,13.0,10009.0,30.0,,,9999.0,0.0,prices_round_1_day_-2.csv,False,16.0,0.0,9999.0,9999.0,1.5,-1.5,4.174687312399302,-0.013414634146341463,733275.4810836652,-8.0,8.0,-8.0,8.0,1,1,-11.0,10.0,-11.0,10.0,1,1,,,,,0,0,q4,mid1,low
-2,82100,ASH_COATED_OSMIUM,9988.0,21.0,,,,,10007.0,15.0,10009.0,21.0,,,9997.5,0.0,prices_round_1_day_-2.csv,False,19.0,0.16666666666666666,9999.083333333334,9999.083333333334,0.08333333333393966,-1.5,4.014369171852245,-0.013296792529434909,732381.2427035006,-11.08333333333394,7.91666666666606,-9.5,9.5,1,1,,9.91666666666606,,11.5,0,1,,,,,0,0,q3,mid2,low
-2,82200,ASH_COATED_OSMIUM,9991.0,11.0,9988.0,28.0,,,10007.0,11.0,10009.0,28.0,,,9999.0,0.0,prices_round_1_day_-2.csv,False,16.0,0.0,9999.0,9999.0,-0.08333333333393966,1.5,3.8889864965523686,-0.01338199513381995,731489.1827305355,-8.0,8.0,-8.0,8.0,1,1,-11.0,10.0,-11.0,10.0,1,1,,,,,0,0,q3,mid1,low
-2,82300,ASH_COATED_OSMIUM,9990.0,10.0,9988.0,26.0,,,10009.0,26.0,,,,,9999.5,0.0,prices_round_1_day_-2.csv,False,19.0,-0.4444444444444444,9995.277777777777,9995.277777777777,-3.7222222222226264,0.5,3.7450798557335867,-0.017888483866613156,730599.3099276783,-5.277777777777374,13.722222222222626,-9.5,9.5,1,1,-7.277777777777374,,-11.5,,1,0,,,,,0,0,q3,mid2,low
-2,82400,ASH_COATED_OSMIUM,9991.0,12.0,9988.0,24.0,,,,,,,,,9991.0,0.0,prices_round_1_day_-2.csv,True,,1.0,,9991.0,-4.277777777777374,-8.5,3.722243964154918,-0.023058252427184466,729711.6049637736,0.0,,0.0,,1,0,-3.0,,-3.0,,1,0,,,,,0,0,q3,mid1,low
-2,82500,ASH_COATED_OSMIUM,9990.0,10.0,9988.0,24.0,,,10006.0,10.0,10009.0,24.0,,,9998.0,0.0,prices_round_1_day_-2.csv,False,16.0,0.0,9998.0,9998.0,7.0,7.0,3.8423154171764384,-0.014545454545454545,728826.092413528,-8.0,8.0,-8.0,8.0,1,1,-10.0,11.0,-10.0,11.0,1,1,,,,,0,0,q3,mid1,low
-2,82600,ASH_COATED_OSMIUM,9988.0,21.0,,,,,10007.0,14.0,10009.0,21.0,,,9997.5,0.0,prices_round_1_day_-2.csv,False,19.0,0.2,9999.4,9999.4,1.3999999999996362,-0.5,3.8184450404304626,-0.012832929782082765,727942.6692694103,-11.399999999999636,7.600000000000364,-9.5,9.5,1,1,,9.600000000000364,,11.5,0,1,,,,,0,0,q3,mid2,low
-2,82700,ASH_COATED_OSMIUM,9988.0,30.0,,,,,10007.0,12.0,,,,,9997.5,0.0,prices_round_1_day_-2.csv,False,19.0,0.42857142857142855,10001.57142857143,10001.57142857143,2.171428571429715,0.0,3.8208767087671083,-0.010191742960786758,727061.3885139137,-13.571428571429351,5.428571428570649,-9.5,9.5,1,1,,,,,0,0,,,,,0,0,q3,mid2,mid_low
-2,82800,ASH_COATED_OSMIUM,9991.0,10.0,,,,,10009.0,21.0,,,,,10000.0,0.0,prices_round_1_day_-2.csv,False,18.0,-0.3548387096774194,9996.806451612903,9996.806451612903,-4.764976958525949,2.5,3.870777893083133,-0.015934237182483813,726182.2605721534,-5.806451612903402,12.193548387096598,-9.0,9.0,1,1,,,,,0,0,,,,,0,0,q3,mid2,low
-2,82900,ASH_COATED_OSMIUM,9990.0,11.0,9988.0,22.0,,,,,,,,,9990.0,0.0,prices_round_1_day_-2.csv,True,,1.0,,9990.0,-6.806451612903402,-10.0,3.940354921054671,-0.024125452352231604,725305.2844790755,0.0,,0.0,,1,0,-2.0,,-2.0,,1,0,,,,,0,0,q3,mid1,low
-2,83000,ASH_COATED_OSMIUM,9991.0,15.0,,,,,10007.0,15.0,10009.0,30.0,,,9999.0,0.0,prices_round_1_day_-2.csv,False,16.0,0.0,9999.0,9999.0,9.0,9.0,4.143633451379345,-0.01325301204819277,724430.4666892646,-8.0,8.0,-8.0,8.0,1,1,,10.0,,10.0,0,1,,,,,0,0,q4,mid1,low
-2,83100,ASH_COATED_OSMIUM,9991.0,15.0,9988.0,20.0,,,10009.0,20.0,,,,,10000.0,0.0,prices_round_1_day_-2.csv,False,18.0,-0.14285714285714285,9998.714285714286,9998.714285714286,-0.285714285713766,1.0,4.123294907964832,-0.013580883616984075,723557.6589874051,-7.714285714286234,10.285714285713766,-9.0,9.0,1,1,-10.714285714286234,,-12.0,,1,0,,,,,0,0,q4,mid2,low
-2,83200,ASH_COATED_OSMIUM,,,,,,,10007.0,14.0,,,,,10007.0,0.0,prices_round_1_day_-2.csv,True,,-1.0,,10007.0,8.285714285713766,7.0,4.287135221985021,-0.003605769230769231,722687.0346029603,,0.0,,0.0,0,1,,,,,0,0,,,,,0,0,q4,mid1,mid_low
-2,83300,ASH_COATED_OSMIUM,9991.0,10.0,9988.0,22.0,,,10007.0,10.0,,,,,9999.0,0.0,prices_round_1_day_-2.csv,False,16.0,0.0,9999.0,9999.0,-8.0,-8.0,4.437587348189221,-0.013205282112845138,721818.4971401674,-8.0,8.0,-8.0,8.0,1,1,-11.0,,-11.0,,1,0,,,,,0,0,q4,mid1,low
-2,83400,ASH_COATED_OSMIUM,9991.0,13.0,9988.0,28.0,,,10009.0,28.0,,,,,10000.0,0.0,prices_round_1_day_-2.csv,False,18.0,-0.36585365853658536,9996.707317073171,9996.707317073171,-2.292682926829002,1.0,4.448785748849922,-0.015938468737205037,720951.9745623138,-5.707317073170998,12.292682926829002,-9.0,9.0,1,1,-8.707317073170998,,-12.0,,1,0,,,,,0,0,q4,mid2,low
-2,83500,ASH_COATED_OSMIUM,9991.0,13.0,9988.0,27.0,,,10009.0,27.0,,,,,10000.0,0.0,prices_round_1_day_-2.csv,False,18.0,-0.35,9996.85,9996.85,0.1426829268293659,0.0,4.418274900471465,-0.01574850299401154,720087.5237836187,-5.850000000000364,12.149999999999636,-9.0,9.0,1,1,-8.850000000000364,,-12.0,,1,0,,,,,0,0,q4,mid2,low
-2,83600,ASH_COATED_OSMIUM,9991.0,10.0,9989.0,23.0,,,10007.0,10.0,10010.0,23.0,,,9999.0,0.0,prices_round_1_day_-2.csv,False,16.0,0.0,9999.0,9999.0,2.149999999999636,-1.0,4.305452899577461,-0.013157894736842105,719225.1491262204,-8.0,8.0,-8.0,8.0,1,1,-10.0,11.0,-10.0,11.0,1,1,,,,,0,0,q4,mid1,low
-2,83700,ASH_COATED_OSMIUM,9991.0,12.0,,,,,10007.0,12.0,10010.0,26.0,,,9999.0,0.0,prices_round_1_day_-2.csv,False,16.0,0.0,9999.0,9999.0,0.0,0.0,4.277907911473948,-0.013142174432497013,718364.8319624007,-8.0,8.0,-8.0,8.0,1,1,,11.0,,11.0,0,1,,,,,0,0,q4,mid1,low
-2,83800,ASH_COATED_OSMIUM,9991.0,15.0,,,,,10007.0,15.0,,,,,9999.0,0.0,prices_round_1_day_-2.csv,False,16.0,0.0,9999.0,9999.0,0.0,0.0,4.121631113749372,-0.013126491646778043,717506.570514623,-8.0,8.0,-8.0,8.0,1,1,,,,,0,0,,,,,0,0,q4,mid1,low
-2,83900,ASH_COATED_OSMIUM,9991.0,15.0,9988.0,26.0,,,10007.0,15.0,10009.0,26.0,,,9999.0,0.0,prices_round_1_day_-2.csv,False,16.0,0.0,9999.0,9999.0,0.0,0.0,3.960839709088492,-0.013110846245530394,716650.3574235222,-8.0,8.0,-8.0,8.0,1,1,-11.0,10.0,-11.0,10.0,1,1,,,,,0,0,q3,mid1,low
-2,84000,ASH_COATED_OSMIUM,9991.0,12.0,9989.0,25.0,,,,,,,,,9991.0,0.0,prices_round_1_day_-2.csv,True,,1.0,,9991.0,-8.0,-8.0,4.116874951265525,-0.02261904761904762,715796.2613055649,0.0,,0.0,,1,0,-2.0,,-2.0,,1,0,,,,,0,0,q4,mid1,low
-2,84100,ASH_COATED_OSMIUM,9991.0,10.0,9988.0,26.0,,,10007.0,10.0,10009.0,26.0,,,9999.0,0.0,prices_round_1_day_-2.csv,False,16.0,0.0,9999.0,9999.0,8.0,8.0,4.277907911473948,-0.013079667063020214,714944.1994300649,-8.0,8.0,-8.0,8.0,1,1,-11.0,10.0,-11.0,10.0,1,1,,,,,0,0,q4,mid1,low
-2,84200,ASH_COATED_OSMIUM,9991.0,13.0,9988.0,25.0,,,10007.0,13.0,10009.0,25.0,,,9999.0,0.0,prices_round_1_day_-2.csv,False,16.0,0.0,9999.0,9999.0,0.0,0.0,4.277907911473948,-0.013064133016627079,714094.0874214333,-8.0,8.0,-8.0,8.0,1,1,-11.0,10.0,-11.0,10.0,1,1,,,,,0,0,q4,mid1,low
-2,84300,ASH_COATED_OSMIUM,9991.0,14.0,9988.0,25.0,,,10007.0,14.0,,,,,9999.0,0.0,prices_round_1_day_-2.csv,False,16.0,0.0,9999.0,9999.0,0.0,0.0,4.154919161898164,-0.013048635824436536,713245.9946812302,-8.0,8.0,-8.0,8.0,1,1,-11.0,,-11.0,,1,0,,,,,0,0,q4,mid1,low
-2,84400,ASH_COATED_OSMIUM,,,,,,,10006.0,10.0,10008.0,28.0,,,10006.0,0.0,prices_round_1_day_-2.csv,True,,-1.0,,10006.0,7.0,7.0,4.078776099076575,-0.004739336492890996,712399.9722967657,,0.0,,0.0,0,1,,2.0,,2.0,0,1,,,,,0,0,q4,mid1,mid_low
-2,84500,ASH_COATED_OSMIUM,9990.0,14.0,,,,,10006.0,14.0,10008.0,28.0,,,9998.0,0.0,prices_round_1_day_-2.csv,False,16.0,0.0,9998.0,9998.0,-8.0,-8.0,4.23740464669917,-0.014201183431952662,711555.9721501382,-8.0,8.0,-8.0,8.0,1,1,,10.0,,10.0,0,1,,,,,0,0,q4,mid1,low
-2,84600,ASH_COATED_OSMIUM,9990.0,11.0,9988.0,26.0,,,10006.0,11.0,,,,,9998.0,0.0,prices_round_1_day_-2.csv,False,16.0,0.0,9998.0,9998.0,0.0,0.0,4.23740464669917,-0.014184397163120567,710713.8940768262,-8.0,8.0,-8.0,8.0,1,1,-10.0,,-10.0,,1,0,,,,,0,0,q4,mid1,low
-2,84700,ASH_COATED_OSMIUM,9987.0,26.0,,,,,10006.0,10.0,10008.0,26.0,,,9996.5,0.0,prices_round_1_day_-2.csv,False,19.0,0.4444444444444444,10000.722222222223,10000.722222222223,2.7222222222226264,-1.5,4.255379238194337,-0.010953692771874112,709873.8155721026,-13.722222222222626,5.277777777777374,-9.5,9.5,1,1,,7.277777777777374,,11.5,0,1,,,,,0,0,q4,mid2,mid_low
-2,84800,ASH_COATED_OSMIUM,9990.0,13.0,9988.0,23.0,,,10006.0,13.0,10009.0,23.0,,,9998.0,0.0,prices_round_1_day_-2.csv,False,16.0,0.0,9998.0,9998.0,-2.7222222222226264,1.5,4.272241433663015,-0.014150943396226415,709035.7205623462,-8.0,8.0,-8.0,8.0,1,1,-10.0,11.0,-10.0,11.0,1,1,,,,,0,0,q4,mid1,low
-2,84900,ASH_COATED_OSMIUM,9990.0,12.0,9988.0,26.0,,,10006.0,12.0,,,,,9998.0,0.0,prices_round_1_day_-2.csv,False,16.0,0.0,9998.0,9998.0,0.0,0.0,4.2394846131479795,-0.014134275618374558,708199.593533617,-8.0,8.0,-8.0,8.0,1,1,-10.0,,-10.0,,1,0,,,,,0,0,q4,mid1,low
-2,85000,ASH_COATED_OSMIUM,9990.0,15.0,9988.0,30.0,,,10006.0,15.0,10009.0,30.0,,,9998.0,0.0,prices_round_1_day_-2.csv,False,16.0,0.0,9998.0,9998.0,0.0,0.0,4.2002282214066655,-0.01411764705882353,707365.4361798667,-8.0,8.0,-8.0,8.0,1,1,-10.0,11.0,-10.0,11.0,1,1,,,,,0,0,q4,mid1,low
-2,85100,ASH_COATED_OSMIUM,9990.0,11.0,9987.0,25.0,,,10008.0,25.0,,,,,9999.0,0.0,prices_round_1_day_-2.csv,False,18.0,-0.3888888888888889,9995.5,9995.5,-2.5,1.0,4.214597902439561,-0.017038777908343124,706533.2488106544,-5.5,12.5,-9.0,9.0,1,1,-8.5,,-12.0,,1,0,,,,,0,0,q4,mid2,low
-2,85200,ASH_COATED_OSMIUM,9987.0,26.0,,,,,10006.0,14.0,10008.0,26.0,,,9996.5,0.0,prices_round_1_day_-2.csv,False,19.0,0.3,9999.35,9999.35,3.850000000000364,-2.5,4.2512854922236,-0.012499999999999572,705703.0275270194,-12.350000000000364,6.649999999999636,-9.5,9.5,1,1,,8.649999999999636,,11.5,0,1,,,,,0,0,q4,mid2,low
-2,85300,ASH_COATED_OSMIUM,9990.0,11.0,,,,,10006.0,11.0,10008.0,26.0,,,9998.0,0.0,prices_round_1_day_-2.csv,False,16.0,0.0,9998.0,9998.0,-1.3500000000003638,1.5,4.253231516904632,-0.01406799531066823,704874.7396858011,-8.0,8.0,-8.0,8.0,1,1,,10.0,,10.0,0,1,,,,,0,0,q4,mid1,low
-2,85400,ASH_COATED_OSMIUM,9990.0,10.0,9987.0,28.0,,,10006.0,10.0,10008.0,28.0,,,9998.0,0.0,prices_round_1_day_-2.csv,False,16.0,0.0,9998.0,9998.0,0.0,0.0,4.253231516904632,-0.01405152224824356,704048.3918083238,-8.0,8.0,-8.0,8.0,1,1,-11.0,10.0,-11.0,10.0,1,1,,,,,0,0,q4,mid1,low
-2,85500,ASH_COATED_OSMIUM,9996.0,5.0,9990.0,15.0,9988.0,28.0,10006.0,15.0,10009.0,28.0,,,10001.0,0.0,prices_round_1_day_-2.csv,False,10.0,-0.5,9998.5,9998.5,0.5,3.0,4.251371779774178,-0.013450292397660818,703223.979480609,-2.5,7.5,-5.0,5.0,1,1,-8.5,10.5,-11.0,8.0,1,1,-10.5,,-13.0,,1,0,q4,tight,low
-2,85600,ASH_COATED_OSMIUM,9991.0,13.0,9988.0,28.0,,,10007.0,13.0,10009.0,28.0,,,9999.0,0.0,prices_round_1_day_-2.csv,False,16.0,0.0,9999.0,9999.0,0.5,-2.0,4.252031779603514,-0.012850467289719626,702401.4956020623,-8.0,8.0,-8.0,8.0,1,1,-11.0,10.0,-11.0,10.0,1,1,,,,,0,0,q4,mid1,low
-2,85700,ASH_COATED_OSMIUM,9991.0,12.0,9988.0,28.0,,,10007.0,12.0,10009.0,28.0,,,9999.0,0.0,prices_round_1_day_-2.csv,False,16.0,0.0,9999.0,9999.0,0.0,0.0,4.252031779603514,-0.012835472578763127,701580.9331073929,-8.0,8.0,-8.0,8.0,1,1,-11.0,10.0,-11.0,10.0,1,1,,,,,0,0,q4,mid1,low
-2,85800,ASH_COATED_OSMIUM,9991.0,14.0,9988.0,28.0,,,10007.0,14.0,10009.0,28.0,,,9999.0,0.0,prices_round_1_day_-2.csv,False,16.0,0.0,9999.0,9999.0,0.0,0.0,4.221039603893837,-0.01282051282051282,700762.2855777045,-8.0,8.0,-8.0,8.0,1,1,-11.0,10.0,-11.0,10.0,1,1,,,,,0,0,q4,mid1,low
-2,85900,ASH_COATED_OSMIUM,9991.0,10.0,9988.0,29.0,,,,,,,,,9991.0,0.0,prices_round_1_day_-2.csv,True,,1.0,,9991.0,-8.0,-8.0,4.354874331100839,-0.02211874272409779,699945.6205837555,0.0,,0.0,,1,0,-3.0,,-3.0,,1,0,,,,,0,0,q4,mid1,low
-2,86000,ASH_COATED_OSMIUM,9991.0,10.0,,,,,10009.0,22.0,,,,,10000.0,0.0,prices_round_1_day_-2.csv,False,18.0,-0.375,9996.625,9996.625,5.625,9.0,4.424916473429061,-0.015552325581395349,699130.8199228534,-5.625,12.375,-9.0,9.0,1,1,,,,,0,0,,,,,0,0,q4,mid2,low
-2,86100,ASH_COATED_OSMIUM,9991.0,15.0,,,,,10007.0,15.0,10009.0,20.0,,,9999.0,0.0,prices_round_1_day_-2.csv,False,16.0,0.0,9999.0,9999.0,2.375,-1.0,4.3803351982184635,-0.012775842044134728,698317.8837463188,-8.0,8.0,-8.0,8.0,1,1,,10.0,,10.0,0,1,,,,,0,0,q4,mid1,low
-2,86200,ASH_COATED_OSMIUM,9991.0,14.0,9989.0,28.0,,,10010.0,28.0,,,,,10000.5,0.0,prices_round_1_day_-2.csv,False,19.0,-0.3333333333333333,9997.333333333334,9997.333333333334,-1.6666666666660603,1.5,4.361776244181629,-0.014694508894044153,697506.8324669172,-6.33333333333394,12.66666666666606,-9.5,9.5,1,1,-8.33333333333394,,-11.5,,1,0,,,,,0,0,q4,mid2,low
-2,86300,ASH_COATED_OSMIUM,9991.0,13.0,,,,,10007.0,13.0,10010.0,28.0,,,9999.0,0.0,prices_round_1_day_-2.csv,False,16.0,0.0,9999.0,9999.0,1.6666666666660603,-1.5,4.3683996078150695,-0.012746234067207415,696697.6630831964,-8.0,8.0,-8.0,8.0,1,1,,11.0,,11.0,0,1,,,,,0,0,q4,mid1,low
-2,86400,ASH_COATED_OSMIUM,9992.0,11.0,9989.0,30.0,,,10008.0,11.0,10010.0,30.0,,,10000.0,0.0,prices_round_1_day_-2.csv,False,16.0,0.0,10000.0,10000.0,1.0,1.0,4.3683996078150695,-0.011574074074074073,695890.366862321,-8.0,8.0,-8.0,8.0,1,1,-11.0,10.0,-11.0,10.0,1,1,,,,,0,0,q4,mid1,low
-2,86500,ASH_COATED_OSMIUM,9991.0,11.0,9989.0,21.0,,,9997.0,6.0,,,,,9994.0,0.0,prices_round_1_day_-2.csv,False,6.0,0.29411764705882354,9994.882352941177,9994.882352941177,-5.117647058823422,-6.0,4.392080466216033,-0.01747704862291725,695084.9683379901,-3.8823529411765776,2.1176470588234224,-3.0,3.0,1,1,-5.882352941176578,,-5.0,,1,0,,,,,0,0,q4,tight,low
-2,86600,ASH_COATED_OSMIUM,9991.0,10.0,,,,,10007.0,10.0,,,,,9999.0,0.0,prices_round_1_day_-2.csv,False,16.0,0.0,9999.0,9999.0,4.117647058823422,5.0,4.410581363558955,-0.012702078521939953,694281.4216456991,-8.0,8.0,-8.0,8.0,1,1,,,,,0,0,,,,,0,0,q4,mid1,low
-2,86700,ASH_COATED_OSMIUM,9991.0,14.0,9988.0,21.0,,,10007.0,14.0,10009.0,21.0,,,9999.0,0.0,prices_round_1_day_-2.csv,False,16.0,0.0,9999.0,9999.0,0.0,0.0,4.40822091529485,-0.012687427912341407,693479.7109973335,-8.0,8.0,-8.0,8.0,1,1,-11.0,10.0,-11.0,10.0,1,1,,,,,0,0,q4,mid1,low
-2,86800,ASH_COATED_OSMIUM,9991.0,15.0,9988.0,23.0,,,10007.0,15.0,10009.0,23.0,,,9999.0,0.0,prices_round_1_day_-2.csv,False,16.0,0.0,9999.0,9999.0,0.0,0.0,4.290302711036679,-0.012672811059907835,692679.8497391599,-8.0,8.0,-8.0,8.0,1,1,-11.0,10.0,-11.0,10.0,1,1,,,,,0,0,q4,mid1,low
-2,86900,ASH_COATED_OSMIUM,10001.0,5.0,,,,,10010.0,22.0,,,,,10005.5,0.0,prices_round_1_day_-2.csv,False,9.0,-0.6296296296296297,10002.666666666666,10002.666666666666,3.6666666666660603,6.5,4.105418832742632,-0.008438818565401542,691881.8470573876,-1.6666666666660603,7.33333333333394,-4.5,4.5,1,1,,,,,0,0,,,,,0,0,q4,tight,mid_low
-2,87000,ASH_COATED_OSMIUM,9991.0,15.0,9989.0,22.0,,,10007.0,15.0,10010.0,22.0,,,9999.0,0.0,prices_round_1_day_-2.csv,False,16.0,0.0,9999.0,9999.0,-3.6666666666660603,-6.5,4.134467019306646,-0.01264367816091954,691085.6807975386,-8.0,8.0,-8.0,8.0,1,1,-10.0,11.0,-10.0,11.0,1,1,,,,,0,0,q4,mid1,low
-2,87100,ASH_COATED_OSMIUM,9991.0,12.0,9989.0,23.0,,,10007.0,12.0,10010.0,23.0,,,9999.0,0.0,prices_round_1_day_-2.csv,False,16.0,0.0,9999.0,9999.0,0.0,0.0,4.1344495372311965,-0.012629161882893225,690291.3294404836,-8.0,8.0,-8.0,8.0,1,1,-10.0,11.0,-10.0,11.0,1,1,,,,,0,0,q4,mid1,low
-2,87200,ASH_COATED_OSMIUM,9991.0,15.0,,,,,10007.0,15.0,10010.0,20.0,,,9999.0,0.0,prices_round_1_day_-2.csv,False,16.0,0.0,9999.0,9999.0,0.0,0.0,4.134432740657703,-0.01261467889908257,689498.8020819518,-8.0,8.0,-8.0,8.0,1,1,,11.0,,11.0,0,1,,,,,0,0,q4,mid1,low
-2,87300,ASH_COATED_OSMIUM,9992.0,11.0,9989.0,30.0,,,10008.0,11.0,10010.0,30.0,,,10000.0,0.0,prices_round_1_day_-2.csv,False,16.0,0.0,10000.0,10000.0,1.0,1.0,4.101473713087317,-0.011454753722794959,688708.0936210939,-8.0,8.0,-8.0,8.0,1,1,-11.0,10.0,-11.0,10.0,1,1,,,,,0,0,q4,mid1,low
-2,87400,ASH_COATED_OSMIUM,9991.0,12.0,9988.0,28.0,,,10007.0,12.0,10009.0,28.0,,,9999.0,0.0,prices_round_1_day_-2.csv,False,16.0,0.0,9999.0,9999.0,-1.0,-1.0,4.0561086440296785,-0.012585812356979404,687919.1965792639,-8.0,8.0,-8.0,8.0,1,1,-11.0,10.0,-11.0,10.0,1,1,,,,,0,0,q4,mid1,low
-2,87500,ASH_COATED_OSMIUM,9988.0,22.0,,,,,10007.0,14.0,10009.0,22.0,,,9997.5,0.0,prices_round_1_day_-2.csv,False,19.0,0.2222222222222222,9999.611111111111,9999.611111111111,0.6111111111113132,-1.5,3.9350605951466475,-0.011873015873015641,687132.1041215683,-11.611111111111313,7.388888888888687,-9.5,9.5,1,1,,9.388888888888687,,11.5,0,1,,,,,0,0,q3,mid2,low
-2,87600,ASH_COATED_OSMIUM,9990.0,13.0,,,,,10009.0,28.0,,,,,9999.5,0.0,prices_round_1_day_-2.csv,False,19.0,-0.36585365853658536,9996.024390243903,9996.024390243903,-3.586720867207987,2.0,3.9627834420516126,-0.01595389241563547,686346.8248767991,-6.024390243903326,12.975609756096674,-9.5,9.5,1,1,,,,,0,0,,,,,0,0,q3,mid2,low
-2,87700,ASH_COATED_OSMIUM,9988.0,20.0,,,,,10006.0,12.0,10009.0,20.0,,,9997.0,0.0,prices_round_1_day_-2.csv,False,18.0,0.25,9999.25,9999.25,3.2256097560966737,-2.5,3.9777148303080865,-0.01225769669327252,685563.3359166126,-11.25,6.75,-9.0,9.0,1,1,,9.75,,12.0,0,1,,,,,0,0,q3,mid2,low
-2,87800,ASH_COATED_OSMIUM,9996.0,5.0,9988.0,20.0,,,10006.0,14.0,10009.0,20.0,,,10001.0,0.0,prices_round_1_day_-2.csv,False,10.0,-0.47368421052631576,9998.631578947368,9998.631578947368,-0.6184210526316747,4.0,3.9201393829107634,-0.012948087759261588,684781.6221550378,-2.6315789473683253,7.368421052631675,-5.0,5.0,1,1,-10.631578947368325,10.368421052631675,-13.0,8.0,1,1,,,,,0,0,q3,tight,low
-2,87900,ASH_COATED_OSMIUM,9991.0,14.0,9988.0,25.0,,,10007.0,14.0,10009.0,25.0,,,9999.0,0.0,prices_round_1_day_-2.csv,False,16.0,0.0,9999.0,9999.0,0.3684210526316747,-2.0,3.7938234405356175,-0.012514220705346985,684001.6888100741,-8.0,8.0,-8.0,8.0,1,1,-11.0,10.0,-11.0,10.0,1,1,,,,,0,0,q3,mid1,low
-2,88000,ASH_COATED_OSMIUM,9991.0,12.0,9988.0,25.0,,,,,,,,,9991.0,0.0,prices_round_1_day_-2.csv,True,,1.0,,9991.0,-8.0,-8.0,3.7487459633799567,-0.02159090909090909,683223.6023921209,0.0,,0.0,,1,0,-3.0,,-3.0,,1,0,,,,,0,0,q3,mid1,low
-2,88100,ASH_COATED_OSMIUM,9991.0,10.0,9988.0,28.0,,,10007.0,10.0,10009.0,28.0,,,9999.0,0.0,prices_round_1_day_-2.csv,False,16.0,0.0,9999.0,9999.0,8.0,8.0,3.9221986058784712,-0.012485811577752554,682447.2849722245,-8.0,8.0,-8.0,8.0,1,1,-11.0,10.0,-11.0,10.0,1,1,,,,,0,0,q3,mid1,low
-2,88200,ASH_COATED_OSMIUM,9990.0,11.0,9988.0,26.0,,,10006.0,11.0,10009.0,26.0,,,9998.0,0.0,prices_round_1_day_-2.csv,False,16.0,0.0,9998.0,9998.0,-1.0,-1.0,3.7376381954448856,-0.013605442176870748,681672.6580586109,-8.0,8.0,-8.0,8.0,1,1,-10.0,11.0,-10.0,11.0,1,1,,,,,0,0,q3,mid1,low
-2,88300,ASH_COATED_OSMIUM,9990.0,11.0,,,,,10006.0,11.0,10009.0,24.0,,,9998.0,0.0,prices_round_1_day_-2.csv,False,16.0,0.0,9998.0,9998.0,0.0,0.0,3.5632106157640178,-0.013590033975084938,680899.786564423,-8.0,8.0,-8.0,8.0,1,1,,11.0,,11.0,0,1,,,,,0,0,q3,mid1,low
-2,88400,ASH_COATED_OSMIUM,9990.0,10.0,9988.0,28.0,,,10009.0,28.0,,,,,9999.5,0.0,prices_round_1_day_-2.csv,False,19.0,-0.47368421052631576,9995.0,9995.0,-3.0,1.5,3.573805869034242,-0.016968325791855202,680128.6757173007,-5.0,14.0,-9.5,9.5,1,1,-7.0,,-11.5,,1,0,,,,,0,0,q3,mid2,low
-2,88500,ASH_COATED_OSMIUM,9990.0,12.0,9987.0,20.0,,,10006.0,12.0,10008.0,20.0,,,9998.0,0.0,prices_round_1_day_-2.csv,False,16.0,0.0,9998.0,9998.0,3.0,-1.5,3.599443894978479,-0.013559322033898305,679359.3096721601,-8.0,8.0,-8.0,8.0,1,1,-11.0,10.0,-11.0,10.0,1,1,,,,,0,0,q3,mid1,low
-2,88600,ASH_COATED_OSMIUM,9990.0,12.0,9987.0,25.0,,,10006.0,12.0,10008.0,25.0,,,9998.0,0.0,prices_round_1_day_-2.csv,False,16.0,0.0,9998.0,9998.0,0.0,0.0,3.5863339569896526,-0.013544018058690745,678591.6720343201,-8.0,8.0,-8.0,8.0,1,1,-11.0,10.0,-11.0,10.0,1,1,,,,,0,0,q3,mid1,low
-2,88700,ASH_COATED_OSMIUM,9989.0,11.0,,,,,10005.0,11.0,10008.0,28.0,,,9997.0,0.0,prices_round_1_day_-2.csv,False,16.0,0.0,9997.0,9997.0,-1.0,-1.0,3.5890075124644762,-0.014656144306651634,677825.7683096745,-8.0,8.0,-8.0,8.0,1,1,,11.0,,11.0,0,1,,,,,0,0,q3,mid1,low
-2,88800,ASH_COATED_OSMIUM,9988.0,10.0,9986.0,29.0,,,10004.0,10.0,10007.0,29.0,,,9996.0,0.0,prices_round_1_day_-2.csv,False,16.0,0.0,9996.0,9996.0,-1.0,-1.0,3.5915654346628885,-0.015765765765765764,677061.5915357168,-8.0,8.0,-8.0,8.0,1,1,-10.0,11.0,-10.0,11.0,1,1,,,,,0,0,q3,mid1,low
-2,88900,ASH_COATED_OSMIUM,9988.0,15.0,9986.0,27.0,,,10004.0,15.0,10007.0,27.0,,,9996.0,0.0,prices_round_1_day_-2.csv,False,16.0,0.0,9996.0,9996.0,0.0,0.0,3.5915654346628885,-0.015748031496062992,676299.1347887715,-8.0,8.0,-8.0,8.0,1,1,-10.0,11.0,-10.0,11.0,1,1,,,,,0,0,q3,mid1,low
-2,89000,ASH_COATED_OSMIUM,9988.0,10.0,9986.0,23.0,,,10004.0,10.0,10007.0,23.0,,,9996.0,0.0,prices_round_1_day_-2.csv,False,16.0,0.0,9996.0,9996.0,0.0,0.0,3.403922621071273,-0.015730337078651686,675538.393355092,-8.0,8.0,-8.0,8.0,1,1,-10.0,11.0,-10.0,11.0,1,1,,,,,0,0,q3,mid1,low
-2,89100,ASH_COATED_OSMIUM,9986.0,27.0,,,,,10004.0,11.0,10007.0,27.0,,,9995.0,0.0,prices_round_1_day_-2.csv,False,18.0,0.42105263157894735,9998.78947368421,9998.78947368421,2.789473684209952,-1.0,3.23257668220394,-0.012581959950381647,674779.370284286,-12.789473684209952,5.210526315790048,-9.0,9.0,1,1,,8.210526315790048,,12.0,0,1,,,,,0,0,q2,mid2,low
-2,89200,ASH_COATED_OSMIUM,9988.0,15.0,9986.0,28.0,,,10004.0,15.0,10007.0,28.0,,,9996.0,0.0,prices_round_1_day_-2.csv,False,16.0,0.0,9996.0,9996.0,-2.789473684209952,1.0,3.256485203567333,-0.01569506726457399,674022.0507918041,-8.0,8.0,-8.0,8.0,1,1,-10.0,11.0,-10.0,11.0,1,1,,,,,0,0,q2,mid1,low
-2,89300,ASH_COATED_OSMIUM,9988.0,12.0,9985.0,25.0,,,10004.0,12.0,,,,,9996.0,0.0,prices_round_1_day_-2.csv,False,16.0,0.0,9996.0,9996.0,0.0,0.0,3.256485203567333,-0.015677491601343786,673266.4206902954,-8.0,8.0,-8.0,8.0,1,1,-11.0,,-11.0,,1,0,,,,,0,0,q2,mid1,low
-2,89400,ASH_COATED_OSMIUM,9985.0,22.0,,,,,10003.0,10.0,10006.0,22.0,,,9994.0,0.0,prices_round_1_day_-2.csv,False,18.0,0.375,9997.375,9997.375,1.375,-2.0,3.10106272327827,-0.014121923937360179,672512.485092457,-12.375,5.625,-9.0,9.0,1,1,,8.625,,12.0,0,1,,,,,0,0,q2,mid2,low
-2,89500,ASH_COATED_OSMIUM,9988.0,12.0,9985.0,26.0,,,10004.0,12.0,10006.0,26.0,,,9996.0,0.0,prices_round_1_day_-2.csv,False,16.0,0.0,9996.0,9996.0,-1.375,2.0,2.8944399485473613,-0.01564245810055866,671760.2360598255,-8.0,8.0,-8.0,8.0,1,1,-11.0,10.0,-11.0,10.0,1,1,,,,,0,0,q2,mid1,low
-2,89600,ASH_COATED_OSMIUM,9988.0,14.0,9985.0,26.0,,,10004.0,14.0,10006.0,26.0,,,9996.0,0.0,prices_round_1_day_-2.csv,False,16.0,0.0,9996.0,9996.0,0.0,0.0,2.8944399485473613,-0.015625,671009.6659639424,-8.0,8.0,-8.0,8.0,1,1,-11.0,10.0,-11.0,10.0,1,1,,,,,0,0,q2,mid1,low
-2,89700,ASH_COATED_OSMIUM,9988.0,15.0,,,,,10004.0,15.0,10006.0,28.0,,,9996.0,0.0,prices_round_1_day_-2.csv,False,16.0,0.0,9996.0,9996.0,0.0,0.0,2.8668935997073737,-0.01560758082497213,670260.771247737,-8.0,8.0,-8.0,8.0,1,1,,10.0,,10.0,0,1,,,,,0,0,q2,mid1,low
-2,89800,ASH_COATED_OSMIUM,9985.0,27.0,,,,,10004.0,11.0,10006.0,27.0,,,9994.5,0.0,prices_round_1_day_-2.csv,False,19.0,0.42105263157894735,9998.5,9998.5,2.5,-1.5,2.864331529798419,-0.012806236080178173,669513.5533547456,-13.5,5.5,-9.5,9.5,1,1,,7.5,,11.5,0,1,,,,,0,0,q2,mid2,low
-2,89900,ASH_COATED_OSMIUM,9988.0,13.0,9985.0,26.0,,,10004.0,13.0,10006.0,26.0,,,9996.0,0.0,prices_round_1_day_-2.csv,False,16.0,0.0,9996.0,9996.0,-2.5,1.5,2.8862459217399716,-0.01557285873192436,668767.9994860339,-8.0,8.0,-8.0,8.0,1,1,-11.0,10.0,-11.0,10.0,1,1,,,,,0,0,q2,mid1,low
-2,90000,ASH_COATED_OSMIUM,9985.0,24.0,,,,,10004.0,14.0,10006.0,24.0,,,9994.5,0.0,prices_round_1_day_-2.csv,False,19.0,0.2631578947368421,9997.0,9997.0,1.0,-1.5,2.889991033519281,-0.014444444444444444,668024.0985191332,-12.0,7.0,-9.5,9.5,1,1,,9.0,,11.5,0,1,,,,,0,0,q2,mid2,low
-2,90100,ASH_COATED_OSMIUM,9988.0,13.0,9985.0,27.0,,,10004.0,13.0,,,,,9996.0,0.0,prices_round_1_day_-2.csv,False,16.0,0.0,9996.0,9996.0,-1.0,1.5,2.8714476208226336,-0.01553829078801332,667281.8505988248,-8.0,8.0,-8.0,8.0,1,1,-11.0,,-11.0,,1,0,,,,,0,0,q2,mid1,low
-2,90200,ASH_COATED_OSMIUM,9987.0,13.0,,,,,10003.0,13.0,10006.0,21.0,,,9995.0,0.0,prices_round_1_day_-2.csv,False,16.0,0.0,9995.0,9995.0,-1.0,-1.0,2.8205492681075057,-0.01662971175166297,666541.2502852749,-8.0,8.0,-8.0,8.0,1,1,,11.0,,11.0,0,1,,,,,0,0,q2,mid1,low
-2,90300,ASH_COATED_OSMIUM,9987.0,13.0,9985.0,23.0,,,10003.0,13.0,10006.0,23.0,,,9995.0,0.0,prices_round_1_day_-2.csv,False,16.0,0.0,9995.0,9995.0,0.0,0.0,2.814667706190332,-0.016611295681063124,665802.2910280587,-8.0,8.0,-8.0,8.0,1,1,-10.0,11.0,-10.0,11.0,1,1,,,,,0,0,q2,mid1,low
-2,90400,ASH_COATED_OSMIUM,9987.0,15.0,9985.0,25.0,,,10003.0,15.0,,,,,9995.0,0.0,prices_round_1_day_-2.csv,False,16.0,0.0,9995.0,9995.0,0.0,0.0,2.814667706190332,-0.016592920353982302,665064.9684469375,-8.0,8.0,-8.0,8.0,1,1,-10.0,,-10.0,,1,0,,,,,0,0,q2,mid1,low
-2,90500,ASH_COATED_OSMIUM,9988.0,15.0,,,,,10006.0,24.0,,,,,9997.0,0.0,prices_round_1_day_-2.csv,False,18.0,-0.23076923076923078,9994.923076923076,9994.923076923076,-0.07692307692377653,2.0,2.8135074707236267,-0.016659583510413013,664329.2771141818,-6.9230769230762235,11.076923076923777,-9.0,9.0,1,1,,,,,0,0,,,,,0,0,q2,mid2,low
-2,90600,ASH_COATED_OSMIUM,9987.0,13.0,9985.0,25.0,,,10003.0,13.0,,,,,9995.0,0.0,prices_round_1_day_-2.csv,False,16.0,0.0,9995.0,9995.0,0.07692307692377653,-2.0,2.8123894802295766,-0.016556291390728478,663595.2116242745,-8.0,8.0,-8.0,8.0,1,1,-10.0,,-10.0,,1,0,,,,,0,0,q2,mid1,low
-2,90700,ASH_COATED_OSMIUM,9988.0,14.0,9985.0,27.0,,,10004.0,14.0,,,,,9996.0,0.0,prices_round_1_day_-2.csv,False,16.0,0.0,9996.0,9996.0,1.0,1.0,2.8165226600594635,-0.015435501653803748,662862.7677176774,-8.0,8.0,-8.0,8.0,1,1,-11.0,,-11.0,,1,0,,,,,0,0,q2,mid1,low
-2,90800,ASH_COATED_OSMIUM,9988.0,13.0,9985.0,25.0,,,10004.0,13.0,10006.0,25.0,,,9996.0,0.0,prices_round_1_day_-2.csv,False,16.0,0.0,9996.0,9996.0,0.0,0.0,2.8165226600594635,-0.015418502202643172,662131.9377645574,-8.0,8.0,-8.0,8.0,1,1,-11.0,10.0,-11.0,10.0,1,1,,,,,0,0,q2,mid1,low
-2,90900,ASH_COATED_OSMIUM,,,,,,,10004.0,14.0,,,,,10004.0,0.0,prices_round_1_day_-2.csv,True,,-1.0,,10004.0,8.0,8.0,2.80490530538545,-0.006600660066006601,661402.7882474766,,0.0,,0.0,0,1,,,,,0,0,,,,,0,0,q2,mid1,mid_low
-2,91000,ASH_COATED_OSMIUM,9985.0,30.0,,,,,10004.0,12.0,10006.0,30.0,,,9994.5,0.0,prices_round_1_day_-2.csv,False,19.0,0.42857142857142855,9998.57142857143,9998.57142857143,-5.428571428570649,-9.5,2.8090240367328874,-0.012558869701725988,660675.20472406,-13.571428571429351,5.428571428570649,-9.5,9.5,1,1,,7.428571428570649,,11.5,0,1,,,,,0,0,q2,mid2,low
-2,91100,ASH_COATED_OSMIUM,9988.0,11.0,9985.0,21.0,,,10004.0,11.0,10006.0,21.0,,,9996.0,0.0,prices_round_1_day_-2.csv,False,16.0,0.0,9996.0,9996.0,-2.571428571429351,1.5,2.8121731646461825,-0.015367727771679473,659949.1952030739,-8.0,8.0,-8.0,8.0,1,1,-11.0,10.0,-11.0,10.0,1,1,,,,,0,0,q2,mid1,low
-2,91200,ASH_COATED_OSMIUM,9988.0,11.0,9985.0,26.0,,,10004.0,11.0,,,,,9996.0,0.0,prices_round_1_day_-2.csv,False,16.0,0.0,9996.0,9996.0,0.0,0.0,2.802601721857304,-0.015350877192982455,659224.7723765457,-8.0,8.0,-8.0,8.0,1,1,-11.0,,-11.0,,1,0,,,,,0,0,q2,mid1,low
-2,91300,ASH_COATED_OSMIUM,9985.0,27.0,,,,,10006.0,27.0,,,,,9995.5,0.0,prices_round_1_day_-2.csv,False,21.0,0.0,9995.5,9995.5,-0.5,-0.5,2.7926178996334303,-0.01588170865279299,658501.9384535752,-10.5,10.5,-10.5,10.5,1,1,,,,,0,0,,,,,0,0,q2,mid2,low
-2,91400,ASH_COATED_OSMIUM,9986.0,12.0,9984.0,22.0,,,10005.0,22.0,,,,,9995.5,0.0,prices_round_1_day_-2.csv,False,19.0,-0.29411764705882354,9992.70588235294,9992.70588235294,-2.7941176470594655,0.0,2.814412732140615,-0.018921354099627426,657780.6961443711,-6.7058823529405345,12.294117647059466,-9.5,9.5,1,1,-8.705882352940534,,-11.5,,1,0,,,,,0,0,q2,mid2,low
-2,91500,ASH_COATED_OSMIUM,9986.0,10.0,,,,,10002.0,10.0,10004.0,26.0,,,9994.0,0.0,prices_round_1_day_-2.csv,False,16.0,0.0,9994.0,9994.0,1.2941176470594655,-1.5,2.7280028333944464,-0.017486338797814208,657061.0254945272,-8.0,8.0,-8.0,8.0,1,1,,10.0,,10.0,0,1,,,,,0,0,q1,mid1,low
-2,91600,ASH_COATED_OSMIUM,9986.0,12.0,,,,,10002.0,12.0,10005.0,29.0,,,9994.0,0.0,prices_round_1_day_-2.csv,False,16.0,0.0,9994.0,9994.0,0.0,0.0,2.6619715231944747,-0.017467248908296942,656342.9260134463,-8.0,8.0,-8.0,8.0,1,1,,11.0,,11.0,0,1,,,,,0,0,q1,mid1,low
-2,91700,ASH_COATED_OSMIUM,9986.0,15.0,9984.0,21.0,,,9992.0,9.0,10002.0,15.0,10005.0,21.0,9989.0,0.0,prices_round_1_day_-2.csv,False,6.0,0.25,9989.75,9989.75,-4.25,-5.0,2.7258017997504527,-0.02208287895310796,655626.4139706342,-3.75,2.25,-3.0,3.0,1,1,-5.75,12.25,-5.0,13.0,1,1,,15.25,,16.0,0,1,q1,tight,low
-2,91800,ASH_COATED_OSMIUM,9986.0,10.0,9983.0,24.0,,,10002.0,10.0,10004.0,24.0,,,9994.0,0.0,prices_round_1_day_-2.csv,False,16.0,0.0,9994.0,9994.0,4.25,5.0,2.7970229330946674,-0.017429193899782137,654911.4650249861,-8.0,8.0,-8.0,8.0,1,1,-11.0,10.0,-11.0,10.0,1,1,,,,,0,0,q2,mid1,low
-2,91900,ASH_COATED_OSMIUM,9985.0,12.0,9983.0,22.0,,,,,,,,,9985.0,0.0,prices_round_1_day_-2.csv,True,,1.0,,9985.0,-9.0,-9.0,3.0141058187955285,-0.02720348204570185,654198.141641277,0.0,,0.0,,1,0,-2.0,,-2.0,,1,0,,,,,0,0,q2,mid1,low
-2,92000,ASH_COATED_OSMIUM,9986.0,13.0,9983.0,28.0,,,10002.0,13.0,10004.0,28.0,,,9994.0,0.0,prices_round_1_day_-2.csv,False,16.0,0.0,9994.0,9994.0,9.0,9.0,3.2527998559349065,-0.017391304347826087,653486.3715217828,-8.0,8.0,-8.0,8.0,1,1,-11.0,10.0,-11.0,10.0,1,1,,,,,0,0,q2,mid1,low
-2,92100,ASH_COATED_OSMIUM,9986.0,13.0,,,,,10002.0,13.0,,,,,9994.0,0.0,prices_round_1_day_-2.csv,False,16.0,0.0,9994.0,9994.0,0.0,0.0,3.2527998559349065,-0.01737242128121607,652776.0602487179,-8.0,8.0,-8.0,8.0,1,1,,,,,0,0,,,,,0,0,q2,mid1,low
-2,92200,ASH_COATED_OSMIUM,9986.0,12.0,9984.0,28.0,,,10005.0,28.0,,,,,9995.5,0.0,prices_round_1_day_-2.csv,False,19.0,-0.4,9991.7,9991.7,-2.2999999999992724,1.5,3.2675861346976065,-0.019848156182211793,652067.2971048403,-5.700000000000728,13.299999999999272,-9.5,9.5,1,1,-7.700000000000728,,-11.5,,1,0,,,,,0,0,q2,mid2,low
-2,92300,ASH_COATED_OSMIUM,9986.0,14.0,9984.0,27.0,,,10002.0,14.0,10005.0,27.0,,,9994.0,0.0,prices_round_1_day_-2.csv,False,16.0,0.0,9994.0,9994.0,2.2999999999992724,-1.5,3.282030973487801,-0.01733477789815818,651360.0715937341,-8.0,8.0,-8.0,8.0,1,1,-10.0,11.0,-10.0,11.0,1,1,,,,,0,0,q2,mid1,low
-2,92400,ASH_COATED_OSMIUM,9986.0,12.0,9984.0,25.0,,,10005.0,25.0,,,,,9995.5,0.0,prices_round_1_day_-2.csv,False,19.0,-0.35135135135135137,9992.162162162162,9992.162162162162,-1.8378378378383786,1.5,3.2887475614616877,-0.01930501930501989,650654.3762947641,-6.162162162161621,12.837837837838379,-9.5,9.5,1,1,-8.162162162161621,,-11.5,,1,0,,,,,0,0,q2,mid2,low
-2,92500,ASH_COATED_OSMIUM,9987.0,12.0,,,,,10003.0,12.0,10005.0,26.0,,,9995.0,0.0,prices_round_1_day_-2.csv,False,16.0,0.0,9995.0,9995.0,2.8378378378383786,-0.5,3.3140606636771657,-0.016216216216216217,649950.2137169994,-8.0,8.0,-8.0,8.0,1,1,,10.0,,10.0,0,1,,,,,0,0,q2,mid1,low
-2,92600,ASH_COATED_OSMIUM,9985.0,22.0,,,,,10003.0,12.0,10006.0,22.0,,,9994.0,0.0,prices_round_1_day_-2.csv,False,18.0,0.29411764705882354,9996.64705882353,9996.64705882353,1.6470588235297328,-1.0,3.2839518093588294,-0.014420022868758387,649247.567824869,-11.647058823529733,6.352941176470267,-9.0,9.0,1,1,,9.352941176470267,,12.0,0,1,,,,,0,0,q2,mid2,low
-2,92700,ASH_COATED_OSMIUM,9987.0,13.0,9985.0,20.0,,,10003.0,13.0,10006.0,20.0,,,9995.0,0.0,prices_round_1_day_-2.csv,False,16.0,0.0,9995.0,9995.0,-1.6470588235297328,1.0,3.2588572669024662,-0.016181229773462782,648546.4394175353,-8.0,8.0,-8.0,8.0,1,1,-10.0,11.0,-10.0,11.0,1,1,,,,,0,0,q2,mid1,low
-2,92800,ASH_COATED_OSMIUM,9987.0,12.0,9985.0,22.0,,,10003.0,12.0,,,,,9995.0,0.0,prices_round_1_day_-2.csv,False,16.0,0.0,9995.0,9995.0,0.0,0.0,3.2579648765497202,-0.016163793103448277,647846.8208208191,-8.0,8.0,-8.0,8.0,1,1,-10.0,,-10.0,,1,0,,,,,0,0,q2,mid1,low
-2,92900,ASH_COATED_OSMIUM,9987.0,13.0,9985.0,21.0,,,10006.0,21.0,,,,,9996.5,0.0,prices_round_1_day_-2.csv,False,19.0,-0.23529411764705882,9994.264705882353,9994.264705882353,-0.7352941176468448,1.5,3.258654574556371,-0.016937883872601554,647148.710579193,-7.264705882353155,11.735294117646845,-9.5,9.5,1,1,-9.264705882353155,,-11.5,,1,0,,,,,0,0,q2,mid2,low
-2,93000,ASH_COATED_OSMIUM,9985.0,20.0,,,,,10004.0,10.0,10006.0,20.0,,,9994.5,0.0,prices_round_1_day_-2.csv,False,19.0,0.3333333333333333,9997.666666666666,9997.666666666666,3.401960784312905,-2.0,3.088674376090246,-0.013261648745520365,646452.1152785689,-12.66666666666606,6.33333333333394,-9.5,9.5,1,1,,8.33333333333394,,11.5,0,1,,,,,0,0,q2,mid2,low
-2,93100,ASH_COATED_OSMIUM,9986.0,20.0,,,,,10004.0,10.0,,,,,9995.0,0.0,prices_round_1_day_-2.csv,False,18.0,0.3333333333333333,9998.0,9998.0,0.33333333333393966,0.5,2.87294047145723,-0.01288936627282492,645757.0056062253,-12.0,6.0,-9.0,9.0,1,1,,,,,0,0,,,,,0,0,q2,mid2,low
-2,93200,ASH_COATED_OSMIUM,9994.0,4.0,9988.0,14.0,9986.0,28.0,10007.0,28.0,,,,,10000.5,0.0,prices_round_1_day_-2.csv,False,13.0,-0.75,9995.625,9995.625,-2.375,5.5,2.8890481914528343,-0.01542381974248927,645063.3950455098,-1.625,11.375,-6.5,6.5,1,1,-7.625,,-12.5,,1,0,-9.625,,-14.5,,1,0,q2,tight,low
-2,93300,ASH_COATED_OSMIUM,9989.0,13.0,9986.0,24.0,,,,,,,,,9989.0,0.0,prices_round_1_day_-2.csv,True,,1.0,,9989.0,-6.625,-11.5,3.03505643518894,-0.022508038585209004,644371.3137629218,0.0,,0.0,,1,0,-3.0,,-3.0,,1,0,,,,,0,0,q2,mid1,low
-2,93400,ASH_COATED_OSMIUM,,,,,,,10005.0,13.0,10007.0,24.0,,,10005.0,0.0,prices_round_1_day_-2.csv,True,,-1.0,,10005.0,16.0,16.0,3.77420571634239,-0.0053533190578158455,643680.9441296307,,0.0,,0.0,0,1,,2.0,,2.0,0,1,,,,,0,0,q3,mid1,mid_low
-2,93500,ASH_COATED_OSMIUM,9989.0,15.0,9986.0,28.0,,,10005.0,15.0,10007.0,28.0,,,9997.0,0.0,prices_round_1_day_-2.csv,False,16.0,0.0,9997.0,9997.0,-8.0,-8.0,3.925237054259109,-0.013903743315508022,642991.8465941792,-8.0,8.0,-8.0,8.0,1,1,-11.0,10.0,-11.0,10.0,1,1,,,,,0,0,q3,mid1,low
-2,93600,ASH_COATED_OSMIUM,9988.0,11.0,9986.0,30.0,,,10004.0,11.0,10007.0,30.0,,,9996.0,0.0,prices_round_1_day_-2.csv,False,16.0,0.0,9996.0,9996.0,-1.0,-1.0,3.927679926572189,-0.014957264957264958,642304.1558185137,-8.0,8.0,-8.0,8.0,1,1,-10.0,11.0,-10.0,11.0,1,1,,,,,0,0,q3,mid1,low
-2,93700,ASH_COATED_OSMIUM,9989.0,10.0,,,,,10005.0,10.0,10007.0,29.0,,,9997.0,0.0,prices_round_1_day_-2.csv,False,16.0,0.0,9997.0,9997.0,1.0,1.0,3.9278877604457256,-0.013874066168623266,641617.9345292193,-8.0,8.0,-8.0,8.0,1,1,,10.0,,10.0,0,1,,,,,0,0,q3,mid1,low
-2,93800,ASH_COATED_OSMIUM,9989.0,13.0,9986.0,26.0,,,10005.0,13.0,10007.0,26.0,,,9997.0,0.0,prices_round_1_day_-2.csv,False,16.0,0.0,9997.0,9997.0,0.0,0.0,3.925237054259109,-0.013859275053304905,640933.1768618373,-8.0,8.0,-8.0,8.0,1,1,-11.0,10.0,-11.0,10.0,1,1,,,,,0,0,q3,mid1,low
-2,93900,ASH_COATED_OSMIUM,9988.0,15.0,9986.0,28.0,,,10004.0,15.0,10007.0,28.0,,,9996.0,0.0,prices_round_1_day_-2.csv,False,16.0,0.0,9996.0,9996.0,-1.0,-1.0,3.9278877604457256,-0.014909478168264111,640249.8802675687,-8.0,8.0,-8.0,8.0,1,1,-10.0,11.0,-10.0,11.0,1,1,,,,,0,0,q3,mid1,low
-2,94000,ASH_COATED_OSMIUM,9988.0,13.0,9986.0,28.0,,,10004.0,13.0,10007.0,28.0,,,9996.0,0.0,prices_round_1_day_-2.csv,False,16.0,0.0,9996.0,9996.0,0.0,0.0,3.9278877604457256,-0.014893617021276596,639568.0380097993,-8.0,8.0,-8.0,8.0,1,1,-10.0,11.0,-10.0,11.0,1,1,,,,,0,0,q3,mid1,low
-2,94100,ASH_COATED_OSMIUM,9988.0,14.0,,,,,10004.0,14.0,10006.0,28.0,,,9996.0,0.0,prices_round_1_day_-2.csv,False,16.0,0.0,9996.0,9996.0,0.0,0.0,3.9072147394033014,-0.01487778958554729,638887.6464802374,-8.0,8.0,-8.0,8.0,1,1,,10.0,,10.0,0,1,,,,,0,0,q3,mid1,low
-2,94200,ASH_COATED_OSMIUM,9988.0,13.0,9986.0,24.0,,,10007.0,24.0,,,,,9997.5,0.0,prices_round_1_day_-2.csv,False,19.0,-0.2972972972972973,9994.675675675675,9994.675675675675,-1.3243243243250618,1.5,3.8917580152718116,-0.016267860216905586,638208.7028738077,-6.675675675674938,12.324324324325062,-9.5,9.5,1,1,-8.675675675674938,,-11.5,,1,0,,,,,0,0,q3,mid2,low
-2,94300,ASH_COATED_OSMIUM,9988.0,15.0,9986.0,22.0,,,10004.0,15.0,,,,,9996.0,0.0,prices_round_1_day_-2.csv,False,16.0,0.0,9996.0,9996.0,1.3243243243250618,-1.5,3.8964456687761753,-0.014846235418875928,637531.2008487629,-8.0,8.0,-8.0,8.0,1,1,-10.0,,-10.0,,1,0,,,,,0,0,q3,mid1,low
-2,94400,ASH_COATED_OSMIUM,9988.0,14.0,,,,,10004.0,14.0,,,,,9996.0,0.0,prices_round_1_day_-2.csv,False,16.0,0.0,9996.0,9996.0,0.0,0.0,3.89139216507122,-0.014830508474576272,636855.1338279479,-8.0,8.0,-8.0,8.0,1,1,,,,,0,0,,,,,0,0,q3,mid1,low
-2,94500,ASH_COATED_OSMIUM,9986.0,23.0,,,,,10004.0,13.0,10007.0,23.0,,,9995.0,0.0,prices_round_1_day_-2.csv,False,18.0,0.2777777777777778,9997.5,9997.5,1.5,-1.0,3.8923155681904413,-0.013227513227513227,636180.5015805487,-11.5,6.5,-9.0,9.0,1,1,,9.5,,12.0,0,1,,,,,0,0,q3,mid2,low
-2,94600,ASH_COATED_OSMIUM,9985.0,30.0,,,,,,,,,,,9985.0,0.0,prices_round_1_day_-2.csv,True,,1.0,,9985.0,-12.5,-10.0,4.27673083146773,-0.026427061310782242,635507.4595203232,0.0,,0.0,,1,0,,,,,0,0,,,,,0,0,q4,mid1,low
-2,94700,ASH_COATED_OSMIUM,9988.0,15.0,,,,,,,,,,,9988.0,0.0,prices_round_1_day_-2.csv,True,,1.0,,9988.0,3.0,3.0,4.300856354301648,-0.023231256599788808,634835.685408345,0.0,,0.0,,1,0,,,,,0,0,,,,,0,0,q4,mid1,low
-2,94800,ASH_COATED_OSMIUM,9988.0,11.0,9986.0,25.0,,,10004.0,11.0,,,,,9996.0,0.0,prices_round_1_day_-2.csv,False,16.0,0.0,9996.0,9996.0,8.0,8.0,4.438412806114334,-0.014767932489451477,634165.3882794413,-8.0,8.0,-8.0,8.0,1,1,-10.0,,-10.0,,1,0,,,,,0,0,q4,mid1,low
-2,94900,ASH_COATED_OSMIUM,9988.0,10.0,9986.0,30.0,,,10004.0,10.0,10007.0,30.0,,,9996.0,0.0,prices_round_1_day_-2.csv,False,16.0,0.0,9996.0,9996.0,0.0,0.0,4.424308786407173,-0.014752370916754479,633496.4374481528,-8.0,8.0,-8.0,8.0,1,1,-10.0,11.0,-10.0,11.0,1,1,,,,,0,0,q4,mid1,low
-2,95000,ASH_COATED_OSMIUM,9988.0,10.0,9986.0,21.0,,,10004.0,10.0,10006.0,21.0,,,9996.0,0.0,prices_round_1_day_-2.csv,False,16.0,0.0,9996.0,9996.0,0.0,0.0,4.421955665873314,-0.014736842105263158,632828.8964184049,-8.0,8.0,-8.0,8.0,1,1,-10.0,10.0,-10.0,10.0,1,1,,,,,0,0,q4,mid1,low
-2,95100,ASH_COATED_OSMIUM,9986.0,23.0,,,,,10004.0,12.0,10007.0,23.0,,,9995.0,0.0,prices_round_1_day_-2.csv,False,18.0,0.3142857142857143,9997.828571428572,9997.828571428572,1.8285714285721042,-1.0,4.4272525769755795,-0.012798557908967292,632162.7643108197,-11.828571428572104,6.171428571427896,-9.0,9.0,1,1,,9.171428571427896,,12.0,0,1,,,,,0,0,q4,mid2,low
-2,95200,ASH_COATED_OSMIUM,9989.0,10.0,9986.0,23.0,,,,,,,,,9989.0,0.0,prices_round_1_day_-2.csv,True,,1.0,,9989.0,-8.828571428572104,-6.0,4.599729917925963,-0.022058823529411766,631498.1111792782,0.0,,0.0,,1,0,-3.0,,-3.0,,1,0,,,,,0,0,q4,mid1,low
-2,95300,ASH_COATED_OSMIUM,9987.0,30.0,,,,,,,,,,,9987.0,0.0,prices_round_1_day_-2.csv,True,,1.0,,9987.0,-2.0,-2.0,4.607354924411168,-0.024134312696747113,630834.7769323947,0.0,,0.0,,1,0,,,,,0,0,,,,,0,0,q4,mid1,low
-2,95400,ASH_COATED_OSMIUM,9989.0,14.0,9987.0,23.0,,,10005.0,14.0,,,,,9997.0,0.0,prices_round_1_day_-2.csv,False,16.0,0.0,9997.0,9997.0,10.0,10.0,4.8262848571074635,-0.013626834381551363,630172.9360100525,-8.0,8.0,-8.0,8.0,1,1,-10.0,,-10.0,,1,0,,,,,0,0,q4,mid1,low
-2,95500,ASH_COATED_OSMIUM,,,,,,,10006.0,13.0,10008.0,21.0,,,10006.0,0.0,prices_round_1_day_-2.csv,True,,-1.0,,10006.0,9.0,9.0,4.989741249106051,-0.004188481675392671,629512.4624507074,,0.0,,0.0,0,1,,2.0,,2.0,0,1,,,,,0,0,q4,mid1,mid_low
-2,95600,ASH_COATED_OSMIUM,9989.0,15.0,,,,,9999.0,2.0,10005.0,15.0,10008.0,21.0,9994.0,0.0,prices_round_1_day_-2.csv,False,10.0,0.7647058823529411,9997.823529411764,9997.823529411764,-8.176470588236043,-12.0,5.129191449129381,-0.012736893920748999,628853.3569573924,-8.823529411763957,1.1764705882360431,-5.0,5.0,1,1,,7.176470588236043,,11.0,0,1,,10.176470588236043,,14.0,0,1,q4,tight,low
-2,95700,ASH_COATED_OSMIUM,9987.0,30.0,,,,,10005.0,11.0,10008.0,30.0,,,9996.0,0.0,prices_round_1_day_-2.csv,False,18.0,0.4634146341463415,10000.170731707318,10000.170731707318,2.3472022955538705,2.0,5.137780323734713,-0.010270917756198717,628195.5663784551,-13.170731707317827,4.829268292682173,-9.0,9.0,1,1,,7.829268292682173,,12.0,0,1,,,,,0,0,q4,mid2,low
-2,95800,ASH_COATED_OSMIUM,9989.0,13.0,9987.0,25.0,,,10005.0,13.0,,,,,9997.0,0.0,prices_round_1_day_-2.csv,False,16.0,0.0,9997.0,9997.0,-3.1707317073178274,1.0,5.158357565120388,-0.013569937369519834,627539.1551054223,-8.0,8.0,-8.0,8.0,1,1,-10.0,,-10.0,,1,0,,,,,0,0,q4,mid1,low
-2,95900,ASH_COATED_OSMIUM,9989.0,10.0,,,,,9999.0,5.0,10005.0,10.0,10008.0,24.0,9994.0,0.0,prices_round_1_day_-2.csv,False,10.0,0.3333333333333333,9995.666666666666,9995.666666666666,-1.3333333333339397,-3.0,5.030991452174908,-0.014946124435176162,626884.1056115326,-6.66666666666606,3.3333333333339397,-5.0,5.0,1,1,,9.33333333333394,,11.0,0,1,,12.33333333333394,,14.0,0,1,q4,tight,low
-2,96000,ASH_COATED_OSMIUM,9995.0,2.0,9990.0,10.0,9987.0,21.0,10006.0,10.0,10008.0,21.0,,,10000.5,0.0,prices_round_1_day_-2.csv,False,11.0,-0.6666666666666666,9996.833333333334,9996.833333333334,1.1666666666678793,6.5,4.976379036323352,-0.013715277777777146,626230.421867156,-1.8333333333339397,9.16666666666606,-5.5,5.5,1,1,-6.83333333333394,11.16666666666606,-10.5,7.5,1,1,-9.83333333333394,,-13.5,,1,0,q4,tight,low
-2,96100,ASH_COATED_OSMIUM,9990.0,10.0,,,,,10006.0,10.0,10008.0,30.0,,,9998.0,0.0,prices_round_1_day_-2.csv,False,16.0,0.0,9998.0,9998.0,1.1666666666660603,-2.5,4.965559657832214,-0.012486992715920915,625578.0999608899,-8.0,8.0,-8.0,8.0,1,1,,10.0,,10.0,0,1,,,,,0,0,q4,mid1,low
-2,96200,ASH_COATED_OSMIUM,9990.0,11.0,9987.0,27.0,,,10006.0,11.0,,,,,9998.0,0.0,prices_round_1_day_-2.csv,False,16.0,0.0,9998.0,9998.0,0.0,0.0,4.965559657832214,-0.012474012474012475,624927.1341962644,-8.0,8.0,-8.0,8.0,1,1,-11.0,,-11.0,,1,0,,,,,0,0,q4,mid1,low
-2,96300,ASH_COATED_OSMIUM,9990.0,10.0,9987.0,24.0,,,10006.0,10.0,,,,,9998.0,0.0,prices_round_1_day_-2.csv,False,16.0,0.0,9998.0,9998.0,0.0,0.0,4.964953404346058,-0.012461059190031152,624277.5217908166,-8.0,8.0,-8.0,8.0,1,1,-11.0,,-11.0,,1,0,,,,,0,0,q4,mid1,low
-2,96400,ASH_COATED_OSMIUM,9989.0,12.0,9987.0,26.0,,,10005.0,12.0,10008.0,26.0,,,9997.0,0.0,prices_round_1_day_-2.csv,False,16.0,0.0,9997.0,9997.0,-1.0,-1.0,4.950441066117659,-0.013485477178423237,623629.2595399658,-8.0,8.0,-8.0,8.0,1,1,-10.0,11.0,-10.0,11.0,1,1,,,,,0,0,q4,mid1,low
-2,96500,ASH_COATED_OSMIUM,9989.0,10.0,9986.0,21.0,,,10005.0,10.0,10007.0,21.0,,,9997.0,0.0,prices_round_1_day_-2.csv,False,16.0,0.0,9997.0,9997.0,0.0,0.0,4.947377204855378,-0.013471502590673576,622982.3412211294,-8.0,8.0,-8.0,8.0,1,1,-11.0,10.0,-11.0,10.0,1,1,,,,,0,0,q4,mid1,low
-2,96600,ASH_COATED_OSMIUM,9988.0,13.0,9986.0,29.0,,,10004.0,13.0,10007.0,29.0,,,9996.0,0.0,prices_round_1_day_-2.csv,False,16.0,0.0,9996.0,9996.0,-1.0,-1.0,4.949645460708722,-0.014492753623188406,622336.764672953,-8.0,8.0,-8.0,8.0,1,1,-10.0,11.0,-10.0,11.0,1,1,,,,,0,0,q4,mid1,low
-2,96700,ASH_COATED_OSMIUM,9989.0,14.0,9986.0,23.0,,,10005.0,14.0,10007.0,23.0,,,9997.0,0.0,prices_round_1_day_-2.csv,False,16.0,0.0,9997.0,9997.0,1.0,1.0,4.912326788033217,-0.01344364012409514,621692.5247800528,-8.0,8.0,-8.0,8.0,1,1,-11.0,10.0,-11.0,10.0,1,1,,,,,0,0,q4,mid1,low
-2,96800,ASH_COATED_OSMIUM,9989.0,10.0,9986.0,25.0,,,10005.0,10.0,10007.0,25.0,,,9997.0,0.0,prices_round_1_day_-2.csv,False,16.0,0.0,9997.0,9997.0,0.0,0.0,4.876485684967613,-0.013429752066115703,621049.6162747793,-8.0,8.0,-8.0,8.0,1,1,-11.0,10.0,-11.0,10.0,1,1,,,,,0,0,q4,mid1,low
-2,96900,ASH_COATED_OSMIUM,9988.0,13.0,9986.0,21.0,,,10004.0,13.0,10007.0,21.0,,,9996.0,0.0,prices_round_1_day_-2.csv,False,16.0,0.0,9996.0,9996.0,-1.0,-1.0,4.701249332757758,-0.014447884416924664,620408.0370971364,-8.0,8.0,-8.0,8.0,1,1,-10.0,11.0,-10.0,11.0,1,1,,,,,0,0,q4,mid1,low
-2,97000,ASH_COATED_OSMIUM,9998.0,7.0,9989.0,12.0,9986.0,23.0,10005.0,12.0,10007.0,23.0,,,10001.5,0.0,prices_round_1_day_-2.csv,False,7.0,-0.2631578947368421,10000.578947368422,10000.578947368422,4.578947368421723,5.5,4.572559295834618,-0.009712425393379668,619767.8028767349,-2.578947368421723,4.421052631578277,-3.5,3.5,1,1,-11.578947368421723,6.421052631578277,-12.5,5.5,1,1,-14.578947368421723,,-15.5,,1,0,q4,tight,mid_low
-2,97100,ASH_COATED_OSMIUM,,,,,,,10005.0,14.0,,,,,10005.0,0.0,prices_round_1_day_-2.csv,True,,-1.0,,10005.0,4.421052631578277,3.5,4.612533910108124,-0.005149330587023687,619128.8872154816,,0.0,,0.0,0,1,,,,,0,0,,,,,0,0,q4,mid1,mid_low
-2,97200,ASH_COATED_OSMIUM,9989.0,14.0,9986.0,22.0,,,9994.0,3.0,10005.0,14.0,10007.0,22.0,9991.5,0.0,prices_round_1_day_-2.csv,False,5.0,0.6470588235294118,9993.117647058823,9993.117647058823,-11.882352941176578,-13.5,4.908921701867029,-0.017368675865408002,618491.4124838837,-4.117647058823422,0.8823529411765776,-2.5,2.5,1,1,-7.117647058823422,11.882352941176578,-5.5,13.5,1,1,,13.882352941176578,,15.5,0,1,q4,tight,low
-2,97300,ASH_COATED_OSMIUM,9989.0,14.0,9986.0,30.0,,,10005.0,14.0,10007.0,30.0,,,9997.0,0.0,prices_round_1_day_-2.csv,False,16.0,0.0,9997.0,9997.0,3.8823529411765776,5.5,4.928925370937975,-0.013360739979445015,617855.1200761831,-8.0,8.0,-8.0,8.0,1,1,-11.0,10.0,-11.0,10.0,1,1,,,,,0,0,q4,mid1,low
-2,97400,ASH_COATED_OSMIUM,9989.0,10.0,9986.0,30.0,,,10005.0,10.0,10007.0,30.0,,,9997.0,0.0,prices_round_1_day_-2.csv,False,16.0,0.0,9997.0,9997.0,0.0,0.0,4.921330537867537,-0.013347022587268994,617220.1199529582,-8.0,8.0,-8.0,8.0,1,1,-11.0,10.0,-11.0,10.0,1,1,,,,,0,0,q4,mid1,low
-2,97500,ASH_COATED_OSMIUM,9989.0,12.0,9987.0,21.0,,,10005.0,12.0,10008.0,21.0,,,9997.0,0.0,prices_round_1_day_-2.csv,False,16.0,0.0,9997.0,9997.0,0.0,0.0,4.905411399230798,-0.013333333333333334,616586.4237314232,-8.0,8.0,-8.0,8.0,1,1,-10.0,11.0,-10.0,11.0,1,1,,,,,0,0,q4,mid1,low
-2,97600,ASH_COATED_OSMIUM,9987.0,30.0,,,,,9999.0,3.0,10005.0,15.0,10008.0,30.0,9993.0,0.0,prices_round_1_day_-2.csv,False,12.0,0.8181818181818182,9997.90909090909,9997.90909090909,0.9090909090900823,-4.0,4.901586119386988,-0.012388226527571638,615954.0282711805,-10.909090909090082,1.0909090909099177,-6.0,6.0,1,1,,7.090909090909918,,12.0,0,1,,10.090909090909918,,15.0,0,1,q4,tight,low
-2,97700,ASH_COATED_OSMIUM,9989.0,12.0,9987.0,30.0,,,10008.0,30.0,,,,,9998.5,0.0,prices_round_1_day_-2.csv,False,19.0,-0.42857142857142855,9994.42857142857,9994.42857142857,-3.4805194805194333,5.5,4.921171079260516,-0.015938002631964536,615322.9401434675,-5.428571428570649,13.571428571429351,-9.5,9.5,1,1,-7.428571428570649,,-11.5,,1,0,,,,,0,0,q4,mid2,low
-2,97800,ASH_COATED_OSMIUM,9989.0,12.0,9987.0,24.0,,,10008.0,24.0,,,,,9998.5,0.0,prices_round_1_day_-2.csv,False,19.0,-0.3333333333333333,9995.333333333334,9995.333333333334,0.9047619047632907,0.0,4.922877077462518,-0.014996591683707629,614693.1324737419,-6.33333333333394,12.66666666666606,-9.5,9.5,1,1,-8.33333333333394,,-11.5,,1,0,,,,,0,0,q4,mid2,low
-2,97900,ASH_COATED_OSMIUM,9995.0,2.0,9990.0,10.0,9987.0,29.0,10006.0,10.0,10008.0,29.0,,,10000.5,0.0,prices_round_1_day_-2.csv,False,11.0,-0.6666666666666666,9996.833333333334,9996.833333333334,1.5,2.0,4.926150181892936,-0.01344909771876002,614064.6142328385,-1.8333333333339397,9.16666666666606,-5.5,5.5,1,1,-6.83333333333394,11.16666666666606,-10.5,7.5,1,1,-9.83333333333394,,-13.5,,1,0,q4,tight,low
-2,98000,ASH_COATED_OSMIUM,9989.0,14.0,9987.0,30.0,,,10005.0,14.0,10008.0,30.0,,,9997.0,0.0,prices_round_1_day_-2.csv,False,16.0,0.0,9997.0,9997.0,0.16666666666606034,-3.5,4.902432411181939,-0.013265306122448979,613437.3776834777,-8.0,8.0,-8.0,8.0,1,1,-10.0,11.0,-10.0,11.0,1,1,,,,,0,0,q4,mid1,low
-2,98100,ASH_COATED_OSMIUM,9987.0,26.0,,,,,10005.0,14.0,10008.0,26.0,,,9996.0,0.0,prices_round_1_day_-2.csv,False,18.0,0.3,9998.7,9998.7,1.7000000000007276,-1.0,4.908211178244421,-0.011518858307848392,612811.4241677659,-11.700000000000728,6.299999999999272,-9.0,9.0,1,1,,9.299999999999272,,12.0,0,1,,,,,0,0,q4,mid2,low
-2,98200,ASH_COATED_OSMIUM,9990.0,10.0,9987.0,26.0,,,10006.0,10.0,10008.0,26.0,,,9998.0,0.0,prices_round_1_day_-2.csv,False,16.0,0.0,9998.0,9998.0,-0.7000000000007276,2.0,4.897276781886722,-0.012219959266802444,612186.7442996271,-8.0,8.0,-8.0,8.0,1,1,-11.0,10.0,-11.0,10.0,1,1,,,,,0,0,q4,mid1,low
-2,98300,ASH_COATED_OSMIUM,9990.0,11.0,9987.0,24.0,,,10006.0,11.0,,,,,9998.0,0.0,prices_round_1_day_-2.csv,False,16.0,0.0,9998.0,9998.0,0.0,0.0,4.801753212006944,-0.012207527975584944,611563.3362098609,-8.0,8.0,-8.0,8.0,1,1,-11.0,,-11.0,,1,0,,,,,0,0,q4,mid1,low
-2,98400,ASH_COATED_OSMIUM,9990.0,13.0,9987.0,26.0,,,10006.0,13.0,10008.0,26.0,,,9998.0,0.0,prices_round_1_day_-2.csv,False,16.0,0.0,9998.0,9998.0,0.0,0.0,4.2243822433097185,-0.012195121951219513,610941.1964987103,-8.0,8.0,-8.0,8.0,1,1,-11.0,10.0,-11.0,10.0,1,1,,,,,0,0,q4,mid1,low
-2,98500,ASH_COATED_OSMIUM,9987.0,24.0,,,,,10005.0,14.0,10008.0,24.0,,,9996.0,0.0,prices_round_1_day_-2.csv,False,18.0,0.2631578947368421,9998.368421052632,9998.368421052632,0.3684210526316747,-2.0,4.069556321628475,-0.011808709591236878,610320.3214460913,-11.368421052631675,6.631578947368325,-9.0,9.0,1,1,,9.631578947368325,,12.0,0,1,,,,,0,0,q4,mid2,low
-2,98600,ASH_COATED_OSMIUM,9989.0,13.0,,,,,10005.0,13.0,10008.0,20.0,,,9997.0,0.0,prices_round_1_day_-2.csv,False,16.0,0.0,9997.0,9997.0,-1.3684210526316747,1.0,4.071787382162224,-0.013184584178498986,609700.7087730806,-8.0,8.0,-8.0,8.0,1,1,,11.0,,11.0,0,1,,,,,0,0,q4,mid1,low
-2,98700,ASH_COATED_OSMIUM,9989.0,15.0,9987.0,27.0,,,10005.0,15.0,10008.0,27.0,,,9997.0,0.0,prices_round_1_day_-2.csv,False,16.0,0.0,9997.0,9997.0,0.0,0.0,4.0693307171493815,-0.013171225937183385,609082.3510564483,-8.0,8.0,-8.0,8.0,1,1,-10.0,11.0,-10.0,11.0,1,1,,,,,0,0,q4,mid1,low
-2,98800,ASH_COATED_OSMIUM,9987.0,30.0,,,,,10005.0,13.0,,,,,9996.0,0.0,prices_round_1_day_-2.csv,False,18.0,0.3953488372093023,9999.558139534884,9999.558139534884,2.558139534883594,-1.0,4.085380526111881,-0.010568684681291908,608465.2530360741,-12.558139534883594,5.441860465116406,-9.0,9.0,1,1,,,,,0,0,,,,,0,0,q4,mid2,low
-2,98900,ASH_COATED_OSMIUM,9989.0,13.0,9986.0,24.0,,,10005.0,13.0,10007.0,24.0,,,9997.0,0.0,prices_round_1_day_-2.csv,False,16.0,0.0,9997.0,9997.0,-2.558139534883594,1.0,4.099480623029464,-0.01314459049544995,607849.4040791094,-8.0,8.0,-8.0,8.0,1,1,-11.0,10.0,-11.0,10.0,1,1,,,,,0,0,q4,mid1,low
-2,99000,ASH_COATED_OSMIUM,9989.0,11.0,9986.0,21.0,,,10005.0,11.0,10007.0,21.0,,,9997.0,0.0,prices_round_1_day_-2.csv,False,16.0,0.0,9997.0,9997.0,0.0,0.0,4.099480623029464,-0.013131313131313131,607234.793963936,-8.0,8.0,-8.0,8.0,1,1,-11.0,10.0,-11.0,10.0,1,1,,,,,0,0,q4,mid1,low
-2,99100,ASH_COATED_OSMIUM,9988.0,11.0,,,,,10004.0,11.0,10007.0,20.0,,,9996.0,0.0,prices_round_1_day_-2.csv,False,16.0,0.0,9996.0,9996.0,-1.0,-1.0,4.102018735345398,-0.014127144298688193,606621.4264679392,-8.0,8.0,-8.0,8.0,1,1,,11.0,,11.0,0,1,,,,,0,0,q4,mid1,low
-2,99200,ASH_COATED_OSMIUM,,,,,,,10004.0,10.0,10007.0,29.0,,,10004.0,0.0,prices_round_1_day_-2.csv,True,,-1.0,,10004.0,8.0,8.0,4.249870663465392,-0.006048387096774193,606009.3606102418,,0.0,,0.0,0,1,,3.0,,3.0,0,1,,,,,0,0,q4,mid1,mid_low
-2,99300,ASH_COATED_OSMIUM,9988.0,12.0,9986.0,20.0,,,10004.0,12.0,10007.0,20.0,,,9996.0,0.0,prices_round_1_day_-2.csv,False,16.0,0.0,9996.0,9996.0,-8.0,-8.0,4.400820094535976,-0.014098690835850957,605398.528431107,-8.0,8.0,-8.0,8.0,1,1,-10.0,11.0,-10.0,11.0,1,1,,,,,0,0,q4,mid1,low
-2,99400,ASH_COATED_OSMIUM,9985.0,24.0,,,,,10004.0,13.0,10006.0,24.0,,,9994.5,0.0,prices_round_1_day_-2.csv,False,19.0,0.2972972972972973,9997.324324324325,9997.324324324325,1.3243243243250618,-1.5,4.404803537365954,-0.012752188808526094,604788.864041523,-12.324324324325062,6.675675675674938,-9.5,9.5,1,1,,8.675675675674938,,11.5,0,1,,,,,0,0,q4,mid2,low
-2,99500,ASH_COATED_OSMIUM,9988.0,11.0,,,,,10004.0,11.0,10006.0,28.0,,,9996.0,0.0,prices_round_1_day_-2.csv,False,16.0,0.0,9996.0,9996.0,-1.3243243243250618,1.5,4.403630986855048,-0.01407035175879397,604180.4262693409,-8.0,8.0,-8.0,8.0,1,1,,10.0,,10.0,0,1,,,,,0,0,q4,mid1,low
-2,99600,ASH_COATED_OSMIUM,9987.0,15.0,,,,,10005.0,28.0,,,,,9996.0,0.0,prices_round_1_day_-2.csv,False,18.0,-0.3023255813953488,9993.279069767443,9993.279069767443,-2.7209302325572935,0.0,4.040695860856673,-0.016788082562808528,603573.2171170439,-6.2790697674427065,11.720930232557293,-9.0,9.0,1,1,,,,,0,0,,,,,0,0,q4,mid2,low
-2,99700,ASH_COATED_OSMIUM,9984.0,30.0,,,,,10005.0,30.0,,,,,9994.5,0.0,prices_round_1_day_-2.csv,False,21.0,0.0,9994.5,9994.5,1.2209302325572935,-1.5,4.023021657335986,-0.015546639919759278,602967.2214476594,-10.5,10.5,-10.5,10.5,1,1,,,,,0,0,,,,,0,0,q3,mid2,low
-2,99800,ASH_COATED_OSMIUM,9987.0,14.0,9984.0,27.0,,,10003.0,14.0,10005.0,27.0,,,9995.0,0.0,prices_round_1_day_-2.csv,False,16.0,0.0,9995.0,9995.0,0.5,0.5,3.86011911499179,-0.01503006012024048,602362.4401478342,-8.0,8.0,-8.0,8.0,1,1,-11.0,10.0,-11.0,10.0,1,1,,,,,0,0,q3,mid1,low
-2,99900,ASH_COATED_OSMIUM,9987.0,15.0,9985.0,26.0,,,10003.0,15.0,10006.0,26.0,,,9995.0,0.0,prices_round_1_day_-2.csv,False,16.0,0.0,9995.0,9995.0,0.0,0.0,3.86011911499179,-0.015015015015015015,601758.8705687539,-8.0,8.0,-8.0,8.0,1,1,-10.0,11.0,-10.0,11.0,1,1,,,,,0,0,q3,mid1,low
-2,100000,ASH_COATED_OSMIUM,9987.0,14.0,,,,,10003.0,14.0,10006.0,30.0,,,9995.0,0.0,prices_round_1_day_-2.csv,False,16.0,0.0,9995.0,9995.0,0.0,0.0,3.86011911499179,-0.015,601156.5093371788,-8.0,8.0,-8.0,8.0,1,1,,11.0,,11.0,0,1,,,,,0,0,q3,mid1,low
-2,100100,ASH_COATED_OSMIUM,9993.0,3.0,9987.0,13.0,,,10003.0,13.0,10006.0,26.0,,,9998.0,0.0,prices_round_1_day_-2.csv,False,10.0,-0.625,9994.875,9994.875,-0.125,3.0,3.85090219845513,-0.01510989010989011,600555.3528399296,-1.875,8.125,-5.0,5.0,1,1,-7.875,11.125,-11.0,8.0,1,1,,,,,0,0,q3,tight,low
-2,100200,ASH_COATED_OSMIUM,9987.0,10.0,9984.0,22.0,,,10003.0,10.0,10005.0,22.0,,,9995.0,0.0,prices_round_1_day_-2.csv,False,16.0,0.0,9995.0,9995.0,0.125,-3.0,3.637024357219912,-0.014970059880239521,599955.3974620787,-8.0,8.0,-8.0,8.0,1,1,-11.0,10.0,-11.0,10.0,1,1,,,,,0,0,q3,mid1,low
-2,100300,ASH_COATED_OSMIUM,9986.0,11.0,,,,,10002.0,11.0,10005.0,27.0,,,9994.0,0.0,prices_round_1_day_-2.csv,False,16.0,0.0,9994.0,9994.0,-1.0,-1.0,3.6278665304509228,-0.015952143569292122,599356.6405477619,-8.0,8.0,-8.0,8.0,1,1,,11.0,,11.0,0,1,,,,,0,0,q3,mid1,low
-2,100400,ASH_COATED_OSMIUM,9986.0,11.0,9984.0,20.0,,,9992.0,4.0,,,,,9989.0,0.0,prices_round_1_day_-2.csv,False,6.0,0.4666666666666667,9990.4,9990.4,-3.600000000000364,-5.0,3.374508770223764,-0.019521912350597973,598759.0893932823,-4.399999999999636,1.6000000000003638,-3.0,3.0,1,1,-6.399999999999636,,-5.0,,1,0,,,,,0,0,q3,tight,low
-2,100500,ASH_COATED_OSMIUM,9984.0,22.0,,,,,10005.0,22.0,,,,,9994.5,0.0,prices_round_1_day_-2.csv,False,21.0,0.0,9994.5,9994.5,4.100000000000364,5.5,3.1687709668445847,-0.015422885572139304,598162.7326842998,-10.5,10.5,-10.5,10.5,1,1,,,,,0,0,,,,,0,0,q2,mid2,low
-2,100600,ASH_COATED_OSMIUM,9991.0,2.0,9983.0,30.0,,,10002.0,11.0,,,,,9996.5,0.0,prices_round_1_day_-2.csv,False,11.0,-0.6923076923076923,9992.692307692309,9992.692307692309,-1.8076923076914682,2.0,2.9642284126917873,-0.017204465514603844,597567.5490786801,-1.6923076923085318,9.307692307691468,-5.5,5.5,1,1,-9.692307692308532,,-13.5,,1,0,,,,,0,0,q2,tight,low
-2,100700,ASH_COATED_OSMIUM,9986.0,14.0,9983.0,25.0,,,10002.0,14.0,10004.0,25.0,,,9994.0,0.0,prices_round_1_day_-2.csv,False,16.0,0.0,9994.0,9994.0,1.3076923076914682,-2.5,2.9503081289573765,-0.015888778550148957,596973.5472939184,-8.0,8.0,-8.0,8.0,1,1,-11.0,10.0,-11.0,10.0,1,1,,,,,0,0,q2,mid1,low
-2,100800,ASH_COATED_OSMIUM,9986.0,11.0,9983.0,21.0,,,10002.0,11.0,10004.0,21.0,,,9994.0,0.0,prices_round_1_day_-2.csv,False,16.0,0.0,9994.0,9994.0,0.0,0.0,2.9173639337317128,-0.015873015873015872,596380.7235133408,-8.0,8.0,-8.0,8.0,1,1,-11.0,10.0,-11.0,10.0,1,1,,,,,0,0,q2,mid1,low
-2,100900,ASH_COATED_OSMIUM,9986.0,14.0,9983.0,24.0,,,10002.0,14.0,10004.0,24.0,,,9994.0,0.0,prices_round_1_day_-2.csv,False,16.0,0.0,9994.0,9994.0,0.0,0.0,2.9115753167726743,-0.015857284440039643,595789.0759704224,-8.0,8.0,-8.0,8.0,1,1,-11.0,10.0,-11.0,10.0,1,1,,,,,0,0,q2,mid1,low
-2,101000,ASH_COATED_OSMIUM,9986.0,11.0,9983.0,20.0,,,10002.0,11.0,,,,,9994.0,0.0,prices_round_1_day_-2.csv,False,16.0,0.0,9994.0,9994.0,0.0,0.0,2.9064325538913174,-0.015841584158415842,595198.6011679256,-8.0,8.0,-8.0,8.0,1,1,-11.0,,-11.0,,1,0,,,,,0,0,q2,mid1,low
-2,101100,ASH_COATED_OSMIUM,9986.0,12.0,9983.0,27.0,,,10002.0,12.0,10004.0,27.0,,,9994.0,0.0,prices_round_1_day_-2.csv,False,16.0,0.0,9994.0,9994.0,0.0,0.0,2.901089182408478,-0.01582591493570722,594609.295622463,-8.0,8.0,-8.0,8.0,1,1,-11.0,10.0,-11.0,10.0,1,1,,,,,0,0,q2,mid1,low
-2,101200,ASH_COATED_OSMIUM,9986.0,15.0,,,,,10002.0,15.0,10004.0,21.0,,,9994.0,0.0,prices_round_1_day_-2.csv,False,16.0,0.0,9994.0,9994.0,0.0,0.0,2.901089182408478,-0.015810276679841896,594021.1558644292,-8.0,8.0,-8.0,8.0,1,1,,10.0,,10.0,0,1,,,,,0,0,q2,mid1,low
-2,101300,ASH_COATED_OSMIUM,9986.0,13.0,9983.0,27.0,,,10004.0,27.0,,,,,9995.0,0.0,prices_round_1_day_-2.csv,False,18.0,-0.35,9991.85,9991.85,-2.149999999999636,1.0,2.915775717733481,-0.017917077986179305,593434.1829339993,-5.850000000000364,12.149999999999636,-9.0,9.0,1,1,-8.850000000000364,,-12.0,,1,0,,,,,0,0,q2,mid2,low
-2,101400,ASH_COATED_OSMIUM,9995.0,10.0,9986.0,11.0,9983.0,24.0,10002.0,11.0,,,,,9998.5,0.0,prices_round_1_day_-2.csv,False,7.0,-0.047619047619047616,9998.333333333334,9998.333333333334,6.483333333333576,3.5,3.058411483526074,-0.011505588428664754,592848.406074809,-3.3333333333339397,3.6666666666660603,-3.5,3.5,1,1,-12.33333333333394,,-12.5,,1,0,-15.33333333333394,,-15.5,,1,0,q2,tight,low
-2,101500,ASH_COATED_OSMIUM,9985.0,14.0,,,,,10001.0,14.0,10004.0,26.0,,,9993.0,0.0,prices_round_1_day_-2.csv,False,16.0,0.0,9993.0,9993.0,-5.33333333333394,-5.5,3.1509640874048883,-0.016748768472906402,592263.7708557483,-8.0,8.0,-8.0,8.0,1,1,,11.0,,11.0,0,1,,,,,0,0,q2,mid1,low
-2,101600,ASH_COATED_OSMIUM,9983.0,26.0,,,,,10001.0,10.0,10004.0,26.0,,,9992.0,0.0,prices_round_1_day_-2.csv,False,18.0,0.4444444444444444,9996.0,9996.0,3.0,-1.0,3.1777933536469396,-0.013779527559055118,591680.2687089108,-13.0,5.0,-9.0,9.0,1,1,,8.0,,12.0,0,1,,,,,0,0,q2,mid2,low
-2,101700,ASH_COATED_OSMIUM,9985.0,12.0,,,,,10001.0,12.0,10004.0,22.0,,,9993.0,0.0,prices_round_1_day_-2.csv,False,16.0,0.0,9993.0,9993.0,-3.0,1.0,3.2023593321737365,-0.01671583087512291,591097.9150081582,-8.0,8.0,-8.0,8.0,1,1,,11.0,,11.0,0,1,,,,,0,0,q2,mid1,low
-2,101800,ASH_COATED_OSMIUM,9986.0,14.0,,,,,10002.0,14.0,10004.0,23.0,,,9994.0,0.0,prices_round_1_day_-2.csv,False,16.0,0.0,9994.0,9994.0,1.0,1.0,3.2059898001214333,-0.015717092337917484,590516.6988013613,-8.0,8.0,-8.0,8.0,1,1,,10.0,,10.0,0,1,,,,,0,0,q2,mid1,low
-2,101900,ASH_COATED_OSMIUM,9986.0,11.0,9983.0,20.0,,,,,,,,,9986.0,0.0,prices_round_1_day_-2.csv,True,,1.0,,9986.0,-8.0,-8.0,3.3951350528445996,-0.023552502453385672,589936.6860188583,0.0,,0.0,,1,0,-3.0,,-3.0,,1,0,,,,,0,0,q3,mid1,low
-2,102000,ASH_COATED_OSMIUM,9985.0,13.0,9983.0,24.0,,,10004.0,24.0,,,,,9994.5,0.0,prices_round_1_day_-2.csv,False,19.0,-0.2972972972972973,9991.675675675675,9991.675675675675,5.675675675674938,8.5,3.43000365847852,-0.017965023847377512,589357.7809779737,-6.675675675674938,12.324324324325062,-9.5,9.5,1,1,-8.675675675674938,,-11.5,,1,0,,,,,0,0,q3,mid2,low
-2,102100,ASH_COATED_OSMIUM,9986.0,10.0,9983.0,22.0,,,10002.0,10.0,10004.0,22.0,,,9994.0,0.0,prices_round_1_day_-2.csv,False,16.0,0.0,9994.0,9994.0,2.3243243243250618,-0.5,3.3851520687265753,-0.015670910871694418,588779.9846053934,-8.0,8.0,-8.0,8.0,1,1,-11.0,10.0,-11.0,10.0,1,1,,,,,0,0,q3,mid1,low
-2,102200,ASH_COATED_OSMIUM,9995.0,5.0,9985.0,10.0,,,10001.0,10.0,,,,,9998.0,0.0,prices_round_1_day_-2.csv,False,6.0,-0.3333333333333333,9997.0,9997.0,3.0,4.0,2.9672763130655055,-0.012720156555772993,588203.3235875355,-2.0,4.0,-3.0,3.0,1,1,-12.0,,-13.0,,1,0,,,,,0,0,q2,tight,low
-2,102300,ASH_COATED_OSMIUM,9985.0,10.0,9983.0,29.0,,,,,,,,,9985.0,0.0,prices_round_1_day_-2.csv,True,,1.0,,9985.0,-12.0,-13.0,3.3739109992532974,-0.024437927663734114,587627.9226392247,0.0,,0.0,,1,0,-2.0,,-2.0,,1,0,,,,,0,0,q3,mid1,low
-2,102400,ASH_COATED_OSMIUM,9990.0,5.0,9985.0,14.0,,,10001.0,14.0,10003.0,30.0,,,9995.5,0.0,prices_round_1_day_-2.csv,False,11.0,-0.47368421052631576,9992.894736842105,9992.894736842105,7.894736842104976,10.5,3.5647088274698002,-0.01670435855263186,587053.567536044,-2.894736842104976,8.105263157895024,-5.5,5.5,1,1,-7.894736842104976,10.105263157895024,-10.5,7.5,1,1,,,,,0,0,q3,tight,low
-2,102500,ASH_COATED_OSMIUM,9985.0,15.0,9982.0,28.0,,,10001.0,15.0,10003.0,28.0,,,9993.0,0.0,prices_round_1_day_-2.csv,False,16.0,0.0,9993.0,9993.0,0.10526315789502405,-2.5,3.5647893896964757,-0.016585365853658537,586480.2730510104,-8.0,8.0,-8.0,8.0,1,1,-11.0,10.0,-11.0,10.0,1,1,,,,,0,0,q3,mid1,low
-2,102600,ASH_COATED_OSMIUM,9985.0,15.0,9983.0,22.0,,,10001.0,15.0,10004.0,22.0,,,9993.0,0.0,prices_round_1_day_-2.csv,False,16.0,0.0,9993.0,9993.0,0.0,0.0,3.5619589213150897,-0.016569200779727095,585908.0971751312,-8.0,8.0,-8.0,8.0,1,1,-10.0,11.0,-10.0,11.0,1,1,,,,,0,0,q3,mid1,low
-2,102700,ASH_COATED_OSMIUM,9991.0,5.0,9985.0,13.0,9983.0,21.0,10004.0,21.0,,,,,9997.5,0.0,prices_round_1_day_-2.csv,False,13.0,-0.6153846153846154,9993.5,9993.5,0.5,4.5,3.5291518875327172,-0.016066212268743916,585337.0369113971,-2.5,10.5,-6.5,6.5,1,1,-8.5,,-12.5,,1,0,-10.5,,-14.5,,1,0,q3,tight,low
-2,102800,ASH_COATED_OSMIUM,9983.0,28.0,,,,,10001.0,14.0,10004.0,28.0,,,9992.0,0.0,prices_round_1_day_-2.csv,False,18.0,0.3333333333333333,9995.0,9995.0,1.5,-5.5,3.533331571719955,-0.014591439688715954,584767.0907179302,-12.0,6.0,-9.0,9.0,1,1,,9.0,,12.0,0,1,,,,,0,0,q3,mid2,low
-2,102900,ASH_COATED_OSMIUM,9983.0,23.0,,,,,10001.0,11.0,10004.0,23.0,,,9992.0,0.0,prices_round_1_day_-2.csv,False,18.0,0.35294117647058826,9995.176470588236,9995.176470588236,0.1764705882360431,0.0,3.5267653793194595,-0.01440576230492124,584198.2511709956,-12.176470588236043,5.823529411763957,-9.0,9.0,1,1,,8.823529411763957,,12.0,0,1,,,,,0,0,q3,mid2,low
-2,103000,ASH_COATED_OSMIUM,9985.0,10.0,9983.0,28.0,,,10001.0,10.0,10004.0,28.0,,,9993.0,0.0,prices_round_1_day_-2.csv,False,16.0,0.0,9993.0,9993.0,-2.176470588236043,1.0,3.5396003992274676,-0.01650485436893204,583630.5217432161,-8.0,8.0,-8.0,8.0,1,1,-10.0,11.0,-10.0,11.0,1,1,,,,,0,0,q3,mid1,low
-2,103100,ASH_COATED_OSMIUM,,,,,,,10002.0,10.0,10004.0,22.0,,,10002.0,0.0,prices_round_1_day_-2.csv,True,,-1.0,,10002.0,9.0,9.0,3.7583158905485803,-0.007759456838021339,583063.9690216274,,0.0,,0.0,0,1,,2.0,,2.0,0,1,,,,,0,0,q3,mid1,mid_low
-2,103200,ASH_COATED_OSMIUM,9986.0,11.0,9984.0,23.0,,,10005.0,23.0,,,,,9995.5,0.0,prices_round_1_day_-2.csv,False,19.0,-0.35294117647058826,9992.14705882353,9992.14705882353,-9.852941176470267,-6.5,4.0108146908766,-0.01729936160510685,582498.5304810448,-6.147058823529733,12.852941176470267,-9.5,9.5,1,1,-8.147058823529733,,-11.5,,1,0,,,,,0,0,q3,mid2,low
-2,103300,ASH_COATED_OSMIUM,9986.0,11.0,,,,,9992.0,9.0,10005.0,21.0,,,9989.0,0.0,prices_round_1_day_-2.csv,False,6.0,0.1,9989.3,9989.3,-2.8470588235304604,-6.5,4.029286086803167,-0.020038722168442137,581934.1016722326,-3.2999999999992724,2.7000000000007276,-3.0,3.0,1,1,,15.700000000000728,,16.0,0,1,,,,,0,0,q3,tight,low
-2,103400,ASH_COATED_OSMIUM,9987.0,10.0,9984.0,28.0,,,9996.0,3.0,10003.0,10.0,10005.0,28.0,9991.5,0.0,prices_round_1_day_-2.csv,False,9.0,0.5384615384615384,9993.923076923076,9993.923076923076,4.623076923076951,2.5,4.086004950442917,-0.01554828150572899,581370.7787641988,-6.9230769230762235,2.0769230769237765,-4.5,4.5,1,1,-9.923076923076223,9.076923076923777,-7.5,11.5,1,1,,11.076923076923777,,13.5,0,1,q4,tight,low
-2,103500,ASH_COATED_OSMIUM,9988.0,14.0,9985.0,29.0,,,10004.0,14.0,10006.0,29.0,,,9996.0,0.0,prices_round_1_day_-2.csv,False,16.0,0.0,9996.0,9996.0,2.0769230769237765,4.5,4.096973744672976,-0.01352657004830918,580808.5288565023,-8.0,8.0,-8.0,8.0,1,1,-11.0,10.0,-11.0,10.0,1,1,,,,,0,0,q4,mid1,low
-2,103600,ASH_COATED_OSMIUM,9988.0,13.0,9985.0,29.0,,,10004.0,13.0,10006.0,29.0,,,9996.0,0.0,prices_round_1_day_-2.csv,False,16.0,0.0,9996.0,9996.0,0.0,0.0,4.092537039466388,-0.013513513513513514,580247.361195948,-8.0,8.0,-8.0,8.0,1,1,-11.0,10.0,-11.0,10.0,1,1,,,,,0,0,q4,mid1,low
-2,103700,ASH_COATED_OSMIUM,9997.0,10.0,9985.0,20.0,,,10004.0,14.0,10006.0,20.0,,,10000.5,0.0,prices_round_1_day_-2.csv,False,7.0,-0.16666666666666666,9999.916666666666,9999.916666666666,3.9166666666660603,4.5,4.130237554169412,-0.009723561555770434,579687.2917656633,-2.9166666666660603,4.08333333333394,-3.5,3.5,1,1,-14.91666666666606,6.08333333333394,-15.5,5.5,1,1,,,,,0,0,q4,tight,low
-2,103800,ASH_COATED_OSMIUM,9988.0,12.0,,,,,10004.0,12.0,10006.0,29.0,,,9996.0,0.0,prices_round_1_day_-2.csv,False,16.0,0.0,9996.0,9996.0,-3.9166666666660603,-4.5,4.151708234822189,-0.01348747591522158,579128.3023324264,-8.0,8.0,-8.0,8.0,1,1,,10.0,,10.0,0,1,,,,,0,0,q4,mid1,low
-2,103900,ASH_COATED_OSMIUM,9988.0,13.0,,,,,10004.0,13.0,10006.0,22.0,,,9996.0,0.0,prices_round_1_day_-2.csv,False,16.0,0.0,9996.0,9996.0,0.0,0.0,4.136168273494566,-0.013474494706448507,578570.3752590636,-8.0,8.0,-8.0,8.0,1,1,,10.0,,10.0,0,1,,,,,0,0,q4,mid1,low
-2,104000,ASH_COATED_OSMIUM,9988.0,11.0,9985.0,29.0,,,,,,,,,9988.0,0.0,prices_round_1_day_-2.csv,True,,1.0,,9988.0,-8.0,-8.0,4.28734852495317,-0.021153846153846155,578013.5834862043,0.0,,0.0,,1,0,-3.0,,-3.0,,1,0,,,,,0,0,q4,mid1,low
-2,104100,ASH_COATED_OSMIUM,9988.0,10.0,9985.0,30.0,,,10004.0,10.0,,,,,9996.0,0.0,prices_round_1_day_-2.csv,False,16.0,0.0,9996.0,9996.0,8.0,8.0,4.438483173858183,-0.013448607108549471,577457.8629992985,-8.0,8.0,-8.0,8.0,1,1,-11.0,,-11.0,,1,0,,,,,0,0,q4,mid1,low
-2,104200,ASH_COATED_OSMIUM,9988.0,15.0,,,,,10004.0,15.0,,,,,9996.0,0.0,prices_round_1_day_-2.csv,False,16.0,0.0,9996.0,9996.0,0.0,0.0,4.285777407502987,-0.013435700575815739,576903.1484336706,-8.0,8.0,-8.0,8.0,1,1,,,,,0,0,,,,,0,0,q4,mid1,low
-2,104300,ASH_COATED_OSMIUM,9988.0,14.0,,,,,10004.0,14.0,10006.0,23.0,,,9996.0,0.0,prices_round_1_day_-2.csv,False,16.0,0.0,9996.0,9996.0,0.0,0.0,4.133749869871545,-0.013422818791946308,576349.4985793008,-8.0,8.0,-8.0,8.0,1,1,,10.0,,10.0,0,1,,,,,0,0,q4,mid1,low
-2,104400,ASH_COATED_OSMIUM,,,,,,,10004.0,13.0,10007.0,21.0,,,10004.0,0.0,prices_round_1_day_-2.csv,True,,-1.0,,10004.0,8.0,8.0,4.28252591761211,-0.005747126436781609,575796.9718821363,,0.0,,0.0,0,1,,3.0,,3.0,0,1,,,,,0,0,q4,mid1,mid_low
-2,104500,ASH_COATED_OSMIUM,9989.0,11.0,9987.0,25.0,,,10005.0,11.0,10008.0,25.0,,,9997.0,0.0,prices_round_1_day_-2.csv,False,16.0,0.0,9997.0,9997.0,-7.0,-7.0,4.395681650639079,-0.012440191387559809,575245.4890285713,-8.0,8.0,-8.0,8.0,1,1,-10.0,11.0,-10.0,11.0,1,1,,,,,0,0,q4,mid1,low
-2,104600,ASH_COATED_OSMIUM,9989.0,14.0,9986.0,26.0,,,10005.0,14.0,10007.0,26.0,,,9997.0,0.0,prices_round_1_day_-2.csv,False,16.0,0.0,9997.0,9997.0,0.0,0.0,4.377862850491896,-0.0124282982791587,574695.0148765388,-8.0,8.0,-8.0,8.0,1,1,-11.0,10.0,-11.0,10.0,1,1,,,,,0,0,q4,mid1,low
-2,104700,ASH_COATED_OSMIUM,9989.0,15.0,9986.0,24.0,,,10005.0,15.0,,,,,9997.0,0.0,prices_round_1_day_-2.csv,False,16.0,0.0,9997.0,9997.0,0.0,0.0,4.374741297427054,-0.012416427889207259,574145.5932563455,-8.0,8.0,-8.0,8.0,1,1,-11.0,,-11.0,,1,0,,,,,0,0,q4,mid1,low
-2,104800,ASH_COATED_OSMIUM,9989.0,13.0,9987.0,25.0,,,10005.0,13.0,10008.0,25.0,,,9997.0,0.0,prices_round_1_day_-2.csv,False,16.0,0.0,9997.0,9997.0,0.0,0.0,4.374263108906957,-0.012404580152671756,573597.2211521408,-8.0,8.0,-8.0,8.0,1,1,-10.0,11.0,-10.0,11.0,1,1,,,,,0,0,q4,mid1,low
-2,104900,ASH_COATED_OSMIUM,9989.0,12.0,9987.0,27.0,,,10005.0,12.0,10008.0,27.0,,,9997.0,0.0,prices_round_1_day_-2.csv,False,16.0,0.0,9997.0,9997.0,0.0,0.0,4.374263108906957,-0.012392755004766444,573049.8955595851,-8.0,8.0,-8.0,8.0,1,1,-10.0,11.0,-10.0,11.0,1,1,,,,,0,0,q4,mid1,low
-2,105000,ASH_COATED_OSMIUM,,,,,,,10005.0,10.0,10008.0,29.0,,,10005.0,0.0,prices_round_1_day_-2.csv,True,,-1.0,,10005.0,8.0,8.0,4.516759515565839,-0.004761904761904762,572503.6746270176,,0.0,,0.0,0,1,,3.0,,3.0,0,1,,,,,0,0,q4,mid1,mid_low
-2,105100,ASH_COATED_OSMIUM,9990.0,11.0,9987.0,27.0,,,10006.0,11.0,10008.0,27.0,,,9998.0,0.0,prices_round_1_day_-2.csv,False,16.0,0.0,9998.0,9998.0,-7.0,-7.0,4.630078617156127,-0.011417697431018078,571958.4795909892,-8.0,8.0,-8.0,8.0,1,1,-11.0,10.0,-11.0,10.0,1,1,,,,,0,0,q4,mid1,low
-2,105200,ASH_COATED_OSMIUM,9987.0,20.0,,,,,10005.0,13.0,,,,,9996.0,0.0,prices_round_1_day_-2.csv,False,18.0,0.21212121212121213,9997.90909090909,9997.90909090909,-0.09090909090991772,-2.0,4.630119819967938,-0.011493259592119694,571414.2755250728,-10.909090909090082,7.090909090909918,-9.0,9.0,1,1,,,,,0,0,,,,,0,0,q4,mid2,low
-2,105300,ASH_COATED_OSMIUM,9995.0,4.0,9989.0,11.0,9987.0,23.0,10005.0,11.0,10008.0,23.0,,,10000.0,0.0,prices_round_1_day_-2.csv,False,10.0,-0.4666666666666667,9997.666666666666,9997.666666666666,-0.24242424242402194,4.0,4.6278253469207575,-0.0117125672681234,570871.1061122908,-2.6666666666660603,7.33333333333394,-5.0,5.0,1,1,-8.66666666666606,10.33333333333394,-11.0,8.0,1,1,-10.66666666666606,,-13.0,,1,0,q4,tight,low
-2,105400,ASH_COATED_OSMIUM,9987.0,29.0,,,,,10005.0,13.0,10008.0,29.0,,,9996.0,0.0,prices_round_1_day_-2.csv,False,18.0,0.38095238095238093,9999.42857142857,9999.42857142857,1.7619047619045887,-4.0,4.603025845708143,-0.010029818378965228,570328.9712942677,-12.428571428570649,5.571428571429351,-9.0,9.0,1,1,,8.571428571429351,,12.0,0,1,,,,,0,0,q4,mid2,low
-2,105500,ASH_COATED_OSMIUM,9989.0,12.0,9986.0,21.0,,,,,,,,,9989.0,0.0,prices_round_1_day_-2.csv,True,,1.0,,9989.0,-10.428571428570649,-7.0,4.804706247170187,-0.01990521327014218,569787.9651005559,0.0,,0.0,,1,0,-3.0,,-3.0,,1,0,,,,,0,0,q4,mid1,low
-2,105600,ASH_COATED_OSMIUM,9989.0,14.0,9986.0,28.0,,,10005.0,14.0,10007.0,28.0,,,9997.0,0.0,prices_round_1_day_-2.csv,False,16.0,0.0,9997.0,9997.0,8.0,8.0,4.932485047027973,-0.01231060606060606,569247.9426293436,-8.0,8.0,-8.0,8.0,1,1,-11.0,10.0,-11.0,10.0,1,1,,,,,0,0,q4,mid1,low
-2,105700,ASH_COATED_OSMIUM,9989.0,10.0,9986.0,30.0,,,10005.0,10.0,,,,,9997.0,0.0,prices_round_1_day_-2.csv,False,16.0,0.0,9997.0,9997.0,0.0,0.0,4.9293417478905415,-0.01229895931882687,568708.8820777547,-8.0,8.0,-8.0,8.0,1,1,-11.0,,-11.0,,1,0,,,,,0,0,q4,mid1,low
-2,105800,ASH_COATED_OSMIUM,9999.0,7.0,9990.0,11.0,,,10006.0,11.0,10008.0,26.0,,,10002.5,0.0,prices_round_1_day_-2.csv,False,7.0,-0.2222222222222222,10001.722222222223,10001.722222222223,4.722222222222626,5.5,4.973211547477877,-0.007823986557445532,568170.862694998,-2.7222222222226264,4.277777777777374,-3.5,3.5,1,1,-11.722222222222626,6.277777777777374,-12.5,5.5,1,1,,,,,0,0,q4,tight,mid_low
-2,105900,ASH_COATED_OSMIUM,9989.0,13.0,9987.0,26.0,,,10005.0,13.0,,,,,9997.0,0.0,prices_round_1_day_-2.csv,False,16.0,0.0,9997.0,9997.0,-4.722222222222626,-5.5,5.0208155666053,-0.012275731822474031,567633.8601825862,-8.0,8.0,-8.0,8.0,1,1,-10.0,,-10.0,,1,0,,,,,0,0,q4,mid1,low
-2,106000,ASH_COATED_OSMIUM,9989.0,14.0,9987.0,23.0,,,10008.0,23.0,,,,,9998.5,0.0,prices_round_1_day_-2.csv,False,19.0,-0.24324324324324326,9996.18918918919,9996.18918918919,-0.8108108108099259,1.5,5.0223224604174055,-0.013029066802650873,567097.8514733078,-7.189189189190074,11.810810810809926,-9.5,9.5,1,1,-9.189189189190074,,-11.5,,1,0,,,,,0,0,q4,mid2,low
-2,106100,ASH_COATED_OSMIUM,9987.0,24.0,,,,,10006.0,11.0,10008.0,24.0,,,9996.5,0.0,prices_round_1_day_-2.csv,False,19.0,0.37142857142857144,10000.028571428571,10000.028571428571,3.8393822393809387,-2.0,5.05090869864644,-0.00939814191463618,566562.8674880358,-13.028571428571013,5.971428571428987,-9.5,9.5,1,1,,7.971428571428987,,11.5,0,1,,,,,0,0,q4,mid2,low
-2,106200,ASH_COATED_OSMIUM,9990.0,13.0,9987.0,23.0,,,9999.0,5.0,10006.0,13.0,,,9994.5,0.0,prices_round_1_day_-2.csv,False,9.0,0.4444444444444444,9996.5,9996.5,-3.528571428571013,-2.0,5.077209874179785,-0.012711864406779662,566028.8896420707,-6.5,2.5,-4.5,4.5,1,1,-9.5,9.5,-7.5,11.5,1,1,,,,,0,0,q4,tight,low
-2,106300,ASH_COATED_OSMIUM,9989.0,13.0,9987.0,20.0,,,10008.0,20.0,,,,,9998.5,0.0,prices_round_1_day_-2.csv,False,19.0,-0.21212121212121213,9996.484848484848,9996.484848484848,-0.015151515151956119,4.0,5.067298194034158,-0.01271415946862837,565495.9057535245,-7.484848484848044,11.515151515151956,-9.5,9.5,1,1,-9.484848484848044,,-11.5,,1,0,,,,,0,0,q4,mid2,low
-2,106400,ASH_COATED_OSMIUM,9990.0,14.0,9987.0,25.0,,,10006.0,14.0,10008.0,25.0,,,9998.0,0.0,prices_round_1_day_-2.csv,False,16.0,0.0,9998.0,9998.0,1.5151515151519561,-0.5,4.987509962275173,-0.011278195488721804,564963.9268508209,-8.0,8.0,-8.0,8.0,1,1,-11.0,10.0,-11.0,10.0,1,1,,,,,0,0,q4,mid1,low
-2,106500,ASH_COATED_OSMIUM,9990.0,14.0,9987.0,21.0,,,10006.0,14.0,,,,,9998.0,0.0,prices_round_1_day_-2.csv,False,16.0,0.0,9998.0,9998.0,0.0,0.0,4.927940546254802,-0.011267605633802818,564432.945716682,-8.0,8.0,-8.0,8.0,1,1,-11.0,,-11.0,,1,0,,,,,0,0,q4,mid1,low
-2,106600,ASH_COATED_OSMIUM,9989.0,15.0,9987.0,20.0,,,10005.0,15.0,10008.0,20.0,,,9997.0,0.0,prices_round_1_day_-2.csv,False,16.0,0.0,9997.0,9997.0,-1.0,-1.0,4.912344515571661,-0.012195121951219513,563902.962647159,-8.0,8.0,-8.0,8.0,1,1,-10.0,11.0,-10.0,11.0,1,1,,,,,0,0,q4,mid1,low
-2,106700,ASH_COATED_OSMIUM,9990.0,14.0,9987.0,29.0,,,10006.0,14.0,10008.0,29.0,,,9998.0,0.0,prices_round_1_day_-2.csv,False,16.0,0.0,9998.0,9998.0,1.0,1.0,4.8946978880393806,-0.011246485473289597,563373.9739613538,-8.0,8.0,-8.0,8.0,1,1,-11.0,10.0,-11.0,10.0,1,1,,,,,0,0,q4,mid1,low
-2,106800,ASH_COATED_OSMIUM,9990.0,13.0,,,,,10008.0,23.0,,,,,9999.0,0.0,prices_round_1_day_-2.csv,False,18.0,-0.2777777777777778,9996.5,9996.5,-1.5,1.0,4.898084388869112,-0.012640449438202247,562845.9779354404,-6.5,11.5,-9.0,9.0,1,1,,,,,0,0,,,,,0,0,q4,mid2,low
-2,106900,ASH_COATED_OSMIUM,9990.0,11.0,9987.0,21.0,,,9995.0,6.0,10006.0,11.0,10008.0,21.0,9992.5,0.0,prices_round_1_day_-2.csv,False,5.0,0.29411764705882354,9993.235294117647,9993.235294117647,-3.264705882353155,-6.5,4.783702387811622,-0.01568260606394121,562318.9784860966,-3.235294117646845,1.7647058823531552,-2.5,2.5,1,1,-6.235294117646845,12.764705882353155,-5.5,13.5,1,1,,14.764705882353155,,15.5,0,1,q4,tight,low
-2,107000,ASH_COATED_OSMIUM,,,,,,,10006.0,14.0,10008.0,27.0,,,10006.0,0.0,prices_round_1_day_-2.csv,True,,-1.0,,10006.0,12.764705882353155,13.5,5.0486900794176846,-0.003738317757009346,561793.1077725242,,0.0,,0.0,0,1,,2.0,,2.0,0,1,,,,,0,0,q4,mid1,mid_low
-2,107100,ASH_COATED_OSMIUM,9988.0,29.0,,,,,10006.0,13.0,10009.0,29.0,,,9997.0,0.0,prices_round_1_day_-2.csv,False,18.0,0.38095238095238093,10000.42857142857,10000.42857142857,-5.571428571429351,-9.0,5.106797854239377,-0.00893690809657269,561268.0964290272,-12.428571428570649,5.571428571429351,-9.0,9.0,1,1,,8.571428571429351,,12.0,0,1,,,,,0,0,q4,mid2,mid_low
-2,107200,ASH_COATED_OSMIUM,9990.0,11.0,9988.0,26.0,,,10006.0,11.0,10009.0,26.0,,,9998.0,0.0,prices_round_1_day_-2.csv,False,16.0,0.0,9998.0,9998.0,-2.428571428570649,1.0,5.102209048739748,-0.011194029850746268,560744.0420431643,-8.0,8.0,-8.0,8.0,1,1,-10.0,11.0,-10.0,11.0,1,1,,,,,0,0,q4,mid1,low
-2,107300,ASH_COATED_OSMIUM,9988.0,28.0,,,,,10007.0,11.0,10009.0,28.0,,,9997.5,0.0,prices_round_1_day_-2.csv,False,19.0,0.4358974358974359,10001.641025641025,10001.641025641025,3.641025641025408,-0.5,4.822000843722035,-0.007790283652352835,560220.9723456214,-13.641025641025408,5.358974358974592,-9.5,9.5,1,1,,7.358974358974592,,11.5,0,1,,,,,0,0,q4,mid2,mid_low
-2,107400,ASH_COATED_OSMIUM,9989.0,25.0,,,,,10007.0,15.0,10010.0,25.0,,,9998.0,0.0,prices_round_1_day_-2.csv,False,18.0,0.25,10000.25,10000.25,-1.3910256410254078,0.5,4.702143397493759,-0.009078212290502794,559698.8669767611,-11.25,6.75,-9.0,9.0,1,1,,9.75,,12.0,0,1,,,,,0,0,q4,mid2,low
-2,107500,ASH_COATED_OSMIUM,9991.0,11.0,9989.0,23.0,,,10007.0,11.0,10010.0,23.0,,,9999.0,0.0,prices_round_1_day_-2.csv,False,16.0,0.0,9999.0,9999.0,-1.25,1.0,4.706293857077578,-0.010232558139534883,559177.7335237608,-8.0,8.0,-8.0,8.0,1,1,-10.0,11.0,-10.0,11.0,1,1,,,,,0,0,q4,mid1,low
-2,107600,ASH_COATED_OSMIUM,9989.0,20.0,,,,,10010.0,20.0,,,,,9999.5,0.0,prices_round_1_day_-2.csv,False,21.0,0.0,9999.5,9999.5,0.5,0.5,4.706564871493254,-0.009758364312267658,558657.5684321994,-10.5,10.5,-10.5,10.5,1,1,,,,,0,0,,,,,0,0,q4,mid2,low
-2,107700,ASH_COATED_OSMIUM,9991.0,13.0,,,,,10009.0,20.0,,,,,10000.0,0.0,prices_round_1_day_-2.csv,False,18.0,-0.21212121212121213,9998.09090909091,9998.09090909091,-1.4090909090900823,0.5,4.71124339030861,-0.011057651726174636,558138.3717666616,-7.090909090909918,10.909090909090082,-9.0,9.0,1,1,,,,,0,0,,,,,0,0,q4,mid2,low
-2,107800,ASH_COATED_OSMIUM,,,,,,,10006.0,11.0,,,,,10006.0,0.0,prices_round_1_day_-2.csv,True,,-1.0,,10006.0,7.909090909090082,6.0,4.8358781314033505,-0.0037105751391465678,557620.1956281256,,0.0,,0.0,0,1,,,,,0,0,,,,,0,0,q4,mid1,mid_low
-2,107900,ASH_COATED_OSMIUM,9991.0,14.0,9988.0,23.0,,,10007.0,14.0,,,,,9999.0,0.0,prices_round_1_day_-2.csv,False,16.0,0.0,9999.0,9999.0,-7.0,-7.0,4.942519844758419,-0.010194624652455977,557102.9680836666,-8.0,8.0,-8.0,8.0,1,1,-11.0,,-11.0,,1,0,,,,,0,0,q4,mid1,low
-2,108000,ASH_COATED_OSMIUM,9988.0,30.0,,,,,10009.0,30.0,,,,,9998.5,0.0,prices_round_1_day_-2.csv,False,21.0,0.0,9998.5,9998.5,-0.5,-0.5,4.932600799465516,-0.010648148148148148,556586.6541555884,-10.5,10.5,-10.5,10.5,1,1,,,,,0,0,,,,,0,0,q4,mid2,low
-2,108100,ASH_COATED_OSMIUM,9988.0,27.0,,,,,10007.0,11.0,10009.0,27.0,,,9997.5,0.0,prices_round_1_day_-2.csv,False,19.0,0.42105263157894735,10001.5,10001.5,3.0,-1.0,4.782615162204146,-0.00786308973172988,556071.3045273123,-13.5,5.5,-9.5,9.5,1,1,,7.5,,11.5,0,1,,,,,0,0,q4,mid2,mid_low
-2,108200,ASH_COATED_OSMIUM,9988.0,23.0,,,,,10007.0,13.0,,,,,9997.5,0.0,prices_round_1_day_-2.csv,False,19.0,0.2777777777777778,10000.138888888889,10000.138888888889,-1.3611111111113132,0.0,4.572090952840921,-0.009113781063873672,555556.9016827798,-12.138888888888687,6.861111111111313,-9.5,9.5,1,1,,,,,0,0,,,,,0,0,q4,mid2,low
-2,108300,ASH_COATED_OSMIUM,9991.0,14.0,9988.0,25.0,,,10007.0,14.0,10009.0,25.0,,,9999.0,0.0,prices_round_1_day_-2.csv,False,16.0,0.0,9999.0,9999.0,-1.1388888888886868,1.5,4.555516232947817,-0.010156971375807941,555043.4491629374,-8.0,8.0,-8.0,8.0,1,1,-11.0,10.0,-11.0,10.0,1,1,,,,,0,0,q4,mid1,low
-2,108400,ASH_COATED_OSMIUM,9988.0,26.0,,,,,10007.0,12.0,10009.0,26.0,,,9997.5,0.0,prices_round_1_day_-2.csv,False,19.0,0.3684210526315789,10001.0,10001.0,2.0,-1.5,4.51842256708517,-0.008302583025830259,554530.9473973238,-13.0,6.0,-9.5,9.5,1,1,,8.0,,11.5,0,1,,,,,0,0,q4,mid2,mid_low
-2,108500,ASH_COATED_OSMIUM,9991.0,10.0,,,,,10007.0,10.0,10009.0,25.0,,,9999.0,0.0,prices_round_1_day_-2.csv,False,16.0,0.0,9999.0,9999.0,-2.0,1.5,4.5195697591419215,-0.010138248847926268,554019.3911388414,-8.0,8.0,-8.0,8.0,1,1,,10.0,,10.0,0,1,,,,,0,0,q4,mid1,low
-2,108600,ASH_COATED_OSMIUM,9991.0,10.0,9989.0,24.0,,,10007.0,10.0,10010.0,24.0,,,9999.0,0.0,prices_round_1_day_-2.csv,False,16.0,0.0,9999.0,9999.0,0.0,0.0,4.5195697591419215,-0.010128913443830571,553508.7741885777,-8.0,8.0,-8.0,8.0,1,1,-10.0,11.0,-10.0,11.0,1,1,,,,,0,0,q4,mid1,low
-2,108700,ASH_COATED_OSMIUM,9988.0,26.0,,,,,10006.0,12.0,10009.0,26.0,,,9997.0,0.0,prices_round_1_day_-2.csv,False,18.0,0.3684210526315789,10000.315789473685,10000.315789473685,1.3157894736850722,-2.0,4.489140792661967,-0.008909117319516952,552999.0992182771,-12.315789473685072,5.684210526314928,-9.0,9.0,1,1,,8.684210526314928,,12.0,0,1,,,,,0,0,q4,mid2,low
-2,108800,ASH_COATED_OSMIUM,9990.0,13.0,9988.0,20.0,,,10000.0,3.0,10006.0,13.0,10009.0,20.0,9995.0,0.0,prices_round_1_day_-2.csv,False,10.0,0.625,9998.125,9998.125,-2.190789473685072,-2.0,4.464917719792377,-0.010914522058823529,552490.3647721023,-8.125,1.875,-5.0,5.0,1,1,-10.125,7.875,-7.0,11.0,1,1,,10.875,,14.0,0,1,q4,tight,low
-2,108900,ASH_COATED_OSMIUM,9990.0,15.0,9988.0,26.0,,,10009.0,26.0,,,,,9999.5,0.0,prices_round_1_day_-2.csv,False,19.0,-0.2682926829268293,9996.951219512195,9996.951219512195,-1.1737804878048337,4.5,4.468230254475788,-0.011982351228470921,551982.5623697526,-6.951219512195166,12.048780487804834,-9.5,9.5,1,1,-8.951219512195166,,-11.5,,1,0,,,,,0,0,q4,mid2,low
-2,109000,ASH_COATED_OSMIUM,9990.0,10.0,9988.0,22.0,,,,,,,,,9990.0,0.0,prices_round_1_day_-2.csv,True,,1.0,,9990.0,-6.951219512195166,-9.5,4.432133470282579,-0.01834862385321101,551475.7355070029,0.0,,0.0,,1,0,-2.0,,-2.0,,1,0,,,,,0,0,q4,mid1,low
-2,109100,ASH_COATED_OSMIUM,9991.0,14.0,9989.0,21.0,,,10007.0,14.0,,,,,9999.0,0.0,prices_round_1_day_-2.csv,False,16.0,0.0,9999.0,9999.0,9.0,9.0,4.4708729637043785,-0.01008249312557287,550969.869012102,-8.0,8.0,-8.0,8.0,1,1,-10.0,,-10.0,,1,0,,,,,0,0,q4,mid1,low
-2,109200,ASH_COATED_OSMIUM,9991.0,15.0,9989.0,25.0,,,10007.0,15.0,,,,,9999.0,0.0,prices_round_1_day_-2.csv,False,16.0,0.0,9999.0,9999.0,0.0,0.0,4.4708729637043785,-0.010073260073260074,550464.855383403,-8.0,8.0,-8.0,8.0,1,1,-10.0,,-10.0,,1,0,,,,,0,0,q4,mid1,low
-2,109300,ASH_COATED_OSMIUM,9991.0,10.0,,,,,10007.0,10.0,,,,,9999.0,0.0,prices_round_1_day_-2.csv,False,16.0,0.0,9999.0,9999.0,0.0,0.0,4.4708729637043785,-0.010064043915827997,549960.7666880898,-8.0,8.0,-8.0,8.0,1,1,,,,,0,0,,,,,0,0,q4,mid1,low
-2,109400,ASH_COATED_OSMIUM,9991.0,10.0,9989.0,29.0,,,10007.0,10.0,10010.0,29.0,,,9999.0,0.0,prices_round_1_day_-2.csv,False,16.0,0.0,9999.0,9999.0,0.0,0.0,4.321579803307847,-0.010054844606946984,549457.6003874614,-8.0,8.0,-8.0,8.0,1,1,-10.0,11.0,-10.0,11.0,1,1,,,,,0,0,q4,mid1,low
-2,109500,ASH_COATED_OSMIUM,9991.0,11.0,9989.0,20.0,,,10007.0,11.0,10010.0,20.0,,,9999.0,0.0,prices_round_1_day_-2.csv,False,16.0,0.0,9999.0,9999.0,0.0,0.0,4.2053089571314155,-0.01004566210045662,548955.3539520989,-8.0,8.0,-8.0,8.0,1,1,-10.0,11.0,-10.0,11.0,1,1,,,,,0,0,q4,mid1,low
-2,109600,ASH_COATED_OSMIUM,9991.0,12.0,9989.0,22.0,,,10010.0,22.0,,,,,10000.5,0.0,prices_round_1_day_-2.csv,False,19.0,-0.29411764705882354,9997.70588235294,9997.70588235294,-1.2941176470594655,1.5,4.209540483206734,-0.011217260626879074,548454.0263661486,-6.7058823529405345,12.294117647059466,-9.5,9.5,1,1,-8.705882352940534,,-11.5,,1,0,,,,,0,0,q4,mid2,low
-2,109700,ASH_COATED_OSMIUM,9991.0,12.0,,,,,,,,,,,9991.0,0.0,prices_round_1_day_-2.csv,True,,1.0,,9991.0,-6.7058823529405345,-9.5,4.315492136045994,-0.01731996353691887,547953.6529640674,0.0,,0.0,,1,0,,,,,0,0,,,,,0,0,q4,mid1,low
-2,109800,ASH_COATED_OSMIUM,,,,,,,10010.0,27.0,,,,,10010.0,0.0,prices_round_1_day_-2.csv,True,,-1.0,,10010.0,19.0,19.0,5.092792318636663,0.0,547454.4803807631,,0.0,,0.0,0,1,,,,,0,0,,,,,0,0,q4,mid1,mid_low
-2,109900,ASH_COATED_OSMIUM,9992.0,11.0,9989.0,26.0,,,10008.0,11.0,10010.0,26.0,,,10000.0,0.0,prices_round_1_day_-2.csv,False,16.0,0.0,10000.0,10000.0,-10.0,-10.0,5.295531706046542,-0.009099181073703366,546955.9789496405,-8.0,8.0,-8.0,8.0,1,1,-11.0,10.0,-11.0,10.0,1,1,,,,,0,0,q4,mid1,low
-2,110000,ASH_COATED_OSMIUM,9992.0,12.0,,,,,10008.0,12.0,,,,,10000.0,0.0,prices_round_1_day_-2.csv,False,16.0,0.0,10000.0,10000.0,0.0,0.0,5.170106670903388,-0.00909090909090909,546458.293800535,-8.0,8.0,-8.0,8.0,1,1,,,,,0,0,,,,,0,0,q4,mid1,low
-2,110100,ASH_COATED_OSMIUM,9992.0,11.0,9989.0,23.0,,,10007.0,11.0,10010.0,23.0,,,9999.5,0.0,prices_round_1_day_-2.csv,False,15.0,0.0,9999.5,9999.5,-0.5,-0.5,5.073893055989823,-0.009536784741144414,545961.513752328,-7.5,7.5,-7.5,7.5,1,1,-10.5,10.5,-10.5,10.5,1,1,,,,,0,0,q4,mid1,low
-2,110200,ASH_COATED_OSMIUM,9992.0,12.0,9989.0,21.0,,,10008.0,12.0,10010.0,21.0,,,10000.0,0.0,prices_round_1_day_-2.csv,False,16.0,0.0,10000.0,10000.0,0.5,0.5,5.074293846434375,-0.009074410163339383,545465.6361371054,-8.0,8.0,-8.0,8.0,1,1,-11.0,10.0,-11.0,10.0,1,1,,,,,0,0,q4,mid1,low
-2,110300,ASH_COATED_OSMIUM,9992.0,10.0,9990.0,29.0,,,10008.0,10.0,,,,,10000.0,0.0,prices_round_1_day_-2.csv,False,16.0,0.0,10000.0,10000.0,0.0,0.0,5.074132525785438,-0.009066183136899365,544970.6582459485,-8.0,8.0,-8.0,8.0,1,1,-10.0,,-10.0,,1,0,,,,,0,0,q4,mid1,low
-2,110400,ASH_COATED_OSMIUM,9989.0,29.0,,,,,10008.0,14.0,10010.0,29.0,,,9998.5,0.0,prices_round_1_day_-2.csv,False,19.0,0.3488372093023256,10001.813953488372,10001.813953488372,1.8139534883721353,-1.5,5.074496919626959,-0.007414897202561471,544476.5808770858,-12.813953488372135,6.186046511627865,-9.5,9.5,1,1,,8.186046511627865,,11.5,0,1,,,,,0,0,q4,mid2,mid_low
-2,110500,ASH_COATED_OSMIUM,,,,,,,10008.0,14.0,,,,,10008.0,0.0,prices_round_1_day_-2.csv,True,,-1.0,,10008.0,6.186046511627865,9.5,4.915990777154876,-0.0018099547511312218,543983.430282315,,0.0,,0.0,0,1,,,,,0,0,,,,,0,0,q4,mid1,mid_low
-2,110600,ASH_COATED_OSMIUM,9991.0,15.0,,,,,10007.0,15.0,10010.0,21.0,,,9999.0,0.0,prices_round_1_day_-2.csv,False,16.0,0.0,9999.0,9999.0,-9.0,-9.0,4.965845183077732,-0.009945750452079566,543491.2107926629,-8.0,8.0,-8.0,8.0,1,1,,11.0,,11.0,0,1,,,,,0,0,q4,mid1,low
-2,110700,ASH_COATED_OSMIUM,9991.0,15.0,9988.0,22.0,,,10009.0,22.0,,,,,10000.0,0.0,prices_round_1_day_-2.csv,False,18.0,-0.1891891891891892,9998.297297297297,9998.297297297297,-0.702702702703391,1.0,4.966954949844295,-0.010571547156913632,542999.8086847841,-7.297297297296609,10.702702702703391,-9.0,9.0,1,1,-10.297297297296609,,-12.0,,1,0,,,,,0,0,q4,mid2,low
-2,110800,ASH_COATED_OSMIUM,,,,,,,10007.0,10.0,,,,,10007.0,0.0,prices_round_1_day_-2.csv,True,,-1.0,,10007.0,8.702702702703391,7.0,5.074497350539648,-0.002707581227436823,542509.36247335,,0.0,,0.0,0,1,,,,,0,0,,,,,0,0,q4,mid1,mid_low
-2,110900,ASH_COATED_OSMIUM,9991.0,15.0,9988.0,30.0,,,10009.0,30.0,,,,,10000.0,0.0,prices_round_1_day_-2.csv,False,18.0,-0.3333333333333333,9997.0,9997.0,-10.0,-7.0,5.2294951579038305,-0.011722272317403066,542019.823207339,-6.0,12.0,-9.0,9.0,1,1,-9.0,,-12.0,,1,0,,,,,0,0,q4,mid2,low
-2,111000,ASH_COATED_OSMIUM,9991.0,10.0,,,,,10007.0,10.0,10009.0,27.0,,,9999.0,0.0,prices_round_1_day_-2.csv,False,16.0,0.0,9999.0,9999.0,2.0,-1.0,5.235705385689631,-0.00990990990990991,541531.0803941498,-8.0,8.0,-8.0,8.0,1,1,,10.0,,10.0,0,1,,,,,0,0,q4,mid1,low
-2,111100,ASH_COATED_OSMIUM,9991.0,10.0,9989.0,21.0,,,10009.0,21.0,,,,,10000.0,0.0,prices_round_1_day_-2.csv,False,18.0,-0.3548387096774194,9996.806451612903,9996.806451612903,-2.193548387096598,1.0,5.216220979367023,-0.011875381086495588,541043.2188478354,-5.806451612903402,12.193548387096598,-9.0,9.0,1,1,-7.806451612903402,,-11.0,,1,0,,,,,0,0,q4,mid2,low
-2,111200,ASH_COATED_OSMIUM,9991.0,14.0,9989.0,26.0,,,10007.0,14.0,10010.0,26.0,,,9999.0,0.0,prices_round_1_day_-2.csv,False,16.0,0.0,9999.0,9999.0,2.193548387096598,-1.0,5.2014177488332125,-0.009892086330935251,540556.2356261181,-8.0,8.0,-8.0,8.0,1,1,-10.0,11.0,-10.0,11.0,1,1,,,,,0,0,q4,mid1,low
-2,111300,ASH_COATED_OSMIUM,9991.0,10.0,,,,,10007.0,10.0,,,,,9999.0,0.0,prices_round_1_day_-2.csv,False,16.0,0.0,9999.0,9999.0,0.0,0.0,5.2014143170532625,-0.009883198562443846,540070.1239035206,-8.0,8.0,-8.0,8.0,1,1,,,,,0,0,,,,,0,0,q4,mid1,low
-2,111400,ASH_COATED_OSMIUM,9991.0,13.0,,,,,10007.0,13.0,10009.0,27.0,,,9999.0,0.0,prices_round_1_day_-2.csv,False,16.0,0.0,9999.0,9999.0,0.0,0.0,5.197117862214502,-0.009874326750448833,539584.8856970464,-8.0,8.0,-8.0,8.0,1,1,,10.0,,10.0,0,1,,,,,0,0,q4,mid1,low
-2,111500,ASH_COATED_OSMIUM,9997.0,2.0,9991.0,15.0,9989.0,25.0,10007.0,15.0,,,,,10002.0,0.0,prices_round_1_day_-2.csv,False,10.0,-0.7647058823529411,9998.176470588236,9998.176470588236,-0.8235294117639569,3.0,5.19848731425762,-0.0106040622527031,539100.5192479833,-1.1764705882360431,8.823529411763957,-5.0,5.0,1,1,-7.176470588236043,,-11.0,,1,0,-9.176470588236043,,-13.0,,1,0,q4,tight,low
-2,111600,ASH_COATED_OSMIUM,9991.0,12.0,,,,,10007.0,12.0,10010.0,29.0,,,9999.0,0.0,prices_round_1_day_-2.csv,False,16.0,0.0,9999.0,9999.0,0.8235294117639569,-3.0,5.197699787558667,-0.00985663082437276,538617.0216479001,-8.0,8.0,-8.0,8.0,1,1,,11.0,,11.0,0,1,,,,,0,0,q4,mid1,low
-2,111700,ASH_COATED_OSMIUM,9989.0,26.0,,,,,10007.0,15.0,10010.0,26.0,,,9998.0,0.0,prices_round_1_day_-2.csv,False,18.0,0.2682926829268293,10000.414634146342,10000.414634146342,1.4146341463419958,-1.0,5.199593099473572,-0.008581348123239036,538134.3917247007,-11.414634146341996,6.585365853658004,-9.0,9.0,1,1,,9.585365853658004,,12.0,0,1,,,,,0,0,q4,mid2,mid_low
-2,111800,ASH_COATED_OSMIUM,9989.0,25.0,,,,,10008.0,10.0,10010.0,25.0,,,9998.5,0.0,prices_round_1_day_-2.csv,False,19.0,0.42857142857142855,10002.57142857143,10002.57142857143,2.156794425087355,0.5,5.203087344989507,-0.006644518272424552,537652.62833431,-13.571428571429351,5.428571428570649,-9.5,9.5,1,1,,7.428571428570649,,11.5,0,1,,,,,0,0,q4,mid2,mid_low
-2,111900,ASH_COATED_OSMIUM,9992.0,15.0,9990.0,25.0,,,10008.0,15.0,,,,,10000.0,0.0,prices_round_1_day_-2.csv,False,16.0,0.0,10000.0,10000.0,-2.571428571429351,1.5,5.1947967264822505,-0.008936550491510277,537171.7284630259,-8.0,8.0,-8.0,8.0,1,1,-10.0,,-10.0,,1,0,,,,,0,0,q4,mid1,low
-2,112000,ASH_COATED_OSMIUM,9993.0,13.0,9991.0,27.0,,,10012.0,27.0,,,,,10002.5,0.0,prices_round_1_day_-2.csv,False,19.0,-0.35,9999.175,9999.175,-0.8250000000007276,2.5,4.8656150052671885,-0.009665178571429222,536691.6828302304,-6.174999999999272,12.825000000000728,-9.5,9.5,1,1,-8.174999999999272,,-11.5,,1,0,,,,,0,0,q4,mid2,low
-2,112100,ASH_COATED_OSMIUM,,,,,,,10012.0,25.0,,,,,10012.0,0.0,prices_round_1_day_-2.csv,True,,-1.0,,10012.0,12.825000000000728,9.5,5.134377377320696,0.001784121320249777,536212.6407756341,,0.0,,0.0,0,1,,,,,0,0,,,,,0,0,q4,mid1,mid_low
-2,112200,ASH_COATED_OSMIUM,9993.0,13.0,9991.0,29.0,,,10009.0,13.0,10012.0,29.0,,,10001.0,0.0,prices_round_1_day_-2.csv,False,16.0,0.0,10001.0,10001.0,-11.0,-11.0,5.363005785260971,-0.008021390374331552,535734.4144514594,-8.0,8.0,-8.0,8.0,1,1,-10.0,11.0,-10.0,11.0,1,1,,,,,0,0,q4,mid1,mid_low
-2,112300,ASH_COATED_OSMIUM,9994.0,11.0,9991.0,21.0,,,10012.0,21.0,,,,,10003.0,0.0,prices_round_1_day_-2.csv,False,18.0,-0.3125,10000.1875,10000.1875,-0.8125,2.0,5.339247358448,-0.008737756010685663,535256.9333749515,-6.1875,11.8125,-9.0,9.0,1,1,-9.1875,,-12.0,,1,0,,,,,0,0,q4,mid2,low
-2,112400,ASH_COATED_OSMIUM,9994.0,11.0,9991.0,27.0,,,10010.0,11.0,10012.0,27.0,,,10002.0,0.0,prices_round_1_day_-2.csv,False,16.0,0.0,10002.0,10002.0,1.8125,-1.0,5.341790886790674,-0.0071174377224199285,534780.3050406515,-8.0,8.0,-8.0,8.0,1,1,-11.0,10.0,-11.0,10.0,1,1,,,,,0,0,q4,mid1,mid_low
-2,112500,ASH_COATED_OSMIUM,9994.0,11.0,9992.0,26.0,,,10000.0,5.0,10010.0,11.0,,,9997.0,0.0,prices_round_1_day_-2.csv,False,6.0,0.375,9998.125,9998.125,-3.875,-5.0,5.367515342281611,-0.010555555555555556,534304.5351493495,-4.125,1.875,-3.0,3.0,1,1,-6.125,11.875,-5.0,13.0,1,1,,,,,0,0,q4,tight,low
-2,112600,ASH_COATED_OSMIUM,9994.0,12.0,9992.0,29.0,,,10010.0,12.0,10013.0,29.0,,,10002.0,0.0,prices_round_1_day_-2.csv,False,16.0,0.0,10002.0,10002.0,3.875,5.0,5.395305525633798,-0.007104795737122558,533829.6111928913,-8.0,8.0,-8.0,8.0,1,1,-10.0,11.0,-10.0,11.0,1,1,,,,,0,0,q4,mid1,mid_low
-2,112700,ASH_COATED_OSMIUM,9995.0,14.0,9993.0,21.0,,,10011.0,14.0,,,,,10003.0,0.0,prices_round_1_day_-2.csv,False,16.0,0.0,10003.0,10003.0,1.0,1.0,5.392765833419314,-0.006211180124223602,533355.5182996118,-8.0,8.0,-8.0,8.0,1,1,-10.0,,-10.0,,1,0,,,,,0,0,q4,mid1,mid_low
-2,112800,ASH_COATED_OSMIUM,9995.0,13.0,9993.0,20.0,,,10011.0,13.0,10014.0,20.0,,,10003.0,0.0,prices_round_1_day_-2.csv,False,16.0,0.0,10003.0,10003.0,0.0,0.0,5.273659047729891,-0.0062056737588652485,532882.2658433019,-8.0,8.0,-8.0,8.0,1,1,-10.0,11.0,-10.0,11.0,1,1,,,,,0,0,q4,mid1,mid_low
-2,112900,ASH_COATED_OSMIUM,10000.0,2.0,9992.0,23.0,,,10011.0,14.0,10013.0,23.0,,,10005.5,0.0,prices_round_1_day_-2.csv,False,11.0,-0.75,10001.375,10001.375,-1.625,2.5,5.183313730741674,-0.007639503985828166,532409.854808134,-1.375,9.625,-5.5,5.5,1,1,-9.375,11.625,-13.5,7.5,1,1,,,,,0,0,q4,tight,mid_low
-2,113000,ASH_COATED_OSMIUM,9993.0,23.0,,,,,,,,,,,9993.0,0.0,prices_round_1_day_-2.csv,True,,1.0,,9993.0,-8.375,-12.5,5.318179751959529,-0.01504424778761062,531938.3402784222,0.0,,0.0,,1,0,,,,,0,0,,,,,0,0,q4,mid1,low
-2,113100,ASH_COATED_OSMIUM,9995.0,10.0,9993.0,24.0,,,10011.0,10.0,,,,,10003.0,0.0,prices_round_1_day_-2.csv,False,16.0,0.0,10003.0,10003.0,10.0,10.0,5.491047923914318,-0.00618921308576481,531467.6870679349,-8.0,8.0,-8.0,8.0,1,1,-10.0,,-10.0,,1,0,,,,,0,0,q4,mid1,mid_low
-2,113200,ASH_COATED_OSMIUM,9995.0,12.0,9992.0,28.0,,,10011.0,12.0,10013.0,28.0,,,10003.0,0.0,prices_round_1_day_-2.csv,False,16.0,0.0,10003.0,10003.0,0.0,0.0,5.487383330991397,-0.006183745583038869,530997.7775303313,-8.0,8.0,-8.0,8.0,1,1,-11.0,10.0,-11.0,10.0,1,1,,,,,0,0,q4,mid1,mid_low
-2,113300,ASH_COATED_OSMIUM,9995.0,10.0,9992.0,20.0,,,10013.0,20.0,,,,,10004.0,0.0,prices_round_1_day_-2.csv,False,18.0,-0.3333333333333333,10001.0,10001.0,-2.0,1.0,5.492562812986373,-0.00794351279788173,530528.7017302114,-6.0,12.0,-9.0,9.0,1,1,-9.0,,-12.0,,1,0,,,,,0,0,q4,mid2,mid_low
-2,113400,ASH_COATED_OSMIUM,9994.0,14.0,9992.0,20.0,,,10004.0,5.0,10010.0,14.0,10013.0,20.0,9999.0,0.0,prices_round_1_day_-2.csv,False,10.0,0.47368421052631576,10001.368421052632,10001.368421052632,0.3684210526316747,-5.0,5.485522849833115,-0.0076116216467092815,530060.4505738082,-7.368421052631675,2.6315789473683253,-5.0,5.0,1,1,-9.368421052631675,8.631578947368325,-7.0,11.0,1,1,,11.631578947368325,,14.0,0,1,q4,tight,mid_low
-2,113500,ASH_COATED_OSMIUM,9994.0,15.0,9992.0,20.0,,,10010.0,15.0,10013.0,20.0,,,10002.0,0.0,prices_round_1_day_-2.csv,False,16.0,0.0,10002.0,10002.0,0.6315789473683253,3.0,5.478489834583717,-0.007048458149779736,529593.0254923538,-8.0,8.0,-8.0,8.0,1,1,-10.0,11.0,-10.0,11.0,1,1,,,,,0,0,q4,mid1,mid_low
-2,113600,ASH_COATED_OSMIUM,9994.0,12.0,9992.0,28.0,,,10010.0,12.0,10013.0,28.0,,,10002.0,0.0,prices_round_1_day_-2.csv,False,16.0,0.0,10002.0,10002.0,0.0,0.0,5.478489834583717,-0.007042253521126761,529126.4237078228,-8.0,8.0,-8.0,8.0,1,1,-10.0,11.0,-10.0,11.0,1,1,,,,,0,0,q4,mid1,mid_low
-2,113700,ASH_COATED_OSMIUM,9994.0,13.0,9992.0,24.0,,,10010.0,13.0,10013.0,24.0,,,10002.0,0.0,prices_round_1_day_-2.csv,False,16.0,0.0,10002.0,10002.0,0.0,0.0,5.475493937784862,-0.007036059806508356,528660.6434053067,-8.0,8.0,-8.0,8.0,1,1,-10.0,11.0,-10.0,11.0,1,1,,,,,0,0,q4,mid1,mid_low
-2,113800,ASH_COATED_OSMIUM,9994.0,15.0,,,,,10010.0,15.0,,,,,10002.0,0.0,prices_round_1_day_-2.csv,False,16.0,0.0,10002.0,10002.0,0.0,0.0,5.466087507900276,-0.007029876977152899,528195.6824173068,-8.0,8.0,-8.0,8.0,1,1,,,,,0,0,,,,,0,0,q4,mid1,mid_low
-2,113900,ASH_COATED_OSMIUM,9994.0,13.0,9992.0,27.0,,,,,,,,,9994.0,0.0,prices_round_1_day_-2.csv,True,,1.0,,9994.0,-8.0,-8.0,5.581997077872383,-0.014047410008779631,527731.5946748316,0.0,,0.0,,1,0,-2.0,,-2.0,,1,0,,,,,0,0,q4,mid1,low
-2,114000,ASH_COATED_OSMIUM,10000.0,4.0,9995.0,15.0,9992.0,26.0,10013.0,26.0,,,,,10006.5,0.0,prices_round_1_day_-2.csv,False,13.0,-0.7333333333333333,10001.733333333334,10001.733333333334,7.733333333333576,12.5,5.598253446550842,-0.00725146198830388,527268.318445317,-1.7333333333335759,11.266666666666424,-6.5,6.5,1,1,-6.733333333333576,,-11.5,,1,0,-9.733333333333576,,-14.5,,1,0,q4,tight,mid_low
-2,114100,ASH_COATED_OSMIUM,9995.0,13.0,9992.0,26.0,,,10011.0,13.0,10013.0,26.0,,,10003.0,0.0,prices_round_1_day_-2.csv,False,16.0,0.0,10003.0,10003.0,1.2666666666664241,-3.5,5.45616952353072,-0.006134969325153374,526805.8037988255,-8.0,8.0,-8.0,8.0,1,1,-11.0,10.0,-11.0,10.0,1,1,,,,,0,0,q4,mid1,mid_low
-2,114200,ASH_COATED_OSMIUM,9995.0,10.0,9992.0,27.0,,,10011.0,10.0,,,,,10003.0,0.0,prices_round_1_day_-2.csv,False,16.0,0.0,10003.0,10003.0,0.0,0.0,5.45616952353072,-0.006129597197898424,526344.0984493415,-8.0,8.0,-8.0,8.0,1,1,-11.0,,-11.0,,1,0,,,,,0,0,q4,mid1,mid_low
-2,114300,ASH_COATED_OSMIUM,9995.0,15.0,9992.0,22.0,,,10011.0,15.0,,,,,10003.0,0.0,prices_round_1_day_-2.csv,False,16.0,0.0,10003.0,10003.0,0.0,0.0,5.45616952353072,-0.006124234470691163,525883.2016906622,-8.0,8.0,-8.0,8.0,1,1,-11.0,,-11.0,,1,0,,,,,0,0,q4,mid1,mid_low
-2,114400,ASH_COATED_OSMIUM,9994.0,15.0,9992.0,23.0,,,10010.0,15.0,10013.0,23.0,,,10002.0,0.0,prices_round_1_day_-2.csv,False,16.0,0.0,10002.0,10002.0,-1.0,-1.0,5.458301125407785,-0.006993006993006993,525423.1122639211,-8.0,8.0,-8.0,8.0,1,1,-10.0,11.0,-10.0,11.0,1,1,,,,,0,0,q4,mid1,mid_low
-2,114500,ASH_COATED_OSMIUM,9995.0,12.0,9992.0,27.0,,,10011.0,12.0,10013.0,27.0,,,10003.0,0.0,prices_round_1_day_-2.csv,False,16.0,0.0,10003.0,10003.0,1.0,1.0,5.459908625246037,-0.00611353711790393,524963.8272122474,-8.0,8.0,-8.0,8.0,1,1,-11.0,10.0,-11.0,10.0,1,1,,,,,0,0,q4,mid1,mid_low
-2,114600,ASH_COATED_OSMIUM,9994.0,13.0,,,,,10011.0,13.0,10013.0,21.0,,,10002.5,0.0,prices_round_1_day_-2.csv,False,17.0,0.0,10002.5,10002.5,-0.5,-0.5,5.4569840961219365,-0.006544502617801047,524505.343733207,-8.5,8.5,-8.5,8.5,1,1,,10.5,,10.5,0,1,,,,,0,0,q4,mid2,mid_low
-2,114700,ASH_COATED_OSMIUM,9994.0,14.0,,,,,10010.0,14.0,10013.0,26.0,,,10002.0,0.0,prices_round_1_day_-2.csv,False,16.0,0.0,10002.0,10002.0,-0.5,-0.5,5.368988634647747,-0.006974716652136007,524047.66039948346,-8.0,8.0,-8.0,8.0,1,1,,11.0,,11.0,0,1,,,,,0,0,q4,mid1,mid_low
-2,114800,ASH_COATED_OSMIUM,9994.0,10.0,9991.0,29.0,,,10010.0,10.0,10012.0,29.0,,,10002.0,0.0,prices_round_1_day_-2.csv,False,16.0,0.0,10002.0,10002.0,0.0,0.0,4.634863247855715,-0.006968641114982578,523590.7749065882,-8.0,8.0,-8.0,8.0,1,1,-11.0,10.0,-11.0,10.0,1,1,,,,,0,0,q4,mid1,mid_low
-2,114900,ASH_COATED_OSMIUM,9993.0,10.0,9991.0,25.0,,,10009.0,10.0,10012.0,25.0,,,10001.0,0.0,prices_round_1_day_-2.csv,False,16.0,0.0,10001.0,10001.0,-1.0,-1.0,4.41443806715788,-0.007832898172323759,523134.6862396427,-8.0,8.0,-8.0,8.0,1,1,-10.0,11.0,-10.0,11.0,1,1,,,,,0,0,q4,mid1,mid_low
-2,115000,ASH_COATED_OSMIUM,9993.0,15.0,,,,,10012.0,22.0,,,,,10002.5,0.0,prices_round_1_day_-2.csv,False,19.0,-0.1891891891891892,10000.702702702703,10000.702702702703,-0.29729729729660903,1.5,4.414665769240459,-0.008084606345475313,522679.3906760892,-7.702702702703391,11.297297297296609,-9.5,9.5,1,1,,,,,0,0,,,,,0,0,q4,mid2,mid_low
-2,115100,ASH_COATED_OSMIUM,,,,,,,10010.0,13.0,,,,,10010.0,0.0,prices_round_1_day_-2.csv,True,,-1.0,,10010.0,9.297297297296609,7.5,4.604720363570045,0.0,522224.9620884596,,0.0,,0.0,0,1,,,,,0,0,,,,,0,0,q4,mid1,mid_low
-2,115200,ASH_COATED_OSMIUM,9993.0,15.0,9991.0,20.0,,,,,,,,,9993.0,0.0,prices_round_1_day_-2.csv,True,,1.0,,9993.0,-17.0,-17.0,5.207812090459274,-0.014756944444444444,521771.4988278544,0.0,,0.0,,1,0,-2.0,,-2.0,,1,0,,,,,0,0,q4,mid1,low
-2,115300,ASH_COATED_OSMIUM,9993.0,14.0,9991.0,26.0,,,10009.0,14.0,10012.0,26.0,,,10001.0,0.0,prices_round_1_day_-2.csv,False,16.0,0.0,10001.0,10001.0,8.0,8.0,5.333574885126118,-0.007805724197745013,521318.62789190706,-8.0,8.0,-8.0,8.0,1,1,-10.0,11.0,-10.0,11.0,1,1,,,,,0,0,q4,mid1,mid_low
-2,115400,ASH_COATED_OSMIUM,9993.0,14.0,9990.0,26.0,,,10011.0,26.0,,,,,10002.0,0.0,prices_round_1_day_-2.csv,False,18.0,-0.3,9999.3,9999.3,-1.7000000000007276,1.0,5.332605147324561,-0.0092720970537268,520866.48932568694,-6.299999999999272,11.700000000000728,-9.0,9.0,1,1,-9.299999999999272,,-12.0,,1,0,,,,,0,0,q4,mid2,low
-2,115500,ASH_COATED_OSMIUM,9999.0,2.0,9991.0,28.0,,,10009.0,10.0,10012.0,28.0,,,10004.0,0.0,prices_round_1_day_-2.csv,False,10.0,-0.6666666666666666,10000.666666666666,10000.666666666666,1.366666666666788,2.0,5.260652274345758,-0.008080808080808606,520415.1335217377,-1.6666666666660603,8.33333333333394,-5.0,5.0,1,1,-9.66666666666606,11.33333333333394,-13.0,8.0,1,1,,,,,0,0,q4,tight,mid_low
-2,115600,ASH_COATED_OSMIUM,9990.0,27.0,,,,,10009.0,15.0,10011.0,27.0,,,9999.5,0.0,prices_round_1_day_-2.csv,False,19.0,0.2857142857142857,10002.214285714286,10002.214285714286,1.5476190476201737,-4.5,5.1076427384660255,-0.006735046959960005,519964.55974215915,-12.214285714286234,6.785714285713766,-9.5,9.5,1,1,,8.785714285713766,,11.5,0,1,,,,,0,0,q4,mid2,mid_low
-2,115700,ASH_COATED_OSMIUM,9993.0,10.0,,,,,10009.0,10.0,10011.0,24.0,,,10001.0,0.0,prices_round_1_day_-2.csv,False,16.0,0.0,10001.0,10001.0,-1.214285714286234,1.5,5.109722509676902,-0.007778738115816767,519514.76467051223,-8.0,8.0,-8.0,8.0,1,1,,10.0,,10.0,0,1,,,,,0,0,q4,mid1,mid_low
-2,115800,ASH_COATED_OSMIUM,9990.0,30.0,,,,,10008.0,13.0,10011.0,30.0,,,9999.0,0.0,prices_round_1_day_-2.csv,False,18.0,0.3953488372093023,10002.558139534884,10002.558139534884,1.558139534883594,-2.0,4.960653750937288,-0.0064264770855927515,519065.74797674565,-12.558139534883594,5.441860465116406,-9.0,9.0,1,1,,8.441860465116406,,12.0,0,1,,,,,0,0,q4,mid2,mid_low
-2,115900,ASH_COATED_OSMIUM,9993.0,10.0,9990.0,22.0,,,10009.0,10.0,10011.0,22.0,,,10001.0,0.0,prices_round_1_day_-2.csv,False,16.0,0.0,10001.0,10001.0,-1.558139534883594,2.0,4.7558741283177834,-0.007765314926660914,518617.50674855843,-8.0,8.0,-8.0,8.0,1,1,-11.0,10.0,-11.0,10.0,1,1,,,,,0,0,q4,mid1,mid_low
-2,116000,ASH_COATED_OSMIUM,9992.0,12.0,9989.0,26.0,,,10008.0,12.0,,,,,10000.0,0.0,prices_round_1_day_-2.csv,False,16.0,0.0,10000.0,10000.0,-1.0,-1.0,4.750077545007672,-0.008620689655172414,518170.0377899151,-8.0,8.0,-8.0,8.0,1,1,-11.0,,-11.0,,1,0,,,,,0,0,q4,mid1,low
-2,116100,ASH_COATED_OSMIUM,9990.0,30.0,,,,,10009.0,11.0,10011.0,30.0,,,9999.5,0.0,prices_round_1_day_-2.csv,False,19.0,0.4634146341463415,10003.90243902439,10003.90243902439,3.9024390243903326,-0.5,4.77029266325344,-0.005251990504401092,517723.3526566591,-13.902439024390333,5.097560975609667,-9.5,9.5,1,1,,7.097560975609667,,11.5,0,1,,,,,0,0,q4,mid2,mid_low
-2,116200,ASH_COATED_OSMIUM,9992.0,15.0,9990.0,22.0,,,10008.0,15.0,10011.0,22.0,,,10000.0,0.0,prices_round_1_day_-2.csv,False,16.0,0.0,10000.0,10000.0,-3.9024390243903326,0.5,4.794625709723677,-0.008605851979345954,517277.43691362673,-8.0,8.0,-8.0,8.0,1,1,-10.0,11.0,-10.0,11.0,1,1,,,,,0,0,q4,mid1,low
-2,116300,ASH_COATED_OSMIUM,9992.0,13.0,9990.0,23.0,,,10008.0,13.0,,,,,10000.0,0.0,prices_round_1_day_-2.csv,False,16.0,0.0,10000.0,10000.0,0.0,0.0,4.794625709723677,-0.008598452278589854,516832.27560825704,-8.0,8.0,-8.0,8.0,1,1,-10.0,,-10.0,,1,0,,,,,0,0,q4,mid1,low
-2,116400,ASH_COATED_OSMIUM,9992.0,12.0,9990.0,22.0,,,,,,,,,9992.0,0.0,prices_round_1_day_-2.csv,True,,1.0,,9992.0,-8.0,-8.0,4.926963193346199,-0.015463917525773196,516387.9347071614,0.0,,0.0,,1,0,-2.0,,-2.0,,1,0,,,,,0,0,q4,mid1,low
-2,116500,ASH_COATED_OSMIUM,,,,,,,10011.0,28.0,,,,,10011.0,0.0,prices_round_1_day_-2.csv,True,,-1.0,,10011.0,19.0,19.0,5.619728895881904,0.0008583690987124463,515944.61283670174,,0.0,,0.0,0,1,,,,,0,0,,,,,0,0,q4,mid1,mid_low
-2,116600,ASH_COATED_OSMIUM,9990.0,20.0,,,,,10008.0,12.0,10011.0,20.0,,,9999.0,0.0,prices_round_1_day_-2.csv,False,18.0,0.25,10001.25,10001.25,-9.75,-12.0,5.794188146784813,-0.007504288164665523,515501.8234674821,-11.25,6.75,-9.0,9.0,1,1,,9.75,,12.0,0,1,,,,,0,0,q4,mid2,mid_low
-2,116700,ASH_COATED_OSMIUM,9992.0,11.0,9990.0,29.0,,,10008.0,11.0,,,,,10000.0,0.0,prices_round_1_day_-2.csv,False,16.0,0.0,10000.0,10000.0,-1.25,1.0,5.793587798802518,-0.00856898029134533,515059.7134494763,-8.0,8.0,-8.0,8.0,1,1,-10.0,,-10.0,,1,0,,,,,0,0,q4,mid1,low
-2,116800,ASH_COATED_OSMIUM,9992.0,15.0,,,,,10008.0,15.0,10011.0,25.0,,,10000.0,0.0,prices_round_1_day_-2.csv,False,16.0,0.0,10000.0,10000.0,0.0,0.0,5.785161791748618,-0.008561643835616438,514618.3597961977,-8.0,8.0,-8.0,8.0,1,1,,11.0,,11.0,0,1,,,,,0,0,q4,mid1,low
-2,116900,ASH_COATED_OSMIUM,9993.0,15.0,9990.0,30.0,,,10009.0,15.0,,,,,10001.0,0.0,prices_round_1_day_-2.csv,False,16.0,0.0,10001.0,10001.0,1.0,1.0,5.775452541467969,-0.007698887938408896,514177.76275555574,-8.0,8.0,-8.0,8.0,1,1,-11.0,,-11.0,,1,0,,,,,0,0,q4,mid1,mid_low
-2,117000,ASH_COATED_OSMIUM,9993.0,14.0,9991.0,22.0,,,10009.0,14.0,10012.0,22.0,,,10001.0,0.0,prices_round_1_day_-2.csv,False,16.0,0.0,10001.0,10001.0,0.0,0.0,5.7741675137734045,-0.007692307692307693,513737.91864717565,-8.0,8.0,-8.0,8.0,1,1,-10.0,11.0,-10.0,11.0,1,1,,,,,0,0,q4,mid1,mid_low
-2,117100,ASH_COATED_OSMIUM,9993.0,14.0,9990.0,25.0,,,10009.0,14.0,10011.0,25.0,,,10001.0,0.0,prices_round_1_day_-2.csv,False,16.0,0.0,10001.0,10001.0,0.0,0.0,5.471401530852003,-0.007685738684884714,513298.8264090662,-8.0,8.0,-8.0,8.0,1,1,-11.0,10.0,-11.0,10.0,1,1,,,,,0,0,q4,mid1,mid_low
-2,117200,ASH_COATED_OSMIUM,9993.0,15.0,9990.0,24.0,,,10009.0,15.0,10011.0,24.0,,,10001.0,0.0,prices_round_1_day_-2.csv,False,16.0,0.0,10001.0,10001.0,0.0,0.0,5.245591931499212,-0.007679180887372013,512860.4841150013,-8.0,8.0,-8.0,8.0,1,1,-11.0,10.0,-11.0,10.0,1,1,,,,,0,0,q4,mid1,mid_low
-2,117300,ASH_COATED_OSMIUM,,,,,,,10012.0,27.0,,,,,10012.0,0.0,prices_round_1_day_-2.csv,True,,-1.0,,10012.0,11.0,11.0,5.469478655720403,0.0017050298380221654,512422.9931436596,,0.0,,0.0,0,1,,,,,0,0,,,,,0,0,q4,mid1,mid_low
-2,117400,ASH_COATED_OSMIUM,9993.0,15.0,9991.0,26.0,,,,,,,,,9993.0,0.0,prices_round_1_day_-2.csv,True,,1.0,,9993.0,-19.0,-19.0,6.102408671956079,-0.014480408858603067,511986.4524480922,0.0,,0.0,,1,0,-2.0,,-2.0,,1,0,,,,,0,0,q4,mid1,low
-2,117500,ASH_COATED_OSMIUM,9993.0,13.0,9991.0,26.0,,,10009.0,13.0,,,,,10001.0,0.0,prices_round_1_day_-2.csv,False,16.0,0.0,10001.0,10001.0,8.0,8.0,6.18617492656114,-0.007659574468085106,511550.4028099174,-8.0,8.0,-8.0,8.0,1,1,-10.0,,-10.0,,1,0,,,,,0,0,q4,mid1,mid_low
-2,117600,ASH_COATED_OSMIUM,9999.0,3.0,9994.0,14.0,9991.0,23.0,10010.0,14.0,,,,,10004.5,0.0,prices_round_1_day_-2.csv,False,11.0,-0.6470588235294118,10000.941176470587,10000.941176470587,-0.0588235294126207,3.5,6.161599276296064,-0.007703081232493725,511115.04076719884,-1.9411764705873793,9.05882352941262,-5.5,5.5,1,1,-6.941176470587379,,-10.5,,1,0,-9.94117647058738,,-13.5,,1,0,q4,tight,mid_low
-2,117700,ASH_COATED_OSMIUM,9991.0,27.0,,,,,10010.0,13.0,10012.0,27.0,,,10000.5,0.0,prices_round_1_day_-2.csv,False,19.0,0.35,10003.825,10003.825,2.8838235294133483,-4.0,6.173718530561103,-0.00524638912489318,510680.42623748403,-12.825000000000728,6.174999999999272,-9.5,9.5,1,1,,8.174999999999272,,11.5,0,1,,,,,0,0,q4,mid2,mid_low
-2,117800,ASH_COATED_OSMIUM,9994.0,14.0,9991.0,24.0,,,,,,,,,9994.0,0.0,prices_round_1_day_-2.csv,True,,1.0,,9994.0,-9.825000000000728,-6.5,6.328667302942108,-0.013582342954159592,510246.6249795966,0.0,,0.0,,1,0,-3.0,,-3.0,,1,0,,,,,0,0,q4,mid1,low
-2,117900,ASH_COATED_OSMIUM,10004.0,4.0,9994.0,12.0,9992.0,20.0,10013.0,20.0,,,,,10008.5,0.0,prices_round_1_day_-2.csv,False,9.0,-0.6666666666666666,10005.5,10005.5,11.5,14.5,6.536301338560776,-0.003816793893129771,509813.5908753201,-1.5,7.5,-4.5,4.5,1,1,-11.5,,-14.5,,1,0,-13.5,,-16.5,,1,0,q4,tight,mid_low
-2,118000,ASH_COATED_OSMIUM,9993.0,11.0,9991.0,28.0,,,10009.0,11.0,10012.0,28.0,,,10001.0,0.0,prices_round_1_day_-2.csv,False,16.0,0.0,10001.0,10001.0,-4.5,-7.5,6.456460475534939,-0.007627118644067797,509381.1961405077,-8.0,8.0,-8.0,8.0,1,1,-10.0,11.0,-10.0,11.0,1,1,,,,,0,0,q4,mid1,mid_low
-2,118100,ASH_COATED_OSMIUM,9993.0,13.0,9990.0,28.0,,,10009.0,13.0,,,,,10001.0,0.0,prices_round_1_day_-2.csv,False,16.0,0.0,10001.0,10001.0,0.0,0.0,6.298377199051563,-0.007620660457239628,508949.5171607769,-8.0,8.0,-8.0,8.0,1,1,-11.0,,-11.0,,1,0,,,,,0,0,q4,mid1,mid_low
-2,118200,ASH_COATED_OSMIUM,9993.0,13.0,9990.0,29.0,,,10009.0,13.0,10011.0,29.0,,,10001.0,0.0,prices_round_1_day_-2.csv,False,16.0,0.0,10001.0,10001.0,0.0,0.0,6.298377199051563,-0.007614213197969543,508518.56922080845,-8.0,8.0,-8.0,8.0,1,1,-11.0,10.0,-11.0,10.0,1,1,,,,,0,0,q4,mid1,mid_low
-2,118300,ASH_COATED_OSMIUM,9993.0,10.0,9990.0,25.0,,,10009.0,10.0,10011.0,25.0,,,10001.0,0.0,prices_round_1_day_-2.csv,False,16.0,0.0,10001.0,10001.0,0.0,0.0,6.292023151700303,-0.0076077768385460695,508088.3504651715,-8.0,8.0,-8.0,8.0,1,1,-11.0,10.0,-11.0,10.0,1,1,,,,,0,0,q4,mid1,mid_low
-2,118400,ASH_COATED_OSMIUM,9993.0,11.0,,,,,10009.0,11.0,,,,,10001.0,0.0,prices_round_1_day_-2.csv,False,16.0,0.0,10001.0,10001.0,0.0,0.0,6.291798618580228,-0.007601351351351352,507658.85904470884,-8.0,8.0,-8.0,8.0,1,1,,,,,0,0,,,,,0,0,q4,mid1,mid_low
-2,118500,ASH_COATED_OSMIUM,9992.0,13.0,9990.0,29.0,,,10011.0,29.0,,,,,10001.5,0.0,prices_round_1_day_-2.csv,False,19.0,-0.38095238095238093,9997.880952380952,9997.880952380952,-3.1190476190477057,0.5,6.306366580088574,-0.010227044404259667,507230.1012861645,-5.880952380952294,13.119047619047706,-9.5,9.5,1,1,-7.880952380952294,,-11.5,,1,0,,,,,0,0,q4,mid2,low
-2,118600,ASH_COATED_OSMIUM,9992.0,11.0,9990.0,30.0,,,10008.0,11.0,10011.0,30.0,,,10000.0,0.0,prices_round_1_day_-2.csv,False,16.0,0.0,10000.0,10000.0,2.1190476190477057,-1.5,6.314047194198928,-0.008431703204047217,506802.06282937265,-8.0,8.0,-8.0,8.0,1,1,-10.0,11.0,-10.0,11.0,1,1,,,,,0,0,q4,mid1,low
-2,118700,ASH_COATED_OSMIUM,9993.0,12.0,9990.0,28.0,,,10009.0,12.0,,,,,10001.0,0.0,prices_round_1_day_-2.csv,False,16.0,0.0,10001.0,10001.0,1.0,1.0,6.315760019477669,-0.007582139848357203,506374.74322840164,-8.0,8.0,-8.0,8.0,1,1,-11.0,,-11.0,,1,0,,,,,0,0,q4,mid1,mid_low
-2,118800,ASH_COATED_OSMIUM,9990.0,28.0,,,,,10009.0,11.0,10011.0,28.0,,,9999.5,0.0,prices_round_1_day_-2.csv,False,19.0,0.4358974358974359,10003.641025641025,10003.641025641025,2.641025641025408,-1.5,6.326964587514492,-0.005352672019338882,505948.1486757393,-13.641025641025408,5.358974358974592,-9.5,9.5,1,1,,7.358974358974592,,11.5,0,1,,,,,0,0,q4,mid2,mid_low
-2,118900,ASH_COATED_OSMIUM,9993.0,11.0,,,,,10009.0,11.0,,,,,10001.0,0.0,prices_round_1_day_-2.csv,False,16.0,0.0,10001.0,10001.0,-2.641025641025408,1.5,6.2328007257050215,-0.007569386038687973,505522.2722382424,-8.0,8.0,-8.0,8.0,1,1,,,,,0,0,,,,,0,0,q4,mid1,mid_low
-2,119000,ASH_COATED_OSMIUM,9994.0,11.0,9991.0,30.0,,,10010.0,11.0,10012.0,30.0,,,10002.0,0.0,prices_round_1_day_-2.csv,False,16.0,0.0,10002.0,10002.0,1.0,1.0,6.137400521267764,-0.0067226890756302525,505097.1071769343,-8.0,8.0,-8.0,8.0,1,1,-11.0,10.0,-11.0,10.0,1,1,,,,,0,0,q4,mid1,mid_low
-2,119100,ASH_COATED_OSMIUM,9994.0,13.0,9991.0,22.0,,,10010.0,13.0,10012.0,22.0,,,10002.0,0.0,prices_round_1_day_-2.csv,False,16.0,0.0,10002.0,10002.0,0.0,0.0,6.134701480590844,-0.006717044500419815,504672.6558264034,-8.0,8.0,-8.0,8.0,1,1,-11.0,10.0,-11.0,10.0,1,1,,,,,0,0,q4,mid1,mid_low
-2,119200,ASH_COATED_OSMIUM,9994.0,12.0,,,,,10012.0,26.0,,,,,10003.0,0.0,prices_round_1_day_-2.csv,False,18.0,-0.3684210526315789,9999.684210526315,9999.684210526315,-2.315789473685072,1.0,6.143283277963456,-0.008654185800071369,504248.9217134866,-5.684210526314928,12.315789473685072,-9.0,9.0,1,1,,,,,0,0,,,,,0,0,q4,mid2,low
-2,119300,ASH_COATED_OSMIUM,9994.0,10.0,9991.0,27.0,,,10012.0,27.0,,,,,10003.0,0.0,prices_round_1_day_-2.csv,False,18.0,-0.4594594594594595,9998.864864864865,9998.864864864865,-0.8193456614499155,0.0,6.144195488575694,-0.00933372601436294,503825.8946454969,-4.864864864865012,13.135135135134988,-9.0,9.0,1,1,-7.864864864865012,,-12.0,,1,0,,,,,0,0,q4,mid2,low
-2,119400,ASH_COATED_OSMIUM,9993.0,13.0,,,,,10009.0,13.0,10012.0,24.0,,,10001.0,0.0,prices_round_1_day_-2.csv,False,16.0,0.0,10001.0,10001.0,2.1351351351349876,-2.0,6.1506372007493795,-0.007537688442211055,503403.5800606265,-8.0,8.0,-8.0,8.0,1,1,,11.0,,11.0,0,1,,,,,0,0,q4,mid1,mid_low
-2,119500,ASH_COATED_OSMIUM,9993.0,10.0,9991.0,26.0,,,10003.0,5.0,10009.0,10.0,,,9998.0,0.0,prices_round_1_day_-2.csv,False,10.0,0.3333333333333333,9999.666666666666,9999.666666666666,-1.3333333333339397,-3.0,6.151591989638799,-0.008647140864714594,502981.9704929569,-6.66666666666606,3.3333333333339397,-5.0,5.0,1,1,-8.66666666666606,9.33333333333394,-7.0,11.0,1,1,,,,,0,0,q4,tight,low
-2,119600,ASH_COATED_OSMIUM,9994.0,14.0,9991.0,20.0,,,10010.0,14.0,10012.0,20.0,,,10002.0,0.0,prices_round_1_day_-2.csv,False,16.0,0.0,10002.0,10002.0,2.3333333333339397,4.0,6.160562164596591,-0.006688963210702341,502561.06966433226,-8.0,8.0,-8.0,8.0,1,1,-11.0,10.0,-11.0,10.0,1,1,,,,,0,0,q4,mid1,mid_low
-2,119700,ASH_COATED_OSMIUM,9991.0,28.0,,,,,10009.0,11.0,10012.0,28.0,,,10000.0,0.0,prices_round_1_day_-2.csv,False,18.0,0.4358974358974359,10003.923076923076,10003.923076923076,1.9230769230762235,-2.0,6.166156880983519,-0.005076794550479345,502140.8712121759,-12.923076923076223,5.0769230769237765,-9.0,9.0,1,1,,8.076923076923777,,12.0,0,1,,,,,0,0,q4,mid2,mid_low
-2,119800,ASH_COATED_OSMIUM,9994.0,14.0,9991.0,29.0,,,10010.0,14.0,,,,,10002.0,0.0,prices_round_1_day_-2.csv,False,16.0,0.0,10002.0,10002.0,-1.9230769230762235,2.0,6.172396142261503,-0.00667779632721202,501721.37480820064,-8.0,8.0,-8.0,8.0,1,1,-11.0,,-11.0,,1,0,,,,,0,0,q4,mid1,mid_low
-2,119900,ASH_COATED_OSMIUM,9994.0,15.0,9991.0,27.0,,,10003.0,5.0,10010.0,15.0,10012.0,27.0,9998.5,0.0,prices_round_1_day_-2.csv,False,9.0,0.5,10000.75,10000.75,-1.25,-3.5,6.173323919788863,-0.007714762301918266,501302.5769532362,-6.75,2.25,-4.5,4.5,1,1,-9.75,9.25,-7.5,11.5,1,1,,11.25,,13.5,0,1,q4,tight,mid_low
-2,120000,ASH_COATED_OSMIUM,9994.0,12.0,9992.0,22.0,,,10010.0,12.0,10013.0,22.0,,,10002.0,0.0,prices_round_1_day_-2.csv,False,16.0,0.0,10002.0,10002.0,1.25,3.5,6.175706499160184,-0.006666666666666667,500884.47770684335,-8.0,8.0,-8.0,8.0,1,1,-10.0,11.0,-10.0,11.0,1,1,,,,,0,0,q4,mid1,mid_low
-2,120100,ASH_COATED_OSMIUM,9994.0,11.0,,,,,,,,,,,9994.0,0.0,prices_round_1_day_-2.csv,True,,1.0,,9994.0,-8.0,-8.0,6.130056613241807,-0.013322231473771857,500467.127175569,0.0,,0.0,,1,0,,,,,0,0,,,,,0,0,q4,mid1,low
-2,120200,ASH_COATED_OSMIUM,9995.0,11.0,9992.0,21.0,,,10011.0,11.0,10013.0,21.0,,,10003.0,0.0,prices_round_1_day_-2.csv,False,16.0,0.0,10003.0,10003.0,9.0,9.0,5.778959213539552,-0.005823627287853577,500050.48608082696,-8.0,8.0,-8.0,8.0,1,1,-11.0,10.0,-11.0,10.0,1,1,,,,,0,0,q4,mid1,mid_low
-2,120300,ASH_COATED_OSMIUM,9994.0,12.0,9992.0,28.0,,,10010.0,12.0,10013.0,28.0,,,10002.0,0.0,prices_round_1_day_-2.csv,False,16.0,0.0,10002.0,10002.0,-1.0,-1.0,5.670190778916059,-0.006650041562759767,499634.4715229935,-8.0,8.0,-8.0,8.0,1,1,-10.0,11.0,-10.0,11.0,1,1,,,,,0,0,q4,mid1,mid_low
-2,120400,ASH_COATED_OSMIUM,9994.0,11.0,,,,,10010.0,11.0,,,,,10002.0,0.0,prices_round_1_day_-2.csv,False,16.0,0.0,10002.0,10002.0,0.0,0.0,5.664760942045934,-0.006644518272425249,499219.1477728034,-8.0,8.0,-8.0,8.0,1,1,,,,,0,0,,,,,0,0,q4,mid1,mid_low
-2,120500,ASH_COATED_OSMIUM,9994.0,15.0,9992.0,29.0,,,10010.0,15.0,,,,,10002.0,0.0,prices_round_1_day_-2.csv,False,16.0,0.0,10002.0,10002.0,0.0,0.0,5.661594166250196,-0.006639004149377593,498804.51392917486,-8.0,8.0,-8.0,8.0,1,1,-10.0,,-10.0,,1,0,,,,,0,0,q4,mid1,mid_low
-2,120600,ASH_COATED_OSMIUM,9995.0,11.0,9992.0,27.0,,,10011.0,11.0,,,,,10003.0,0.0,prices_round_1_day_-2.csv,False,16.0,0.0,10003.0,10003.0,1.0,1.0,5.659120975519759,-0.005804311774461028,498390.56911469577,-8.0,8.0,-8.0,8.0,1,1,-11.0,,-11.0,,1,0,,,,,0,0,q4,mid1,mid_low
-2,120700,ASH_COATED_OSMIUM,9994.0,13.0,,,,,10010.0,13.0,,,,,10002.0,0.0,prices_round_1_day_-2.csv,False,16.0,0.0,10002.0,10002.0,-1.0,-1.0,5.658251546672515,-0.006628003314001657,497977.31075523596,-8.0,8.0,-8.0,8.0,1,1,,,,,0,0,,,,,0,0,q4,mid1,mid_low
-2,120800,ASH_COATED_OSMIUM,9995.0,13.0,9992.0,28.0,,,10011.0,13.0,10013.0,28.0,,,10003.0,0.0,prices_round_1_day_-2.csv,False,16.0,0.0,10003.0,10003.0,1.0,1.0,5.65570510965606,-0.005794701986754967,497564.73718581244,-8.0,8.0,-8.0,8.0,1,1,-11.0,10.0,-11.0,10.0,1,1,,,,,0,0,q4,mid1,mid_low
-2,120900,ASH_COATED_OSMIUM,9994.0,14.0,9992.0,29.0,,,10010.0,14.0,10013.0,29.0,,,10002.0,0.0,prices_round_1_day_-2.csv,False,16.0,0.0,10002.0,10002.0,-1.0,-1.0,5.653099420934157,-0.006617038875103391,497152.8466646541,-8.0,8.0,-8.0,8.0,1,1,-10.0,11.0,-10.0,11.0,1,1,,,,,0,0,q4,mid1,mid_low
-2,121000,ASH_COATED_OSMIUM,9995.0,10.0,,,,,10011.0,10.0,10013.0,25.0,,,10003.0,0.0,prices_round_1_day_-2.csv,False,16.0,0.0,10003.0,10003.0,1.0,1.0,5.652810606843612,-0.005785123966942148,496741.63753791776,-8.0,8.0,-8.0,8.0,1,1,,10.0,,10.0,0,1,,,,,0,0,q4,mid1,mid_low
-2,121100,ASH_COATED_OSMIUM,9994.0,12.0,9991.0,26.0,,,10010.0,12.0,10012.0,26.0,,,10002.0,0.0,prices_round_1_day_-2.csv,False,16.0,0.0,10002.0,10002.0,-1.0,-1.0,5.627261820563525,-0.006606110652353427,496331.10807519796,-8.0,8.0,-8.0,8.0,1,1,-11.0,10.0,-11.0,10.0,1,1,,,,,0,0,q4,mid1,mid_low
-2,121200,ASH_COATED_OSMIUM,9994.0,10.0,9992.0,23.0,,,10010.0,10.0,10013.0,23.0,,,10002.0,0.0,prices_round_1_day_-2.csv,False,16.0,0.0,10002.0,10002.0,0.0,0.0,5.599564595695885,-0.006600660066006601,495921.2557977153,-8.0,8.0,-8.0,8.0,1,1,-10.0,11.0,-10.0,11.0,1,1,,,,,0,0,q4,mid1,mid_low
-2,121300,ASH_COATED_OSMIUM,9994.0,14.0,9991.0,22.0,,,10012.0,22.0,,,,,10003.0,0.0,prices_round_1_day_-2.csv,False,18.0,-0.2222222222222222,10001.0,10001.0,-1.0,1.0,5.601495899706795,-0.00741962077493817,495512.08065764175,-7.0,11.0,-9.0,9.0,1,1,-10.0,,-12.0,,1,0,,,,,0,0,q4,mid2,mid_low
-2,121400,ASH_COATED_OSMIUM,9994.0,11.0,9991.0,25.0,,,10010.0,11.0,,,,,10002.0,0.0,prices_round_1_day_-2.csv,False,16.0,0.0,10002.0,10002.0,1.0,-1.0,5.481845844736282,-0.006589785831960461,495103.58019053604,-8.0,8.0,-8.0,8.0,1,1,-11.0,,-11.0,,1,0,,,,,0,0,q4,mid1,mid_low
-2,121500,ASH_COATED_OSMIUM,9994.0,10.0,9991.0,23.0,,,10010.0,10.0,10012.0,23.0,,,10002.0,0.0,prices_round_1_day_-2.csv,False,16.0,0.0,10002.0,10002.0,0.0,0.0,4.763511522891255,-0.006584362139917695,494695.7518708102,-8.0,8.0,-8.0,8.0,1,1,-11.0,10.0,-11.0,10.0,1,1,,,,,0,0,q4,mid1,mid_low
-2,121600,ASH_COATED_OSMIUM,9994.0,12.0,9991.0,29.0,,,10012.0,29.0,,,,,10003.0,0.0,prices_round_1_day_-2.csv,False,18.0,-0.4146341463414634,9999.268292682927,9999.268292682927,-2.7317073170725052,1.0,4.575449662290385,-0.00882541720153989,494288.60098053626,-5.268292682927495,12.731707317072505,-9.0,9.0,1,1,-8.268292682927495,,-12.0,,1,0,,,,,0,0,q4,mid2,low
-2,121700,ASH_COATED_OSMIUM,9994.0,14.0,,,,,10010.0,14.0,10012.0,27.0,,,10002.0,0.0,prices_round_1_day_-2.csv,False,16.0,0.0,10002.0,10002.0,2.7317073170725052,-1.0,4.588585014077613,-0.00657354149548069,493882.1198155426,-8.0,8.0,-8.0,8.0,1,1,,10.0,,10.0,0,1,,,,,0,0,q4,mid1,mid_low
-2,121800,ASH_COATED_OSMIUM,9994.0,13.0,9991.0,22.0,,,10012.0,22.0,,,,,10003.0,0.0,prices_round_1_day_-2.csv,False,18.0,-0.2571428571428571,10000.685714285713,10000.685714285713,-1.3142857142865978,1.0,4.592581533602638,-0.0076471968097591115,493476.3018935143,-6.685714285713402,11.314285714286598,-9.0,9.0,1,1,-9.685714285713402,,-12.0,,1,0,,,,,0,0,q4,mid2,mid_low
-2,121900,ASH_COATED_OSMIUM,9994.0,14.0,9991.0,24.0,,,10010.0,14.0,10012.0,24.0,,,10002.0,0.0,prices_round_1_day_-2.csv,False,16.0,0.0,10002.0,10002.0,1.3142857142865978,-1.0,4.594173779324534,-0.006562756357670222,493071.15036985214,-8.0,8.0,-8.0,8.0,1,1,-11.0,10.0,-11.0,10.0,1,1,,,,,0,0,q4,mid1,mid_low
-2,122000,ASH_COATED_OSMIUM,9994.0,12.0,9991.0,20.0,,,10010.0,12.0,10012.0,20.0,,,10002.0,0.0,prices_round_1_day_-2.csv,False,16.0,0.0,10002.0,10002.0,0.0,0.0,4.594173779324534,-0.006557377049180328,492666.6621415283,-8.0,8.0,-8.0,8.0,1,1,-11.0,10.0,-11.0,10.0,1,1,,,,,0,0,q4,mid1,mid_low
-2,122100,ASH_COATED_OSMIUM,9994.0,10.0,9991.0,20.0,,,10012.0,20.0,,,,,10003.0,0.0,prices_round_1_day_-2.csv,False,18.0,-0.3333333333333333,10000.0,10000.0,-2.0,1.0,4.603049572587102,-0.00819000819000819,492262.84026318183,-6.0,12.0,-9.0,9.0,1,1,-9.0,,-12.0,,1,0,,,,,0,0,q4,mid2,low
-2,122200,ASH_COATED_OSMIUM,9993.0,15.0,,,,,10009.0,15.0,,,,,10001.0,0.0,prices_round_1_day_-2.csv,False,16.0,0.0,10001.0,10001.0,1.0,-2.0,4.605310162651904,-0.007364975450081833,491859.6774256324,-8.0,8.0,-8.0,8.0,1,1,,,,,0,0,,,,,0,0,q4,mid1,mid_low
-2,122300,ASH_COATED_OSMIUM,9993.0,12.0,9991.0,30.0,,,10009.0,12.0,10012.0,30.0,,,10001.0,0.0,prices_round_1_day_-2.csv,False,16.0,0.0,10001.0,10001.0,0.0,0.0,4.323205544965545,-0.007358953393295176,491457.17359799624,-8.0,8.0,-8.0,8.0,1,1,-10.0,11.0,-10.0,11.0,1,1,,,,,0,0,q4,mid1,mid_low
-2,122400,ASH_COATED_OSMIUM,9993.0,13.0,9991.0,20.0,,,10012.0,20.0,,,,,10002.5,0.0,prices_round_1_day_-2.csv,False,19.0,-0.21212121212121213,10000.484848484848,10000.484848484848,-0.5151515151519561,1.5,3.369673044648673,-0.00777381659734637,491055.32820473757,-7.484848484848044,11.515151515151956,-9.5,9.5,1,1,-9.484848484848044,,-11.5,,1,0,,,,,0,0,q3,mid2,mid_low
-2,122500,ASH_COATED_OSMIUM,9994.0,14.0,,,,,10012.0,21.0,,,,,10003.0,0.0,prices_round_1_day_-2.csv,False,18.0,-0.2,10001.2,10001.2,0.7151515151526837,0.5,3.1751947579354236,-0.007183673469387161,490654.1396377356,-7.200000000000728,10.799999999999272,-9.0,9.0,1,1,,,,,0,0,,,,,0,0,q2,mid2,mid_low
-2,122600,ASH_COATED_OSMIUM,9994.0,15.0,9991.0,27.0,,,10010.0,15.0,,,,,10002.0,0.0,prices_round_1_day_-2.csv,False,16.0,0.0,10002.0,10002.0,0.7999999999992724,-1.0,3.17717029612145,-0.0065252854812398045,490253.60617763473,-8.0,8.0,-8.0,8.0,1,1,-11.0,,-11.0,,1,0,,,,,0,0,q2,mid1,mid_low
-2,122700,ASH_COATED_OSMIUM,9994.0,12.0,9991.0,25.0,,,10010.0,12.0,10012.0,25.0,,,10002.0,0.0,prices_round_1_day_-2.csv,False,16.0,0.0,10002.0,10002.0,0.0,0.0,3.150204123395354,-0.006519967400162999,489853.7255853549,-8.0,8.0,-8.0,8.0,1,1,-11.0,10.0,-11.0,10.0,1,1,,,,,0,0,q2,mid1,mid_low
-2,122800,ASH_COATED_OSMIUM,9994.0,15.0,,,,,10012.0,26.0,,,,,10003.0,0.0,prices_round_1_day_-2.csv,False,18.0,-0.2682926829268293,10000.585365853658,10000.585365853658,-1.4146341463419958,1.0,2.8245835934149226,-0.007666640184317586,489454.49840979296,-6.585365853658004,11.414634146341996,-9.0,9.0,1,1,,,,,0,0,,,,,0,0,q2,mid2,mid_low
-2,122900,ASH_COATED_OSMIUM,9991.0,27.0,,,,,10009.0,14.0,10012.0,27.0,,,10000.0,0.0,prices_round_1_day_-2.csv,False,18.0,0.3170731707317073,10002.853658536585,10002.853658536585,2.2682926829274948,-3.0,2.323604612798841,-0.005814761158189179,489055.92404282733,-11.853658536585499,6.146341463414501,-9.0,9.0,1,1,,9.146341463414501,,12.0,0,1,,,,,0,0,q1,mid2,mid_low
-2,123000,ASH_COATED_OSMIUM,9991.0,22.0,,,,,10009.0,13.0,10012.0,22.0,,,10000.0,0.0,prices_round_1_day_-2.csv,False,18.0,0.2571428571428571,10002.314285714287,10002.314285714287,-0.5393728222989012,0.0,2.2347178062266737,-0.006248548199766993,488657.9943116719,-11.314285714286598,6.685714285713402,-9.0,9.0,1,1,,9.685714285713402,,12.0,0,1,,,,,0,0,q1,mid2,mid_low
-2,123100,ASH_COATED_OSMIUM,9993.0,14.0,,,,,10009.0,14.0,10012.0,30.0,,,10001.0,0.0,prices_round_1_day_-2.csv,False,16.0,0.0,10001.0,10001.0,-1.3142857142865978,1.0,2.2427484681470213,-0.007311129163281885,488260.7127793627,-8.0,8.0,-8.0,8.0,1,1,,11.0,,11.0,0,1,,,,,0,0,q1,mid1,mid_low
-2,123200,ASH_COATED_OSMIUM,9991.0,29.0,,,,,10012.0,29.0,,,,,10001.5,0.0,prices_round_1_day_-2.csv,False,21.0,0.0,10001.5,10001.5,0.5,0.5,2.2438628949594515,-0.006899350649350649,487864.07552865293,-10.5,10.5,-10.5,10.5,1,1,,,,,0,0,,,,,0,0,q1,mid2,mid_low
-2,123300,ASH_COATED_OSMIUM,9991.0,28.0,,,,,10003.0,2.0,10009.0,12.0,10012.0,28.0,9997.0,0.0,prices_round_1_day_-2.csv,False,12.0,0.8666666666666667,10002.2,10002.2,0.7000000000007276,-4.5,2.2459819627704305,-0.00632603406325975,487468.08236613084,-11.200000000000728,0.7999999999992724,-6.0,6.0,1,1,,6.799999999999272,,12.0,0,1,,9.799999999999272,,15.0,0,1,q1,tight,mid_low
-2,123400,ASH_COATED_OSMIUM,9990.0,25.0,,,,,10008.0,10.0,10011.0,25.0,,,9999.0,0.0,prices_round_1_day_-2.csv,False,18.0,0.42857142857142855,10002.857142857143,10002.857142857143,0.6571428571423894,2.0,2.2477606589682884,-0.005788376939106064,487072.73148005473,-12.857142857143117,5.142857142856883,-9.0,9.0,1,1,,8.142857142856883,,12.0,0,1,,,,,0,0,q1,mid2,mid_low
-2,123500,ASH_COATED_OSMIUM,9990.0,26.0,,,,,10008.0,14.0,,,,,9999.0,0.0,prices_round_1_day_-2.csv,False,18.0,0.3,10001.7,10001.7,-1.1571428571423894,0.0,2.208318085911955,-0.006720647773278763,486678.0220741095,-11.700000000000728,6.299999999999272,-9.0,9.0,1,1,,,,,0,0,,,,,0,0,q1,mid2,mid_low
-2,123600,ASH_COATED_OSMIUM,9992.0,10.0,9989.0,28.0,,,10008.0,10.0,10010.0,28.0,,,10000.0,0.0,prices_round_1_day_-2.csv,False,16.0,0.0,10000.0,10000.0,-1.7000000000007276,1.0,2.202262794297795,-0.008090614886731391,486283.953120912,-8.0,8.0,-8.0,8.0,1,1,-11.0,10.0,-11.0,10.0,1,1,,,,,0,0,q1,mid1,low
-2,123700,ASH_COATED_OSMIUM,9992.0,13.0,9990.0,30.0,,,10008.0,13.0,10011.0,30.0,,,10000.0,0.0,prices_round_1_day_-2.csv,False,16.0,0.0,10000.0,10000.0,0.0,0.0,2.1975315899021157,-0.008084074373484237,485890.5195019351,-8.0,8.0,-8.0,8.0,1,1,-10.0,11.0,-10.0,11.0,1,1,,,,,0,0,q1,mid1,low
-2,123800,ASH_COATED_OSMIUM,9992.0,11.0,,,,,10008.0,11.0,10011.0,22.0,,,10000.0,0.0,prices_round_1_day_-2.csv,False,16.0,0.0,10000.0,10000.0,0.0,0.0,2.1637455787636486,-0.008077544426494346,485497.72199228546,-8.0,8.0,-8.0,8.0,1,1,,11.0,,11.0,0,1,,,,,0,0,q1,mid1,low
-2,123900,ASH_COATED_OSMIUM,9992.0,15.0,9990.0,26.0,,,10008.0,15.0,10011.0,26.0,,,10000.0,0.0,prices_round_1_day_-2.csv,False,16.0,0.0,10000.0,10000.0,0.0,0.0,2.131771690445991,-0.008071025020177562,485105.5590505027,-8.0,8.0,-8.0,8.0,1,1,-10.0,11.0,-10.0,11.0,1,1,,,,,0,0,q1,mid1,low
-2,124000,ASH_COATED_OSMIUM,9989.0,27.0,,,,,10008.0,14.0,10010.0,27.0,,,9998.5,0.0,prices_round_1_day_-2.csv,False,19.0,0.3170731707317073,10001.512195121952,10001.512195121952,1.5121951219516632,-1.5,2.137994728444821,-0.006845003933909949,484714.0310039286,-12.512195121951663,6.487804878048337,-9.5,9.5,1,1,,8.487804878048337,,11.5,0,1,,,,,0,0,q1,mid2,mid_low
-2,124100,ASH_COATED_OSMIUM,9989.0,22.0,,,,,10007.0,12.0,10010.0,22.0,,,9998.0,0.0,prices_round_1_day_-2.csv,False,18.0,0.29411764705882354,10000.64705882353,10000.64705882353,-0.8651362984219304,-0.5,2.141412190799461,-0.007536616580556219,484323.13318543386,-11.647058823529733,6.352941176470267,-9.0,9.0,1,1,,9.352941176470267,,12.0,0,1,,,,,0,0,q1,mid2,mid_low
-2,124200,ASH_COATED_OSMIUM,9992.0,10.0,9989.0,24.0,,,10008.0,10.0,10010.0,24.0,,,10000.0,0.0,prices_round_1_day_-2.csv,False,16.0,0.0,10000.0,10000.0,-0.6470588235297328,2.0,2.1178882490883812,-0.008051529790660225,483932.8650754209,-8.0,8.0,-8.0,8.0,1,1,-11.0,10.0,-11.0,10.0,1,1,,,,,0,0,q1,mid1,low
-2,124300,ASH_COATED_OSMIUM,9989.0,29.0,,,,,10007.0,12.0,,,,,9998.0,0.0,prices_round_1_day_-2.csv,False,18.0,0.4146341463414634,10001.731707317073,10001.731707317073,1.7317073170725052,-2.0,2.1282942427944573,-0.006651884700665724,483543.22752248246,-12.731707317072505,5.268292682927495,-9.0,9.0,1,1,,,,,0,0,,,,,0,0,q1,mid2,mid_low
-2,124400,ASH_COATED_OSMIUM,9991.0,10.0,9988.0,21.0,,,10007.0,10.0,10009.0,21.0,,,9999.0,0.0,prices_round_1_day_-2.csv,False,16.0,0.0,9999.0,9999.0,-2.7317073170725052,1.0,2.1425713206783015,-0.008842443729903537,483154.22043675056,-8.0,8.0,-8.0,8.0,1,1,-11.0,10.0,-11.0,10.0,1,1,,,,,0,0,q1,mid1,low
-2,124500,ASH_COATED_OSMIUM,9990.0,10.0,9988.0,26.0,,,10009.0,26.0,,,,,9999.5,0.0,prices_round_1_day_-2.csv,False,19.0,-0.4444444444444444,9995.277777777777,9995.277777777777,-3.7222222222226264,0.5,2.1979206078664317,-0.011825078090138656,482765.84387539764,-5.277777777777374,13.722222222222626,-9.5,9.5,1,1,-7.277777777777374,,-11.5,,1,0,,,,,0,0,q1,mid2,low
-2,124600,ASH_COATED_OSMIUM,9988.0,21.0,,,,,10007.0,15.0,10009.0,21.0,,,9997.5,0.0,prices_round_1_day_-2.csv,False,19.0,0.16666666666666666,9999.083333333334,9999.083333333334,3.805555555556566,-2.0,2.240466476539573,-0.00876136971642541,482378.0918407183,-11.08333333333394,7.91666666666606,-9.5,9.5,1,1,,9.91666666666606,,11.5,0,1,,,,,0,0,q1,mid2,low
-2,124700,ASH_COATED_OSMIUM,9988.0,26.0,,,,,10007.0,14.0,10009.0,26.0,,,9997.5,0.0,prices_round_1_day_-2.csv,False,19.0,0.3,10000.35,10000.35,1.2666666666664241,0.0,2.2305203588898577,-0.007738572574177736,481990.9518195076,-12.350000000000364,6.649999999999636,-9.5,9.5,1,1,,8.649999999999636,,11.5,0,1,,,,,0,0,q1,mid2,mid_low
-2,124800,ASH_COATED_OSMIUM,9991.0,10.0,9988.0,24.0,,,10007.0,10.0,,,,,9999.0,0.0,prices_round_1_day_-2.csv,False,16.0,0.0,9999.0,9999.0,-1.3500000000003638,1.5,2.2222687672533747,-0.008814102564102564,481604.4328527093,-8.0,8.0,-8.0,8.0,1,1,-11.0,,-11.0,,1,0,,,,,0,0,q1,mid1,low
-2,124900,ASH_COATED_OSMIUM,9991.0,11.0,9989.0,30.0,,,10007.0,11.0,10010.0,30.0,,,9999.0,0.0,prices_round_1_day_-2.csv,False,16.0,0.0,9999.0,9999.0,0.0,0.0,2.215629524129778,-0.008807045636509208,481218.53186490876,-8.0,8.0,-8.0,8.0,1,1,-10.0,11.0,-10.0,11.0,1,1,,,,,0,0,q1,mid1,low
-2,125000,ASH_COATED_OSMIUM,,,,,,,10007.0,15.0,10009.0,26.0,,,10007.0,0.0,prices_round_1_day_-2.csv,True,,-1.0,,10007.0,8.0,8.0,2.4848128300619425,-0.0024,480833.3001257675,,0.0,,0.0,0,1,,2.0,,2.0,0,1,,,,,0,0,q1,mid1,mid_low
-2,125100,ASH_COATED_OSMIUM,9991.0,10.0,9989.0,30.0,,,10007.0,10.0,,,,,9999.0,0.0,prices_round_1_day_-2.csv,False,16.0,0.0,9999.0,9999.0,-8.0,-8.0,2.4848128300619425,-0.008792965627498001,480448.68461404875,-8.0,8.0,-8.0,8.0,1,1,-10.0,,-10.0,,1,0,,,,,0,0,q1,mid1,low
-2,125200,ASH_COATED_OSMIUM,9991.0,10.0,9988.0,25.0,,,10007.0,10.0,10009.0,25.0,,,9999.0,0.0,prices_round_1_day_-2.csv,False,16.0,0.0,9999.0,9999.0,0.0,0.0,2.127182889489854,-0.00878594249201278,480064.6329077843,-8.0,8.0,-8.0,8.0,1,1,-11.0,10.0,-11.0,10.0,1,1,,,,,0,0,q1,mid1,low
-2,125300,ASH_COATED_OSMIUM,9991.0,11.0,,,,,10007.0,11.0,10009.0,27.0,,,9999.0,0.0,prices_round_1_day_-2.csv,False,16.0,0.0,9999.0,9999.0,0.0,0.0,2.123053467280144,-0.008778930566640064,479681.19470264803,-8.0,8.0,-8.0,8.0,1,1,,10.0,,10.0,0,1,,,,,0,0,q1,mid1,low
-2,125400,ASH_COATED_OSMIUM,9990.0,11.0,,,,,10006.0,11.0,10009.0,30.0,,,9998.0,0.0,prices_round_1_day_-2.csv,False,16.0,0.0,9998.0,9998.0,-1.0,-1.0,2.127182889489854,-0.009569377990430622,479298.36931320914,-8.0,8.0,-8.0,8.0,1,1,,11.0,,11.0,0,1,,,,,0,0,q1,mid1,low
-2,125500,ASH_COATED_OSMIUM,9990.0,10.0,9987.0,26.0,,,10006.0,10.0,10008.0,26.0,,,9998.0,0.0,prices_round_1_day_-2.csv,False,16.0,0.0,9998.0,9998.0,0.0,0.0,2.127182889489854,-0.009561752988047808,478916.15370776923,-8.0,8.0,-8.0,8.0,1,1,-11.0,10.0,-11.0,10.0,1,1,,,,,0,0,q1,mid1,low
-2,125600,ASH_COATED_OSMIUM,9990.0,10.0,,,,,10006.0,10.0,,,,,9998.0,0.0,prices_round_1_day_-2.csv,False,16.0,0.0,9998.0,9998.0,0.0,0.0,2.121514886274745,-0.009554140127388535,478534.5472108637,-8.0,8.0,-8.0,8.0,1,1,,,,,0,0,,,,,0,0,q1,mid1,low
-2,125700,ASH_COATED_OSMIUM,9990.0,10.0,9987.0,25.0,,,10006.0,10.0,10008.0,25.0,,,9998.0,0.0,prices_round_1_day_-2.csv,False,16.0,0.0,9998.0,9998.0,0.0,0.0,2.117567169845574,-0.00954653937947494,478153.54836761556,-8.0,8.0,-8.0,8.0,1,1,-11.0,10.0,-11.0,10.0,1,1,,,,,0,0,q1,mid1,low
-2,125800,ASH_COATED_OSMIUM,9990.0,11.0,9987.0,20.0,,,10008.0,20.0,,,,,9999.0,0.0,prices_round_1_day_-2.csv,False,18.0,-0.2903225806451613,9996.387096774193,9996.387096774193,-1.6129032258068037,1.0,2.122605696778941,-0.010821067747064232,477773.1577712285,-6.387096774193196,11.612903225806804,-9.0,9.0,1,1,-9.387096774193196,,-12.0,,1,0,,,,,0,0,q1,mid2,low
-2,125900,ASH_COATED_OSMIUM,9989.0,10.0,9986.0,21.0,,,10007.0,21.0,,,,,9998.0,0.0,prices_round_1_day_-2.csv,False,18.0,-0.3548387096774194,9994.806451612903,9994.806451612903,-1.5806451612897945,-1.0,2.129028706372543,-0.012067949473468306,477393.3718448526,-5.806451612903402,12.193548387096598,-9.0,9.0,1,1,-8.806451612903402,,-12.0,,1,0,,,,,0,0,q1,mid2,low
-2,126000,ASH_COATED_OSMIUM,9989.0,13.0,9986.0,28.0,,,10005.0,13.0,10007.0,28.0,,,9997.0,0.0,prices_round_1_day_-2.csv,False,16.0,0.0,9997.0,9997.0,2.193548387096598,-1.0,2.1487157801520294,-0.010317460317460317,477014.191137178,-8.0,8.0,-8.0,8.0,1,1,-11.0,10.0,-11.0,10.0,1,1,,,,,0,0,q1,mid1,low
-2,126100,ASH_COATED_OSMIUM,9989.0,15.0,9987.0,25.0,,,10005.0,15.0,10008.0,25.0,,,9997.0,0.0,prices_round_1_day_-2.csv,False,16.0,0.0,9997.0,9997.0,0.0,0.0,2.145008423416422,-0.010309278350515464,476635.60844588367,-8.0,8.0,-8.0,8.0,1,1,-10.0,11.0,-10.0,11.0,1,1,,,,,0,0,q1,mid1,low
-2,126200,ASH_COATED_OSMIUM,,,,,,,10008.0,28.0,,,,,10008.0,0.0,prices_round_1_day_-2.csv,True,,-1.0,,10008.0,11.0,11.0,2.658187182218564,-0.001584786053882726,476257.72226222395,,0.0,,0.0,0,1,,,,,0,0,,,,,0,0,q1,mid1,mid_low
-2,126300,ASH_COATED_OSMIUM,9990.0,14.0,,,,,10006.0,14.0,10008.0,26.0,,,9998.0,0.0,prices_round_1_day_-2.csv,False,16.0,0.0,9998.0,9998.0,-10.0,-10.0,3.016187604765269,-0.009501187648456057,475880.4181155465,-8.0,8.0,-8.0,8.0,1,1,,10.0,,10.0,0,1,,,,,0,0,q2,mid1,low
-2,126400,ASH_COATED_OSMIUM,9990.0,13.0,9987.0,29.0,,,10006.0,13.0,10008.0,29.0,,,9998.0,0.0,prices_round_1_day_-2.csv,False,16.0,0.0,9998.0,9998.0,0.0,0.0,3.0123283952811652,-0.00949367088607595,475503.63235305616,-8.0,8.0,-8.0,8.0,1,1,-11.0,10.0,-11.0,10.0,1,1,,,,,0,0,q2,mid1,low
-2,126500,ASH_COATED_OSMIUM,9990.0,13.0,9987.0,26.0,,,10006.0,13.0,10008.0,26.0,,,9998.0,0.0,prices_round_1_day_-2.csv,False,16.0,0.0,9998.0,9998.0,0.0,0.0,3.0123283952811652,-0.009486166007905139,475127.4427705696,-8.0,8.0,-8.0,8.0,1,1,-11.0,10.0,-11.0,10.0,1,1,,,,,0,0,q2,mid1,low
-2,126600,ASH_COATED_OSMIUM,9989.0,14.0,9987.0,26.0,,,10005.0,14.0,,,,,9997.0,0.0,prices_round_1_day_-2.csv,False,16.0,0.0,9997.0,9997.0,-1.0,-1.0,2.9910985893514344,-0.010268562401263823,474751.8487291246,-8.0,8.0,-8.0,8.0,1,1,-10.0,,-10.0,,1,0,,,,,0,0,q2,mid1,low
-2,126700,ASH_COATED_OSMIUM,9990.0,15.0,,,,,10006.0,15.0,10008.0,25.0,,,9998.0,0.0,prices_round_1_day_-2.csv,False,16.0,0.0,9998.0,9998.0,1.0,1.0,2.9682247355559657,-0.009471191791633781,474376.8480743915,-8.0,8.0,-8.0,8.0,1,1,,10.0,,10.0,0,1,,,,,0,0,q2,mid1,low
-2,126800,ASH_COATED_OSMIUM,9990.0,13.0,9987.0,23.0,,,10006.0,13.0,10008.0,23.0,,,9998.0,0.0,prices_round_1_day_-2.csv,False,16.0,0.0,9998.0,9998.0,0.0,0.0,2.9628858580860884,-0.00946372239747634,474002.4385653269,-8.0,8.0,-8.0,8.0,1,1,-11.0,10.0,-11.0,10.0,1,1,,,,,0,0,q2,mid1,low
-2,126900,ASH_COATED_OSMIUM,9990.0,11.0,9987.0,24.0,,,10006.0,11.0,10008.0,24.0,,,9998.0,0.0,prices_round_1_day_-2.csv,False,16.0,0.0,9998.0,9998.0,0.0,0.0,2.9563244280832026,-0.009456264775413711,473628.61960753845,-8.0,8.0,-8.0,8.0,1,1,-11.0,10.0,-11.0,10.0,1,1,,,,,0,0,q2,mid1,low
-2,127000,ASH_COATED_OSMIUM,9987.0,28.0,,,,,10006.0,14.0,10008.0,28.0,,,9996.5,0.0,prices_round_1_day_-2.csv,False,19.0,0.3333333333333333,9999.666666666666,9999.666666666666,1.6666666666660603,-1.5,2.966622971748809,-0.008136482939633023,473255.39201696985,-12.66666666666606,6.33333333333394,-9.5,9.5,1,1,,8.33333333333394,,11.5,0,1,,,,,0,0,q2,mid2,low
-2,127100,ASH_COATED_OSMIUM,9989.0,11.0,9987.0,20.0,,,10005.0,11.0,10008.0,20.0,,,9997.0,0.0,prices_round_1_day_-2.csv,False,16.0,0.0,9997.0,9997.0,-2.6666666666660603,0.5,2.977061079795677,-0.010228166797797011,472882.75553681626,-8.0,8.0,-8.0,8.0,1,1,-10.0,11.0,-10.0,11.0,1,1,,,,,0,0,q2,mid1,low
-2,127200,ASH_COATED_OSMIUM,9990.0,12.0,,,,,10006.0,12.0,10008.0,22.0,,,9998.0,0.0,prices_round_1_day_-2.csv,False,16.0,0.0,9998.0,9998.0,1.0,1.0,2.977061079795677,-0.009433962264150943,472510.7006699569,-8.0,8.0,-8.0,8.0,1,1,,10.0,,10.0,0,1,,,,,0,0,q2,mid1,low
-2,127300,ASH_COATED_OSMIUM,9990.0,10.0,9987.0,23.0,,,10008.0,23.0,,,,,9999.0,0.0,prices_round_1_day_-2.csv,False,18.0,-0.3939393939393939,9995.454545454546,9995.454545454546,-2.5454545454540494,1.0,2.997706737401091,-0.011426122973648114,472139.23504549015,-5.454545454545951,12.54545454545405,-9.0,9.0,1,1,-8.45454545454595,,-12.0,,1,0,,,,,0,0,q2,mid2,low
-2,127400,ASH_COATED_OSMIUM,9990.0,11.0,9987.0,23.0,,,10006.0,11.0,10008.0,23.0,,,9998.0,0.0,prices_round_1_day_-2.csv,False,16.0,0.0,9998.0,9998.0,2.5454545454540494,-1.0,3.020445798058337,-0.009419152276295133,471768.3531110531,-8.0,8.0,-8.0,8.0,1,1,-11.0,10.0,-11.0,10.0,1,1,,,,,0,0,q2,mid1,low
-2,127500,ASH_COATED_OSMIUM,9990.0,11.0,9987.0,24.0,,,10006.0,11.0,10008.0,24.0,,,9998.0,0.0,prices_round_1_day_-2.csv,False,16.0,0.0,9998.0,9998.0,0.0,0.0,3.018442617363967,-0.009411764705882352,471398.04828136525,-8.0,8.0,-8.0,8.0,1,1,-11.0,10.0,-11.0,10.0,1,1,,,,,0,0,q2,mid1,low
-2,127600,ASH_COATED_OSMIUM,9989.0,14.0,9987.0,21.0,,,10005.0,14.0,10008.0,21.0,,,9997.0,0.0,prices_round_1_day_-2.csv,False,16.0,0.0,9997.0,9997.0,-1.0,-1.0,3.0186616708897094,-0.01018808777429467,471028.32509094535,-8.0,8.0,-8.0,8.0,1,1,-10.0,11.0,-10.0,11.0,1,1,,,,,0,0,q2,mid1,low
-2,127700,ASH_COATED_OSMIUM,9989.0,11.0,,,,,10005.0,11.0,10007.0,24.0,,,9997.0,0.0,prices_round_1_day_-2.csv,False,16.0,0.0,9997.0,9997.0,0.0,0.0,3.0186616708897094,-0.010180109631949883,470659.18063562625,-8.0,8.0,-8.0,8.0,1,1,,10.0,,10.0,0,1,,,,,0,0,q2,mid1,low
-2,127800,ASH_COATED_OSMIUM,9989.0,10.0,9986.0,22.0,,,10005.0,10.0,10007.0,22.0,,,9997.0,0.0,prices_round_1_day_-2.csv,False,16.0,0.0,9997.0,9997.0,0.0,0.0,3.0127122133655844,-0.010172143974960876,470290.61432354164,-8.0,8.0,-8.0,8.0,1,1,-11.0,10.0,-11.0,10.0,1,1,,,,,0,0,q2,mid1,low
-2,127900,ASH_COATED_OSMIUM,9989.0,15.0,,,,,10005.0,15.0,10007.0,27.0,,,9997.0,0.0,prices_round_1_day_-2.csv,False,16.0,0.0,9997.0,9997.0,0.0,0.0,2.993775679206321,-0.010164190774042221,469922.62479754776,-8.0,8.0,-8.0,8.0,1,1,,10.0,,10.0,0,1,,,,,0,0,q2,mid1,low
-2,128000,ASH_COATED_OSMIUM,9988.0,13.0,9986.0,25.0,,,10004.0,13.0,10007.0,25.0,,,9996.0,0.0,prices_round_1_day_-2.csv,False,16.0,0.0,9996.0,9996.0,-1.0,-1.0,2.9958097515109174,-0.0109375,469555.2114701138,-8.0,8.0,-8.0,8.0,1,1,-10.0,11.0,-10.0,11.0,1,1,,,,,0,0,q2,mid1,low
-2,128100,ASH_COATED_OSMIUM,9989.0,15.0,9987.0,25.0,,,10008.0,25.0,,,,,9998.5,0.0,prices_round_1_day_-2.csv,False,19.0,-0.25,9996.125,9996.125,0.125,2.5,2.991072761408666,-0.010831381733021077,469188.37147557817,-7.125,11.875,-9.5,9.5,1,1,-9.125,,-11.5,,1,0,,,,,0,0,q2,mid2,low
-2,128200,ASH_COATED_OSMIUM,9989.0,13.0,9986.0,22.0,,,10005.0,13.0,,,,,9997.0,0.0,prices_round_1_day_-2.csv,False,16.0,0.0,9997.0,9997.0,0.875,-1.5,2.9930710269227037,-0.01014040561622465,468822.10481875506,-8.0,8.0,-8.0,8.0,1,1,-11.0,,-11.0,,1,0,,,,,0,0,q2,mid1,low
-2,128300,ASH_COATED_OSMIUM,9989.0,15.0,,,,,10005.0,15.0,10008.0,22.0,,,9997.0,0.0,prices_round_1_day_-2.csv,False,16.0,0.0,9997.0,9997.0,0.0,0.0,2.990936766906428,-0.010132501948558068,468456.4089492418,-8.0,8.0,-8.0,8.0,1,1,,11.0,,11.0,0,1,,,,,0,0,q2,mid1,low
-2,128400,ASH_COATED_OSMIUM,9987.0,30.0,,,,,10005.0,10.0,10008.0,30.0,,,9996.0,0.0,prices_round_1_day_-2.csv,False,18.0,0.5,10000.5,10000.5,3.5,-1.0,3.032434447545365,-0.007398753894080997,468091.29273917567,-13.5,4.5,-9.0,9.0,1,1,,7.5,,12.0,0,1,,,,,0,0,q2,mid2,mid_low
-2,128500,ASH_COATED_OSMIUM,9989.0,15.0,9987.0,27.0,,,10005.0,15.0,10008.0,27.0,,,9997.0,0.0,prices_round_1_day_-2.csv,False,16.0,0.0,9997.0,9997.0,-3.5,1.0,3.067830510815627,-0.010116731517509728,467726.74515041517,-8.0,8.0,-8.0,8.0,1,1,-10.0,11.0,-10.0,11.0,1,1,,,,,0,0,q2,mid1,low
-2,128600,ASH_COATED_OSMIUM,9989.0,15.0,9987.0,29.0,,,10008.0,29.0,,,,,9998.5,0.0,prices_round_1_day_-2.csv,False,19.0,-0.3181818181818182,9995.477272727272,9995.477272727272,-1.5227272727279342,1.5,3.066038510411226,-0.011292945002121255,467362.7572446261,-6.477272727272066,12.522727272727934,-9.5,9.5,1,1,-8.477272727272066,,-11.5,,1,0,,,,,0,0,q2,mid2,low
-2,128700,ASH_COATED_OSMIUM,9989.0,12.0,9986.0,28.0,,,10005.0,12.0,10007.0,28.0,,,9997.0,0.0,prices_round_1_day_-2.csv,False,16.0,0.0,9997.0,9997.0,1.5227272727279342,-1.5,3.074506148515393,-0.010101010101010102,466999.3354671338,-8.0,8.0,-8.0,8.0,1,1,-11.0,10.0,-11.0,10.0,1,1,,,,,0,0,q2,mid1,low
-2,128800,ASH_COATED_OSMIUM,9989.0,15.0,9986.0,22.0,,,9998.0,3.0,10007.0,22.0,,,9993.5,0.0,prices_round_1_day_-2.csv,False,9.0,0.6666666666666666,9996.5,9996.5,-0.5,-3.5,3.0751200899254383,-0.01048136645962733,466636.47680695314,-7.5,1.5,-4.5,4.5,1,1,-10.5,10.5,-7.5,13.5,1,1,,,,,0,0,q2,tight,low
-2,128900,ASH_COATED_OSMIUM,9989.0,11.0,9986.0,25.0,,,10005.0,11.0,10007.0,25.0,,,9997.0,0.0,prices_round_1_day_-2.csv,False,16.0,0.0,9997.0,9997.0,0.5,3.5,3.076165167687133,-0.01008533747090768,466274.18160787097,-8.0,8.0,-8.0,8.0,1,1,-11.0,10.0,-11.0,10.0,1,1,,,,,0,0,q2,mid1,low
-2,129000,ASH_COATED_OSMIUM,9988.0,15.0,9986.0,21.0,,,10004.0,15.0,10007.0,21.0,,,9996.0,0.0,prices_round_1_day_-2.csv,False,16.0,0.0,9996.0,9996.0,-1.0,-1.0,3.0704729238130537,-0.010852713178294573,465912.4491001623,-8.0,8.0,-8.0,8.0,1,1,-10.0,11.0,-10.0,11.0,1,1,,,,,0,0,q2,mid1,low
-2,129100,ASH_COATED_OSMIUM,9985.0,29.0,,,,,10004.0,14.0,,,,,9994.5,0.0,prices_round_1_day_-2.csv,False,19.0,0.3488372093023256,9997.813953488372,9997.813953488372,1.8139534883721353,-1.5,3.080390637317401,-0.00943923045052507,465551.2792383314,-12.813953488372135,6.186046511627865,-9.5,9.5,1,1,,,,,0,0,,,,,0,0,q2,mid2,low
-2,129200,ASH_COATED_OSMIUM,9988.0,13.0,9985.0,30.0,,,10004.0,13.0,10006.0,30.0,,,9996.0,0.0,prices_round_1_day_-2.csv,False,16.0,0.0,9996.0,9996.0,-1.8139534883721353,1.5,3.089362226298874,-0.010835913312693499,465190.66883903864,-8.0,8.0,-8.0,8.0,1,1,-11.0,10.0,-11.0,10.0,1,1,,,,,0,0,q2,mid1,low
-2,129300,ASH_COATED_OSMIUM,9988.0,14.0,9985.0,26.0,,,,,,,,,9988.0,0.0,prices_round_1_day_-2.csv,True,,1.0,,9988.0,-8.0,-8.0,3.2739347335882956,-0.017014694508894045,464830.6635050917,0.0,,0.0,,1,0,-3.0,,-3.0,,1,0,,,,,0,0,q2,mid1,low
-2,129400,ASH_COATED_OSMIUM,9993.0,2.0,9987.0,13.0,9985.0,24.0,10003.0,13.0,10006.0,24.0,,,9998.0,0.0,prices_round_1_day_-2.csv,False,10.0,-0.7333333333333333,9994.333333333334,9994.333333333334,6.33333333333394,10.0,3.3842320738565403,-0.012107161257083509,464471.19686336734,-1.3333333333339397,8.66666666666606,-5.0,5.0,1,1,-7.33333333333394,11.66666666666606,-11.0,8.0,1,1,-9.33333333333394,,-13.0,,1,0,q3,tight,low
-2,129500,ASH_COATED_OSMIUM,9988.0,13.0,9985.0,24.0,,,10004.0,13.0,,,,,9996.0,0.0,prices_round_1_day_-2.csv,False,16.0,0.0,9996.0,9996.0,1.6666666666660603,-2.0,3.3519603545924124,-0.010810810810810811,464112.2568473255,-8.0,8.0,-8.0,8.0,1,1,-11.0,,-11.0,,1,0,,,,,0,0,q3,mid1,low
-2,129600,ASH_COATED_OSMIUM,,,,,,,10004.0,12.0,,,,,10004.0,0.0,prices_round_1_day_-2.csv,True,,-1.0,,10004.0,8.0,8.0,3.4980781298065713,-0.004629629629629629,463753.9185204731,,0.0,,0.0,0,1,,,,,0,0,,,,,0,0,q3,mid1,mid_low
-2,129700,ASH_COATED_OSMIUM,9985.0,20.0,,,,,10004.0,12.0,,,,,9994.5,0.0,prices_round_1_day_-2.csv,False,19.0,0.25,9996.875,9996.875,-7.125,-9.5,3.639337570882751,-0.010119506553585197,463396.1227967569,-11.875,7.125,-9.5,9.5,1,1,,,,,0,0,,,,,0,0,q3,mid2,low
-2,129800,ASH_COATED_OSMIUM,9988.0,14.0,9986.0,21.0,,,10007.0,21.0,,,,,9997.5,0.0,prices_round_1_day_-2.csv,False,19.0,-0.2,9995.6,9995.6,-1.2749999999996362,3.0,3.6388144438648617,-0.011093990755007424,463038.8409740069,-7.600000000000364,11.399999999999636,-9.5,9.5,1,1,-9.600000000000364,,-11.5,,1,0,,,,,0,0,q3,mid2,low
-2,129900,ASH_COATED_OSMIUM,9986.0,27.0,,,,,10007.0,27.0,,,,,9996.5,0.0,prices_round_1_day_-2.csv,False,21.0,0.0,9996.5,9996.5,0.8999999999996362,-1.0,3.6413827752741406,-0.010392609699769052,462682.1090699077,-10.5,10.5,-10.5,10.5,1,1,,,,,0,0,,,,,0,0,q3,mid2,low
-2,130000,ASH_COATED_OSMIUM,9989.0,11.0,9986.0,22.0,,,10005.0,11.0,10007.0,22.0,,,9997.0,0.0,prices_round_1_day_-2.csv,False,16.0,0.0,9997.0,9997.0,0.5,0.5,3.452590737660271,-0.01,462325.9259684684,-8.0,8.0,-8.0,8.0,1,1,-11.0,10.0,-11.0,10.0,1,1,,,,,0,0,q3,mid1,low
-2,130100,ASH_COATED_OSMIUM,9989.0,10.0,9986.0,30.0,,,10005.0,10.0,10007.0,30.0,,,9997.0,0.0,prices_round_1_day_-2.csv,False,16.0,0.0,9997.0,9997.0,0.0,0.0,3.2639614008543796,-0.009992313604919293,461970.2906408772,-8.0,8.0,-8.0,8.0,1,1,-11.0,10.0,-11.0,10.0,1,1,,,,,0,0,q2,mid1,low
-2,130200,ASH_COATED_OSMIUM,9987.0,23.0,,,,,10008.0,23.0,,,,,9997.5,0.0,prices_round_1_day_-2.csv,False,21.0,0.0,9997.5,9997.5,0.5,0.5,3.2648522712058345,-0.009600614439324117,461615.20222369925,-10.5,10.5,-10.5,10.5,1,1,,,,,0,0,,,,,0,0,q2,mid2,low
-2,130300,ASH_COATED_OSMIUM,9989.0,12.0,9987.0,30.0,,,10005.0,12.0,10008.0,30.0,,,9997.0,0.0,prices_round_1_day_-2.csv,False,16.0,0.0,9997.0,9997.0,-0.5,-0.5,3.265524170466349,-0.009976976208749041,461260.65924219636,-8.0,8.0,-8.0,8.0,1,1,-10.0,11.0,-10.0,11.0,1,1,,,,,0,0,q2,mid1,low
-2,130400,ASH_COATED_OSMIUM,9989.0,15.0,,,,,10005.0,15.0,,,,,9997.0,0.0,prices_round_1_day_-2.csv,False,16.0,0.0,9997.0,9997.0,0.0,0.0,3.262585544385089,-0.009969325153374233,460906.6602712503,-8.0,8.0,-8.0,8.0,1,1,,,,,0,0,,,,,0,0,q2,mid1,low
-2,130500,ASH_COATED_OSMIUM,9989.0,15.0,9987.0,29.0,,,,,,,,,9989.0,0.0,prices_round_1_day_-2.csv,True,,1.0,,9989.0,-8.0,-8.0,3.452236061190726,-0.016091954022988506,460553.2531634274,0.0,,0.0,,1,0,-2.0,,-2.0,,1,0,,,,,0,0,q3,mid1,low
-2,130600,ASH_COATED_OSMIUM,9989.0,13.0,9987.0,24.0,,,10005.0,13.0,10008.0,24.0,,,9997.0,0.0,prices_round_1_day_-2.csv,False,16.0,0.0,9997.0,9997.0,8.0,8.0,3.6409764256844253,-0.009954058192955589,460200.3879951246,-8.0,8.0,-8.0,8.0,1,1,-10.0,11.0,-10.0,11.0,1,1,,,,,0,0,q3,mid1,low
-2,130700,ASH_COATED_OSMIUM,9990.0,14.0,9987.0,24.0,,,10006.0,14.0,,,,,9998.0,0.0,prices_round_1_day_-2.csv,False,16.0,0.0,9998.0,9998.0,1.0,1.0,3.6438339230706367,-0.009181331293037491,459848.01481842605,-8.0,8.0,-8.0,8.0,1,1,-11.0,,-11.0,,1,0,,,,,0,0,q3,mid1,low
-2,130800,ASH_COATED_OSMIUM,9988.0,23.0,,,,,,,,,,,9988.0,0.0,prices_round_1_day_-2.csv,True,,1.0,,9988.0,-10.0,-10.0,3.903401009546977,-0.016819571865443424,459496.2563833281,0.0,,0.0,,1,0,,,,,0,0,,,,,0,0,q3,mid1,low
-2,130900,ASH_COATED_OSMIUM,9990.0,13.0,9988.0,29.0,,,10006.0,13.0,10009.0,29.0,,,9998.0,0.0,prices_round_1_day_-2.csv,False,16.0,0.0,9998.0,9998.0,10.0,10.0,4.15342220913475,-0.009167303284950344,459145.0362026245,-8.0,8.0,-8.0,8.0,1,1,-10.0,11.0,-10.0,11.0,1,1,,,,,0,0,q4,mid1,low
-2,131000,ASH_COATED_OSMIUM,9990.0,15.0,9987.0,27.0,,,10006.0,15.0,10008.0,27.0,,,9998.0,0.0,prices_round_1_day_-2.csv,False,16.0,0.0,9998.0,9998.0,0.0,0.0,4.14203737411285,-0.00916030534351145,458794.2760528012,-8.0,8.0,-8.0,8.0,1,1,-11.0,10.0,-11.0,10.0,1,1,,,,,0,0,q4,mid1,low
-2,131100,ASH_COATED_OSMIUM,9988.0,22.0,,,,,10006.0,14.0,10009.0,22.0,,,9997.0,0.0,prices_round_1_day_-2.csv,False,18.0,0.2222222222222222,9999.0,9999.0,1.0,-1.0,4.144352456297252,-0.008390541571319604,458444.052191408,-11.0,7.0,-9.0,9.0,1,1,,10.0,,12.0,0,1,,,,,0,0,q4,mid2,low
-2,131200,ASH_COATED_OSMIUM,9990.0,15.0,9988.0,29.0,,,10006.0,15.0,10009.0,29.0,,,9998.0,0.0,prices_round_1_day_-2.csv,False,16.0,0.0,9998.0,9998.0,-1.0,1.0,3.83242664857541,-0.009146341463414634,458094.3625883176,-8.0,8.0,-8.0,8.0,1,1,-10.0,11.0,-10.0,11.0,1,1,,,,,0,0,q3,mid1,low
-2,131300,ASH_COATED_OSMIUM,9990.0,11.0,,,,,10009.0,26.0,,,,,9999.5,0.0,prices_round_1_day_-2.csv,False,19.0,-0.40540540540540543,9995.648648648648,9995.648648648648,-2.3513513513516955,1.5,3.577439179114162,-0.010930199049011192,457745.2094779196,-5.6486486486483045,13.351351351351695,-9.5,9.5,1,1,,,,,0,0,,,,,0,0,q3,mid2,low
-2,131400,ASH_COATED_OSMIUM,9990.0,13.0,9987.0,29.0,,,10006.0,13.0,10008.0,29.0,,,9998.0,0.0,prices_round_1_day_-2.csv,False,16.0,0.0,9998.0,9998.0,2.3513513513516955,-1.5,3.593488763492066,-0.0091324200913242,457396.5882796328,-8.0,8.0,-8.0,8.0,1,1,-11.0,10.0,-11.0,10.0,1,1,,,,,0,0,q3,mid1,low
-2,131500,ASH_COATED_OSMIUM,9990.0,12.0,,,,,10006.0,12.0,10009.0,22.0,,,9998.0,0.0,prices_round_1_day_-2.csv,False,16.0,0.0,9998.0,9998.0,0.0,0.0,3.593488763492066,-0.009125475285171103,457048.49346365384,-8.0,8.0,-8.0,8.0,1,1,,11.0,,11.0,0,1,,,,,0,0,q3,mid1,low
-2,131600,ASH_COATED_OSMIUM,9995.0,3.0,9990.0,10.0,9987.0,20.0,10006.0,10.0,10008.0,20.0,,,10000.5,0.0,prices_round_1_day_-2.csv,False,11.0,-0.5384615384615384,9997.538461538461,9997.538461538461,-0.4615384615390212,2.5,3.5912368743837786,-0.00946925415010564,456700.928224915,-2.5384615384609788,8.461538461539021,-5.5,5.5,1,1,-7.538461538460979,10.461538461539021,-10.5,7.5,1,1,-10.538461538460979,,-13.5,,1,0,q3,tight,low
-2,131700,ASH_COATED_OSMIUM,9990.0,14.0,9987.0,22.0,,,9999.0,2.0,10008.0,22.0,,,9994.5,0.0,prices_round_1_day_-2.csv,False,9.0,0.75,9997.875,9997.875,0.3365384615390212,-6.0,3.588732015746685,-0.009206529992406986,456353.89113631734,-7.875,1.125,-4.5,4.5,1,1,-10.875,10.125,-7.5,13.5,1,1,,,,,0,0,q3,tight,low
-2,131800,ASH_COATED_OSMIUM,9989.0,11.0,9987.0,30.0,,,10005.0,11.0,,,,,9997.0,0.0,prices_round_1_day_-2.csv,False,16.0,0.0,9997.0,9997.0,-0.875,2.5,3.590852363315844,-0.009863429438543247,456007.3815371475,-8.0,8.0,-8.0,8.0,1,1,-10.0,,-10.0,,1,0,,,,,0,0,q3,mid1,low
-2,131900,ASH_COATED_OSMIUM,9989.0,14.0,9987.0,22.0,,,10005.0,14.0,10008.0,22.0,,,9997.0,0.0,prices_round_1_day_-2.csv,False,16.0,0.0,9997.0,9997.0,0.0,0.0,3.590852363315844,-0.009855951478392721,455661.3971809715,-8.0,8.0,-8.0,8.0,1,1,-10.0,11.0,-10.0,11.0,1,1,,,,,0,0,q3,mid1,low
-2,132000,ASH_COATED_OSMIUM,9988.0,23.0,,,,,10006.0,13.0,10009.0,23.0,,,9997.0,0.0,prices_round_1_day_-2.csv,False,18.0,0.2777777777777778,9999.5,9999.5,2.5,0.0,3.6007609193797334,-0.007954545454545454,455315.942213135,-11.5,6.5,-9.0,9.0,1,1,,9.5,,12.0,0,1,,,,,0,0,q3,mid2,low
-2,132100,ASH_COATED_OSMIUM,9991.0,13.0,9988.0,29.0,,,10009.0,29.0,,,,,10000.0,0.0,prices_round_1_day_-2.csv,False,18.0,-0.38095238095238093,9996.57142857143,9996.57142857143,-2.928571428570649,3.0,3.6049025074291703,-0.010165459067805185,454971.0123505082,-5.571428571429351,12.428571428570649,-9.0,9.0,1,1,-8.571428571429351,,-12.0,,1,0,,,,,0,0,q3,mid2,low
-2,132200,ASH_COATED_OSMIUM,9991.0,11.0,9988.0,20.0,,,10009.0,20.0,,,,,10000.0,0.0,prices_round_1_day_-2.csv,False,18.0,-0.2903225806451613,9997.387096774193,9997.387096774193,0.8156682027638453,0.0,3.603944147210677,-0.009540773998341,454626.59877680254,-6.387096774193196,11.612903225806804,-9.0,9.0,1,1,-9.387096774193196,,-12.0,,1,0,,,,,0,0,q3,mid2,low
-2,132300,ASH_COATED_OSMIUM,9991.0,11.0,9989.0,27.0,,,10007.0,11.0,10010.0,27.0,,,9999.0,0.0,prices_round_1_day_-2.csv,False,16.0,0.0,9999.0,9999.0,1.6129032258068037,-1.0,3.5922549436137166,-0.008314436885865457,454282.7077265439,-8.0,8.0,-8.0,8.0,1,1,-10.0,11.0,-10.0,11.0,1,1,,,,,0,0,q3,mid1,low
-2,132400,ASH_COATED_OSMIUM,9991.0,12.0,9988.0,25.0,,,10007.0,12.0,10009.0,25.0,,,9999.0,0.0,prices_round_1_day_-2.csv,False,16.0,0.0,9999.0,9999.0,0.0,0.0,3.5744631380300533,-0.008308157099697885,453939.3345537113,-8.0,8.0,-8.0,8.0,1,1,-11.0,10.0,-11.0,10.0,1,1,,,,,0,0,q3,mid1,low
-2,132500,ASH_COATED_OSMIUM,9988.0,30.0,,,,,10007.0,13.0,,,,,9997.5,0.0,prices_round_1_day_-2.csv,False,19.0,0.3953488372093023,10001.255813953489,10001.255813953489,2.2558139534885413,-1.5,3.5884145769702207,-0.006599385695480346,453596.483940287,-13.255813953488541,5.744186046511459,-9.5,9.5,1,1,,,,,0,0,,,,,0,0,q3,mid2,mid_low
-2,132600,ASH_COATED_OSMIUM,9991.0,14.0,9989.0,23.0,,,10007.0,14.0,10010.0,23.0,,,9999.0,0.0,prices_round_1_day_-2.csv,False,16.0,0.0,9999.0,9999.0,-2.2558139534885413,1.5,3.6003966411798958,-0.008295625942684766,453254.1507864838,-8.0,8.0,-8.0,8.0,1,1,-10.0,11.0,-10.0,11.0,1,1,,,,,0,0,q3,mid1,low
-2,132700,ASH_COATED_OSMIUM,9991.0,11.0,9989.0,23.0,,,10007.0,11.0,10010.0,23.0,,,9999.0,0.0,prices_round_1_day_-2.csv,False,16.0,0.0,9999.0,9999.0,0.0,0.0,3.6003966411798958,-0.008289374529012811,452912.33015999984,-8.0,8.0,-8.0,8.0,1,1,-10.0,11.0,-10.0,11.0,1,1,,,,,0,0,q3,mid1,low
-2,132800,ASH_COATED_OSMIUM,9991.0,10.0,9988.0,21.0,,,10009.0,21.0,,,,,10000.0,0.0,prices_round_1_day_-2.csv,False,18.0,-0.3548387096774194,9996.806451612903,9996.806451612903,-2.193548387096598,1.0,3.6142316428031136,-0.00993490089389804,452571.0283074008,-5.806451612903402,12.193548387096598,-9.0,9.0,1,1,-8.806451612903402,,-12.0,,1,0,,,,,0,0,q3,mid2,low
-2,132900,ASH_COATED_OSMIUM,9991.0,12.0,9989.0,26.0,,,10007.0,12.0,10010.0,26.0,,,9999.0,0.0,prices_round_1_day_-2.csv,False,16.0,0.0,9999.0,9999.0,2.193548387096598,-1.0,3.627568060853853,-0.008276899924755455,452230.24052379973,-8.0,8.0,-8.0,8.0,1,1,-10.0,11.0,-10.0,11.0,1,1,,,,,0,0,q3,mid1,low
-2,133000,ASH_COATED_OSMIUM,9988.0,21.0,,,,,10009.0,21.0,,,,,9998.5,0.0,prices_round_1_day_-2.csv,False,21.0,0.0,9998.5,9998.5,-0.5,-0.5,3.625331094718256,-0.008646616541353383,451889.9621198012,-10.5,10.5,-10.5,10.5,1,1,,,,,0,0,,,,,0,0,q3,mid2,low
-2,133100,ASH_COATED_OSMIUM,9991.0,15.0,9988.0,29.0,,,10009.0,29.0,,,,,10000.0,0.0,prices_round_1_day_-2.csv,False,18.0,-0.3181818181818182,9997.136363636364,9997.136363636364,-1.363636363636033,1.5,3.630811102315996,-0.009664640393415502,451550.19661040127,-6.136363636363967,11.863636363636033,-9.0,9.0,1,1,-9.136363636363967,,-12.0,,1,0,,,,,0,0,q3,mid2,low
-2,133200,ASH_COATED_OSMIUM,9992.0,15.0,9989.0,26.0,,,10008.0,15.0,10010.0,26.0,,,10000.0,0.0,prices_round_1_day_-2.csv,False,16.0,0.0,10000.0,10000.0,2.863636363636033,0.0,3.651200303410416,-0.0075075075075075074,451210.94646243,-8.0,8.0,-8.0,8.0,1,1,-11.0,10.0,-11.0,10.0,1,1,,,,,0,0,q3,mid1,low
-2,133300,ASH_COATED_OSMIUM,9992.0,10.0,9990.0,25.0,,,10008.0,10.0,10011.0,25.0,,,10000.0,0.0,prices_round_1_day_-2.csv,False,16.0,0.0,10000.0,10000.0,0.0,0.0,3.651200303410416,-0.007501875468867217,450872.1995056686,-8.0,8.0,-8.0,8.0,1,1,-10.0,11.0,-10.0,11.0,1,1,,,,,0,0,q3,mid1,low
-2,133400,ASH_COATED_OSMIUM,9992.0,11.0,9990.0,21.0,,,10008.0,11.0,10011.0,21.0,,,10000.0,0.0,prices_round_1_day_-2.csv,False,16.0,0.0,10000.0,10000.0,0.0,0.0,3.6172966541598086,-0.0074962518740629685,450533.9607964042,-8.0,8.0,-8.0,8.0,1,1,-10.0,11.0,-10.0,11.0,1,1,,,,,0,0,q3,mid1,low
-2,133500,ASH_COATED_OSMIUM,9993.0,14.0,9990.0,20.0,,,10011.0,20.0,,,,,10002.0,0.0,prices_round_1_day_-2.csv,False,18.0,-0.17647058823529413,10000.411764705883,10000.411764705883,0.41176470588288794,2.0,3.5824078851693013,-0.007182198722185102,450196.2293232796,-7.411764705882888,10.588235294117112,-9.0,9.0,1,1,-10.411764705882888,,-12.0,,1,0,,,,,0,0,q3,mid2,mid_low
-2,133600,ASH_COATED_OSMIUM,9990.0,26.0,,,,,10008.0,10.0,10011.0,26.0,,,9999.0,0.0,prices_round_1_day_-2.csv,False,18.0,0.4444444444444444,10003.0,10003.0,2.588235294117112,-3.0,3.592310109951162,-0.005239520958083832,449859.0087253969,-13.0,5.0,-9.0,9.0,1,1,,8.0,,12.0,0,1,,,,,0,0,q3,mid2,mid_low
-2,133700,ASH_COATED_OSMIUM,9992.0,14.0,9990.0,27.0,,,10008.0,14.0,10011.0,27.0,,,10000.0,0.0,prices_round_1_day_-2.csv,False,16.0,0.0,10000.0,10000.0,-3.0,1.0,3.61392723954092,-0.0074794315632011965,449522.29461847845,-8.0,8.0,-8.0,8.0,1,1,-10.0,11.0,-10.0,11.0,1,1,,,,,0,0,q3,mid1,low
-2,133800,ASH_COATED_OSMIUM,9990.0,25.0,,,,,10008.0,14.0,10011.0,25.0,,,9999.0,0.0,prices_round_1_day_-2.csv,False,18.0,0.28205128205128205,10001.538461538461,10001.538461538461,1.5384615384609788,-1.0,3.6189754344259026,-0.006324019776934993,449186.0792808036,-11.538461538460979,6.461538461539021,-9.0,9.0,1,1,,9.461538461539021,,12.0,0,1,,,,,0,0,q3,mid2,mid_low
-2,133900,ASH_COATED_OSMIUM,9992.0,10.0,9989.0,25.0,,,10008.0,10.0,10010.0,25.0,,,10000.0,0.0,prices_round_1_day_-2.csv,False,16.0,0.0,10000.0,10000.0,-1.5384615384609788,1.0,3.6258616494671183,-0.0074682598954443615,448850.366475431,-8.0,8.0,-8.0,8.0,1,1,-11.0,10.0,-11.0,10.0,1,1,,,,,0,0,q3,mid1,low
-2,134000,ASH_COATED_OSMIUM,9991.0,15.0,9989.0,27.0,,,10007.0,15.0,10010.0,27.0,,,9999.0,0.0,prices_round_1_day_-2.csv,False,16.0,0.0,9999.0,9999.0,-1.0,-1.0,3.6258616494671183,-0.008208955223880597,448515.1540914942,-8.0,8.0,-8.0,8.0,1,1,-10.0,11.0,-10.0,11.0,1,1,,,,,0,0,q3,mid1,low
-2,134100,ASH_COATED_OSMIUM,,,,,,,10007.0,14.0,10009.0,29.0,,,10007.0,0.0,prices_round_1_day_-2.csv,True,,-1.0,,10007.0,8.0,8.0,3.7888091556649868,-0.0022371364653243847,448180.4891135058,,0.0,,0.0,0,1,,2.0,,2.0,0,1,,,,,0,0,q3,mid1,mid_low
-2,134200,ASH_COATED_OSMIUM,,,,,,,10007.0,10.0,10009.0,26.0,,,10007.0,0.0,prices_round_1_day_-2.csv,True,,-1.0,,10007.0,0.0,0.0,3.777959463911025,-0.0022354694485842027,447846.2754750953,,0.0,,0.0,0,1,,2.0,,2.0,0,1,,,,,0,0,q3,mid1,mid_low
-2,134300,ASH_COATED_OSMIUM,9990.0,11.0,9988.0,26.0,,,10006.0,11.0,10009.0,26.0,,,9998.0,0.0,prices_round_1_day_-2.csv,False,16.0,0.0,9998.0,9998.0,-9.0,-9.0,3.8247206322863,-0.008935219657483246,447512.6202023745,-8.0,8.0,-8.0,8.0,1,1,-10.0,11.0,-10.0,11.0,1,1,,,,,0,0,q3,mid1,low
-2,134400,ASH_COATED_OSMIUM,9990.0,14.0,9988.0,24.0,,,10009.0,24.0,,,,,9999.5,0.0,prices_round_1_day_-2.csv,False,19.0,-0.2631578947368421,9997.0,9997.0,-1.0,1.5,3.724005344544074,-0.009672619047619048,447179.4023031014,-7.0,12.0,-9.5,9.5,1,1,-9.0,,-11.5,,1,0,,,,,0,0,q3,mid2,low
-2,134500,ASH_COATED_OSMIUM,9990.0,11.0,,,,,10006.0,11.0,10009.0,26.0,,,9998.0,0.0,prices_round_1_day_-2.csv,False,16.0,0.0,9998.0,9998.0,1.0,-1.5,3.7193016102925007,-0.008921933085501859,446846.6802914777,-8.0,8.0,-8.0,8.0,1,1,,11.0,,11.0,0,1,,,,,0,0,q3,mid1,low
-2,134600,ASH_COATED_OSMIUM,9991.0,14.0,9988.0,24.0,,,10009.0,24.0,,,,,10000.0,0.0,prices_round_1_day_-2.csv,False,18.0,-0.2631578947368421,9997.631578947368,9997.631578947368,-0.3684210526316747,2.0,3.5376448330799484,-0.009189020098537648,446514.45237240865,-6.631578947368325,11.368421052631675,-9.0,9.0,1,1,-9.631578947368325,,-12.0,,1,0,,,,,0,0,q3,mid2,low
-2,134700,ASH_COATED_OSMIUM,9991.0,10.0,9989.0,30.0,,,10007.0,10.0,10010.0,30.0,,,9999.0,0.0,prices_round_1_day_-2.csv,False,16.0,0.0,9999.0,9999.0,1.3684210526316747,-1.0,3.395853989845717,-0.008166295471417966,446182.71941849194,-8.0,8.0,-8.0,8.0,1,1,-10.0,11.0,-10.0,11.0,1,1,,,,,0,0,q3,mid1,low
-2,134800,ASH_COATED_OSMIUM,9991.0,15.0,,,,,10007.0,15.0,,,,,9999.0,0.0,prices_round_1_day_-2.csv,False,16.0,0.0,9999.0,9999.0,0.0,0.0,3.3905417037460097,-0.008160237388724036,445851.4776075403,-8.0,8.0,-8.0,8.0,1,1,,,,,0,0,,,,,0,0,q3,mid1,low
-2,134900,ASH_COATED_OSMIUM,9989.0,28.0,,,,,10007.0,10.0,10010.0,28.0,,,9998.0,0.0,prices_round_1_day_-2.csv,False,18.0,0.47368421052631576,10002.263157894737,10002.263157894737,3.2631578947366506,-1.0,3.4187299195091145,-0.005735242479809747,445520.73518616194,-13.26315789473665,4.736842105263349,-9.0,9.0,1,1,,7.736842105263349,,12.0,0,1,,,,,0,0,q3,mid2,mid_low
-2,135000,ASH_COATED_OSMIUM,9989.0,22.0,,,,,,,,,,,9989.0,0.0,prices_round_1_day_-2.csv,True,,1.0,,9989.0,-13.26315789473665,-9.0,3.906414494616912,-0.015555555555555555,445190.6053817714,0.0,,0.0,,1,0,,,,,0,0,,,,,0,0,q3,mid1,low
-2,135100,ASH_COATED_OSMIUM,9992.0,15.0,,,,,10008.0,15.0,,,,,10000.0,0.0,prices_round_1_day_-2.csv,False,16.0,0.0,10000.0,10000.0,11.0,11.0,4.213301667154511,-0.007401924500370096,444860.92437974596,-8.0,8.0,-8.0,8.0,1,1,,,,,0,0,,,,,0,0,q4,mid1,low
-2,135200,ASH_COATED_OSMIUM,9992.0,10.0,9989.0,23.0,,,10008.0,10.0,10010.0,23.0,,,10000.0,0.0,prices_round_1_day_-2.csv,False,16.0,0.0,10000.0,10000.0,0.0,0.0,4.2128293754447546,-0.0073964497041420114,444531.6416822441,-8.0,8.0,-8.0,8.0,1,1,-11.0,10.0,-11.0,10.0,1,1,,,,,0,0,q4,mid1,low
-2,135300,ASH_COATED_OSMIUM,9992.0,13.0,9989.0,26.0,,,10008.0,13.0,10010.0,26.0,,,10000.0,0.0,prices_round_1_day_-2.csv,False,16.0,0.0,10000.0,10000.0,0.0,0.0,4.212090556578089,-0.007390983000739098,444202.8460893243,-8.0,8.0,-8.0,8.0,1,1,-11.0,10.0,-11.0,10.0,1,1,,,,,0,0,q4,mid1,low
-2,135400,ASH_COATED_OSMIUM,9992.0,11.0,9990.0,21.0,,,10008.0,11.0,10011.0,21.0,,,10000.0,0.0,prices_round_1_day_-2.csv,False,16.0,0.0,10000.0,10000.0,0.0,0.0,4.212090556578089,-0.007385524372230428,443874.53652093204,-8.0,8.0,-8.0,8.0,1,1,-10.0,11.0,-10.0,11.0,1,1,,,,,0,0,q4,mid1,low
-2,135500,ASH_COATED_OSMIUM,9993.0,12.0,9990.0,24.0,,,10009.0,12.0,10011.0,24.0,,,10001.0,0.0,prices_round_1_day_-2.csv,False,16.0,0.0,10001.0,10001.0,1.0,1.0,4.049801295160505,-0.006642066420664207,443546.712649112,-8.0,8.0,-8.0,8.0,1,1,-11.0,10.0,-11.0,10.0,1,1,,,,,0,0,q4,mid1,mid_low
-2,135600,ASH_COATED_OSMIUM,9993.0,11.0,9990.0,25.0,,,10009.0,11.0,10011.0,25.0,,,10001.0,0.0,prices_round_1_day_-2.csv,False,16.0,0.0,10001.0,10001.0,0.0,0.0,3.8919163633438094,-0.00663716814159292,443219.371901802,-8.0,8.0,-8.0,8.0,1,1,-11.0,10.0,-11.0,10.0,1,1,,,,,0,0,q3,mid1,mid_low
-2,135700,ASH_COATED_OSMIUM,9993.0,10.0,9990.0,26.0,,,10009.0,10.0,10011.0,26.0,,,10001.0,0.0,prices_round_1_day_-2.csv,False,16.0,0.0,10001.0,10001.0,0.0,0.0,3.8896609053817457,-0.006632277081798084,442892.51395795407,-8.0,8.0,-8.0,8.0,1,1,-11.0,10.0,-11.0,10.0,1,1,,,,,0,0,q3,mid1,mid_low
-2,135800,ASH_COATED_OSMIUM,9992.0,10.0,9990.0,26.0,,,10008.0,10.0,,,,,10000.0,0.0,prices_round_1_day_-2.csv,False,16.0,0.0,10000.0,10000.0,-1.0,-1.0,3.6130252911892966,-0.007363770250368188,442566.1384768154,-8.0,8.0,-8.0,8.0,1,1,-10.0,,-10.0,,1,0,,,,,0,0,q3,mid1,low
-2,135900,ASH_COATED_OSMIUM,9990.0,23.0,,,,,10008.0,12.0,10011.0,23.0,,,9999.0,0.0,prices_round_1_day_-2.csv,False,18.0,0.3142857142857143,10001.828571428572,10001.828571428572,1.8285714285721042,-1.0,3.336789824372076,-0.0060128245558704165,442240.24542063056,-11.828571428572104,6.171428571427896,-9.0,9.0,1,1,,9.171428571427896,,12.0,0,1,,,,,0,0,q3,mid2,mid_low
-2,136000,ASH_COATED_OSMIUM,9990.0,28.0,,,,,10009.0,15.0,,,,,9999.5,0.0,prices_round_1_day_-2.csv,False,19.0,0.3023255813953488,10002.372093023256,10002.372093023256,0.5435215946836252,0.5,3.337420552380387,-0.005608755129959023,441914.82971521874,-12.37209302325573,6.627906976744271,-9.5,9.5,1,1,,,,,0,0,,,,,0,0,q3,mid2,mid_low
-2,136100,ASH_COATED_OSMIUM,9993.0,12.0,,,,,10009.0,12.0,10011.0,27.0,,,10001.0,0.0,prices_round_1_day_-2.csv,False,16.0,0.0,10001.0,10001.0,-1.3720930232557293,1.5,3.3410415229375388,-0.006612784717119765,441589.89371241885,-8.0,8.0,-8.0,8.0,1,1,,10.0,,10.0,0,1,,,,,0,0,q3,mid1,mid_low
-2,136200,ASH_COATED_OSMIUM,9993.0,13.0,,,,,10009.0,13.0,10011.0,20.0,,,10001.0,0.0,prices_round_1_day_-2.csv,False,16.0,0.0,10001.0,10001.0,0.0,0.0,3.337680254068827,-0.006607929515418502,441265.4338346314,-8.0,8.0,-8.0,8.0,1,1,,10.0,,10.0,0,1,,,,,0,0,q3,mid1,mid_low
-2,136300,ASH_COATED_OSMIUM,9992.0,10.0,,,,,10008.0,10.0,10011.0,25.0,,,10000.0,0.0,prices_round_1_day_-2.csv,False,16.0,0.0,10000.0,10000.0,-1.0,-1.0,3.3231956162597864,-0.007336757153338224,440941.45112704637,-8.0,8.0,-8.0,8.0,1,1,,11.0,,11.0,0,1,,,,,0,0,q2,mid1,low
-2,136400,ASH_COATED_OSMIUM,9992.0,12.0,9989.0,23.0,,,10008.0,12.0,10010.0,23.0,,,10000.0,0.0,prices_round_1_day_-2.csv,False,16.0,0.0,10000.0,10000.0,0.0,0.0,3.307097062585251,-0.007331378299120235,440617.9430925098,-8.0,8.0,-8.0,8.0,1,1,-11.0,10.0,-11.0,10.0,1,1,,,,,0,0,q2,mid1,low
-2,136500,ASH_COATED_OSMIUM,9989.0,26.0,,,,,10008.0,13.0,10010.0,26.0,,,9998.5,0.0,prices_round_1_day_-2.csv,False,19.0,0.3333333333333333,10001.666666666666,10001.666666666666,1.6666666666660603,-1.5,3.315075481566013,-0.006105006105006549,440294.9114628354,-12.66666666666606,6.33333333333394,-9.5,9.5,1,1,,8.33333333333394,,11.5,0,1,,,,,0,0,q2,mid2,mid_low
-2,136600,ASH_COATED_OSMIUM,9992.0,12.0,9989.0,29.0,,,10008.0,12.0,,,,,10000.0,0.0,prices_round_1_day_-2.csv,False,16.0,0.0,10000.0,10000.0,-1.6666666666660603,1.5,3.3234141912968718,-0.007320644216691069,439972.3531067794,-8.0,8.0,-8.0,8.0,1,1,-11.0,,-11.0,,1,0,,,,,0,0,q2,mid1,low
-2,136700,ASH_COATED_OSMIUM,9992.0,15.0,9989.0,29.0,,,10008.0,15.0,10010.0,29.0,,,10000.0,0.0,prices_round_1_day_-2.csv,False,16.0,0.0,10000.0,10000.0,0.0,0.0,3.323161223203041,-0.0073152889539136795,439650.26500059105,-8.0,8.0,-8.0,8.0,1,1,-11.0,10.0,-11.0,10.0,1,1,,,,,0,0,q2,mid1,low
-2,136800,ASH_COATED_OSMIUM,9992.0,14.0,,,,,10008.0,14.0,10010.0,22.0,,,10000.0,0.0,prices_round_1_day_-2.csv,False,16.0,0.0,10000.0,10000.0,0.0,0.0,3.3205338664524224,-0.007309941520467836,439328.6481279158,-8.0,8.0,-8.0,8.0,1,1,,10.0,,10.0,0,1,,,,,0,0,q2,mid1,low
-2,136900,ASH_COATED_OSMIUM,9991.0,12.0,,,,,10007.0,12.0,10010.0,26.0,,,9999.0,0.0,prices_round_1_day_-2.csv,False,16.0,0.0,9999.0,9999.0,-1.0,-1.0,3.3239124744567676,-0.008035062089116142,439007.5021751276,-8.0,8.0,-8.0,8.0,1,1,,11.0,,11.0,0,1,,,,,0,0,q2,mid1,low
-2,137000,ASH_COATED_OSMIUM,9992.0,15.0,9989.0,26.0,,,10008.0,15.0,10010.0,26.0,,,10000.0,0.0,prices_round_1_day_-2.csv,False,16.0,0.0,10000.0,10000.0,1.0,1.0,3.3079875896005646,-0.0072992700729927005,438686.82541341684,-8.0,8.0,-8.0,8.0,1,1,-11.0,10.0,-11.0,10.0,1,1,,,,,0,0,q2,mid1,low
-2,137100,ASH_COATED_OSMIUM,9992.0,11.0,9989.0,30.0,,,10008.0,11.0,10010.0,30.0,,,10000.0,0.0,prices_round_1_day_-2.csv,False,16.0,0.0,10000.0,10000.0,0.0,0.0,3.2807094805773644,-0.007293946024799417,438366.6160518401,-8.0,8.0,-8.0,8.0,1,1,-11.0,10.0,-11.0,10.0,1,1,,,,,0,0,q2,mid1,low
-2,137200,ASH_COATED_OSMIUM,9989.0,22.0,,,,,10008.0,14.0,10010.0,22.0,,,9998.5,0.0,prices_round_1_day_-2.csv,False,19.0,0.2222222222222222,10000.611111111111,10000.611111111111,0.6111111111113132,-1.5,3.2798862565725044,-0.00684321347586639,438046.8740869198,-11.611111111111313,7.388888888888687,-9.5,9.5,1,1,,9.388888888888687,,11.5,0,1,,,,,0,0,q2,mid2,mid_low
-2,137300,ASH_COATED_OSMIUM,9992.0,12.0,9990.0,30.0,,,10008.0,12.0,10011.0,30.0,,,10000.0,0.0,prices_round_1_day_-2.csv,False,16.0,0.0,10000.0,10000.0,-0.6111111111113132,1.5,3.2735330856823874,-0.007283321194464676,437727.5982055691,-8.0,8.0,-8.0,8.0,1,1,-10.0,11.0,-10.0,11.0,1,1,,,,,0,0,q2,mid1,low
-2,137400,ASH_COATED_OSMIUM,9992.0,15.0,9990.0,22.0,,,10011.0,22.0,,,,,10001.5,0.0,prices_round_1_day_-2.csv,False,19.0,-0.1891891891891892,9999.702702702703,9999.702702702703,-0.29729729729660903,1.5,3.273840140933597,-0.0074943939572755525,437408.78719744185,-7.702702702703391,11.297297297296609,-9.5,9.5,1,1,-9.702702702703391,,-11.5,,1,0,,,,,0,0,q2,mid2,low
-2,137500,ASH_COATED_OSMIUM,9992.0,12.0,9990.0,25.0,,,10008.0,12.0,10011.0,25.0,,,10000.0,0.0,prices_round_1_day_-2.csv,False,16.0,0.0,10000.0,10000.0,0.29729729729660903,-1.5,3.258149774464455,-0.007272727272727273,437090.4402583101,-8.0,8.0,-8.0,8.0,1,1,-10.0,11.0,-10.0,11.0,1,1,,,,,0,0,q2,mid1,low
-2,137600,ASH_COATED_OSMIUM,9992.0,12.0,9990.0,25.0,,,10008.0,12.0,10011.0,25.0,,,10000.0,0.0,prices_round_1_day_-2.csv,False,16.0,0.0,10000.0,10000.0,0.0,0.0,3.2422098235939862,-0.007267441860465116,436772.556301797,-8.0,8.0,-8.0,8.0,1,1,-10.0,11.0,-10.0,11.0,1,1,,,,,0,0,q2,mid1,low
-2,137700,ASH_COATED_OSMIUM,9992.0,10.0,9989.0,28.0,,,10008.0,10.0,10010.0,28.0,,,10000.0,0.0,prices_round_1_day_-2.csv,False,16.0,0.0,10000.0,10000.0,0.0,0.0,3.2422098235939862,-0.007262164124909223,436455.1343859184,-8.0,8.0,-8.0,8.0,1,1,-11.0,10.0,-11.0,10.0,1,1,,,,,0,0,q2,mid1,low
-2,137800,ASH_COATED_OSMIUM,10002.0,5.0,9992.0,13.0,9990.0,28.0,10008.0,13.0,10011.0,28.0,,,10005.0,0.0,prices_round_1_day_-2.csv,False,6.0,-0.4444444444444444,10003.666666666666,10003.666666666666,3.6666666666660603,5.0,3.2663898856741542,-0.0045960328979201305,436138.18329918775,-1.6666666666660603,4.33333333333394,-3.0,3.0,1,1,-11.66666666666606,7.33333333333394,-13.0,6.0,1,1,-13.66666666666606,,-15.0,,1,0,q2,tight,mid_low
-2,137900,ASH_COATED_OSMIUM,9992.0,15.0,9990.0,26.0,,,10008.0,15.0,,,,,10000.0,0.0,prices_round_1_day_-2.csv,False,16.0,0.0,10000.0,10000.0,-3.6666666666660603,-5.0,3.2961012290839573,-0.007251631617113851,435821.69216547016,-8.0,8.0,-8.0,8.0,1,1,-10.0,,-10.0,,1,0,,,,,0,0,q2,mid1,low
-2,138000,ASH_COATED_OSMIUM,9992.0,14.0,9989.0,24.0,,,10008.0,14.0,10010.0,24.0,,,10000.0,0.0,prices_round_1_day_-2.csv,False,16.0,0.0,10000.0,10000.0,0.0,0.0,3.2952497731538974,-0.007246376811594203,435505.6503292752,-8.0,8.0,-8.0,8.0,1,1,-11.0,10.0,-11.0,10.0,1,1,,,,,0,0,q2,mid1,low
-2,138100,ASH_COATED_OSMIUM,9992.0,15.0,9989.0,30.0,,,10008.0,15.0,10010.0,30.0,,,10000.0,0.0,prices_round_1_day_-2.csv,False,16.0,0.0,10000.0,10000.0,0.0,0.0,3.2891173988559097,-0.00724112961622013,435190.06652472675,-8.0,8.0,-8.0,8.0,1,1,-11.0,10.0,-11.0,10.0,1,1,,,,,0,0,q2,mid1,low
-2,138200,ASH_COATED_OSMIUM,9992.0,15.0,9989.0,30.0,,,10008.0,15.0,10010.0,30.0,,,10000.0,0.0,prices_round_1_day_-2.csv,False,16.0,0.0,10000.0,10000.0,0.0,0.0,3.264090225314536,-0.00723589001447178,434874.93975682504,-8.0,8.0,-8.0,8.0,1,1,-11.0,10.0,-11.0,10.0,1,1,,,,,0,0,q2,mid1,low
-2,138300,ASH_COATED_OSMIUM,9992.0,10.0,9989.0,30.0,,,10008.0,10.0,10010.0,30.0,,,10000.0,0.0,prices_round_1_day_-2.csv,False,16.0,0.0,10000.0,10000.0,0.0,0.0,3.264090225314536,-0.0072306579898770785,434560.2690334499,-8.0,8.0,-8.0,8.0,1,1,-11.0,10.0,-11.0,10.0,1,1,,,,,0,0,q2,mid1,low
-2,138400,ASH_COATED_OSMIUM,9991.0,15.0,9989.0,24.0,,,10007.0,15.0,,,,,9999.0,0.0,prices_round_1_day_-2.csv,False,16.0,0.0,9999.0,9999.0,-1.0,-1.0,3.267152429715194,-0.007947976878612716,434246.05407744506,-8.0,8.0,-8.0,8.0,1,1,-10.0,,-10.0,,1,0,,,,,0,0,q2,mid1,low
-2,138500,ASH_COATED_OSMIUM,9991.0,14.0,,,,,10007.0,14.0,10010.0,29.0,,,9999.0,0.0,prices_round_1_day_-2.csv,False,16.0,0.0,9999.0,9999.0,0.0,0.0,3.2665607988793655,-0.007942238267148015,433932.29247772373,-8.0,8.0,-8.0,8.0,1,1,,11.0,,11.0,0,1,,,,,0,0,q2,mid1,low
-2,138600,ASH_COATED_OSMIUM,9991.0,15.0,9988.0,23.0,,,10009.0,23.0,,,,,10000.0,0.0,prices_round_1_day_-2.csv,False,18.0,-0.21052631578947367,9998.105263157895,9998.105263157895,-0.894736842104976,1.0,3.2467026848962943,-0.008582061213639953,433618.98453069094,-7.105263157895024,10.894736842104976,-9.0,9.0,1,1,-10.105263157895024,,-12.0,,1,0,,,,,0,0,q2,mid2,low
-2,138700,ASH_COATED_OSMIUM,9991.0,15.0,9988.0,22.0,,,10007.0,15.0,10009.0,22.0,,,9999.0,0.0,prices_round_1_day_-2.csv,False,16.0,0.0,9999.0,9999.0,0.894736842104976,-1.0,3.2222838930188167,-0.007930785868781542,433306.128708805,-8.0,8.0,-8.0,8.0,1,1,-11.0,10.0,-11.0,10.0,1,1,,,,,0,0,q2,mid1,low
-2,138800,ASH_COATED_OSMIUM,9991.0,14.0,9988.0,29.0,,,10007.0,14.0,10009.0,29.0,,,9999.0,0.0,prices_round_1_day_-2.csv,False,16.0,0.0,9999.0,9999.0,0.0,0.0,3.2144343496689416,-0.00792507204610951,432993.7234249939,-8.0,8.0,-8.0,8.0,1,1,-11.0,10.0,-11.0,10.0,1,1,,,,,0,0,q2,mid1,low
-2,138900,ASH_COATED_OSMIUM,9990.0,15.0,9988.0,21.0,,,10009.0,21.0,,,,,9999.5,0.0,prices_round_1_day_-2.csv,False,19.0,-0.16666666666666666,9997.916666666666,9997.916666666666,-1.0833333333339397,0.5,3.2107778910532008,-0.008699304055675983,432681.76912545884,-7.91666666666606,11.08333333333394,-9.5,9.5,1,1,-9.91666666666606,,-11.5,,1,0,,,,,0,0,q2,mid2,low
-2,139000,ASH_COATED_OSMIUM,9988.0,20.0,,,,,10009.0,20.0,,,,,9998.5,0.0,prices_round_1_day_-2.csv,False,21.0,0.0,9998.5,9998.5,0.5833333333339397,-1.0,3.2089407049662007,-0.008273381294964029,432370.2634243249,-10.5,10.5,-10.5,10.5,1,1,,,,,0,0,,,,,0,0,q2,mid2,low
-2,139100,ASH_COATED_OSMIUM,9991.0,10.0,9988.0,23.0,,,10007.0,10.0,10009.0,23.0,,,9999.0,0.0,prices_round_1_day_-2.csv,False,16.0,0.0,9999.0,9999.0,0.5,0.5,2.995039170305199,-0.007907979870596693,432059.205866578,-8.0,8.0,-8.0,8.0,1,1,-11.0,10.0,-11.0,10.0,1,1,,,,,0,0,q2,mid1,low
-2,139200,ASH_COATED_OSMIUM,9989.0,26.0,,,,,10007.0,15.0,10010.0,26.0,,,9998.0,0.0,prices_round_1_day_-2.csv,False,18.0,0.2682926829268293,10000.414634146342,10000.414634146342,1.4146341463419958,-1.0,3.00325187989628,-0.0068860386879727046,431748.59682006884,-11.414634146341996,6.585365853658004,-9.0,9.0,1,1,,9.585365853658004,,12.0,0,1,,,,,0,0,q2,mid2,mid_low
-2,139300,ASH_COATED_OSMIUM,9988.0,30.0,,,,,10007.0,11.0,10009.0,30.0,,,9997.5,0.0,prices_round_1_day_-2.csv,False,19.0,0.4634146341463415,10001.90243902439,10001.90243902439,1.4878048780483368,-0.5,2.724540382387756,-0.005813037311995454,431438.4342020207,-13.902439024390333,5.097560975609667,-9.5,9.5,1,1,,7.097560975609667,,11.5,0,1,,,,,0,0,q1,mid2,mid_low
-2,139400,ASH_COATED_OSMIUM,9990.0,11.0,9988.0,21.0,,,10006.0,11.0,10009.0,21.0,,,9998.0,0.0,prices_round_1_day_-2.csv,False,16.0,0.0,9998.0,9998.0,-3.9024390243903326,0.5,2.778365785315892,-0.00860832137733142,431128.7261895296,-8.0,8.0,-8.0,8.0,1,1,-10.0,11.0,-10.0,11.0,1,1,,,,,0,0,q2,mid1,low
-2,139500,ASH_COATED_OSMIUM,9991.0,15.0,9988.0,21.0,,,10007.0,15.0,10009.0,21.0,,,9999.0,0.0,prices_round_1_day_-2.csv,False,16.0,0.0,9999.0,9999.0,1.0,1.0,2.778365785315892,-0.007885304659498209,430819.452366267,-8.0,8.0,-8.0,8.0,1,1,-11.0,10.0,-11.0,10.0,1,1,,,,,0,0,q2,mid1,low
-2,139600,ASH_COATED_OSMIUM,9991.0,13.0,9989.0,23.0,,,9997.0,6.0,10007.0,13.0,10010.0,23.0,9994.0,0.0,prices_round_1_day_-2.csv,False,6.0,0.3684210526315789,9995.105263157895,9995.105263157895,-3.894736842104976,-5.0,2.8326525427935754,-0.010669582265118178,430510.63203969103,-4.105263157895024,1.894736842104976,-3.0,3.0,1,1,-6.105263157895024,11.894736842104976,-5.0,13.0,1,1,,14.894736842104976,,16.0,0,1,q2,tight,low
-2,139700,ASH_COATED_OSMIUM,9997.0,4.0,9989.0,30.0,,,10007.0,11.0,,,,,10002.0,0.0,prices_round_1_day_-2.csv,False,10.0,-0.4666666666666667,9999.666666666666,9999.666666666666,4.561403508771036,8.0,2.9004738645733057,-0.007396802672393657,430202.2582981791,-2.6666666666660603,7.33333333333394,-5.0,5.0,1,1,-10.66666666666606,,-13.0,,1,0,,,,,0,0,q2,tight,low
-2,139800,ASH_COATED_OSMIUM,9992.0,13.0,9989.0,26.0,,,10008.0,13.0,10010.0,26.0,,,10000.0,0.0,prices_round_1_day_-2.csv,False,16.0,0.0,10000.0,10000.0,0.33333333333393966,-2.0,2.900825650637995,-0.00715307582260372,429894.31116698065,-8.0,8.0,-8.0,8.0,1,1,-11.0,10.0,-11.0,10.0,1,1,,,,,0,0,q2,mid1,low
-2,139900,ASH_COATED_OSMIUM,9992.0,11.0,9989.0,24.0,,,10008.0,11.0,10010.0,24.0,,,10000.0,0.0,prices_round_1_day_-2.csv,False,16.0,0.0,10000.0,10000.0,0.0,0.0,2.862830218705215,-0.007147962830593281,429586.8045066689,-8.0,8.0,-8.0,8.0,1,1,-11.0,10.0,-11.0,10.0,1,1,,,,,0,0,q2,mid1,low
-2,140000,ASH_COATED_OSMIUM,9992.0,13.0,9990.0,25.0,,,10008.0,13.0,10011.0,25.0,,,10000.0,0.0,prices_round_1_day_-2.csv,False,16.0,0.0,10000.0,10000.0,0.0,0.0,2.1350578376138984,-0.007142857142857143,429279.73745559267,-8.0,8.0,-8.0,8.0,1,1,-10.0,11.0,-10.0,11.0,1,1,,,,,0,0,q1,mid1,low
-2,140100,ASH_COATED_OSMIUM,9992.0,13.0,9990.0,27.0,,,10008.0,13.0,10011.0,27.0,,,10000.0,0.0,prices_round_1_day_-2.csv,False,16.0,0.0,10000.0,10000.0,0.0,0.0,1.4623515206531377,-0.007137758743754461,428973.10907173227,-8.0,8.0,-8.0,8.0,1,1,-10.0,11.0,-10.0,11.0,1,1,,,,,0,0,q1,mid1,low
-2,140200,ASH_COATED_OSMIUM,9992.0,11.0,9990.0,22.0,,,10008.0,11.0,,,,,10000.0,0.0,prices_round_1_day_-2.csv,False,16.0,0.0,10000.0,10000.0,0.0,0.0,1.4623515206531377,-0.007132667617689016,428666.91841575736,-8.0,8.0,-8.0,8.0,1,1,-10.0,,-10.0,,1,0,,,,,0,0,q1,mid1,low
-2,140300,ASH_COATED_OSMIUM,9993.0,14.0,9990.0,24.0,,,10002.0,4.0,10009.0,14.0,10011.0,24.0,9997.5,0.0,prices_round_1_day_-2.csv,False,9.0,0.5555555555555556,10000.0,10000.0,0.0,-2.5,1.4623515206531377,-0.007127583749109052,428361.1645510177,-7.0,2.0,-4.5,4.5,1,1,-10.0,9.0,-7.5,11.5,1,1,,11.0,,13.5,0,1,q1,tight,low
-2,140400,ASH_COATED_OSMIUM,9993.0,11.0,9990.0,29.0,,,10009.0,11.0,10011.0,29.0,,,10001.0,0.0,prices_round_1_day_-2.csv,False,16.0,0.0,10001.0,10001.0,1.0,3.5,1.4691739073222556,-0.00641025641025641,428055.84726593754,-8.0,8.0,-8.0,8.0,1,1,-11.0,10.0,-11.0,10.0,1,1,,,,,0,0,q1,mid1,mid_low
-2,140500,ASH_COATED_OSMIUM,9993.0,10.0,9990.0,27.0,,,10011.0,27.0,,,,,10002.0,0.0,prices_round_1_day_-2.csv,False,18.0,-0.4594594594594595,9997.864864864865,9997.864864864865,-3.1351351351349876,1.0,1.5280881572303688,-0.008637106857747321,427750.9711510417,-4.864864864865012,13.135135135134988,-9.0,9.0,1,1,-7.864864864865012,,-12.0,,1,0,,,,,0,0,q1,mid2,low
-2,140600,ASH_COATED_OSMIUM,9990.0,28.0,,,,,10009.0,12.0,10011.0,28.0,,,9999.5,0.0,prices_round_1_day_-2.csv,False,19.0,0.4,10003.3,10003.3,5.43513513513426,-2.5,1.7145779083161266,-0.004765291607397388,427446.5431385348,-13.299999999999272,5.700000000000728,-9.5,9.5,1,1,,7.700000000000728,,11.5,0,1,,,,,0,0,q1,mid2,mid_low
-2,140700,ASH_COATED_OSMIUM,9993.0,13.0,9990.0,29.0,,,10011.0,29.0,,,,,10002.0,0.0,prices_round_1_day_-2.csv,False,18.0,-0.38095238095238093,9998.57142857143,9998.57142857143,-4.728571428569921,2.5,1.8427814012785793,-0.00812265204589243,427142.54296452797,-5.571428571429351,12.428571428570649,-9.0,9.0,1,1,-8.571428571429351,,-12.0,,1,0,,,,,0,0,q1,mid2,low
-2,140800,ASH_COATED_OSMIUM,9993.0,13.0,9991.0,27.0,,,10009.0,13.0,10012.0,27.0,,,10001.0,0.0,prices_round_1_day_-2.csv,False,16.0,0.0,10001.0,10001.0,2.428571428570649,-1.0,1.8702408429395185,-0.006392045454545455,426838.96328456816,-8.0,8.0,-8.0,8.0,1,1,-10.0,11.0,-10.0,11.0,1,1,,,,,0,0,q1,mid1,mid_low
-2,140900,ASH_COATED_OSMIUM,9993.0,13.0,,,,,9999.0,10.0,10012.0,22.0,,,9996.0,0.0,prices_round_1_day_-2.csv,False,6.0,0.13043478260869565,9996.391304347826,9996.391304347826,-4.608695652173992,-5.0,1.9624919830757197,-0.009658407134261172,426535.82564456895,-3.391304347826008,2.608695652173992,-3.0,3.0,1,1,,15.608695652173992,,16.0,0,1,,,,,0,0,q1,tight,low
-2,141000,ASH_COATED_OSMIUM,9999.0,2.0,9993.0,11.0,,,10009.0,11.0,10012.0,29.0,,,10004.0,0.0,prices_round_1_day_-2.csv,False,10.0,-0.6923076923076923,10000.538461538461,10000.538461538461,4.147157190634971,8.0,2.0511066938877294,-0.006710310965630512,426233.1155247795,-1.5384615384609788,8.461538461539021,-5.0,5.0,1,1,-7.538461538460979,11.461538461539021,-11.0,8.0,1,1,,,,,0,0,q1,tight,mid_low
-2,141100,ASH_COATED_OSMIUM,9994.0,13.0,9991.0,21.0,,,10010.0,13.0,10012.0,21.0,,,10002.0,0.0,prices_round_1_day_-2.csv,False,16.0,0.0,10002.0,10002.0,1.4615384615390212,-2.0,2.052602103226749,-0.005669737774627924,425930.8240628659,-8.0,8.0,-8.0,8.0,1,1,-11.0,10.0,-11.0,10.0,1,1,,,,,0,0,q1,mid1,mid_low
-2,141200,ASH_COATED_OSMIUM,10003.0,4.0,9993.0,14.0,9991.0,22.0,10009.0,14.0,10012.0,22.0,,,10006.0,0.0,prices_round_1_day_-2.csv,False,6.0,-0.5555555555555556,10004.333333333334,10004.333333333334,2.3333333333339397,4.0,2.0784993435541557,-0.004013220018885312,425628.9634271451,-1.3333333333339397,4.66666666666606,-3.0,3.0,1,1,-11.33333333333394,7.66666666666606,-13.0,6.0,1,1,-13.33333333333394,,-15.0,,1,0,q1,tight,mid_low
-2,141300,ASH_COATED_OSMIUM,9991.0,27.0,,,,,10009.0,11.0,10012.0,27.0,,,10000.0,0.0,prices_round_1_day_-2.csv,False,18.0,0.42105263157894735,10003.78947368421,10003.78947368421,-0.5438596491239878,-6.0,2.0747196508950747,-0.004395276939695717,425327.5266904601,-12.789473684209952,5.210526315790048,-9.0,9.0,1,1,,8.210526315790048,,12.0,0,1,,,,,0,0,q1,mid2,mid_low
-2,141400,ASH_COATED_OSMIUM,9993.0,11.0,9991.0,23.0,,,10009.0,11.0,10012.0,23.0,,,10001.0,0.0,prices_round_1_day_-2.csv,False,16.0,0.0,10001.0,10001.0,-2.789473684209952,1.0,2.113933298388098,-0.006364922206506365,425026.5218953332,-8.0,8.0,-8.0,8.0,1,1,-10.0,11.0,-10.0,11.0,1,1,,,,,0,0,q1,mid1,mid_low
-2,141500,ASH_COATED_OSMIUM,9994.0,11.0,9991.0,30.0,,,10010.0,11.0,10012.0,30.0,,,10002.0,0.0,prices_round_1_day_-2.csv,False,16.0,0.0,10002.0,10002.0,1.0,1.0,2.1054205334533735,-0.005653710247349823,424725.93808356463,-8.0,8.0,-8.0,8.0,1,1,-11.0,10.0,-11.0,10.0,1,1,,,,,0,0,q1,mid1,mid_low
-2,141600,ASH_COATED_OSMIUM,9994.0,14.0,9992.0,26.0,,,10013.0,26.0,,,,,10003.5,0.0,prices_round_1_day_-2.csv,False,19.0,-0.3,10000.65,10000.65,-1.3500000000003638,1.5,2.1007553547066995,-0.006603107344633026,424425.77968632575,-6.649999999999636,12.350000000000364,-9.5,9.5,1,1,-8.649999999999636,,-11.5,,1,0,,,,,0,0,q1,mid2,mid_low
-2,141700,ASH_COATED_OSMIUM,,,,,,,10010.0,12.0,10012.0,30.0,,,10010.0,0.0,prices_round_1_day_-2.csv,True,,-1.0,,10010.0,9.350000000000364,6.5,2.4812621457313226,0.0,424126.105748863,,0.0,,0.0,0,1,,2.0,,2.0,0,1,,,,,0,0,q1,mid1,mid_low
-2,141800,ASH_COATED_OSMIUM,9994.0,14.0,9991.0,30.0,,,10010.0,14.0,10012.0,30.0,,,10002.0,0.0,prices_round_1_day_-2.csv,False,16.0,0.0,10002.0,10002.0,-8.0,-8.0,2.7389720623416722,-0.005641748942172073,423826.8381759041,-8.0,8.0,-8.0,8.0,1,1,-11.0,10.0,-11.0,10.0,1,1,,,,,0,0,q1,mid1,mid_low
-2,141900,ASH_COATED_OSMIUM,9994.0,11.0,9991.0,20.0,,,10010.0,11.0,,,,,10002.0,0.0,prices_round_1_day_-2.csv,False,16.0,0.0,10002.0,10002.0,0.0,0.0,2.7348709254179355,-0.005637773079633545,423527.94759893365,-8.0,8.0,-8.0,8.0,1,1,-11.0,,-11.0,,1,0,,,,,0,0,q1,mid1,mid_low
-2,142000,ASH_COATED_OSMIUM,9999.0,4.0,9993.0,13.0,9991.0,20.0,10009.0,13.0,,,,,10004.0,0.0,prices_round_1_day_-2.csv,False,10.0,-0.5294117647058824,10001.35294117647,10001.35294117647,-0.6470588235297328,2.0,2.7332364985029676,-0.0060894780447392485,423229.47858098603,-2.3529411764702672,7.647058823529733,-5.0,5.0,1,1,-8.352941176470267,,-11.0,,1,0,-10.352941176470267,,-13.0,,1,0,q1,tight,mid_low
-2,142100,ASH_COATED_OSMIUM,9993.0,13.0,9991.0,21.0,,,10009.0,13.0,10012.0,21.0,,,10001.0,0.0,prices_round_1_day_-2.csv,False,16.0,0.0,10001.0,10001.0,-0.35294117647026724,-3.0,2.7337635064521844,-0.0063335679099225895,422931.4297370709,-8.0,8.0,-8.0,8.0,1,1,-10.0,11.0,-10.0,11.0,1,1,,,,,0,0,q1,mid1,mid_low
-2,142200,ASH_COATED_OSMIUM,9993.0,12.0,9990.0,28.0,,,10009.0,12.0,10011.0,28.0,,,10001.0,0.0,prices_round_1_day_-2.csv,False,16.0,0.0,10001.0,10001.0,0.0,0.0,2.732432575002466,-0.006329113924050633,422633.80030026793,-8.0,8.0,-8.0,8.0,1,1,-11.0,10.0,-11.0,10.0,1,1,,,,,0,0,q1,mid1,mid_low
-2,142300,ASH_COATED_OSMIUM,9992.0,15.0,9990.0,25.0,,,10011.0,25.0,,,,,10001.5,0.0,prices_round_1_day_-2.csv,False,19.0,-0.25,9999.125,9999.125,-1.875,0.5,2.744096005456784,-0.00764230498945889,422336.59192416153,-7.125,11.875,-9.5,9.5,1,1,-9.125,,-11.5,,1,0,,,,,0,0,q1,mid2,low
-2,142400,ASH_COATED_OSMIUM,9992.0,10.0,9990.0,30.0,,,10008.0,10.0,,,,,10000.0,0.0,prices_round_1_day_-2.csv,False,16.0,0.0,10000.0,10000.0,0.875,-1.5,2.7466635254297778,-0.007022471910112359,422039.79936378635,-8.0,8.0,-8.0,8.0,1,1,-10.0,,-10.0,,1,0,,,,,0,0,q1,mid1,low
-2,142500,ASH_COATED_OSMIUM,9998.0,4.0,9992.0,10.0,9990.0,21.0,10008.0,10.0,10011.0,21.0,,,10003.0,0.0,prices_round_1_day_-2.csv,False,10.0,-0.42857142857142855,10000.857142857143,10000.857142857143,0.857142857143117,3.0,2.749015584862655,-0.006416040100250444,421743.42362424557,-2.857142857143117,7.142857142856883,-5.0,5.0,1,1,-8.857142857143117,10.142857142856883,-11.0,8.0,1,1,-10.857142857143117,,-13.0,,1,0,q1,tight,mid_low
-2,142600,ASH_COATED_OSMIUM,9992.0,10.0,,,,,10008.0,10.0,10011.0,25.0,,,10000.0,0.0,prices_round_1_day_-2.csv,False,16.0,0.0,10000.0,10000.0,-0.857142857143117,-3.0,2.7517958342640396,-0.0070126227208976155,421447.4638344942,-8.0,8.0,-8.0,8.0,1,1,,11.0,,11.0,0,1,,,,,0,0,q1,mid1,low
-2,142700,ASH_COATED_OSMIUM,9990.0,27.0,,,,,10002.0,5.0,10008.0,12.0,10011.0,27.0,9996.0,0.0,prices_round_1_day_-2.csv,False,12.0,0.6875,10000.125,10000.125,0.125,-4.0,2.751852614780254,-0.006920112123335669,421151.91864065174,-10.125,1.875,-6.0,6.0,1,1,,7.875,,12.0,0,1,,10.875,,15.0,0,1,q1,tight,low
-2,142800,ASH_COATED_OSMIUM,9992.0,10.0,9990.0,29.0,,,10008.0,10.0,,,,,10000.0,0.0,prices_round_1_day_-2.csv,False,16.0,0.0,10000.0,10000.0,-0.125,4.0,2.700584033685459,-0.0070028011204481795,420856.7876632813,-8.0,8.0,-8.0,8.0,1,1,-10.0,,-10.0,,1,0,,,,,0,0,q1,mid1,low
-2,142900,ASH_COATED_OSMIUM,9993.0,15.0,9990.0,20.0,,,10009.0,15.0,10011.0,20.0,,,10001.0,0.0,prices_round_1_day_-2.csv,False,16.0,0.0,10001.0,10001.0,1.0,1.0,2.654103470874491,-0.006298110566829951,420562.07073448703,-8.0,8.0,-8.0,8.0,1,1,-11.0,10.0,-11.0,10.0,1,1,,,,,0,0,q1,mid1,mid_low
-2,143000,ASH_COATED_OSMIUM,9992.0,10.0,,,,,10008.0,10.0,10011.0,23.0,,,10000.0,0.0,prices_round_1_day_-2.csv,False,16.0,0.0,10000.0,10000.0,-1.0,-1.0,2.6580221143998473,-0.006993006993006993,420267.7662670401,-8.0,8.0,-8.0,8.0,1,1,,11.0,,11.0,0,1,,,,,0,0,q1,mid1,low
-2,143100,ASH_COATED_OSMIUM,9992.0,15.0,9990.0,28.0,,,10008.0,15.0,,,,,10000.0,0.0,prices_round_1_day_-2.csv,False,16.0,0.0,10000.0,10000.0,0.0,0.0,2.6580221143998473,-0.0069881201956673656,419973.8727242302,-8.0,8.0,-8.0,8.0,1,1,-10.0,,-10.0,,1,0,,,,,0,0,q1,mid1,low
-2,143200,ASH_COATED_OSMIUM,9993.0,13.0,9990.0,26.0,,,10009.0,13.0,10011.0,26.0,,,10001.0,0.0,prices_round_1_day_-2.csv,False,16.0,0.0,10001.0,10001.0,1.0,1.0,2.661781651570736,-0.006284916201117319,419680.39064218465,-8.0,8.0,-8.0,8.0,1,1,-11.0,10.0,-11.0,10.0,1,1,,,,,0,0,q1,mid1,mid_low
-2,143300,ASH_COATED_OSMIUM,9993.0,10.0,9990.0,25.0,,,10009.0,10.0,,,,,10001.0,0.0,prices_round_1_day_-2.csv,False,16.0,0.0,10001.0,10001.0,0.0,0.0,2.661781651570736,-0.00628053035589672,419387.31774371903,-8.0,8.0,-8.0,8.0,1,1,-11.0,,-11.0,,1,0,,,,,0,0,q1,mid1,mid_low
-2,143400,ASH_COATED_OSMIUM,9993.0,12.0,,,,,10009.0,12.0,,,,,10001.0,0.0,prices_round_1_day_-2.csv,False,16.0,0.0,10001.0,10001.0,0.0,0.0,2.657714978619304,-0.006276150627615063,419094.65387930576,-8.0,8.0,-8.0,8.0,1,1,,,,,0,0,,,,,0,0,q1,mid1,mid_low
-2,143500,ASH_COATED_OSMIUM,9993.0,12.0,,,,,10009.0,12.0,10011.0,24.0,,,10001.0,0.0,prices_round_1_day_-2.csv,False,16.0,0.0,10001.0,10001.0,0.0,0.0,2.657714978619304,-0.0062717770034843206,418802.39819322486,-8.0,8.0,-8.0,8.0,1,1,,10.0,,10.0,0,1,,,,,0,0,q1,mid1,mid_low
-2,143600,ASH_COATED_OSMIUM,9993.0,12.0,9990.0,27.0,,,,,,,,,9993.0,0.0,prices_round_1_day_-2.csv,True,,1.0,,9993.0,-8.0,-8.0,2.8886377278545354,-0.011838440111420613,418510.59433050663,0.0,,0.0,,1,0,-3.0,,-3.0,,1,0,,,,,0,0,q2,mid1,low
-2,143700,ASH_COATED_OSMIUM,9993.0,12.0,9991.0,30.0,,,10009.0,12.0,10012.0,30.0,,,10001.0,0.0,prices_round_1_day_-2.csv,False,16.0,0.0,10001.0,10001.0,8.0,8.0,3.1053209385486773,-0.006263048016701462,418219.19708158984,-8.0,8.0,-8.0,8.0,1,1,-10.0,11.0,-10.0,11.0,1,1,,,,,0,0,q2,mid1,mid_low
-2,143800,ASH_COATED_OSMIUM,,,,,,,10010.0,12.0,10012.0,26.0,,,10010.0,0.0,prices_round_1_day_-2.csv,True,,-1.0,,10010.0,9.0,9.0,3.353852151457755,0.0,417928.21716460015,,0.0,,0.0,0,1,,2.0,,2.0,0,1,,,,,0,0,q3,mid1,mid_low
-2,143900,ASH_COATED_OSMIUM,9994.0,11.0,9991.0,22.0,,,10003.0,3.0,10010.0,11.0,10012.0,22.0,9998.5,0.0,prices_round_1_day_-2.csv,False,9.0,0.5714285714285714,10001.07142857143,10001.07142857143,-8.928571428570649,-11.5,3.591187100157414,-0.006204705648763481,417637.64098019403,-7.071428571429351,1.928571428570649,-4.5,4.5,1,1,-10.071428571429351,8.928571428570649,-7.5,11.5,1,1,,10.928571428570649,,13.5,0,1,q3,tight,mid_low
-2,144000,ASH_COATED_OSMIUM,9993.0,11.0,9990.0,20.0,,,10009.0,11.0,10011.0,20.0,,,10001.0,0.0,prices_round_1_day_-2.csv,False,16.0,0.0,10001.0,10001.0,-0.071428571429351,2.5,3.5904450561065167,-0.00625,417347.4132965742,-8.0,8.0,-8.0,8.0,1,1,-11.0,10.0,-11.0,10.0,1,1,,,,,0,0,q3,mid1,mid_low
-2,144100,ASH_COATED_OSMIUM,9993.0,11.0,9990.0,28.0,,,10009.0,11.0,10011.0,28.0,,,10001.0,0.0,prices_round_1_day_-2.csv,False,16.0,0.0,10001.0,10001.0,0.0,0.0,3.5898623967292034,-0.006245662734212352,417057.58870403416,-8.0,8.0,-8.0,8.0,1,1,-11.0,10.0,-11.0,10.0,1,1,,,,,0,0,q3,mid1,mid_low
-2,144200,ASH_COATED_OSMIUM,,,,,,,10009.0,12.0,10012.0,30.0,,,10009.0,0.0,prices_round_1_day_-2.csv,True,,-1.0,,10009.0,8.0,8.0,3.7581832601867475,-0.0006934812760055479,416768.2108184085,,0.0,,0.0,0,1,,3.0,,3.0,0,1,,,,,0,0,q3,mid1,mid_low
-2,144300,ASH_COATED_OSMIUM,9993.0,13.0,9991.0,26.0,,,10012.0,26.0,,,,,10002.5,0.0,prices_round_1_day_-2.csv,False,19.0,-0.3333333333333333,9999.333333333334,9999.333333333334,-9.66666666666606,-6.5,4.001648065039596,-0.007392007392006972,416479.25461554545,-6.33333333333394,12.66666666666606,-9.5,9.5,1,1,-8.33333333333394,,-11.5,,1,0,,,,,0,0,q3,mid2,low
-2,144400,ASH_COATED_OSMIUM,9993.0,12.0,9991.0,29.0,,,10009.0,12.0,10012.0,29.0,,,10001.0,0.0,prices_round_1_day_-2.csv,False,16.0,0.0,10001.0,10001.0,1.6666666666660603,-1.5,3.9696474117448313,-0.006232686980609419,416190.6361442468,-8.0,8.0,-8.0,8.0,1,1,-10.0,11.0,-10.0,11.0,1,1,,,,,0,0,q3,mid1,mid_low
-2,144500,ASH_COATED_OSMIUM,9994.0,11.0,9991.0,29.0,,,10010.0,11.0,10012.0,29.0,,,10002.0,0.0,prices_round_1_day_-2.csv,False,16.0,0.0,10002.0,10002.0,1.0,1.0,3.9696474117448313,-0.005536332179930796,415902.416182792,-8.0,8.0,-8.0,8.0,1,1,-11.0,10.0,-11.0,10.0,1,1,,,,,0,0,q3,mid1,mid_low
-2,144600,ASH_COATED_OSMIUM,9991.0,25.0,,,,,10009.0,13.0,,,,,10000.0,0.0,prices_round_1_day_-2.csv,False,18.0,0.3157894736842105,10002.842105263158,10002.842105263158,0.8421052631583734,-2.0,3.9296619779719513,-0.004950134672781208,415614.5949383744,-11.842105263158373,6.157894736841627,-9.0,9.0,1,1,,,,,0,0,,,,,0,0,q3,mid2,mid_low
-2,144700,ASH_COATED_OSMIUM,9993.0,12.0,,,,,10009.0,12.0,,,,,10001.0,0.0,prices_round_1_day_-2.csv,False,16.0,0.0,10001.0,10001.0,-1.8421052631583734,1.0,3.8872331290647035,-0.006219765031098825,415327.1736229304,-8.0,8.0,-8.0,8.0,1,1,,,,,0,0,,,,,0,0,q3,mid1,mid_low
-2,144800,ASH_COATED_OSMIUM,9993.0,15.0,9991.0,29.0,,,10009.0,15.0,10012.0,29.0,,,10001.0,0.0,prices_round_1_day_-2.csv,False,16.0,0.0,10001.0,10001.0,0.0,0.0,3.8869822853107365,-0.006215469613259668,415040.1472417388,-8.0,8.0,-8.0,8.0,1,1,-10.0,11.0,-10.0,11.0,1,1,,,,,0,0,q3,mid1,mid_low
-2,144900,ASH_COATED_OSMIUM,9993.0,14.0,,,,,10009.0,14.0,10011.0,28.0,,,10001.0,0.0,prices_round_1_day_-2.csv,False,16.0,0.0,10001.0,10001.0,0.0,0.0,3.8869822853107365,-0.006211180124223602,414753.517305825,-8.0,8.0,-8.0,8.0,1,1,,10.0,,10.0,0,1,,,,,0,0,q3,mid1,mid_low
-2,145000,ASH_COATED_OSMIUM,9993.0,14.0,9991.0,21.0,,,10012.0,21.0,,,,,10002.5,0.0,prices_round_1_day_-2.csv,False,19.0,-0.2,10000.6,10000.6,-0.3999999999996362,1.5,3.887435892324363,-0.006482758620689404,414467.2831013094,-7.600000000000364,11.399999999999636,-9.5,9.5,1,1,-9.600000000000364,,-11.5,,1,0,,,,,0,0,q3,mid2,mid_low
-2,145100,ASH_COATED_OSMIUM,9990.0,24.0,,,,,10009.0,15.0,10011.0,24.0,,,9999.5,0.0,prices_round_1_day_-2.csv,False,19.0,0.23076923076923078,10001.692307692309,10001.692307692309,1.092307692308168,-3.0,3.890435133886174,-0.005725494354025822,414181.44442779705,-11.692307692308532,7.307692307691468,-9.5,9.5,1,1,,9.307692307691468,,11.5,0,1,,,,,0,0,q3,mid2,mid_low
-2,145200,ASH_COATED_OSMIUM,9993.0,15.0,9990.0,24.0,,,10009.0,15.0,,,,,10001.0,0.0,prices_round_1_day_-2.csv,False,16.0,0.0,10001.0,10001.0,-0.6923076923085318,1.5,3.891789785692909,-0.006198347107438017,413895.99923595873,-8.0,8.0,-8.0,8.0,1,1,-11.0,,-11.0,,1,0,,,,,0,0,q3,mid1,mid_low
-2,145300,ASH_COATED_OSMIUM,9992.0,14.0,9990.0,22.0,,,10008.0,14.0,10011.0,22.0,,,10000.0,0.0,prices_round_1_day_-2.csv,False,16.0,0.0,10000.0,10000.0,-1.0,-1.0,3.8944632573121383,-0.006882312456985547,413610.94757461303,-8.0,8.0,-8.0,8.0,1,1,-10.0,11.0,-10.0,11.0,1,1,,,,,0,0,q3,mid1,low
-2,145400,ASH_COATED_OSMIUM,9993.0,10.0,9990.0,28.0,,,10009.0,10.0,10011.0,28.0,,,10001.0,0.0,prices_round_1_day_-2.csv,False,16.0,0.0,10001.0,10001.0,1.0,1.0,3.8944632573121383,-0.006189821182943604,413326.28829418635,-8.0,8.0,-8.0,8.0,1,1,-11.0,10.0,-11.0,10.0,1,1,,,,,0,0,q3,mid1,mid_low
-2,145500,ASH_COATED_OSMIUM,9990.0,30.0,,,,,10009.0,10.0,10011.0,30.0,,,9999.5,0.0,prices_round_1_day_-2.csv,False,19.0,0.5,10004.25,10004.25,3.25,-1.5,3.894248474132082,-0.003951890034364261,413042.02715745376,-14.25,4.75,-9.5,9.5,1,1,,6.75,,11.5,0,1,,,,,0,0,q3,mid2,mid_low
-2,145600,ASH_COATED_OSMIUM,9992.0,10.0,9990.0,27.0,,,10008.0,10.0,10011.0,27.0,,,10000.0,0.0,prices_round_1_day_-2.csv,False,16.0,0.0,10000.0,10000.0,-4.25,0.5,3.865632965073359,-0.006868131868131868,412758.16185806174,-8.0,8.0,-8.0,8.0,1,1,-10.0,11.0,-10.0,11.0,1,1,,,,,0,0,q3,mid1,low
-2,145700,ASH_COATED_OSMIUM,9992.0,15.0,,,,,10008.0,15.0,10011.0,22.0,,,10000.0,0.0,prices_round_1_day_-2.csv,False,16.0,0.0,10000.0,10000.0,0.0,0.0,3.8066279167456316,-0.0068634179821551134,412474.6741095652,-8.0,8.0,-8.0,8.0,1,1,,11.0,,11.0,0,1,,,,,0,0,q3,mid1,low
-2,145800,ASH_COATED_OSMIUM,9990.0,23.0,,,,,10011.0,23.0,,,,,10000.5,0.0,prices_round_1_day_-2.csv,False,21.0,0.0,10000.5,10000.5,0.5,0.5,3.791554109972647,-0.006515775034293553,412191.575676226,-10.5,10.5,-10.5,10.5,1,1,,,,,0,0,,,,,0,0,q3,mid2,mid_low
-2,145900,ASH_COATED_OSMIUM,9990.0,22.0,,,,,10009.0,13.0,10011.0,22.0,,,9999.5,0.0,prices_round_1_day_-2.csv,False,19.0,0.2571428571428571,10001.942857142858,10001.942857142858,1.4428571428579744,-1.0,3.7379701253031437,-0.005522373445607969,411908.8668446525,-11.942857142857974,7.057142857142026,-9.5,9.5,1,1,,9.057142857142026,,11.5,0,1,,,,,0,0,q3,mid2,mid_low
-2,146000,ASH_COATED_OSMIUM,9993.0,14.0,9990.0,20.0,,,10009.0,14.0,10011.0,20.0,,,10001.0,0.0,prices_round_1_day_-2.csv,False,16.0,0.0,10001.0,10001.0,-0.9428571428579744,1.5,3.694869066380211,-0.0061643835616438354,411626.5447138438,-8.0,8.0,-8.0,8.0,1,1,-11.0,10.0,-11.0,10.0,1,1,,,,,0,0,q3,mid1,mid_low
-2,146100,ASH_COATED_OSMIUM,9993.0,13.0,9990.0,29.0,,,10011.0,29.0,,,,,10002.0,0.0,prices_round_1_day_-2.csv,False,18.0,-0.38095238095238093,9998.57142857143,9998.57142857143,-2.428571428570649,1.0,3.70460782107436,-0.007822430820376898,411344.61274077906,-5.571428571429351,12.428571428570649,-9.0,9.0,1,1,-8.571428571429351,,-12.0,,1,0,,,,,0,0,q3,mid2,low
-2,146200,ASH_COATED_OSMIUM,9993.0,14.0,9990.0,27.0,,,10011.0,27.0,,,,,10002.0,0.0,prices_round_1_day_-2.csv,False,18.0,-0.3170731707317073,9999.146341463415,9999.146341463415,0.57491289198515,0.0,3.6896571408296,-0.007423843048280095,411063.06293010653,-6.146341463414501,11.853658536585499,-9.0,9.0,1,1,-9.146341463414501,,-12.0,,1,0,,,,,0,0,q3,mid2,low
-2,146300,ASH_COATED_OSMIUM,9993.0,12.0,9990.0,23.0,,,10009.0,12.0,,,,,10001.0,0.0,prices_round_1_day_-2.csv,False,16.0,0.0,10001.0,10001.0,1.853658536585499,-1.0,3.6993867724139484,-0.006151742993848257,410781.90041186445,-8.0,8.0,-8.0,8.0,1,1,-11.0,,-11.0,,1,0,,,,,0,0,q3,mid1,mid_low
-2,146400,ASH_COATED_OSMIUM,9993.0,10.0,9990.0,22.0,,,10009.0,10.0,10011.0,22.0,,,10001.0,0.0,prices_round_1_day_-2.csv,False,16.0,0.0,10001.0,10001.0,0.0,0.0,3.678292976805041,-0.006147540983606557,410501.1198921283,-8.0,8.0,-8.0,8.0,1,1,-11.0,10.0,-11.0,10.0,1,1,,,,,0,0,q3,mid1,mid_low
-2,146500,ASH_COATED_OSMIUM,9993.0,10.0,9991.0,24.0,,,10009.0,10.0,10012.0,24.0,,,10001.0,0.0,prices_round_1_day_-2.csv,False,16.0,0.0,10001.0,10001.0,0.0,0.0,3.6754622697944646,-0.0061433447098976105,410220.72295233706,-8.0,8.0,-8.0,8.0,1,1,-10.0,11.0,-10.0,11.0,1,1,,,,,0,0,q3,mid1,mid_low
-2,146600,ASH_COATED_OSMIUM,9993.0,14.0,9991.0,27.0,,,10009.0,14.0,10012.0,27.0,,,10001.0,0.0,prices_round_1_day_-2.csv,False,16.0,0.0,10001.0,10001.0,0.0,0.0,3.670447817691588,-0.006139154160982265,409940.7088070028,-8.0,8.0,-8.0,8.0,1,1,-10.0,11.0,-10.0,11.0,1,1,,,,,0,0,q3,mid1,mid_low
-2,146700,ASH_COATED_OSMIUM,9990.0,22.0,,,,,10009.0,13.0,10011.0,22.0,,,9999.5,0.0,prices_round_1_day_-2.csv,False,19.0,0.2571428571428571,10001.942857142858,10001.942857142858,0.9428571428579744,-1.5,3.4175649240921797,-0.005492258252993883,409661.077286657,-11.942857142857974,7.057142857142026,-9.5,9.5,1,1,,9.057142857142026,,11.5,0,1,,,,,0,0,q3,mid2,mid_low
-2,146800,ASH_COATED_OSMIUM,9993.0,13.0,9990.0,21.0,,,10009.0,13.0,10011.0,21.0,,,10001.0,0.0,prices_round_1_day_-2.csv,False,16.0,0.0,10001.0,10001.0,-0.9428571428579744,1.5,3.2276708008082555,-0.006130790190735695,409381.82698043186,-8.0,8.0,-8.0,8.0,1,1,-11.0,10.0,-11.0,10.0,1,1,,,,,0,0,q2,mid1,mid_low
-2,146900,ASH_COATED_OSMIUM,9992.0,12.0,9990.0,24.0,,,10008.0,12.0,,,,,10000.0,0.0,prices_round_1_day_-2.csv,False,16.0,0.0,10000.0,10000.0,-1.0,-1.0,3.2306411858731066,-0.0068073519400953025,409102.9571984994,-8.0,8.0,-8.0,8.0,1,1,-10.0,,-10.0,,1,0,,,,,0,0,q2,mid1,low
-2,147000,ASH_COATED_OSMIUM,9998.0,2.0,9993.0,10.0,,,10009.0,10.0,,,,,10003.5,0.0,prices_round_1_day_-2.csv,False,11.0,-0.6666666666666666,9999.833333333334,9999.833333333334,-0.16666666666606034,3.5,3.229513104193918,-0.006916099773242218,408824.46643494535,-1.8333333333339397,9.16666666666606,-5.5,5.5,1,1,-6.83333333333394,,-10.5,,1,0,,,,,0,0,q2,tight,low
-2,147100,ASH_COATED_OSMIUM,9992.0,12.0,9990.0,25.0,,,10008.0,12.0,,,,,10000.0,0.0,prices_round_1_day_-2.csv,False,16.0,0.0,10000.0,10000.0,0.16666666666606034,-3.5,3.229290008786348,-0.006798096532970768,408546.35457350017,-8.0,8.0,-8.0,8.0,1,1,-10.0,,-10.0,,1,0,,,,,0,0,q2,mid1,low
-2,147200,ASH_COATED_OSMIUM,9992.0,10.0,9990.0,21.0,,,10008.0,10.0,10011.0,21.0,,,10000.0,0.0,prices_round_1_day_-2.csv,False,16.0,0.0,10000.0,10000.0,0.0,0.0,3.229290008786348,-0.006793478260869565,408268.6208178731,-8.0,8.0,-8.0,8.0,1,1,-10.0,11.0,-10.0,11.0,1,1,,,,,0,0,q2,mid1,low
-2,147300,ASH_COATED_OSMIUM,9990.0,30.0,,,,,10008.0,13.0,10011.0,30.0,,,9999.0,0.0,prices_round_1_day_-2.csv,False,18.0,0.3953488372093023,10002.558139534884,10002.558139534884,2.558139534883594,-1.0,3.2381656057414383,-0.005052179541830554,407991.2688841756,-12.558139534883594,5.441860465116406,-9.0,9.0,1,1,,8.441860465116406,,12.0,0,1,,,,,0,0,q2,mid2,mid_low
-2,147400,ASH_COATED_OSMIUM,9998.0,3.0,,,,,10008.0,14.0,10011.0,30.0,,,10003.0,0.0,prices_round_1_day_-2.csv,False,10.0,-0.6470588235294118,9999.764705882353,9999.764705882353,-2.793433652530439,4.0,3.2610013995519442,-0.006943890174794331,407714.29434304335,-1.7647058823531552,8.235294117646845,-5.0,5.0,1,1,,11.235294117646845,,8.0,0,1,,,,,0,0,q2,tight,low
-2,147500,ASH_COATED_OSMIUM,9993.0,13.0,9990.0,22.0,,,10009.0,13.0,10011.0,22.0,,,10001.0,0.0,prices_round_1_day_-2.csv,False,16.0,0.0,10001.0,10001.0,1.2352941176468448,-2.0,3.26347859058404,-0.006101694915254237,407437.6913903744,-8.0,8.0,-8.0,8.0,1,1,-11.0,10.0,-11.0,10.0,1,1,,,,,0,0,q2,mid1,mid_low
-2,147600,ASH_COATED_OSMIUM,9991.0,28.0,,,,,,,,,,,9991.0,0.0,prices_round_1_day_-2.csv,True,,1.0,,9991.0,-10.0,-10.0,3.5557083950319495,-0.012872628726287264,407161.5301150828,0.0,,0.0,,1,0,,,,,0,0,,,,,0,0,q3,mid1,low
-2,147700,ASH_COATED_OSMIUM,9993.0,15.0,9991.0,22.0,,,10009.0,15.0,,,,,10001.0,0.0,prices_round_1_day_-2.csv,False,16.0,0.0,10001.0,10001.0,10.0,10.0,3.8361840889052834,-0.006093432633716994,406885.7432991099,-8.0,8.0,-8.0,8.0,1,1,-10.0,,-10.0,,1,0,,,,,0,0,q3,mid1,mid_low
-2,147800,ASH_COATED_OSMIUM,9992.0,13.0,9990.0,27.0,,,10008.0,13.0,10011.0,27.0,,,10000.0,0.0,prices_round_1_day_-2.csv,False,16.0,0.0,10000.0,10000.0,-1.0,-1.0,3.8388422928904418,-0.006765899864682003,406610.2627601003,-8.0,8.0,-8.0,8.0,1,1,-10.0,11.0,-10.0,11.0,1,1,,,,,0,0,q3,mid1,low
-2,147900,ASH_COATED_OSMIUM,9992.0,13.0,9990.0,24.0,,,10008.0,13.0,10011.0,24.0,,,10000.0,0.0,prices_round_1_day_-2.csv,False,16.0,0.0,10000.0,10000.0,0.0,0.0,3.8361300581645734,-0.0067613252197430695,406335.1543279526,-8.0,8.0,-8.0,8.0,1,1,-10.0,11.0,-10.0,11.0,1,1,,,,,0,0,q3,mid1,low
-2,148000,ASH_COATED_OSMIUM,9992.0,12.0,9989.0,27.0,,,10008.0,12.0,10010.0,27.0,,,10000.0,0.0,prices_round_1_day_-2.csv,False,16.0,0.0,10000.0,10000.0,0.0,0.0,3.8335223780687304,-0.006756756756756757,406060.41791532084,-8.0,8.0,-8.0,8.0,1,1,-11.0,10.0,-11.0,10.0,1,1,,,,,0,0,q3,mid1,low
-2,148100,ASH_COATED_OSMIUM,9992.0,13.0,9990.0,26.0,,,10008.0,13.0,10011.0,26.0,,,10000.0,0.0,prices_round_1_day_-2.csv,False,16.0,0.0,10000.0,10000.0,0.0,0.0,3.8335223780687304,-0.00675219446320054,405786.05276811164,-8.0,8.0,-8.0,8.0,1,1,-10.0,11.0,-10.0,11.0,1,1,,,,,0,0,q3,mid1,low
-2,148200,ASH_COATED_OSMIUM,9992.0,12.0,9989.0,23.0,,,10008.0,12.0,10010.0,23.0,,,10000.0,0.0,prices_round_1_day_-2.csv,False,16.0,0.0,10000.0,10000.0,0.0,0.0,3.8308063768119527,-0.006747638326585695,405512.0581342679,-8.0,8.0,-8.0,8.0,1,1,-11.0,10.0,-11.0,10.0,1,1,,,,,0,0,q3,mid1,low
-2,148300,ASH_COATED_OSMIUM,9991.0,12.0,9989.0,22.0,,,10007.0,12.0,10010.0,22.0,,,9999.0,0.0,prices_round_1_day_-2.csv,False,16.0,0.0,9999.0,9999.0,-1.0,-1.0,3.8333094279085413,-0.007417397167902899,405238.4339289715,-8.0,8.0,-8.0,8.0,1,1,-10.0,11.0,-10.0,11.0,1,1,,,,,0,0,q3,mid1,low
-2,148400,ASH_COATED_OSMIUM,9991.0,11.0,,,,,10007.0,11.0,10009.0,26.0,,,9999.0,0.0,prices_round_1_day_-2.csv,False,16.0,0.0,9999.0,9999.0,0.0,0.0,3.8333094279085413,-0.007412398921832884,404965.17807335855,-8.0,8.0,-8.0,8.0,1,1,,10.0,,10.0,0,1,,,,,0,0,q3,mid1,low
-2,148500,ASH_COATED_OSMIUM,9991.0,14.0,9989.0,20.0,,,10007.0,14.0,,,,,9999.0,0.0,prices_round_1_day_-2.csv,False,16.0,0.0,9999.0,9999.0,0.0,0.0,3.8333094279085413,-0.007407407407407408,404692.2904870928,-8.0,8.0,-8.0,8.0,1,1,-10.0,,-10.0,,1,0,,,,,0,0,q3,mid1,low
-2,148600,ASH_COATED_OSMIUM,9991.0,10.0,,,,,10007.0,10.0,10010.0,20.0,,,9999.0,0.0,prices_round_1_day_-2.csv,False,16.0,0.0,9999.0,9999.0,0.0,0.0,3.657195304686792,-0.007402422611036339,404419.77042619564,-8.0,8.0,-8.0,8.0,1,1,,11.0,,11.0,0,1,,,,,0,0,q3,mid1,low
-2,148700,ASH_COATED_OSMIUM,9990.0,15.0,,,,,10009.0,25.0,,,,,9999.5,0.0,prices_round_1_day_-2.csv,False,19.0,-0.25,9997.125,9997.125,-1.875,0.5,3.4855799442336037,-0.008658372562205783,404147.61949426355,-7.125,11.875,-9.5,9.5,1,1,,,,,0,0,,,,,0,0,q3,mid2,low
-2,148800,ASH_COATED_OSMIUM,9991.0,13.0,9988.0,23.0,,,10007.0,13.0,10009.0,23.0,,,9999.0,0.0,prices_round_1_day_-2.csv,False,16.0,0.0,9999.0,9999.0,1.875,-0.5,3.2441786084557527,-0.00739247311827957,403875.83464308,-8.0,8.0,-8.0,8.0,1,1,-11.0,10.0,-11.0,10.0,1,1,,,,,0,0,q2,mid1,low
-2,148900,ASH_COATED_OSMIUM,9991.0,11.0,9988.0,22.0,,,10000.0,2.0,10009.0,22.0,,,9995.5,0.0,prices_round_1_day_-2.csv,False,9.0,0.6923076923076923,9998.615384615385,9998.615384615385,-0.3846153846152447,-3.5,2.9912728351303426,-0.007645812884227834,403604.41280676174,-7.615384615384755,1.3846153846152447,-4.5,4.5,1,1,-10.615384615384755,10.384615384615245,-7.5,13.5,1,1,,,,,0,0,q2,tight,low
-2,149000,ASH_COATED_OSMIUM,9991.0,15.0,9988.0,25.0,,,,,,,,,9991.0,0.0,prices_round_1_day_-2.csv,True,,1.0,,9991.0,-7.615384615384755,-4.5,3.176917930671719,-0.012751677852348993,403333.3942883191,0.0,,0.0,,1,0,-3.0,,-3.0,,1,0,,,,,0,0,q2,mid1,low
-2,149100,ASH_COATED_OSMIUM,9991.0,14.0,9988.0,26.0,,,10007.0,14.0,,,,,9999.0,0.0,prices_round_1_day_-2.csv,False,16.0,0.0,9999.0,9999.0,8.0,8.0,3.3820280396047058,-0.007377598926894702,403062.7437962654,-8.0,8.0,-8.0,8.0,1,1,-11.0,,-11.0,,1,0,,,,,0,0,q3,mid1,low
-2,149200,ASH_COATED_OSMIUM,9989.0,29.0,,,,,10007.0,11.0,,,,,9998.0,0.0,prices_round_1_day_-2.csv,False,18.0,0.45,10002.05,10002.05,3.0499999999992724,-1.0,3.2099463387114513,-0.005328418230563491,402792.4195826479,-13.049999999999272,4.950000000000728,-9.0,9.0,1,1,,,,,0,0,,,,,0,0,q2,mid2,mid_low
-2,149300,ASH_COATED_OSMIUM,9992.0,15.0,9989.0,22.0,,,10008.0,15.0,10010.0,22.0,,,10000.0,0.0,prices_round_1_day_-2.csv,False,16.0,0.0,10000.0,10000.0,-2.0499999999992724,2.0,2.915823250009915,-0.006697923643670462,402522.45427319687,-8.0,8.0,-8.0,8.0,1,1,-11.0,10.0,-11.0,10.0,1,1,,,,,0,0,q2,mid1,low
-2,149400,ASH_COATED_OSMIUM,9992.0,14.0,9989.0,26.0,,,10008.0,14.0,10010.0,26.0,,,10000.0,0.0,prices_round_1_day_-2.csv,False,16.0,0.0,10000.0,10000.0,0.0,0.0,2.9060469930001447,-0.006693440428380187,402252.84780686843,-8.0,8.0,-8.0,8.0,1,1,-11.0,10.0,-11.0,10.0,1,1,,,,,0,0,q2,mid1,low
-2,149500,ASH_COATED_OSMIUM,9989.0,21.0,,,,,10007.0,15.0,10010.0,21.0,,,9998.0,0.0,prices_round_1_day_-2.csv,False,18.0,0.16666666666666666,9999.5,9999.5,-0.5,-2.0,2.9030432559528543,-0.0070234113712374585,401983.60242225113,-10.5,7.5,-9.0,9.0,1,1,,10.5,,12.0,0,1,,,,,0,0,q2,mid2,low
-2,149600,ASH_COATED_OSMIUM,9991.0,12.0,9989.0,27.0,,,10007.0,12.0,,,,,9999.0,0.0,prices_round_1_day_-2.csv,False,16.0,0.0,9999.0,9999.0,-0.5,1.0,2.9008301782154597,-0.007352941176470588,401714.71723191073,-8.0,8.0,-8.0,8.0,1,1,-10.0,,-10.0,,1,0,,,,,0,0,q2,mid1,low
-2,149700,ASH_COATED_OSMIUM,9991.0,13.0,9988.0,24.0,,,10007.0,13.0,10009.0,24.0,,,9999.0,0.0,prices_round_1_day_-2.csv,False,16.0,0.0,9999.0,9999.0,0.0,0.0,2.889629077516942,-0.007348029392117568,401446.1913514442,-8.0,8.0,-8.0,8.0,1,1,-11.0,10.0,-11.0,10.0,1,1,,,,,0,0,q2,mid1,low
-2,149800,ASH_COATED_OSMIUM,9991.0,10.0,,,,,10007.0,10.0,,,,,9999.0,0.0,prices_round_1_day_-2.csv,False,16.0,0.0,9999.0,9999.0,0.0,0.0,2.889629077516942,-0.007343124165554072,401178.02422298904,-8.0,8.0,-8.0,8.0,1,1,,,,,0,0,,,,,0,0,q2,mid1,low
-2,149900,ASH_COATED_OSMIUM,9991.0,14.0,,,,,10007.0,14.0,10010.0,30.0,,,9999.0,0.0,prices_round_1_day_-2.csv,False,16.0,0.0,9999.0,9999.0,0.0,0.0,2.889629077516942,-0.00733822548365577,400910.2151280831,-8.0,8.0,-8.0,8.0,1,1,,11.0,,11.0,0,1,,,,,0,0,q2,mid1,low
-2,150000,ASH_COATED_OSMIUM,9991.0,13.0,9989.0,27.0,,,10007.0,13.0,10010.0,27.0,,,9999.0,0.0,prices_round_1_day_-2.csv,False,16.0,0.0,9999.0,9999.0,0.0,0.0,2.8891657367847574,-0.007333333333333333,400642.76335018163,-8.0,8.0,-8.0,8.0,1,1,-10.0,11.0,-10.0,11.0,1,1,,,,,0,0,q2,mid1,low
-2,150100,ASH_COATED_OSMIUM,9992.0,14.0,9989.0,25.0,,,10008.0,14.0,10010.0,25.0,,,10000.0,0.0,prices_round_1_day_-2.csv,False,16.0,0.0,10000.0,10000.0,1.0,1.0,2.888462057681989,-0.006662225183211193,400375.66885064443,-8.0,8.0,-8.0,8.0,1,1,-11.0,10.0,-11.0,10.0,1,1,,,,,0,0,q2,mid1,low
-2,150200,ASH_COATED_OSMIUM,9992.0,14.0,9989.0,28.0,,,10010.0,28.0,,,,,10001.0,0.0,prices_round_1_day_-2.csv,False,18.0,-0.3333333333333333,9998.0,9998.0,-2.0,1.0,2.9004413036514345,-0.007989347536617843,400108.93220967136,-6.0,12.0,-9.0,9.0,1,1,-9.0,,-12.0,,1,0,,,,,0,0,q2,mid2,low
-2,150300,ASH_COATED_OSMIUM,9992.0,14.0,,,,,10008.0,14.0,10011.0,29.0,,,10000.0,0.0,prices_round_1_day_-2.csv,False,16.0,0.0,10000.0,10000.0,2.0,-1.0,2.9116074108833603,-0.00665335994677312,399842.5507829929,-8.0,8.0,-8.0,8.0,1,1,,11.0,,11.0,0,1,,,,,0,0,q2,mid1,low
-2,150400,ASH_COATED_OSMIUM,9992.0,10.0,9990.0,20.0,,,10008.0,10.0,10011.0,20.0,,,10000.0,0.0,prices_round_1_day_-2.csv,False,16.0,0.0,10000.0,10000.0,0.0,0.0,2.9080304999398296,-0.006648936170212766,399576.5211417828,-8.0,8.0,-8.0,8.0,1,1,-10.0,11.0,-10.0,11.0,1,1,,,,,0,0,q2,mid1,low
-2,150500,ASH_COATED_OSMIUM,9990.0,29.0,,,,,10008.0,10.0,,,,,9999.0,0.0,prices_round_1_day_-2.csv,False,18.0,0.48717948717948717,10003.384615384615,10003.384615384615,3.3846153846152447,-1.0,2.9111803186307115,-0.004395604395604488,399310.8529050078,-13.384615384615245,4.615384615384755,-9.0,9.0,1,1,,,,,0,0,,,,,0,0,q2,mid2,mid_low
-2,150600,ASH_COATED_OSMIUM,9992.0,13.0,9989.0,22.0,,,10008.0,13.0,10010.0,22.0,,,10000.0,0.0,prices_round_1_day_-2.csv,False,16.0,0.0,10000.0,10000.0,-3.3846153846152447,1.0,2.887982385341099,-0.006640106241699867,399045.5376660668,-8.0,8.0,-8.0,8.0,1,1,-11.0,10.0,-11.0,10.0,1,1,,,,,0,0,q2,mid1,low
-2,150700,ASH_COATED_OSMIUM,9992.0,15.0,9990.0,26.0,,,10008.0,15.0,10011.0,26.0,,,10000.0,0.0,prices_round_1_day_-2.csv,False,16.0,0.0,10000.0,10000.0,0.0,0.0,2.887982385341099,-0.006635700066357001,398780.5671895582,-8.0,8.0,-8.0,8.0,1,1,-10.0,11.0,-10.0,11.0,1,1,,,,,0,0,q2,mid1,low
-2,150800,ASH_COATED_OSMIUM,9992.0,10.0,9990.0,27.0,,,10008.0,10.0,10011.0,27.0,,,10000.0,0.0,prices_round_1_day_-2.csv,False,16.0,0.0,10000.0,10000.0,0.0,0.0,2.887081255594967,-0.006631299734748011,398515.9483659712,-8.0,8.0,-8.0,8.0,1,1,-10.0,11.0,-10.0,11.0,1,1,,,,,0,0,q2,mid1,low
-2,150900,ASH_COATED_OSMIUM,9993.0,11.0,,,,,10011.0,30.0,,,,,10002.0,0.0,prices_round_1_day_-2.csv,False,18.0,-0.4634146341463415,9997.829268292682,9997.829268292682,-2.1707317073178274,2.0,2.8951876954059674,-0.00806542856681102,398251.68359930074,-4.829268292682173,13.170731707317827,-9.0,9.0,1,1,,,,,0,0,,,,,0,0,q2,mid2,low
-2,151000,ASH_COATED_OSMIUM,9993.0,15.0,9991.0,21.0,,,10009.0,15.0,10012.0,21.0,,,10001.0,0.0,prices_round_1_day_-2.csv,False,16.0,0.0,10001.0,10001.0,3.1707317073178274,-1.0,2.928489441439098,-0.005960264900662252,397987.7726744896,-8.0,8.0,-8.0,8.0,1,1,-10.0,11.0,-10.0,11.0,1,1,,,,,0,0,q2,mid1,mid_low
-2,151100,ASH_COATED_OSMIUM,9993.0,14.0,9991.0,30.0,,,10009.0,14.0,10012.0,30.0,,,10001.0,0.0,prices_round_1_day_-2.csv,False,16.0,0.0,10001.0,10001.0,0.0,0.0,2.907451902334549,-0.005956320317670417,397724.20461313927,-8.0,8.0,-8.0,8.0,1,1,-10.0,11.0,-10.0,11.0,1,1,,,,,0,0,q2,mid1,mid_low
-2,151200,ASH_COATED_OSMIUM,9993.0,13.0,9991.0,21.0,,,10009.0,13.0,10012.0,21.0,,,10001.0,0.0,prices_round_1_day_-2.csv,False,16.0,0.0,10001.0,10001.0,0.0,0.0,2.906464522496284,-0.005952380952380952,397460.985417522,-8.0,8.0,-8.0,8.0,1,1,-10.0,11.0,-10.0,11.0,1,1,,,,,0,0,q2,mid1,mid_low
-2,151300,ASH_COATED_OSMIUM,9993.0,14.0,9991.0,22.0,,,,,,,,,9993.0,0.0,prices_round_1_day_-2.csv,True,,1.0,,9993.0,-8.0,-8.0,3.1078634173857185,-0.011235955056179775,397198.15663256345,0.0,,0.0,,1,0,-2.0,,-2.0,,1,0,,,,,0,0,q2,mid1,low
-2,151400,ASH_COATED_OSMIUM,9993.0,13.0,9991.0,20.0,,,10009.0,13.0,10012.0,20.0,,,10001.0,0.0,prices_round_1_day_-2.csv,False,16.0,0.0,10001.0,10001.0,8.0,8.0,3.315276748490782,-0.0059445178335535,396935.67545667314,-8.0,8.0,-8.0,8.0,1,1,-10.0,11.0,-10.0,11.0,1,1,,,,,0,0,q2,mid1,mid_low
-2,151500,ASH_COATED_OSMIUM,9993.0,11.0,,,,,10009.0,11.0,10012.0,30.0,,,10001.0,0.0,prices_round_1_day_-2.csv,False,16.0,0.0,10001.0,10001.0,0.0,0.0,3.315276748490782,-0.005940594059405941,396673.4986565269,-8.0,8.0,-8.0,8.0,1,1,,11.0,,11.0,0,1,,,,,0,0,q2,mid1,mid_low
-2,151600,ASH_COATED_OSMIUM,9993.0,12.0,9991.0,24.0,,,10009.0,12.0,10012.0,24.0,,,10001.0,0.0,prices_round_1_day_-2.csv,False,16.0,0.0,10001.0,10001.0,0.0,0.0,3.315276748490782,-0.005936675461741424,396411.66796436766,-8.0,8.0,-8.0,8.0,1,1,-10.0,11.0,-10.0,11.0,1,1,,,,,0,0,q2,mid1,mid_low
-2,151700,ASH_COATED_OSMIUM,9993.0,12.0,9990.0,28.0,,,10009.0,12.0,10011.0,28.0,,,10001.0,0.0,prices_round_1_day_-2.csv,False,16.0,0.0,10001.0,10001.0,0.0,0.0,3.3124846610393317,-0.005932762030323006,396150.18269528507,-8.0,8.0,-8.0,8.0,1,1,-11.0,10.0,-11.0,10.0,1,1,,,,,0,0,q2,mid1,mid_low
-2,151800,ASH_COATED_OSMIUM,9993.0,11.0,9990.0,25.0,,,10009.0,11.0,10011.0,25.0,,,10001.0,0.0,prices_round_1_day_-2.csv,False,16.0,0.0,10001.0,10001.0,0.0,0.0,3.309799848598717,-0.005928853754940711,395889.0421661749,-8.0,8.0,-8.0,8.0,1,1,-11.0,10.0,-11.0,10.0,1,1,,,,,0,0,q2,mid1,mid_low
-2,151900,ASH_COATED_OSMIUM,9993.0,10.0,9990.0,30.0,,,10009.0,10.0,10011.0,30.0,,,10001.0,0.0,prices_round_1_day_-2.csv,False,16.0,0.0,10001.0,10001.0,0.0,0.0,3.306653702953105,-0.005924950625411455,395628.2456957329,-8.0,8.0,-8.0,8.0,1,1,-11.0,10.0,-11.0,10.0,1,1,,,,,0,0,q2,mid1,mid_low
-2,152000,ASH_COATED_OSMIUM,9992.0,13.0,9990.0,24.0,,,10008.0,13.0,10011.0,24.0,,,10000.0,0.0,prices_round_1_day_-2.csv,False,16.0,0.0,10000.0,10000.0,-1.0,-1.0,3.3097124960472892,-0.006578947368421052,395367.79325454746,-8.0,8.0,-8.0,8.0,1,1,-10.0,11.0,-10.0,11.0,1,1,,,,,0,0,q2,mid1,low
-2,152100,ASH_COATED_OSMIUM,9992.0,13.0,9990.0,30.0,,,10008.0,13.0,10011.0,30.0,,,10000.0,0.0,prices_round_1_day_-2.csv,False,16.0,0.0,10000.0,10000.0,0.0,0.0,3.3096285669144248,-0.006574621959237344,395107.6828642769,-8.0,8.0,-8.0,8.0,1,1,-10.0,11.0,-10.0,11.0,1,1,,,,,0,0,q2,mid1,low
-2,152200,ASH_COATED_OSMIUM,9993.0,15.0,9990.0,22.0,,,10011.0,22.0,,,,,10002.0,0.0,prices_round_1_day_-2.csv,False,18.0,-0.1891891891891892,10000.297297297297,10000.297297297297,0.29729729729660903,2.0,3.3098956123412147,-0.006374968924246644,394847.9145601436,-7.297297297296609,10.702702702703391,-9.0,9.0,1,1,-10.297297297296609,,-12.0,,1,0,,,,,0,0,q2,mid2,low
-2,152300,ASH_COATED_OSMIUM,9990.0,30.0,,,,,10009.0,12.0,10011.0,30.0,,,9999.5,0.0,prices_round_1_day_-2.csv,False,19.0,0.42857142857142855,10003.57142857143,10003.57142857143,3.274131274132742,-2.5,3.3226867957985666,-0.0042209924022131645,394588.4946127684,-13.571428571429351,5.428571428570649,-9.5,9.5,1,1,,7.428571428570649,,11.5,0,1,,,,,0,0,q2,mid2,mid_low
-2,152400,ASH_COATED_OSMIUM,9990.0,28.0,,,,,10009.0,10.0,10011.0,28.0,,,9999.5,0.0,prices_round_1_day_-2.csv,False,19.0,0.47368421052631576,10004.0,10004.0,0.428571428570649,0.0,3.2981575322588785,-0.003937007874015748,394329.40839646745,-14.0,5.0,-9.5,9.5,1,1,,7.0,,11.5,0,1,,,,,0,0,q2,mid2,mid_low
-2,152500,ASH_COATED_OSMIUM,9993.0,13.0,,,,,10009.0,13.0,10011.0,30.0,,,10001.0,0.0,prices_round_1_day_-2.csv,False,16.0,0.0,10001.0,10001.0,-3.0,1.5,3.3223028497284326,-0.005901639344262295,394070.66795165825,-8.0,8.0,-8.0,8.0,1,1,,10.0,,10.0,0,1,,,,,0,0,q2,mid1,mid_low
-2,152600,ASH_COATED_OSMIUM,9992.0,14.0,9990.0,26.0,,,10002.0,5.0,10008.0,14.0,10011.0,26.0,9997.0,0.0,prices_round_1_day_-2.csv,False,10.0,0.47368421052631576,9999.368421052632,9999.368421052632,-1.6315789473683253,-4.0,3.0037682302896798,-0.006966958681106373,393812.26268814557,-7.368421052631675,2.6315789473683253,-5.0,5.0,1,1,-9.368421052631675,8.631578947368325,-7.0,11.0,1,1,,11.631578947368325,,14.0,0,1,q2,tight,low
-2,152700,ASH_COATED_OSMIUM,9992.0,14.0,9990.0,26.0,,,10008.0,14.0,10011.0,26.0,,,10000.0,0.0,prices_round_1_day_-2.csv,False,16.0,0.0,10000.0,10000.0,0.6315789473683253,3.0,2.649174137266887,-0.006548788474132285,393554.1946309933,-8.0,8.0,-8.0,8.0,1,1,-10.0,11.0,-10.0,11.0,1,1,,,,,0,0,q1,mid1,low
-2,152800,ASH_COATED_OSMIUM,9992.0,13.0,9990.0,21.0,,,10008.0,13.0,10011.0,21.0,,,10000.0,0.0,prices_round_1_day_-2.csv,False,16.0,0.0,10000.0,10000.0,0.0,0.0,2.645396682836764,-0.006544502617801047,393296.46431364684,-8.0,8.0,-8.0,8.0,1,1,-10.0,11.0,-10.0,11.0,1,1,,,,,0,0,q1,mid1,low
-2,152900,ASH_COATED_OSMIUM,9992.0,14.0,9989.0,23.0,,,10008.0,14.0,10010.0,23.0,,,10000.0,0.0,prices_round_1_day_-2.csv,False,16.0,0.0,10000.0,10000.0,0.0,0.0,2.645396682836764,-0.006540222367560497,393039.0713396476,-8.0,8.0,-8.0,8.0,1,1,-11.0,10.0,-11.0,10.0,1,1,,,,,0,0,q1,mid1,low
-2,153000,ASH_COATED_OSMIUM,9992.0,15.0,9989.0,23.0,,,10008.0,15.0,10010.0,23.0,,,10000.0,0.0,prices_round_1_day_-2.csv,False,16.0,0.0,10000.0,10000.0,0.0,0.0,2.645396682836764,-0.006535947712418301,392782.0150471055,-8.0,8.0,-8.0,8.0,1,1,-11.0,10.0,-11.0,10.0,1,1,,,,,0,0,q1,mid1,low
-2,153100,ASH_COATED_OSMIUM,9991.0,11.0,,,,,10010.0,30.0,,,,,10000.5,0.0,prices_round_1_day_-2.csv,False,19.0,-0.4634146341463415,9996.09756097561,9996.09756097561,-3.9024390243903326,0.5,2.7023516085708477,-0.009080626403912693,392525.30468965444,-5.097560975609667,13.902439024390333,-9.5,9.5,1,1,,,,,0,0,,,,,0,0,q1,mid2,low
-2,153200,ASH_COATED_OSMIUM,9991.0,10.0,,,,,10007.0,10.0,10009.0,22.0,,,9999.0,0.0,prices_round_1_day_-2.csv,False,16.0,0.0,9999.0,9999.0,2.9024390243903326,-1.5,2.7350381092670557,-0.007180156657963447,392268.9253080239,-8.0,8.0,-8.0,8.0,1,1,,10.0,,10.0,0,1,,,,,0,0,q1,mid1,low
-2,153300,ASH_COATED_OSMIUM,9990.0,14.0,9988.0,27.0,,,10006.0,14.0,,,,,9998.0,0.0,prices_round_1_day_-2.csv,False,16.0,0.0,9998.0,9998.0,-1.0,-1.0,2.7350381092670557,-0.007827788649706457,392012.8757386638,-8.0,8.0,-8.0,8.0,1,1,-10.0,,-10.0,,1,0,,,,,0,0,q1,mid1,low
-2,153400,ASH_COATED_OSMIUM,9991.0,10.0,9988.0,27.0,,,10009.0,27.0,,,,,10000.0,0.0,prices_round_1_day_-2.csv,False,18.0,-0.4594594594594595,9995.864864864865,9995.864864864865,-2.1351351351349876,2.0,2.751339043555268,-0.009214560062017593,391757.16252714896,-4.864864864865012,13.135135135134988,-9.0,9.0,1,1,-7.864864864865012,,-12.0,,1,0,,,,,0,0,q1,mid2,low
-2,153500,ASH_COATED_OSMIUM,9988.0,26.0,,,,,10007.0,10.0,10009.0,26.0,,,9997.5,0.0,prices_round_1_day_-2.csv,False,19.0,0.4444444444444444,10001.722222222223,10001.722222222223,5.857357357357614,-2.5,2.875939835305479,-0.0053926891060438915,391501.8021827667,-13.722222222222626,5.277777777777374,-9.5,9.5,1,1,,7.277777777777374,,11.5,0,1,,,,,0,0,q2,mid2,mid_low
-2,153600,ASH_COATED_OSMIUM,9991.0,15.0,9988.0,20.0,,,,,,,,,9991.0,0.0,prices_round_1_day_-2.csv,True,,1.0,,9991.0,-10.722222222222626,-6.5,3.2548699028448493,-0.012369791666666666,391246.8269211902,0.0,,0.0,,1,0,-3.0,,-3.0,,1,0,,,,,0,0,q2,mid1,low
-2,153700,ASH_COATED_OSMIUM,9988.0,30.0,,,,,10009.0,30.0,,,,,9998.5,0.0,prices_round_1_day_-2.csv,False,21.0,0.0,9998.5,9998.5,7.5,7.5,3.4199035928583177,-0.007482108002602472,390992.1456530005,-10.5,10.5,-10.5,10.5,1,1,,,,,0,0,,,,,0,0,q3,mid2,low
-2,153800,ASH_COATED_OSMIUM,9991.0,15.0,9989.0,25.0,,,10007.0,15.0,10010.0,25.0,,,9999.0,0.0,prices_round_1_day_-2.csv,False,16.0,0.0,9999.0,9999.0,0.5,0.5,3.410259060534175,-0.007152145643693108,390737.7592585422,-8.0,8.0,-8.0,8.0,1,1,-10.0,11.0,-10.0,11.0,1,1,,,,,0,0,q3,mid1,low
-2,153900,ASH_COATED_OSMIUM,9991.0,15.0,,,,,10007.0,15.0,10010.0,21.0,,,9999.0,0.0,prices_round_1_day_-2.csv,False,16.0,0.0,9999.0,9999.0,0.0,0.0,3.40980754907242,-0.007147498375568551,390483.7034983293,-8.0,8.0,-8.0,8.0,1,1,,11.0,,11.0,0,1,,,,,0,0,q3,mid1,low
-2,154000,ASH_COATED_OSMIUM,9991.0,14.0,9989.0,22.0,,,10010.0,22.0,,,,,10000.5,0.0,prices_round_1_day_-2.csv,False,19.0,-0.2222222222222222,9998.388888888889,9998.388888888889,-0.6111111111113132,1.5,3.2293393761565743,-0.007539682539682671,390229.97813188157,-7.388888888888687,11.611111111111313,-9.5,9.5,1,1,-9.388888888888687,,-11.5,,1,0,,,,,0,0,q2,mid2,low
-2,154100,ASH_COATED_OSMIUM,9992.0,11.0,9989.0,23.0,,,10010.0,23.0,,,,,10001.0,0.0,prices_round_1_day_-2.csv,False,18.0,-0.35294117647058826,9997.823529411764,9997.823529411764,-0.5653594771247299,0.5,3.025021068474763,-0.007901668129939029,389976.58224410826,-5.823529411763957,12.176470588236043,-9.0,9.0,1,1,-8.823529411763957,,-12.0,,1,0,,,,,0,0,q2,mid2,low
-2,154200,ASH_COATED_OSMIUM,9992.0,11.0,9989.0,29.0,,,10008.0,11.0,10010.0,29.0,,,10000.0,0.0,prices_round_1_day_-2.csv,False,16.0,0.0,10000.0,10000.0,2.176470588236043,-1.0,3.0093901567222248,-0.00648508430609598,389723.5181209049,-8.0,8.0,-8.0,8.0,1,1,-11.0,10.0,-11.0,10.0,1,1,,,,,0,0,q2,mid1,low
-2,154300,ASH_COATED_OSMIUM,9991.0,14.0,9989.0,22.0,,,10007.0,14.0,10010.0,22.0,,,9999.0,0.0,prices_round_1_day_-2.csv,False,16.0,0.0,9999.0,9999.0,-1.0,-1.0,2.9987295835697947,-0.007128969539857421,389470.7797735063,-8.0,8.0,-8.0,8.0,1,1,-10.0,11.0,-10.0,11.0,1,1,,,,,0,0,q2,mid1,low
-2,154400,ASH_COATED_OSMIUM,9991.0,14.0,9988.0,24.0,,,10007.0,14.0,10009.0,24.0,,,9999.0,0.0,prices_round_1_day_-2.csv,False,16.0,0.0,9999.0,9999.0,0.0,0.0,2.9987295835697947,-0.007124352331606218,389218.3683802965,-8.0,8.0,-8.0,8.0,1,1,-11.0,10.0,-11.0,10.0,1,1,,,,,0,0,q2,mid1,low
-2,154500,ASH_COATED_OSMIUM,9989.0,30.0,,,,,10007.0,14.0,10010.0,30.0,,,9998.0,0.0,prices_round_1_day_-2.csv,False,18.0,0.36363636363636365,10001.272727272728,10001.272727272728,2.272727272727934,-1.0,3.0152639396772782,-0.00564872021182658,388966.28730903927,-12.272727272727934,5.727272727272066,-9.0,9.0,1,1,,8.727272727272066,,12.0,0,1,,,,,0,0,q2,mid2,mid_low
-2,154600,ASH_COATED_OSMIUM,9992.0,15.0,9989.0,25.0,,,10008.0,15.0,10010.0,25.0,,,10000.0,0.0,prices_round_1_day_-2.csv,False,16.0,0.0,10000.0,10000.0,-1.2727272727279342,2.0,3.02004088572271,-0.00646830530401035,388714.5302327549,-8.0,8.0,-8.0,8.0,1,1,-11.0,10.0,-11.0,10.0,1,1,,,,,0,0,q2,mid1,low
-2,154700,ASH_COATED_OSMIUM,9989.0,23.0,,,,,10008.0,12.0,,,,,9998.5,0.0,prices_round_1_day_-2.csv,False,19.0,0.3142857142857143,10001.485714285714,10001.485714285714,1.4857142857144936,-1.5,3.0271407404057045,-0.005503739957521335,388463.09924629744,-12.485714285714494,6.514285714285506,-9.5,9.5,1,1,,,,,0,0,,,,,0,0,q2,mid2,mid_low
-2,154800,ASH_COATED_OSMIUM,9991.0,13.0,,,,,10007.0,13.0,,,,,9999.0,0.0,prices_round_1_day_-2.csv,False,16.0,0.0,9999.0,9999.0,-2.4857142857144936,0.5,3.0483110849786605,-0.0071059431524547806,388211.9958514844,-8.0,8.0,-8.0,8.0,1,1,,,,,0,0,,,,,0,0,q2,mid1,low
-2,154900,ASH_COATED_OSMIUM,9992.0,11.0,,,,,10001.0,5.0,10010.0,30.0,,,9996.5,0.0,prices_round_1_day_-2.csv,False,9.0,0.375,9998.1875,9998.1875,-0.8125,-2.5,3.0504759621743913,-0.00762588766946417,387961.2133271881,-6.1875,2.8125,-4.5,4.5,1,1,,11.8125,,13.5,0,1,,,,,0,0,q2,tight,low
-2,155000,ASH_COATED_OSMIUM,9992.0,12.0,9989.0,29.0,,,10008.0,12.0,,,,,10000.0,0.0,prices_round_1_day_-2.csv,False,16.0,0.0,10000.0,10000.0,1.8125,3.5,3.0614226903796093,-0.0064516129032258064,387710.75632098655,-8.0,8.0,-8.0,8.0,1,1,-11.0,,-11.0,,1,0,,,,,0,0,q2,mid1,low
-2,155100,ASH_COATED_OSMIUM,,,,,,,10008.0,12.0,10010.0,20.0,,,10008.0,0.0,prices_round_1_day_-2.csv,True,,-1.0,,10008.0,8.0,8.0,3.260722142282461,-0.0012894906511927789,387460.66167944856,,0.0,,0.0,0,1,,2.0,,2.0,0,1,,,,,0,0,q2,mid1,mid_low
-2,155200,ASH_COATED_OSMIUM,9991.0,15.0,9989.0,22.0,,,10007.0,15.0,10010.0,22.0,,,9999.0,0.0,prices_round_1_day_-2.csv,False,16.0,0.0,9999.0,9999.0,-9.0,-9.0,3.4970633031608083,-0.007087628865979381,387210.9004047455,-8.0,8.0,-8.0,8.0,1,1,-10.0,11.0,-10.0,11.0,1,1,,,,,0,0,q3,mid1,low
-2,155300,ASH_COATED_OSMIUM,9991.0,12.0,9988.0,23.0,,,10000.0,3.0,10007.0,12.0,10009.0,23.0,9995.5,0.0,prices_round_1_day_-2.csv,False,9.0,0.6,9998.2,9998.2,-0.7999999999992724,-3.5,3.487114284337158,-0.007598197037990517,386961.40925004217,-7.200000000000728,1.7999999999992724,-4.5,4.5,1,1,-10.200000000000728,8.799999999999272,-7.5,11.5,1,1,,10.799999999999272,,13.5,0,1,q3,tight,low
-2,155400,ASH_COATED_OSMIUM,9991.0,15.0,9988.0,22.0,,,10007.0,15.0,10009.0,22.0,,,9999.0,0.0,prices_round_1_day_-2.csv,False,16.0,0.0,9999.0,9999.0,0.7999999999992724,3.5,3.489117587905616,-0.007078507078507079,386712.2394126598,-8.0,8.0,-8.0,8.0,1,1,-11.0,10.0,-11.0,10.0,1,1,,,,,0,0,q3,mid1,low
-2,155500,ASH_COATED_OSMIUM,9988.0,22.0,,,,,10009.0,22.0,,,,,9998.5,0.0,prices_round_1_day_-2.csv,False,21.0,0.0,9998.5,9998.5,-0.5,-0.5,3.4548408065114464,-0.007395498392282958,386463.38999399997,-10.5,10.5,-10.5,10.5,1,1,,,,,0,0,,,,,0,0,q3,mid2,low
-2,155600,ASH_COATED_OSMIUM,9990.0,11.0,,,,,10009.0,30.0,,,,,9999.5,0.0,prices_round_1_day_-2.csv,False,19.0,-0.4634146341463415,9995.09756097561,9995.09756097561,-3.4024390243903326,1.0,3.45518777691315,-0.009577402971973221,386214.8678904109,-5.097560975609667,13.902439024390333,-9.5,9.5,1,1,,,,,0,0,,,,,0,0,q3,mid2,low
-2,155700,ASH_COATED_OSMIUM,9990.0,11.0,9988.0,20.0,,,10006.0,11.0,10009.0,20.0,,,9998.0,0.0,prices_round_1_day_-2.csv,False,16.0,0.0,9998.0,9998.0,2.9024390243903326,-1.5,3.4811522739614236,-0.007707129094412331,385966.6632673408,-8.0,8.0,-8.0,8.0,1,1,-10.0,11.0,-10.0,11.0,1,1,,,,,0,0,q3,mid1,low
-2,155800,ASH_COATED_OSMIUM,9990.0,12.0,,,,,10008.0,21.0,,,,,9999.0,0.0,prices_round_1_day_-2.csv,False,18.0,-0.2727272727272727,9996.545454545454,9996.545454545454,-1.4545454545459506,1.0,3.486884058296826,-0.008635780137706002,385718.77336928697,-6.545454545454049,11.45454545454595,-9.0,9.0,1,1,,,,,0,0,,,,,0,0,q3,mid2,low
-2,155900,ASH_COATED_OSMIUM,9989.0,14.0,9987.0,27.0,,,10005.0,14.0,10008.0,27.0,,,9997.0,0.0,prices_round_1_day_-2.csv,False,16.0,0.0,9997.0,9997.0,0.45454545454595063,-2.0,3.4743348233055342,-0.008338678640153944,385471.20048162964,-8.0,8.0,-8.0,8.0,1,1,-10.0,11.0,-10.0,11.0,1,1,,,,,0,0,q3,mid1,low
-2,156000,ASH_COATED_OSMIUM,9990.0,13.0,9987.0,27.0,,,10006.0,13.0,,,,,9998.0,0.0,prices_round_1_day_-2.csv,False,16.0,0.0,9998.0,9998.0,1.0,1.0,3.4471500648656983,-0.007692307692307693,385223.9457129404,-8.0,8.0,-8.0,8.0,1,1,-11.0,,-11.0,,1,0,,,,,0,0,q3,mid1,low
-2,156100,ASH_COATED_OSMIUM,9990.0,13.0,9987.0,23.0,,,10006.0,13.0,,,,,9998.0,0.0,prices_round_1_day_-2.csv,False,16.0,0.0,9998.0,9998.0,0.0,0.0,3.4471500648656983,-0.007687379884689302,384977.0072862393,-8.0,8.0,-8.0,8.0,1,1,-11.0,,-11.0,,1,0,,,,,0,0,q3,mid1,low
-2,156200,ASH_COATED_OSMIUM,9989.0,13.0,9987.0,24.0,,,10005.0,13.0,,,,,9997.0,0.0,prices_round_1_day_-2.csv,False,16.0,0.0,9997.0,9997.0,-1.0,-1.0,3.4496948546374,-0.008322663252240717,384730.38587481563,-8.0,8.0,-8.0,8.0,1,1,-10.0,,-10.0,,1,0,,,,,0,0,q3,mid1,low
-2,156300,ASH_COATED_OSMIUM,9987.0,25.0,,,,,10005.0,13.0,10008.0,25.0,,,9996.0,0.0,prices_round_1_day_-2.csv,False,18.0,0.3157894736842105,9998.842105263158,9998.842105263158,1.8421052631583734,-1.0,3.2643719364602557,-0.007138768225746402,384484.0818005634,-11.842105263158373,6.157894736841627,-9.0,9.0,1,1,,9.157894736841627,,12.0,0,1,,,,,0,0,q2,mid2,low
-2,156400,ASH_COATED_OSMIUM,9989.0,13.0,9987.0,20.0,,,10008.0,20.0,,,,,9998.5,0.0,prices_round_1_day_-2.csv,False,19.0,-0.21212121212121213,9996.484848484848,9996.484848484848,-2.3572567783103295,2.5,3.077176065515284,-0.008641401224521712,384238.09423672635,-7.484848484848044,11.515151515151956,-9.5,9.5,1,1,-9.484848484848044,,-11.5,,1,0,,,,,0,0,q2,mid2,low
-2,156500,ASH_COATED_OSMIUM,9995.0,4.0,9987.0,30.0,,,10008.0,30.0,,,,,10001.5,0.0,prices_round_1_day_-2.csv,False,13.0,-0.7647058823529411,9996.529411764706,9996.529411764706,0.04456327985826647,3.0,3.077209207858217,-0.008607404623190856,383992.41770769324,-1.5294117647063104,11.47058823529369,-6.5,6.5,1,1,-9.52941176470631,,-14.5,,1,0,,,,,0,0,q2,tight,low
-2,156600,ASH_COATED_OSMIUM,9989.0,10.0,9987.0,26.0,,,9999.0,2.0,10005.0,10.0,10008.0,26.0,9994.0,0.0,prices_round_1_day_-2.csv,False,10.0,0.6666666666666666,9997.333333333334,9997.333333333334,0.8039215686276293,-7.5,3.0797850876532955,-0.00808854831843299,383747.05556205363,-8.33333333333394,1.6666666666660603,-5.0,5.0,1,1,-10.33333333333394,7.66666666666606,-7.0,11.0,1,1,,10.66666666666606,,14.0,0,1,q2,tight,low
-2,156700,ASH_COATED_OSMIUM,9989.0,14.0,,,,,10005.0,14.0,10008.0,29.0,,,9997.0,0.0,prices_round_1_day_-2.csv,False,16.0,0.0,9997.0,9997.0,-0.33333333333393966,3.0,3.079983875920058,-0.008296107211231652,383502.0064242213,-8.0,8.0,-8.0,8.0,1,1,,11.0,,11.0,0,1,,,,,0,0,q2,mid1,low
-2,156800,ASH_COATED_OSMIUM,9987.0,24.0,,,,,10005.0,12.0,,,,,9996.0,0.0,prices_round_1_day_-2.csv,False,18.0,0.3333333333333333,9999.0,9999.0,2.0,-1.0,3.0939992385539528,-0.00701530612244898,383257.27255329397,-12.0,6.0,-9.0,9.0,1,1,,,,,0,0,,,,,0,0,q2,mid2,low
-2,156900,ASH_COATED_OSMIUM,9990.0,12.0,9987.0,20.0,,,10006.0,12.0,10008.0,20.0,,,9998.0,0.0,prices_round_1_day_-2.csv,False,16.0,0.0,9998.0,9998.0,-1.0,2.0,3.096966037125886,-0.0076481835564053535,383012.84890076646,-8.0,8.0,-8.0,8.0,1,1,-11.0,10.0,-11.0,10.0,1,1,,,,,0,0,q2,mid1,low
-2,157000,ASH_COATED_OSMIUM,9989.0,14.0,9986.0,30.0,,,10005.0,14.0,,,,,9997.0,0.0,prices_round_1_day_-2.csv,False,16.0,0.0,9997.0,9997.0,-1.0,-1.0,3.096966037125886,-0.008280254777070064,382768.73681359895,-8.0,8.0,-8.0,8.0,1,1,-11.0,,-11.0,,1,0,,,,,0,0,q2,mid1,low
-2,157100,ASH_COATED_OSMIUM,9989.0,14.0,9986.0,27.0,,,10005.0,14.0,,,,,9997.0,0.0,prices_round_1_day_-2.csv,False,16.0,0.0,9997.0,9997.0,0.0,0.0,3.096966037125886,-0.008274984086569064,382524.93507044925,-8.0,8.0,-8.0,8.0,1,1,-11.0,,-11.0,,1,0,,,,,0,0,q2,mid1,low
-2,157200,ASH_COATED_OSMIUM,9989.0,12.0,9986.0,21.0,,,10005.0,12.0,10007.0,21.0,,,9997.0,0.0,prices_round_1_day_-2.csv,False,16.0,0.0,9997.0,9997.0,0.0,0.0,3.096551419702229,-0.00826972010178117,382281.44370507554,-8.0,8.0,-8.0,8.0,1,1,-11.0,10.0,-11.0,10.0,1,1,,,,,0,0,q2,mid1,low
-2,157300,ASH_COATED_OSMIUM,,,,,,,10007.0,29.0,,,,,10007.0,0.0,prices_round_1_day_-2.csv,True,,-1.0,,10007.0,10.0,10.0,3.3779153992994666,-0.0019071837253655435,382038.3258030907,,0.0,,0.0,0,1,,,,,0,0,,,,,0,0,q3,mid1,mid_low
-2,157400,ASH_COATED_OSMIUM,9987.0,26.0,,,,,10006.0,12.0,,,,,9996.5,0.0,prices_round_1_day_-2.csv,False,19.0,0.3684210526315789,10000.0,10000.0,-7.0,-10.5,3.522049317551049,-0.0063532401524777635,381795.48449119367,-13.0,6.0,-9.5,9.5,1,1,,,,,0,0,,,,,0,0,q3,mid2,low
-2,157500,ASH_COATED_OSMIUM,9989.0,11.0,,,,,10005.0,11.0,10008.0,28.0,,,9997.0,0.0,prices_round_1_day_-2.csv,False,16.0,0.0,9997.0,9997.0,-3.0,0.5,3.522049317551049,-0.008253968253968255,381552.92634109175,-8.0,8.0,-8.0,8.0,1,1,,11.0,,11.0,0,1,,,,,0,0,q3,mid1,low
-2,157600,ASH_COATED_OSMIUM,9989.0,11.0,9986.0,25.0,,,10005.0,11.0,10007.0,25.0,,,9997.0,0.0,prices_round_1_day_-2.csv,False,16.0,0.0,9997.0,9997.0,0.0,0.0,3.5149317064247843,-0.008248730964467006,381310.6705148866,-8.0,8.0,-8.0,8.0,1,1,-11.0,10.0,-11.0,10.0,1,1,,,,,0,0,q3,mid1,low
-2,157700,ASH_COATED_OSMIUM,9989.0,10.0,9986.0,22.0,,,10005.0,10.0,10007.0,22.0,,,9997.0,0.0,prices_round_1_day_-2.csv,False,16.0,0.0,9997.0,9997.0,0.0,0.0,3.5135765734565014,-0.008243500317057704,381068.722119933,-8.0,8.0,-8.0,8.0,1,1,-11.0,10.0,-11.0,10.0,1,1,,,,,0,0,q3,mid1,low
-2,157800,ASH_COATED_OSMIUM,9989.0,11.0,9987.0,23.0,,,10005.0,11.0,10008.0,23.0,,,9997.0,0.0,prices_round_1_day_-2.csv,False,16.0,0.0,9997.0,9997.0,0.0,0.0,3.5135765734565014,-0.008238276299112801,380827.0805713902,-8.0,8.0,-8.0,8.0,1,1,-10.0,11.0,-10.0,11.0,1,1,,,,,0,0,q3,mid1,low
-2,157900,ASH_COATED_OSMIUM,9989.0,13.0,,,,,10005.0,13.0,10008.0,27.0,,,9997.0,0.0,prices_round_1_day_-2.csv,False,16.0,0.0,9997.0,9997.0,0.0,0.0,3.5135765734565014,-0.008233058898036731,380585.7452859,-8.0,8.0,-8.0,8.0,1,1,,11.0,,11.0,0,1,,,,,0,0,q3,mid1,low
-2,158000,ASH_COATED_OSMIUM,9989.0,12.0,9986.0,25.0,,,10005.0,12.0,10007.0,25.0,,,9997.0,0.0,prices_round_1_day_-2.csv,False,16.0,0.0,9997.0,9997.0,0.0,0.0,3.5135765734565014,-0.008227848101265823,380344.71568158193,-8.0,8.0,-8.0,8.0,1,1,-11.0,10.0,-11.0,10.0,1,1,,,,,0,0,q3,mid1,low
-2,158100,ASH_COATED_OSMIUM,9986.0,25.0,,,,,10007.0,25.0,,,,,9996.5,0.0,prices_round_1_day_-2.csv,False,21.0,0.0,9996.5,9996.5,-0.5,-0.5,3.4703217725806637,-0.008538899430740038,380103.99133095244,-10.5,10.5,-10.5,10.5,1,1,,,,,0,0,,,,,0,0,q3,mid2,low
-2,158200,ASH_COATED_OSMIUM,9989.0,11.0,9986.0,30.0,,,10005.0,11.0,10007.0,30.0,,,9997.0,0.0,prices_round_1_day_-2.csv,False,16.0,0.0,9997.0,9997.0,0.5,0.5,3.4459755110355688,-0.008217446270543615,379863.5715125574,-8.0,8.0,-8.0,8.0,1,1,-11.0,10.0,-11.0,10.0,1,1,,,,,0,0,q3,mid1,low
-2,158300,ASH_COATED_OSMIUM,9989.0,14.0,9986.0,22.0,,,10005.0,14.0,,,,,9997.0,0.0,prices_round_1_day_-2.csv,False,16.0,0.0,9997.0,9997.0,0.0,0.0,3.443190896419695,-0.0082122552116235,379623.45547498146,-8.0,8.0,-8.0,8.0,1,1,-11.0,,-11.0,,1,0,,,,,0,0,q3,mid1,low
-2,158400,ASH_COATED_OSMIUM,9988.0,15.0,9986.0,29.0,,,10004.0,15.0,10007.0,29.0,,,9996.0,0.0,prices_round_1_day_-2.csv,False,16.0,0.0,9996.0,9996.0,-1.0,-1.0,3.432686359923991,-0.008838383838383838,379383.6434266852,-8.0,8.0,-8.0,8.0,1,1,-10.0,11.0,-10.0,11.0,1,1,,,,,0,0,q3,mid1,low
-2,158500,ASH_COATED_OSMIUM,9988.0,11.0,9986.0,24.0,,,10004.0,11.0,10007.0,24.0,,,9996.0,0.0,prices_round_1_day_-2.csv,False,16.0,0.0,9996.0,9996.0,0.0,0.0,3.3271312031627356,-0.008832807570977918,379144.1335508338,-8.0,8.0,-8.0,8.0,1,1,-10.0,11.0,-10.0,11.0,1,1,,,,,0,0,q2,mid1,low
-2,158600,ASH_COATED_OSMIUM,9988.0,12.0,9986.0,27.0,,,10004.0,12.0,10007.0,27.0,,,9996.0,0.0,prices_round_1_day_-2.csv,False,16.0,0.0,9996.0,9996.0,0.0,0.0,2.9541017049297755,-0.008827238335435058,378904.92589564587,-8.0,8.0,-8.0,8.0,1,1,-10.0,11.0,-10.0,11.0,1,1,,,,,0,0,q2,mid1,low
-2,158700,ASH_COATED_OSMIUM,9986.0,25.0,,,,,10005.0,15.0,10007.0,25.0,,,9995.5,0.0,prices_round_1_day_-2.csv,False,19.0,0.25,9997.875,9997.875,1.875,-0.5,2.767769822660887,-0.007640201638311279,378666.02212557854,-11.875,7.125,-9.5,9.5,1,1,,9.125,,11.5,0,1,,,,,0,0,q2,mid2,low
-2,158800,ASH_COATED_OSMIUM,9988.0,11.0,9986.0,21.0,,,10007.0,21.0,,,,,9997.5,0.0,prices_round_1_day_-2.csv,False,19.0,-0.3125,9994.53125,9994.53125,-3.34375,2.0,2.8063558395172348,-0.00974102644836272,378427.42420528515,-6.53125,12.46875,-9.5,9.5,1,1,-8.53125,,-11.5,,1,0,,,,,0,0,q2,mid2,low
-2,158900,ASH_COATED_OSMIUM,9988.0,12.0,9986.0,21.0,,,10004.0,12.0,10007.0,21.0,,,9996.0,0.0,prices_round_1_day_-2.csv,False,16.0,0.0,9996.0,9996.0,1.46875,-1.5,2.814984115282625,-0.00881057268722467,378189.1211576496,-8.0,8.0,-8.0,8.0,1,1,-10.0,11.0,-10.0,11.0,1,1,,,,,0,0,q2,mid1,low
-2,159000,ASH_COATED_OSMIUM,9988.0,11.0,,,,,10004.0,11.0,10007.0,30.0,,,9996.0,0.0,prices_round_1_day_-2.csv,False,16.0,0.0,9996.0,9996.0,0.0,0.0,2.813868896989458,-0.00880503144654088,377951.1166761644,-8.0,8.0,-8.0,8.0,1,1,,11.0,,11.0,0,1,,,,,0,0,q2,mid1,low
-2,159100,ASH_COATED_OSMIUM,9988.0,14.0,,,,,10004.0,14.0,10007.0,22.0,,,9996.0,0.0,prices_round_1_day_-2.csv,False,16.0,0.0,9996.0,9996.0,0.0,0.0,2.8128823534260636,-0.008799497171590195,377713.41157138534,-8.0,8.0,-8.0,8.0,1,1,,11.0,,11.0,0,1,,,,,0,0,q2,mid1,low
-2,159200,ASH_COATED_OSMIUM,9988.0,14.0,,,,,10004.0,14.0,,,,,9996.0,0.0,prices_round_1_day_-2.csv,False,16.0,0.0,9996.0,9996.0,0.0,0.0,2.794719987234772,-0.008793969849246231,377476.00527880585,-8.0,8.0,-8.0,8.0,1,1,,,,,0,0,,,,,0,0,q2,mid1,low
-2,159300,ASH_COATED_OSMIUM,9988.0,14.0,9986.0,23.0,,,10004.0,14.0,,,,,9996.0,0.0,prices_round_1_day_-2.csv,False,16.0,0.0,9996.0,9996.0,0.0,0.0,2.791578189240158,-0.008788449466415568,377238.8972353375,-8.0,8.0,-8.0,8.0,1,1,-10.0,,-10.0,,1,0,,,,,0,0,q2,mid1,low
-2,159400,ASH_COATED_OSMIUM,9989.0,11.0,9986.0,21.0,,,10005.0,11.0,10007.0,21.0,,,9997.0,0.0,prices_round_1_day_-2.csv,False,16.0,0.0,9997.0,9997.0,1.0,1.0,2.7955961378985337,-0.008155583437892095,377002.0875176855,-8.0,8.0,-8.0,8.0,1,1,-11.0,10.0,-11.0,10.0,1,1,,,,,0,0,q2,mid1,low
-2,159500,ASH_COATED_OSMIUM,9986.0,25.0,,,,,10004.0,15.0,,,,,9995.0,0.0,prices_round_1_day_-2.csv,False,18.0,0.25,9997.25,9997.25,0.25,-2.0,2.7760127572598794,-0.00799373040752351,376765.5743301603,-11.25,6.75,-9.0,9.0,1,1,,,,,0,0,,,,,0,0,q2,mid2,low
-2,159600,ASH_COATED_OSMIUM,9989.0,11.0,9986.0,20.0,,,10007.0,20.0,,,,,9998.0,0.0,prices_round_1_day_-2.csv,False,18.0,-0.2903225806451613,9995.387096774193,9995.387096774193,-1.8629032258068037,3.0,2.782433003332963,-0.009155954402134589,376529.35982495855,-6.387096774193196,11.612903225806804,-9.0,9.0,1,1,-9.387096774193196,,-12.0,,1,0,,,,,0,0,q2,mid2,low
-2,159700,ASH_COATED_OSMIUM,9989.0,11.0,9986.0,26.0,,,10005.0,11.0,10007.0,26.0,,,9997.0,0.0,prices_round_1_day_-2.csv,False,16.0,0.0,9997.0,9997.0,1.6129032258068037,-1.0,2.783962790887214,-0.008140262993112084,376293.4408209508,-8.0,8.0,-8.0,8.0,1,1,-11.0,10.0,-11.0,10.0,1,1,,,,,0,0,q2,mid1,low
-2,159800,ASH_COATED_OSMIUM,9987.0,22.0,,,,,10005.0,15.0,10008.0,22.0,,,9996.0,0.0,prices_round_1_day_-2.csv,False,18.0,0.1891891891891892,9997.702702702703,9997.702702702703,0.702702702703391,-1.0,2.764408564478984,-0.0076954300984334225,376057.8159393982,-10.702702702703391,7.297297297296609,-9.0,9.0,1,1,,10.297297297296609,,12.0,0,1,,,,,0,0,q2,mid2,low
-2,159900,ASH_COATED_OSMIUM,9989.0,10.0,,,,,10005.0,10.0,10008.0,28.0,,,9997.0,0.0,prices_round_1_day_-2.csv,False,16.0,0.0,9997.0,9997.0,-0.702702702703391,1.0,2.7638145489035333,-0.008130081300813009,375822.48594364955,-8.0,8.0,-8.0,8.0,1,1,,11.0,,11.0,0,1,,,,,0,0,q2,mid1,low
-2,160000,ASH_COATED_OSMIUM,9989.0,13.0,9987.0,26.0,,,10008.0,26.0,,,,,9998.5,0.0,prices_round_1_day_-2.csv,False,19.0,-0.3333333333333333,9995.333333333334,9995.333333333334,-1.6666666666660603,1.5,2.760435270591052,-0.009166666666666289,375587.45171168,-6.33333333333394,12.66666666666606,-9.5,9.5,1,1,-8.33333333333394,,-11.5,,1,0,,,,,0,0,q2,mid2,low
-2,160100,ASH_COATED_OSMIUM,9987.0,23.0,,,,,10005.0,14.0,,,,,9996.0,0.0,prices_round_1_day_-2.csv,False,18.0,0.24324324324324326,9998.18918918919,9998.18918918919,2.8558558558561344,-2.5,2.5396712358448386,-0.007377146040480903,375352.7146813771,-11.189189189190074,6.810810810809926,-9.0,9.0,1,1,,,,,0,0,,,,,0,0,q1,mid2,low
-2,160200,ASH_COATED_OSMIUM,9989.0,15.0,9986.0,27.0,,,10005.0,15.0,,,,,9997.0,0.0,prices_round_1_day_-2.csv,False,16.0,0.0,9997.0,9997.0,-1.189189189190074,1.0,2.2053079771301567,-0.008114856429463172,375118.2666371088,-8.0,8.0,-8.0,8.0,1,1,-11.0,,-11.0,,1,0,,,,,0,0,q1,mid1,low
-2,160300,ASH_COATED_OSMIUM,9988.0,15.0,,,,,10004.0,15.0,10007.0,30.0,,,9996.0,0.0,prices_round_1_day_-2.csv,False,16.0,0.0,9996.0,9996.0,-1.0,-1.0,2.206895411120921,-0.008733624454148471,374884.11102948413,-8.0,8.0,-8.0,8.0,1,1,,11.0,,11.0,0,1,,,,,0,0,q1,mid1,low
-2,160400,ASH_COATED_OSMIUM,,,,,,,10004.0,11.0,10007.0,30.0,,,10004.0,0.0,prices_round_1_day_-2.csv,True,,-1.0,,10004.0,8.0,8.0,2.4809715856268535,-0.003740648379052369,374650.2869426453,,0.0,,0.0,0,1,,3.0,,3.0,0,1,,,,,0,0,q1,mid1,mid_low
-2,160500,ASH_COATED_OSMIUM,9988.0,10.0,9985.0,20.0,,,9997.0,3.0,10004.0,10.0,10006.0,20.0,9992.5,0.0,prices_round_1_day_-2.csv,False,9.0,0.5384615384615384,9994.923076923076,9994.923076923076,-9.076923076923777,-11.5,2.799381948537673,-0.00939372154325469,374416.76573591545,-6.9230769230762235,2.0769230769237765,-4.5,4.5,1,1,-9.923076923076223,9.076923076923777,-7.5,11.5,1,1,,11.076923076923777,,13.5,0,1,q2,tight,low
-2,160600,ASH_COATED_OSMIUM,,,,,,,10006.0,25.0,,,,,10006.0,0.0,prices_round_1_day_-2.csv,True,,-1.0,,10006.0,11.076923076923777,13.5,3.1719133573295517,-0.0024906600249066002,374183.5607914636,,0.0,,0.0,0,1,,,,,0,0,,,,,0,0,q2,mid1,mid_low
-2,160700,ASH_COATED_OSMIUM,9988.0,14.0,9986.0,25.0,,,10004.0,14.0,10007.0,25.0,,,9996.0,0.0,prices_round_1_day_-2.csv,False,16.0,0.0,9996.0,9996.0,-10.0,-10.0,3.4607531155633295,-0.008711885500933417,373950.6319790132,-8.0,8.0,-8.0,8.0,1,1,-10.0,11.0,-10.0,11.0,1,1,,,,,0,0,q3,mid1,low
-2,160800,ASH_COATED_OSMIUM,9989.0,12.0,9986.0,27.0,,,10005.0,12.0,10007.0,27.0,,,9997.0,0.0,prices_round_1_day_-2.csv,False,16.0,0.0,9997.0,9997.0,1.0,1.0,3.4576857882600422,-0.00808457711442786,373717.93153401505,-8.0,8.0,-8.0,8.0,1,1,-11.0,10.0,-11.0,10.0,1,1,,,,,0,0,q3,mid1,low
-2,160900,ASH_COATED_OSMIUM,9994.0,5.0,9989.0,15.0,9986.0,26.0,10007.0,26.0,,,,,10000.5,0.0,prices_round_1_day_-2.csv,False,13.0,-0.6774193548387096,9996.09677419355,9996.09677419355,-0.9032258064507914,3.5,3.4594472269539356,-0.008640911004630696,373485.5203830485,-2.0967741935492086,10.903225806450791,-6.5,6.5,1,1,-7.096774193549209,,-11.5,,1,0,-10.096774193549209,,-14.5,,1,0,q3,tight,low
-2,161000,ASH_COATED_OSMIUM,9989.0,15.0,9987.0,26.0,,,,,,,,,9989.0,0.0,prices_round_1_day_-2.csv,True,,1.0,,9989.0,-7.096774193549209,-11.5,3.597565789783645,-0.013043478260869565,373253.42882931593,0.0,,0.0,,1,0,-2.0,,-2.0,,1,0,,,,,0,0,q3,mid1,low
-2,161100,ASH_COATED_OSMIUM,9989.0,11.0,9987.0,26.0,,,10005.0,11.0,10008.0,26.0,,,9997.0,0.0,prices_round_1_day_-2.csv,False,16.0,0.0,9997.0,9997.0,8.0,8.0,3.7790547921438904,-0.008069522036002483,373021.63425799913,-8.0,8.0,-8.0,8.0,1,1,-10.0,11.0,-10.0,11.0,1,1,,,,,0,0,q3,mid1,low
-2,161200,ASH_COATED_OSMIUM,9990.0,15.0,9987.0,25.0,,,10006.0,15.0,10008.0,25.0,,,9998.0,0.0,prices_round_1_day_-2.csv,False,16.0,0.0,9998.0,9998.0,1.0,1.0,3.7790547921438904,-0.007444168734491315,372790.0882501256,-8.0,8.0,-8.0,8.0,1,1,-11.0,10.0,-11.0,10.0,1,1,,,,,0,0,q3,mid1,low
-2,161300,ASH_COATED_OSMIUM,9989.0,11.0,9987.0,24.0,,,10008.0,24.0,,,,,9998.5,0.0,prices_round_1_day_-2.csv,False,19.0,-0.37142857142857144,9994.971428571429,9994.971428571429,-3.028571428571013,0.5,3.7938746316565326,-0.009317155256398644,372558.83454869955,-5.971428571428987,13.028571428571013,-9.5,9.5,1,1,-7.971428571428987,,-11.5,,1,0,,,,,0,0,q3,mid2,low
-2,161400,ASH_COATED_OSMIUM,9989.0,12.0,,,,,10005.0,12.0,10008.0,27.0,,,9997.0,0.0,prices_round_1_day_-2.csv,False,16.0,0.0,9997.0,9997.0,2.028571428571013,-1.5,3.7907877835533097,-0.0080545229244114,372327.8645027405,-8.0,8.0,-8.0,8.0,1,1,,11.0,,11.0,0,1,,,,,0,0,q3,mid1,low
-2,161500,ASH_COATED_OSMIUM,9989.0,13.0,9986.0,26.0,,,10005.0,13.0,10007.0,26.0,,,9997.0,0.0,prices_round_1_day_-2.csv,False,16.0,0.0,9997.0,9997.0,0.0,0.0,3.790784802829871,-0.00804953560371517,372097.1780935473,-8.0,8.0,-8.0,8.0,1,1,-11.0,10.0,-11.0,10.0,1,1,,,,,0,0,q3,mid1,low
-2,161600,ASH_COATED_OSMIUM,9989.0,14.0,9987.0,22.0,,,10005.0,14.0,10008.0,22.0,,,9997.0,0.0,prices_round_1_day_-2.csv,False,16.0,0.0,9997.0,9997.0,0.0,0.0,3.7890506554317103,-0.008044554455445545,371866.7773641177,-8.0,8.0,-8.0,8.0,1,1,-10.0,11.0,-10.0,11.0,1,1,,,,,0,0,q3,mid1,low
-2,161700,ASH_COATED_OSMIUM,9989.0,14.0,9987.0,23.0,,,10005.0,14.0,10008.0,23.0,,,9997.0,0.0,prices_round_1_day_-2.csv,False,16.0,0.0,9997.0,9997.0,0.0,0.0,3.7887574014715226,-0.008039579468150896,371636.66178410564,-8.0,8.0,-8.0,8.0,1,1,-10.0,11.0,-10.0,11.0,1,1,,,,,0,0,q3,mid1,low
-2,161800,ASH_COATED_OSMIUM,9987.0,29.0,,,,,,,,,,,9987.0,0.0,prices_round_1_day_-2.csv,True,,1.0,,9987.0,-10.0,-10.0,4.031760262028307,-0.014215080346106305,371406.89252979745,0.0,,0.0,,1,0,,,,,0,0,,,,,0,0,q3,mid1,low
-2,161900,ASH_COATED_OSMIUM,9990.0,15.0,9987.0,20.0,,,10008.0,20.0,,,,,9999.0,0.0,prices_round_1_day_-2.csv,False,18.0,-0.14285714285714285,9997.714285714286,9997.714285714286,10.714285714286234,12.0,4.316966374920112,-0.0075884584840727395,371177.41671836714,-7.714285714286234,10.285714285713766,-9.0,9.0,1,1,-10.714285714286234,,-12.0,,1,0,,,,,0,0,q4,mid2,low
-2,162000,ASH_COATED_OSMIUM,9990.0,15.0,9987.0,20.0,,,10006.0,15.0,10008.0,20.0,,,9998.0,0.0,prices_round_1_day_-2.csv,False,16.0,0.0,9998.0,9998.0,0.285714285713766,-1.0,4.3147516322057236,-0.007407407407407408,370948.1533886914,-8.0,8.0,-8.0,8.0,1,1,-11.0,10.0,-11.0,10.0,1,1,,,,,0,0,q4,mid1,low
-2,162100,ASH_COATED_OSMIUM,9987.0,29.0,,,,,10008.0,29.0,,,,,9997.5,0.0,prices_round_1_day_-2.csv,False,21.0,0.0,9997.5,9997.5,-0.5,-0.5,4.315378292906343,-0.0077112893275755705,370719.17319678346,-10.5,10.5,-10.5,10.5,1,1,,,,,0,0,,,,,0,0,q4,mid2,low
-2,162200,ASH_COATED_OSMIUM,9987.0,29.0,,,,,10006.0,15.0,10008.0,29.0,,,9996.5,0.0,prices_round_1_day_-2.csv,False,19.0,0.3181818181818182,9999.522727272728,9999.522727272728,2.022727272727934,-1.0,4.3247534866528,-0.006459477637035799,370490.4779142062,-12.522727272727934,6.477272727272066,-9.5,9.5,1,1,,8.477272727272066,,11.5,0,1,,,,,0,0,q4,mid2,low
-2,162300,ASH_COATED_OSMIUM,,,,,,,10006.0,14.0,,,,,10006.0,0.0,prices_round_1_day_-2.csv,True,,-1.0,,10006.0,6.477272727272066,9.5,4.185820301769978,-0.0024645717806531116,370262.0879850861,,0.0,,0.0,0,1,,,,,0,0,,,,,0,0,q4,mid1,mid_low
-2,162400,ASH_COATED_OSMIUM,9990.0,10.0,9987.0,29.0,,,,,,,,,9990.0,0.0,prices_round_1_day_-2.csv,True,,1.0,,9990.0,-16.0,-16.0,4.658881113675555,-0.012315270935960592,370034.1111986214,0.0,,0.0,,1,0,-3.0,,-3.0,,1,0,,,,,0,0,q4,mid1,low
-2,162500,ASH_COATED_OSMIUM,9990.0,10.0,9987.0,20.0,,,10006.0,10.0,10008.0,20.0,,,9998.0,0.0,prices_round_1_day_-2.csv,False,16.0,0.0,9998.0,9998.0,8.0,8.0,4.782052945568453,-0.0073846153846153844,369806.2971878403,-8.0,8.0,-8.0,8.0,1,1,-11.0,10.0,-11.0,10.0,1,1,,,,,0,0,q4,mid1,low
-2,162600,ASH_COATED_OSMIUM,9989.0,14.0,9987.0,23.0,,,10005.0,14.0,,,,,9997.0,0.0,prices_round_1_day_-2.csv,False,16.0,0.0,9997.0,9997.0,-1.0,-1.0,4.7842289557200885,-0.007995079950799507,369578.724687835,-8.0,8.0,-8.0,8.0,1,1,-10.0,,-10.0,,1,0,,,,,0,0,q4,mid1,low
-2,162700,ASH_COATED_OSMIUM,,,,,,,10008.0,21.0,,,,,10008.0,0.0,prices_round_1_day_-2.csv,True,,-1.0,,10008.0,11.0,11.0,5.030789868474981,-0.001229256299938537,369351.50597737357,,0.0,,0.0,0,1,,,,,0,0,,,,,0,0,q4,mid1,mid_low
-2,162800,ASH_COATED_OSMIUM,9990.0,11.0,9987.0,29.0,,,10006.0,11.0,10008.0,29.0,,,9998.0,0.0,prices_round_1_day_-2.csv,False,16.0,0.0,9998.0,9998.0,-10.0,-10.0,5.234371272571127,-0.007371007371007371,369124.5535545273,-8.0,8.0,-8.0,8.0,1,1,-11.0,10.0,-11.0,10.0,1,1,,,,,0,0,q4,mid1,low
-2,162900,ASH_COATED_OSMIUM,9989.0,15.0,9987.0,28.0,,,10005.0,15.0,10008.0,28.0,,,9997.0,0.0,prices_round_1_day_-2.csv,False,16.0,0.0,9997.0,9997.0,-1.0,-1.0,5.236359321670782,-0.00798035604665439,368897.8191756286,-8.0,8.0,-8.0,8.0,1,1,-10.0,11.0,-10.0,11.0,1,1,,,,,0,0,q4,mid1,low
-2,163000,ASH_COATED_OSMIUM,9987.0,30.0,,,,,10008.0,30.0,,,,,9997.5,0.0,prices_round_1_day_-2.csv,False,21.0,0.0,9997.5,9997.5,0.5,0.5,5.236836730856566,-0.007668711656441718,368671.36272302584,-10.5,10.5,-10.5,10.5,1,1,,,,,0,0,,,,,0,0,q4,mid2,low
-2,163100,ASH_COATED_OSMIUM,9989.0,10.0,9987.0,22.0,,,10005.0,10.0,10008.0,22.0,,,9997.0,0.0,prices_round_1_day_-2.csv,False,16.0,0.0,9997.0,9997.0,-0.5,-0.5,5.236836730856566,-0.00797057020232986,368445.18412150344,-8.0,8.0,-8.0,8.0,1,1,-10.0,11.0,-10.0,11.0,1,1,,,,,0,0,q4,mid1,low
-2,163200,ASH_COATED_OSMIUM,9987.0,20.0,,,,,10006.0,13.0,,,,,9996.5,0.0,prices_round_1_day_-2.csv,False,19.0,0.21212121212121213,9998.515151515152,9998.515151515152,1.5151515151519561,-0.5,5.2407416104904305,-0.007037284610813752,368219.284142569,-11.515151515151956,7.484848484848044,-9.5,9.5,1,1,,,,,0,0,,,,,0,0,q4,mid2,low
-2,163300,ASH_COATED_OSMIUM,9988.0,25.0,,,,,10009.0,25.0,,,,,9998.5,0.0,prices_round_1_day_-2.csv,False,21.0,0.0,9998.5,9998.5,-0.015151515151956119,2.0,5.240743836477084,-0.007042253521126761,367993.6595812474,-10.5,10.5,-10.5,10.5,1,1,,,,,0,0,,,,,0,0,q4,mid2,low
-2,163400,ASH_COATED_OSMIUM,9990.0,12.0,9988.0,24.0,,,10006.0,12.0,10009.0,24.0,,,9998.0,0.0,prices_round_1_day_-2.csv,False,16.0,0.0,9998.0,9998.0,-0.5,-0.5,5.239215165595824,-0.0073439412484700125,367768.31149997213,-8.0,8.0,-8.0,8.0,1,1,-10.0,11.0,-10.0,11.0,1,1,,,,,0,0,q4,mid1,low
-2,163500,ASH_COATED_OSMIUM,9990.0,13.0,9987.0,26.0,,,10006.0,13.0,10008.0,26.0,,,9998.0,0.0,prices_round_1_day_-2.csv,False,16.0,0.0,9998.0,9998.0,0.0,0.0,5.239215165595824,-0.007339449541284404,367543.23909394635,-8.0,8.0,-8.0,8.0,1,1,-11.0,10.0,-11.0,10.0,1,1,,,,,0,0,q4,mid1,low
-2,163600,ASH_COATED_OSMIUM,9990.0,10.0,9988.0,23.0,,,10006.0,10.0,,,,,9998.0,0.0,prices_round_1_day_-2.csv,False,16.0,0.0,9998.0,9998.0,0.0,0.0,5.239215165595824,-0.007334963325183374,367318.44200584845,-8.0,8.0,-8.0,8.0,1,1,-10.0,,-10.0,,1,0,,,,,0,0,q4,mid1,low
-2,163700,ASH_COATED_OSMIUM,9990.0,10.0,9988.0,29.0,,,10006.0,10.0,10009.0,29.0,,,9998.0,0.0,prices_round_1_day_-2.csv,False,16.0,0.0,9998.0,9998.0,0.0,0.0,5.232518932401477,-0.007330482590103849,367093.9197308166,-8.0,8.0,-8.0,8.0,1,1,-10.0,11.0,-10.0,11.0,1,1,,,,,0,0,q4,mid1,low
-2,163800,ASH_COATED_OSMIUM,9990.0,13.0,9987.0,28.0,,,10006.0,13.0,,,,,9998.0,0.0,prices_round_1_day_-2.csv,False,16.0,0.0,9998.0,9998.0,0.0,0.0,5.210198923746215,-0.007326007326007326,366869.67176522274,-8.0,8.0,-8.0,8.0,1,1,-11.0,,-11.0,,1,0,,,,,0,0,q4,mid1,low
-2,163900,ASH_COATED_OSMIUM,9987.0,23.0,,,,,10006.0,11.0,10008.0,23.0,,,9996.5,0.0,prices_round_1_day_-2.csv,False,19.0,0.35294117647058826,9999.85294117647,9999.85294117647,1.8529411764702672,-1.5,5.212587540073072,-0.0061910059936117956,366645.69971804164,-12.852941176470267,6.147058823529733,-9.5,9.5,1,1,,8.147058823529733,,11.5,0,1,,,,,0,0,q4,mid2,low
-2,164000,ASH_COATED_OSMIUM,9990.0,13.0,9987.0,26.0,,,10006.0,13.0,,,,,9998.0,0.0,prices_round_1_day_-2.csv,False,16.0,0.0,9998.0,9998.0,-1.8529411764702672,1.5,5.219728408762696,-0.007317073170731708,366422.00094359904,-8.0,8.0,-8.0,8.0,1,1,-11.0,,-11.0,,1,0,,,,,0,0,q4,mid1,low
-2,164100,ASH_COATED_OSMIUM,9989.0,13.0,9987.0,23.0,,,10008.0,23.0,,,,,9998.5,0.0,prices_round_1_day_-2.csv,False,19.0,-0.2777777777777778,9995.861111111111,9995.861111111111,-2.138888888888687,0.5,5.228819526271359,-0.0086160200419797,366198.5756630418,-6.861111111111313,12.138888888888687,-9.5,9.5,1,1,-8.861111111111313,,-11.5,,1,0,,,,,0,0,q4,mid2,low
-2,164200,ASH_COATED_OSMIUM,9989.0,11.0,9987.0,28.0,,,10005.0,11.0,10008.0,28.0,,,9997.0,0.0,prices_round_1_day_-2.csv,False,16.0,0.0,9997.0,9997.0,1.1388888888886868,-1.5,5.23131189302126,-0.007917174177831911,365975.42072111764,-8.0,8.0,-8.0,8.0,1,1,-10.0,11.0,-10.0,11.0,1,1,,,,,0,0,q4,mid1,low
-2,164300,ASH_COATED_OSMIUM,9989.0,13.0,,,,,10005.0,13.0,10007.0,24.0,,,9997.0,0.0,prices_round_1_day_-2.csv,False,16.0,0.0,9997.0,9997.0,0.0,0.0,5.23131189302126,-0.007912355447352405,365752.53678649,-8.0,8.0,-8.0,8.0,1,1,,10.0,,10.0,0,1,,,,,0,0,q4,mid1,low
-2,164400,ASH_COATED_OSMIUM,9989.0,15.0,9986.0,30.0,,,10005.0,15.0,10007.0,30.0,,,9997.0,0.0,prices_round_1_day_-2.csv,False,16.0,0.0,9997.0,9997.0,0.0,0.0,5.229399977250323,-0.007907542579075427,365529.92416523385,-8.0,8.0,-8.0,8.0,1,1,-11.0,10.0,-11.0,10.0,1,1,,,,,0,0,q4,mid1,low
-2,164500,ASH_COATED_OSMIUM,9989.0,15.0,9986.0,25.0,,,10005.0,15.0,10007.0,25.0,,,9997.0,0.0,prices_round_1_day_-2.csv,False,16.0,0.0,9997.0,9997.0,0.0,0.0,5.229275580963153,-0.007902735562310031,365307.58236225165,-8.0,8.0,-8.0,8.0,1,1,-11.0,10.0,-11.0,10.0,1,1,,,,,0,0,q4,mid1,low
-2,164600,ASH_COATED_OSMIUM,9989.0,14.0,9987.0,27.0,,,10008.0,27.0,,,,,9998.5,0.0,prices_round_1_day_-2.csv,False,19.0,-0.3170731707317073,9995.487804878048,9995.487804878048,-1.5121951219516632,1.5,5.226967366743178,-0.008816643451975494,365085.5122583966,-6.487804878048337,12.512195121951663,-9.5,9.5,1,1,-8.487804878048337,,-11.5,,1,0,,,,,0,0,q4,mid2,low
-2,164700,ASH_COATED_OSMIUM,9990.0,15.0,9987.0,29.0,,,10006.0,15.0,10008.0,29.0,,,9998.0,0.0,prices_round_1_day_-2.csv,False,16.0,0.0,9998.0,9998.0,2.512195121951663,-0.5,5.234165772086265,-0.007285974499089253,364863.7144694435,-8.0,8.0,-8.0,8.0,1,1,-11.0,10.0,-11.0,10.0,1,1,,,,,0,0,q4,mid1,low
-2,164800,ASH_COATED_OSMIUM,9990.0,10.0,9987.0,24.0,,,10006.0,10.0,10008.0,24.0,,,9998.0,0.0,prices_round_1_day_-2.csv,False,16.0,0.0,9998.0,9998.0,0.0,0.0,5.2332385812233895,-0.007281553398058253,364642.18215953675,-8.0,8.0,-8.0,8.0,1,1,-11.0,10.0,-11.0,10.0,1,1,,,,,0,0,q4,mid1,low
-2,164900,ASH_COATED_OSMIUM,9990.0,10.0,9987.0,23.0,,,9999.0,3.0,10006.0,10.0,,,9994.5,0.0,prices_round_1_day_-2.csv,False,9.0,0.5384615384615384,9996.923076923076,9996.923076923076,-1.0769230769237765,-3.5,5.234540187879854,-0.00793021411578155,364420.91939332295,-6.9230769230762235,2.0769230769237765,-4.5,4.5,1,1,-9.923076923076223,9.076923076923777,-7.5,11.5,1,1,,,,,0,0,q4,tight,low
-2,165000,ASH_COATED_OSMIUM,9989.0,15.0,9987.0,23.0,,,10005.0,15.0,10008.0,23.0,,,9997.0,0.0,prices_round_1_day_-2.csv,False,16.0,0.0,9997.0,9997.0,0.07692307692377653,2.5,5.229025819673045,-0.00787878787878788,364199.9242979939,-8.0,8.0,-8.0,8.0,1,1,-10.0,11.0,-10.0,11.0,1,1,,,,,0,0,q4,mid1,low
-2,165100,ASH_COATED_OSMIUM,9989.0,14.0,9986.0,29.0,,,10005.0,14.0,10007.0,29.0,,,9997.0,0.0,prices_round_1_day_-2.csv,False,16.0,0.0,9997.0,9997.0,0.0,0.0,5.2131392077803405,-0.007874015748031496,363979.1970711842,-8.0,8.0,-8.0,8.0,1,1,-11.0,10.0,-11.0,10.0,1,1,,,,,0,0,q4,mid1,low
-2,165200,ASH_COATED_OSMIUM,9989.0,10.0,9986.0,30.0,,,10005.0,10.0,10007.0,30.0,,,9997.0,0.0,prices_round_1_day_-2.csv,False,16.0,0.0,9997.0,9997.0,0.0,0.0,5.210425796529772,-0.007869249394673124,363758.737230476,-8.0,8.0,-8.0,8.0,1,1,-11.0,10.0,-11.0,10.0,1,1,,,,,0,0,q4,mid1,low
-2,165300,ASH_COATED_OSMIUM,9989.0,10.0,9987.0,21.0,,,10008.0,21.0,,,,,9998.5,0.0,prices_round_1_day_-2.csv,False,19.0,-0.3548387096774194,9995.129032258064,9995.129032258064,-1.8709677419356012,1.5,5.215290824205801,-0.00899635072107417,363538.54639016464,-6.129032258064399,12.870967741935601,-9.5,9.5,1,1,-8.129032258064399,,-11.5,,1,0,,,,,0,0,q4,mid2,low
-2,165400,ASH_COATED_OSMIUM,9989.0,11.0,9987.0,24.0,,,10005.0,11.0,10007.0,24.0,,,9997.0,0.0,prices_round_1_day_-2.csv,False,16.0,0.0,9997.0,9997.0,1.8709677419356012,-1.5,5.093612151326143,-0.007859733978234583,363318.6220016214,-8.0,8.0,-8.0,8.0,1,1,-10.0,10.0,-10.0,10.0,1,1,,,,,0,0,q4,mid1,low
-2,165500,ASH_COATED_OSMIUM,,,,,,,,,,,,,0.0,0.0,prices_round_1_day_-2.csv,True,,,0.0,0.0,-9997.0,-9997.0,1413.8038799891613,-6.04833836858006,423485.5788414675,,,,,0,0,,,,,0,0,,,,,0,0,q4,mid1,low
-2,165600,ASH_COATED_OSMIUM,9986.0,29.0,,,,,10005.0,10.0,10007.0,29.0,,,9995.5,0.0,prices_round_1_day_-2.csv,False,19.0,0.48717948717948717,10000.128205128205,10000.128205128205,10000.128205128205,9995.5,2020.0204061407976,-0.005961228787315772,483690.78871964314,-14.128205128205082,4.871794871794918,-9.5,9.5,1,1,,6.871794871794918,,11.5,0,1,,,,,0,0,q4,mid2,low
-2,165700,ASH_COATED_OSMIUM,,,,,,,10005.0,12.0,10007.0,29.0,,,10005.0,0.0,prices_round_1_day_-2.csv,True,,-1.0,,10005.0,4.871794871794918,9.5,2020.0200161868531,-0.0030175015087507543,483398.7192688135,,0.0,,0.0,0,1,,2.0,,2.0,0,1,,,,,0,0,q4,mid1,mid_low
-2,165800,ASH_COATED_OSMIUM,9989.0,12.0,9986.0,22.0,,,10005.0,12.0,,,,,9997.0,0.0,prices_round_1_day_-2.csv,False,16.0,0.0,9997.0,9997.0,-8.0,-8.0,2020.020342613174,-0.007840772014475271,483107.02656747896,-8.0,8.0,-8.0,8.0,1,1,-11.0,,-11.0,,1,0,,,,,0,0,q4,mid1,low
-2,165900,ASH_COATED_OSMIUM,9988.0,15.0,9986.0,20.0,,,10004.0,15.0,10007.0,20.0,,,9996.0,0.0,prices_round_1_day_-2.csv,False,16.0,0.0,9996.0,9996.0,-1.0,-1.0,2020.0203435426245,-0.008438818565400843,482815.6477720743,-8.0,8.0,-8.0,8.0,1,1,-10.0,11.0,-10.0,11.0,1,1,,,,,0,0,q4,mid1,low
-2,166000,ASH_COATED_OSMIUM,9988.0,14.0,9986.0,25.0,,,10004.0,14.0,,,,,9996.0,0.0,prices_round_1_day_-2.csv,False,16.0,0.0,9996.0,9996.0,0.0,0.0,2020.0200841796072,-0.008433734939759036,482524.61965411116,-8.0,8.0,-8.0,8.0,1,1,-10.0,,-10.0,,1,0,,,,,0,0,q4,mid1,low
-2,166100,ASH_COATED_OSMIUM,9988.0,12.0,9986.0,30.0,,,10007.0,30.0,,,,,9997.5,0.0,prices_round_1_day_-2.csv,False,19.0,-0.42857142857142855,9993.42857142857,9993.42857142857,-2.571428571429351,1.5,2020.0197979485617,-0.009976778188699189,482233.9461272037,-5.428571428570649,13.571428571429351,-9.5,9.5,1,1,-7.428571428570649,,-11.5,,1,0,,,,,0,0,q4,mid2,low
-2,166200,ASH_COATED_OSMIUM,9988.0,15.0,9986.0,29.0,,,10004.0,15.0,10007.0,29.0,,,9996.0,0.0,prices_round_1_day_-2.csv,False,16.0,0.0,9996.0,9996.0,2.571428571429351,-1.5,2020.019827183206,-0.00842358604091456,481943.6226555101,-8.0,8.0,-8.0,8.0,1,1,-10.0,11.0,-10.0,11.0,1,1,,,,,0,0,q4,mid1,low
-2,166300,ASH_COATED_OSMIUM,9989.0,15.0,9986.0,27.0,,,10005.0,15.0,10007.0,27.0,,,9997.0,0.0,prices_round_1_day_-2.csv,False,16.0,0.0,9997.0,9997.0,1.0,1.0,2020.0197858896781,-0.007817197835237523,481653.6451546985,-8.0,8.0,-8.0,8.0,1,1,-11.0,10.0,-11.0,10.0,1,1,,,,,0,0,q4,mid1,low
-2,166400,ASH_COATED_OSMIUM,9986.0,22.0,,,,,10005.0,12.0,10007.0,22.0,,,9995.5,0.0,prices_round_1_day_-2.csv,False,19.0,0.29411764705882354,9998.29411764706,9998.29411764706,1.2941176470594655,-1.5,2020.0197738087986,-0.007034785067872917,481364.0168016384,-12.294117647059466,6.7058823529405345,-9.5,9.5,1,1,,8.705882352940534,,11.5,0,1,,,,,0,0,q4,mid2,low
-2,166500,ASH_COATED_OSMIUM,9989.0,14.0,9986.0,23.0,,,10005.0,14.0,,,,,9997.0,0.0,prices_round_1_day_-2.csv,False,16.0,0.0,9997.0,9997.0,-1.2941176470594655,1.5,2020.0197824379084,-0.007807807807807808,481074.73653648555,-8.0,8.0,-8.0,8.0,1,1,-11.0,,-11.0,,1,0,,,,,0,0,q4,mid1,low
-2,166600,ASH_COATED_OSMIUM,9986.0,25.0,,,,,10005.0,14.0,,,,,9995.5,0.0,prices_round_1_day_-2.csv,False,19.0,0.28205128205128205,9998.179487179486,9998.179487179486,1.1794871794863866,-1.5,2020.01978932492,-0.007095145750608411,480785.8036069281,-12.179487179486387,6.820512820513613,-9.5,9.5,1,1,,,,,0,0,,,,,0,0,q4,mid2,low
-2,166700,ASH_COATED_OSMIUM,9989.0,12.0,9987.0,29.0,,,10008.0,29.0,,,,,9998.5,0.0,prices_round_1_day_-2.csv,False,19.0,-0.4146341463414634,9994.560975609756,9994.560975609756,-3.6185115697298897,3.0,2020.0198550066002,-0.009261562321681766,480497.22451382957,-5.560975609756497,13.439024390243503,-9.5,9.5,1,1,-7.560975609756497,,-11.5,,1,0,,,,,0,0,q4,mid2,low
-2,166800,ASH_COATED_OSMIUM,9989.0,13.0,9987.0,23.0,,,,,,,,,9989.0,0.0,prices_round_1_day_-2.csv,True,,1.0,,9989.0,-5.560975609756497,-9.5,2020.0195062699825,-0.012589928057553957,480209.0023053934,0.0,,0.0,,1,0,-2.0,,-2.0,,1,0,,,,,0,0,q4,mid1,low
-2,166900,ASH_COATED_OSMIUM,9989.0,13.0,,,,,10005.0,13.0,10008.0,27.0,,,9997.0,0.0,prices_round_1_day_-2.csv,False,16.0,0.0,9997.0,9997.0,8.0,8.0,2020.0192500281364,-0.007789095266626723,479921.1456871829,-8.0,8.0,-8.0,8.0,1,1,,11.0,,11.0,0,1,,,,,0,0,q4,mid1,low
-2,167000,ASH_COATED_OSMIUM,9990.0,12.0,9987.0,28.0,,,10006.0,12.0,,,,,9998.0,0.0,prices_round_1_day_-2.csv,False,16.0,0.0,9998.0,9998.0,1.0,1.0,2020.0192547187942,-0.00718562874251497,479633.5961781017,-8.0,8.0,-8.0,8.0,1,1,-11.0,,-11.0,,1,0,,,,,0,0,q4,mid1,low
-2,167100,ASH_COATED_OSMIUM,9987.0,27.0,,,,,10008.0,27.0,,,,,9997.5,0.0,prices_round_1_day_-2.csv,False,21.0,0.0,9997.5,9997.5,-0.5,-0.5,2020.0192547187942,-0.007480550568521843,479346.390577229,-10.5,10.5,-10.5,10.5,1,1,,,,,0,0,,,,,0,0,q4,mid2,low
-2,167200,ASH_COATED_OSMIUM,,,,,,,10005.0,15.0,,,,,10005.0,0.0,prices_round_1_day_-2.csv,True,,-1.0,,10005.0,7.5,7.5,2020.019515165699,-0.0029904306220095694,479059.562293553,,0.0,,0.0,0,1,,,,,0,0,,,,,0,0,q4,mid1,mid_low
-2,167300,ASH_COATED_OSMIUM,9987.0,30.0,,,,,10006.0,15.0,10008.0,30.0,,,9996.5,0.0,prices_round_1_day_-2.csv,False,19.0,0.3333333333333333,9999.666666666666,9999.666666666666,-5.33333333333394,-8.5,2020.0194458956585,-0.006176529189081853,478773.0603995811,-12.66666666666606,6.33333333333394,-9.5,9.5,1,1,,8.33333333333394,,11.5,0,1,,,,,0,0,q4,mid2,low
-2,167400,ASH_COATED_OSMIUM,9990.0,11.0,9988.0,28.0,,,10006.0,11.0,10009.0,28.0,,,9998.0,0.0,prices_round_1_day_-2.csv,False,16.0,0.0,9998.0,9998.0,-1.6666666666660603,1.5,2020.0181643355545,-0.007168458781362007,478486.88568062166,-8.0,8.0,-8.0,8.0,1,1,-10.0,11.0,-10.0,11.0,1,1,,,,,0,0,q4,mid1,low
-2,167500,ASH_COATED_OSMIUM,,,,,,,10006.0,12.0,10009.0,29.0,,,10006.0,0.0,prices_round_1_day_-2.csv,True,,-1.0,,10006.0,8.0,8.0,2020.0181643355545,-0.0023880597014925373,478201.0894982971,,0.0,,0.0,0,1,,3.0,,3.0,0,1,,,,,0,0,q4,mid1,mid_low
-2,167600,ASH_COATED_OSMIUM,9990.0,13.0,9987.0,27.0,,,10006.0,13.0,10008.0,27.0,,,9998.0,0.0,prices_round_1_day_-2.csv,False,16.0,0.0,9998.0,9998.0,-8.0,-8.0,2020.018488943642,-0.007159904534606206,477915.6344739001,-8.0,8.0,-8.0,8.0,1,1,-11.0,10.0,-11.0,10.0,1,1,,,,,0,0,q4,mid1,low
-2,167700,ASH_COATED_OSMIUM,9990.0,13.0,9987.0,22.0,,,10006.0,13.0,10008.0,22.0,,,9998.0,0.0,prices_round_1_day_-2.csv,False,16.0,0.0,9998.0,9998.0,0.0,0.0,2020.0178677126191,-0.007155635062611807,477630.4819473949,-8.0,8.0,-8.0,8.0,1,1,-11.0,10.0,-11.0,10.0,1,1,,,,,0,0,q4,mid1,low
-2,167800,ASH_COATED_OSMIUM,9989.0,12.0,,,,,10005.0,12.0,10008.0,30.0,,,9997.0,0.0,prices_round_1_day_-2.csv,False,16.0,0.0,9997.0,9997.0,-1.0,-1.0,2020.017377617885,-0.0077473182359952325,477345.670082878,-8.0,8.0,-8.0,8.0,1,1,,11.0,,11.0,0,1,,,,,0,0,q4,mid1,low
-2,167900,ASH_COATED_OSMIUM,9990.0,13.0,,,,,10006.0,13.0,10008.0,27.0,,,9998.0,0.0,prices_round_1_day_-2.csv,False,16.0,0.0,9998.0,9998.0,1.0,1.0,2020.017377617885,-0.00714711137581894,477061.1977019882,-8.0,8.0,-8.0,8.0,1,1,,10.0,,10.0,0,1,,,,,0,0,q4,mid1,low
-2,168000,ASH_COATED_OSMIUM,9990.0,10.0,9987.0,25.0,,,10006.0,10.0,10008.0,25.0,,,9998.0,0.0,prices_round_1_day_-2.csv,False,16.0,0.0,9998.0,9998.0,0.0,0.0,2020.0173764307867,-0.007142857142857143,476777.0635759304,-8.0,8.0,-8.0,8.0,1,1,-11.0,10.0,-11.0,10.0,1,1,,,,,0,0,q4,mid1,low
-2,168100,ASH_COATED_OSMIUM,9990.0,10.0,9988.0,28.0,,,10006.0,10.0,10009.0,28.0,,,9998.0,0.0,prices_round_1_day_-2.csv,False,16.0,0.0,9998.0,9998.0,0.0,0.0,2020.017375092144,-0.007138607971445568,476493.26770478464,-8.0,8.0,-8.0,8.0,1,1,-10.0,11.0,-10.0,11.0,1,1,,,,,0,0,q4,mid1,low
-2,168200,ASH_COATED_OSMIUM,9990.0,14.0,,,,,10009.0,21.0,,,,,9999.5,0.0,prices_round_1_day_-2.csv,False,19.0,-0.2,9997.6,9997.6,-0.3999999999996362,1.5,2020.017364320191,-0.0073721759809748134,476209.8095766131,-7.600000000000364,11.399999999999636,-9.5,9.5,1,1,,,,,0,0,,,,,0,0,q4,mid2,low
-2,168300,ASH_COATED_OSMIUM,9991.0,13.0,9989.0,25.0,,,10007.0,13.0,,,,,9999.0,0.0,prices_round_1_day_-2.csv,False,16.0,0.0,9999.0,9999.0,1.3999999999996362,-0.5,2020.0173742792915,-0.006535947712418301,475926.6895825245,-8.0,8.0,-8.0,8.0,1,1,-10.0,,-10.0,,1,0,,,,,0,0,q4,mid1,low
-2,168400,ASH_COATED_OSMIUM,9997.0,2.0,9991.0,13.0,,,10007.0,13.0,10010.0,26.0,,,10002.0,0.0,prices_round_1_day_-2.csv,False,10.0,-0.7333333333333333,9998.333333333334,9998.333333333334,-0.6666666666660603,3.0,2020.0173752755559,-0.006927949326998848,475643.90511783713,-1.3333333333339397,8.66666666666606,-5.0,5.0,1,1,-7.33333333333394,11.66666666666606,-11.0,8.0,1,1,,,,,0,0,q4,tight,low
-2,168500,ASH_COATED_OSMIUM,9991.0,12.0,,,,,10007.0,12.0,10010.0,22.0,,,9999.0,0.0,prices_round_1_day_-2.csv,False,16.0,0.0,9999.0,9999.0,0.6666666666660603,-3.0,2020.017377430855,-0.006528189910979229,475361.4565123399,-8.0,8.0,-8.0,8.0,1,1,,11.0,,11.0,0,1,,,,,0,0,q4,mid1,low
-2,168600,ASH_COATED_OSMIUM,9996.0,4.0,9991.0,15.0,9988.0,29.0,10007.0,15.0,10009.0,29.0,,,10001.5,0.0,prices_round_1_day_-2.csv,False,11.0,-0.5789473684210527,9998.315789473685,9998.315789473685,-0.6842105263149278,2.5,2020.0173798866308,-0.006930136729724157,475079.34316068917,-2.315789473685072,8.684210526314928,-5.5,5.5,1,1,-7.315789473685072,10.684210526314928,-10.5,7.5,1,1,-10.315789473685072,,-13.5,,1,0,q4,tight,low
-2,168700,ASH_COATED_OSMIUM,9996.0,5.0,9991.0,12.0,,,10009.0,29.0,,,,,10002.5,0.0,prices_round_1_day_-2.csv,False,13.0,-0.7058823529411765,9997.911764705883,9997.911764705883,-0.4040247678021842,1.0,2020.017380720503,-0.007165521810383588,474797.5642843131,-1.911764705882888,11.088235294117112,-6.5,6.5,1,1,-6.911764705882888,,-11.5,,1,0,,,,,0,0,q4,tight,low
-2,168800,ASH_COATED_OSMIUM,9989.0,24.0,,,,,10007.0,11.0,10010.0,24.0,,,9998.0,0.0,prices_round_1_day_-2.csv,False,18.0,0.37142857142857144,10001.342857142858,10001.342857142858,3.4310924369747227,-4.5,2020.0174390603574,-0.005128639133378193,474516.1263769806,-12.34285714285761,5.657142857142389,-9.0,9.0,1,1,,8.65714285714239,,12.0,0,1,,,,,0,0,q4,mid2,mid_low
-2,168900,ASH_COATED_OSMIUM,9991.0,10.0,9989.0,20.0,,,10007.0,10.0,10010.0,20.0,,,9999.0,0.0,prices_round_1_day_-2.csv,False,16.0,0.0,9999.0,9999.0,-2.3428571428576106,1.0,2020.0174504996014,-0.006512729425695678,474235.01816333254,-8.0,8.0,-8.0,8.0,1,1,-10.0,11.0,-10.0,11.0,1,1,,,,,0,0,q4,mid1,low
-2,169000,ASH_COATED_OSMIUM,9991.0,15.0,9989.0,23.0,,,10010.0,23.0,,,,,10000.5,0.0,prices_round_1_day_-2.csv,False,19.0,-0.21052631578947367,9998.5,9998.5,-0.5,1.5,2020.017434467002,-0.006804733727810651,473954.2397294795,-7.5,11.5,-9.5,9.5,1,1,-9.5,,-11.5,,1,0,,,,,0,0,q4,mid2,low
-2,169100,ASH_COATED_OSMIUM,9991.0,10.0,,,,,10010.0,27.0,,,,,10000.5,0.0,prices_round_1_day_-2.csv,False,19.0,-0.4594594594594595,9996.135135135135,9996.135135135135,-2.3648648648650124,0.0,2020.0174396257692,-0.008199210446401544,473673.7967220415,-5.135135135134988,13.864864864865012,-9.5,9.5,1,1,,,,,0,0,,,,,0,0,q4,mid2,low
-2,169200,ASH_COATED_OSMIUM,9991.0,11.0,9988.0,26.0,,,10007.0,11.0,,,,,9999.0,0.0,prices_round_1_day_-2.csv,False,16.0,0.0,9999.0,9999.0,2.8648648648650124,-1.5,2020.0174741369106,-0.0065011820330969266,473393.68699578283,-8.0,8.0,-8.0,8.0,1,1,-11.0,,-11.0,,1,0,,,,,0,0,q4,mid1,low
-2,169300,ASH_COATED_OSMIUM,9991.0,13.0,,,,,10007.0,13.0,10009.0,30.0,,,9999.0,0.0,prices_round_1_day_-2.csv,False,16.0,0.0,9999.0,9999.0,0.0,0.0,2020.0174741369106,-0.006497341996455995,473113.9034928552,-8.0,8.0,-8.0,8.0,1,1,,10.0,,10.0,0,1,,,,,0,0,q4,mid1,low
-2,169400,ASH_COATED_OSMIUM,9991.0,15.0,,,,,10007.0,15.0,10009.0,25.0,,,9999.0,0.0,prices_round_1_day_-2.csv,False,16.0,0.0,9999.0,9999.0,0.0,0.0,2020.0174741369106,-0.006493506493506494,472834.45050794637,-8.0,8.0,-8.0,8.0,1,1,,10.0,,10.0,0,1,,,,,0,0,q4,mid1,low
-2,169500,ASH_COATED_OSMIUM,9991.0,11.0,9988.0,27.0,,,10007.0,11.0,10009.0,27.0,,,9999.0,0.0,prices_round_1_day_-2.csv,False,16.0,0.0,9999.0,9999.0,0.0,0.0,2020.0174741369106,-0.006489675516224189,472555.32745572337,-8.0,8.0,-8.0,8.0,1,1,-11.0,10.0,-11.0,10.0,1,1,,,,,0,0,q4,mid1,low
-2,169600,ASH_COATED_OSMIUM,9991.0,11.0,9988.0,28.0,,,10009.0,28.0,,,,,10000.0,0.0,prices_round_1_day_-2.csv,False,18.0,-0.4358974358974359,9996.076923076924,9996.076923076924,-2.9230769230762235,1.0,2020.0175061163436,-0.008209361393323246,472276.53876782354,-5.0769230769237765,12.923076923076223,-9.0,9.0,1,1,-8.076923076923777,,-12.0,,1,0,,,,,0,0,q4,mid2,low
-2,169700,ASH_COATED_OSMIUM,9991.0,11.0,,,,,10007.0,11.0,,,,,9999.0,0.0,prices_round_1_day_-2.csv,False,16.0,0.0,9999.0,9999.0,2.9230769230762235,-1.0,2020.017517331621,-0.00648202710665881,471998.07889082364,-8.0,8.0,-8.0,8.0,1,1,,,,,0,0,,,,,0,0,q4,mid1,low
-2,169800,ASH_COATED_OSMIUM,9991.0,14.0,9988.0,27.0,,,10007.0,14.0,10009.0,27.0,,,9999.0,0.0,prices_round_1_day_-2.csv,False,16.0,0.0,9999.0,9999.0,0.0,0.0,2020.017517331621,-0.006478209658421673,471719.94213251554,-8.0,8.0,-8.0,8.0,1,1,-11.0,10.0,-11.0,10.0,1,1,,,,,0,0,q4,mid1,low
-2,169900,ASH_COATED_OSMIUM,9991.0,13.0,9988.0,30.0,,,10009.0,30.0,,,,,10000.0,0.0,prices_round_1_day_-2.csv,False,18.0,-0.3953488372093023,9996.441860465116,9996.441860465116,-2.558139534883594,1.0,2020.017544608022,-0.007980070356023305,471442.13681155606,-5.441860465116406,12.558139534883594,-9.0,9.0,1,1,-8.441860465116406,,-12.0,,1,0,,,,,0,0,q4,mid2,low
-2,170000,ASH_COATED_OSMIUM,9991.0,11.0,9988.0,30.0,,,10007.0,11.0,10009.0,30.0,,,9999.0,0.0,prices_round_1_day_-2.csv,False,16.0,0.0,9999.0,9999.0,2.558139534883594,-1.0,2020.0175772546977,-0.006470588235294118,471164.65855627926,-8.0,8.0,-8.0,8.0,1,1,-11.0,10.0,-11.0,10.0,1,1,,,,,0,0,q4,mid1,low
-2,170100,ASH_COATED_OSMIUM,10000.0,6.0,9991.0,15.0,9988.0,22.0,,,,,,,10000.0,0.0,prices_round_1_day_-2.csv,True,,1.0,,10000.0,1.0,1.0,2020.0175818010314,-0.005878894767783657,470887.5034702976,0.0,,0.0,,1,0,-9.0,,-9.0,,1,0,-12.0,,-12.0,,1,0,q4,mid1,low
-2,170200,ASH_COATED_OSMIUM,9991.0,14.0,9988.0,22.0,,,10007.0,14.0,10009.0,22.0,,,9999.0,0.0,prices_round_1_day_-2.csv,False,16.0,0.0,9999.0,9999.0,-1.0,-1.0,2020.0175873576611,-0.006462984723854289,470610.6742429172,-8.0,8.0,-8.0,8.0,1,1,-11.0,10.0,-11.0,10.0,1,1,,,,,0,0,q4,mid1,low
-2,170300,ASH_COATED_OSMIUM,9990.0,14.0,9988.0,23.0,,,10009.0,23.0,,,,,9999.5,0.0,prices_round_1_day_-2.csv,False,19.0,-0.24324324324324326,9997.18918918919,9997.18918918919,-1.810810810809926,0.5,2020.01758621416,-0.007522496072113873,470334.1716456883,-7.189189189190074,11.810810810809926,-9.5,9.5,1,1,-9.189189189190074,,-11.5,,1,0,,,,,0,0,q4,mid2,low
-2,170400,ASH_COATED_OSMIUM,9991.0,10.0,,,,,10007.0,10.0,,,,,9999.0,0.0,prices_round_1_day_-2.csv,False,16.0,0.0,9999.0,9999.0,1.810810810809926,-0.5,2020.0175851200113,-0.006455399061032864,470057.99380232365,-8.0,8.0,-8.0,8.0,1,1,,,,,0,0,,,,,0,0,q4,mid1,low
-2,170500,ASH_COATED_OSMIUM,9991.0,10.0,9988.0,23.0,,,10007.0,10.0,,,,,9999.0,0.0,prices_round_1_day_-2.csv,False,16.0,0.0,9999.0,9999.0,0.0,0.0,1414.238615561427,-0.0064516129032258064,469782.1381721824,-8.0,8.0,-8.0,8.0,1,1,-11.0,,-11.0,,1,0,,,,,0,0,q4,mid1,low
-2,170600,ASH_COATED_OSMIUM,9990.0,13.0,9987.0,28.0,,,10008.0,28.0,,,,,9999.0,0.0,prices_round_1_day_-2.csv,False,18.0,-0.36585365853658536,9995.707317073171,9995.707317073171,-3.292682926829002,0.0,3.2531848920737962,-0.008377891516312429,469506.6124565307,-5.707317073170998,12.292682926829002,-9.0,9.0,1,1,-8.707317073170998,,-12.0,,1,0,,,,,0,0,q2,mid2,low
-2,170700,ASH_COATED_OSMIUM,9990.0,11.0,9987.0,20.0,,,10006.0,11.0,10008.0,20.0,,,9998.0,0.0,prices_round_1_day_-2.csv,False,16.0,0.0,9998.0,9998.0,2.292682926829002,-1.0,3.192818088328968,-0.007029876977152899,469231.40652412886,-8.0,8.0,-8.0,8.0,1,1,-11.0,10.0,-11.0,10.0,1,1,,,,,0,0,q2,mid1,low
-2,170800,ASH_COATED_OSMIUM,9988.0,23.0,,,,,10007.0,10.0,10009.0,23.0,,,9997.5,0.0,prices_round_1_day_-2.csv,False,19.0,0.3939393939393939,10001.242424242424,10001.242424242424,3.242424242424022,-0.5,3.01913500117837,-0.0051273862749273875,468956.52611771174,-13.242424242424022,5.757575757575978,-9.5,9.5,1,1,,7.757575757575978,,11.5,0,1,,,,,0,0,q2,mid2,mid_low
-2,170900,ASH_COATED_OSMIUM,9988.0,29.0,,,,,10007.0,12.0,10009.0,29.0,,,9997.5,0.0,prices_round_1_day_-2.csv,False,19.0,0.4146341463414634,10001.439024390244,10001.439024390244,0.1966001478194812,0.0,3.0151000483366337,-0.005009347928470741,468681.9614306815,-13.439024390243503,5.560975609756497,-9.5,9.5,1,1,,7.560975609756497,,11.5,0,1,,,,,0,0,q2,mid2,mid_low
-2,171000,ASH_COATED_OSMIUM,9991.0,10.0,9989.0,26.0,,,10007.0,10.0,10010.0,26.0,,,9999.0,0.0,prices_round_1_day_-2.csv,False,16.0,0.0,9999.0,9999.0,-2.439024390243503,1.5,3.0365497555380627,-0.006432748538011696,468407.7215006253,-8.0,8.0,-8.0,8.0,1,1,-10.0,11.0,-10.0,11.0,1,1,,,,,0,0,q2,mid1,low
-2,171100,ASH_COATED_OSMIUM,9992.0,12.0,9989.0,23.0,,,10008.0,12.0,,,,,10000.0,0.0,prices_round_1_day_-2.csv,False,16.0,0.0,10000.0,10000.0,1.0,1.0,3.015318604710341,-0.0058445353594389245,468133.79944846994,-8.0,8.0,-8.0,8.0,1,1,-11.0,,-11.0,,1,0,,,,,0,0,q2,mid1,low
-2,171200,ASH_COATED_OSMIUM,9992.0,12.0,9989.0,23.0,,,10001.0,2.0,10008.0,12.0,10010.0,23.0,9996.5,0.0,prices_round_1_day_-2.csv,False,9.0,0.7142857142857143,9999.714285714286,9999.714285714286,-0.285714285713766,-3.5,2.9951399782111054,-0.006008010680907574,467860.1970398392,-7.714285714286234,1.285714285713766,-4.5,4.5,1,1,-10.714285714286234,8.285714285713766,-7.5,11.5,1,1,,10.285714285713766,,13.5,0,1,q2,tight,low
-2,171300,ASH_COATED_OSMIUM,10001.0,8.0,9992.0,15.0,9989.0,28.0,10008.0,15.0,10010.0,28.0,,,10004.5,0.0,prices_round_1_day_-2.csv,False,7.0,-0.30434782608695654,10003.434782608696,10003.434782608696,3.7204968944097345,8.0,3.036721506618066,-0.0038325845833648755,467586.9223212015,-2.4347826086959685,4.5652173913040315,-3.5,3.5,1,1,-11.434782608695969,6.5652173913040315,-12.5,5.5,1,1,-14.434782608695969,,-15.5,,1,0,q2,tight,mid_low
-2,171400,ASH_COATED_OSMIUM,9992.0,10.0,,,,,10008.0,10.0,,,,,10000.0,0.0,prices_round_1_day_-2.csv,False,16.0,0.0,10000.0,10000.0,-3.4347826086959685,-4.5,3.0731062423641915,-0.005834305717619603,467313.9654281653,-8.0,8.0,-8.0,8.0,1,1,,,,,0,0,,,,,0,0,q2,mid1,low
-2,171500,ASH_COATED_OSMIUM,,,,,,,10011.0,30.0,,,,,10011.0,0.0,prices_round_1_day_-2.csv,True,,-1.0,,10011.0,11.0,11.0,3.435167990644975,0.0005830903790087463,467041.3908029213,,0.0,,0.0,0,1,,,,,0,0,,,,,0,0,q3,mid1,mid_low
-2,171600,ASH_COATED_OSMIUM,9992.0,15.0,,,,,10008.0,15.0,10011.0,23.0,,,10000.0,0.0,prices_round_1_day_-2.csv,False,16.0,0.0,10000.0,10000.0,-11.0,-11.0,3.784180556508185,-0.005827505827505828,466769.13398164156,-8.0,8.0,-8.0,8.0,1,1,,11.0,,11.0,0,1,,,,,0,0,q3,mid1,low
-2,171700,ASH_COATED_OSMIUM,9992.0,10.0,9990.0,27.0,,,10008.0,10.0,10011.0,27.0,,,10000.0,0.0,prices_round_1_day_-2.csv,False,16.0,0.0,10000.0,10000.0,0.0,0.0,3.7472768380830344,-0.005824111822947,466497.12399682356,-8.0,8.0,-8.0,8.0,1,1,-10.0,11.0,-10.0,11.0,1,1,,,,,0,0,q3,mid1,low
-2,171800,ASH_COATED_OSMIUM,9992.0,11.0,,,,,10010.0,28.0,,,,,10001.0,0.0,prices_round_1_day_-2.csv,False,18.0,-0.4358974358974359,9997.076923076924,9997.076923076924,-2.9230769230762235,1.0,3.6838559997696456,-0.0075221635175065325,466225.43580894556,-5.0769230769237765,12.923076923076223,-9.0,9.0,1,1,,,,,0,0,,,,,0,0,q3,mid2,low
-2,171900,ASH_COATED_OSMIUM,9992.0,12.0,,,,,10002.0,3.0,10011.0,23.0,,,9997.0,0.0,prices_round_1_day_-2.csv,False,10.0,0.6,10000.0,10000.0,2.9230769230762235,-4.0,3.5301560026548806,-0.005817335660267597,465954.0639507417,-8.0,2.0,-5.0,5.0,1,1,,11.0,,14.0,0,1,,,,,0,0,q3,tight,low
-2,172000,ASH_COATED_OSMIUM,9992.0,15.0,9989.0,20.0,,,10008.0,15.0,10010.0,20.0,,,10000.0,0.0,prices_round_1_day_-2.csv,False,16.0,0.0,10000.0,10000.0,0.0,3.0,3.5275535511373195,-0.005813953488372093,465683.0028315347,-8.0,8.0,-8.0,8.0,1,1,-11.0,10.0,-11.0,10.0,1,1,,,,,0,0,q3,mid1,low
-2,172100,ASH_COATED_OSMIUM,9991.0,10.0,9989.0,30.0,,,10001.0,5.0,10007.0,10.0,10010.0,30.0,9996.0,0.0,prices_round_1_day_-2.csv,False,10.0,0.3333333333333333,9997.666666666666,9997.666666666666,-2.3333333333339397,-4.0,3.5427763747700904,-0.0071663761379046715,465412.26004744583,-6.66666666666606,3.3333333333339397,-5.0,5.0,1,1,-8.66666666666606,9.33333333333394,-7.0,11.0,1,1,,12.33333333333394,,14.0,0,1,q3,tight,low
-2,172200,ASH_COATED_OSMIUM,9991.0,14.0,9988.0,29.0,,,10007.0,14.0,10009.0,29.0,,,9999.0,0.0,prices_round_1_day_-2.csv,False,16.0,0.0,9999.0,9999.0,1.3333333333339397,3.0,3.380074540215269,-0.006387921022067364,465141.8297951788,-8.0,8.0,-8.0,8.0,1,1,-11.0,10.0,-11.0,10.0,1,1,,,,,0,0,q3,mid1,low
-2,172300,ASH_COATED_OSMIUM,9991.0,10.0,9989.0,25.0,,,10007.0,10.0,10010.0,25.0,,,9999.0,0.0,prices_round_1_day_-2.csv,False,16.0,0.0,9999.0,9999.0,0.0,0.0,3.2952871654612284,-0.006384213580963436,464871.7125885851,-8.0,8.0,-8.0,8.0,1,1,-10.0,11.0,-10.0,11.0,1,1,,,,,0,0,q2,mid1,low
-2,172400,ASH_COATED_OSMIUM,9992.0,13.0,9989.0,23.0,,,10008.0,13.0,10010.0,23.0,,,10000.0,0.0,prices_round_1_day_-2.csv,False,16.0,0.0,10000.0,10000.0,1.0,1.0,3.2895569726863947,-0.00580046403712297,464601.90951234195,-8.0,8.0,-8.0,8.0,1,1,-11.0,10.0,-11.0,10.0,1,1,,,,,0,0,q2,mid1,low
-2,172500,ASH_COATED_OSMIUM,9997.0,2.0,,,,,10007.0,12.0,10010.0,21.0,,,10002.0,0.0,prices_round_1_day_-2.csv,False,10.0,-0.7142857142857143,9998.42857142857,9998.42857142857,-1.571428571429351,2.0,3.089286708154405,-0.006708074534161943,464332.42026655196,-1.428571428570649,8.571428571429351,-5.0,5.0,1,1,,11.571428571429351,,8.0,0,1,,,,,0,0,q2,tight,low
-2,172600,ASH_COATED_OSMIUM,9991.0,14.0,9989.0,29.0,,,10007.0,14.0,10010.0,29.0,,,9999.0,0.0,prices_round_1_day_-2.csv,False,16.0,0.0,9999.0,9999.0,0.571428571429351,-3.0,2.8752781129664253,-0.006373117033603708,464063.2422455558,-8.0,8.0,-8.0,8.0,1,1,-10.0,11.0,-10.0,11.0,1,1,,,,,0,0,q2,mid1,low
-2,172700,ASH_COATED_OSMIUM,9989.0,25.0,,,,,10007.0,14.0,10010.0,25.0,,,9998.0,0.0,prices_round_1_day_-2.csv,False,18.0,0.28205128205128205,10000.538461538461,10000.538461538461,1.5384615384609788,-1.0,2.883280357169602,-0.005478597835286057,463794.3773225469,-11.538461538460979,6.461538461539021,-9.0,9.0,1,1,,9.461538461539021,,12.0,0,1,,,,,0,0,q2,mid2,mid_low
-2,172800,ASH_COATED_OSMIUM,9991.0,14.0,9988.0,23.0,,,10000.0,4.0,10007.0,14.0,10009.0,23.0,9995.5,0.0,prices_round_1_day_-2.csv,False,9.0,0.5555555555555556,9998.0,9998.0,-2.5384615384609788,-2.5,2.9028650098524373,-0.006944444444444444,463525.8260978608,-7.0,2.0,-4.5,4.5,1,1,-10.0,9.0,-7.5,11.5,1,1,,11.0,,13.5,0,1,q2,tight,low
-2,172900,ASH_COATED_OSMIUM,9990.0,15.0,,,,,10006.0,15.0,10009.0,28.0,,,9998.0,0.0,prices_round_1_day_-2.csv,False,16.0,0.0,9998.0,9998.0,0.0,2.5,2.8994180908288465,-0.006940427993059572,463257.5819855635,-8.0,8.0,-8.0,8.0,1,1,,11.0,,11.0,0,1,,,,,0,0,q2,mid1,low
-2,173000,ASH_COATED_OSMIUM,9988.0,26.0,,,,,10006.0,12.0,10009.0,26.0,,,9997.0,0.0,prices_round_1_day_-2.csv,False,18.0,0.3684210526315789,10000.315789473685,10000.315789473685,2.315789473685072,-1.0,2.9178558708672027,-0.0055978095527831956,462989.651279936,-12.315789473685072,5.684210526314928,-9.0,9.0,1,1,,8.684210526314928,,12.0,0,1,,,,,0,0,q2,mid2,low
-2,173100,ASH_COATED_OSMIUM,9990.0,11.0,9988.0,24.0,,,10006.0,11.0,10009.0,24.0,,,9998.0,0.0,prices_round_1_day_-2.csv,False,16.0,0.0,9998.0,9998.0,-2.315789473685072,1.0,2.9369232817407616,-0.006932409012131715,462722.0302872322,-8.0,8.0,-8.0,8.0,1,1,-10.0,11.0,-10.0,11.0,1,1,,,,,0,0,q2,mid1,low
-2,173200,ASH_COATED_OSMIUM,9991.0,10.0,9988.0,25.0,,,10007.0,10.0,,,,,9999.0,0.0,prices_round_1_day_-2.csv,False,16.0,0.0,9999.0,9999.0,1.0,1.0,2.9397042742381054,-0.006351039260969977,462454.716008226,-8.0,8.0,-8.0,8.0,1,1,-11.0,,-11.0,,1,0,,,,,0,0,q2,mid1,low
-2,173300,ASH_COATED_OSMIUM,9991.0,12.0,,,,,10007.0,12.0,10009.0,26.0,,,9999.0,0.0,prices_round_1_day_-2.csv,False,16.0,0.0,9999.0,9999.0,0.0,0.0,2.9330293588666665,-0.006347374495095211,462187.70982117753,-8.0,8.0,-8.0,8.0,1,1,,10.0,,10.0,0,1,,,,,0,0,q2,mid1,low
-2,173400,ASH_COATED_OSMIUM,9991.0,11.0,9989.0,28.0,,,10001.0,4.0,10007.0,11.0,10010.0,28.0,9996.0,0.0,prices_round_1_day_-2.csv,False,10.0,0.4666666666666667,9998.333333333334,9998.333333333334,-0.6666666666660603,-3.0,2.9330293588666665,-0.006728181468665548,461921.01202888036,-7.33333333333394,2.6666666666660603,-5.0,5.0,1,1,-9.33333333333394,8.66666666666606,-7.0,11.0,1,1,,11.66666666666606,,14.0,0,1,q2,tight,low
-2,173500,ASH_COATED_OSMIUM,10001.0,10.0,9991.0,13.0,9989.0,21.0,10010.0,21.0,,,,,10005.5,0.0,prices_round_1_day_-2.csv,False,9.0,-0.3548387096774194,10003.90322580645,10003.90322580645,5.569892473116852,9.5,3.0359372188064415,-0.0035139908896537225,461654.6395195059,-2.9032258064507914,6.096774193549209,-4.5,4.5,1,1,-12.903225806450791,,-14.5,,1,0,-14.903225806450791,,-16.5,,1,0,q2,tight,mid_low
-2,173600,ASH_COATED_OSMIUM,9992.0,13.0,9989.0,24.0,,,10008.0,13.0,,,,,10000.0,0.0,prices_round_1_day_-2.csv,False,16.0,0.0,10000.0,10000.0,-3.9032258064507914,-5.5,3.086573801741464,-0.00576036866359447,461388.56491401454,-8.0,8.0,-8.0,8.0,1,1,-11.0,,-11.0,,1,0,,,,,0,0,q2,mid1,low
-2,173700,ASH_COATED_OSMIUM,,,,,,,,,,,,,0.0,0.0,prices_round_1_day_-2.csv,True,,,0.0,0.0,-10000.0,-10000.0,1414.222956185872,-5.762809441565918,518693.2456572056,,,,,0,0,,,,,0,0,,,,,0,0,q4,mid1,low
-2,173800,ASH_COATED_OSMIUM,9989.0,21.0,,,,,10008.0,15.0,10010.0,21.0,,,9998.5,0.0,prices_round_1_day_-2.csv,False,19.0,0.16666666666666666,10000.083333333334,10000.083333333334,10000.083333333334,9998.5,2020.315804688015,-0.005705792098196813,575999.3245828714,-11.08333333333394,7.91666666666606,-9.5,9.5,1,1,,9.91666666666606,,11.5,0,1,,,,,0,0,q4,mid2,low
-2,173900,ASH_COATED_OSMIUM,9992.0,12.0,9989.0,22.0,,,10008.0,12.0,10010.0,22.0,,,10000.0,0.0,prices_round_1_day_-2.csv,False,16.0,0.0,10000.0,10000.0,-0.08333333333393966,1.5,2020.315777058938,-0.005750431282346176,575667.9095549311,-8.0,8.0,-8.0,8.0,1,1,-11.0,10.0,-11.0,10.0,1,1,,,,,0,0,q4,mid1,low
-2,174000,ASH_COATED_OSMIUM,9991.0,10.0,9989.0,27.0,,,10007.0,10.0,10010.0,27.0,,,9999.0,0.0,prices_round_1_day_-2.csv,False,16.0,0.0,9999.0,9999.0,-1.0,-1.0,2020.3157809227512,-0.00632183908045977,575336.8762475183,-8.0,8.0,-8.0,8.0,1,1,-10.0,11.0,-10.0,11.0,1,1,,,,,0,0,q4,mid1,low
-2,174100,ASH_COATED_OSMIUM,9991.0,14.0,,,,,10007.0,14.0,,,,,9999.0,0.0,prices_round_1_day_-2.csv,False,16.0,0.0,9999.0,9999.0,0.0,0.0,2020.315751872257,-0.006318207926479035,575006.2228703875,-8.0,8.0,-8.0,8.0,1,1,,,,,0,0,,,,,0,0,q4,mid1,low
-2,174200,ASH_COATED_OSMIUM,9991.0,14.0,,,,,10007.0,14.0,10010.0,28.0,,,9999.0,0.0,prices_round_1_day_-2.csv,False,16.0,0.0,9999.0,9999.0,0.0,0.0,2020.3157112476626,-0.006314580941446613,574675.9493363091,-8.0,8.0,-8.0,8.0,1,1,,11.0,,11.0,0,1,,,,,0,0,q4,mid1,low
-2,174300,ASH_COATED_OSMIUM,9992.0,10.0,9989.0,25.0,,,10008.0,10.0,10010.0,25.0,,,10000.0,0.0,prices_round_1_day_-2.csv,False,16.0,0.0,10000.0,10000.0,1.0,1.0,2020.315716197384,-0.005737234652897304,574346.0555721023,-8.0,8.0,-8.0,8.0,1,1,-11.0,10.0,-11.0,10.0,1,1,,,,,0,0,q4,mid1,low
-2,174400,ASH_COATED_OSMIUM,9992.0,11.0,,,,,10008.0,11.0,10010.0,27.0,,,10000.0,0.0,prices_round_1_day_-2.csv,False,16.0,0.0,10000.0,10000.0,0.0,0.0,2020.315716197384,-0.005733944954128441,574016.5397628429,-8.0,8.0,-8.0,8.0,1,1,,10.0,,10.0,0,1,,,,,0,0,q4,mid1,low
-2,174500,ASH_COATED_OSMIUM,9992.0,14.0,9989.0,30.0,,,10008.0,14.0,10010.0,30.0,,,10000.0,0.0,prices_round_1_day_-2.csv,False,16.0,0.0,10000.0,10000.0,0.0,0.0,2020.315716197384,-0.0057306590257879654,573687.4018386859,-8.0,8.0,-8.0,8.0,1,1,-11.0,10.0,-11.0,10.0,1,1,,,,,0,0,q4,mid1,low
-2,174600,ASH_COATED_OSMIUM,9990.0,27.0,,,,,10008.0,10.0,10011.0,27.0,,,9999.0,0.0,prices_round_1_day_-2.csv,False,18.0,0.4594594594594595,10003.135135135135,10003.135135135135,3.1351351351349876,-1.0,2020.3157177546595,-0.003931766818364841,573358.646800032,-13.135135135134988,4.864864864865012,-9.0,9.0,1,1,,7.864864864865012,,12.0,0,1,,,,,0,0,q4,mid2,mid_low
-2,174700,ASH_COATED_OSMIUM,9993.0,10.0,9990.0,27.0,,,10009.0,10.0,10011.0,27.0,,,10001.0,0.0,prices_round_1_day_-2.csv,False,16.0,0.0,10001.0,10001.0,-2.1351351351349876,2.0,2020.3157022528922,-0.005151688609044075,573030.265295237,-8.0,8.0,-8.0,8.0,1,1,-11.0,10.0,-11.0,10.0,1,1,,,,,0,0,q4,mid1,mid_low
-2,174800,ASH_COATED_OSMIUM,9993.0,11.0,9990.0,28.0,,,10011.0,28.0,,,,,10002.0,0.0,prices_round_1_day_-2.csv,False,18.0,-0.4358974358974359,9998.076923076924,9998.076923076924,-2.9230769230762235,1.0,2020.3157457262814,-0.006820982221439487,572702.2620005155,-5.0769230769237765,12.923076923076223,-9.0,9.0,1,1,-8.076923076923777,,-12.0,,1,0,,,,,0,0,q4,mid2,low
-2,174900,ASH_COATED_OSMIUM,9992.0,12.0,9990.0,28.0,,,10008.0,12.0,10011.0,28.0,,,10000.0,0.0,prices_round_1_day_-2.csv,False,16.0,0.0,10000.0,10000.0,1.9230769230762235,-2.0,2020.3157301598178,-0.005717552887364208,572374.6312570235,-8.0,8.0,-8.0,8.0,1,1,-10.0,11.0,-10.0,11.0,1,1,,,,,0,0,q4,mid1,low
-2,175000,ASH_COATED_OSMIUM,9998.0,5.0,9992.0,14.0,,,10008.0,14.0,10011.0,28.0,,,10003.0,0.0,prices_round_1_day_-2.csv,False,10.0,-0.47368421052631576,10000.631578947368,10000.631578947368,0.6315789473683253,3.0,2020.3157001320815,-0.005353383458646672,572047.3732665477,-2.6315789473683253,7.368421052631675,-5.0,5.0,1,1,-8.631578947368325,10.368421052631675,-11.0,8.0,1,1,,,,,0,0,q4,tight,mid_low
-2,175100,ASH_COATED_OSMIUM,9993.0,13.0,,,,,9998.0,8.0,10011.0,25.0,,,9995.5,0.0,prices_round_1_day_-2.csv,False,5.0,0.23809523809523808,9996.095238095239,9996.095238095239,-4.536340852129797,-7.5,2020.3157977460714,-0.007941040493867202,571720.500777894,-3.0952380952385283,1.9047619047614717,-2.5,2.5,1,1,,14.904761904761472,,15.5,0,1,,,,,0,0,q4,tight,low
-2,175200,ASH_COATED_OSMIUM,9992.0,11.0,9990.0,25.0,,,10008.0,11.0,10011.0,25.0,,,10000.0,0.0,prices_round_1_day_-2.csv,False,16.0,0.0,10000.0,10000.0,3.9047619047614717,4.5,2020.3158711439148,-0.005707762557077625,571393.9986646607,-8.0,8.0,-8.0,8.0,1,1,-10.0,11.0,-10.0,11.0,1,1,,,,,0,0,q4,mid1,low
-2,175300,ASH_COATED_OSMIUM,9993.0,14.0,9990.0,28.0,,,10009.0,14.0,,,,,10001.0,0.0,prices_round_1_day_-2.csv,False,16.0,0.0,10001.0,10001.0,1.0,1.0,2020.315858267158,-0.00513405590416429,571067.8611145503,-8.0,8.0,-8.0,8.0,1,1,-11.0,,-11.0,,1,0,,,,,0,0,q4,mid1,mid_low
-2,175400,ASH_COATED_OSMIUM,9993.0,14.0,9990.0,26.0,,,10011.0,26.0,,,,,10002.0,0.0,prices_round_1_day_-2.csv,False,18.0,-0.3,9999.3,9999.3,-1.7000000000007276,1.0,2020.3158577601137,-0.006100342075256972,570742.0967162721,-6.299999999999272,11.700000000000728,-9.0,9.0,1,1,-9.299999999999272,,-12.0,,1,0,,,,,0,0,q4,mid2,low
-2,175500,ASH_COATED_OSMIUM,9993.0,15.0,9990.0,22.0,,,10009.0,15.0,10011.0,22.0,,,10001.0,0.0,prices_round_1_day_-2.csv,False,16.0,0.0,10001.0,10001.0,1.7000000000007276,-1.0,2020.3158719617727,-0.005128205128205128,570416.7037928989,-8.0,8.0,-8.0,8.0,1,1,-11.0,10.0,-11.0,10.0,1,1,,,,,0,0,q4,mid1,mid_low
-2,175600,ASH_COATED_OSMIUM,9990.0,24.0,,,,,10009.0,13.0,10011.0,24.0,,,9999.5,0.0,prices_round_1_day_-2.csv,False,19.0,0.2972972972972973,10002.324324324325,10002.324324324325,1.3243243243250618,-1.5,2020.3158220422106,-0.0043711137105210355,570091.681036571,-12.324324324325062,6.675675675674938,-9.5,9.5,1,1,,8.675675675674938,,11.5,0,1,,,,,0,0,q4,mid2,mid_low
-2,175700,ASH_COATED_OSMIUM,,,,,,,10011.0,22.0,,,,,10011.0,0.0,prices_round_1_day_-2.csv,True,,-1.0,,10011.0,8.675675675674938,11.5,2020.3161630004372,0.0005691519635742744,569767.0703414081,,0.0,,0.0,0,1,,,,,0,0,,,,,0,0,q4,mid1,mid_low
-2,175800,ASH_COATED_OSMIUM,9993.0,12.0,9991.0,23.0,,,10003.0,4.0,10009.0,12.0,10012.0,23.0,9998.0,0.0,prices_round_1_day_-2.csv,False,10.0,0.5,10000.5,10000.5,-10.5,-13.0,2020.3166837597455,-0.00540386803185438,569442.8490146529,-7.5,2.5,-5.0,5.0,1,1,-9.5,8.5,-7.0,11.0,1,1,,11.5,,14.0,0,1,q4,tight,mid_low
-2,175900,ASH_COATED_OSMIUM,9992.0,11.0,9990.0,21.0,,,10008.0,11.0,10011.0,21.0,,,10000.0,0.0,prices_round_1_day_-2.csv,False,16.0,0.0,10000.0,10000.0,-0.5,2.0,2020.3166846737086,-0.005685048322910745,569118.9339950122,-8.0,8.0,-8.0,8.0,1,1,-10.0,11.0,-10.0,11.0,1,1,,,,,0,0,q4,mid1,low
-2,176000,ASH_COATED_OSMIUM,9992.0,15.0,9990.0,24.0,,,10008.0,15.0,,,,,10000.0,0.0,prices_round_1_day_-2.csv,False,16.0,0.0,10000.0,10000.0,0.0,0.0,2020.3166547358671,-0.005681818181818182,568795.3871309061,-8.0,8.0,-8.0,8.0,1,1,-10.0,,-10.0,,1,0,,,,,0,0,q4,mid1,low
-2,176100,ASH_COATED_OSMIUM,9992.0,11.0,9990.0,26.0,,,10008.0,11.0,10011.0,26.0,,,10000.0,0.0,prices_round_1_day_-2.csv,False,16.0,0.0,10000.0,10000.0,0.0,0.0,2020.3166497861482,-0.0056785917092561046,568472.207933691,-8.0,8.0,-8.0,8.0,1,1,-10.0,11.0,-10.0,11.0,1,1,,,,,0,0,q4,mid1,low
-2,176200,ASH_COATED_OSMIUM,9993.0,10.0,9990.0,22.0,,,10009.0,10.0,10011.0,22.0,,,10001.0,0.0,prices_round_1_day_-2.csv,False,16.0,0.0,10001.0,10001.0,1.0,1.0,2020.3166542575937,-0.00510783200908059,568149.3963510003,-8.0,8.0,-8.0,8.0,1,1,-11.0,10.0,-11.0,10.0,1,1,,,,,0,0,q4,mid1,mid_low
-2,176300,ASH_COATED_OSMIUM,9992.0,12.0,,,,,10002.0,5.0,10008.0,12.0,10011.0,21.0,9997.0,0.0,prices_round_1_day_-2.csv,False,10.0,0.4117647058823529,9999.058823529413,9999.058823529413,-1.9411764705873793,-4.0,2020.3166016095006,-0.00620599913249426,567826.9527357247,-7.058823529412621,2.9411764705873793,-5.0,5.0,1,1,,8.94117647058738,,11.0,0,1,,11.94117647058738,,14.0,0,1,q4,tight,low
-2,176400,ASH_COATED_OSMIUM,9992.0,13.0,9989.0,27.0,,,10010.0,27.0,,,,,10001.0,0.0,prices_round_1_day_-2.csv,False,18.0,-0.35,9997.85,9997.85,-1.208823529412257,4.0,2020.316550870095,-0.00688775510204061,567504.8736051141,-5.850000000000364,12.149999999999636,-9.0,9.0,1,1,-8.850000000000364,,-12.0,,1,0,,,,,0,0,q4,mid2,low
-2,176500,ASH_COATED_OSMIUM,9992.0,10.0,9989.0,22.0,,,10008.0,10.0,,,,,10000.0,0.0,prices_round_1_day_-2.csv,False,16.0,0.0,10000.0,10000.0,2.149999999999636,-1.0,2020.315951322366,-0.0056657223796034,567183.1614599462,-8.0,8.0,-8.0,8.0,1,1,-11.0,,-11.0,,1,0,,,,,0,0,q4,mid1,low
-2,176600,ASH_COATED_OSMIUM,9989.0,30.0,,,,,10007.0,13.0,10010.0,30.0,,,9998.0,0.0,prices_round_1_day_-2.csv,False,18.0,0.3953488372093023,10001.558139534884,10001.558139534884,1.558139534883594,-2.0,2020.3153644229835,-0.004780215438910762,566861.8126115848,-12.558139534883594,5.441860465116406,-9.0,9.0,1,1,,8.441860465116406,,12.0,0,1,,,,,0,0,q4,mid2,mid_low
-2,176700,ASH_COATED_OSMIUM,9991.0,15.0,,,,,10007.0,15.0,,,,,9999.0,0.0,prices_round_1_day_-2.csv,False,16.0,0.0,9999.0,9999.0,-2.558139534883594,1.0,2020.3153976196286,-0.00622524052065648,566540.829997396,-8.0,8.0,-8.0,8.0,1,1,,,,,0,0,,,,,0,0,q4,mid1,low
-2,176800,ASH_COATED_OSMIUM,9997.0,5.0,9989.0,27.0,,,10007.0,14.0,10010.0,27.0,,,10002.0,0.0,prices_round_1_day_-2.csv,False,10.0,-0.47368421052631576,9999.631578947368,9999.631578947368,0.6315789473683253,3.0,2020.3153559206828,-0.005864491545606151,566220.20723371,-2.6315789473683253,7.368421052631675,-5.0,5.0,1,1,-10.631578947368325,10.368421052631675,-13.0,8.0,1,1,,,,,0,0,q4,tight,low
-2,176900,ASH_COATED_OSMIUM,9991.0,15.0,9988.0,23.0,,,10007.0,15.0,,,,,9999.0,0.0,prices_round_1_day_-2.csv,False,16.0,0.0,9999.0,9999.0,-0.6315789473683253,-3.0,2020.315315338205,-0.006218202374222725,565899.9471568228,-8.0,8.0,-8.0,8.0,1,1,-11.0,,-11.0,,1,0,,,,,0,0,q4,mid1,low
-2,177000,ASH_COATED_OSMIUM,9991.0,10.0,,,,,10007.0,10.0,10010.0,21.0,,,9999.0,0.0,prices_round_1_day_-2.csv,False,16.0,0.0,9999.0,9999.0,0.0,0.0,2020.315315338205,-0.0062146892655367235,565580.0489391189,-8.0,8.0,-8.0,8.0,1,1,,11.0,,11.0,0,1,,,,,0,0,q4,mid1,low
-2,177100,ASH_COATED_OSMIUM,9989.0,30.0,,,,,10010.0,30.0,,,,,9999.5,0.0,prices_round_1_day_-2.csv,False,21.0,0.0,9999.5,9999.5,0.5,0.5,2020.3152888639243,-0.005928853754940711,565260.512333,-10.5,10.5,-10.5,10.5,1,1,,,,,0,0,,,,,0,0,q4,mid2,low
-2,177200,ASH_COATED_OSMIUM,9988.0,20.0,,,,,10009.0,20.0,,,,,9998.5,0.0,prices_round_1_day_-2.csv,False,21.0,0.0,9998.5,9998.5,-1.0,-1.0,2020.3152852498413,-0.006489841986455982,564941.3369943702,-10.5,10.5,-10.5,10.5,1,1,,,,,0,0,,,,,0,0,q4,mid2,low
-2,177300,ASH_COATED_OSMIUM,9991.0,12.0,9989.0,29.0,,,10010.0,29.0,,,,,10000.5,0.0,prices_round_1_day_-2.csv,False,19.0,-0.4146341463414634,9996.560975609756,9996.560975609756,-1.9390243902435031,2.0,2020.315303664015,-0.007579821991113087,564622.523447863,-5.560975609756497,13.439024390243503,-9.5,9.5,1,1,-7.560975609756497,,-11.5,,1,0,,,,,0,0,q4,mid2,low
-2,177400,ASH_COATED_OSMIUM,9992.0,12.0,9989.0,22.0,,,10008.0,12.0,10010.0,22.0,,,10000.0,0.0,prices_round_1_day_-2.csv,False,16.0,0.0,10000.0,10000.0,3.439024390243503,-0.5,2020.3153589487044,-0.005636978579481398,564304.0741240821,-8.0,8.0,-8.0,8.0,1,1,-11.0,10.0,-11.0,10.0,1,1,,,,,0,0,q4,mid1,low
-2,177500,ASH_COATED_OSMIUM,9989.0,27.0,,,,,10010.0,27.0,,,,,9999.5,0.0,prices_round_1_day_-2.csv,False,21.0,0.0,9999.5,9999.5,-0.5,-0.5,2020.3153476231996,-0.005915492957746479,563985.9772639541,-10.5,10.5,-10.5,10.5,1,1,,,,,0,0,,,,,0,0,q4,mid2,low
-2,177600,ASH_COATED_OSMIUM,9992.0,14.0,9989.0,22.0,,,10010.0,22.0,,,,,10001.0,0.0,prices_round_1_day_-2.csv,False,18.0,-0.2222222222222222,9999.0,9999.0,-0.5,1.5,2020.3153473526243,-0.006193693693693694,563668.2388226686,-7.0,11.0,-9.0,9.0,1,1,-10.0,,-12.0,,1,0,,,,,0,0,q4,mid2,low
-2,177700,ASH_COATED_OSMIUM,9992.0,13.0,,,,,10008.0,13.0,10011.0,23.0,,,10000.0,0.0,prices_round_1_day_-2.csv,False,16.0,0.0,10000.0,10000.0,1.0,-1.0,2020.3153404196657,-0.005627462014631401,563350.8586273044,-8.0,8.0,-8.0,8.0,1,1,,11.0,,11.0,0,1,,,,,0,0,q4,mid1,low
-2,177800,ASH_COATED_OSMIUM,9992.0,12.0,9990.0,20.0,,,10008.0,12.0,10011.0,20.0,,,10000.0,0.0,prices_round_1_day_-2.csv,False,16.0,0.0,10000.0,10000.0,0.0,0.0,2020.3153074990212,-0.00562429696287964,563033.8350715388,-8.0,8.0,-8.0,8.0,1,1,-10.0,11.0,-10.0,11.0,1,1,,,,,0,0,q4,mid1,low
-2,177900,ASH_COATED_OSMIUM,9993.0,12.0,,,,,10009.0,12.0,10011.0,29.0,,,10001.0,0.0,prices_round_1_day_-2.csv,False,16.0,0.0,10001.0,10001.0,1.0,1.0,2020.3153120446846,-0.00505902192242833,562717.168691134,-8.0,8.0,-8.0,8.0,1,1,,10.0,,10.0,0,1,,,,,0,0,q4,mid1,mid_low
-2,178000,ASH_COATED_OSMIUM,9993.0,12.0,9990.0,24.0,,,10011.0,24.0,,,,,10002.0,0.0,prices_round_1_day_-2.csv,False,18.0,-0.3333333333333333,9999.0,9999.0,-2.0,1.0,2020.3153058953772,-0.006179775280898876,562400.8599833557,-6.0,12.0,-9.0,9.0,1,1,-9.0,,-12.0,,1,0,,,,,0,0,q4,mid2,low
-2,178100,ASH_COATED_OSMIUM,9993.0,13.0,9990.0,22.0,,,10009.0,13.0,,,,,10001.0,0.0,prices_round_1_day_-2.csv,False,16.0,0.0,10001.0,10001.0,2.0,-1.0,2020.3152982775784,-0.0050533408197641775,562084.9067038692,-8.0,8.0,-8.0,8.0,1,1,-11.0,,-11.0,,1,0,,,,,0,0,q4,mid1,mid_low
-2,178200,ASH_COATED_OSMIUM,9993.0,13.0,9990.0,25.0,,,10009.0,13.0,10011.0,25.0,,,10001.0,0.0,prices_round_1_day_-2.csv,False,16.0,0.0,10001.0,10001.0,0.0,0.0,2020.3152937319148,-0.005050505050505051,561769.3059701925,-8.0,8.0,-8.0,8.0,1,1,-11.0,10.0,-11.0,10.0,1,1,,,,,0,0,q4,mid1,mid_low
-2,178300,ASH_COATED_OSMIUM,9991.0,26.0,,,,,10009.0,14.0,10012.0,26.0,,,10000.0,0.0,prices_round_1_day_-2.csv,False,18.0,0.3,10002.7,10002.7,1.7000000000007276,-1.0,2020.3153073497124,-0.004094223219292918,561454.0610765879,-11.700000000000728,6.299999999999272,-9.0,9.0,1,1,,9.299999999999272,,12.0,0,1,,,,,0,0,q4,mid2,mid_low
-2,178400,ASH_COATED_OSMIUM,9993.0,13.0,9990.0,23.0,,,10009.0,13.0,10011.0,23.0,,,10001.0,0.0,prices_round_1_day_-2.csv,False,16.0,0.0,10001.0,10001.0,-1.7000000000007276,1.0,2020.3153203661354,-0.005044843049327354,561139.1697773213,-8.0,8.0,-8.0,8.0,1,1,-11.0,10.0,-11.0,10.0,1,1,,,,,0,0,q4,mid1,mid_low
-2,178500,ASH_COATED_OSMIUM,,,,,,,10009.0,11.0,10012.0,22.0,,,10009.0,0.0,prices_round_1_day_-2.csv,True,,-1.0,,10009.0,8.0,8.0,2020.3154850149974,-0.0005602240896358543,560824.6657835242,,0.0,,0.0,0,1,,3.0,,3.0,0,1,,,,,0,0,q4,mid1,mid_low
-2,178600,ASH_COATED_OSMIUM,,,,,,,10009.0,10.0,10012.0,22.0,,,10009.0,0.0,prices_round_1_day_-2.csv,True,,-1.0,,10009.0,0.0,0.0,2020.3154025080316,-0.0005599104143337066,560510.4782956905,,0.0,,0.0,0,1,,3.0,,3.0,0,1,,,,,0,0,q4,mid1,mid_low
-2,178700,ASH_COATED_OSMIUM,9993.0,14.0,,,,,10009.0,14.0,10012.0,20.0,,,10001.0,0.0,prices_round_1_day_-2.csv,False,16.0,0.0,10001.0,10001.0,-8.0,-8.0,1414.225882969255,-0.005036373810856184,560196.6784507503,-8.0,8.0,-8.0,8.0,1,1,,11.0,,11.0,0,1,,,,,0,0,q4,mid1,mid_low
-2,178800,ASH_COATED_OSMIUM,9991.0,25.0,,,,,10012.0,25.0,,,,,10001.5,0.0,prices_round_1_day_-2.csv,False,21.0,0.0,10001.5,10001.5,0.5,0.5,3.0003782016114546,-0.0047539149888143175,559883.1941622603,-10.5,10.5,-10.5,10.5,1,1,,,,,0,0,,,,,0,0,q2,mid2,mid_low
-2,178900,ASH_COATED_OSMIUM,9993.0,11.0,,,,,10009.0,11.0,,,,,10001.0,0.0,prices_round_1_day_-2.csv,False,16.0,0.0,10001.0,10001.0,-0.5,-0.5,3.001273174487442,-0.005030743432084964,559570.0605218628,-8.0,8.0,-8.0,8.0,1,1,,,,,0,0,,,,,0,0,q2,mid1,mid_low
-2,179000,ASH_COATED_OSMIUM,9993.0,14.0,9991.0,28.0,,,10009.0,14.0,10012.0,28.0,,,10001.0,0.0,prices_round_1_day_-2.csv,False,16.0,0.0,10001.0,10001.0,0.0,0.0,2.997667095398804,-0.005027932960893855,559257.2768100145,-8.0,8.0,-8.0,8.0,1,1,-10.0,11.0,-10.0,11.0,1,1,,,,,0,0,q2,mid1,mid_low
-2,179100,ASH_COATED_OSMIUM,9993.0,10.0,9991.0,29.0,,,10009.0,10.0,10012.0,29.0,,,10001.0,0.0,prices_round_1_day_-2.csv,False,16.0,0.0,10001.0,10001.0,0.0,0.0,2.997667095398804,-0.005025125628140704,558944.8425771738,-8.0,8.0,-8.0,8.0,1,1,-10.0,11.0,-10.0,11.0,1,1,,,,,0,0,q2,mid1,mid_low
-2,179200,ASH_COATED_OSMIUM,9993.0,10.0,9991.0,22.0,,,10009.0,10.0,10012.0,22.0,,,10001.0,0.0,prices_round_1_day_-2.csv,False,16.0,0.0,10001.0,10001.0,0.0,0.0,2.997667095398804,-0.005022321428571429,558632.757237949,-8.0,8.0,-8.0,8.0,1,1,-10.0,11.0,-10.0,11.0,1,1,,,,,0,0,q2,mid1,mid_low
-2,179300,ASH_COATED_OSMIUM,9993.0,13.0,,,,,10009.0,13.0,10011.0,23.0,,,10001.0,0.0,prices_round_1_day_-2.csv,False,16.0,0.0,10001.0,10001.0,0.0,0.0,2.9944656186650924,-0.0050195203569436695,558321.0202082542,-8.0,8.0,-8.0,8.0,1,1,,10.0,,10.0,0,1,,,,,0,0,q2,mid1,mid_low
-2,179400,ASH_COATED_OSMIUM,9993.0,11.0,,,,,10009.0,11.0,10012.0,20.0,,,10001.0,0.0,prices_round_1_day_-2.csv,False,16.0,0.0,10001.0,10001.0,0.0,0.0,2.9944656186650924,-0.005016722408026756,558009.6309053077,-8.0,8.0,-8.0,8.0,1,1,,11.0,,11.0,0,1,,,,,0,0,q2,mid1,mid_low
-2,179500,ASH_COATED_OSMIUM,9993.0,11.0,9991.0,23.0,,,10009.0,11.0,,,,,10001.0,0.0,prices_round_1_day_-2.csv,False,16.0,0.0,10001.0,10001.0,0.0,0.0,2.9944656186650924,-0.005013927576601671,557698.5887476265,-8.0,8.0,-8.0,8.0,1,1,-10.0,,-10.0,,1,0,,,,,0,0,q2,mid1,mid_low
-2,179600,ASH_COATED_OSMIUM,9993.0,14.0,9991.0,21.0,,,10009.0,14.0,10012.0,21.0,,,10001.0,0.0,prices_round_1_day_-2.csv,False,16.0,0.0,10001.0,10001.0,0.0,0.0,2.9605368527585556,-0.005011135857461025,557387.8931550235,-8.0,8.0,-8.0,8.0,1,1,-10.0,11.0,-10.0,11.0,1,1,,,,,0,0,q2,mid1,mid_low
-2,179700,ASH_COATED_OSMIUM,9993.0,14.0,,,,,10009.0,14.0,10012.0,30.0,,,10001.0,0.0,prices_round_1_day_-2.csv,False,16.0,0.0,10001.0,10001.0,0.0,0.0,2.9450980315832904,-0.005008347245409015,557077.5435486037,-8.0,8.0,-8.0,8.0,1,1,,11.0,,11.0,0,1,,,,,0,0,q2,mid1,mid_low
-2,179800,ASH_COATED_OSMIUM,9993.0,12.0,9991.0,24.0,,,10009.0,12.0,,,,,10001.0,0.0,prices_round_1_day_-2.csv,False,16.0,0.0,10001.0,10001.0,0.0,0.0,2.9147452442113013,-0.005005561735261402,556767.5393507609,-8.0,8.0,-8.0,8.0,1,1,-10.0,,-10.0,,1,0,,,,,0,0,q2,mid1,mid_low
-2,179900,ASH_COATED_OSMIUM,9993.0,10.0,9990.0,30.0,,,10009.0,10.0,10011.0,30.0,,,10001.0,0.0,prices_round_1_day_-2.csv,False,16.0,0.0,10001.0,10001.0,0.0,0.0,2.9022999845508304,-0.005002779321845469,556457.8799851737,-8.0,8.0,-8.0,8.0,1,1,-11.0,10.0,-11.0,10.0,1,1,,,,,0,0,q2,mid1,mid_low
-2,180000,ASH_COATED_OSMIUM,9993.0,10.0,9990.0,21.0,,,10002.0,5.0,,,,,9997.5,0.0,prices_round_1_day_-2.csv,False,9.0,0.3333333333333333,9999.0,9999.0,-2.0,-3.5,2.9148171148982183,-0.006111111111111111,556148.5670879072,-6.0,3.0,-4.5,4.5,1,1,-9.0,,-7.5,,1,0,,,,,0,0,q2,tight,low
-2,180100,ASH_COATED_OSMIUM,9993.0,10.0,9991.0,25.0,,,10009.0,10.0,,,,,10001.0,0.0,prices_round_1_day_-2.csv,False,16.0,0.0,10001.0,10001.0,2.0,3.5,2.8546614250635782,-0.004997223764575236,555839.597896329,-8.0,8.0,-8.0,8.0,1,1,-10.0,,-10.0,,1,0,,,,,0,0,q2,mid1,mid_low
-2,180200,ASH_COATED_OSMIUM,9990.0,24.0,,,,,10009.0,15.0,10011.0,24.0,,,9999.5,0.0,prices_round_1_day_-2.csv,False,19.0,0.23076923076923078,10001.692307692309,10001.692307692309,0.6923076923085318,-1.5,2.8029193266141443,-0.004610262101937552,555530.9698497261,-11.692307692308532,7.307692307691468,-9.5,9.5,1,1,,9.307692307691468,,11.5,0,1,,,,,0,0,q2,mid2,mid_low
-2,180300,ASH_COATED_OSMIUM,9991.0,27.0,,,,,10009.0,15.0,,,,,10000.0,0.0,prices_round_1_day_-2.csv,False,18.0,0.2857142857142857,10002.57142857143,10002.57142857143,0.8791208791208192,0.5,2.8021210067804008,-0.004120117264875568,555222.6845060511,-11.571428571429351,6.428571428570649,-9.0,9.0,1,1,,,,,0,0,,,,,0,0,q2,mid2,mid_low
-2,180400,ASH_COATED_OSMIUM,9993.0,15.0,9991.0,21.0,,,10012.0,21.0,,,,,10002.5,0.0,prices_round_1_day_-2.csv,False,19.0,-0.16666666666666666,10000.916666666666,10000.916666666666,-1.6547619047632907,2.5,2.801557792567518,-0.005035107169253847,554914.7422091026,-7.91666666666606,11.08333333333394,-9.5,9.5,1,1,-9.91666666666606,,-11.5,,1,0,,,,,0,0,q2,mid2,mid_low
-2,180500,ASH_COATED_OSMIUM,9993.0,11.0,9991.0,21.0,,,10009.0,11.0,,,,,10001.0,0.0,prices_round_1_day_-2.csv,False,16.0,0.0,10001.0,10001.0,0.08333333333393966,-1.5,2.7912282200960146,-0.004986149584487534,554607.1398064394,-8.0,8.0,-8.0,8.0,1,1,-10.0,,-10.0,,1,0,,,,,0,0,q2,mid1,mid_low
-2,180600,ASH_COATED_OSMIUM,9994.0,13.0,9991.0,25.0,,,10010.0,13.0,10012.0,25.0,,,10002.0,0.0,prices_round_1_day_-2.csv,False,16.0,0.0,10002.0,10002.0,1.0,1.0,2.7884633147038573,-0.004429678848283499,554299.8787923849,-8.0,8.0,-8.0,8.0,1,1,-11.0,10.0,-11.0,10.0,1,1,,,,,0,0,q2,mid1,mid_low
-2,180700,ASH_COATED_OSMIUM,9994.0,13.0,9991.0,25.0,,,10010.0,13.0,10012.0,25.0,,,10002.0,0.0,prices_round_1_day_-2.csv,False,16.0,0.0,10002.0,10002.0,0.0,0.0,2.491272973970117,-0.004427227448810182,553992.9574863091,-8.0,8.0,-8.0,8.0,1,1,-11.0,10.0,-11.0,10.0,1,1,,,,,0,0,q1,mid1,mid_low
-2,180800,ASH_COATED_OSMIUM,9993.0,11.0,,,,,10009.0,11.0,,,,,10001.0,0.0,prices_round_1_day_-2.csv,False,16.0,0.0,10001.0,10001.0,-1.0,-1.0,2.002450593091543,-0.00497787610619469,553686.376431041,-8.0,8.0,-8.0,8.0,1,1,,,,,0,0,,,,,0,0,q1,mid1,mid_low
-2,180900,ASH_COATED_OSMIUM,9994.0,15.0,9991.0,21.0,,,10010.0,15.0,10012.0,21.0,,,10002.0,0.0,prices_round_1_day_-2.csv,False,16.0,0.0,10002.0,10002.0,1.0,1.0,2.0058873068985585,-0.004422332780541736,553380.1345245097,-8.0,8.0,-8.0,8.0,1,1,-11.0,10.0,-11.0,10.0,1,1,,,,,0,0,q1,mid1,mid_low
-2,181000,ASH_COATED_OSMIUM,,,,,,,10009.0,14.0,10012.0,27.0,,,10009.0,0.0,prices_round_1_day_-2.csv,True,,-1.0,,10009.0,7.0,7.0,2.234313164385908,-0.0005524861878453039,553074.2577419234,,0.0,,0.0,0,1,,3.0,,3.0,0,1,,,,,0,0,q1,mid1,mid_low
-2,181100,ASH_COATED_OSMIUM,9993.0,10.0,,,,,10009.0,10.0,10012.0,27.0,,,10001.0,0.0,prices_round_1_day_-2.csv,False,16.0,0.0,10001.0,10001.0,-8.0,-8.0,2.5161341034913587,-0.004969630038652678,552768.7271883787,-8.0,8.0,-8.0,8.0,1,1,,11.0,,11.0,0,1,,,,,0,0,q1,mid1,mid_low
-2,181200,ASH_COATED_OSMIUM,9990.0,25.0,,,,,10009.0,13.0,10011.0,25.0,,,9999.5,0.0,prices_round_1_day_-2.csv,False,19.0,0.3157894736842105,10002.5,10002.5,1.5,-1.5,2.521097147424562,-0.0041390728476821195,552463.4999860016,-12.5,6.5,-9.5,9.5,1,1,,8.5,,11.5,0,1,,,,,0,0,q1,mid2,mid_low
-2,181300,ASH_COATED_OSMIUM,9993.0,10.0,9990.0,28.0,,,10011.0,28.0,,,,,10002.0,0.0,prices_round_1_day_-2.csv,False,18.0,-0.47368421052631576,9997.736842105263,9997.736842105263,-4.763157894736651,2.5,2.5965839601895753,-0.00676401428281117,552158.6209218637,-4.736842105263349,13.26315789473665,-9.0,9.0,1,1,-7.736842105263349,,-12.0,,1,0,,,,,0,0,q1,mid2,low
-2,181400,ASH_COATED_OSMIUM,9992.0,12.0,9990.0,25.0,,,10008.0,12.0,10011.0,25.0,,,10000.0,0.0,prices_round_1_day_-2.csv,False,16.0,0.0,10000.0,10000.0,2.2631578947366506,-2.0,2.610705186157052,-0.005512679162072767,551854.0685384016,-8.0,8.0,-8.0,8.0,1,1,-10.0,11.0,-10.0,11.0,1,1,,,,,0,0,q1,mid1,low
-2,181500,ASH_COATED_OSMIUM,9992.0,11.0,9989.0,29.0,,,10010.0,29.0,,,,,10001.0,0.0,prices_round_1_day_-2.csv,False,18.0,-0.45,9996.95,9996.95,-3.0499999999992724,1.0,2.628570251872161,-0.007190082644627698,551549.8542028216,-4.950000000000728,13.049999999999272,-9.0,9.0,1,1,-7.950000000000728,,-12.0,,1,0,,,,,0,0,q1,mid2,low
-2,181600,ASH_COATED_OSMIUM,9991.0,12.0,9989.0,27.0,,,10007.0,12.0,10010.0,27.0,,,9999.0,0.0,prices_round_1_day_-2.csv,False,16.0,0.0,9999.0,9999.0,2.0499999999992724,-2.0,2.6356642136729165,-0.006057268722466961,551245.9723160435,-8.0,8.0,-8.0,8.0,1,1,-10.0,11.0,-10.0,11.0,1,1,,,,,0,0,q1,mid1,low
-2,181700,ASH_COATED_OSMIUM,9992.0,14.0,9989.0,26.0,,,10001.0,3.0,10008.0,14.0,10010.0,26.0,9996.5,0.0,prices_round_1_day_-2.csv,False,9.0,0.6470588235294118,9999.411764705883,9999.411764705883,0.41176470588288794,-2.5,2.6113665566322926,-0.005827317167923562,550942.4228678955,-7.411764705882888,1.588235294117112,-4.5,4.5,1,1,-10.411764705882888,8.588235294117112,-7.5,11.5,1,1,,10.588235294117112,,13.5,0,1,q1,tight,low
-2,181800,ASH_COATED_OSMIUM,9998.0,2.0,9992.0,10.0,,,10008.0,10.0,10011.0,27.0,,,10003.0,0.0,prices_round_1_day_-2.csv,False,10.0,-0.6666666666666666,9999.666666666666,9999.666666666666,0.2549019607831724,6.5,2.6100745895399067,-0.005683901723506017,550639.207482686,-1.6666666666660603,8.33333333333394,-5.0,5.0,1,1,-7.66666666666606,11.33333333333394,-11.0,8.0,1,1,,,,,0,0,q1,tight,low
-2,181900,ASH_COATED_OSMIUM,9992.0,14.0,,,,,10008.0,14.0,10011.0,22.0,,,10000.0,0.0,prices_round_1_day_-2.csv,False,16.0,0.0,10000.0,10000.0,0.33333333333393966,-3.0,2.6088711396922863,-0.005497526113249038,550336.3256935698,-8.0,8.0,-8.0,8.0,1,1,,11.0,,11.0,0,1,,,,,0,0,q1,mid1,low
-2,182000,ASH_COATED_OSMIUM,9990.0,23.0,,,,,10009.0,15.0,,,,,9999.5,0.0,prices_round_1_day_-2.csv,False,19.0,0.21052631578947367,10001.5,10001.5,1.5,-0.5,2.6172474345623895,-0.00467032967032967,550033.7781067551,-11.5,7.5,-9.5,9.5,1,1,,,,,0,0,,,,,0,0,q1,mid2,mid_low
-2,182100,ASH_COATED_OSMIUM,9992.0,10.0,9990.0,29.0,,,10008.0,10.0,,,,,10000.0,0.0,prices_round_1_day_-2.csv,False,16.0,0.0,10000.0,10000.0,-1.5,0.5,2.625499845714309,-0.0054914881933003845,549731.5629730606,-8.0,8.0,-8.0,8.0,1,1,-10.0,,-10.0,,1,0,,,,,0,0,q1,mid1,low
-2,182200,ASH_COATED_OSMIUM,9993.0,10.0,9990.0,23.0,,,10009.0,10.0,10011.0,23.0,,,10001.0,0.0,prices_round_1_day_-2.csv,False,16.0,0.0,10001.0,10001.0,1.0,1.0,2.625033420788014,-0.004939626783754116,549429.6790891974,-8.0,8.0,-8.0,8.0,1,1,-11.0,10.0,-11.0,10.0,1,1,,,,,0,0,q1,mid1,mid_low
-2,182300,ASH_COATED_OSMIUM,9993.0,12.0,,,,,10009.0,12.0,10012.0,27.0,,,10001.0,0.0,prices_round_1_day_-2.csv,False,16.0,0.0,10001.0,10001.0,0.0,0.0,2.6093251462185885,-0.004936917169500823,549128.1260271422,-8.0,8.0,-8.0,8.0,1,1,,11.0,,11.0,0,1,,,,,0,0,q1,mid1,mid_low
-2,182400,ASH_COATED_OSMIUM,9993.0,14.0,9991.0,25.0,,,10012.0,25.0,,,,,10002.5,0.0,prices_round_1_day_-2.csv,False,19.0,-0.28205128205128205,9999.820512820514,9999.820512820514,-1.1794871794863866,1.5,2.569753676369125,-0.005580859199279817,548826.9045530801,-6.820512820513613,12.179487179486387,-9.5,9.5,1,1,-8.820512820513613,,-11.5,,1,0,,,,,0,0,q1,mid2,low
-2,182500,ASH_COATED_OSMIUM,9991.0,30.0,,,,,10010.0,11.0,10012.0,30.0,,,10000.5,0.0,prices_round_1_day_-2.csv,False,19.0,0.4634146341463415,10004.90243902439,10004.90243902439,5.081926203876719,-2.0,2.667150720050291,-0.002793184096224475,548526.0267921112,-13.902439024390333,5.097560975609667,-9.5,9.5,1,1,,7.097560975609667,,11.5,0,1,,,,,0,0,q1,mid2,mid_low
-2,182600,ASH_COATED_OSMIUM,9993.0,12.0,9991.0,25.0,,,10009.0,12.0,10012.0,25.0,,,10001.0,0.0,prices_round_1_day_-2.csv,False,16.0,0.0,10001.0,10001.0,-3.9024390243903326,0.5,2.725741660902904,-0.004928806133625411,548225.4729138194,-8.0,8.0,-8.0,8.0,1,1,-10.0,11.0,-10.0,11.0,1,1,,,,,0,0,q1,mid1,mid_low
-2,182700,ASH_COATED_OSMIUM,9994.0,15.0,9991.0,25.0,,,10012.0,25.0,,,,,10003.0,0.0,prices_round_1_day_-2.csv,False,18.0,-0.25,10000.75,10000.75,-0.25,2.0,2.7224874673990676,-0.0050629447181171315,547925.2399385254,-6.75,11.25,-9.0,9.0,1,1,-9.75,,-12.0,,1,0,,,,,0,0,q1,mid2,mid_low
-2,182800,ASH_COATED_OSMIUM,9993.0,14.0,9991.0,24.0,,,10009.0,14.0,10012.0,24.0,,,10001.0,0.0,prices_round_1_day_-2.csv,False,16.0,0.0,10001.0,10001.0,0.25,-2.0,2.7226889188668797,-0.004923413566739606,547625.3356282259,-8.0,8.0,-8.0,8.0,1,1,-10.0,11.0,-10.0,11.0,1,1,,,,,0,0,q1,mid1,mid_low
-2,182900,ASH_COATED_OSMIUM,9993.0,14.0,9991.0,28.0,,,10009.0,14.0,,,,,10001.0,0.0,prices_round_1_day_-2.csv,False,16.0,0.0,10001.0,10001.0,0.0,0.0,2.719013598517025,-0.004920721705850191,547325.7594052479,-8.0,8.0,-8.0,8.0,1,1,-10.0,,-10.0,,1,0,,,,,0,0,q1,mid1,mid_low
-2,183000,ASH_COATED_OSMIUM,9993.0,15.0,9991.0,20.0,,,10009.0,15.0,10012.0,20.0,,,10001.0,0.0,prices_round_1_day_-2.csv,False,16.0,0.0,10001.0,10001.0,0.0,0.0,2.703658566239097,-0.004918032786885246,547026.510766986,-8.0,8.0,-8.0,8.0,1,1,-10.0,11.0,-10.0,11.0,1,1,,,,,0,0,q1,mid1,mid_low
-2,183100,ASH_COATED_OSMIUM,9993.0,13.0,9991.0,25.0,,,10009.0,13.0,10012.0,25.0,,,10001.0,0.0,prices_round_1_day_-2.csv,False,16.0,0.0,10001.0,10001.0,0.0,0.0,2.6888230962259403,-0.004915346805024577,546727.589176416,-8.0,8.0,-8.0,8.0,1,1,-10.0,11.0,-10.0,11.0,1,1,,,,,0,0,q1,mid1,mid_low
-2,183200,ASH_COATED_OSMIUM,9993.0,15.0,,,,,10012.0,21.0,,,,,10002.5,0.0,prices_round_1_day_-2.csv,False,19.0,-0.16666666666666666,10000.916666666666,10000.916666666666,-0.08333333333393966,1.5,2.68884892318013,-0.004958151382824203,546428.9941010309,-7.91666666666606,11.08333333333394,-9.5,9.5,1,1,,,,,0,0,,,,,0,0,q1,mid2,mid_low
-2,183300,ASH_COATED_OSMIUM,9994.0,11.0,9991.0,28.0,,,10010.0,11.0,10012.0,28.0,,,10002.0,0.0,prices_round_1_day_-2.csv,False,16.0,0.0,10002.0,10002.0,1.0833333333339397,-0.5,2.6822906295707107,-0.00436442989634479,546130.7256455894,-8.0,8.0,-8.0,8.0,1,1,-11.0,10.0,-11.0,10.0,1,1,,,,,0,0,q1,mid1,mid_low
-2,183400,ASH_COATED_OSMIUM,9994.0,12.0,9991.0,28.0,,,10010.0,12.0,10012.0,28.0,,,10002.0,0.0,prices_round_1_day_-2.csv,False,16.0,0.0,10002.0,10002.0,0.0,0.0,2.6712347830882903,-0.004362050163576881,545832.7819873098,-8.0,8.0,-8.0,8.0,1,1,-11.0,10.0,-11.0,10.0,1,1,,,,,0,0,q1,mid1,mid_low
-2,183500,ASH_COATED_OSMIUM,9994.0,12.0,9992.0,27.0,,,10010.0,12.0,10013.0,27.0,,,10002.0,0.0,prices_round_1_day_-2.csv,False,16.0,0.0,10002.0,10002.0,0.0,0.0,2.410348725945371,-0.004359673024523161,545535.163240326,-8.0,8.0,-8.0,8.0,1,1,-10.0,11.0,-10.0,11.0,1,1,,,,,0,0,q1,mid1,mid_low
-2,183600,ASH_COATED_OSMIUM,9994.0,14.0,9991.0,22.0,,,10010.0,14.0,10012.0,22.0,,,10002.0,0.0,prices_round_1_day_-2.csv,False,16.0,0.0,10002.0,10002.0,0.0,0.0,2.410348725945371,-0.004357298474945534,545237.8688734479,-8.0,8.0,-8.0,8.0,1,1,-11.0,10.0,-11.0,10.0,1,1,,,,,0,0,q1,mid1,mid_low
-2,183700,ASH_COATED_OSMIUM,9994.0,12.0,9992.0,29.0,,,10010.0,12.0,10013.0,29.0,,,10002.0,0.0,prices_round_1_day_-2.csv,False,16.0,0.0,10002.0,10002.0,0.0,0.0,2.1267934475217767,-0.004354926510615134,544940.8983566426,-8.0,8.0,-8.0,8.0,1,1,-10.0,11.0,-10.0,11.0,1,1,,,,,0,0,q1,mid1,mid_low
-2,183800,ASH_COATED_OSMIUM,9994.0,14.0,9991.0,20.0,,,10010.0,14.0,10012.0,20.0,,,10002.0,0.0,prices_round_1_day_-2.csv,False,16.0,0.0,10002.0,10002.0,0.0,0.0,2.125665648697889,-0.004352557127312296,544644.2511610314,-8.0,8.0,-8.0,8.0,1,1,-11.0,10.0,-11.0,10.0,1,1,,,,,0,0,q1,mid1,mid_low
-2,183900,ASH_COATED_OSMIUM,9994.0,14.0,,,,,10010.0,14.0,10013.0,25.0,,,10002.0,0.0,prices_round_1_day_-2.csv,False,16.0,0.0,10002.0,10002.0,0.0,0.0,2.1243931573013763,-0.004350190320826536,544347.9267588867,-8.0,8.0,-8.0,8.0,1,1,,11.0,,11.0,0,1,,,,,0,0,q1,mid1,mid_low
-2,184000,ASH_COATED_OSMIUM,,,,,,,10012.0,21.0,,,,,10012.0,0.0,prices_round_1_day_-2.csv,True,,-1.0,,10012.0,10.0,10.0,2.5504672163120965,0.0010869565217391304,544051.9790187392,,0.0,,0.0,0,1,,,,,0,0,,,,,0,0,q1,mid1,mid_low
-2,184100,ASH_COATED_OSMIUM,9994.0,12.0,9992.0,25.0,,,10010.0,12.0,,,,,10002.0,0.0,prices_round_1_day_-2.csv,False,16.0,0.0,10002.0,10002.0,-10.0,-10.0,2.9316682861214254,-0.0043454644215100485,543756.3529254736,-8.0,8.0,-8.0,8.0,1,1,-10.0,,-10.0,,1,0,,,,,0,0,q2,mid1,mid_low
-2,184200,ASH_COATED_OSMIUM,9994.0,11.0,9992.0,23.0,,,10010.0,11.0,10013.0,23.0,,,10002.0,0.0,prices_round_1_day_-2.csv,False,16.0,0.0,10002.0,10002.0,0.0,0.0,2.9316682861214254,-0.004343105320304018,543460.9936897829,-8.0,8.0,-8.0,8.0,1,1,-10.0,11.0,-10.0,11.0,1,1,,,,,0,0,q2,mid1,mid_low
-2,184300,ASH_COATED_OSMIUM,9991.0,24.0,,,,,10010.0,13.0,,,,,10000.5,0.0,prices_round_1_day_-2.csv,False,19.0,0.2972972972972973,10003.324324324325,10003.324324324325,1.3243243243250618,-1.5,2.9374605626440387,-0.0036221788799104386,543165.9561060205,-12.324324324325062,6.675675675674938,-9.5,9.5,1,1,,,,,0,0,,,,,0,0,q2,mid2,mid_low
-2,184400,ASH_COATED_OSMIUM,9994.0,13.0,,,,,10010.0,13.0,10012.0,28.0,,,10002.0,0.0,prices_round_1_day_-2.csv,False,16.0,0.0,10002.0,10002.0,-1.3243243243250618,1.5,2.943851904981353,-0.004338394793926247,542871.238681822,-8.0,8.0,-8.0,8.0,1,1,,10.0,,10.0,0,1,,,,,0,0,q2,mid1,mid_low
-2,184500,ASH_COATED_OSMIUM,9994.0,15.0,,,,,10012.0,26.0,,,,,10003.0,0.0,prices_round_1_day_-2.csv,False,18.0,-0.2682926829268293,10000.585365853658,10000.585365853658,-1.4146341463419958,1.0,2.9508376162044305,-0.0051027827351447135,542576.8410403765,-6.585365853658004,11.414634146341996,-9.0,9.0,1,1,,,,,0,0,,,,,0,0,q2,mid2,mid_low
-2,184600,ASH_COATED_OSMIUM,9993.0,11.0,9991.0,25.0,,,,,,,,,9993.0,0.0,prices_round_1_day_-2.csv,True,,1.0,,9993.0,-7.585365853658004,-10.0,3.1393678773141738,-0.009209100758396533,542282.7925787074,0.0,,0.0,,1,0,-2.0,,-2.0,,1,0,,,,,0,0,q2,mid1,low
-2,184700,ASH_COATED_OSMIUM,9993.0,10.0,9991.0,23.0,,,10009.0,10.0,,,,,10001.0,0.0,prices_round_1_day_-2.csv,False,16.0,0.0,10001.0,10001.0,8.0,8.0,3.3448281819954926,-0.004872766648619383,541989.0663165846,-8.0,8.0,-8.0,8.0,1,1,-10.0,,-10.0,,1,0,,,,,0,0,q3,mid1,mid_low
-2,184800,ASH_COATED_OSMIUM,9993.0,10.0,,,,,10009.0,10.0,10012.0,23.0,,,10001.0,0.0,prices_round_1_day_-2.csv,False,16.0,0.0,10001.0,10001.0,0.0,0.0,3.3448281819954926,-0.00487012987012987,541695.6234003459,-8.0,8.0,-8.0,8.0,1,1,,11.0,,11.0,0,1,,,,,0,0,q3,mid1,mid_low
-2,184900,ASH_COATED_OSMIUM,9993.0,15.0,9991.0,27.0,,,10012.0,27.0,,,,,10002.5,0.0,prices_round_1_day_-2.csv,False,19.0,-0.2857142857142857,9999.785714285714,9999.785714285714,-1.214285714286234,1.5,3.349233548588343,-0.005524221586958483,541402.4988540767,-6.785714285713766,12.214285714286234,-9.5,9.5,1,1,-8.785714285713766,,-11.5,,1,0,,,,,0,0,q3,mid2,low
-2,185000,ASH_COATED_OSMIUM,9993.0,12.0,9990.0,29.0,,,10009.0,12.0,10011.0,29.0,,,10001.0,0.0,prices_round_1_day_-2.csv,False,16.0,0.0,10001.0,10001.0,1.214285714286234,-1.5,3.3413759917023897,-0.004864864864864865,541109.6913842433,-8.0,8.0,-8.0,8.0,1,1,-11.0,10.0,-11.0,10.0,1,1,,,,,0,0,q3,mid1,mid_low
-2,185100,ASH_COATED_OSMIUM,9993.0,15.0,9990.0,21.0,,,10009.0,15.0,10011.0,21.0,,,10001.0,0.0,prices_round_1_day_-2.csv,False,16.0,0.0,10001.0,10001.0,0.0,0.0,3.3293833540049325,-0.004862236628849271,540817.1996591835,-8.0,8.0,-8.0,8.0,1,1,-11.0,10.0,-11.0,10.0,1,1,,,,,0,0,q3,mid1,mid_low
-2,185200,ASH_COATED_OSMIUM,9990.0,30.0,,,,,10009.0,13.0,,,,,9999.5,0.0,prices_round_1_day_-2.csv,False,19.0,0.3953488372093023,10003.255813953489,10003.255813953489,2.2558139534885413,-1.5,3.3433314620565446,-0.003641569139585021,540525.0267300847,-13.255813953488541,5.744186046511459,-9.5,9.5,1,1,,,,,0,0,,,,,0,0,q3,mid2,mid_low
-2,185300,ASH_COATED_OSMIUM,9992.0,14.0,9989.0,23.0,,,10008.0,14.0,10010.0,23.0,,,10000.0,0.0,prices_round_1_day_-2.csv,False,16.0,0.0,10000.0,10000.0,-3.2558139534885413,0.5,3.3729400822135083,-0.005396654074473826,540233.1722723024,-8.0,8.0,-8.0,8.0,1,1,-11.0,10.0,-11.0,10.0,1,1,,,,,0,0,q3,mid1,low
-2,185400,ASH_COATED_OSMIUM,9993.0,13.0,,,,,10009.0,13.0,10011.0,20.0,,,10001.0,0.0,prices_round_1_day_-2.csv,False,16.0,0.0,10001.0,10001.0,1.0,1.0,3.368077584542957,-0.0048543689320388345,539941.6276624831,-8.0,8.0,-8.0,8.0,1,1,,10.0,,10.0,0,1,,,,,0,0,q3,mid1,mid_low
-2,185500,ASH_COATED_OSMIUM,9993.0,13.0,9990.0,28.0,,,10009.0,13.0,10011.0,28.0,,,10001.0,0.0,prices_round_1_day_-2.csv,False,16.0,0.0,10001.0,10001.0,0.0,0.0,3.3680569660580018,-0.004851752021563342,539650.3970111138,-8.0,8.0,-8.0,8.0,1,1,-11.0,10.0,-11.0,10.0,1,1,,,,,0,0,q3,mid1,mid_low
-2,185600,ASH_COATED_OSMIUM,,,,,,,10009.0,10.0,10011.0,28.0,,,10009.0,0.0,prices_round_1_day_-2.csv,True,,-1.0,,10009.0,8.0,8.0,3.5509888780910184,-0.0005387931034482759,539359.5148796398,,0.0,,0.0,0,1,,2.0,,2.0,0,1,,,,,0,0,q3,mid1,mid_low
-2,185700,ASH_COATED_OSMIUM,9993.0,10.0,9990.0,24.0,,,10009.0,10.0,,,,,10001.0,0.0,prices_round_1_day_-2.csv,False,16.0,0.0,10001.0,10001.0,-8.0,-8.0,3.7329929410649045,-0.004846526655896607,539068.9461522909,-8.0,8.0,-8.0,8.0,1,1,-11.0,,-11.0,,1,0,,,,,0,0,q3,mid1,mid_low
-2,185800,ASH_COATED_OSMIUM,9993.0,13.0,9991.0,29.0,,,10009.0,13.0,10012.0,29.0,,,10001.0,0.0,prices_round_1_day_-2.csv,False,16.0,0.0,10001.0,10001.0,0.0,0.0,3.7303131635347193,-0.004843918191603875,538778.6559282043,-8.0,8.0,-8.0,8.0,1,1,-10.0,11.0,-10.0,11.0,1,1,,,,,0,0,q3,mid1,mid_low
-2,185900,ASH_COATED_OSMIUM,10003.0,5.0,,,,,10009.0,12.0,10012.0,30.0,,,10006.0,0.0,prices_round_1_day_-2.csv,False,6.0,-0.4117647058823529,10004.764705882353,10004.764705882353,3.764705882353155,5.0,3.7657606679678937,-0.0028161883365502125,538488.6858237553,-1.7647058823531552,4.235294117646845,-3.0,3.0,1,1,,7.235294117646845,,6.0,0,1,,,,,0,0,q3,tight,mid_low
-2,186000,ASH_COATED_OSMIUM,9993.0,13.0,,,,,10012.0,30.0,,,,,10002.5,0.0,prices_round_1_day_-2.csv,False,19.0,-0.3953488372093023,9998.744186046511,9998.744186046511,-6.0205198358416965,-3.5,3.725703915633566,-0.006051512878219646,538199.0395125473,-5.744186046511459,13.255813953488541,-9.5,9.5,1,1,,,,,0,0,,,,,0,0,q3,mid2,low
-2,186100,ASH_COATED_OSMIUM,9993.0,14.0,,,,,10009.0,14.0,10011.0,24.0,,,10001.0,0.0,prices_round_1_day_-2.csv,False,16.0,0.0,10001.0,10001.0,2.2558139534885413,-1.5,3.5667253164610404,-0.004836109618484685,537909.6879393074,-8.0,8.0,-8.0,8.0,1,1,,10.0,,10.0,0,1,,,,,0,0,q3,mid1,mid_low
-2,186200,ASH_COATED_OSMIUM,9992.0,11.0,9990.0,23.0,,,10008.0,11.0,,,,,10000.0,0.0,prices_round_1_day_-2.csv,False,16.0,0.0,10000.0,10000.0,-1.0,-1.0,3.562789392960846,-0.0053705692803437165,537620.6451138802,-8.0,8.0,-8.0,8.0,1,1,-10.0,,-10.0,,1,0,,,,,0,0,q3,mid1,low
-2,186300,ASH_COATED_OSMIUM,9992.0,12.0,,,,,10008.0,12.0,10011.0,25.0,,,10000.0,0.0,prices_round_1_day_-2.csv,False,16.0,0.0,10000.0,10000.0,0.0,0.0,3.4972725053809937,-0.005367686527106817,537331.912221783,-8.0,8.0,-8.0,8.0,1,1,,11.0,,11.0,0,1,,,,,0,0,q3,mid1,low
-2,186400,ASH_COATED_OSMIUM,9992.0,12.0,9990.0,28.0,,,10008.0,12.0,10011.0,28.0,,,10000.0,0.0,prices_round_1_day_-2.csv,False,16.0,0.0,10000.0,10000.0,0.0,0.0,3.4825963452234427,-0.00536480686695279,537043.4892952167,-8.0,8.0,-8.0,8.0,1,1,-10.0,11.0,-10.0,11.0,1,1,,,,,0,0,q3,mid1,low
-2,186500,ASH_COATED_OSMIUM,9992.0,13.0,9990.0,21.0,,,,,,,,,9992.0,0.0,prices_round_1_day_-2.csv,True,,1.0,,9992.0,-8.0,-8.0,3.637959839464929,-0.0096514745308311,536755.4101056386,0.0,,0.0,,1,0,-2.0,,-2.0,,1,0,,,,,0,0,q3,mid1,low
-2,186600,ASH_COATED_OSMIUM,9993.0,11.0,9990.0,21.0,,,10009.0,11.0,10011.0,21.0,,,10001.0,0.0,prices_round_1_day_-2.csv,False,16.0,0.0,10001.0,10001.0,9.0,9.0,3.848430339667594,-0.00482315112540193,536467.6490977096,-8.0,8.0,-8.0,8.0,1,1,-11.0,10.0,-11.0,10.0,1,1,,,,,0,0,q3,mid1,mid_low
-2,186700,ASH_COATED_OSMIUM,9992.0,14.0,9990.0,26.0,,,10008.0,14.0,,,,,10000.0,0.0,prices_round_1_day_-2.csv,False,16.0,0.0,10000.0,10000.0,-1.0,-1.0,3.850825295313243,-0.005356186395286556,536180.1535675642,-8.0,8.0,-8.0,8.0,1,1,-10.0,,-10.0,,1,0,,,,,0,0,q3,mid1,low
-2,186800,ASH_COATED_OSMIUM,9992.0,13.0,9990.0,30.0,,,10008.0,13.0,10011.0,30.0,,,10000.0,0.0,prices_round_1_day_-2.csv,False,16.0,0.0,10000.0,10000.0,0.0,0.0,3.850665567912886,-0.0053533190578158455,535892.9654831835,-8.0,8.0,-8.0,8.0,1,1,-10.0,11.0,-10.0,11.0,1,1,,,,,0,0,q3,mid1,low
-2,186900,ASH_COATED_OSMIUM,9997.0,2.0,9992.0,14.0,9989.0,27.0,10008.0,14.0,10010.0,27.0,,,10002.5,0.0,prices_round_1_day_-2.csv,False,11.0,-0.75,9998.375,9998.375,-1.625,2.5,3.857229004568907,-0.006219903691813804,535606.0862842373,-1.375,9.625,-5.5,5.5,1,1,-6.375,11.625,-10.5,7.5,1,1,-9.375,,-13.5,,1,0,q3,tight,low
-2,187000,ASH_COATED_OSMIUM,9991.0,11.0,,,,,10007.0,11.0,10010.0,20.0,,,9999.0,0.0,prices_round_1_day_-2.csv,False,16.0,0.0,9999.0,9999.0,0.625,-3.5,3.8521157758860904,-0.0058823529411764705,535319.5128823868,-8.0,8.0,-8.0,8.0,1,1,,11.0,,11.0,0,1,,,,,0,0,q3,mid1,low
-2,187100,ASH_COATED_OSMIUM,9992.0,11.0,9989.0,30.0,,,10008.0,11.0,10010.0,30.0,,,10000.0,0.0,prices_round_1_day_-2.csv,False,16.0,0.0,10000.0,10000.0,1.0,1.0,3.8491345478116274,-0.005344735435595938,535033.2463039784,-8.0,8.0,-8.0,8.0,1,1,-11.0,10.0,-11.0,10.0,1,1,,,,,0,0,q3,mid1,low
-2,187200,ASH_COATED_OSMIUM,9992.0,15.0,9989.0,22.0,,,10008.0,15.0,10010.0,22.0,,,10000.0,0.0,prices_round_1_day_-2.csv,False,16.0,0.0,10000.0,10000.0,0.0,0.0,3.84642957047525,-0.005341880341880342,534747.2851889193,-8.0,8.0,-8.0,8.0,1,1,-11.0,10.0,-11.0,10.0,1,1,,,,,0,0,q3,mid1,low
-2,187300,ASH_COATED_OSMIUM,9998.0,5.0,9990.0,22.0,,,10008.0,12.0,10011.0,22.0,,,10003.0,0.0,prices_round_1_day_-2.csv,False,10.0,-0.4117647058823529,10000.941176470587,10000.941176470587,0.9411764705873793,3.0,3.8488316423201843,-0.004836531515970433,534461.6300661789,-2.9411764705873793,7.058823529412621,-5.0,5.0,1,1,-10.94117647058738,10.05882352941262,-13.0,8.0,1,1,,,,,0,0,q3,tight,mid_low
-2,187400,ASH_COATED_OSMIUM,9992.0,10.0,9990.0,22.0,,,10008.0,10.0,10011.0,22.0,,,10000.0,0.0,prices_round_1_day_-2.csv,False,16.0,0.0,10000.0,10000.0,-0.9411764705873793,-3.0,3.8474900208560148,-0.005336179295624333,534176.2799573686,-8.0,8.0,-8.0,8.0,1,1,-10.0,11.0,-10.0,11.0,1,1,,,,,0,0,q3,mid1,low
-2,187500,ASH_COATED_OSMIUM,9992.0,14.0,9990.0,20.0,,,10008.0,14.0,10011.0,20.0,,,10000.0,0.0,prices_round_1_day_-2.csv,False,16.0,0.0,10000.0,10000.0,0.0,0.0,3.7770785216378773,-0.005333333333333333,533891.2339168516,-8.0,8.0,-8.0,8.0,1,1,-10.0,11.0,-10.0,11.0,1,1,,,,,0,0,q3,mid1,low
-2,187600,ASH_COATED_OSMIUM,9993.0,13.0,,,,,10009.0,13.0,10011.0,23.0,,,10001.0,0.0,prices_round_1_day_-2.csv,False,16.0,0.0,10001.0,10001.0,1.0,1.0,3.739751802309452,-0.004797441364605544,533606.4924641794,-8.0,8.0,-8.0,8.0,1,1,,10.0,,10.0,0,1,,,,,0,0,q3,mid1,mid_low
-2,187700,ASH_COATED_OSMIUM,9993.0,12.0,9991.0,23.0,,,10012.0,23.0,,,,,10002.5,0.0,prices_round_1_day_-2.csv,False,19.0,-0.3142857142857143,9999.514285714286,9999.514285714286,-1.4857142857144936,1.5,3.7455163420069653,-0.0055864221021387815,533322.0552037754,-6.514285714285506,12.485714285714494,-9.5,9.5,1,1,-8.514285714285506,,-11.5,,1,0,,,,,0,0,q3,mid2,low
-2,187800,ASH_COATED_OSMIUM,9993.0,15.0,9990.0,28.0,,,10009.0,15.0,,,,,10001.0,0.0,prices_round_1_day_-2.csv,False,16.0,0.0,10001.0,10001.0,1.4857142857144936,-1.5,3.7514381663420844,-0.004792332268370607,533037.9210362686,-8.0,8.0,-8.0,8.0,1,1,-11.0,,-11.0,,1,0,,,,,0,0,q3,mid1,mid_low
-2,187900,ASH_COATED_OSMIUM,9990.0,27.0,,,,,10009.0,11.0,10011.0,27.0,,,9999.5,0.0,prices_round_1_day_-2.csv,False,19.0,0.42105263157894735,10003.5,10003.5,2.5,-1.5,3.768061612538741,-0.003459286854709952,532754.0916164652,-13.5,5.5,-9.5,9.5,1,1,,7.5,,11.5,0,1,,,,,0,0,q3,mid2,mid_low
-2,188000,ASH_COATED_OSMIUM,9993.0,14.0,,,,,10009.0,14.0,10011.0,20.0,,,10001.0,0.0,prices_round_1_day_-2.csv,False,16.0,0.0,10001.0,10001.0,-2.5,1.5,3.7852860336709546,-0.0047872340425531915,532470.5642815977,-8.0,8.0,-8.0,8.0,1,1,,10.0,,10.0,0,1,,,,,0,0,q3,mid1,mid_low
-2,188100,ASH_COATED_OSMIUM,9993.0,12.0,9990.0,30.0,,,10009.0,12.0,10011.0,30.0,,,10001.0,0.0,prices_round_1_day_-2.csv,False,16.0,0.0,10001.0,10001.0,0.0,0.0,3.7852860336709546,-0.004784688995215311,532187.3352580558,-8.0,8.0,-8.0,8.0,1,1,-11.0,10.0,-11.0,10.0,1,1,,,,,0,0,q3,mid1,mid_low
-2,188200,ASH_COATED_OSMIUM,,,,,,,10009.0,13.0,,,,,10009.0,0.0,prices_round_1_day_-2.csv,True,,-1.0,,10009.0,8.0,8.0,3.9506583731315166,-0.0005313496280552603,531904.4414288547,,0.0,,0.0,0,1,,,,,0,0,,,,,0,0,q3,mid1,mid_low
-2,188300,ASH_COATED_OSMIUM,9992.0,10.0,9990.0,28.0,,,10008.0,10.0,10011.0,28.0,,,10000.0,0.0,prices_round_1_day_-2.csv,False,16.0,0.0,10000.0,10000.0,-9.0,-9.0,4.154738067145868,-0.0053106744556558685,531621.8572131246,-8.0,8.0,-8.0,8.0,1,1,-10.0,11.0,-10.0,11.0,1,1,,,,,0,0,q4,mid1,low
-2,188400,ASH_COATED_OSMIUM,9992.0,13.0,9990.0,26.0,,,10008.0,13.0,,,,,10000.0,0.0,prices_round_1_day_-2.csv,False,16.0,0.0,10000.0,10000.0,0.0,0.0,4.154738067145868,-0.005307855626326964,531339.5301514225,-8.0,8.0,-8.0,8.0,1,1,-10.0,,-10.0,,1,0,,,,,0,0,q4,mid1,low
-2,188500,ASH_COATED_OSMIUM,9992.0,13.0,9990.0,21.0,,,10008.0,13.0,10011.0,21.0,,,10000.0,0.0,prices_round_1_day_-2.csv,False,16.0,0.0,10000.0,10000.0,0.0,0.0,4.154738067145868,-0.005305039787798408,531057.5027999771,-8.0,8.0,-8.0,8.0,1,1,-10.0,11.0,-10.0,11.0,1,1,,,,,0,0,q4,mid1,low
-2,188600,ASH_COATED_OSMIUM,9993.0,15.0,9990.0,23.0,,,10009.0,15.0,,,,,10001.0,0.0,prices_round_1_day_-2.csv,False,16.0,0.0,10001.0,10001.0,1.0,1.0,4.157340623481819,-0.004772004241781549,530775.775217644,-8.0,8.0,-8.0,8.0,1,1,-11.0,,-11.0,,1,0,,,,,0,0,q4,mid1,mid_low
-2,188700,ASH_COATED_OSMIUM,9993.0,15.0,9990.0,27.0,,,10009.0,15.0,10011.0,27.0,,,10001.0,0.0,prices_round_1_day_-2.csv,False,16.0,0.0,10001.0,10001.0,0.0,0.0,4.157340623481819,-0.0047694753577106515,530494.3458564591,-8.0,8.0,-8.0,8.0,1,1,-11.0,10.0,-11.0,10.0,1,1,,,,,0,0,q4,mid1,mid_low
-2,188800,ASH_COATED_OSMIUM,9993.0,12.0,9990.0,24.0,,,10009.0,12.0,10011.0,24.0,,,10001.0,0.0,prices_round_1_day_-2.csv,False,16.0,0.0,10001.0,10001.0,0.0,0.0,4.157340623481819,-0.004766949152542373,530213.2147775859,-8.0,8.0,-8.0,8.0,1,1,-11.0,10.0,-11.0,10.0,1,1,,,,,0,0,q4,mid1,mid_low
-2,188900,ASH_COATED_OSMIUM,9991.0,21.0,,,,,10009.0,12.0,10012.0,21.0,,,10000.0,0.0,prices_round_1_day_-2.csv,False,18.0,0.2727272727272727,10002.454545454546,10002.454545454546,1.4545454545459506,-1.0,4.162569217836928,-0.003994417440685045,529932.382634412,-11.45454545454595,6.545454545454049,-9.0,9.0,1,1,,9.54545454545405,,12.0,0,1,,,,,0,0,q4,mid2,mid_low
-2,189000,ASH_COATED_OSMIUM,9993.0,11.0,9990.0,24.0,,,10009.0,11.0,10011.0,24.0,,,10001.0,0.0,prices_round_1_day_-2.csv,False,16.0,0.0,10001.0,10001.0,-1.4545454545459506,1.0,3.9089692176484645,-0.004761904761904762,529651.8478119401,-8.0,8.0,-8.0,8.0,1,1,-11.0,10.0,-11.0,10.0,1,1,,,,,0,0,q3,mid1,mid_low
-2,189100,ASH_COATED_OSMIUM,9993.0,15.0,9990.0,20.0,,,10009.0,15.0,10011.0,20.0,,,10001.0,0.0,prices_round_1_day_-2.csv,False,16.0,0.0,10001.0,10001.0,0.0,0.0,3.645298836834829,-0.004759386567953464,529371.6087390358,-8.0,8.0,-8.0,8.0,1,1,-11.0,10.0,-11.0,10.0,1,1,,,,,0,0,q3,mid1,mid_low
-2,189200,ASH_COATED_OSMIUM,9990.0,27.0,,,,,10009.0,13.0,10011.0,27.0,,,9999.5,0.0,prices_round_1_day_-2.csv,False,19.0,0.35,10002.825,10002.825,1.8250000000007276,-1.5,3.6546280119524854,-0.003792283298096867,529091.6678281478,-12.825000000000728,6.174999999999272,-9.5,9.5,1,1,,8.174999999999272,,11.5,0,1,,,,,0,0,q3,mid2,mid_low
-2,189300,ASH_COATED_OSMIUM,9993.0,10.0,,,,,10009.0,10.0,10011.0,28.0,,,10001.0,0.0,prices_round_1_day_-2.csv,False,16.0,0.0,10001.0,10001.0,-1.8250000000007276,1.5,3.6587645464018563,-0.004754358161648178,528812.0228213916,-8.0,8.0,-8.0,8.0,1,1,,10.0,,10.0,0,1,,,,,0,0,q3,mid1,mid_low
-2,189400,ASH_COATED_OSMIUM,9993.0,12.0,9991.0,24.0,,,10009.0,12.0,10012.0,24.0,,,10001.0,0.0,prices_round_1_day_-2.csv,False,16.0,0.0,10001.0,10001.0,0.0,0.0,3.6541158149090296,-0.004751847940865892,528532.6715151059,-8.0,8.0,-8.0,8.0,1,1,-10.0,11.0,-10.0,11.0,1,1,,,,,0,0,q3,mid1,mid_low
-2,189500,ASH_COATED_OSMIUM,9991.0,29.0,,,,,10010.0,11.0,10012.0,29.0,,,10000.5,0.0,prices_round_1_day_-2.csv,False,19.0,0.45,10004.775,10004.775,3.774999999999636,-0.5,3.687247553713773,-0.002757255936675654,528253.622733411,-13.774999999999636,5.225000000000364,-9.5,9.5,1,1,,7.225000000000364,,11.5,0,1,,,,,0,0,q3,mid2,mid_low
-2,189600,ASH_COATED_OSMIUM,9993.0,14.0,9990.0,28.0,,,10009.0,14.0,10011.0,28.0,,,10001.0,0.0,prices_round_1_day_-2.csv,False,16.0,0.0,10001.0,10001.0,-3.774999999999636,0.5,3.562783371179778,-0.004746835443037975,527974.8684323961,-8.0,8.0,-8.0,8.0,1,1,-11.0,10.0,-11.0,10.0,1,1,,,,,0,0,q3,mid1,mid_low
-2,189700,ASH_COATED_OSMIUM,9993.0,11.0,9990.0,28.0,,,,,,,,,9993.0,0.0,prices_round_1_day_-2.csv,True,,1.0,,9993.0,-8.0,-8.0,3.562783371179781,-0.008961518186610437,527696.4343722396,0.0,,0.0,,1,0,-3.0,,-3.0,,1,0,,,,,0,0,q3,mid1,low
-2,189800,ASH_COATED_OSMIUM,9992.0,12.0,9990.0,23.0,,,10008.0,12.0,10011.0,23.0,,,10000.0,0.0,prices_round_1_day_-2.csv,False,16.0,0.0,10000.0,10000.0,7.0,7.0,3.7039356954015066,-0.005268703898840885,527418.286067172,-8.0,8.0,-8.0,8.0,1,1,-10.0,11.0,-10.0,11.0,1,1,,,,,0,0,q3,mid1,low
-2,189900,ASH_COATED_OSMIUM,9992.0,13.0,9990.0,29.0,,,10008.0,13.0,,,,,10000.0,0.0,prices_round_1_day_-2.csv,False,16.0,0.0,10000.0,10000.0,0.0,0.0,3.6999239760102958,-0.0052659294365455505,527140.4049891743,-8.0,8.0,-8.0,8.0,1,1,-10.0,,-10.0,,1,0,,,,,0,0,q3,mid1,low
-2,190000,ASH_COATED_OSMIUM,9990.0,28.0,,,,,10009.0,10.0,,,,,9999.5,0.0,prices_round_1_day_-2.csv,False,19.0,0.47368421052631576,10004.0,10004.0,4.0,-0.5,3.739280904775084,-0.003157894736842105,526862.8250148314,-14.0,5.0,-9.5,9.5,1,1,,,,,0,0,,,,,0,0,q3,mid2,mid_low
-2,190100,ASH_COATED_OSMIUM,9993.0,15.0,9990.0,23.0,,,10009.0,15.0,10011.0,23.0,,,10001.0,0.0,prices_round_1_day_-2.csv,False,16.0,0.0,10001.0,10001.0,-3.0,1.5,3.764248746242879,-0.004734350341925302,526585.533515528,-8.0,8.0,-8.0,8.0,1,1,-11.0,10.0,-11.0,10.0,1,1,,,,,0,0,q3,mid1,mid_low
-2,190200,ASH_COATED_OSMIUM,9992.0,12.0,9990.0,30.0,,,10008.0,12.0,10011.0,30.0,,,10000.0,0.0,prices_round_1_day_-2.csv,False,16.0,0.0,10000.0,10000.0,-1.0,-1.0,3.752572340798077,-0.005257623554153523,526308.5295473625,-8.0,8.0,-8.0,8.0,1,1,-10.0,11.0,-10.0,11.0,1,1,,,,,0,0,q3,mid1,low
-2,190300,ASH_COATED_OSMIUM,9992.0,12.0,9990.0,22.0,,,10008.0,12.0,10011.0,22.0,,,10000.0,0.0,prices_round_1_day_-2.csv,False,16.0,0.0,10000.0,10000.0,0.0,0.0,3.724217056366095,-0.005254860746190226,526031.816335207,-8.0,8.0,-8.0,8.0,1,1,-10.0,11.0,-10.0,11.0,1,1,,,,,0,0,q3,mid1,low
-2,190400,ASH_COATED_OSMIUM,9992.0,10.0,9989.0,27.0,,,10008.0,10.0,10010.0,27.0,,,10000.0,0.0,prices_round_1_day_-2.csv,False,16.0,0.0,10000.0,10000.0,0.0,0.0,3.721421281768235,-0.005252100840336135,525755.3939409308,-8.0,8.0,-8.0,8.0,1,1,-11.0,10.0,-11.0,10.0,1,1,,,,,0,0,q3,mid1,low
-2,190500,ASH_COATED_OSMIUM,9992.0,11.0,,,,,10008.0,11.0,10010.0,20.0,,,10000.0,0.0,prices_round_1_day_-2.csv,False,16.0,0.0,10000.0,10000.0,0.0,0.0,3.721421281768235,-0.005249343832020997,525479.2619063124,-8.0,8.0,-8.0,8.0,1,1,,10.0,,10.0,0,1,,,,,0,0,q3,mid1,low
-2,190600,ASH_COATED_OSMIUM,9991.0,15.0,9989.0,21.0,,,10007.0,15.0,10010.0,21.0,,,9999.0,0.0,prices_round_1_day_-2.csv,False,16.0,0.0,9999.0,9999.0,-1.0,-1.0,3.5387644605734856,-0.005771248688352571,525203.4202932434,-8.0,8.0,-8.0,8.0,1,1,-10.0,11.0,-10.0,11.0,1,1,,,,,0,0,q3,mid1,low
-2,190700,ASH_COATED_OSMIUM,9992.0,14.0,,,,,10011.0,22.0,,,,,10001.5,0.0,prices_round_1_day_-2.csv,False,19.0,-0.2222222222222222,9999.388888888889,9999.388888888889,0.3888888888886868,2.5,3.3555289812339093,-0.0055642952863719525,524927.8676885118,-7.388888888888687,11.611111111111313,-9.5,9.5,1,1,,,,,0,0,,,,,0,0,q3,mid2,low
-2,190800,ASH_COATED_OSMIUM,9991.0,15.0,9989.0,24.0,,,10007.0,15.0,10010.0,24.0,,,9999.0,0.0,prices_round_1_day_-2.csv,False,16.0,0.0,9999.0,9999.0,-0.3888888888886868,-2.5,3.355903450848058,-0.005765199161425576,524652.6040698292,-8.0,8.0,-8.0,8.0,1,1,-10.0,11.0,-10.0,11.0,1,1,,,,,0,0,q3,mid1,low
-2,190900,ASH_COATED_OSMIUM,9992.0,11.0,9989.0,20.0,,,10008.0,11.0,10010.0,20.0,,,10000.0,0.0,prices_round_1_day_-2.csv,False,16.0,0.0,10000.0,10000.0,1.0,1.0,3.314455820067388,-0.005238344683080147,524377.6294403553,-8.0,8.0,-8.0,8.0,1,1,-11.0,10.0,-11.0,10.0,1,1,,,,,0,0,q2,mid1,low
-2,191000,ASH_COATED_OSMIUM,9991.0,10.0,9989.0,23.0,,,10010.0,23.0,,,,,10000.5,0.0,prices_round_1_day_-2.csv,False,19.0,-0.3939393939393939,9996.757575757576,9996.757575757576,-3.242424242424022,0.5,3.235444718143435,-0.006933206409646085,524102.94785022736,-5.757575757575978,13.242424242424022,-9.5,9.5,1,1,-7.757575757575978,,-11.5,,1,0,,,,,0,0,q2,mid2,low
-2,191100,ASH_COATED_OSMIUM,9991.0,14.0,9989.0,27.0,,,10007.0,14.0,10010.0,27.0,,,9999.0,0.0,prices_round_1_day_-2.csv,False,16.0,0.0,9999.0,9999.0,2.242424242424022,-1.5,3.2352513891000294,-0.0057561486132914706,523828.55104871484,-8.0,8.0,-8.0,8.0,1,1,-10.0,11.0,-10.0,11.0,1,1,,,,,0,0,q2,mid1,low
-2,191200,ASH_COATED_OSMIUM,9991.0,12.0,9989.0,21.0,,,10010.0,21.0,,,,,10000.5,0.0,prices_round_1_day_-2.csv,False,19.0,-0.2727272727272727,9997.90909090909,9997.90909090909,-1.0909090909099177,1.5,3.235827404554125,-0.0063236972232792454,523554.4393929808,-6.909090909090082,12.090909090909918,-9.5,9.5,1,1,-8.909090909090082,,-11.5,,1,0,,,,,0,0,q2,mid2,low
-2,191300,ASH_COATED_OSMIUM,9989.0,30.0,,,,,10007.0,11.0,10010.0,30.0,,,9998.0,0.0,prices_round_1_day_-2.csv,False,18.0,0.4634146341463415,10002.170731707318,10002.170731707318,4.261640798227745,-2.5,3.292580246795648,-0.004092665077199254,523280.62337133125,-13.170731707317827,4.829268292682173,-9.0,9.0,1,1,,7.829268292682173,,12.0,0,1,,,,,0,0,q2,mid2,mid_low
-2,191400,ASH_COATED_OSMIUM,9992.0,14.0,9989.0,27.0,,,10008.0,14.0,10010.0,27.0,,,10000.0,0.0,prices_round_1_day_-2.csv,False,16.0,0.0,10000.0,10000.0,-2.1707317073178274,2.0,3.307442032336099,-0.00522466039707419,523007.086554029,-8.0,8.0,-8.0,8.0,1,1,-11.0,10.0,-11.0,10.0,1,1,,,,,0,0,q2,mid1,low
-2,191500,ASH_COATED_OSMIUM,9989.0,21.0,,,,,10008.0,10.0,10010.0,21.0,,,9998.5,0.0,prices_round_1_day_-2.csv,False,19.0,0.3548387096774194,10001.870967741936,10001.870967741936,1.8709677419356012,-1.5,3.108813236636503,-0.004244925461130235,522733.8349509495,-12.870967741935601,6.129032258064399,-9.5,9.5,1,1,,8.129032258064399,,11.5,0,1,,,,,0,0,q2,mid2,mid_low
-2,191600,ASH_COATED_OSMIUM,9991.0,12.0,9989.0,29.0,,,10007.0,12.0,10010.0,29.0,,,9999.0,0.0,prices_round_1_day_-2.csv,False,16.0,0.0,9999.0,9999.0,-2.8709677419356012,0.5,2.8667070034310553,-0.005741127348643006,522460.871180119,-8.0,8.0,-8.0,8.0,1,1,-10.0,11.0,-10.0,11.0,1,1,,,,,0,0,q2,mid1,low
-2,191700,ASH_COATED_OSMIUM,9991.0,10.0,9988.0,21.0,,,10009.0,21.0,,,,,10000.0,0.0,prices_round_1_day_-2.csv,False,18.0,-0.3548387096774194,9996.806451612903,9996.806451612903,-2.193548387096598,1.0,2.8798034323261352,-0.00688239352482869,522188.1905500687,-5.806451612903402,12.193548387096598,-9.0,9.0,1,1,-8.806451612903402,,-12.0,,1,0,,,,,0,0,q2,mid2,low
-2,191800,ASH_COATED_OSMIUM,9996.0,3.0,9991.0,14.0,9988.0,23.0,10007.0,14.0,,,,,10001.5,0.0,prices_round_1_day_-2.csv,False,11.0,-0.6470588235294118,9997.941176470587,9997.941176470587,1.1347248576839775,1.5,2.8847838778568136,-0.006287186407410126,521915.7925907768,-1.9411764705873793,9.05882352941262,-5.5,5.5,1,1,-6.941176470587379,,-10.5,,1,0,-9.94117647058738,,-13.5,,1,0,q2,tight,low
-2,191900,ASH_COATED_OSMIUM,9991.0,10.0,9988.0,27.0,,,10007.0,10.0,,,,,9999.0,0.0,prices_round_1_day_-2.csv,False,16.0,0.0,9999.0,9999.0,1.0588235294126207,-2.5,2.879676738973013,-0.005732152162584679,521643.6785872726,-8.0,8.0,-8.0,8.0,1,1,-11.0,,-11.0,,1,0,,,,,0,0,q2,mid1,low
-2,192000,ASH_COATED_OSMIUM,9990.0,10.0,9988.0,29.0,,,10009.0,29.0,,,,,9999.5,0.0,prices_round_1_day_-2.csv,False,19.0,-0.48717948717948717,9994.871794871795,9994.871794871795,-4.128205128205082,0.5,2.9369315914050547,-0.00787927350427348,521371.8564441484,-4.871794871794918,14.128205128205082,-9.5,9.5,1,1,-6.871794871794918,,-11.5,,1,0,,,,,0,0,q2,mid2,low
-2,192100,ASH_COATED_OSMIUM,9988.0,26.0,,,,,10007.0,14.0,10009.0,26.0,,,9997.5,0.0,prices_round_1_day_-2.csv,False,19.0,0.3,10000.35,10000.35,5.478205128205445,-2.0,3.037190949879158,-0.00502342529932308,521100.3242696747,-12.350000000000364,6.649999999999636,-9.5,9.5,1,1,,8.649999999999636,,11.5,0,1,,,,,0,0,q2,mid2,mid_low
-2,192200,ASH_COATED_OSMIUM,9991.0,13.0,,,,,9996.0,9.0,10007.0,13.0,10009.0,20.0,9993.5,0.0,prices_round_1_day_-2.csv,False,5.0,0.18181818181818182,9993.954545454546,9993.954545454546,-6.395454545454413,-4.0,3.169289023679383,-0.008348311418030203,520829.08038216445,-2.9545454545459506,2.0454545454540494,-2.5,2.5,1,1,,13.04545454545405,,13.5,0,1,,15.04545454545405,,15.5,0,1,q2,tight,low
-2,192300,ASH_COATED_OSMIUM,9991.0,11.0,9989.0,24.0,,,10007.0,11.0,10010.0,24.0,,,9999.0,0.0,prices_round_1_day_-2.csv,False,16.0,0.0,9999.0,9999.0,5.045454545454049,5.5,3.2494949007122638,-0.005720228809152366,520558.1107917687,-8.0,8.0,-8.0,8.0,1,1,-10.0,11.0,-10.0,11.0,1,1,,,,,0,0,q2,mid1,low
-2,192400,ASH_COATED_OSMIUM,9991.0,13.0,9988.0,22.0,,,10009.0,22.0,,,,,10000.0,0.0,prices_round_1_day_-2.csv,False,18.0,-0.2571428571428571,9997.685714285713,9997.685714285713,-1.3142857142865978,1.0,3.2520367781715454,-0.00640035640035686,520287.4106361067,-6.685714285713402,11.314285714286598,-9.0,9.0,1,1,-9.685714285713402,,-12.0,,1,0,,,,,0,0,q2,mid2,low
-2,192500,ASH_COATED_OSMIUM,9991.0,10.0,9988.0,30.0,,,10007.0,10.0,10009.0,30.0,,,9999.0,0.0,prices_round_1_day_-2.csv,False,16.0,0.0,9999.0,9999.0,1.3142857142865978,-1.0,3.2577251435299135,-0.005714285714285714,520016.9918900929,-8.0,8.0,-8.0,8.0,1,1,-11.0,10.0,-11.0,10.0,1,1,,,,,0,0,q2,mid1,low
-2,192600,ASH_COATED_OSMIUM,9988.0,27.0,,,,,10007.0,10.0,10009.0,27.0,,,9997.5,0.0,prices_round_1_day_-2.csv,False,19.0,0.4594594594594595,10001.864864864865,10001.864864864865,2.8648648648650124,-1.5,3.2802388330723953,-0.004223850018242465,519746.8574714208,-13.864864864865012,5.135135135134988,-9.5,9.5,1,1,,7.135135135134988,,11.5,0,1,,,,,0,0,q2,mid2,mid_low
-2,192700,ASH_COATED_OSMIUM,9991.0,13.0,9988.0,26.0,,,10007.0,13.0,10009.0,26.0,,,9999.0,0.0,prices_round_1_day_-2.csv,False,16.0,0.0,9999.0,9999.0,-2.8648648648650124,1.5,3.2988809082120882,-0.005708354955889984,519477.0035366072,-8.0,8.0,-8.0,8.0,1,1,-11.0,10.0,-11.0,10.0,1,1,,,,,0,0,q2,mid1,low
-2,192800,ASH_COATED_OSMIUM,9990.0,11.0,9988.0,26.0,,,10006.0,11.0,,,,,9998.0,0.0,prices_round_1_day_-2.csv,False,16.0,0.0,9998.0,9998.0,-1.0,-1.0,3.2946031625603696,-0.006224066390041493,519207.4259468649,-8.0,8.0,-8.0,8.0,1,1,-10.0,,-10.0,,1,0,,,,,0,0,q2,mid1,low
-2,192900,ASH_COATED_OSMIUM,9990.0,14.0,9988.0,23.0,,,10006.0,14.0,,,,,9998.0,0.0,prices_round_1_day_-2.csv,False,16.0,0.0,9998.0,9998.0,0.0,0.0,3.2738640028194324,-0.006220839813374806,518938.12748944364,-8.0,8.0,-8.0,8.0,1,1,-10.0,,-10.0,,1,0,,,,,0,0,q2,mid1,low
-2,193000,ASH_COATED_OSMIUM,9990.0,11.0,9987.0,26.0,,,10006.0,11.0,,,,,9998.0,0.0,prices_round_1_day_-2.csv,False,16.0,0.0,9998.0,9998.0,0.0,0.0,3.2556578379701486,-0.0062176165803108805,518669.10824244993,-8.0,8.0,-8.0,8.0,1,1,-11.0,,-11.0,,1,0,,,,,0,0,q2,mid1,low
-2,193100,ASH_COATED_OSMIUM,9995.0,5.0,9990.0,11.0,9987.0,27.0,10008.0,27.0,,,,,10001.5,0.0,prices_round_1_day_-2.csv,False,13.0,-0.6875,9997.03125,9997.03125,-0.96875,3.5,3.2581751088925337,-0.006716079751424133,518400.36825164495,-2.03125,10.96875,-6.5,6.5,1,1,-7.03125,,-11.5,,1,0,-10.03125,,-14.5,,1,0,q2,tight,low
-2,193200,ASH_COATED_OSMIUM,9990.0,14.0,9988.0,24.0,,,10006.0,14.0,10009.0,24.0,,,9998.0,0.0,prices_round_1_day_-2.csv,False,16.0,0.0,9998.0,9998.0,0.96875,-3.5,3.047257191157144,-0.006211180124223602,518131.90661663195,-8.0,8.0,-8.0,8.0,1,1,-10.0,11.0,-10.0,11.0,1,1,,,,,0,0,q2,mid1,low
-2,193300,ASH_COATED_OSMIUM,,,,,,,10006.0,12.0,,,,,10006.0,0.0,prices_round_1_day_-2.csv,True,,-1.0,,10006.0,8.0,8.0,2.9955853336367695,-0.0020693222969477496,517863.75556054513,,0.0,,0.0,0,1,,,,,0,0,,,,,0,0,q2,mid1,mid_low
-2,193400,ASH_COATED_OSMIUM,9990.0,15.0,,,,,10006.0,15.0,,,,,9998.0,0.0,prices_round_1_day_-2.csv,False,16.0,0.0,9998.0,9998.0,-8.0,-8.0,3.2082261710436057,-0.0062047569803516025,517595.88188142446,-8.0,8.0,-8.0,8.0,1,1,,,,,0,0,,,,,0,0,q2,mid1,low
-2,193500,ASH_COATED_OSMIUM,,,,,,,10006.0,12.0,10008.0,20.0,,,10006.0,0.0,prices_round_1_day_-2.csv,True,,-1.0,,10006.0,8.0,8.0,3.403788534715237,-0.0020671834625322996,517328.2852859265,,0.0,,0.0,0,1,,2.0,,2.0,0,1,,,,,0,0,q3,mid1,mid_low
-2,193600,ASH_COATED_OSMIUM,9990.0,11.0,9987.0,23.0,,,10006.0,11.0,10008.0,23.0,,,9998.0,0.0,prices_round_1_day_-2.csv,False,16.0,0.0,9998.0,9998.0,-8.0,-8.0,3.5892215148882167,-0.006198347107438017,517060.96520768496,-8.0,8.0,-8.0,8.0,1,1,-11.0,10.0,-11.0,10.0,1,1,,,,,0,0,q3,mid1,low
-2,193700,ASH_COATED_OSMIUM,9990.0,15.0,,,,,,,,,,,9990.0,0.0,prices_round_1_day_-2.csv,True,,1.0,,9990.0,-8.0,-8.0,3.7607072800474355,-0.010325245224574084,516793.9212524512,0.0,,0.0,,1,0,,,,,0,0,,,,,0,0,q3,mid1,low
-2,193800,ASH_COATED_OSMIUM,9995.0,3.0,9990.0,11.0,9987.0,28.0,10006.0,11.0,10008.0,28.0,,,10000.5,0.0,prices_round_1_day_-2.csv,False,11.0,-0.5714285714285714,9997.357142857143,9997.357142857143,7.357142857143117,10.5,3.9104391577611466,-0.0065236620964173805,516527.1480621186,-2.357142857143117,8.642857142856883,-5.5,5.5,1,1,-7.357142857143117,10.642857142856883,-10.5,7.5,1,1,-10.357142857143117,,-13.5,,1,0,q3,tight,low
-2,193900,ASH_COATED_OSMIUM,9990.0,11.0,,,,,10006.0,11.0,10008.0,20.0,,,9998.0,0.0,prices_round_1_day_-2.csv,False,16.0,0.0,9998.0,9998.0,0.642857142856883,-2.5,3.9056507921658694,-0.006188757091284167,516260.6224034064,-8.0,8.0,-8.0,8.0,1,1,,10.0,,10.0,0,1,,,,,0,0,q3,mid1,low
-2,194000,ASH_COATED_OSMIUM,9990.0,12.0,9987.0,30.0,,,10006.0,12.0,,,,,9998.0,0.0,prices_round_1_day_-2.csv,False,16.0,0.0,9998.0,9998.0,0.0,0.0,3.9006866335162917,-0.006185567010309278,515994.371437772,-8.0,8.0,-8.0,8.0,1,1,-11.0,,-11.0,,1,0,,,,,0,0,q3,mid1,low
-2,194100,ASH_COATED_OSMIUM,9989.0,14.0,9987.0,23.0,,,10005.0,14.0,10008.0,23.0,,,9997.0,0.0,prices_round_1_day_-2.csv,False,16.0,0.0,9997.0,9997.0,-1.0,-1.0,3.9029357198525347,-0.006697578567748583,515728.39546649397,-8.0,8.0,-8.0,8.0,1,1,-10.0,11.0,-10.0,11.0,1,1,,,,,0,0,q3,mid1,low
-2,194200,ASH_COATED_OSMIUM,9987.0,20.0,,,,,10005.0,15.0,10008.0,20.0,,,9996.0,0.0,prices_round_1_day_-2.csv,False,18.0,0.14285714285714285,9997.285714285714,9997.285714285714,0.285714285713766,-1.0,3.893662533620574,-0.006547006032073241,515462.69309142657,-10.285714285713766,7.714285714286234,-9.0,9.0,1,1,,10.714285714286234,,12.0,0,1,,,,,0,0,q3,mid2,low
-2,194300,ASH_COATED_OSMIUM,9990.0,10.0,9987.0,26.0,,,10006.0,10.0,10008.0,26.0,,,9998.0,0.0,prices_round_1_day_-2.csv,False,16.0,0.0,9998.0,9998.0,0.714285714286234,2.0,3.887402577469291,-0.006176016469377252,515197.26457764744,-8.0,8.0,-8.0,8.0,1,1,-11.0,10.0,-11.0,10.0,1,1,,,,,0,0,q3,mid1,low
-2,194400,ASH_COATED_OSMIUM,9990.0,10.0,9987.0,27.0,,,10006.0,10.0,,,,,9998.0,0.0,prices_round_1_day_-2.csv,False,16.0,0.0,9998.0,9998.0,0.0,0.0,3.887402577469291,-0.006172839506172839,514932.1090117496,-8.0,8.0,-8.0,8.0,1,1,-11.0,,-11.0,,1,0,,,,,0,0,q3,mid1,low
-2,194500,ASH_COATED_OSMIUM,9987.0,26.0,,,,,10006.0,15.0,,,,,9996.5,0.0,prices_round_1_day_-2.csv,False,19.0,0.2682926829268293,9999.048780487805,9999.048780487805,1.0487804878048337,-1.5,3.8514682195924355,-0.005630447049971808,514667.2268118229,-12.048780487804834,6.951219512195166,-9.5,9.5,1,1,,,,,0,0,,,,,0,0,q3,mid2,low
-2,194600,ASH_COATED_OSMIUM,9989.0,11.0,9987.0,23.0,,,10005.0,11.0,10008.0,23.0,,,9997.0,0.0,prices_round_1_day_-2.csv,False,16.0,0.0,9997.0,9997.0,-2.0487804878048337,0.5,3.825636490101059,-0.006680369989722507,514402.6185575839,-8.0,8.0,-8.0,8.0,1,1,-10.0,11.0,-10.0,11.0,1,1,,,,,0,0,q3,mid1,low
-2,194700,ASH_COATED_OSMIUM,9989.0,10.0,9986.0,22.0,,,10007.0,22.0,,,,,9998.0,0.0,prices_round_1_day_-2.csv,False,18.0,-0.375,9994.625,9994.625,-2.375,1.0,3.6674159441565894,-0.007896764252696456,514138.28299103683,-5.625,12.375,-9.0,9.0,1,1,-8.625,,-12.0,,1,0,,,,,0,0,q3,mid2,low
-2,194800,ASH_COATED_OSMIUM,9989.0,12.0,9986.0,29.0,,,10005.0,12.0,10007.0,29.0,,,9997.0,0.0,prices_round_1_day_-2.csv,False,16.0,0.0,9997.0,9997.0,2.375,-1.0,3.54435591329469,-0.006673511293634497,513874.21899118635,-8.0,8.0,-8.0,8.0,1,1,-11.0,10.0,-11.0,10.0,1,1,,,,,0,0,q3,mid1,low
-2,194900,ASH_COATED_OSMIUM,9989.0,14.0,9986.0,23.0,,,10007.0,23.0,,,,,9998.0,0.0,prices_round_1_day_-2.csv,False,18.0,-0.24324324324324326,9995.81081081081,9995.81081081081,-1.189189189190074,1.0,3.5479331953414244,-0.007280240733294035,513610.42390834994,-6.810810810809926,11.189189189190074,-9.0,9.0,1,1,-9.810810810809926,,-12.0,,1,0,,,,,0,0,q3,mid2,low
-2,195000,ASH_COATED_OSMIUM,9989.0,15.0,,,,,10007.0,26.0,,,,,9998.0,0.0,prices_round_1_day_-2.csv,False,18.0,-0.2682926829268293,9995.585365853658,9995.585365853658,-0.2254449571519217,0.0,3.4986567631350516,-0.007392120075047177,513346.8988307014,-6.585365853658004,11.414634146341996,-9.0,9.0,1,1,,,,,0,0,,,,,0,0,q3,mid2,low
-2,195100,ASH_COATED_OSMIUM,9989.0,12.0,9986.0,20.0,,,10007.0,20.0,,,,,9998.0,0.0,prices_round_1_day_-2.csv,False,18.0,-0.25,9995.75,9995.75,0.1646341463419958,0.0,3.4749286703111735,-0.007303946694003075,513083.64402595634,-6.75,11.25,-9.0,9.0,1,1,-9.75,,-12.0,,1,0,,,,,0,0,q3,mid2,low
-2,195200,ASH_COATED_OSMIUM,9989.0,15.0,9987.0,22.0,,,10005.0,15.0,10008.0,22.0,,,9997.0,0.0,prices_round_1_day_-2.csv,False,16.0,0.0,9997.0,9997.0,1.25,-1.0,3.4776695337825814,-0.00665983606557377,512820.65988242865,-8.0,8.0,-8.0,8.0,1,1,-10.0,11.0,-10.0,11.0,1,1,,,,,0,0,q3,mid1,low
-2,195300,ASH_COATED_OSMIUM,9989.0,12.0,9987.0,22.0,,,10005.0,12.0,,,,,9997.0,0.0,prices_round_1_day_-2.csv,False,16.0,0.0,9997.0,9997.0,0.0,0.0,3.4776695337825814,-0.006656426011264721,512557.9443804624,-8.0,8.0,-8.0,8.0,1,1,-10.0,,-10.0,,1,0,,,,,0,0,q3,mid1,low
-2,195400,ASH_COATED_OSMIUM,9998.0,8.0,9989.0,13.0,9986.0,25.0,10005.0,13.0,,,,,10001.5,0.0,prices_round_1_day_-2.csv,False,7.0,-0.23809523809523808,10000.666666666666,10000.666666666666,3.6666666666660603,4.5,3.5173930498204324,-0.004776526782668341,512295.5048218431,-2.6666666666660603,4.33333333333394,-3.5,3.5,1,1,-11.66666666666606,,-12.5,,1,0,-14.66666666666606,,-15.5,,1,0,q3,tight,mid_low
-2,195500,ASH_COATED_OSMIUM,9989.0,15.0,,,,,10005.0,15.0,10007.0,20.0,,,9997.0,0.0,prices_round_1_day_-2.csv,False,16.0,0.0,9997.0,9997.0,-3.6666666666660603,-4.5,3.5556909624806394,-0.006649616368286445,512033.33383809624,-8.0,8.0,-8.0,8.0,1,1,,10.0,,10.0,0,1,,,,,0,0,q3,mid1,low
-2,195600,ASH_COATED_OSMIUM,9989.0,10.0,9986.0,26.0,,,10005.0,10.0,,,,,9997.0,0.0,prices_round_1_day_-2.csv,False,16.0,0.0,9997.0,9997.0,0.0,0.0,3.553107213936517,-0.0066462167689161555,511771.42420444207,-8.0,8.0,-8.0,8.0,1,1,-11.0,,-11.0,,1,0,,,,,0,0,q3,mid1,low
-2,195700,ASH_COATED_OSMIUM,9988.0,13.0,,,,,10007.0,24.0,,,,,9997.5,0.0,prices_round_1_day_-2.csv,False,19.0,-0.2972972972972973,9994.675675675675,9994.675675675675,-2.3243243243250618,0.5,3.567114349201098,-0.007830518305735851,511509.78511685645,-6.675675675674938,12.324324324325062,-9.5,9.5,1,1,,,,,0,0,,,,,0,0,q3,mid2,low
-2,195800,ASH_COATED_OSMIUM,9988.0,10.0,,,,,10004.0,10.0,,,,,9996.0,0.0,prices_round_1_day_-2.csv,False,16.0,0.0,9996.0,9996.0,1.3243243243250618,-1.5,3.5724507741642317,-0.007150153217568948,511248.41158012336,-8.0,8.0,-8.0,8.0,1,1,,,,,0,0,,,,,0,0,q3,mid1,low
-2,195900,ASH_COATED_OSMIUM,9988.0,12.0,9985.0,30.0,,,10004.0,12.0,10006.0,30.0,,,9996.0,0.0,prices_round_1_day_-2.csv,False,16.0,0.0,9996.0,9996.0,0.0,0.0,3.569193077952518,-0.0071465033180193975,510987.3041176468,-8.0,8.0,-8.0,8.0,1,1,-11.0,10.0,-11.0,10.0,1,1,,,,,0,0,q3,mid1,low
-2,196000,ASH_COATED_OSMIUM,9988.0,13.0,9986.0,20.0,,,10004.0,13.0,,,,,9996.0,0.0,prices_round_1_day_-2.csv,False,16.0,0.0,9996.0,9996.0,0.0,0.0,3.5398980406424707,-0.007142857142857143,510726.4632273627,-8.0,8.0,-8.0,8.0,1,1,-10.0,,-10.0,,1,0,,,,,0,0,q3,mid1,low
-2,196100,ASH_COATED_OSMIUM,9993.0,3.0,9988.0,10.0,9985.0,29.0,10004.0,10.0,10006.0,29.0,,,9998.5,0.0,prices_round_1_day_-2.csv,False,11.0,-0.5384615384615384,9995.538461538461,9995.538461538461,-0.4615384615390212,2.5,3.5253293766731484,-0.0073745734123095465,510465.88860651717,-2.5384615384609788,8.461538461539021,-5.5,5.5,1,1,-7.538461538460979,10.461538461539021,-10.5,7.5,1,1,-10.538461538460979,,-13.5,,1,0,q3,tight,low
-2,196200,ASH_COATED_OSMIUM,9987.0,12.0,,,,,10003.0,12.0,10006.0,29.0,,,9995.0,0.0,prices_round_1_day_-2.csv,False,16.0,0.0,9995.0,9995.0,-0.5384615384609788,-3.5,3.522926834102515,-0.00764525993883792,510205.5797810725,-8.0,8.0,-8.0,8.0,1,1,,11.0,,11.0,0,1,,,,,0,0,q3,mid1,low
-2,196300,ASH_COATED_OSMIUM,9987.0,10.0,9985.0,22.0,,,10006.0,22.0,,,,,9996.5,0.0,prices_round_1_day_-2.csv,False,19.0,-0.375,9992.9375,9992.9375,-2.0625,1.5,3.477907502623823,-0.00869205298013245,509945.5383134354,-5.9375,13.0625,-9.5,9.5,1,1,-7.9375,,-11.5,,1,0,,,,,0,0,q3,mid2,low
-2,196400,ASH_COATED_OSMIUM,9987.0,11.0,,,,,10003.0,11.0,10006.0,23.0,,,9995.0,0.0,prices_round_1_day_-2.csv,False,16.0,0.0,9995.0,9995.0,2.0625,-1.5,3.4800981416597887,-0.007637474541751527,509685.76182303234,-8.0,8.0,-8.0,8.0,1,1,,11.0,,11.0,0,1,,,,,0,0,q3,mid1,low
-2,196500,ASH_COATED_OSMIUM,9987.0,11.0,9985.0,30.0,,,10003.0,11.0,10006.0,30.0,,,9995.0,0.0,prices_round_1_day_-2.csv,False,16.0,0.0,9995.0,9995.0,0.0,0.0,3.4685124331827835,-0.007633587786259542,509426.24768771423,-8.0,8.0,-8.0,8.0,1,1,-10.0,11.0,-10.0,11.0,1,1,,,,,0,0,q3,mid1,low
-2,196600,ASH_COATED_OSMIUM,9987.0,15.0,9985.0,22.0,,,10003.0,15.0,10006.0,22.0,,,9995.0,0.0,prices_round_1_day_-2.csv,False,16.0,0.0,9995.0,9995.0,0.0,0.0,3.4460272738595594,-0.0076297049847405905,509166.99768892064,-8.0,8.0,-8.0,8.0,1,1,-10.0,11.0,-10.0,11.0,1,1,,,,,0,0,q3,mid1,low
-2,196700,ASH_COATED_OSMIUM,9987.0,11.0,,,,,10003.0,11.0,10006.0,28.0,,,9995.0,0.0,prices_round_1_day_-2.csv,False,16.0,0.0,9995.0,9995.0,0.0,0.0,3.4325071897062918,-0.007625826131164209,508908.0114235947,-8.0,8.0,-8.0,8.0,1,1,,11.0,,11.0,0,1,,,,,0,0,q3,mid1,low
-2,196800,ASH_COATED_OSMIUM,9987.0,14.0,9985.0,24.0,,,10006.0,24.0,,,,,9996.5,0.0,prices_round_1_day_-2.csv,False,19.0,-0.2631578947368421,9994.0,9994.0,-1.0,1.5,3.430922355215592,-0.008130081300813009,508649.28898987966,-7.0,12.0,-9.5,9.5,1,1,-9.0,,-11.5,,1,0,,,,,0,0,q3,mid2,low
-2,196900,ASH_COATED_OSMIUM,9987.0,11.0,9985.0,26.0,,,10003.0,11.0,10006.0,26.0,,,9995.0,0.0,prices_round_1_day_-2.csv,False,16.0,0.0,9995.0,9995.0,1.0,-1.5,3.4305343557747574,-0.007618080243778568,508390.8295014753,-8.0,8.0,-8.0,8.0,1,1,-10.0,11.0,-10.0,11.0,1,1,,,,,0,0,q3,mid1,low
-2,197000,ASH_COATED_OSMIUM,9987.0,10.0,9984.0,23.0,,,10003.0,10.0,,,,,9995.0,0.0,prices_round_1_day_-2.csv,False,16.0,0.0,9995.0,9995.0,0.0,0.0,3.3804278380042754,-0.007614213197969543,508132.6320258819,-8.0,8.0,-8.0,8.0,1,1,-11.0,,-11.0,,1,0,,,,,0,0,q3,mid1,low
-2,197100,ASH_COATED_OSMIUM,9987.0,12.0,9984.0,22.0,,,10003.0,12.0,10005.0,22.0,,,9995.0,0.0,prices_round_1_day_-2.csv,False,16.0,0.0,9995.0,9995.0,0.0,0.0,3.2868149502251693,-0.0076103500761035,507874.6966797053,-8.0,8.0,-8.0,8.0,1,1,-11.0,10.0,-11.0,10.0,1,1,,,,,0,0,q2,mid1,low
-2,197200,ASH_COATED_OSMIUM,9986.0,12.0,9984.0,29.0,,,9996.0,2.0,10002.0,12.0,10005.0,29.0,9991.0,0.0,prices_round_1_day_-2.csv,False,10.0,0.7142857142857143,9994.57142857143,9994.57142857143,-0.428571428570649,-4.0,3.159698858890995,-0.007823819182845157,507617.023153799,-8.571428571429351,1.428571428570649,-5.0,5.0,1,1,-10.571428571429351,7.428571428570649,-7.0,11.0,1,1,,10.428571428570649,,14.0,0,1,q2,tight,low
-2,197300,ASH_COATED_OSMIUM,9985.0,12.0,,,,,10001.0,12.0,10004.0,22.0,,,9993.0,0.0,prices_round_1_day_-2.csv,False,16.0,0.0,9993.0,9993.0,-1.571428571429351,2.0,3.0822120804854625,-0.008616320324379118,507359.61210941104,-8.0,8.0,-8.0,8.0,1,1,,11.0,,11.0,0,1,,,,,0,0,q2,mid1,low
-2,197400,ASH_COATED_OSMIUM,9986.0,14.0,9983.0,21.0,,,10002.0,14.0,10004.0,21.0,,,9994.0,0.0,prices_round_1_day_-2.csv,False,16.0,0.0,9994.0,9994.0,1.0,1.0,3.0812881530054645,-0.008105369807497468,507102.46127549425,-8.0,8.0,-8.0,8.0,1,1,-11.0,10.0,-11.0,10.0,1,1,,,,,0,0,q2,mid1,low
-2,197500,ASH_COATED_OSMIUM,9986.0,15.0,9984.0,24.0,,,10002.0,15.0,10005.0,24.0,,,9994.0,0.0,prices_round_1_day_-2.csv,False,16.0,0.0,9994.0,9994.0,0.0,0.0,3.074804922525881,-0.00810126582278481,506845.57046434435,-8.0,8.0,-8.0,8.0,1,1,-10.0,11.0,-10.0,11.0,1,1,,,,,0,0,q2,mid1,low
-2,197600,ASH_COATED_OSMIUM,9986.0,14.0,,,,,10002.0,14.0,10005.0,22.0,,,9994.0,0.0,prices_round_1_day_-2.csv,False,16.0,0.0,9994.0,9994.0,0.0,0.0,3.0449766849651634,-0.008097165991902834,506588.939795788,-8.0,8.0,-8.0,8.0,1,1,,11.0,,11.0,0,1,,,,,0,0,q2,mid1,low
-2,197700,ASH_COATED_OSMIUM,9986.0,13.0,9984.0,26.0,,,9996.0,2.0,10002.0,13.0,,,9991.0,0.0,prices_round_1_day_-2.csv,False,10.0,0.7333333333333333,9994.666666666666,9994.666666666666,0.6666666666660603,-3.0,3.0217606294023285,-0.007755859045692433,506332.56910514034,-8.66666666666606,1.3333333333339397,-5.0,5.0,1,1,-10.66666666666606,7.33333333333394,-7.0,11.0,1,1,,,,,0,0,q2,tight,low
-2,197800,ASH_COATED_OSMIUM,9986.0,10.0,9983.0,23.0,,,10002.0,10.0,,,,,9994.0,0.0,prices_round_1_day_-2.csv,False,16.0,0.0,9994.0,9994.0,-0.6666666666660603,3.0,3.0200717242763107,-0.008088978766430738,506076.4577570568,-8.0,8.0,-8.0,8.0,1,1,-11.0,,-11.0,,1,0,,,,,0,0,q2,mid1,low
-2,197900,ASH_COATED_OSMIUM,9986.0,10.0,9983.0,24.0,,,10002.0,10.0,10004.0,24.0,,,9994.0,0.0,prices_round_1_day_-2.csv,False,16.0,0.0,9994.0,9994.0,0.0,0.0,3.0200717242763107,-0.00808489135927236,505820.6051495282,-8.0,8.0,-8.0,8.0,1,1,-11.0,10.0,-11.0,10.0,1,1,,,,,0,0,q2,mid1,low
-2,198000,ASH_COATED_OSMIUM,9986.0,12.0,9984.0,25.0,,,,,,,,,9986.0,0.0,prices_round_1_day_-2.csv,True,,1.0,,9986.0,-8.0,-8.0,3.2209797842882697,-0.012121212121212121,505565.04336746637,0.0,,0.0,,1,0,-2.0,,-2.0,,1,0,,,,,0,0,q2,mid1,low
-2,198100,ASH_COATED_OSMIUM,9984.0,26.0,,,,,10003.0,13.0,10005.0,26.0,,,9993.5,0.0,prices_round_1_day_-2.csv,False,19.0,0.3333333333333333,9996.666666666666,9996.666666666666,10.66666666666606,7.5,3.568791799680913,-0.006730607437321524,505309.7650521017,-12.66666666666606,6.33333333333394,-9.5,9.5,1,1,,8.33333333333394,,11.5,0,1,,,,,0,0,q3,mid2,low
-2,198200,ASH_COATED_OSMIUM,9987.0,11.0,9984.0,20.0,,,10003.0,11.0,10005.0,20.0,,,9995.0,0.0,prices_round_1_day_-2.csv,False,16.0,0.0,9995.0,9995.0,-1.6666666666660603,1.5,3.57354060464543,-0.0075681130171543895,505054.6883175966,-8.0,8.0,-8.0,8.0,1,1,-11.0,10.0,-11.0,10.0,1,1,,,,,0,0,q3,mid1,low
-2,198300,ASH_COATED_OSMIUM,9986.0,14.0,9984.0,20.0,,,10002.0,14.0,,,,,9994.0,0.0,prices_round_1_day_-2.csv,False,16.0,0.0,9994.0,9994.0,-1.0,-1.0,3.380736033250604,-0.008068582955118508,504799.86808354355,-8.0,8.0,-8.0,8.0,1,1,-10.0,,-10.0,,1,0,,,,,0,0,q3,mid1,low
-2,198400,ASH_COATED_OSMIUM,9986.0,12.0,9983.0,25.0,,,10002.0,12.0,10004.0,25.0,,,9994.0,0.0,prices_round_1_day_-2.csv,False,16.0,0.0,9994.0,9994.0,0.0,0.0,3.1899057314438948,-0.008064516129032258,504545.30435786606,-8.0,8.0,-8.0,8.0,1,1,-11.0,10.0,-11.0,10.0,1,1,,,,,0,0,q2,mid1,low
-2,198500,ASH_COATED_OSMIUM,9986.0,14.0,9983.0,28.0,,,10002.0,14.0,10004.0,28.0,,,9994.0,0.0,prices_round_1_day_-2.csv,False,16.0,0.0,9994.0,9994.0,0.0,0.0,2.969365458908661,-0.008060453400503778,504290.99724884745,-8.0,8.0,-8.0,8.0,1,1,-11.0,10.0,-11.0,10.0,1,1,,,,,0,0,q2,mid1,low
-2,198600,ASH_COATED_OSMIUM,9986.0,13.0,9983.0,26.0,,,9995.0,4.0,10004.0,26.0,,,9990.5,0.0,prices_round_1_day_-2.csv,False,9.0,0.5294117647058824,9992.882352941177,9992.882352941177,-1.1176470588234224,-3.5,2.7540128751909356,-0.008619157632841603,504036.94698855205,-6.882352941176578,2.1176470588234224,-4.5,4.5,1,1,-9.882352941176578,11.117647058823422,-7.5,13.5,1,1,,,,,0,0,q1,tight,low
-2,198700,ASH_COATED_OSMIUM,9985.0,15.0,9983.0,24.0,,,10001.0,15.0,,,,,9993.0,0.0,prices_round_1_day_-2.csv,False,16.0,0.0,9993.0,9993.0,0.11764705882342241,2.5,2.507142474472815,-0.008555611474584801,503783.15195781016,-8.0,8.0,-8.0,8.0,1,1,-10.0,,-10.0,,1,0,,,,,0,0,q1,mid1,low
-2,198800,ASH_COATED_OSMIUM,9985.0,15.0,9982.0,21.0,,,10001.0,15.0,,,,,9993.0,0.0,prices_round_1_day_-2.csv,False,16.0,0.0,9993.0,9993.0,0.0,0.0,2.2753118695409165,-0.008551307847082495,503529.61237457686,-8.0,8.0,-8.0,8.0,1,1,-11.0,,-11.0,,1,0,,,,,0,0,q1,mid1,low
-2,198900,ASH_COATED_OSMIUM,9985.0,15.0,9982.0,20.0,,,10001.0,15.0,10003.0,20.0,,,9993.0,0.0,prices_round_1_day_-2.csv,False,16.0,0.0,9993.0,9993.0,0.0,0.0,2.272917704371586,-0.008547008547008548,503276.3278613467,-8.0,8.0,-8.0,8.0,1,1,-11.0,10.0,-11.0,10.0,1,1,,,,,0,0,q1,mid1,low
-2,199000,ASH_COATED_OSMIUM,9984.0,12.0,9982.0,23.0,,,10000.0,12.0,10003.0,23.0,,,9992.0,0.0,prices_round_1_day_-2.csv,False,16.0,0.0,9992.0,9992.0,-1.0,-1.0,2.276416758458947,-0.009045226130653266,503023.2985273214,-8.0,8.0,-8.0,8.0,1,1,-10.0,11.0,-10.0,11.0,1,1,,,,,0,0,q1,mid1,low
-2,199100,ASH_COATED_OSMIUM,9985.0,14.0,9982.0,25.0,,,,,,,,,9985.0,0.0,prices_round_1_day_-2.csv,True,,1.0,,9985.0,-7.0,-7.0,2.4733749134076666,-0.012556504269211451,502770.54754760995,0.0,,0.0,,1,0,-3.0,,-3.0,,1,0,,,,,0,0,q1,mid1,low
-2,199200,ASH_COATED_OSMIUM,9985.0,12.0,9982.0,20.0,,,10001.0,12.0,10003.0,20.0,,,9993.0,0.0,prices_round_1_day_-2.csv,False,16.0,0.0,9993.0,9993.0,8.0,8.0,2.733737107449262,-0.00853413654618474,502518.05815599003,-8.0,8.0,-8.0,8.0,1,1,-11.0,10.0,-11.0,10.0,1,1,,,,,0,0,q1,mid1,low
-2,199300,ASH_COATED_OSMIUM,9982.0,28.0,,,,,10000.0,10.0,10003.0,28.0,,,9991.0,0.0,prices_round_1_day_-2.csv,False,18.0,0.47368421052631576,9995.263157894737,9995.263157894737,2.2631578947366506,-2.0,2.751703852417572,-0.0073943011065044405,502265.7926438612,-13.26315789473665,4.736842105263349,-9.0,9.0,1,1,,7.736842105263349,,12.0,0,1,,,,,0,0,q1,mid2,low
-2,199400,ASH_COATED_OSMIUM,9984.0,12.0,9982.0,25.0,,,10003.0,25.0,,,,,9993.5,0.0,prices_round_1_day_-2.csv,False,19.0,-0.35135135135135137,9990.162162162162,9990.162162162162,-5.100995732575029,2.5,2.8426890115305947,-0.009948765214562878,502013.79070664104,-6.162162162161621,12.837837837838379,-9.5,9.5,1,1,-8.162162162161621,,-11.5,,1,0,,,,,0,0,q2,mid2,low
-2,199500,ASH_COATED_OSMIUM,9985.0,12.0,9982.0,29.0,,,9990.0,7.0,10001.0,12.0,10003.0,29.0,9987.5,0.0,prices_round_1_day_-2.csv,False,5.0,0.2631578947368421,9988.157894736842,9988.157894736842,-2.004267425319995,-6.0,2.8490482248509674,-0.010948423690806203,501762.0305183796,-3.1578947368416266,1.8421052631583734,-2.5,2.5,1,1,-6.157894736841627,12.842105263158373,-5.5,13.5,1,1,,14.842105263158373,,15.5,0,1,q2,tight,low
-2,199600,ASH_COATED_OSMIUM,9985.0,11.0,,,,,10001.0,11.0,10003.0,23.0,,,9993.0,0.0,prices_round_1_day_-2.csv,False,16.0,0.0,9993.0,9993.0,4.842105263158373,5.5,2.924343370671413,-0.008517034068136272,501510.53252831043,-8.0,8.0,-8.0,8.0,1,1,,10.0,,10.0,0,1,,,,,0,0,q2,mid1,low
-2,199700,ASH_COATED_OSMIUM,,,,,,,9995.0,4.0,10001.0,14.0,10004.0,28.0,9995.0,0.0,prices_round_1_day_-2.csv,True,,-1.0,,9995.0,2.0,2.0,2.9197217711656034,-0.007511266900350526,501259.2767665831,,0.0,,0.0,0,1,,6.0,,6.0,0,1,,9.0,,9.0,0,1,q2,mid1,low
-2,199800,ASH_COATED_OSMIUM,,,,,,,10001.0,13.0,10004.0,23.0,,,10001.0,0.0,prices_round_1_day_-2.csv,True,,-1.0,,10001.0,6.0,6.0,3.022892834416288,-0.0045045045045045045,501008.2886821374,,0.0,,0.0,0,1,,3.0,,3.0,0,1,,,,,0,0,q2,mid1,mid_low
-2,199900,ASH_COATED_OSMIUM,,,,,,,10002.0,15.0,10004.0,20.0,,,10002.0,0.0,prices_round_1_day_-2.csv,True,,-1.0,,10002.0,1.0,1.0,3.0199874345792903,-0.00400200100050025,500757.5342876641,,0.0,,0.0,0,1,,2.0,,2.0,0,1,,,,,0,0,q2,mid1,mid_low
