timestamp,buyer,seller,symbol,currency,price,quantity,day,mid_price,bid_price_1,ask_price_1,imb_l1,mid_valid,spread,aggressor,price_minus_mid,product,signed_volume,realized_spread,effective_spread
0,,,ASH_COATED_OSMIUM,XIRECS,9982.0,6,-1,9991.0,9982.0,10000.0,0.2352941176470588,True,18.0,sell_aggr,-9.0,ASH_COATED_OSMIUM,-6,24.0,18.0
3600,,,ASH_COATED_OSMIUM,XIRECS,10001.0,3,-1,9993.0,9985.0,10001.0,0.0,True,16.0,buy_aggr,8.0,ASH_COATED_OSMIUM,3,12.0,16.0
4200,,,ASH_COATED_OSMIUM,XIRECS,10002.0,2,-1,9994.0,9986.0,10002.0,0.0,True,16.0,buy_aggr,8.0,ASH_COATED_OSMIUM,2,14.0,16.0
9100,,,ASH_COATED_OSMIUM,XIRECS,9994.0,4,-1,9999.0,9994.0,10004.0,-0.5,True,10.0,sell_aggr,-5.0,ASH_COATED_OSMIUM,-4,14.0,10.0
9600,,,ASH_COATED_OSMIUM,XIRECS,9989.0,6,-1,9997.0,9989.0,10005.0,0.0,True,16.0,sell_aggr,-8.0,ASH_COATED_OSMIUM,-6,21.0,16.0
10000,,,ASH_COATED_OSMIUM,XIRECS,9988.0,8,-1,9997.5,9988.0,10007.0,-0.2777777777777778,True,19.0,sell_aggr,-9.5,ASH_COATED_OSMIUM,-8,17.0,19.0
12100,,,ASH_COATED_OSMIUM,XIRECS,9989.0,5,-1,9998.5,9989.0,10008.0,-0.2631578947368421,True,19.0,sell_aggr,-9.5,ASH_COATED_OSMIUM,-5,24.0,19.0
15100,,,ASH_COATED_OSMIUM,XIRECS,10011.0,2,-1,10001.5,9992.0,10011.0,-0.4054054054054054,True,19.0,buy_aggr,9.5,ASH_COATED_OSMIUM,2,20.0,19.0
15100,,,ASH_COATED_OSMIUM,XIRECS,10011.0,8,-1,10001.5,9992.0,10011.0,-0.4054054054054054,True,19.0,buy_aggr,9.5,ASH_COATED_OSMIUM,8,20.0,19.0
18500,,,ASH_COATED_OSMIUM,XIRECS,10010.0,6,-1,10002.0,9994.0,10010.0,0.0,True,16.0,buy_aggr,8.0,ASH_COATED_OSMIUM,6,23.0,16.0
23900,,,ASH_COATED_OSMIUM,XIRECS,9991.0,4,-1,9999.0,9991.0,10007.0,0.0,True,16.0,sell_aggr,-8.0,ASH_COATED_OSMIUM,-4,24.0,16.0
24300,,,ASH_COATED_OSMIUM,XIRECS,9992.0,4,-1,10000.0,9992.0,10008.0,0.0,True,16.0,sell_aggr,-8.0,ASH_COATED_OSMIUM,-4,20.0,16.0
24600,,,ASH_COATED_OSMIUM,XIRECS,9991.0,3,-1,9999.0,9991.0,10007.0,0.0,True,16.0,sell_aggr,-8.0,ASH_COATED_OSMIUM,-3,22.0,16.0
30400,,,ASH_COATED_OSMIUM,XIRECS,10010.0,2,-1,10002.0,9994.0,10010.0,0.0,True,16.0,buy_aggr,8.0,ASH_COATED_OSMIUM,2,16.0,16.0
32800,,,ASH_COATED_OSMIUM,XIRECS,9993.0,4,-1,10001.0,9993.0,10009.0,0.0,True,16.0,sell_aggr,-8.0,ASH_COATED_OSMIUM,-4,33.0,16.0
34000,,,ASH_COATED_OSMIUM,XIRECS,10010.0,7,-1,10002.0,9994.0,10010.0,0.0,True,16.0,buy_aggr,8.0,ASH_COATED_OSMIUM,7,17.0,16.0
34500,,,ASH_COATED_OSMIUM,XIRECS,9994.0,8,-1,10002.0,9994.0,10010.0,0.0,True,16.0,sell_aggr,-8.0,ASH_COATED_OSMIUM,-8,18.0,16.0
36500,,,ASH_COATED_OSMIUM,XIRECS,10013.0,3,-1,10013.0,,10013.0,-1.0,False,,mid_trade,0.0,ASH_COATED_OSMIUM,0,,0.0
37900,,,ASH_COATED_OSMIUM,XIRECS,9996.0,4,-1,10004.0,9996.0,10012.0,0.0,True,16.0,sell_aggr,-8.0,ASH_COATED_OSMIUM,-4,6.0,16.0
38400,,,ASH_COATED_OSMIUM,XIRECS,10012.0,3,-1,10004.0,9996.0,10012.0,0.0,True,16.0,buy_aggr,8.0,ASH_COATED_OSMIUM,3,24.0,16.0
39100,,,ASH_COATED_OSMIUM,XIRECS,10011.0,6,-1,10003.0,9995.0,10011.0,0.0,True,16.0,buy_aggr,8.0,ASH_COATED_OSMIUM,6,22.0,16.0
39900,,,ASH_COATED_OSMIUM,XIRECS,10013.0,7,-1,10002.5,9992.0,10013.0,0.0,True,21.0,buy_aggr,10.5,ASH_COATED_OSMIUM,7,28.0,21.0
41500,,,ASH_COATED_OSMIUM,XIRECS,10009.0,5,-1,10001.0,9993.0,10009.0,0.0,True,16.0,buy_aggr,8.0,ASH_COATED_OSMIUM,5,7.0,16.0
50900,,,ASH_COATED_OSMIUM,XIRECS,9990.0,5,-1,9999.5,9990.0,10009.0,-0.2222222222222222,True,19.0,sell_aggr,-9.5,ASH_COATED_OSMIUM,-5,14.0,19.0
54600,,,ASH_COATED_OSMIUM,XIRECS,9986.0,6,-1,9995.5,9986.0,10005.0,0.4146341463414634,True,19.0,sell_aggr,-9.5,ASH_COATED_OSMIUM,-6,16.0,19.0
58400,,,ASH_COATED_OSMIUM,XIRECS,9990.0,3,-1,9998.0,9990.0,10006.0,0.0,True,16.0,sell_aggr,-8.0,ASH_COATED_OSMIUM,-3,25.0,16.0
59500,,,ASH_COATED_OSMIUM,XIRECS,10007.0,2,-1,9999.0,9991.0,10007.0,0.0,True,16.0,buy_aggr,8.0,ASH_COATED_OSMIUM,2,20.0,16.0
62000,,,ASH_COATED_OSMIUM,XIRECS,10008.0,6,-1,10000.0,9992.0,10008.0,0.0,True,16.0,buy_aggr,8.0,ASH_COATED_OSMIUM,6,22.0,16.0
63700,,,ASH_COATED_OSMIUM,XIRECS,9990.0,2,-1,9998.0,9990.0,10006.0,0.0,True,16.0,sell_aggr,-8.0,ASH_COATED_OSMIUM,-2,20.0,16.0
64900,,,ASH_COATED_OSMIUM,XIRECS,10005.0,4,-1,9997.0,9989.0,10005.0,0.0,True,16.0,buy_aggr,8.0,ASH_COATED_OSMIUM,4,12.0,16.0
65300,,,ASH_COATED_OSMIUM,XIRECS,9989.0,2,-1,9997.0,9989.0,10005.0,0.0,True,16.0,sell_aggr,-8.0,ASH_COATED_OSMIUM,-2,20.0,16.0
76300,,,ASH_COATED_OSMIUM,XIRECS,9994.0,6,-1,10002.0,9994.0,10010.0,0.0,True,16.0,sell_aggr,-8.0,ASH_COATED_OSMIUM,-6,18.0,16.0
76500,,,ASH_COATED_OSMIUM,XIRECS,10013.0,8,-1,10003.5,9994.0,10013.0,-0.4054054054054054,True,19.0,buy_aggr,9.5,ASH_COATED_OSMIUM,8,26.0,19.0
83700,,,ASH_COATED_OSMIUM,XIRECS,10009.0,2,-1,10001.0,9993.0,10009.0,0.0,True,16.0,buy_aggr,8.0,ASH_COATED_OSMIUM,2,11.0,16.0
85500,,,ASH_COATED_OSMIUM,XIRECS,9995.0,7,-1,10003.0,9995.0,10011.0,0.0,True,16.0,sell_aggr,-8.0,ASH_COATED_OSMIUM,-7,18.0,16.0
85700,,,ASH_COATED_OSMIUM,XIRECS,10011.0,3,-1,10003.0,9995.0,10011.0,0.0,True,16.0,buy_aggr,8.0,ASH_COATED_OSMIUM,3,11.0,16.0
85900,,,ASH_COATED_OSMIUM,XIRECS,9995.0,5,-1,10003.0,9995.0,10011.0,0.0,True,16.0,sell_aggr,-8.0,ASH_COATED_OSMIUM,-5,20.0,16.0
87900,,,ASH_COATED_OSMIUM,XIRECS,9993.0,5,-1,10002.0,9993.0,10011.0,0.3939393939393939,True,18.0,sell_aggr,-9.0,ASH_COATED_OSMIUM,-5,22.0,18.0
88300,,,ASH_COATED_OSMIUM,XIRECS,10011.0,2,-1,10003.0,9995.0,10011.0,0.0,True,16.0,buy_aggr,8.0,ASH_COATED_OSMIUM,2,18.0,16.0
90200,,,ASH_COATED_OSMIUM,XIRECS,10011.0,10,-1,10003.0,9995.0,10011.0,0.0,True,16.0,buy_aggr,8.0,ASH_COATED_OSMIUM,10,19.0,16.0
90700,,,ASH_COATED_OSMIUM,XIRECS,10015.0,2,-1,10005.5,9996.0,10015.0,-0.3170731707317073,True,19.0,buy_aggr,9.5,ASH_COATED_OSMIUM,2,32.0,19.0
90800,,,ASH_COATED_OSMIUM,XIRECS,9994.0,6,-1,10003.0,9994.0,10012.0,0.3333333333333333,True,18.0,sell_aggr,-9.0,ASH_COATED_OSMIUM,-6,14.0,18.0
95900,,,ASH_COATED_OSMIUM,XIRECS,10007.0,3,-1,9998.0,9989.0,10007.0,0.2,True,18.0,buy_aggr,9.0,ASH_COATED_OSMIUM,3,19.0,18.0
96900,,,ASH_COATED_OSMIUM,XIRECS,10007.0,6,-1,9997.5,9988.0,10007.0,0.3488372093023256,True,19.0,buy_aggr,9.5,ASH_COATED_OSMIUM,6,14.0,19.0
96900,,,ASH_COATED_OSMIUM,XIRECS,10007.0,8,-1,9997.5,9988.0,10007.0,0.3488372093023256,True,19.0,buy_aggr,9.5,ASH_COATED_OSMIUM,8,14.0,19.0
105900,,,ASH_COATED_OSMIUM,XIRECS,10011.0,5,-1,10001.5,9992.0,10011.0,-0.3333333333333333,True,19.0,buy_aggr,9.5,ASH_COATED_OSMIUM,5,24.0,19.0
107200,,,ASH_COATED_OSMIUM,XIRECS,9991.0,3,-1,9999.0,9991.0,10007.0,0.0,True,16.0,sell_aggr,-8.0,ASH_COATED_OSMIUM,-3,20.0,16.0
111600,,,ASH_COATED_OSMIUM,XIRECS,9992.0,5,-1,10000.0,9992.0,10008.0,0.0,True,16.0,sell_aggr,-8.0,ASH_COATED_OSMIUM,-5,16.0,16.0
114700,,,ASH_COATED_OSMIUM,XIRECS,9991.0,3,-1,9999.0,9991.0,10007.0,0.0,True,16.0,sell_aggr,-8.0,ASH_COATED_OSMIUM,-3,21.0,16.0
116100,,,ASH_COATED_OSMIUM,XIRECS,9989.0,8,-1,9997.0,9989.0,10005.0,0.0,True,16.0,sell_aggr,-8.0,ASH_COATED_OSMIUM,-8,12.0,16.0
122000,,,ASH_COATED_OSMIUM,XIRECS,10007.0,10,-1,9999.0,9991.0,10007.0,0.0,True,16.0,buy_aggr,8.0,ASH_COATED_OSMIUM,10,24.0,16.0
122300,,,ASH_COATED_OSMIUM,XIRECS,10007.0,5,-1,9999.0,9991.0,10007.0,0.0,True,16.0,buy_aggr,8.0,ASH_COATED_OSMIUM,5,20.0,16.0
124500,,,ASH_COATED_OSMIUM,XIRECS,9989.0,2,-1,9997.0,9989.0,10005.0,0.0,True,16.0,sell_aggr,-8.0,ASH_COATED_OSMIUM,-2,15.0,16.0
126400,,,ASH_COATED_OSMIUM,XIRECS,9988.0,6,-1,9996.0,9988.0,10004.0,0.0,True,16.0,sell_aggr,-8.0,ASH_COATED_OSMIUM,-6,14.0,16.0
126500,,,ASH_COATED_OSMIUM,XIRECS,9988.0,6,-1,9997.0,9988.0,10006.0,-0.3513513513513513,True,18.0,sell_aggr,-9.0,ASH_COATED_OSMIUM,-6,16.0,18.0
127800,,,ASH_COATED_OSMIUM,XIRECS,10003.0,2,-1,9994.0,9985.0,10003.0,0.3023255813953488,True,18.0,buy_aggr,9.0,ASH_COATED_OSMIUM,2,12.0,18.0
130300,,,ASH_COATED_OSMIUM,XIRECS,10003.0,2,-1,9995.0,9987.0,10003.0,0.0,True,16.0,buy_aggr,8.0,ASH_COATED_OSMIUM,2,11.0,16.0
131400,,,ASH_COATED_OSMIUM,XIRECS,10003.0,2,-1,9995.0,9987.0,10003.0,0.0,True,16.0,buy_aggr,8.0,ASH_COATED_OSMIUM,2,9.0,16.0
137700,,,ASH_COATED_OSMIUM,XIRECS,10007.0,3,-1,9998.0,9989.0,10007.0,-0.3142857142857143,True,18.0,buy_aggr,9.0,ASH_COATED_OSMIUM,3,14.0,18.0
139400,,,ASH_COATED_OSMIUM,XIRECS,9989.0,6,-1,9997.0,9989.0,10005.0,0.0,True,16.0,sell_aggr,-8.0,ASH_COATED_OSMIUM,-6,24.0,16.0
139400,,,ASH_COATED_OSMIUM,XIRECS,9989.0,5,-1,9997.0,9989.0,10005.0,0.0,True,16.0,sell_aggr,-8.0,ASH_COATED_OSMIUM,-5,24.0,16.0
142000,,,ASH_COATED_OSMIUM,XIRECS,9992.0,2,-1,10000.0,9992.0,10008.0,0.0,True,16.0,sell_aggr,-8.0,ASH_COATED_OSMIUM,-2,23.0,16.0
142200,,,ASH_COATED_OSMIUM,XIRECS,9992.0,6,-1,10000.0,9992.0,10008.0,0.0,True,16.0,sell_aggr,-8.0,ASH_COATED_OSMIUM,-6,18.0,16.0
146700,,,ASH_COATED_OSMIUM,XIRECS,10009.0,6,-1,10001.0,9993.0,10009.0,0.0,True,16.0,buy_aggr,8.0,ASH_COATED_OSMIUM,6,14.0,16.0
149500,,,ASH_COATED_OSMIUM,XIRECS,10009.0,9,-1,10003.5,9998.0,10009.0,-0.5,True,11.0,buy_aggr,5.5,ASH_COATED_OSMIUM,9,11.0,11.0
153200,,,ASH_COATED_OSMIUM,XIRECS,9994.0,5,-1,10002.0,9994.0,10010.0,0.0,True,16.0,sell_aggr,-8.0,ASH_COATED_OSMIUM,-5,16.0,16.0
154600,,,ASH_COATED_OSMIUM,XIRECS,9992.0,2,-1,10000.0,9992.0,10008.0,0.0,True,16.0,sell_aggr,-8.0,ASH_COATED_OSMIUM,-2,15.0,16.0
155300,,,ASH_COATED_OSMIUM,XIRECS,10009.0,10,-1,10001.0,9993.0,10009.0,0.0,True,16.0,buy_aggr,8.0,ASH_COATED_OSMIUM,10,18.0,16.0
155500,,,ASH_COATED_OSMIUM,XIRECS,10013.0,6,-1,10004.0,9995.0,10013.0,-0.2432432432432432,True,18.0,buy_aggr,9.0,ASH_COATED_OSMIUM,6,26.0,18.0
155700,,,ASH_COATED_OSMIUM,XIRECS,10010.0,7,-1,10001.0,9992.0,10010.0,0.2727272727272727,True,18.0,buy_aggr,9.0,ASH_COATED_OSMIUM,7,20.0,18.0
155800,,,ASH_COATED_OSMIUM,XIRECS,9995.0,5,-1,9999.5,9995.0,10004.0,0.375,True,9.0,sell_aggr,-4.5,ASH_COATED_OSMIUM,-5,13.0,9.0
158200,,,ASH_COATED_OSMIUM,XIRECS,9994.0,5,-1,10002.0,9994.0,10010.0,0.0,True,16.0,sell_aggr,-8.0,ASH_COATED_OSMIUM,-5,11.0,16.0
165300,,,ASH_COATED_OSMIUM,XIRECS,9988.0,5,-1,9997.0,9988.0,10006.0,0.1428571428571428,True,18.0,sell_aggr,-9.0,ASH_COATED_OSMIUM,-5,22.0,18.0
172700,,,ASH_COATED_OSMIUM,XIRECS,10008.0,4,-1,10002.5,9997.0,10008.0,-0.3333333333333333,True,11.0,buy_aggr,5.5,ASH_COATED_OSMIUM,4,20.0,11.0
173100,,,ASH_COATED_OSMIUM,XIRECS,10002.0,2,-1,9997.0,9992.0,10002.0,0.6666666666666666,True,10.0,buy_aggr,5.0,ASH_COATED_OSMIUM,2,6.0,10.0
177700,,,ASH_COATED_OSMIUM,XIRECS,9989.0,10,-1,9998.0,9989.0,10007.0,0.3333333333333333,True,18.0,sell_aggr,-9.0,ASH_COATED_OSMIUM,-10,24.0,18.0
181600,,,ASH_COATED_OSMIUM,XIRECS,9994.0,2,-1,10003.5,9994.0,10013.0,-0.2105263157894736,True,19.0,sell_aggr,-9.5,ASH_COATED_OSMIUM,-2,18.0,19.0
182700,,,ASH_COATED_OSMIUM,XIRECS,9993.0,5,-1,10001.0,9993.0,10009.0,0.0,True,16.0,sell_aggr,-8.0,ASH_COATED_OSMIUM,-5,20.0,16.0
184800,,,ASH_COATED_OSMIUM,XIRECS,9995.0,4,-1,10003.0,9995.0,10011.0,0.0,True,16.0,sell_aggr,-8.0,ASH_COATED_OSMIUM,-4,13.0,16.0
185900,,,ASH_COATED_OSMIUM,XIRECS,9996.0,10,-1,10004.0,9996.0,10012.0,0.0,True,16.0,sell_aggr,-8.0,ASH_COATED_OSMIUM,-10,16.0,16.0
186800,,,ASH_COATED_OSMIUM,XIRECS,9995.0,4,-1,10003.0,9995.0,10011.0,0.0,True,16.0,sell_aggr,-8.0,ASH_COATED_OSMIUM,-4,16.0,16.0
190400,,,ASH_COATED_OSMIUM,XIRECS,10011.0,3,-1,10003.0,9995.0,10011.0,0.0,True,16.0,buy_aggr,8.0,ASH_COATED_OSMIUM,3,14.0,16.0
192600,,,ASH_COATED_OSMIUM,XIRECS,9997.0,8,-1,10005.0,9997.0,10013.0,0.0,True,16.0,sell_aggr,-8.0,ASH_COATED_OSMIUM,-8,11.0,16.0
192900,,,ASH_COATED_OSMIUM,XIRECS,10016.0,10,-1,10016.0,,10016.0,-1.0,False,,mid_trade,0.0,ASH_COATED_OSMIUM,0,,0.0
197300,,,ASH_COATED_OSMIUM,XIRECS,9996.0,9,-1,10004.0,9996.0,10012.0,0.0,True,16.0,sell_aggr,-8.0,ASH_COATED_OSMIUM,-9,8.0,16.0
200100,,,ASH_COATED_OSMIUM,XIRECS,9994.0,6,-1,10002.0,9994.0,10010.0,0.0,True,16.0,sell_aggr,-8.0,ASH_COATED_OSMIUM,-6,12.0,16.0
200300,,,ASH_COATED_OSMIUM,XIRECS,9992.0,10,-1,10001.5,9992.0,10011.0,0.2631578947368421,True,19.0,sell_aggr,-9.5,ASH_COATED_OSMIUM,-10,21.0,19.0
200400,,,ASH_COATED_OSMIUM,XIRECS,10011.0,2,-1,10003.0,9995.0,10011.0,0.0,True,16.0,buy_aggr,8.0,ASH_COATED_OSMIUM,2,22.0,16.0
200600,,,ASH_COATED_OSMIUM,XIRECS,10010.0,2,-1,10002.0,9994.0,10010.0,0.0,True,16.0,buy_aggr,8.0,ASH_COATED_OSMIUM,2,20.0,16.0
200700,,,ASH_COATED_OSMIUM,XIRECS,10010.0,8,-1,10002.0,9994.0,10010.0,0.0,True,16.0,buy_aggr,8.0,ASH_COATED_OSMIUM,8,18.0,16.0
201700,,,ASH_COATED_OSMIUM,XIRECS,9993.0,4,-1,10001.0,9993.0,10009.0,0.0,True,16.0,sell_aggr,-8.0,ASH_COATED_OSMIUM,-4,26.0,16.0
205600,,,ASH_COATED_OSMIUM,XIRECS,9992.0,2,-1,10000.0,9992.0,10008.0,0.0,True,16.0,sell_aggr,-8.0,ASH_COATED_OSMIUM,-2,24.0,16.0
206600,,,ASH_COATED_OSMIUM,XIRECS,9993.0,7,-1,10001.0,9993.0,10009.0,0.0,True,16.0,sell_aggr,-8.0,ASH_COATED_OSMIUM,-7,18.0,16.0
208900,,,ASH_COATED_OSMIUM,XIRECS,9994.0,10,-1,10002.0,9994.0,10010.0,0.0,True,16.0,sell_aggr,-8.0,ASH_COATED_OSMIUM,-10,10.0,16.0
210000,,,ASH_COATED_OSMIUM,XIRECS,9991.0,4,-1,10000.5,9991.0,10010.0,0.375,True,19.0,sell_aggr,-9.5,ASH_COATED_OSMIUM,-4,20.0,19.0
212700,,,ASH_COATED_OSMIUM,XIRECS,9994.0,6,-1,9997.0,9994.0,10000.0,0.5,True,6.0,sell_aggr,-3.0,ASH_COATED_OSMIUM,-6,18.0,6.0
224800,,,ASH_COATED_OSMIUM,XIRECS,10012.0,5,-1,10004.0,9996.0,10012.0,0.0,True,16.0,buy_aggr,8.0,ASH_COATED_OSMIUM,5,22.0,16.0
226200,,,ASH_COATED_OSMIUM,XIRECS,9997.0,6,-1,10005.0,9997.0,10013.0,0.0,True,16.0,sell_aggr,-8.0,ASH_COATED_OSMIUM,-6,8.0,16.0
227600,,,ASH_COATED_OSMIUM,XIRECS,9996.0,5,-1,10005.0,9996.0,10014.0,-0.3658536585365853,True,18.0,sell_aggr,-9.0,ASH_COATED_OSMIUM,-5,13.0,18.0
228000,,,ASH_COATED_OSMIUM,XIRECS,9995.0,5,-1,10003.0,9995.0,10011.0,0.0,True,16.0,sell_aggr,-8.0,ASH_COATED_OSMIUM,-5,12.0,16.0
229200,,,ASH_COATED_OSMIUM,XIRECS,10004.0,2,-1,9998.0,9992.0,10004.0,0.875,True,12.0,buy_aggr,6.0,ASH_COATED_OSMIUM,2,4.0,12.0
229600,,,ASH_COATED_OSMIUM,XIRECS,10011.0,5,-1,10003.0,9995.0,10011.0,0.0,True,16.0,buy_aggr,8.0,ASH_COATED_OSMIUM,5,18.0,16.0
235600,,,ASH_COATED_OSMIUM,XIRECS,9993.0,8,-1,10002.0,9993.0,10011.0,0.5,True,18.0,sell_aggr,-9.0,ASH_COATED_OSMIUM,-8,18.0,18.0
236100,,,ASH_COATED_OSMIUM,XIRECS,9992.0,4,-1,10002.5,9992.0,10013.0,0.0,True,21.0,sell_aggr,-10.5,ASH_COATED_OSMIUM,-4,20.0,21.0
236500,,,ASH_COATED_OSMIUM,XIRECS,9994.0,2,-1,10002.0,9994.0,10010.0,0.0,True,16.0,sell_aggr,-8.0,ASH_COATED_OSMIUM,-2,17.0,16.0
236600,,,ASH_COATED_OSMIUM,XIRECS,9993.0,4,-1,10003.5,9993.0,10014.0,0.0,True,21.0,sell_aggr,-10.5,ASH_COATED_OSMIUM,-4,18.0,21.0
237000,,,ASH_COATED_OSMIUM,XIRECS,10014.0,5,-1,10007.5,10001.0,10014.0,-0.8709677419354839,True,13.0,buy_aggr,6.5,ASH_COATED_OSMIUM,5,26.0,13.0
237100,,,ASH_COATED_OSMIUM,XIRECS,9996.0,3,-1,10005.0,9996.0,10014.0,-0.4736842105263157,True,18.0,sell_aggr,-9.0,ASH_COATED_OSMIUM,-3,10.0,18.0
241700,,,ASH_COATED_OSMIUM,XIRECS,9994.0,7,-1,10003.0,9994.0,10012.0,-0.3142857142857143,True,18.0,sell_aggr,-9.0,ASH_COATED_OSMIUM,-7,16.0,18.0
242800,,,ASH_COATED_OSMIUM,XIRECS,10009.0,5,-1,10001.0,9993.0,10009.0,0.0,True,16.0,buy_aggr,8.0,ASH_COATED_OSMIUM,5,14.0,16.0
243200,,,ASH_COATED_OSMIUM,XIRECS,10010.0,6,-1,10002.0,9994.0,10010.0,0.0,True,16.0,buy_aggr,8.0,ASH_COATED_OSMIUM,6,16.0,16.0
243700,,,ASH_COATED_OSMIUM,XIRECS,10010.0,6,-1,10001.0,9992.0,10010.0,0.3333333333333333,True,18.0,buy_aggr,9.0,ASH_COATED_OSMIUM,6,18.0,18.0
246200,,,ASH_COATED_OSMIUM,XIRECS,9994.0,9,-1,10002.0,9994.0,10010.0,0.0,True,16.0,sell_aggr,-8.0,ASH_COATED_OSMIUM,-9,12.0,16.0
247600,,,ASH_COATED_OSMIUM,XIRECS,9995.0,6,-1,10004.0,9995.0,10013.0,-0.3684210526315789,True,18.0,sell_aggr,-9.0,ASH_COATED_OSMIUM,-6,10.0,18.0
251700,,,ASH_COATED_OSMIUM,XIRECS,9992.0,4,-1,10000.0,9992.0,10008.0,0.0,True,16.0,sell_aggr,-8.0,ASH_COATED_OSMIUM,-4,17.0,16.0
252300,,,ASH_COATED_OSMIUM,XIRECS,10008.0,5,-1,10000.0,9992.0,10008.0,0.0,True,16.0,buy_aggr,8.0,ASH_COATED_OSMIUM,5,5.0,16.0
252400,,,ASH_COATED_OSMIUM,XIRECS,10011.0,7,-1,10000.5,9990.0,10011.0,0.0,True,21.0,buy_aggr,10.5,ASH_COATED_OSMIUM,7,16.0,21.0
258300,,,ASH_COATED_OSMIUM,XIRECS,10013.0,9,-1,10005.0,9997.0,10013.0,0.0,True,16.0,buy_aggr,8.0,ASH_COATED_OSMIUM,9,20.0,16.0
258400,,,ASH_COATED_OSMIUM,XIRECS,10012.0,4,-1,10003.0,9994.0,10012.0,0.4,True,18.0,buy_aggr,9.0,ASH_COATED_OSMIUM,4,18.0,18.0
259400,,,ASH_COATED_OSMIUM,XIRECS,9998.0,8,-1,10007.0,9998.0,10016.0,-0.3157894736842105,True,18.0,sell_aggr,-9.0,ASH_COATED_OSMIUM,-8,4.0,18.0
260500,,,ASH_COATED_OSMIUM,XIRECS,10012.0,7,-1,10003.0,9994.0,10012.0,0.2307692307692307,True,18.0,buy_aggr,9.0,ASH_COATED_OSMIUM,7,22.0,18.0
260600,,,ASH_COATED_OSMIUM,XIRECS,10012.0,2,-1,10004.0,9996.0,10012.0,0.0,True,16.0,buy_aggr,8.0,ASH_COATED_OSMIUM,2,26.0,16.0
261300,,,ASH_COATED_OSMIUM,XIRECS,9996.0,2,-1,10004.0,9996.0,10012.0,0.0,True,16.0,sell_aggr,-8.0,ASH_COATED_OSMIUM,-2,6.0,16.0
265000,,,ASH_COATED_OSMIUM,XIRECS,9992.0,8,-1,10000.0,9992.0,10008.0,0.0,True,16.0,sell_aggr,-8.0,ASH_COATED_OSMIUM,-8,16.0,16.0
267000,,,ASH_COATED_OSMIUM,XIRECS,9991.0,9,-1,10000.5,9991.0,10010.0,-0.3513513513513513,True,19.0,sell_aggr,-9.5,ASH_COATED_OSMIUM,-9,14.0,19.0
268800,,,ASH_COATED_OSMIUM,XIRECS,10006.0,6,-1,9998.0,9990.0,10006.0,0.0,True,16.0,buy_aggr,8.0,ASH_COATED_OSMIUM,6,24.0,16.0
269400,,,ASH_COATED_OSMIUM,XIRECS,9991.0,4,-1,9999.0,9991.0,10007.0,0.0,True,16.0,sell_aggr,-8.0,ASH_COATED_OSMIUM,-4,10.0,16.0
270400,,,ASH_COATED_OSMIUM,XIRECS,10008.0,2,-1,10000.0,9992.0,10008.0,0.0,True,16.0,buy_aggr,8.0,ASH_COATED_OSMIUM,2,22.0,16.0
271800,,,ASH_COATED_OSMIUM,XIRECS,10007.0,5,-1,9999.0,9991.0,10007.0,0.0,True,16.0,buy_aggr,8.0,ASH_COATED_OSMIUM,5,21.0,16.0
272800,,,ASH_COATED_OSMIUM,XIRECS,10005.0,6,-1,9997.0,9989.0,10005.0,0.0,True,16.0,buy_aggr,8.0,ASH_COATED_OSMIUM,6,8.0,16.0
280900,,,ASH_COATED_OSMIUM,XIRECS,9987.0,2,-1,9997.5,9987.0,10008.0,0.0,True,21.0,sell_aggr,-10.5,ASH_COATED_OSMIUM,-2,23.0,21.0
282500,,,ASH_COATED_OSMIUM,XIRECS,9988.0,4,-1,9996.0,9988.0,10004.0,0.0,True,16.0,sell_aggr,-8.0,ASH_COATED_OSMIUM,-4,20.0,16.0
282700,,,ASH_COATED_OSMIUM,XIRECS,10004.0,6,-1,9995.0,9986.0,10004.0,0.4,True,18.0,buy_aggr,9.0,ASH_COATED_OSMIUM,6,12.0,18.0
291400,,,ASH_COATED_OSMIUM,XIRECS,9989.0,3,-1,9997.0,9989.0,10005.0,0.0,True,16.0,sell_aggr,-8.0,ASH_COATED_OSMIUM,-3,18.0,16.0
297000,,,ASH_COATED_OSMIUM,XIRECS,10005.0,9,-1,9997.0,9989.0,10005.0,0.0,True,16.0,buy_aggr,8.0,ASH_COATED_OSMIUM,9,10.0,16.0
297300,,,ASH_COATED_OSMIUM,XIRECS,10005.0,3,-1,9997.0,9989.0,10005.0,0.0,True,16.0,buy_aggr,8.0,ASH_COATED_OSMIUM,3,6.0,16.0
299500,,,ASH_COATED_OSMIUM,XIRECS,9990.0,2,-1,9998.0,9990.0,10006.0,0.0,True,16.0,sell_aggr,-8.0,ASH_COATED_OSMIUM,-2,23.0,16.0
301600,,,ASH_COATED_OSMIUM,XIRECS,9992.0,9,-1,9999.5,9992.0,10007.0,0.0,True,15.0,sell_aggr,-7.5,ASH_COATED_OSMIUM,-9,20.0,15.0
306200,,,ASH_COATED_OSMIUM,XIRECS,9992.0,6,-1,10000.0,9992.0,10008.0,0.0,True,16.0,sell_aggr,-8.0,ASH_COATED_OSMIUM,-6,24.0,16.0
306500,,,ASH_COATED_OSMIUM,XIRECS,10009.0,5,-1,9999.5,9990.0,10009.0,0.4285714285714285,True,19.0,buy_aggr,9.5,ASH_COATED_OSMIUM,5,10.0,19.0
307600,,,ASH_COATED_OSMIUM,XIRECS,9995.0,5,-1,10003.0,9995.0,10011.0,0.0,True,16.0,sell_aggr,-8.0,ASH_COATED_OSMIUM,-5,20.0,16.0
310000,,,ASH_COATED_OSMIUM,XIRECS,10011.0,9,-1,10003.0,9995.0,10011.0,0.0,True,16.0,buy_aggr,8.0,ASH_COATED_OSMIUM,9,14.0,16.0
310900,,,ASH_COATED_OSMIUM,XIRECS,10012.0,6,-1,10003.0,9994.0,10012.0,0.4285714285714285,True,18.0,buy_aggr,9.0,ASH_COATED_OSMIUM,6,14.0,18.0
313100,,,ASH_COATED_OSMIUM,XIRECS,9996.0,2,-1,10004.0,9996.0,10012.0,0.0,True,16.0,sell_aggr,-8.0,ASH_COATED_OSMIUM,-2,16.0,16.0
313600,,,ASH_COATED_OSMIUM,XIRECS,10013.0,3,-1,10013.0,,10013.0,-1.0,False,,mid_trade,0.0,ASH_COATED_OSMIUM,0,,0.0
320900,,,ASH_COATED_OSMIUM,XIRECS,10014.0,6,-1,10006.0,9998.0,10014.0,0.0,True,16.0,buy_aggr,8.0,ASH_COATED_OSMIUM,6,11.0,16.0
323500,,,ASH_COATED_OSMIUM,XIRECS,9998.0,6,-1,10006.0,9998.0,10014.0,0.0,True,16.0,sell_aggr,-8.0,ASH_COATED_OSMIUM,-6,20.0,16.0
324600,,,ASH_COATED_OSMIUM,XIRECS,9997.0,2,-1,10006.0,9997.0,10015.0,0.3684210526315789,True,18.0,sell_aggr,-9.0,ASH_COATED_OSMIUM,-2,25.0,18.0
325000,,,ASH_COATED_OSMIUM,XIRECS,10015.0,5,-1,10007.0,9999.0,10015.0,0.0,True,16.0,buy_aggr,8.0,ASH_COATED_OSMIUM,5,14.0,16.0
329000,,,ASH_COATED_OSMIUM,XIRECS,10000.0,9,-1,10008.0,10000.0,10016.0,0.0,True,16.0,sell_aggr,-8.0,ASH_COATED_OSMIUM,-9,15.0,16.0
329800,,,ASH_COATED_OSMIUM,XIRECS,10016.0,4,-1,10008.0,10000.0,10016.0,0.0,True,16.0,buy_aggr,8.0,ASH_COATED_OSMIUM,4,19.0,16.0
330600,,,ASH_COATED_OSMIUM,XIRECS,9998.0,2,-1,9998.0,9998.0,,1.0,False,,mid_trade,0.0,ASH_COATED_OSMIUM,0,,0.0
331800,,,ASH_COATED_OSMIUM,XIRECS,10017.0,8,-1,10009.0,10001.0,10017.0,0.0,True,16.0,buy_aggr,8.0,ASH_COATED_OSMIUM,8,20.0,16.0
332800,,,ASH_COATED_OSMIUM,XIRECS,10016.0,5,-1,10008.0,10000.0,10016.0,0.0,True,16.0,buy_aggr,8.0,ASH_COATED_OSMIUM,5,25.0,16.0
335800,,,ASH_COATED_OSMIUM,XIRECS,10000.0,6,-1,10008.0,10000.0,10016.0,0.0,True,16.0,sell_aggr,-8.0,ASH_COATED_OSMIUM,-6,14.0,16.0
336000,,,ASH_COATED_OSMIUM,XIRECS,9997.0,6,-1,10006.5,9997.0,10016.0,0.3684210526315789,True,19.0,sell_aggr,-9.5,ASH_COATED_OSMIUM,-6,18.0,19.0
336400,,,ASH_COATED_OSMIUM,XIRECS,10015.0,9,-1,10007.0,9999.0,10015.0,0.0,True,16.0,buy_aggr,8.0,ASH_COATED_OSMIUM,9,18.0,16.0
336800,,,ASH_COATED_OSMIUM,XIRECS,9999.0,4,-1,10007.0,9999.0,10015.0,0.0,True,16.0,sell_aggr,-8.0,ASH_COATED_OSMIUM,-4,14.0,16.0
337200,,,ASH_COATED_OSMIUM,XIRECS,10000.0,6,-1,10008.0,10000.0,10016.0,0.0,True,16.0,sell_aggr,-8.0,ASH_COATED_OSMIUM,-6,12.0,16.0
337300,,,ASH_COATED_OSMIUM,XIRECS,9999.0,7,-1,10007.0,9999.0,10015.0,0.0,True,16.0,sell_aggr,-8.0,ASH_COATED_OSMIUM,-7,12.0,16.0
340700,,,ASH_COATED_OSMIUM,XIRECS,10015.0,2,-1,10007.0,9999.0,10015.0,0.0,True,16.0,buy_aggr,8.0,ASH_COATED_OSMIUM,2,14.0,16.0
341200,,,ASH_COATED_OSMIUM,XIRECS,9998.0,2,-1,10007.5,9998.0,10017.0,-0.3684210526315789,True,19.0,sell_aggr,-9.5,ASH_COATED_OSMIUM,-2,18.0,19.0
342400,,,ASH_COATED_OSMIUM,XIRECS,9996.0,5,-1,10005.0,9996.0,10014.0,0.3809523809523809,True,18.0,sell_aggr,-9.0,ASH_COATED_OSMIUM,-5,20.0,18.0
344200,,,ASH_COATED_OSMIUM,XIRECS,10001.0,4,-1,10009.0,10001.0,10017.0,0.0,True,16.0,sell_aggr,-8.0,ASH_COATED_OSMIUM,-4,10.0,16.0
345800,,,ASH_COATED_OSMIUM,XIRECS,9999.0,3,-1,10007.0,9999.0,10015.0,0.0,True,16.0,sell_aggr,-8.0,ASH_COATED_OSMIUM,-3,2.0,16.0
346200,,,ASH_COATED_OSMIUM,XIRECS,9999.0,4,-1,10007.0,9999.0,10015.0,0.0,True,16.0,sell_aggr,-8.0,ASH_COATED_OSMIUM,-4,3.0,16.0
349400,,,ASH_COATED_OSMIUM,XIRECS,10004.0,4,-1,9999.5,9995.0,10004.0,0.3333333333333333,True,9.0,buy_aggr,4.5,ASH_COATED_OSMIUM,4,10.0,9.0
350400,,,ASH_COATED_OSMIUM,XIRECS,10013.0,5,-1,10003.5,9994.0,10013.0,-0.4,True,19.0,buy_aggr,9.5,ASH_COATED_OSMIUM,5,28.0,19.0
351800,,,ASH_COATED_OSMIUM,XIRECS,10010.0,5,-1,10001.0,9992.0,10010.0,0.4285714285714285,True,18.0,buy_aggr,9.0,ASH_COATED_OSMIUM,5,20.0,18.0
353000,,,ASH_COATED_OSMIUM,XIRECS,9991.0,5,-1,10000.0,9991.0,10009.0,0.3636363636363636,True,18.0,sell_aggr,-9.0,ASH_COATED_OSMIUM,-5,10.0,18.0
356700,,,ASH_COATED_OSMIUM,XIRECS,10007.0,9,-1,9998.0,9989.0,10007.0,0.3333333333333333,True,18.0,buy_aggr,9.0,ASH_COATED_OSMIUM,9,12.0,18.0
357500,,,ASH_COATED_OSMIUM,XIRECS,9991.0,3,-1,9999.0,9991.0,10007.0,0.0,True,16.0,sell_aggr,-8.0,ASH_COATED_OSMIUM,-3,22.0,16.0
358400,,,ASH_COATED_OSMIUM,XIRECS,10007.0,3,-1,9999.0,9991.0,10007.0,0.0,True,16.0,buy_aggr,8.0,ASH_COATED_OSMIUM,3,11.0,16.0
359300,,,ASH_COATED_OSMIUM,XIRECS,9992.0,4,-1,10000.0,9992.0,10008.0,0.0,True,16.0,sell_aggr,-8.0,ASH_COATED_OSMIUM,-4,18.0,16.0
361400,,,ASH_COATED_OSMIUM,XIRECS,9993.0,6,-1,10001.0,9993.0,10009.0,0.0,True,16.0,sell_aggr,-8.0,ASH_COATED_OSMIUM,-6,16.0,16.0
363200,,,ASH_COATED_OSMIUM,XIRECS,10011.0,2,-1,10007.5,10004.0,10011.0,-0.3043478260869565,True,7.0,buy_aggr,3.5,ASH_COATED_OSMIUM,2,20.0,7.0
365300,,,ASH_COATED_OSMIUM,XIRECS,9992.0,3,-1,10000.0,9992.0,10008.0,0.0,True,16.0,sell_aggr,-8.0,ASH_COATED_OSMIUM,-3,5.0,16.0
375300,,,ASH_COATED_OSMIUM,XIRECS,9993.0,4,-1,10002.5,9993.0,10012.0,-0.4,True,19.0,sell_aggr,-9.5,ASH_COATED_OSMIUM,-4,21.0,19.0
375400,,,ASH_COATED_OSMIUM,XIRECS,10009.0,3,-1,10001.0,9993.0,10009.0,0.0,True,16.0,buy_aggr,8.0,ASH_COATED_OSMIUM,3,8.0,16.0
377400,,,ASH_COATED_OSMIUM,XIRECS,9992.0,4,-1,10001.5,9992.0,10011.0,-0.3939393939393939,True,19.0,sell_aggr,-9.5,ASH_COATED_OSMIUM,-4,18.0,19.0
380900,,,ASH_COATED_OSMIUM,XIRECS,9996.0,8,-1,10004.0,9996.0,10012.0,0.0,True,16.0,sell_aggr,-8.0,ASH_COATED_OSMIUM,-8,14.0,16.0
381000,,,ASH_COATED_OSMIUM,XIRECS,10012.0,2,-1,10004.0,9996.0,10012.0,0.0,True,16.0,buy_aggr,8.0,ASH_COATED_OSMIUM,2,18.0,16.0
383000,,,ASH_COATED_OSMIUM,XIRECS,10010.0,6,-1,10002.0,9994.0,10010.0,0.0,True,16.0,buy_aggr,8.0,ASH_COATED_OSMIUM,6,14.0,16.0
384000,,,ASH_COATED_OSMIUM,XIRECS,9990.0,4,-1,9990.0,9990.0,,1.0,False,,mid_trade,0.0,ASH_COATED_OSMIUM,0,,0.0
389800,,,ASH_COATED_OSMIUM,XIRECS,10011.0,10,-1,10003.0,9995.0,10011.0,0.0,True,16.0,buy_aggr,8.0,ASH_COATED_OSMIUM,10,11.0,16.0
389900,,,ASH_COATED_OSMIUM,XIRECS,9996.0,7,-1,10004.0,9996.0,10012.0,0.0,True,16.0,sell_aggr,-8.0,ASH_COATED_OSMIUM,-7,25.0,16.0
390400,,,ASH_COATED_OSMIUM,XIRECS,9995.0,9,-1,10003.0,9995.0,10011.0,0.0,True,16.0,sell_aggr,-8.0,ASH_COATED_OSMIUM,-9,24.0,16.0
391100,,,ASH_COATED_OSMIUM,XIRECS,9995.0,4,-1,10003.0,9995.0,10011.0,0.0,True,16.0,sell_aggr,-8.0,ASH_COATED_OSMIUM,-4,25.0,16.0
392300,,,ASH_COATED_OSMIUM,XIRECS,10012.0,5,-1,10002.5,9993.0,10012.0,0.4594594594594595,True,19.0,buy_aggr,9.5,ASH_COATED_OSMIUM,5,12.0,19.0
401700,,,ASH_COATED_OSMIUM,XIRECS,10014.0,9,-1,10006.0,9998.0,10014.0,0.0,True,16.0,buy_aggr,8.0,ASH_COATED_OSMIUM,9,24.0,16.0
402400,,,ASH_COATED_OSMIUM,XIRECS,9995.0,5,-1,10005.5,9995.0,10016.0,0.0,True,21.0,sell_aggr,-10.5,ASH_COATED_OSMIUM,-5,12.0,21.0
405200,,,ASH_COATED_OSMIUM,XIRECS,9996.0,2,-1,10004.0,9996.0,10012.0,0.0,True,16.0,sell_aggr,-8.0,ASH_COATED_OSMIUM,-2,12.0,16.0
407400,,,ASH_COATED_OSMIUM,XIRECS,10009.0,8,-1,10001.0,9993.0,10009.0,0.0,True,16.0,buy_aggr,8.0,ASH_COATED_OSMIUM,8,17.0,16.0
412600,,,ASH_COATED_OSMIUM,XIRECS,9993.0,4,-1,10001.0,9993.0,10009.0,0.0,True,16.0,sell_aggr,-8.0,ASH_COATED_OSMIUM,-4,16.0,16.0
414000,,,ASH_COATED_OSMIUM,XIRECS,10011.0,6,-1,10004.5,9998.0,10011.0,-0.6153846153846154,True,13.0,buy_aggr,6.5,ASH_COATED_OSMIUM,6,21.0,13.0
415800,,,ASH_COATED_OSMIUM,XIRECS,9992.0,6,-1,9992.0,9992.0,,1.0,False,,mid_trade,0.0,ASH_COATED_OSMIUM,0,,0.0
416100,,,ASH_COATED_OSMIUM,XIRECS,9995.0,2,-1,10003.0,9995.0,10011.0,0.0,True,16.0,sell_aggr,-8.0,ASH_COATED_OSMIUM,-2,8.0,16.0
424700,,,ASH_COATED_OSMIUM,XIRECS,9994.0,6,-1,10002.0,9994.0,10010.0,0.0,True,16.0,sell_aggr,-8.0,ASH_COATED_OSMIUM,-6,18.0,16.0
425200,,,ASH_COATED_OSMIUM,XIRECS,10009.0,6,-1,10001.0,9993.0,10009.0,0.0,True,16.0,buy_aggr,8.0,ASH_COATED_OSMIUM,6,8.0,16.0
425800,,,ASH_COATED_OSMIUM,XIRECS,9993.0,7,-1,10001.0,9993.0,10009.0,0.0,True,16.0,sell_aggr,-8.0,ASH_COATED_OSMIUM,-7,26.0,16.0
430100,,,ASH_COATED_OSMIUM,XIRECS,10013.0,4,-1,10005.0,9997.0,10013.0,0.0,True,16.0,buy_aggr,8.0,ASH_COATED_OSMIUM,4,14.0,16.0
432800,,,ASH_COATED_OSMIUM,XIRECS,9994.0,6,-1,10003.0,9994.0,10012.0,0.4444444444444444,True,18.0,sell_aggr,-9.0,ASH_COATED_OSMIUM,-6,24.0,18.0
433700,,,ASH_COATED_OSMIUM,XIRECS,9996.0,6,-1,10004.0,9996.0,10012.0,0.0,True,16.0,sell_aggr,-8.0,ASH_COATED_OSMIUM,-6,20.0,16.0
435400,,,ASH_COATED_OSMIUM,XIRECS,9997.0,3,-1,10005.0,9997.0,10013.0,0.0,True,16.0,sell_aggr,-8.0,ASH_COATED_OSMIUM,-3,20.0,16.0
439100,,,ASH_COATED_OSMIUM,XIRECS,10017.0,5,-1,10008.0,9999.0,10017.0,-0.2432432432432432,True,18.0,buy_aggr,9.0,ASH_COATED_OSMIUM,5,24.0,18.0
439800,,,ASH_COATED_OSMIUM,XIRECS,10016.0,7,-1,10008.0,10000.0,10016.0,0.0,True,16.0,buy_aggr,8.0,ASH_COATED_OSMIUM,7,9.0,16.0
440300,,,ASH_COATED_OSMIUM,XIRECS,10015.0,3,-1,10007.0,9999.0,10015.0,0.0,True,16.0,buy_aggr,8.0,ASH_COATED_OSMIUM,3,20.0,16.0
440700,,,ASH_COATED_OSMIUM,XIRECS,9999.0,2,-1,10008.5,9999.0,10018.0,-0.3658536585365853,True,19.0,sell_aggr,-9.5,ASH_COATED_OSMIUM,-2,9.0,19.0
442100,,,ASH_COATED_OSMIUM,XIRECS,10007.0,4,-1,10002.0,9997.0,10007.0,0.4666666666666667,True,10.0,buy_aggr,5.0,ASH_COATED_OSMIUM,4,4.0,10.0
442700,,,ASH_COATED_OSMIUM,XIRECS,10013.0,6,-1,10003.5,9994.0,10013.0,0.4358974358974359,True,19.0,buy_aggr,9.5,ASH_COATED_OSMIUM,6,14.0,19.0
443000,,,ASH_COATED_OSMIUM,XIRECS,10013.0,4,-1,10004.0,9995.0,10013.0,0.3953488372093023,True,18.0,buy_aggr,9.0,ASH_COATED_OSMIUM,4,27.0,18.0
444200,,,ASH_COATED_OSMIUM,XIRECS,10013.0,10,-1,10005.0,9997.0,10013.0,0.0,True,16.0,buy_aggr,8.0,ASH_COATED_OSMIUM,10,15.0,16.0
445000,,,ASH_COATED_OSMIUM,XIRECS,10016.0,8,-1,10007.0,9998.0,10016.0,-0.4358974358974359,True,18.0,buy_aggr,9.0,ASH_COATED_OSMIUM,8,23.0,18.0
449100,,,ASH_COATED_OSMIUM,XIRECS,9997.0,8,-1,10005.0,9997.0,10013.0,0.0,True,16.0,sell_aggr,-8.0,ASH_COATED_OSMIUM,-8,14.0,16.0
450800,,,ASH_COATED_OSMIUM,XIRECS,10003.0,3,-1,10009.5,10003.0,10016.0,-0.8125,True,13.0,sell_aggr,-6.5,ASH_COATED_OSMIUM,-3,-2.0,13.0
451800,,,ASH_COATED_OSMIUM,XIRECS,9996.0,5,-1,10004.0,9996.0,10012.0,0.0,True,16.0,sell_aggr,-8.0,ASH_COATED_OSMIUM,-5,14.0,16.0
452300,,,ASH_COATED_OSMIUM,XIRECS,10012.0,7,-1,10004.0,9996.0,10012.0,0.0,True,16.0,buy_aggr,8.0,ASH_COATED_OSMIUM,7,15.0,16.0
453400,,,ASH_COATED_OSMIUM,XIRECS,9996.0,6,-1,10004.0,9996.0,10012.0,0.0,True,16.0,sell_aggr,-8.0,ASH_COATED_OSMIUM,-6,11.0,16.0
456000,,,ASH_COATED_OSMIUM,XIRECS,10010.0,4,-1,10002.0,9994.0,10010.0,0.0,True,16.0,buy_aggr,8.0,ASH_COATED_OSMIUM,4,12.0,16.0
458400,,,ASH_COATED_OSMIUM,XIRECS,10012.0,6,-1,10001.5,9991.0,10012.0,0.0,True,21.0,buy_aggr,10.5,ASH_COATED_OSMIUM,6,13.0,21.0
463900,,,ASH_COATED_OSMIUM,XIRECS,10012.0,6,-1,10004.0,9996.0,10012.0,0.0,True,16.0,buy_aggr,8.0,ASH_COATED_OSMIUM,6,20.0,16.0
465500,,,ASH_COATED_OSMIUM,XIRECS,10009.0,6,-1,10001.0,9993.0,10009.0,0.0,True,16.0,buy_aggr,8.0,ASH_COATED_OSMIUM,6,14.0,16.0
467800,,,ASH_COATED_OSMIUM,XIRECS,10009.0,5,-1,10005.5,10002.0,10009.0,-0.2941176470588235,True,7.0,buy_aggr,3.5,ASH_COATED_OSMIUM,5,16.0,7.0
468100,,,ASH_COATED_OSMIUM,XIRECS,9991.0,8,-1,10001.5,9991.0,10012.0,0.0,True,21.0,sell_aggr,-10.5,ASH_COATED_OSMIUM,-8,18.0,21.0
471900,,,ASH_COATED_OSMIUM,XIRECS,10009.0,6,-1,10001.0,9993.0,10009.0,0.0,True,16.0,buy_aggr,8.0,ASH_COATED_OSMIUM,6,12.0,16.0
472200,,,ASH_COATED_OSMIUM,XIRECS,9993.0,3,-1,10001.0,9993.0,10009.0,0.0,True,16.0,sell_aggr,-8.0,ASH_COATED_OSMIUM,-3,21.0,16.0
476400,,,ASH_COATED_OSMIUM,XIRECS,10009.0,5,-1,10001.0,9993.0,10009.0,0.0,True,16.0,buy_aggr,8.0,ASH_COATED_OSMIUM,5,13.0,16.0
477200,,,ASH_COATED_OSMIUM,XIRECS,9994.0,6,-1,10003.5,9994.0,10013.0,-0.45,True,19.0,sell_aggr,-9.5,ASH_COATED_OSMIUM,-6,17.0,19.0
478500,,,ASH_COATED_OSMIUM,XIRECS,9991.0,3,-1,9999.0,9991.0,10007.0,0.0,True,16.0,sell_aggr,-8.0,ASH_COATED_OSMIUM,-3,10.0,16.0
478600,,,ASH_COATED_OSMIUM,XIRECS,9991.0,6,-1,9999.0,9991.0,10007.0,0.0,True,16.0,sell_aggr,-8.0,ASH_COATED_OSMIUM,-6,21.0,16.0
479600,,,ASH_COATED_OSMIUM,XIRECS,9992.0,2,-1,10001.5,9992.0,10011.0,-0.5,True,19.0,sell_aggr,-9.5,ASH_COATED_OSMIUM,-2,16.0,19.0
482600,,,ASH_COATED_OSMIUM,XIRECS,9994.0,5,-1,10002.0,9994.0,10010.0,0.0,True,16.0,sell_aggr,-8.0,ASH_COATED_OSMIUM,-5,16.0,16.0
482700,,,ASH_COATED_OSMIUM,XIRECS,9994.0,5,-1,10003.0,9994.0,10012.0,-0.4054054054054054,True,18.0,sell_aggr,-9.0,ASH_COATED_OSMIUM,-5,16.0,18.0
487200,,,ASH_COATED_OSMIUM,XIRECS,10012.0,3,-1,10001.5,9991.0,10012.0,0.0,True,21.0,buy_aggr,10.5,ASH_COATED_OSMIUM,3,18.0,21.0
487500,,,ASH_COATED_OSMIUM,XIRECS,9993.0,4,-1,10001.0,9993.0,10009.0,0.0,True,16.0,sell_aggr,-8.0,ASH_COATED_OSMIUM,-4,22.0,16.0
487700,,,ASH_COATED_OSMIUM,XIRECS,9994.0,5,-1,10002.0,9994.0,10010.0,0.0,True,16.0,sell_aggr,-8.0,ASH_COATED_OSMIUM,-5,20.0,16.0
489700,,,ASH_COATED_OSMIUM,XIRECS,10011.0,7,-1,10003.0,9995.0,10011.0,0.0,True,16.0,buy_aggr,8.0,ASH_COATED_OSMIUM,7,6.0,16.0
494300,,,ASH_COATED_OSMIUM,XIRECS,10013.0,3,-1,10005.0,9997.0,10013.0,0.0,True,16.0,buy_aggr,8.0,ASH_COATED_OSMIUM,3,20.0,16.0
498900,,,ASH_COATED_OSMIUM,XIRECS,9992.0,8,-1,10001.5,9992.0,10011.0,0.4210526315789473,True,19.0,sell_aggr,-9.5,ASH_COATED_OSMIUM,-8,22.0,19.0
500000,,,ASH_COATED_OSMIUM,XIRECS,9995.0,4,-1,10003.0,9995.0,10011.0,0.0,True,16.0,sell_aggr,-8.0,ASH_COATED_OSMIUM,-4,7.0,16.0
502100,,,ASH_COATED_OSMIUM,XIRECS,9995.0,4,-1,10003.0,9995.0,10011.0,0.0,True,16.0,sell_aggr,-8.0,ASH_COATED_OSMIUM,-4,12.0,16.0
502700,,,ASH_COATED_OSMIUM,XIRECS,10010.0,2,-1,10001.0,9992.0,10010.0,0.4285714285714285,True,18.0,buy_aggr,9.0,ASH_COATED_OSMIUM,2,16.0,18.0
503100,,,ASH_COATED_OSMIUM,XIRECS,10000.0,3,-1,9997.0,9994.0,10000.0,0.4444444444444444,True,6.0,buy_aggr,3.0,ASH_COATED_OSMIUM,3,-6.0,6.0
511000,,,ASH_COATED_OSMIUM,XIRECS,9995.0,4,-1,10003.0,9995.0,10011.0,0.0,True,16.0,sell_aggr,-8.0,ASH_COATED_OSMIUM,-4,20.0,16.0
511700,,,ASH_COATED_OSMIUM,XIRECS,10011.0,6,-1,10003.0,9995.0,10011.0,0.0,True,16.0,buy_aggr,8.0,ASH_COATED_OSMIUM,6,14.0,16.0
512500,,,ASH_COATED_OSMIUM,XIRECS,10012.0,4,-1,10012.0,,10012.0,-1.0,False,,mid_trade,0.0,ASH_COATED_OSMIUM,0,,0.0
512800,,,ASH_COATED_OSMIUM,XIRECS,9996.0,7,-1,10004.0,9996.0,10012.0,0.0,True,16.0,sell_aggr,-8.0,ASH_COATED_OSMIUM,-7,16.0,16.0
514300,,,ASH_COATED_OSMIUM,XIRECS,9996.0,5,-1,10004.0,9996.0,10012.0,0.0,True,16.0,sell_aggr,-8.0,ASH_COATED_OSMIUM,-5,19.0,16.0
516100,,,ASH_COATED_OSMIUM,XIRECS,10013.0,5,-1,10005.0,9997.0,10013.0,0.0,True,16.0,buy_aggr,8.0,ASH_COATED_OSMIUM,5,18.0,16.0
517200,,,ASH_COATED_OSMIUM,XIRECS,10012.0,5,-1,10004.0,9996.0,10012.0,0.0,True,16.0,buy_aggr,8.0,ASH_COATED_OSMIUM,5,18.0,16.0
521800,,,ASH_COATED_OSMIUM,XIRECS,9995.0,4,-1,10003.0,9995.0,10011.0,0.0,True,16.0,sell_aggr,-8.0,ASH_COATED_OSMIUM,-4,13.0,16.0
522500,,,ASH_COATED_OSMIUM,XIRECS,10011.0,5,-1,10003.0,9995.0,10011.0,0.0,True,16.0,buy_aggr,8.0,ASH_COATED_OSMIUM,5,16.0,16.0
525700,,,ASH_COATED_OSMIUM,XIRECS,9994.0,4,-1,10003.5,9994.0,10013.0,-0.3548387096774194,True,19.0,sell_aggr,-9.5,ASH_COATED_OSMIUM,-4,18.0,19.0
532300,,,ASH_COATED_OSMIUM,XIRECS,9994.0,3,-1,10003.5,9994.0,10013.0,-0.2727272727272727,True,19.0,sell_aggr,-9.5,ASH_COATED_OSMIUM,-3,12.0,19.0
536100,,,ASH_COATED_OSMIUM,XIRECS,9994.0,6,-1,10002.0,9994.0,10010.0,0.0,True,16.0,sell_aggr,-8.0,ASH_COATED_OSMIUM,-6,11.0,16.0
537200,,,ASH_COATED_OSMIUM,XIRECS,10012.0,3,-1,10002.5,9993.0,10012.0,-0.2682926829268293,True,19.0,buy_aggr,9.5,ASH_COATED_OSMIUM,3,26.0,19.0
540100,,,ASH_COATED_OSMIUM,XIRECS,10007.0,2,-1,9999.0,9991.0,10007.0,0.0,True,16.0,buy_aggr,8.0,ASH_COATED_OSMIUM,2,16.0,16.0
547300,,,ASH_COATED_OSMIUM,XIRECS,9987.0,9,-1,9996.0,9987.0,10005.0,0.2105263157894736,True,18.0,sell_aggr,-9.0,ASH_COATED_OSMIUM,-9,24.0,18.0
552900,,,ASH_COATED_OSMIUM,XIRECS,9990.0,10,-1,9998.0,9990.0,10006.0,0.0,True,16.0,sell_aggr,-8.0,ASH_COATED_OSMIUM,-10,15.0,16.0
554400,,,ASH_COATED_OSMIUM,XIRECS,9990.0,10,-1,9999.0,9990.0,10008.0,0.35,True,18.0,sell_aggr,-9.0,ASH_COATED_OSMIUM,-10,11.0,18.0
556700,,,ASH_COATED_OSMIUM,XIRECS,9991.0,2,-1,9999.0,9991.0,10007.0,0.0,True,16.0,sell_aggr,-8.0,ASH_COATED_OSMIUM,-2,15.0,16.0
557700,,,ASH_COATED_OSMIUM,XIRECS,9990.0,8,-1,9998.0,9990.0,10006.0,0.0,True,16.0,sell_aggr,-8.0,ASH_COATED_OSMIUM,-8,12.0,16.0
560300,,,ASH_COATED_OSMIUM,XIRECS,10004.0,6,-1,9995.0,9986.0,10004.0,0.3333333333333333,True,18.0,buy_aggr,9.0,ASH_COATED_OSMIUM,6,16.0,18.0
566600,,,ASH_COATED_OSMIUM,XIRECS,10004.0,7,-1,9996.0,9988.0,10004.0,0.0,True,16.0,buy_aggr,8.0,ASH_COATED_OSMIUM,7,11.0,16.0
567300,,,ASH_COATED_OSMIUM,XIRECS,9988.0,10,-1,9997.0,9988.0,10006.0,-0.3,True,18.0,sell_aggr,-9.0,ASH_COATED_OSMIUM,-10,22.0,18.0
573200,,,ASH_COATED_OSMIUM,XIRECS,10001.0,2,-1,10001.0,,10001.0,-1.0,False,,mid_trade,0.0,ASH_COATED_OSMIUM,0,,0.0
574100,,,ASH_COATED_OSMIUM,XIRECS,10008.0,5,-1,10000.0,9992.0,10008.0,0.0,True,16.0,buy_aggr,8.0,ASH_COATED_OSMIUM,5,16.0,16.0
574200,,,ASH_COATED_OSMIUM,XIRECS,9993.0,2,-1,10001.0,9993.0,10009.0,0.0,True,16.0,sell_aggr,-8.0,ASH_COATED_OSMIUM,-2,14.0,16.0
574500,,,ASH_COATED_OSMIUM,XIRECS,9992.0,3,-1,10000.0,9992.0,10008.0,0.0,True,16.0,sell_aggr,-8.0,ASH_COATED_OSMIUM,-3,12.0,16.0
581500,,,ASH_COATED_OSMIUM,XIRECS,10007.0,2,-1,9999.0,9991.0,10007.0,0.0,True,16.0,buy_aggr,8.0,ASH_COATED_OSMIUM,2,14.0,16.0
583900,,,ASH_COATED_OSMIUM,XIRECS,10008.0,7,-1,9998.5,9989.0,10008.0,0.3,True,19.0,buy_aggr,9.5,ASH_COATED_OSMIUM,7,14.0,19.0
584000,,,ASH_COATED_OSMIUM,XIRECS,10007.0,8,-1,9998.0,9989.0,10007.0,0.4285714285714285,True,18.0,buy_aggr,9.0,ASH_COATED_OSMIUM,8,24.0,18.0
590300,,,ASH_COATED_OSMIUM,XIRECS,10002.0,3,-1,9997.5,9993.0,10002.0,0.6470588235294118,True,9.0,buy_aggr,4.5,ASH_COATED_OSMIUM,3,6.0,9.0
595000,,,ASH_COATED_OSMIUM,XIRECS,10005.0,2,-1,9997.0,9989.0,10005.0,0.0,True,16.0,buy_aggr,8.0,ASH_COATED_OSMIUM,2,10.0,16.0
600600,,,ASH_COATED_OSMIUM,XIRECS,9992.0,6,-1,10000.0,9992.0,10008.0,0.0,True,16.0,sell_aggr,-8.0,ASH_COATED_OSMIUM,-6,16.0,16.0
603100,,,ASH_COATED_OSMIUM,XIRECS,9991.0,3,-1,9999.0,9991.0,10007.0,0.0,True,16.0,sell_aggr,-8.0,ASH_COATED_OSMIUM,-3,20.0,16.0
607400,,,ASH_COATED_OSMIUM,XIRECS,9992.0,3,-1,10000.0,9992.0,10008.0,0.0,True,16.0,sell_aggr,-8.0,ASH_COATED_OSMIUM,-3,28.0,16.0
607800,,,ASH_COATED_OSMIUM,XIRECS,10008.0,5,-1,9998.5,9989.0,10008.0,0.3125,True,19.0,buy_aggr,9.5,ASH_COATED_OSMIUM,5,4.0,19.0
611600,,,ASH_COATED_OSMIUM,XIRECS,9994.0,6,-1,10003.0,9994.0,10012.0,0.2777777777777778,True,18.0,sell_aggr,-9.0,ASH_COATED_OSMIUM,-6,18.0,18.0
611900,,,ASH_COATED_OSMIUM,XIRECS,9997.0,5,-1,10006.5,9997.0,10016.0,-0.5,True,19.0,sell_aggr,-9.5,ASH_COATED_OSMIUM,-5,10.0,19.0
612000,,,ASH_COATED_OSMIUM,XIRECS,10007.0,2,-1,10002.5,9998.0,10007.0,0.7142857142857143,True,9.0,buy_aggr,4.5,ASH_COATED_OSMIUM,2,10.0,9.0
615600,,,ASH_COATED_OSMIUM,XIRECS,10011.0,5,-1,10003.0,9995.0,10011.0,0.0,True,16.0,buy_aggr,8.0,ASH_COATED_OSMIUM,5,18.0,16.0
620700,,,ASH_COATED_OSMIUM,XIRECS,10010.0,8,-1,10002.0,9994.0,10010.0,0.0,True,16.0,buy_aggr,8.0,ASH_COATED_OSMIUM,8,14.0,16.0
622900,,,ASH_COATED_OSMIUM,XIRECS,10012.0,4,-1,10002.5,9993.0,10012.0,0.4146341463414634,True,19.0,buy_aggr,9.5,ASH_COATED_OSMIUM,4,23.0,19.0
624500,,,ASH_COATED_OSMIUM,XIRECS,9996.0,6,-1,10004.0,9996.0,10012.0,0.0,True,16.0,sell_aggr,-8.0,ASH_COATED_OSMIUM,-6,10.0,16.0
628900,,,ASH_COATED_OSMIUM,XIRECS,10013.0,6,-1,10003.5,9994.0,10013.0,-0.2307692307692307,True,19.0,buy_aggr,9.5,ASH_COATED_OSMIUM,6,25.0,19.0
632300,,,ASH_COATED_OSMIUM,XIRECS,10009.0,5,-1,9999.5,9990.0,10009.0,0.2682926829268293,True,19.0,buy_aggr,9.5,ASH_COATED_OSMIUM,5,10.0,19.0
634200,,,ASH_COATED_OSMIUM,XIRECS,9994.0,2,-1,10003.0,9994.0,10012.0,-0.35,True,18.0,sell_aggr,-9.0,ASH_COATED_OSMIUM,-2,4.0,18.0
639100,,,ASH_COATED_OSMIUM,XIRECS,10014.0,8,-1,10004.5,9995.0,10014.0,-0.2972972972972973,True,19.0,buy_aggr,9.5,ASH_COATED_OSMIUM,8,18.0,19.0
640600,,,ASH_COATED_OSMIUM,XIRECS,10002.0,3,-1,10007.5,10002.0,10013.0,-0.6470588235294118,True,11.0,sell_aggr,-5.5,ASH_COATED_OSMIUM,-3,4.0,11.0
642000,,,ASH_COATED_OSMIUM,XIRECS,10016.0,5,-1,10007.0,9998.0,10016.0,-0.4444444444444444,True,18.0,buy_aggr,9.0,ASH_COATED_OSMIUM,5,20.0,18.0
642900,,,ASH_COATED_OSMIUM,XIRECS,10012.0,6,-1,10012.0,,10012.0,-1.0,False,,mid_trade,0.0,ASH_COATED_OSMIUM,0,,0.0
644300,,,ASH_COATED_OSMIUM,XIRECS,10012.0,6,-1,10003.0,9994.0,10012.0,0.2,True,18.0,buy_aggr,9.0,ASH_COATED_OSMIUM,6,10.0,18.0
645600,,,ASH_COATED_OSMIUM,XIRECS,9996.0,2,-1,10004.0,9996.0,10012.0,0.0,True,16.0,sell_aggr,-8.0,ASH_COATED_OSMIUM,-2,25.0,16.0
645700,,,ASH_COATED_OSMIUM,XIRECS,10012.0,8,-1,10004.0,9996.0,10012.0,0.0,True,16.0,buy_aggr,8.0,ASH_COATED_OSMIUM,8,10.0,16.0
647500,,,ASH_COATED_OSMIUM,XIRECS,10015.0,5,-1,10007.0,9999.0,10015.0,0.0,True,16.0,buy_aggr,8.0,ASH_COATED_OSMIUM,5,11.0,16.0
650600,,,ASH_COATED_OSMIUM,XIRECS,9999.0,4,-1,10008.5,9999.0,10018.0,-0.3513513513513513,True,19.0,sell_aggr,-9.5,ASH_COATED_OSMIUM,-4,12.0,19.0
653900,,,ASH_COATED_OSMIUM,XIRECS,10000.0,6,-1,10008.0,10000.0,10016.0,0.0,True,16.0,sell_aggr,-8.0,ASH_COATED_OSMIUM,-6,18.0,16.0
654800,,,ASH_COATED_OSMIUM,XIRECS,9998.0,6,-1,10006.0,9998.0,10014.0,0.0,True,16.0,sell_aggr,-8.0,ASH_COATED_OSMIUM,-6,22.0,16.0
656100,,,ASH_COATED_OSMIUM,XIRECS,9998.0,3,-1,10006.0,9998.0,10014.0,0.0,True,16.0,sell_aggr,-8.0,ASH_COATED_OSMIUM,-3,25.0,16.0
656900,,,ASH_COATED_OSMIUM,XIRECS,10000.0,10,-1,10009.0,10000.0,10018.0,-0.4054054054054054,True,18.0,sell_aggr,-9.0,ASH_COATED_OSMIUM,-10,16.0,18.0
658200,,,ASH_COATED_OSMIUM,XIRECS,10000.0,3,-1,10008.0,10000.0,10016.0,0.0,True,16.0,sell_aggr,-8.0,ASH_COATED_OSMIUM,-3,16.0,16.0
658400,,,ASH_COATED_OSMIUM,XIRECS,10016.0,9,-1,10008.0,10000.0,10016.0,0.0,True,16.0,buy_aggr,8.0,ASH_COATED_OSMIUM,9,18.0,16.0
658500,,,ASH_COATED_OSMIUM,XIRECS,10019.0,2,-1,10008.5,9998.0,10019.0,0.0,True,21.0,buy_aggr,10.5,ASH_COATED_OSMIUM,2,24.0,21.0
660400,,,ASH_COATED_OSMIUM,XIRECS,10017.0,4,-1,10008.0,9999.0,10017.0,0.2307692307692307,True,18.0,buy_aggr,9.0,ASH_COATED_OSMIUM,4,16.0,18.0
666600,,,ASH_COATED_OSMIUM,XIRECS,10001.0,4,-1,10010.5,10001.0,10020.0,-0.3684210526315789,True,19.0,sell_aggr,-9.5,ASH_COATED_OSMIUM,-4,20.0,19.0
667000,,,ASH_COATED_OSMIUM,XIRECS,10002.0,5,-1,10007.0,10002.0,10012.0,0.4444444444444444,True,10.0,sell_aggr,-5.0,ASH_COATED_OSMIUM,-5,21.0,10.0
668200,,,ASH_COATED_OSMIUM,XIRECS,10018.0,2,-1,10010.0,10002.0,10018.0,0.0,True,16.0,buy_aggr,8.0,ASH_COATED_OSMIUM,2,16.0,16.0
673600,,,ASH_COATED_OSMIUM,XIRECS,10001.0,10,-1,10009.0,10001.0,10017.0,0.0,True,16.0,sell_aggr,-8.0,ASH_COATED_OSMIUM,-10,14.0,16.0
677000,,,ASH_COATED_OSMIUM,XIRECS,10000.0,4,-1,10008.0,10000.0,10016.0,0.0,True,16.0,sell_aggr,-8.0,ASH_COATED_OSMIUM,-4,16.0,16.0
677300,,,ASH_COATED_OSMIUM,XIRECS,10000.0,2,-1,10008.0,10000.0,10016.0,0.0,True,16.0,sell_aggr,-8.0,ASH_COATED_OSMIUM,-2,16.0,16.0
679400,,,ASH_COATED_OSMIUM,XIRECS,10015.0,5,-1,10015.0,,10015.0,-1.0,False,,mid_trade,0.0,ASH_COATED_OSMIUM,0,,0.0
681200,,,ASH_COATED_OSMIUM,XIRECS,10016.0,9,-1,10008.0,10000.0,10016.0,0.0,True,16.0,buy_aggr,8.0,ASH_COATED_OSMIUM,9,20.0,16.0
681900,,,ASH_COATED_OSMIUM,XIRECS,9999.0,9,-1,10007.0,9999.0,10015.0,0.0,True,16.0,sell_aggr,-8.0,ASH_COATED_OSMIUM,-9,20.0,16.0
683100,,,ASH_COATED_OSMIUM,XIRECS,10016.0,4,-1,10008.0,10000.0,10016.0,0.0,True,16.0,buy_aggr,8.0,ASH_COATED_OSMIUM,4,17.0,16.0
685400,,,ASH_COATED_OSMIUM,XIRECS,10016.0,7,-1,10007.0,9998.0,10016.0,0.3,True,18.0,buy_aggr,9.0,ASH_COATED_OSMIUM,7,18.0,18.0
689500,,,ASH_COATED_OSMIUM,XIRECS,10015.0,6,-1,10007.0,9999.0,10015.0,0.0,True,16.0,buy_aggr,8.0,ASH_COATED_OSMIUM,6,20.0,16.0
690500,,,ASH_COATED_OSMIUM,XIRECS,9998.0,5,-1,10006.0,9998.0,10014.0,0.0,True,16.0,sell_aggr,-8.0,ASH_COATED_OSMIUM,-5,16.0,16.0
691000,,,ASH_COATED_OSMIUM,XIRECS,9998.0,4,-1,10007.0,9998.0,10016.0,-0.4210526315789473,True,18.0,sell_aggr,-9.0,ASH_COATED_OSMIUM,-4,23.0,18.0
699900,,,ASH_COATED_OSMIUM,XIRECS,10013.0,6,-1,10007.5,10002.0,10013.0,-0.3333333333333333,True,11.0,buy_aggr,5.5,ASH_COATED_OSMIUM,6,20.0,11.0
699900,,,ASH_COATED_OSMIUM,XIRECS,10013.0,4,-1,10007.5,10002.0,10013.0,-0.3333333333333333,True,11.0,buy_aggr,5.5,ASH_COATED_OSMIUM,4,20.0,11.0
700500,,,ASH_COATED_OSMIUM,XIRECS,10013.0,6,-1,10005.0,9997.0,10013.0,0.0,True,16.0,buy_aggr,8.0,ASH_COATED_OSMIUM,6,11.0,16.0
700600,,,ASH_COATED_OSMIUM,XIRECS,9997.0,3,-1,10005.0,9997.0,10013.0,0.0,True,16.0,sell_aggr,-8.0,ASH_COATED_OSMIUM,-3,16.0,16.0
703300,,,ASH_COATED_OSMIUM,XIRECS,9993.0,4,-1,10002.5,9993.0,10012.0,0.3953488372093023,True,19.0,sell_aggr,-9.5,ASH_COATED_OSMIUM,-4,17.0,19.0
704100,,,ASH_COATED_OSMIUM,XIRECS,9995.0,2,-1,10003.0,9995.0,10011.0,0.0,True,16.0,sell_aggr,-8.0,ASH_COATED_OSMIUM,-2,14.0,16.0
705400,,,ASH_COATED_OSMIUM,XIRECS,9996.0,7,-1,10004.0,9996.0,10012.0,0.0,True,16.0,sell_aggr,-8.0,ASH_COATED_OSMIUM,-7,10.0,16.0
708000,,,ASH_COATED_OSMIUM,XIRECS,9995.0,5,-1,10003.0,9995.0,10011.0,0.0,True,16.0,sell_aggr,-8.0,ASH_COATED_OSMIUM,-5,8.0,16.0
708900,,,ASH_COATED_OSMIUM,XIRECS,9995.0,6,-1,10003.0,9995.0,10011.0,0.0,True,16.0,sell_aggr,-8.0,ASH_COATED_OSMIUM,-6,12.0,16.0
710200,,,ASH_COATED_OSMIUM,XIRECS,10008.0,8,-1,10000.0,9992.0,10008.0,0.0,True,16.0,buy_aggr,8.0,ASH_COATED_OSMIUM,8,14.0,16.0
712300,,,ASH_COATED_OSMIUM,XIRECS,10006.0,5,-1,9998.0,9990.0,10006.0,0.0,True,16.0,buy_aggr,8.0,ASH_COATED_OSMIUM,5,8.0,16.0
714900,,,ASH_COATED_OSMIUM,XIRECS,9999.0,5,-1,9996.0,9993.0,9999.0,0.5,True,6.0,buy_aggr,3.0,ASH_COATED_OSMIUM,5,-6.0,6.0
720600,,,ASH_COATED_OSMIUM,XIRECS,10012.0,4,-1,10003.0,9994.0,10012.0,-0.3953488372093023,True,18.0,buy_aggr,9.0,ASH_COATED_OSMIUM,4,24.0,18.0
723300,,,ASH_COATED_OSMIUM,XIRECS,9990.0,6,-1,9998.0,9990.0,10006.0,0.0,True,16.0,sell_aggr,-8.0,ASH_COATED_OSMIUM,-6,17.0,16.0
725700,,,ASH_COATED_OSMIUM,XIRECS,9992.0,8,-1,10000.0,9992.0,10008.0,0.0,True,16.0,sell_aggr,-8.0,ASH_COATED_OSMIUM,-8,17.0,16.0
726200,,,ASH_COATED_OSMIUM,XIRECS,9992.0,5,-1,10000.0,9992.0,10008.0,0.0,True,16.0,sell_aggr,-8.0,ASH_COATED_OSMIUM,-5,16.0,16.0
729100,,,ASH_COATED_OSMIUM,XIRECS,10008.0,8,-1,10000.0,9992.0,10008.0,0.0,True,16.0,buy_aggr,8.0,ASH_COATED_OSMIUM,8,23.0,16.0
729500,,,ASH_COATED_OSMIUM,XIRECS,9991.0,5,-1,9991.0,9991.0,,1.0,False,,mid_trade,0.0,ASH_COATED_OSMIUM,0,,0.0
730400,,,ASH_COATED_OSMIUM,XIRECS,10006.0,6,-1,9998.0,9990.0,10006.0,0.0,True,16.0,buy_aggr,8.0,ASH_COATED_OSMIUM,6,18.0,16.0
730700,,,ASH_COATED_OSMIUM,XIRECS,9995.0,2,-1,10000.5,9995.0,10006.0,-0.75,True,11.0,sell_aggr,-5.5,ASH_COATED_OSMIUM,-2,4.0,11.0
731200,,,ASH_COATED_OSMIUM,XIRECS,10008.0,9,-1,10000.0,9992.0,10008.0,0.0,True,16.0,buy_aggr,8.0,ASH_COATED_OSMIUM,9,20.0,16.0
734900,,,ASH_COATED_OSMIUM,XIRECS,9989.0,5,-1,9997.0,9989.0,10005.0,0.0,True,16.0,sell_aggr,-8.0,ASH_COATED_OSMIUM,-5,16.0,16.0
735000,,,ASH_COATED_OSMIUM,XIRECS,10005.0,5,-1,9997.0,9989.0,10005.0,0.0,True,16.0,buy_aggr,8.0,ASH_COATED_OSMIUM,5,16.0,16.0
736700,,,ASH_COATED_OSMIUM,XIRECS,10008.0,5,-1,9998.5,9989.0,10008.0,-0.4146341463414634,True,19.0,buy_aggr,9.5,ASH_COATED_OSMIUM,5,22.0,19.0
739400,,,ASH_COATED_OSMIUM,XIRECS,10007.0,6,-1,9998.0,9989.0,10007.0,-0.1764705882352941,True,18.0,buy_aggr,9.0,ASH_COATED_OSMIUM,6,28.0,18.0
739500,,,ASH_COATED_OSMIUM,XIRECS,9987.0,10,-1,9996.0,9987.0,10005.0,0.2941176470588235,True,18.0,sell_aggr,-9.0,ASH_COATED_OSMIUM,-10,12.0,18.0
742000,,,ASH_COATED_OSMIUM,XIRECS,10005.0,5,-1,9997.0,9989.0,10005.0,0.0,True,16.0,buy_aggr,8.0,ASH_COATED_OSMIUM,5,20.0,16.0
743700,,,ASH_COATED_OSMIUM,XIRECS,9986.0,4,-1,9994.0,9986.0,10002.0,0.0,True,16.0,sell_aggr,-8.0,ASH_COATED_OSMIUM,-4,23.0,16.0
745400,,,ASH_COATED_OSMIUM,XIRECS,9984.0,6,-1,9992.0,9984.0,10000.0,0.0,True,16.0,sell_aggr,-8.0,ASH_COATED_OSMIUM,-6,20.0,16.0
746100,,,ASH_COATED_OSMIUM,XIRECS,10001.0,8,-1,9991.5,9982.0,10001.0,0.4285714285714285,True,19.0,buy_aggr,9.5,ASH_COATED_OSMIUM,8,11.0,19.0
750400,,,ASH_COATED_OSMIUM,XIRECS,10005.0,5,-1,10005.0,,10005.0,-1.0,False,,mid_trade,0.0,ASH_COATED_OSMIUM,0,,0.0
752100,,,ASH_COATED_OSMIUM,XIRECS,10001.0,4,-1,9993.0,9985.0,10001.0,0.0,True,16.0,buy_aggr,8.0,ASH_COATED_OSMIUM,4,16.0,16.0
754200,,,ASH_COATED_OSMIUM,XIRECS,10000.0,5,-1,9992.0,9984.0,10000.0,0.0,True,16.0,buy_aggr,8.0,ASH_COATED_OSMIUM,5,19.0,16.0
755700,,,ASH_COATED_OSMIUM,XIRECS,10000.0,4,-1,9991.0,9982.0,10000.0,0.2903225806451613,True,18.0,buy_aggr,9.0,ASH_COATED_OSMIUM,4,15.0,18.0
756400,,,ASH_COATED_OSMIUM,XIRECS,9991.0,3,-1,9996.5,9991.0,10002.0,-0.5714285714285714,True,11.0,sell_aggr,-5.5,ASH_COATED_OSMIUM,-3,0.0,11.0
756600,,,ASH_COATED_OSMIUM,XIRECS,9986.0,9,-1,9994.0,9986.0,10002.0,0.0,True,16.0,sell_aggr,-8.0,ASH_COATED_OSMIUM,-9,19.0,16.0
756900,,,ASH_COATED_OSMIUM,XIRECS,9985.0,5,-1,9993.0,9985.0,10001.0,0.0,True,16.0,sell_aggr,-8.0,ASH_COATED_OSMIUM,-5,24.0,16.0
757200,,,ASH_COATED_OSMIUM,XIRECS,9985.0,9,-1,9993.0,9985.0,10001.0,0.0,True,16.0,sell_aggr,-8.0,ASH_COATED_OSMIUM,-9,20.0,16.0
758500,,,ASH_COATED_OSMIUM,XIRECS,9982.0,6,-1,9982.0,9982.0,,1.0,False,,mid_trade,0.0,ASH_COATED_OSMIUM,0,,0.0
763900,,,ASH_COATED_OSMIUM,XIRECS,9988.0,8,-1,9996.0,9988.0,10004.0,0.0,True,16.0,sell_aggr,-8.0,ASH_COATED_OSMIUM,-8,27.0,16.0
763900,,,ASH_COATED_OSMIUM,XIRECS,9988.0,6,-1,9996.0,9988.0,10004.0,0.0,True,16.0,sell_aggr,-8.0,ASH_COATED_OSMIUM,-6,27.0,16.0
767000,,,ASH_COATED_OSMIUM,XIRECS,10005.0,9,-1,10005.0,,10005.0,-1.0,False,,mid_trade,0.0,ASH_COATED_OSMIUM,0,,0.0
775000,,,ASH_COATED_OSMIUM,XIRECS,10000.0,4,-1,9996.0,9992.0,10000.0,0.6875,True,8.0,buy_aggr,4.0,ASH_COATED_OSMIUM,4,0.0,8.0
777200,,,ASH_COATED_OSMIUM,XIRECS,10010.0,10,-1,10002.0,9994.0,10010.0,0.0,True,16.0,buy_aggr,8.0,ASH_COATED_OSMIUM,10,20.0,16.0
780100,,,ASH_COATED_OSMIUM,XIRECS,10009.0,2,-1,10001.0,9993.0,10009.0,0.0,True,16.0,buy_aggr,8.0,ASH_COATED_OSMIUM,2,21.0,16.0
782500,,,ASH_COATED_OSMIUM,XIRECS,10008.0,7,-1,10000.0,9992.0,10008.0,0.0,True,16.0,buy_aggr,8.0,ASH_COATED_OSMIUM,7,16.0,16.0
788000,,,ASH_COATED_OSMIUM,XIRECS,10008.0,5,-1,10000.0,9992.0,10008.0,0.0,True,16.0,buy_aggr,8.0,ASH_COATED_OSMIUM,5,24.0,16.0
789700,,,ASH_COATED_OSMIUM,XIRECS,9991.0,2,-1,9999.0,9991.0,10007.0,0.0,True,16.0,sell_aggr,-8.0,ASH_COATED_OSMIUM,-2,8.0,16.0
791900,,,ASH_COATED_OSMIUM,XIRECS,9990.0,5,-1,9998.0,9990.0,10006.0,0.0,True,16.0,sell_aggr,-8.0,ASH_COATED_OSMIUM,-5,10.0,16.0
792300,,,ASH_COATED_OSMIUM,XIRECS,10005.0,10,-1,9997.0,9989.0,10005.0,0.0,True,16.0,buy_aggr,8.0,ASH_COATED_OSMIUM,10,22.0,16.0
793700,,,ASH_COATED_OSMIUM,XIRECS,10004.0,10,-1,9996.0,9988.0,10004.0,0.0,True,16.0,buy_aggr,8.0,ASH_COATED_OSMIUM,10,28.0,16.0
796500,,,ASH_COATED_OSMIUM,XIRECS,9993.0,4,-1,9998.5,9993.0,10004.0,-0.5294117647058824,True,11.0,sell_aggr,-5.5,ASH_COATED_OSMIUM,-4,4.0,11.0
802000,,,ASH_COATED_OSMIUM,XIRECS,9996.0,5,-1,9991.0,9986.0,9996.0,0.4444444444444444,True,10.0,buy_aggr,5.0,ASH_COATED_OSMIUM,5,4.0,10.0
803100,,,ASH_COATED_OSMIUM,XIRECS,10001.0,5,-1,9993.0,9985.0,10001.0,0.0,True,16.0,buy_aggr,8.0,ASH_COATED_OSMIUM,5,21.0,16.0
805200,,,ASH_COATED_OSMIUM,XIRECS,9992.0,6,-1,9989.5,9987.0,9992.0,0.4,True,5.0,buy_aggr,2.5,ASH_COATED_OSMIUM,6,-8.0,5.0
806000,,,ASH_COATED_OSMIUM,XIRECS,9986.0,2,-1,9994.0,9986.0,10002.0,0.0,True,16.0,sell_aggr,-8.0,ASH_COATED_OSMIUM,-2,19.0,16.0
810700,,,ASH_COATED_OSMIUM,XIRECS,10003.0,2,-1,9995.0,9987.0,10003.0,0.0,True,16.0,buy_aggr,8.0,ASH_COATED_OSMIUM,2,14.0,16.0
815600,,,ASH_COATED_OSMIUM,XIRECS,10004.0,4,-1,9994.5,9985.0,10004.0,0.25,True,19.0,buy_aggr,9.5,ASH_COATED_OSMIUM,4,14.0,19.0
821100,,,ASH_COATED_OSMIUM,XIRECS,10009.0,8,-1,9999.5,9990.0,10009.0,-0.4210526315789473,True,19.0,buy_aggr,9.5,ASH_COATED_OSMIUM,8,30.0,19.0
823400,,,ASH_COATED_OSMIUM,XIRECS,10006.0,6,-1,9996.5,9987.0,10006.0,-0.3333333333333333,True,19.0,buy_aggr,9.5,ASH_COATED_OSMIUM,6,28.0,19.0
832900,,,ASH_COATED_OSMIUM,XIRECS,9984.0,5,-1,9992.0,9984.0,10000.0,0.0,True,16.0,sell_aggr,-8.0,ASH_COATED_OSMIUM,-5,20.0,16.0
835700,,,ASH_COATED_OSMIUM,XIRECS,10003.0,8,-1,9995.0,9987.0,10003.0,0.0,True,16.0,buy_aggr,8.0,ASH_COATED_OSMIUM,8,12.0,16.0
836800,,,ASH_COATED_OSMIUM,XIRECS,9986.0,7,-1,9994.0,9986.0,10002.0,0.0,True,16.0,sell_aggr,-8.0,ASH_COATED_OSMIUM,-7,20.0,16.0
839700,,,ASH_COATED_OSMIUM,XIRECS,10002.0,4,-1,9994.0,9986.0,10002.0,0.0,True,16.0,buy_aggr,8.0,ASH_COATED_OSMIUM,4,11.0,16.0
843000,,,ASH_COATED_OSMIUM,XIRECS,9998.0,5,-1,9993.5,9989.0,9998.0,0.4117647058823529,True,9.0,buy_aggr,4.5,ASH_COATED_OSMIUM,5,2.0,9.0
843300,,,ASH_COATED_OSMIUM,XIRECS,9988.0,5,-1,9997.5,9988.0,10007.0,-0.3181818181818182,True,19.0,sell_aggr,-9.5,ASH_COATED_OSMIUM,-5,16.0,19.0
843400,,,ASH_COATED_OSMIUM,XIRECS,9989.0,4,-1,9998.0,9989.0,10007.0,-0.1764705882352941,True,18.0,sell_aggr,-9.0,ASH_COATED_OSMIUM,-4,14.0,18.0
845300,,,ASH_COATED_OSMIUM,XIRECS,10007.0,3,-1,9997.5,9988.0,10007.0,-0.4871794871794871,True,19.0,buy_aggr,9.5,ASH_COATED_OSMIUM,3,21.0,19.0
845600,,,ASH_COATED_OSMIUM,XIRECS,9998.0,3,-1,9993.0,9988.0,9998.0,0.375,True,10.0,buy_aggr,5.0,ASH_COATED_OSMIUM,3,2.0,10.0
846900,,,ASH_COATED_OSMIUM,XIRECS,10007.0,2,-1,9998.0,9989.0,10007.0,-0.3023255813953488,True,18.0,buy_aggr,9.0,ASH_COATED_OSMIUM,2,20.0,18.0
847500,,,ASH_COATED_OSMIUM,XIRECS,10004.0,5,-1,9996.0,9988.0,10004.0,0.0,True,16.0,buy_aggr,8.0,ASH_COATED_OSMIUM,5,16.0,16.0
847500,,,ASH_COATED_OSMIUM,XIRECS,10004.0,7,-1,9996.0,9988.0,10004.0,0.0,True,16.0,buy_aggr,8.0,ASH_COATED_OSMIUM,7,16.0,16.0
847800,,,ASH_COATED_OSMIUM,XIRECS,9988.0,7,-1,9996.0,9988.0,10004.0,0.0,True,16.0,sell_aggr,-8.0,ASH_COATED_OSMIUM,-7,18.0,16.0
848300,,,ASH_COATED_OSMIUM,XIRECS,9988.0,5,-1,9996.0,9988.0,10004.0,0.0,True,16.0,sell_aggr,-8.0,ASH_COATED_OSMIUM,-5,18.0,16.0
851800,,,ASH_COATED_OSMIUM,XIRECS,10005.0,6,-1,9995.5,9986.0,10005.0,0.282051282051282,True,19.0,buy_aggr,9.5,ASH_COATED_OSMIUM,6,14.0,19.0
852300,,,ASH_COATED_OSMIUM,XIRECS,9988.0,3,-1,9997.5,9988.0,10007.0,-0.2432432432432432,True,19.0,sell_aggr,-9.5,ASH_COATED_OSMIUM,-3,22.0,19.0
852500,,,ASH_COATED_OSMIUM,XIRECS,9987.0,3,-1,9996.0,9987.0,10005.0,0.4054054054054054,True,18.0,sell_aggr,-9.0,ASH_COATED_OSMIUM,-3,24.0,18.0
859700,,,ASH_COATED_OSMIUM,XIRECS,9990.0,4,-1,9999.0,9990.0,10008.0,-0.3333333333333333,True,18.0,sell_aggr,-9.0,ASH_COATED_OSMIUM,-4,20.0,18.0
861800,,,ASH_COATED_OSMIUM,XIRECS,10008.0,2,-1,10000.0,9992.0,10008.0,0.0,True,16.0,buy_aggr,8.0,ASH_COATED_OSMIUM,2,22.0,16.0
864800,,,ASH_COATED_OSMIUM,XIRECS,10010.0,8,-1,10000.5,9991.0,10010.0,-0.2857142857142857,True,19.0,buy_aggr,9.5,ASH_COATED_OSMIUM,8,9.0,19.0
865000,,,ASH_COATED_OSMIUM,XIRECS,9991.0,6,-1,9999.0,9991.0,10007.0,0.0,True,16.0,sell_aggr,-8.0,ASH_COATED_OSMIUM,-6,22.0,16.0
867800,,,ASH_COATED_OSMIUM,XIRECS,9991.0,3,-1,10000.0,9991.0,10009.0,-0.4444444444444444,True,18.0,sell_aggr,-9.0,ASH_COATED_OSMIUM,-3,27.0,18.0
870900,,,ASH_COATED_OSMIUM,XIRECS,10011.0,5,-1,10003.0,9995.0,10011.0,0.0,True,16.0,buy_aggr,8.0,ASH_COATED_OSMIUM,5,13.0,16.0
871500,,,ASH_COATED_OSMIUM,XIRECS,9995.0,2,-1,10003.0,9995.0,10011.0,0.0,True,16.0,sell_aggr,-8.0,ASH_COATED_OSMIUM,-2,10.0,16.0
871700,,,ASH_COATED_OSMIUM,XIRECS,10010.0,2,-1,10001.0,9992.0,10010.0,0.3684210526315789,True,18.0,buy_aggr,9.0,ASH_COATED_OSMIUM,2,18.0,18.0
877900,,,ASH_COATED_OSMIUM,XIRECS,9994.0,7,-1,10002.0,9994.0,10010.0,0.0,True,16.0,sell_aggr,-8.0,ASH_COATED_OSMIUM,-7,20.0,16.0
878200,,,ASH_COATED_OSMIUM,XIRECS,10009.0,5,-1,10001.0,9993.0,10009.0,0.0,True,16.0,buy_aggr,8.0,ASH_COATED_OSMIUM,5,12.0,16.0
880800,,,ASH_COATED_OSMIUM,XIRECS,9995.0,4,-1,10003.0,9995.0,10011.0,0.0,True,16.0,sell_aggr,-8.0,ASH_COATED_OSMIUM,-4,14.0,16.0
887700,,,ASH_COATED_OSMIUM,XIRECS,10010.0,6,-1,10000.5,9991.0,10010.0,0.3636363636363636,True,19.0,buy_aggr,9.5,ASH_COATED_OSMIUM,6,16.0,19.0
892900,,,ASH_COATED_OSMIUM,XIRECS,10011.0,8,-1,10003.0,9995.0,10011.0,0.0,True,16.0,buy_aggr,8.0,ASH_COATED_OSMIUM,8,22.0,16.0
893200,,,ASH_COATED_OSMIUM,XIRECS,9992.0,4,-1,10001.5,9992.0,10011.0,0.4871794871794871,True,19.0,sell_aggr,-9.5,ASH_COATED_OSMIUM,-4,28.0,19.0
899200,,,ASH_COATED_OSMIUM,XIRECS,10008.0,5,-1,10000.0,9992.0,10008.0,0.0,True,16.0,buy_aggr,8.0,ASH_COATED_OSMIUM,5,14.0,16.0
901900,,,ASH_COATED_OSMIUM,XIRECS,10000.0,3,-1,10004.5,10000.0,10009.0,-0.6,True,9.0,sell_aggr,-4.5,ASH_COATED_OSMIUM,-3,-2.0,9.0
904700,,,ASH_COATED_OSMIUM,XIRECS,10005.0,3,-1,9997.0,9989.0,10005.0,0.0,True,16.0,buy_aggr,8.0,ASH_COATED_OSMIUM,3,12.0,16.0
905000,,,ASH_COATED_OSMIUM,XIRECS,9990.0,10,-1,9999.5,9990.0,10009.0,-0.3333333333333333,True,19.0,sell_aggr,-9.5,ASH_COATED_OSMIUM,-10,23.0,19.0
905100,,,ASH_COATED_OSMIUM,XIRECS,9990.0,4,-1,9999.5,9990.0,10009.0,-0.3684210526315789,True,19.0,sell_aggr,-9.5,ASH_COATED_OSMIUM,-4,27.0,19.0
905900,,,ASH_COATED_OSMIUM,XIRECS,10007.0,5,-1,9999.0,9991.0,10007.0,0.0,True,16.0,buy_aggr,8.0,ASH_COATED_OSMIUM,5,16.0,16.0
909400,,,ASH_COATED_OSMIUM,XIRECS,9988.0,4,-1,9997.0,9988.0,10006.0,0.3,True,18.0,sell_aggr,-9.0,ASH_COATED_OSMIUM,-4,16.0,18.0
909900,,,ASH_COATED_OSMIUM,XIRECS,10007.0,8,-1,9999.0,9991.0,10007.0,0.0,True,16.0,buy_aggr,8.0,ASH_COATED_OSMIUM,8,20.0,16.0
911200,,,ASH_COATED_OSMIUM,XIRECS,10006.0,2,-1,9998.0,9990.0,10006.0,0.0,True,16.0,buy_aggr,8.0,ASH_COATED_OSMIUM,2,14.0,16.0
912400,,,ASH_COATED_OSMIUM,XIRECS,10005.0,3,-1,9995.5,9986.0,10005.0,0.3333333333333333,True,19.0,buy_aggr,9.5,ASH_COATED_OSMIUM,3,17.0,19.0
917900,,,ASH_COATED_OSMIUM,XIRECS,10005.0,5,-1,9997.0,9989.0,10005.0,0.0,True,16.0,buy_aggr,8.0,ASH_COATED_OSMIUM,5,14.0,16.0
919000,,,ASH_COATED_OSMIUM,XIRECS,9989.0,3,-1,9998.5,9989.0,10008.0,-0.3125,True,19.0,sell_aggr,-9.5,ASH_COATED_OSMIUM,-3,16.0,19.0
920700,,,ASH_COATED_OSMIUM,XIRECS,10004.0,3,-1,9996.0,9988.0,10004.0,0.0,True,16.0,buy_aggr,8.0,ASH_COATED_OSMIUM,3,3.0,16.0
921200,,,ASH_COATED_OSMIUM,XIRECS,10007.0,10,-1,9998.0,9989.0,10007.0,-0.2682926829268293,True,18.0,buy_aggr,9.0,ASH_COATED_OSMIUM,10,18.0,18.0
923500,,,ASH_COATED_OSMIUM,XIRECS,9989.0,3,-1,9997.0,9989.0,10005.0,0.0,True,16.0,sell_aggr,-8.0,ASH_COATED_OSMIUM,-3,16.0,16.0
923800,,,ASH_COATED_OSMIUM,XIRECS,9999.0,4,-1,10002.5,9999.0,10006.0,-0.3684210526315789,True,7.0,sell_aggr,-3.5,ASH_COATED_OSMIUM,-4,-2.0,7.0
928300,,,ASH_COATED_OSMIUM,XIRECS,9988.0,3,-1,9996.0,9988.0,10004.0,0.0,True,16.0,sell_aggr,-8.0,ASH_COATED_OSMIUM,-3,20.0,16.0
928900,,,ASH_COATED_OSMIUM,XIRECS,9989.0,4,-1,9997.0,9989.0,10005.0,0.0,True,16.0,sell_aggr,-8.0,ASH_COATED_OSMIUM,-4,20.0,16.0
929500,,,ASH_COATED_OSMIUM,XIRECS,10005.0,2,-1,9997.0,9989.0,10005.0,0.0,True,16.0,buy_aggr,8.0,ASH_COATED_OSMIUM,2,12.0,16.0
930800,,,ASH_COATED_OSMIUM,XIRECS,9990.0,6,-1,9999.0,9990.0,10008.0,-0.45,True,18.0,sell_aggr,-9.0,ASH_COATED_OSMIUM,-6,18.0,18.0
932600,,,ASH_COATED_OSMIUM,XIRECS,10006.0,10,-1,9998.0,9990.0,10006.0,0.0,True,16.0,buy_aggr,8.0,ASH_COATED_OSMIUM,10,16.0,16.0
934100,,,ASH_COATED_OSMIUM,XIRECS,10005.0,3,-1,9997.0,9989.0,10005.0,0.0,True,16.0,buy_aggr,8.0,ASH_COATED_OSMIUM,3,16.0,16.0
935900,,,ASH_COATED_OSMIUM,XIRECS,9989.0,8,-1,9997.0,9989.0,10005.0,0.0,True,16.0,sell_aggr,-8.0,ASH_COATED_OSMIUM,-8,17.0,16.0
938900,,,ASH_COATED_OSMIUM,XIRECS,10006.0,2,-1,9998.0,9990.0,10006.0,0.0,True,16.0,buy_aggr,8.0,ASH_COATED_OSMIUM,2,14.0,16.0
939400,,,ASH_COATED_OSMIUM,XIRECS,10006.0,6,-1,9998.0,9990.0,10006.0,0.0,True,16.0,buy_aggr,8.0,ASH_COATED_OSMIUM,6,10.0,16.0
939500,,,ASH_COATED_OSMIUM,XIRECS,10006.0,9,-1,9998.0,9990.0,10006.0,0.0,True,16.0,buy_aggr,8.0,ASH_COATED_OSMIUM,9,10.0,16.0
946100,,,ASH_COATED_OSMIUM,XIRECS,9994.0,10,-1,10003.5,9994.0,10013.0,-0.2105263157894736,True,19.0,sell_aggr,-9.5,ASH_COATED_OSMIUM,-10,9.0,19.0
948400,,,ASH_COATED_OSMIUM,XIRECS,10011.0,7,-1,10002.0,9993.0,10011.0,0.3809523809523809,True,18.0,buy_aggr,9.0,ASH_COATED_OSMIUM,7,19.0,18.0
949400,,,ASH_COATED_OSMIUM,XIRECS,10011.0,2,-1,10002.0,9993.0,10011.0,0.2432432432432432,True,18.0,buy_aggr,9.0,ASH_COATED_OSMIUM,2,16.0,18.0
956400,,,ASH_COATED_OSMIUM,XIRECS,9995.0,3,-1,10004.0,9995.0,10013.0,-0.2727272727272727,True,18.0,sell_aggr,-9.0,ASH_COATED_OSMIUM,-3,22.0,18.0
960200,,,ASH_COATED_OSMIUM,XIRECS,9997.0,4,-1,10005.0,9997.0,10013.0,0.0,True,16.0,sell_aggr,-8.0,ASH_COATED_OSMIUM,-4,9.0,16.0
964200,,,ASH_COATED_OSMIUM,XIRECS,10012.0,3,-1,10004.0,9996.0,10012.0,0.0,True,16.0,buy_aggr,8.0,ASH_COATED_OSMIUM,3,18.0,16.0
971100,,,ASH_COATED_OSMIUM,XIRECS,10010.0,5,-1,10001.0,9992.0,10010.0,0.2857142857142857,True,18.0,buy_aggr,9.0,ASH_COATED_OSMIUM,5,16.0,18.0
974800,,,ASH_COATED_OSMIUM,XIRECS,10009.0,4,-1,10009.0,,10009.0,-1.0,False,,mid_trade,0.0,ASH_COATED_OSMIUM,0,,0.0
975300,,,ASH_COATED_OSMIUM,XIRECS,9994.0,2,-1,10003.0,9994.0,10012.0,-0.4444444444444444,True,18.0,sell_aggr,-9.0,ASH_COATED_OSMIUM,-2,22.0,18.0
975700,,,ASH_COATED_OSMIUM,XIRECS,10010.0,3,-1,10002.0,9994.0,10010.0,0.0,True,16.0,buy_aggr,8.0,ASH_COATED_OSMIUM,3,12.0,16.0
976500,,,ASH_COATED_OSMIUM,XIRECS,9991.0,6,-1,10000.5,9991.0,10010.0,0.4634146341463415,True,19.0,sell_aggr,-9.5,ASH_COATED_OSMIUM,-6,28.0,19.0
978400,,,ASH_COATED_OSMIUM,XIRECS,9992.0,3,-1,10001.0,9992.0,10010.0,0.3333333333333333,True,18.0,sell_aggr,-9.0,ASH_COATED_OSMIUM,-3,24.0,18.0
981000,,,ASH_COATED_OSMIUM,XIRECS,10012.0,5,-1,10003.0,9994.0,10012.0,0.2727272727272727,True,18.0,buy_aggr,9.0,ASH_COATED_OSMIUM,5,16.0,18.0
984300,,,ASH_COATED_OSMIUM,XIRECS,10012.0,4,-1,10004.0,9996.0,10012.0,0.0,True,16.0,buy_aggr,8.0,ASH_COATED_OSMIUM,4,20.0,16.0
985500,,,ASH_COATED_OSMIUM,XIRECS,9996.0,3,-1,10004.0,9996.0,10012.0,0.0,True,16.0,sell_aggr,-8.0,ASH_COATED_OSMIUM,-3,10.0,16.0
986400,,,ASH_COATED_OSMIUM,XIRECS,10012.0,3,-1,10004.0,9996.0,10012.0,0.0,True,16.0,buy_aggr,8.0,ASH_COATED_OSMIUM,3,20.0,16.0
986800,,,ASH_COATED_OSMIUM,XIRECS,9995.0,6,-1,10004.5,9995.0,10014.0,-0.3488372093023256,True,19.0,sell_aggr,-9.5,ASH_COATED_OSMIUM,-6,14.0,19.0
987300,,,ASH_COATED_OSMIUM,XIRECS,10011.0,6,-1,10003.0,9995.0,10011.0,0.0,True,16.0,buy_aggr,8.0,ASH_COATED_OSMIUM,6,22.0,16.0
989100,,,ASH_COATED_OSMIUM,XIRECS,9994.0,2,-1,10002.0,9994.0,10010.0,0.0,True,16.0,sell_aggr,-8.0,ASH_COATED_OSMIUM,-2,17.0,16.0
991400,,,ASH_COATED_OSMIUM,XIRECS,9993.0,9,-1,10002.0,9993.0,10011.0,-0.4285714285714285,True,18.0,sell_aggr,-9.0,ASH_COATED_OSMIUM,-9,16.0,18.0
993300,,,ASH_COATED_OSMIUM,XIRECS,9994.0,5,-1,10003.0,9994.0,10012.0,-0.3636363636363636,True,18.0,sell_aggr,-9.0,ASH_COATED_OSMIUM,-5,16.0,18.0
995400,,,ASH_COATED_OSMIUM,XIRECS,10010.0,6,-1,10002.0,9994.0,10010.0,0.0,True,16.0,buy_aggr,8.0,ASH_COATED_OSMIUM,6,,16.0
997000,,,ASH_COATED_OSMIUM,XIRECS,9992.0,4,-1,10001.5,9992.0,10011.0,-0.25,True,19.0,sell_aggr,-9.5,ASH_COATED_OSMIUM,-4,,19.0
0,,,ASH_COATED_OSMIUM,XIRECS,9995.0,6,0,10003.0,9995.0,10011.0,0.0,True,16.0,sell_aggr,-8.0,ASH_COATED_OSMIUM,-6,10.0,16.0
3600,,,ASH_COATED_OSMIUM,XIRECS,10009.0,3,0,10001.0,9993.0,10009.0,0.0,True,16.0,buy_aggr,8.0,ASH_COATED_OSMIUM,3,16.0,16.0
4200,,,ASH_COATED_OSMIUM,XIRECS,10011.0,2,0,10002.0,9993.0,10011.0,-0.4444444444444444,True,18.0,buy_aggr,9.0,ASH_COATED_OSMIUM,2,22.0,18.0
9100,,,ASH_COATED_OSMIUM,XIRECS,9998.0,4,0,10003.0,9998.0,10008.0,-0.5,True,10.0,sell_aggr,-5.0,ASH_COATED_OSMIUM,-4,10.0,10.0
9600,,,ASH_COATED_OSMIUM,XIRECS,9993.0,6,0,10001.0,9993.0,10009.0,0.0,True,16.0,sell_aggr,-8.0,ASH_COATED_OSMIUM,-6,18.0,16.0
10000,,,ASH_COATED_OSMIUM,XIRECS,9994.0,8,0,10002.0,9994.0,10010.0,0.0,True,16.0,sell_aggr,-8.0,ASH_COATED_OSMIUM,-8,10.0,16.0
12100,,,ASH_COATED_OSMIUM,XIRECS,9994.0,5,0,10002.0,9994.0,10010.0,0.0,True,16.0,sell_aggr,-8.0,ASH_COATED_OSMIUM,-5,14.0,16.0
14000,,,ASH_COATED_OSMIUM,XIRECS,10011.0,3,0,10003.0,9995.0,10011.0,0.0,True,16.0,buy_aggr,8.0,ASH_COATED_OSMIUM,3,16.0,16.0
15100,,,ASH_COATED_OSMIUM,XIRECS,10010.0,2,0,10002.0,9994.0,10010.0,0.0,True,16.0,buy_aggr,8.0,ASH_COATED_OSMIUM,2,18.0,16.0
15100,,,ASH_COATED_OSMIUM,XIRECS,10010.0,8,0,10002.0,9994.0,10010.0,0.0,True,16.0,buy_aggr,8.0,ASH_COATED_OSMIUM,8,18.0,16.0
18500,,,ASH_COATED_OSMIUM,XIRECS,10010.0,6,0,10002.0,9994.0,10010.0,0.0,True,16.0,buy_aggr,8.0,ASH_COATED_OSMIUM,6,18.0,16.0
23900,,,ASH_COATED_OSMIUM,XIRECS,9990.0,4,0,9999.5,9990.0,10009.0,0.3181818181818182,True,19.0,sell_aggr,-9.5,ASH_COATED_OSMIUM,-4,22.0,19.0
24300,,,ASH_COATED_OSMIUM,XIRECS,9993.0,4,0,10002.0,9993.0,10011.0,-0.4285714285714285,True,18.0,sell_aggr,-9.0,ASH_COATED_OSMIUM,-4,16.0,18.0
24600,,,ASH_COATED_OSMIUM,XIRECS,9992.0,3,0,10000.0,9992.0,10008.0,0.0,True,16.0,sell_aggr,-8.0,ASH_COATED_OSMIUM,-3,20.0,16.0
30400,,,ASH_COATED_OSMIUM,XIRECS,10009.0,2,0,10009.0,,10009.0,-1.0,False,,mid_trade,0.0,ASH_COATED_OSMIUM,0,,0.0
32800,,,ASH_COATED_OSMIUM,XIRECS,9992.0,4,0,9995.0,9992.0,9998.0,0.1428571428571428,True,6.0,sell_aggr,-3.0,ASH_COATED_OSMIUM,-4,28.0,6.0
34000,,,ASH_COATED_OSMIUM,XIRECS,10010.0,7,0,10002.0,9994.0,10010.0,0.0,True,16.0,buy_aggr,8.0,ASH_COATED_OSMIUM,7,17.0,16.0
34500,,,ASH_COATED_OSMIUM,XIRECS,9993.0,8,0,9993.0,9993.0,,1.0,False,,mid_trade,0.0,ASH_COATED_OSMIUM,0,,0.0
36500,,,ASH_COATED_OSMIUM,XIRECS,10010.0,3,0,10001.0,9992.0,10010.0,-0.1666666666666666,True,18.0,buy_aggr,9.0,ASH_COATED_OSMIUM,3,18.0,18.0
37900,,,ASH_COATED_OSMIUM,XIRECS,9990.0,4,0,9999.0,9990.0,10008.0,0.4210526315789473,True,18.0,sell_aggr,-9.0,ASH_COATED_OSMIUM,-4,25.0,18.0
38400,,,ASH_COATED_OSMIUM,XIRECS,10009.0,3,0,9999.5,9990.0,10009.0,0.3888888888888889,True,19.0,buy_aggr,9.5,ASH_COATED_OSMIUM,3,16.0,19.0
39100,,,ASH_COATED_OSMIUM,XIRECS,10009.0,6,0,10009.0,,10009.0,-1.0,False,,mid_trade,0.0,ASH_COATED_OSMIUM,0,,0.0
39900,,,ASH_COATED_OSMIUM,XIRECS,10010.0,7,0,10002.0,9994.0,10010.0,0.0,True,16.0,buy_aggr,8.0,ASH_COATED_OSMIUM,7,21.0,16.0
41500,,,ASH_COATED_OSMIUM,XIRECS,10009.0,5,0,10001.0,9993.0,10009.0,0.0,True,16.0,buy_aggr,8.0,ASH_COATED_OSMIUM,5,9.0,16.0
50900,,,ASH_COATED_OSMIUM,XIRECS,9990.0,5,0,9999.5,9990.0,10009.0,-0.2222222222222222,True,19.0,sell_aggr,-9.5,ASH_COATED_OSMIUM,-5,9.0,19.0
54600,,,ASH_COATED_OSMIUM,XIRECS,9988.0,6,0,9996.0,9988.0,10004.0,0.0,True,16.0,sell_aggr,-8.0,ASH_COATED_OSMIUM,-6,11.0,16.0
58400,,,ASH_COATED_OSMIUM,XIRECS,9987.0,3,0,9995.0,9987.0,10003.0,0.0,True,16.0,sell_aggr,-8.0,ASH_COATED_OSMIUM,-3,16.0,16.0
59500,,,ASH_COATED_OSMIUM,XIRECS,10002.0,2,0,9994.0,9986.0,10002.0,0.0,True,16.0,buy_aggr,8.0,ASH_COATED_OSMIUM,2,9.0,16.0
62000,,,ASH_COATED_OSMIUM,XIRECS,10005.0,6,0,9997.0,9989.0,10005.0,0.0,True,16.0,buy_aggr,8.0,ASH_COATED_OSMIUM,6,14.0,16.0
63700,,,ASH_COATED_OSMIUM,XIRECS,9989.0,2,0,9997.0,9989.0,10005.0,0.0,True,16.0,sell_aggr,-8.0,ASH_COATED_OSMIUM,-2,16.0,16.0
64900,,,ASH_COATED_OSMIUM,XIRECS,10004.0,4,0,9996.0,9988.0,10004.0,0.0,True,16.0,buy_aggr,8.0,ASH_COATED_OSMIUM,4,14.0,16.0
65300,,,ASH_COATED_OSMIUM,XIRECS,9985.0,2,0,9994.5,9985.0,10004.0,0.3125,True,19.0,sell_aggr,-9.5,ASH_COATED_OSMIUM,-2,27.0,19.0
68000,,,ASH_COATED_OSMIUM,XIRECS,10005.0,3,0,9997.0,9989.0,10005.0,0.0,True,16.0,buy_aggr,8.0,ASH_COATED_OSMIUM,3,10.0,16.0
76300,,,ASH_COATED_OSMIUM,XIRECS,9993.0,6,0,10001.0,9993.0,10009.0,0.0,True,16.0,sell_aggr,-8.0,ASH_COATED_OSMIUM,-6,14.0,16.0
76500,,,ASH_COATED_OSMIUM,XIRECS,10012.0,8,0,10005.5,9999.0,10012.0,-0.6774193548387096,True,13.0,buy_aggr,6.5,ASH_COATED_OSMIUM,8,24.0,13.0
83700,,,ASH_COATED_OSMIUM,XIRECS,10005.0,2,0,9995.5,9986.0,10005.0,0.2307692307692307,True,19.0,buy_aggr,9.5,ASH_COATED_OSMIUM,2,8.0,19.0
85500,,,ASH_COATED_OSMIUM,XIRECS,9988.0,7,0,9996.0,9988.0,10004.0,0.0,True,16.0,sell_aggr,-8.0,ASH_COATED_OSMIUM,-7,30.0,16.0
85700,,,ASH_COATED_OSMIUM,XIRECS,9995.0,3,0,9992.0,9989.0,9995.0,0.2727272727272727,True,6.0,buy_aggr,3.0,ASH_COATED_OSMIUM,3,-16.0,6.0
85900,,,ASH_COATED_OSMIUM,XIRECS,9986.0,5,0,9995.5,9986.0,10005.0,0.1764705882352941,True,19.0,sell_aggr,-9.5,ASH_COATED_OSMIUM,-5,34.0,19.0
87900,,,ASH_COATED_OSMIUM,XIRECS,9992.0,5,0,10000.0,9992.0,10008.0,0.0,True,16.0,sell_aggr,-8.0,ASH_COATED_OSMIUM,-5,18.0,16.0
88300,,,ASH_COATED_OSMIUM,XIRECS,10011.0,2,0,10002.0,9993.0,10011.0,-0.2857142857142857,True,18.0,buy_aggr,9.0,ASH_COATED_OSMIUM,2,18.0,18.0
90200,,,ASH_COATED_OSMIUM,XIRECS,10011.0,10,0,10003.0,9995.0,10011.0,0.0,True,16.0,buy_aggr,8.0,ASH_COATED_OSMIUM,10,23.0,16.0
90700,,,ASH_COATED_OSMIUM,XIRECS,10011.0,2,0,10003.0,9995.0,10011.0,0.0,True,16.0,buy_aggr,8.0,ASH_COATED_OSMIUM,2,20.0,16.0
90800,,,ASH_COATED_OSMIUM,XIRECS,9995.0,6,0,10004.5,9995.0,10014.0,-0.3333333333333333,True,19.0,sell_aggr,-9.5,ASH_COATED_OSMIUM,-6,13.0,19.0
95900,,,ASH_COATED_OSMIUM,XIRECS,10008.0,3,0,10000.0,9992.0,10008.0,0.0,True,16.0,buy_aggr,8.0,ASH_COATED_OSMIUM,3,10.0,16.0
96900,,,ASH_COATED_OSMIUM,XIRECS,10007.0,6,0,9999.0,9991.0,10007.0,0.0,True,16.0,buy_aggr,8.0,ASH_COATED_OSMIUM,6,6.0,16.0
96900,,,ASH_COATED_OSMIUM,XIRECS,10007.0,8,0,9999.0,9991.0,10007.0,0.0,True,16.0,buy_aggr,8.0,ASH_COATED_OSMIUM,8,6.0,16.0
105900,,,ASH_COATED_OSMIUM,XIRECS,10013.0,5,0,10003.5,9994.0,10013.0,-0.3333333333333333,True,19.0,buy_aggr,9.5,ASH_COATED_OSMIUM,5,24.0,19.0
107200,,,ASH_COATED_OSMIUM,XIRECS,9995.0,3,0,10003.0,9995.0,10011.0,0.0,True,16.0,sell_aggr,-8.0,ASH_COATED_OSMIUM,-3,14.0,16.0
111600,,,ASH_COATED_OSMIUM,XIRECS,9993.0,5,0,10001.0,9993.0,10009.0,0.0,True,16.0,sell_aggr,-8.0,ASH_COATED_OSMIUM,-5,22.0,16.0
114700,,,ASH_COATED_OSMIUM,XIRECS,9995.0,3,0,10003.0,9995.0,10011.0,0.0,True,16.0,sell_aggr,-8.0,ASH_COATED_OSMIUM,-3,18.0,16.0
116100,,,ASH_COATED_OSMIUM,XIRECS,9993.0,8,0,10002.0,9993.0,10011.0,0.3333333333333333,True,18.0,sell_aggr,-9.0,ASH_COATED_OSMIUM,-8,14.0,18.0
122000,,,ASH_COATED_OSMIUM,XIRECS,10012.0,10,0,10002.5,9993.0,10012.0,0.4210526315789473,True,19.0,buy_aggr,9.5,ASH_COATED_OSMIUM,10,22.0,19.0
122300,,,ASH_COATED_OSMIUM,XIRECS,10012.0,5,0,10004.0,9996.0,10012.0,0.0,True,16.0,buy_aggr,8.0,ASH_COATED_OSMIUM,5,23.0,16.0
124500,,,ASH_COATED_OSMIUM,XIRECS,9992.0,2,0,10001.0,9992.0,10010.0,0.45,True,18.0,sell_aggr,-9.0,ASH_COATED_OSMIUM,-2,23.0,18.0
126400,,,ASH_COATED_OSMIUM,XIRECS,9993.0,6,0,10001.0,9993.0,10009.0,0.0,True,16.0,sell_aggr,-8.0,ASH_COATED_OSMIUM,-6,16.0,16.0
126500,,,ASH_COATED_OSMIUM,XIRECS,9993.0,6,0,10001.0,9993.0,10009.0,0.0,True,16.0,sell_aggr,-8.0,ASH_COATED_OSMIUM,-6,15.0,16.0
127800,,,ASH_COATED_OSMIUM,XIRECS,10012.0,2,0,10002.5,9993.0,10012.0,-0.3023255813953488,True,19.0,buy_aggr,9.5,ASH_COATED_OSMIUM,2,24.0,19.0
130300,,,ASH_COATED_OSMIUM,XIRECS,10011.0,2,0,10002.0,9993.0,10011.0,-0.3181818181818182,True,18.0,buy_aggr,9.0,ASH_COATED_OSMIUM,2,22.0,18.0
131000,,,ASH_COATED_OSMIUM,XIRECS,10008.0,9,0,10000.0,9992.0,10008.0,0.0,True,16.0,buy_aggr,8.0,ASH_COATED_OSMIUM,9,14.0,16.0
131400,,,ASH_COATED_OSMIUM,XIRECS,10009.0,2,0,10001.0,9993.0,10009.0,0.0,True,16.0,buy_aggr,8.0,ASH_COATED_OSMIUM,2,17.0,16.0
137700,,,ASH_COATED_OSMIUM,XIRECS,10012.0,3,0,10002.5,9993.0,10012.0,-0.3142857142857143,True,19.0,buy_aggr,9.5,ASH_COATED_OSMIUM,3,20.0,19.0
139400,,,ASH_COATED_OSMIUM,XIRECS,9995.0,6,0,10004.5,9995.0,10014.0,-0.25,True,19.0,sell_aggr,-9.5,ASH_COATED_OSMIUM,-6,12.0,19.0
139400,,,ASH_COATED_OSMIUM,XIRECS,9995.0,5,0,10004.5,9995.0,10014.0,-0.25,True,19.0,sell_aggr,-9.5,ASH_COATED_OSMIUM,-5,12.0,19.0
142000,,,ASH_COATED_OSMIUM,XIRECS,9994.0,2,0,10002.0,9994.0,10010.0,0.0,True,16.0,sell_aggr,-8.0,ASH_COATED_OSMIUM,-2,18.0,16.0
142200,,,ASH_COATED_OSMIUM,XIRECS,9994.0,6,0,10002.0,9994.0,10010.0,0.0,True,16.0,sell_aggr,-8.0,ASH_COATED_OSMIUM,-6,12.0,16.0
146700,,,ASH_COATED_OSMIUM,XIRECS,10010.0,6,0,10002.0,9994.0,10010.0,0.0,True,16.0,buy_aggr,8.0,ASH_COATED_OSMIUM,6,18.0,16.0
149500,,,ASH_COATED_OSMIUM,XIRECS,10012.0,9,0,10005.5,9999.0,10012.0,-0.7142857142857143,True,13.0,buy_aggr,6.5,ASH_COATED_OSMIUM,9,13.0,13.0
153200,,,ASH_COATED_OSMIUM,XIRECS,9996.0,5,0,10004.0,9996.0,10012.0,0.0,True,16.0,sell_aggr,-8.0,ASH_COATED_OSMIUM,-5,20.0,16.0
154600,,,ASH_COATED_OSMIUM,XIRECS,9995.0,2,0,10004.0,9995.0,10013.0,-0.3636363636363636,True,18.0,sell_aggr,-9.0,ASH_COATED_OSMIUM,-2,20.0,18.0
155300,,,ASH_COATED_OSMIUM,XIRECS,10012.0,10,0,10004.0,9996.0,10012.0,0.0,True,16.0,buy_aggr,8.0,ASH_COATED_OSMIUM,10,14.0,16.0
155500,,,ASH_COATED_OSMIUM,XIRECS,10012.0,6,0,10004.0,9996.0,10012.0,0.0,True,16.0,buy_aggr,8.0,ASH_COATED_OSMIUM,6,14.0,16.0
155700,,,ASH_COATED_OSMIUM,XIRECS,10015.0,7,0,10004.5,9994.0,10015.0,0.0,True,21.0,buy_aggr,10.5,ASH_COATED_OSMIUM,7,20.0,21.0
155800,,,ASH_COATED_OSMIUM,XIRECS,9997.0,5,0,10001.5,9997.0,10006.0,0.375,True,9.0,sell_aggr,-4.5,ASH_COATED_OSMIUM,-5,18.0,9.0
158200,,,ASH_COATED_OSMIUM,XIRECS,9998.0,5,0,10006.0,9998.0,10014.0,0.0,True,16.0,sell_aggr,-8.0,ASH_COATED_OSMIUM,-5,7.0,16.0
165300,,,ASH_COATED_OSMIUM,XIRECS,9998.0,5,0,10006.0,9998.0,10014.0,0.0,True,16.0,sell_aggr,-8.0,ASH_COATED_OSMIUM,-5,12.0,16.0
172700,,,ASH_COATED_OSMIUM,XIRECS,10015.0,4,0,10007.0,9999.0,10015.0,0.0,True,16.0,buy_aggr,8.0,ASH_COATED_OSMIUM,4,18.0,16.0
173100,,,ASH_COATED_OSMIUM,XIRECS,10009.0,2,0,10004.0,9999.0,10009.0,0.6666666666666666,True,10.0,buy_aggr,5.0,ASH_COATED_OSMIUM,2,1.0,10.0
177700,,,ASH_COATED_OSMIUM,XIRECS,9998.0,10,0,10006.0,9998.0,10014.0,0.0,True,16.0,sell_aggr,-8.0,ASH_COATED_OSMIUM,-10,19.0,16.0
181600,,,ASH_COATED_OSMIUM,XIRECS,9999.0,2,0,10008.0,9999.0,10017.0,-0.2105263157894736,True,18.0,sell_aggr,-9.0,ASH_COATED_OSMIUM,-2,16.0,18.0
182700,,,ASH_COATED_OSMIUM,XIRECS,9998.0,5,0,10007.5,9998.0,10017.0,-0.4736842105263157,True,19.0,sell_aggr,-9.5,ASH_COATED_OSMIUM,-5,18.0,19.0
184700,,,ASH_COATED_OSMIUM,XIRECS,10008.0,5,0,10012.5,10008.0,10017.0,-0.7575757575757576,True,9.0,sell_aggr,-4.5,ASH_COATED_OSMIUM,-5,-17.0,9.0
184800,,,ASH_COATED_OSMIUM,XIRECS,9999.0,4,0,9999.0,9999.0,,1.0,False,,mid_trade,0.0,ASH_COATED_OSMIUM,0,,0.0
185900,,,ASH_COATED_OSMIUM,XIRECS,10000.0,10,0,10008.0,10000.0,10016.0,0.0,True,16.0,sell_aggr,-8.0,ASH_COATED_OSMIUM,-10,10.0,16.0
186800,,,ASH_COATED_OSMIUM,XIRECS,9999.0,4,0,10007.0,9999.0,10015.0,0.0,True,16.0,sell_aggr,-8.0,ASH_COATED_OSMIUM,-4,14.0,16.0
190400,,,ASH_COATED_OSMIUM,XIRECS,10012.0,3,0,10004.0,9996.0,10012.0,0.0,True,16.0,buy_aggr,8.0,ASH_COATED_OSMIUM,3,5.0,16.0
192600,,,ASH_COATED_OSMIUM,XIRECS,9997.0,8,0,10006.5,9997.0,10016.0,-0.3939393939393939,True,19.0,sell_aggr,-9.5,ASH_COATED_OSMIUM,-8,16.0,19.0
192900,,,ASH_COATED_OSMIUM,XIRECS,10013.0,10,0,10005.0,9997.0,10013.0,0.0,True,16.0,buy_aggr,8.0,ASH_COATED_OSMIUM,10,16.0,16.0
197300,,,ASH_COATED_OSMIUM,XIRECS,9997.0,9,0,10005.0,9997.0,10013.0,0.0,True,16.0,sell_aggr,-8.0,ASH_COATED_OSMIUM,-9,14.0,16.0
200100,,,ASH_COATED_OSMIUM,XIRECS,9997.0,6,0,10006.5,9997.0,10016.0,-0.4871794871794871,True,19.0,sell_aggr,-9.5,ASH_COATED_OSMIUM,-6,10.0,19.0
200300,,,ASH_COATED_OSMIUM,XIRECS,9998.0,10,0,10006.0,9998.0,10014.0,0.0,True,16.0,sell_aggr,-8.0,ASH_COATED_OSMIUM,-10,6.0,16.0
200400,,,ASH_COATED_OSMIUM,XIRECS,10014.0,2,0,10006.0,9998.0,10014.0,0.0,True,16.0,buy_aggr,8.0,ASH_COATED_OSMIUM,2,24.0,16.0
200600,,,ASH_COATED_OSMIUM,XIRECS,10013.0,2,0,10003.5,9994.0,10013.0,0.25,True,19.0,buy_aggr,9.5,ASH_COATED_OSMIUM,2,23.0,19.0
200700,,,ASH_COATED_OSMIUM,XIRECS,10012.0,8,0,10004.0,9996.0,10012.0,0.0,True,16.0,buy_aggr,8.0,ASH_COATED_OSMIUM,8,20.0,16.0
201700,,,ASH_COATED_OSMIUM,XIRECS,9994.0,4,0,10003.5,9994.0,10013.0,0.2972972972972973,True,19.0,sell_aggr,-9.5,ASH_COATED_OSMIUM,-4,23.0,19.0
205600,,,ASH_COATED_OSMIUM,XIRECS,9991.0,2,0,10001.5,9991.0,10012.0,0.0,True,21.0,sell_aggr,-10.5,ASH_COATED_OSMIUM,-2,14.0,21.0
206600,,,ASH_COATED_OSMIUM,XIRECS,9993.0,7,0,10001.0,9993.0,10009.0,0.0,True,16.0,sell_aggr,-8.0,ASH_COATED_OSMIUM,-7,10.0,16.0
208900,,,ASH_COATED_OSMIUM,XIRECS,9988.0,10,0,9997.0,9988.0,10006.0,0.3658536585365853,True,18.0,sell_aggr,-9.0,ASH_COATED_OSMIUM,-10,20.0,18.0
210000,,,ASH_COATED_OSMIUM,XIRECS,9987.0,4,0,9996.5,9987.0,10006.0,0.375,True,19.0,sell_aggr,-9.5,ASH_COATED_OSMIUM,-4,26.0,19.0
212700,,,ASH_COATED_OSMIUM,XIRECS,9987.0,6,0,9991.0,9987.0,9995.0,0.6774193548387096,True,8.0,sell_aggr,-4.0,ASH_COATED_OSMIUM,-6,25.0,8.0
222900,,,ASH_COATED_OSMIUM,XIRECS,10011.0,2,0,10002.0,9993.0,10011.0,-0.45,True,18.0,buy_aggr,9.0,ASH_COATED_OSMIUM,2,26.0,18.0
224800,,,ASH_COATED_OSMIUM,XIRECS,10008.0,5,0,10000.0,9992.0,10008.0,0.0,True,16.0,buy_aggr,8.0,ASH_COATED_OSMIUM,5,15.0,16.0
224900,,,ASH_COATED_OSMIUM,XIRECS,10008.0,7,0,10000.0,9992.0,10008.0,0.0,True,16.0,buy_aggr,8.0,ASH_COATED_OSMIUM,7,18.0,16.0
226200,,,ASH_COATED_OSMIUM,XIRECS,9989.0,6,0,9998.0,9989.0,10007.0,0.3714285714285714,True,18.0,sell_aggr,-9.0,ASH_COATED_OSMIUM,-6,20.0,18.0
227600,,,ASH_COATED_OSMIUM,XIRECS,9990.0,5,0,9999.5,9990.0,10009.0,-0.3658536585365853,True,19.0,sell_aggr,-9.5,ASH_COATED_OSMIUM,-5,19.0,19.0
228000,,,ASH_COATED_OSMIUM,XIRECS,9990.0,5,0,9998.0,9990.0,10006.0,0.0,True,16.0,sell_aggr,-8.0,ASH_COATED_OSMIUM,-5,16.0,16.0
229200,,,ASH_COATED_OSMIUM,XIRECS,10001.0,2,0,9995.0,9989.0,10001.0,0.875,True,12.0,buy_aggr,6.0,ASH_COATED_OSMIUM,2,8.0,12.0
229600,,,ASH_COATED_OSMIUM,XIRECS,10011.0,5,0,10001.5,9992.0,10011.0,-0.2121212121212121,True,19.0,buy_aggr,9.5,ASH_COATED_OSMIUM,5,24.0,19.0
235600,,,ASH_COATED_OSMIUM,XIRECS,9989.0,8,0,9998.5,9989.0,10008.0,-0.5,True,19.0,sell_aggr,-9.5,ASH_COATED_OSMIUM,-8,14.0,19.0
236100,,,ASH_COATED_OSMIUM,XIRECS,9989.0,4,0,9997.0,9989.0,10005.0,0.0,True,16.0,sell_aggr,-8.0,ASH_COATED_OSMIUM,-4,13.0,16.0
236500,,,ASH_COATED_OSMIUM,XIRECS,9989.0,2,0,9997.0,9989.0,10005.0,0.0,True,16.0,sell_aggr,-8.0,ASH_COATED_OSMIUM,-2,14.0,16.0
236600,,,ASH_COATED_OSMIUM,XIRECS,9990.0,4,0,9998.0,9990.0,10006.0,0.0,True,16.0,sell_aggr,-8.0,ASH_COATED_OSMIUM,-4,12.0,16.0
237000,,,ASH_COATED_OSMIUM,XIRECS,10005.0,5,0,9997.0,9989.0,10005.0,0.0,True,16.0,buy_aggr,8.0,ASH_COATED_OSMIUM,5,16.0,16.0
237100,,,ASH_COATED_OSMIUM,XIRECS,9987.0,3,0,9997.5,9987.0,10008.0,0.0,True,21.0,sell_aggr,-10.5,ASH_COATED_OSMIUM,-3,20.0,21.0
241700,,,ASH_COATED_OSMIUM,XIRECS,9988.0,7,0,9997.0,9988.0,10006.0,-0.3142857142857143,True,18.0,sell_aggr,-9.0,ASH_COATED_OSMIUM,-7,10.0,18.0
242800,,,ASH_COATED_OSMIUM,XIRECS,10003.0,5,0,9995.0,9987.0,10003.0,0.0,True,16.0,buy_aggr,8.0,ASH_COATED_OSMIUM,5,32.0,16.0
243200,,,ASH_COATED_OSMIUM,XIRECS,10003.0,6,0,9995.0,9987.0,10003.0,0.0,True,16.0,buy_aggr,8.0,ASH_COATED_OSMIUM,6,20.0,16.0
243700,,,ASH_COATED_OSMIUM,XIRECS,10006.0,6,0,9996.5,9987.0,10006.0,-0.3333333333333333,True,19.0,buy_aggr,9.5,ASH_COATED_OSMIUM,6,24.0,19.0
246200,,,ASH_COATED_OSMIUM,XIRECS,9986.0,9,0,9994.0,9986.0,10002.0,0.0,True,16.0,sell_aggr,-8.0,ASH_COATED_OSMIUM,-9,2.0,16.0
247600,,,ASH_COATED_OSMIUM,XIRECS,9985.0,6,0,9993.0,9985.0,10001.0,0.0,True,16.0,sell_aggr,-8.0,ASH_COATED_OSMIUM,-6,17.0,16.0
251700,,,ASH_COATED_OSMIUM,XIRECS,9985.0,4,0,9993.0,9985.0,10001.0,0.0,True,16.0,sell_aggr,-8.0,ASH_COATED_OSMIUM,-4,22.0,16.0
252300,,,ASH_COATED_OSMIUM,XIRECS,10001.0,5,0,9993.5,9986.0,10001.0,0.0,True,15.0,buy_aggr,7.5,ASH_COATED_OSMIUM,5,6.0,15.0
252400,,,ASH_COATED_OSMIUM,XIRECS,10004.0,7,0,9994.5,9985.0,10004.0,-0.1891891891891892,True,19.0,buy_aggr,9.5,ASH_COATED_OSMIUM,7,16.0,19.0
258300,,,ASH_COATED_OSMIUM,XIRECS,10003.0,9,0,9995.0,9987.0,10003.0,0.0,True,16.0,buy_aggr,8.0,ASH_COATED_OSMIUM,9,8.0,16.0
258400,,,ASH_COATED_OSMIUM,XIRECS,10004.0,4,0,9996.0,9988.0,10004.0,0.0,True,16.0,buy_aggr,8.0,ASH_COATED_OSMIUM,4,10.0,16.0
259400,,,ASH_COATED_OSMIUM,XIRECS,9989.0,8,0,9997.0,9989.0,10005.0,0.0,True,16.0,sell_aggr,-8.0,ASH_COATED_OSMIUM,-8,22.0,16.0
260500,,,ASH_COATED_OSMIUM,XIRECS,10008.0,7,0,9999.0,9990.0,10008.0,-0.2307692307692307,True,18.0,buy_aggr,9.0,ASH_COATED_OSMIUM,7,13.0,18.0
260600,,,ASH_COATED_OSMIUM,XIRECS,10006.0,2,0,9998.0,9990.0,10006.0,0.0,True,16.0,buy_aggr,8.0,ASH_COATED_OSMIUM,2,14.0,16.0
261300,,,ASH_COATED_OSMIUM,XIRECS,9988.0,2,0,9997.0,9988.0,10006.0,0.3333333333333333,True,18.0,sell_aggr,-9.0,ASH_COATED_OSMIUM,-2,28.0,18.0
265000,,,ASH_COATED_OSMIUM,XIRECS,9991.0,8,0,9991.0,9991.0,,1.0,False,,mid_trade,0.0,ASH_COATED_OSMIUM,0,,0.0
267000,,,ASH_COATED_OSMIUM,XIRECS,9993.0,9,0,10001.0,9993.0,10009.0,0.0,True,16.0,sell_aggr,-8.0,ASH_COATED_OSMIUM,-9,22.0,16.0
268800,,,ASH_COATED_OSMIUM,XIRECS,10012.0,6,0,10002.5,9993.0,10012.0,-0.3953488372093023,True,19.0,buy_aggr,9.5,ASH_COATED_OSMIUM,6,25.0,19.0
269400,,,ASH_COATED_OSMIUM,XIRECS,9993.0,4,0,10002.0,9993.0,10011.0,-0.4285714285714285,True,18.0,sell_aggr,-9.0,ASH_COATED_OSMIUM,-4,20.0,18.0
270400,,,ASH_COATED_OSMIUM,XIRECS,10011.0,2,0,10003.0,9995.0,10011.0,0.0,True,16.0,buy_aggr,8.0,ASH_COATED_OSMIUM,2,19.0,16.0
271800,,,ASH_COATED_OSMIUM,XIRECS,10011.0,5,0,10003.0,9995.0,10011.0,0.0,True,16.0,buy_aggr,8.0,ASH_COATED_OSMIUM,5,18.0,16.0
272800,,,ASH_COATED_OSMIUM,XIRECS,10012.0,6,0,10004.0,9996.0,10012.0,0.0,True,16.0,buy_aggr,8.0,ASH_COATED_OSMIUM,6,22.0,16.0
275600,,,ASH_COATED_OSMIUM,XIRECS,10011.0,4,0,10001.5,9992.0,10011.0,0.3170731707317073,True,19.0,buy_aggr,9.5,ASH_COATED_OSMIUM,4,18.0,19.0
280900,,,ASH_COATED_OSMIUM,XIRECS,9994.0,2,0,10002.0,9994.0,10010.0,0.0,True,16.0,sell_aggr,-8.0,ASH_COATED_OSMIUM,-2,22.0,16.0
282500,,,ASH_COATED_OSMIUM,XIRECS,9994.0,4,0,10002.0,9994.0,10010.0,0.0,True,16.0,sell_aggr,-8.0,ASH_COATED_OSMIUM,-4,20.0,16.0
282700,,,ASH_COATED_OSMIUM,XIRECS,10004.0,3,0,9999.5,9995.0,10004.0,0.6,True,9.0,buy_aggr,4.5,ASH_COATED_OSMIUM,3,4.0,9.0
291400,,,ASH_COATED_OSMIUM,XIRECS,9994.0,3,0,10002.0,9994.0,10010.0,0.0,True,16.0,sell_aggr,-8.0,ASH_COATED_OSMIUM,-3,16.0,16.0
295500,,,ASH_COATED_OSMIUM,XIRECS,10009.0,8,0,10001.0,9993.0,10009.0,0.0,True,16.0,buy_aggr,8.0,ASH_COATED_OSMIUM,8,16.0,16.0
297000,,,ASH_COATED_OSMIUM,XIRECS,10010.0,9,0,10002.0,9994.0,10010.0,0.0,True,16.0,buy_aggr,8.0,ASH_COATED_OSMIUM,9,18.0,16.0
297300,,,ASH_COATED_OSMIUM,XIRECS,10011.0,3,0,10001.5,9992.0,10011.0,0.3513513513513513,True,19.0,buy_aggr,9.5,ASH_COATED_OSMIUM,3,18.0,19.0
299500,,,ASH_COATED_OSMIUM,XIRECS,9993.0,2,0,10003.5,9993.0,10014.0,0.0,True,21.0,sell_aggr,-10.5,ASH_COATED_OSMIUM,-2,18.0,21.0
301600,,,ASH_COATED_OSMIUM,XIRECS,9994.0,9,0,10002.0,9994.0,10010.0,0.0,True,16.0,sell_aggr,-8.0,ASH_COATED_OSMIUM,-9,14.0,16.0
302800,,,ASH_COATED_OSMIUM,XIRECS,10003.0,2,0,10006.5,10003.0,10010.0,-0.4736842105263157,True,7.0,sell_aggr,-3.5,ASH_COATED_OSMIUM,-2,-2.0,7.0
306200,,,ASH_COATED_OSMIUM,XIRECS,9994.0,6,0,10002.0,9994.0,10010.0,0.0,True,16.0,sell_aggr,-8.0,ASH_COATED_OSMIUM,-6,14.0,16.0
306500,,,ASH_COATED_OSMIUM,XIRECS,10010.0,5,0,10002.0,9994.0,10010.0,0.0,True,16.0,buy_aggr,8.0,ASH_COATED_OSMIUM,5,18.0,16.0
307600,,,ASH_COATED_OSMIUM,XIRECS,9994.0,5,0,10002.0,9994.0,10010.0,0.0,True,16.0,sell_aggr,-8.0,ASH_COATED_OSMIUM,-5,16.0,16.0
310000,,,ASH_COATED_OSMIUM,XIRECS,10008.0,9,0,9998.5,9989.0,10008.0,0.2777777777777778,True,19.0,buy_aggr,9.5,ASH_COATED_OSMIUM,9,10.0,19.0
310900,,,ASH_COATED_OSMIUM,XIRECS,10009.0,6,0,10001.0,9993.0,10009.0,0.0,True,16.0,buy_aggr,8.0,ASH_COATED_OSMIUM,6,14.0,16.0
313100,,,ASH_COATED_OSMIUM,XIRECS,9995.0,2,0,10003.0,9995.0,10011.0,0.0,True,16.0,sell_aggr,-8.0,ASH_COATED_OSMIUM,-2,16.0,16.0
313600,,,ASH_COATED_OSMIUM,XIRECS,10012.0,3,0,10004.0,9996.0,10012.0,0.0,True,16.0,buy_aggr,8.0,ASH_COATED_OSMIUM,3,17.0,16.0
320900,,,ASH_COATED_OSMIUM,XIRECS,10016.0,6,0,10006.5,9997.0,10016.0,-0.4285714285714285,True,19.0,buy_aggr,9.5,ASH_COATED_OSMIUM,6,30.0,19.0
323500,,,ASH_COATED_OSMIUM,XIRECS,9994.0,6,0,10002.0,9994.0,10010.0,0.0,True,16.0,sell_aggr,-8.0,ASH_COATED_OSMIUM,-6,11.0,16.0
324600,,,ASH_COATED_OSMIUM,XIRECS,9993.0,2,0,10001.0,9993.0,10009.0,0.0,True,16.0,sell_aggr,-8.0,ASH_COATED_OSMIUM,-2,15.0,16.0
325000,,,ASH_COATED_OSMIUM,XIRECS,10009.0,5,0,10001.0,9993.0,10009.0,0.0,True,16.0,buy_aggr,8.0,ASH_COATED_OSMIUM,5,16.0,16.0
329000,,,ASH_COATED_OSMIUM,XIRECS,9993.0,9,0,10001.0,9993.0,10009.0,0.0,True,16.0,sell_aggr,-8.0,ASH_COATED_OSMIUM,-9,20.0,16.0
330600,,,ASH_COATED_OSMIUM,XIRECS,9994.0,2,0,10002.0,9994.0,10010.0,0.0,True,16.0,sell_aggr,-8.0,ASH_COATED_OSMIUM,-2,16.0,16.0
331800,,,ASH_COATED_OSMIUM,XIRECS,10011.0,8,0,10002.0,9993.0,10011.0,0.3181818181818182,True,18.0,buy_aggr,9.0,ASH_COATED_OSMIUM,8,16.0,18.0
332800,,,ASH_COATED_OSMIUM,XIRECS,10010.0,5,0,10002.0,9994.0,10010.0,0.0,True,16.0,buy_aggr,8.0,ASH_COATED_OSMIUM,5,14.0,16.0
335800,,,ASH_COATED_OSMIUM,XIRECS,9994.0,6,0,10002.0,9994.0,10010.0,0.0,True,16.0,sell_aggr,-8.0,ASH_COATED_OSMIUM,-6,13.0,16.0
336000,,,ASH_COATED_OSMIUM,XIRECS,9995.0,6,0,10003.0,9995.0,10011.0,0.0,True,16.0,sell_aggr,-8.0,ASH_COATED_OSMIUM,-6,10.0,16.0
336400,,,ASH_COATED_OSMIUM,XIRECS,10012.0,9,0,10004.0,9996.0,10012.0,0.0,True,16.0,buy_aggr,8.0,ASH_COATED_OSMIUM,9,20.0,16.0
336800,,,ASH_COATED_OSMIUM,XIRECS,9994.0,4,0,10003.0,9994.0,10012.0,0.4634146341463415,True,18.0,sell_aggr,-9.0,ASH_COATED_OSMIUM,-4,16.0,18.0
337200,,,ASH_COATED_OSMIUM,XIRECS,9993.0,6,0,10002.0,9993.0,10011.0,0.3846153846153846,True,18.0,sell_aggr,-9.0,ASH_COATED_OSMIUM,-6,17.0,18.0
337300,,,ASH_COATED_OSMIUM,XIRECS,9995.0,7,0,10003.0,9995.0,10011.0,0.0,True,16.0,sell_aggr,-8.0,ASH_COATED_OSMIUM,-7,16.0,16.0
340700,,,ASH_COATED_OSMIUM,XIRECS,10009.0,2,0,10001.0,9993.0,10009.0,0.0,True,16.0,buy_aggr,8.0,ASH_COATED_OSMIUM,2,10.0,16.0
341200,,,ASH_COATED_OSMIUM,XIRECS,9994.0,2,0,10003.0,9994.0,10012.0,-0.3684210526315789,True,18.0,sell_aggr,-9.0,ASH_COATED_OSMIUM,-2,18.0,18.0
344200,,,ASH_COATED_OSMIUM,XIRECS,9996.0,4,0,10004.0,9996.0,10012.0,0.0,True,16.0,sell_aggr,-8.0,ASH_COATED_OSMIUM,-4,18.0,16.0
345800,,,ASH_COATED_OSMIUM,XIRECS,9996.0,3,0,10004.0,9996.0,10012.0,0.0,True,16.0,sell_aggr,-8.0,ASH_COATED_OSMIUM,-3,8.0,16.0
346200,,,ASH_COATED_OSMIUM,XIRECS,9995.0,4,0,10003.0,9995.0,10011.0,0.0,True,16.0,sell_aggr,-8.0,ASH_COATED_OSMIUM,-4,12.0,16.0
349400,,,ASH_COATED_OSMIUM,XIRECS,10009.0,4,0,10001.0,9993.0,10009.0,0.0,True,16.0,buy_aggr,8.0,ASH_COATED_OSMIUM,4,17.0,16.0
350400,,,ASH_COATED_OSMIUM,XIRECS,10008.0,5,0,10000.0,9992.0,10008.0,0.0,True,16.0,buy_aggr,8.0,ASH_COATED_OSMIUM,5,10.0,16.0
351800,,,ASH_COATED_OSMIUM,XIRECS,10010.0,5,0,10002.0,9994.0,10010.0,0.0,True,16.0,buy_aggr,8.0,ASH_COATED_OSMIUM,5,14.0,16.0
353000,,,ASH_COATED_OSMIUM,XIRECS,9993.0,5,0,10001.0,9993.0,10009.0,0.0,True,16.0,sell_aggr,-8.0,ASH_COATED_OSMIUM,-5,14.0,16.0
356700,,,ASH_COATED_OSMIUM,XIRECS,10011.0,9,0,10003.0,9995.0,10011.0,0.0,True,16.0,buy_aggr,8.0,ASH_COATED_OSMIUM,9,17.0,16.0
357500,,,ASH_COATED_OSMIUM,XIRECS,9996.0,3,0,10004.0,9996.0,10012.0,0.0,True,16.0,sell_aggr,-8.0,ASH_COATED_OSMIUM,-3,14.0,16.0
358400,,,ASH_COATED_OSMIUM,XIRECS,10011.0,3,0,10003.0,9995.0,10011.0,0.0,True,16.0,buy_aggr,8.0,ASH_COATED_OSMIUM,3,18.0,16.0
359300,,,ASH_COATED_OSMIUM,XIRECS,9995.0,4,0,10004.5,9995.0,10014.0,-0.3513513513513513,True,19.0,sell_aggr,-9.5,ASH_COATED_OSMIUM,-4,14.0,19.0
361400,,,ASH_COATED_OSMIUM,XIRECS,9994.0,6,0,9994.0,9994.0,,1.0,False,,mid_trade,0.0,ASH_COATED_OSMIUM,0,,0.0
363200,,,ASH_COATED_OSMIUM,XIRECS,10010.0,2,0,10007.0,10004.0,10010.0,-0.3043478260869565,True,6.0,buy_aggr,3.0,ASH_COATED_OSMIUM,2,15.0,6.0
365300,,,ASH_COATED_OSMIUM,XIRECS,9994.0,3,0,10002.0,9994.0,10010.0,0.0,True,16.0,sell_aggr,-8.0,ASH_COATED_OSMIUM,-3,16.0,16.0
375300,,,ASH_COATED_OSMIUM,XIRECS,9995.0,4,0,10003.0,9995.0,10011.0,0.0,True,16.0,sell_aggr,-8.0,ASH_COATED_OSMIUM,-4,12.0,16.0
375400,,,ASH_COATED_OSMIUM,XIRECS,10010.0,3,0,10002.0,9994.0,10010.0,0.0,True,16.0,buy_aggr,8.0,ASH_COATED_OSMIUM,3,15.0,16.0
377400,,,ASH_COATED_OSMIUM,XIRECS,9994.0,4,0,10002.0,9994.0,10010.0,0.0,True,16.0,sell_aggr,-8.0,ASH_COATED_OSMIUM,-4,14.0,16.0
380900,,,ASH_COATED_OSMIUM,XIRECS,9995.0,8,0,10003.0,9995.0,10011.0,0.0,True,16.0,sell_aggr,-8.0,ASH_COATED_OSMIUM,-8,4.0,16.0
381000,,,ASH_COATED_OSMIUM,XIRECS,10010.0,2,0,10002.0,9994.0,10010.0,0.0,True,16.0,buy_aggr,8.0,ASH_COATED_OSMIUM,2,18.0,16.0
383000,,,ASH_COATED_OSMIUM,XIRECS,10009.0,6,0,10001.0,9993.0,10009.0,0.0,True,16.0,buy_aggr,8.0,ASH_COATED_OSMIUM,6,16.0,16.0
384000,,,ASH_COATED_OSMIUM,XIRECS,9990.0,4,0,9999.5,9990.0,10009.0,0.3888888888888889,True,19.0,sell_aggr,-9.5,ASH_COATED_OSMIUM,-4,22.0,19.0
389800,,,ASH_COATED_OSMIUM,XIRECS,10009.0,10,0,10001.0,9993.0,10009.0,0.0,True,16.0,buy_aggr,8.0,ASH_COATED_OSMIUM,10,17.0,16.0
389900,,,ASH_COATED_OSMIUM,XIRECS,9990.0,7,0,9999.5,9990.0,10009.0,0.3684210526315789,True,19.0,sell_aggr,-9.5,ASH_COATED_OSMIUM,-7,33.0,19.0
390400,,,ASH_COATED_OSMIUM,XIRECS,9993.0,9,0,10001.0,9993.0,10009.0,0.0,True,16.0,sell_aggr,-8.0,ASH_COATED_OSMIUM,-9,17.0,16.0
391100,,,ASH_COATED_OSMIUM,XIRECS,9992.0,4,0,10000.0,9992.0,10008.0,0.0,True,16.0,sell_aggr,-8.0,ASH_COATED_OSMIUM,-4,18.0,16.0
392300,,,ASH_COATED_OSMIUM,XIRECS,10010.0,5,0,10002.0,9994.0,10010.0,0.0,True,16.0,buy_aggr,8.0,ASH_COATED_OSMIUM,5,16.0,16.0
401700,,,ASH_COATED_OSMIUM,XIRECS,10012.0,9,0,10004.0,9996.0,10012.0,0.0,True,16.0,buy_aggr,8.0,ASH_COATED_OSMIUM,9,20.0,16.0
402400,,,ASH_COATED_OSMIUM,XIRECS,9994.0,5,0,10002.0,9994.0,10010.0,0.0,True,16.0,sell_aggr,-8.0,ASH_COATED_OSMIUM,-5,16.0,16.0
405200,,,ASH_COATED_OSMIUM,XIRECS,9992.0,2,0,10000.0,9992.0,10008.0,0.0,True,16.0,sell_aggr,-8.0,ASH_COATED_OSMIUM,-2,22.0,16.0
407400,,,ASH_COATED_OSMIUM,XIRECS,10010.0,8,0,10002.0,9994.0,10010.0,0.0,True,16.0,buy_aggr,8.0,ASH_COATED_OSMIUM,8,20.0,16.0
412600,,,ASH_COATED_OSMIUM,XIRECS,9992.0,4,0,10000.0,9992.0,10008.0,0.0,True,16.0,sell_aggr,-8.0,ASH_COATED_OSMIUM,-4,22.0,16.0
414000,,,ASH_COATED_OSMIUM,XIRECS,10010.0,6,0,10004.5,9999.0,10010.0,-0.4444444444444444,True,11.0,buy_aggr,5.5,ASH_COATED_OSMIUM,6,14.0,11.0
415800,,,ASH_COATED_OSMIUM,XIRECS,9994.0,6,0,10002.0,9994.0,10010.0,0.0,True,16.0,sell_aggr,-8.0,ASH_COATED_OSMIUM,-6,18.0,16.0
416100,,,ASH_COATED_OSMIUM,XIRECS,9994.0,2,0,10002.0,9994.0,10010.0,0.0,True,16.0,sell_aggr,-8.0,ASH_COATED_OSMIUM,-2,16.0,16.0
424700,,,ASH_COATED_OSMIUM,XIRECS,9990.0,6,0,9998.0,9990.0,10006.0,0.0,True,16.0,sell_aggr,-8.0,ASH_COATED_OSMIUM,-6,14.0,16.0
425200,,,ASH_COATED_OSMIUM,XIRECS,10006.0,6,0,9998.0,9990.0,10006.0,0.0,True,16.0,buy_aggr,8.0,ASH_COATED_OSMIUM,6,14.0,16.0
425800,,,ASH_COATED_OSMIUM,XIRECS,9990.0,7,0,9999.5,9990.0,10009.0,-0.1666666666666666,True,19.0,sell_aggr,-9.5,ASH_COATED_OSMIUM,-7,16.0,19.0
430100,,,ASH_COATED_OSMIUM,XIRECS,10007.0,4,0,9999.0,9991.0,10007.0,0.0,True,16.0,buy_aggr,8.0,ASH_COATED_OSMIUM,4,20.0,16.0
432800,,,ASH_COATED_OSMIUM,XIRECS,9991.0,6,0,9999.0,9991.0,10007.0,0.0,True,16.0,sell_aggr,-8.0,ASH_COATED_OSMIUM,-6,13.0,16.0
433700,,,ASH_COATED_OSMIUM,XIRECS,9990.0,6,0,9998.0,9990.0,10006.0,0.0,True,16.0,sell_aggr,-8.0,ASH_COATED_OSMIUM,-6,20.0,16.0
435400,,,ASH_COATED_OSMIUM,XIRECS,9989.0,3,0,9997.0,9989.0,10005.0,0.0,True,16.0,sell_aggr,-8.0,ASH_COATED_OSMIUM,-3,22.0,16.0
439100,,,ASH_COATED_OSMIUM,XIRECS,10008.0,5,0,10000.0,9992.0,10008.0,0.0,True,16.0,buy_aggr,8.0,ASH_COATED_OSMIUM,5,11.0,16.0
439800,,,ASH_COATED_OSMIUM,XIRECS,10011.0,7,0,10001.5,9992.0,10011.0,-0.4358974358974359,True,19.0,buy_aggr,9.5,ASH_COATED_OSMIUM,7,20.0,19.0
440300,,,ASH_COATED_OSMIUM,XIRECS,10008.0,3,0,10000.0,9992.0,10008.0,0.0,True,16.0,buy_aggr,8.0,ASH_COATED_OSMIUM,3,10.0,16.0
440700,,,ASH_COATED_OSMIUM,XIRECS,9991.0,2,0,9999.0,9991.0,10007.0,0.0,True,16.0,sell_aggr,-8.0,ASH_COATED_OSMIUM,-2,24.0,16.0
442100,,,ASH_COATED_OSMIUM,XIRECS,10003.0,4,0,9997.0,9991.0,10003.0,0.6666666666666666,True,12.0,buy_aggr,6.0,ASH_COATED_OSMIUM,4,3.0,12.0
442700,,,ASH_COATED_OSMIUM,XIRECS,10010.0,6,0,10002.0,9994.0,10010.0,0.0,True,16.0,buy_aggr,8.0,ASH_COATED_OSMIUM,6,14.0,16.0
443000,,,ASH_COATED_OSMIUM,XIRECS,10010.0,4,0,10002.0,9994.0,10010.0,0.0,True,16.0,buy_aggr,8.0,ASH_COATED_OSMIUM,4,24.0,16.0
444200,,,ASH_COATED_OSMIUM,XIRECS,10010.0,10,0,10002.0,9994.0,10010.0,0.0,True,16.0,buy_aggr,8.0,ASH_COATED_OSMIUM,10,14.0,16.0
445000,,,ASH_COATED_OSMIUM,XIRECS,10010.0,8,0,10002.0,9994.0,10010.0,0.0,True,16.0,buy_aggr,8.0,ASH_COATED_OSMIUM,8,14.0,16.0
449100,,,ASH_COATED_OSMIUM,XIRECS,9995.0,8,0,10003.0,9995.0,10011.0,0.0,True,16.0,sell_aggr,-8.0,ASH_COATED_OSMIUM,-8,26.0,16.0
450800,,,ASH_COATED_OSMIUM,XIRECS,10001.0,3,0,10006.5,10001.0,10012.0,-0.6,True,11.0,sell_aggr,-5.5,ASH_COATED_OSMIUM,-3,2.0,11.0
451800,,,ASH_COATED_OSMIUM,XIRECS,9996.0,5,0,10004.0,9996.0,10012.0,0.0,True,16.0,sell_aggr,-8.0,ASH_COATED_OSMIUM,-5,23.0,16.0
452300,,,ASH_COATED_OSMIUM,XIRECS,10012.0,7,0,10002.5,9993.0,10012.0,0.3809523809523809,True,19.0,buy_aggr,9.5,ASH_COATED_OSMIUM,7,10.0,19.0
453400,,,ASH_COATED_OSMIUM,XIRECS,9998.0,6,0,10006.0,9998.0,10014.0,0.0,True,16.0,sell_aggr,-8.0,ASH_COATED_OSMIUM,-6,16.0,16.0
453700,,,ASH_COATED_OSMIUM,XIRECS,10008.0,3,0,10011.5,10008.0,10015.0,-0.4,True,7.0,sell_aggr,-3.5,ASH_COATED_OSMIUM,-3,-2.0,7.0
456000,,,ASH_COATED_OSMIUM,XIRECS,10015.0,4,0,10006.0,9997.0,10015.0,0.2941176470588235,True,18.0,buy_aggr,9.0,ASH_COATED_OSMIUM,4,16.0,18.0
458400,,,ASH_COATED_OSMIUM,XIRECS,10014.0,6,0,10006.0,9998.0,10014.0,0.0,True,16.0,buy_aggr,8.0,ASH_COATED_OSMIUM,6,18.0,16.0
463900,,,ASH_COATED_OSMIUM,XIRECS,10013.0,6,0,10005.0,9997.0,10013.0,0.0,True,16.0,buy_aggr,8.0,ASH_COATED_OSMIUM,6,17.0,16.0
465500,,,ASH_COATED_OSMIUM,XIRECS,10013.0,6,0,10005.0,9997.0,10013.0,0.0,True,16.0,buy_aggr,8.0,ASH_COATED_OSMIUM,6,9.0,16.0
467800,,,ASH_COATED_OSMIUM,XIRECS,10007.0,2,0,10010.5,10007.0,10014.0,-0.4666666666666667,True,7.0,sell_aggr,-3.5,ASH_COATED_OSMIUM,-2,-6.0,7.0
467800,,,ASH_COATED_OSMIUM,XIRECS,10014.0,5,0,10010.5,10007.0,10014.0,-0.4666666666666667,True,7.0,buy_aggr,3.5,ASH_COATED_OSMIUM,5,20.0,7.0
468100,,,ASH_COATED_OSMIUM,XIRECS,9995.0,8,0,10005.5,9995.0,10016.0,0.0,True,21.0,sell_aggr,-10.5,ASH_COATED_OSMIUM,-8,15.0,21.0
471900,,,ASH_COATED_OSMIUM,XIRECS,10014.0,6,0,10006.0,9998.0,10014.0,0.0,True,16.0,buy_aggr,8.0,ASH_COATED_OSMIUM,6,27.0,16.0
472200,,,ASH_COATED_OSMIUM,XIRECS,9997.0,3,0,10005.0,9997.0,10013.0,0.0,True,16.0,sell_aggr,-8.0,ASH_COATED_OSMIUM,-3,4.0,16.0
476400,,,ASH_COATED_OSMIUM,XIRECS,10008.0,5,0,10000.0,9992.0,10008.0,0.0,True,16.0,buy_aggr,8.0,ASH_COATED_OSMIUM,5,15.0,16.0
477200,,,ASH_COATED_OSMIUM,XIRECS,9991.0,6,0,9999.0,9991.0,10007.0,0.0,True,16.0,sell_aggr,-8.0,ASH_COATED_OSMIUM,-6,14.0,16.0
478500,,,ASH_COATED_OSMIUM,XIRECS,9991.0,3,0,9999.0,9991.0,10007.0,0.0,True,16.0,sell_aggr,-8.0,ASH_COATED_OSMIUM,-3,6.0,16.0
478600,,,ASH_COATED_OSMIUM,XIRECS,9991.0,6,0,9999.0,9991.0,10007.0,0.0,True,16.0,sell_aggr,-8.0,ASH_COATED_OSMIUM,-6,11.0,16.0
479600,,,ASH_COATED_OSMIUM,XIRECS,9991.0,2,0,10000.5,9991.0,10010.0,-0.5,True,19.0,sell_aggr,-9.5,ASH_COATED_OSMIUM,-2,14.0,19.0
482600,,,ASH_COATED_OSMIUM,XIRECS,9989.0,5,0,9997.0,9989.0,10005.0,0.0,True,16.0,sell_aggr,-8.0,ASH_COATED_OSMIUM,-5,24.0,16.0
482700,,,ASH_COATED_OSMIUM,XIRECS,9989.0,5,0,9998.5,9989.0,10008.0,-0.4054054054054054,True,19.0,sell_aggr,-9.5,ASH_COATED_OSMIUM,-5,20.0,19.0
487200,,,ASH_COATED_OSMIUM,XIRECS,10008.0,3,0,10000.0,9992.0,10008.0,0.0,True,16.0,buy_aggr,8.0,ASH_COATED_OSMIUM,3,10.0,16.0
487500,,,ASH_COATED_OSMIUM,XIRECS,9990.0,4,0,10000.5,9990.0,10011.0,0.0,True,21.0,sell_aggr,-10.5,ASH_COATED_OSMIUM,-4,24.0,21.0
487700,,,ASH_COATED_OSMIUM,XIRECS,9990.0,5,0,9999.0,9990.0,10008.0,0.3513513513513513,True,18.0,sell_aggr,-9.0,ASH_COATED_OSMIUM,-5,23.0,18.0
489700,,,ASH_COATED_OSMIUM,XIRECS,10013.0,7,0,10003.5,9994.0,10013.0,-0.3714285714285714,True,19.0,buy_aggr,9.5,ASH_COATED_OSMIUM,7,18.0,19.0
494300,,,ASH_COATED_OSMIUM,XIRECS,10010.0,3,0,10002.0,9994.0,10010.0,0.0,True,16.0,buy_aggr,8.0,ASH_COATED_OSMIUM,3,20.0,16.0
498900,,,ASH_COATED_OSMIUM,XIRECS,9992.0,8,0,10001.5,9992.0,10011.0,-0.4210526315789473,True,19.0,sell_aggr,-9.5,ASH_COATED_OSMIUM,-8,16.0,19.0
500000,,,ASH_COATED_OSMIUM,XIRECS,9990.0,4,0,9999.5,9990.0,10009.0,0.4054054054054054,True,19.0,sell_aggr,-9.5,ASH_COATED_OSMIUM,-4,20.0,19.0
502100,,,ASH_COATED_OSMIUM,XIRECS,9991.0,4,0,9999.0,9991.0,10007.0,0.0,True,16.0,sell_aggr,-8.0,ASH_COATED_OSMIUM,-4,22.0,16.0
502700,,,ASH_COATED_OSMIUM,XIRECS,10007.0,2,0,9999.0,9991.0,10007.0,0.0,True,16.0,buy_aggr,8.0,ASH_COATED_OSMIUM,2,12.0,16.0
503100,,,ASH_COATED_OSMIUM,XIRECS,9996.0,3,0,9993.5,9991.0,9996.0,0.4444444444444444,True,5.0,buy_aggr,2.5,ASH_COATED_OSMIUM,3,-12.0,5.0
511000,,,ASH_COATED_OSMIUM,XIRECS,9997.0,4,0,10006.0,9997.0,10015.0,-0.4634146341463415,True,18.0,sell_aggr,-9.0,ASH_COATED_OSMIUM,-4,14.0,18.0
511700,,,ASH_COATED_OSMIUM,XIRECS,10014.0,6,0,10006.0,9998.0,10014.0,0.0,True,16.0,buy_aggr,8.0,ASH_COATED_OSMIUM,6,15.0,16.0
512500,,,ASH_COATED_OSMIUM,XIRECS,10014.0,4,0,10004.5,9995.0,10014.0,0.2941176470588235,True,19.0,buy_aggr,9.5,ASH_COATED_OSMIUM,4,15.0,19.0
512800,,,ASH_COATED_OSMIUM,XIRECS,9996.0,7,0,9996.0,9996.0,,1.0,False,,mid_trade,0.0,ASH_COATED_OSMIUM,0,,0.0
514300,,,ASH_COATED_OSMIUM,XIRECS,9995.0,5,0,10004.0,9995.0,10013.0,0.4634146341463415,True,18.0,sell_aggr,-9.0,ASH_COATED_OSMIUM,-5,24.0,18.0
516100,,,ASH_COATED_OSMIUM,XIRECS,10013.0,5,0,10005.0,9997.0,10013.0,0.0,True,16.0,buy_aggr,8.0,ASH_COATED_OSMIUM,5,13.0,16.0
517200,,,ASH_COATED_OSMIUM,XIRECS,10012.0,5,0,10003.0,9994.0,10012.0,0.3513513513513513,True,18.0,buy_aggr,9.0,ASH_COATED_OSMIUM,5,23.0,18.0
520100,,,ASH_COATED_OSMIUM,XIRECS,10015.0,6,0,10007.0,9999.0,10015.0,0.0,True,16.0,buy_aggr,8.0,ASH_COATED_OSMIUM,6,20.0,16.0
521800,,,ASH_COATED_OSMIUM,XIRECS,9996.0,4,0,10005.0,9996.0,10014.0,0.2972972972972973,True,18.0,sell_aggr,-9.0,ASH_COATED_OSMIUM,-4,16.0,18.0
522500,,,ASH_COATED_OSMIUM,XIRECS,10008.0,5,0,10003.0,9998.0,10008.0,0.4736842105263157,True,10.0,buy_aggr,5.0,ASH_COATED_OSMIUM,5,4.0,10.0
525700,,,ASH_COATED_OSMIUM,XIRECS,9997.0,4,0,10005.0,9997.0,10013.0,0.0,True,16.0,sell_aggr,-8.0,ASH_COATED_OSMIUM,-4,10.0,16.0
532300,,,ASH_COATED_OSMIUM,XIRECS,9998.0,3,0,10006.0,9998.0,10014.0,0.0,True,16.0,sell_aggr,-8.0,ASH_COATED_OSMIUM,-3,26.0,16.0
536100,,,ASH_COATED_OSMIUM,XIRECS,10003.0,6,0,10011.0,10003.0,10019.0,0.0,True,16.0,sell_aggr,-8.0,ASH_COATED_OSMIUM,-6,13.0,16.0
537200,,,ASH_COATED_OSMIUM,XIRECS,10019.0,3,0,10011.0,10003.0,10019.0,0.0,True,16.0,buy_aggr,8.0,ASH_COATED_OSMIUM,3,12.0,16.0
540100,,,ASH_COATED_OSMIUM,XIRECS,10020.0,2,0,10012.0,10004.0,10020.0,0.0,True,16.0,buy_aggr,8.0,ASH_COATED_OSMIUM,2,12.0,16.0
547300,,,ASH_COATED_OSMIUM,XIRECS,10005.0,9,0,10014.0,10005.0,10023.0,0.2105263157894736,True,18.0,sell_aggr,-9.0,ASH_COATED_OSMIUM,-9,16.0,18.0
552900,,,ASH_COATED_OSMIUM,XIRECS,10005.0,10,0,10013.0,10005.0,10021.0,0.0,True,16.0,sell_aggr,-8.0,ASH_COATED_OSMIUM,-10,12.0,16.0
554400,,,ASH_COATED_OSMIUM,XIRECS,10004.0,10,0,10012.0,10004.0,10020.0,0.0,True,16.0,sell_aggr,-8.0,ASH_COATED_OSMIUM,-10,12.0,16.0
556700,,,ASH_COATED_OSMIUM,XIRECS,10005.0,2,0,10013.0,10005.0,10021.0,0.0,True,16.0,sell_aggr,-8.0,ASH_COATED_OSMIUM,-2,8.0,16.0
557700,,,ASH_COATED_OSMIUM,XIRECS,10003.0,8,0,10011.0,10003.0,10019.0,0.0,True,16.0,sell_aggr,-8.0,ASH_COATED_OSMIUM,-8,10.0,16.0
560300,,,ASH_COATED_OSMIUM,XIRECS,10019.0,6,0,10011.0,10003.0,10019.0,0.0,True,16.0,buy_aggr,8.0,ASH_COATED_OSMIUM,6,20.0,16.0
563700,,,ASH_COATED_OSMIUM,XIRECS,10016.0,3,0,10008.0,10000.0,10016.0,0.0,True,16.0,buy_aggr,8.0,ASH_COATED_OSMIUM,3,12.0,16.0
566600,,,ASH_COATED_OSMIUM,XIRECS,10018.0,7,0,10010.0,10002.0,10018.0,0.0,True,16.0,buy_aggr,8.0,ASH_COATED_OSMIUM,7,20.0,16.0
567300,,,ASH_COATED_OSMIUM,XIRECS,10002.0,10,0,10010.0,10002.0,10018.0,0.0,True,16.0,sell_aggr,-8.0,ASH_COATED_OSMIUM,-10,8.0,16.0
573000,,,ASH_COATED_OSMIUM,XIRECS,10016.0,3,0,10008.0,10000.0,10016.0,0.0,True,16.0,buy_aggr,8.0,ASH_COATED_OSMIUM,3,18.0,16.0
574000,,,ASH_COATED_OSMIUM,XIRECS,10001.0,2,0,10009.0,10001.0,10017.0,0.0,True,16.0,sell_aggr,-8.0,ASH_COATED_OSMIUM,-2,2.0,16.0
574100,,,ASH_COATED_OSMIUM,XIRECS,10017.0,5,0,10009.0,10001.0,10017.0,0.0,True,16.0,buy_aggr,8.0,ASH_COATED_OSMIUM,5,18.0,16.0
574300,,,ASH_COATED_OSMIUM,XIRECS,10001.0,3,0,10010.0,10001.0,10019.0,-0.3513513513513513,True,18.0,sell_aggr,-9.0,ASH_COATED_OSMIUM,-3,13.0,18.0
583900,,,ASH_COATED_OSMIUM,XIRECS,10014.0,7,0,10006.0,9998.0,10014.0,0.0,True,16.0,buy_aggr,8.0,ASH_COATED_OSMIUM,7,20.0,16.0
584000,,,ASH_COATED_OSMIUM,XIRECS,10013.0,8,0,10005.0,9997.0,10013.0,0.0,True,16.0,buy_aggr,8.0,ASH_COATED_OSMIUM,8,27.0,16.0
590100,,,ASH_COATED_OSMIUM,XIRECS,10012.0,3,0,10003.0,9994.0,10012.0,0.2972972972972973,True,18.0,buy_aggr,9.0,ASH_COATED_OSMIUM,3,14.0,18.0
594800,,,ASH_COATED_OSMIUM,XIRECS,10013.0,2,0,10005.0,9997.0,10013.0,0.0,True,16.0,buy_aggr,8.0,ASH_COATED_OSMIUM,2,24.0,16.0
600600,,,ASH_COATED_OSMIUM,XIRECS,9993.0,6,0,10001.0,9993.0,10009.0,0.0,True,16.0,sell_aggr,-8.0,ASH_COATED_OSMIUM,-6,22.0,16.0
602900,,,ASH_COATED_OSMIUM,XIRECS,10002.0,2,0,10007.0,10002.0,10012.0,-0.7333333333333333,True,10.0,sell_aggr,-5.0,ASH_COATED_OSMIUM,-2,2.0,10.0
607200,,,ASH_COATED_OSMIUM,XIRECS,9996.0,3,0,10004.0,9996.0,10012.0,0.0,True,16.0,sell_aggr,-8.0,ASH_COATED_OSMIUM,-3,6.0,16.0
607600,,,ASH_COATED_OSMIUM,XIRECS,10012.0,5,0,10004.0,9996.0,10012.0,0.0,True,16.0,buy_aggr,8.0,ASH_COATED_OSMIUM,5,26.0,16.0
611400,,,ASH_COATED_OSMIUM,XIRECS,9993.0,6,0,10001.0,9993.0,10009.0,0.0,True,16.0,sell_aggr,-8.0,ASH_COATED_OSMIUM,-6,14.0,16.0
611700,,,ASH_COATED_OSMIUM,XIRECS,9993.0,5,0,10001.0,9993.0,10009.0,0.0,True,16.0,sell_aggr,-8.0,ASH_COATED_OSMIUM,-5,12.0,16.0
612000,,,ASH_COATED_OSMIUM,XIRECS,10001.0,2,0,9995.0,9989.0,10001.0,0.8620689655172413,True,12.0,buy_aggr,6.0,ASH_COATED_OSMIUM,2,2.0,12.0
615600,,,ASH_COATED_OSMIUM,XIRECS,10009.0,5,0,10001.0,9993.0,10009.0,0.0,True,16.0,buy_aggr,8.0,ASH_COATED_OSMIUM,5,15.0,16.0
620700,,,ASH_COATED_OSMIUM,XIRECS,10011.0,8,0,10011.0,,10011.0,-1.0,False,,mid_trade,0.0,ASH_COATED_OSMIUM,0,,0.0
622700,,,ASH_COATED_OSMIUM,XIRECS,10016.0,4,0,10005.5,9995.0,10016.0,0.0,True,21.0,buy_aggr,10.5,ASH_COATED_OSMIUM,4,32.0,21.0
624500,,,ASH_COATED_OSMIUM,XIRECS,9995.0,6,0,10004.0,9995.0,10013.0,-0.2857142857142857,True,18.0,sell_aggr,-9.0,ASH_COATED_OSMIUM,-6,12.0,18.0
628900,,,ASH_COATED_OSMIUM,XIRECS,10008.0,6,0,10000.0,9992.0,10008.0,0.0,True,16.0,buy_aggr,8.0,ASH_COATED_OSMIUM,6,12.0,16.0
632100,,,ASH_COATED_OSMIUM,XIRECS,10009.0,5,0,10001.0,9993.0,10009.0,0.0,True,16.0,buy_aggr,8.0,ASH_COATED_OSMIUM,5,14.0,16.0
634000,,,ASH_COATED_OSMIUM,XIRECS,9995.0,2,0,10003.0,9995.0,10011.0,0.0,True,16.0,sell_aggr,-8.0,ASH_COATED_OSMIUM,-2,18.0,16.0
639100,,,ASH_COATED_OSMIUM,XIRECS,10012.0,8,0,10004.0,9996.0,10012.0,0.0,True,16.0,buy_aggr,8.0,ASH_COATED_OSMIUM,8,19.0,16.0
640400,,,ASH_COATED_OSMIUM,XIRECS,9996.0,4,0,10004.0,9996.0,10012.0,0.0,True,16.0,sell_aggr,-8.0,ASH_COATED_OSMIUM,-4,21.0,16.0
641800,,,ASH_COATED_OSMIUM,XIRECS,10012.0,5,0,10004.0,9996.0,10012.0,0.0,True,16.0,buy_aggr,8.0,ASH_COATED_OSMIUM,5,16.0,16.0
642700,,,ASH_COATED_OSMIUM,XIRECS,10015.0,6,0,10004.5,9994.0,10015.0,0.0,True,21.0,buy_aggr,10.5,ASH_COATED_OSMIUM,6,23.0,21.0
644100,,,ASH_COATED_OSMIUM,XIRECS,10011.0,6,0,10011.0,,10011.0,-1.0,False,,mid_trade,0.0,ASH_COATED_OSMIUM,0,,0.0
645400,,,ASH_COATED_OSMIUM,XIRECS,9995.0,2,0,9995.0,9995.0,,1.0,False,,mid_trade,0.0,ASH_COATED_OSMIUM,0,,0.0
645700,,,ASH_COATED_OSMIUM,XIRECS,10011.0,8,0,10011.0,,10011.0,-1.0,False,,mid_trade,0.0,ASH_COATED_OSMIUM,0,,0.0
647300,,,ASH_COATED_OSMIUM,XIRECS,10014.0,5,0,10005.0,9996.0,10014.0,-0.3658536585365853,True,18.0,buy_aggr,9.0,ASH_COATED_OSMIUM,5,28.0,18.0
650400,,,ASH_COATED_OSMIUM,XIRECS,9993.0,4,0,10001.0,9993.0,10009.0,0.0,True,16.0,sell_aggr,-8.0,ASH_COATED_OSMIUM,-4,12.0,16.0
653900,,,ASH_COATED_OSMIUM,XIRECS,9991.0,6,0,10000.0,9991.0,10009.0,-0.4117647058823529,True,18.0,sell_aggr,-9.0,ASH_COATED_OSMIUM,-6,13.0,18.0
654800,,,ASH_COATED_OSMIUM,XIRECS,9991.0,6,0,9999.0,9991.0,10007.0,0.0,True,16.0,sell_aggr,-8.0,ASH_COATED_OSMIUM,-6,8.0,16.0
655900,,,ASH_COATED_OSMIUM,XIRECS,9991.0,3,0,9999.0,9991.0,10007.0,0.0,True,16.0,sell_aggr,-8.0,ASH_COATED_OSMIUM,-3,6.0,16.0
656900,,,ASH_COATED_OSMIUM,XIRECS,9990.0,10,0,9998.0,9990.0,10006.0,0.0,True,16.0,sell_aggr,-8.0,ASH_COATED_OSMIUM,-10,5.0,16.0
658000,,,ASH_COATED_OSMIUM,XIRECS,9991.0,3,0,10000.0,9991.0,10009.0,-0.4146341463414634,True,18.0,sell_aggr,-9.0,ASH_COATED_OSMIUM,-3,4.0,18.0
658300,,,ASH_COATED_OSMIUM,XIRECS,10006.0,2,0,10006.0,,10006.0,-1.0,False,,mid_trade,0.0,ASH_COATED_OSMIUM,0,,0.0
658400,,,ASH_COATED_OSMIUM,XIRECS,10006.0,9,0,9998.0,9990.0,10006.0,0.0,True,16.0,buy_aggr,8.0,ASH_COATED_OSMIUM,9,26.0,16.0
660200,,,ASH_COATED_OSMIUM,XIRECS,10003.0,4,0,9995.0,9987.0,10003.0,0.0,True,16.0,buy_aggr,8.0,ASH_COATED_OSMIUM,4,24.0,16.0
666400,,,ASH_COATED_OSMIUM,XIRECS,9982.0,4,0,9991.0,9982.0,10000.0,-0.2777777777777778,True,18.0,sell_aggr,-9.0,ASH_COATED_OSMIUM,-4,28.0,18.0
666800,,,ASH_COATED_OSMIUM,XIRECS,9981.0,5,0,9989.0,9981.0,9997.0,0.0,True,16.0,sell_aggr,-8.0,ASH_COATED_OSMIUM,-5,30.0,16.0
668000,,,ASH_COATED_OSMIUM,XIRECS,10000.0,2,0,9992.0,9984.0,10000.0,0.0,True,16.0,buy_aggr,8.0,ASH_COATED_OSMIUM,2,6.0,16.0
673600,,,ASH_COATED_OSMIUM,XIRECS,9990.0,10,0,9998.0,9990.0,10006.0,0.0,True,16.0,sell_aggr,-8.0,ASH_COATED_OSMIUM,-10,8.0,16.0
676800,,,ASH_COATED_OSMIUM,XIRECS,9987.0,4,0,9995.0,9987.0,10003.0,0.0,True,16.0,sell_aggr,-8.0,ASH_COATED_OSMIUM,-4,14.0,16.0
677100,,,ASH_COATED_OSMIUM,XIRECS,9985.0,2,0,9985.0,9985.0,,1.0,False,,mid_trade,0.0,ASH_COATED_OSMIUM,0,,0.0
679200,,,ASH_COATED_OSMIUM,XIRECS,10002.0,5,0,9993.0,9984.0,10002.0,0.4594594594594595,True,18.0,buy_aggr,9.0,ASH_COATED_OSMIUM,5,14.0,18.0
681200,,,ASH_COATED_OSMIUM,XIRECS,10002.0,9,0,9994.0,9986.0,10002.0,0.0,True,16.0,buy_aggr,8.0,ASH_COATED_OSMIUM,9,14.0,16.0
681900,,,ASH_COATED_OSMIUM,XIRECS,9992.0,3,0,9997.0,9992.0,10002.0,-0.5384615384615384,True,10.0,sell_aggr,-5.0,ASH_COATED_OSMIUM,-3,6.0,10.0
682900,,,ASH_COATED_OSMIUM,XIRECS,10003.0,4,0,9995.0,9987.0,10003.0,0.0,True,16.0,buy_aggr,8.0,ASH_COATED_OSMIUM,4,18.0,16.0
685400,,,ASH_COATED_OSMIUM,XIRECS,10001.0,7,0,9992.0,9983.0,10001.0,0.3,True,18.0,buy_aggr,9.0,ASH_COATED_OSMIUM,7,22.0,18.0
689500,,,ASH_COATED_OSMIUM,XIRECS,10002.0,6,0,9994.0,9986.0,10002.0,0.0,True,16.0,buy_aggr,8.0,ASH_COATED_OSMIUM,6,20.0,16.0
690300,,,ASH_COATED_OSMIUM,XIRECS,9984.0,5,0,9992.0,9984.0,10000.0,0.0,True,16.0,sell_aggr,-8.0,ASH_COATED_OSMIUM,-5,10.0,16.0
690800,,,ASH_COATED_OSMIUM,XIRECS,9983.0,4,0,9992.0,9983.0,10001.0,-0.2972972972972973,True,18.0,sell_aggr,-9.0,ASH_COATED_OSMIUM,-4,20.0,18.0
699700,,,ASH_COATED_OSMIUM,XIRECS,9990.0,4,0,9985.5,9981.0,9990.0,0.5555555555555556,True,9.0,buy_aggr,4.5,ASH_COATED_OSMIUM,4,-4.0,9.0
699900,,,ASH_COATED_OSMIUM,XIRECS,9997.0,6,0,9991.5,9986.0,9997.0,-0.3333333333333333,True,11.0,buy_aggr,5.5,ASH_COATED_OSMIUM,6,10.0,11.0
700300,,,ASH_COATED_OSMIUM,XIRECS,9997.0,6,0,9989.0,9981.0,9997.0,0.0,True,16.0,buy_aggr,8.0,ASH_COATED_OSMIUM,6,13.0,16.0
700400,,,ASH_COATED_OSMIUM,XIRECS,9981.0,3,0,9990.5,9981.0,10000.0,-0.2972972972972973,True,19.0,sell_aggr,-9.5,ASH_COATED_OSMIUM,-3,22.0,19.0
703100,,,ASH_COATED_OSMIUM,XIRECS,9983.0,4,0,9991.0,9983.0,9999.0,0.0,True,16.0,sell_aggr,-8.0,ASH_COATED_OSMIUM,-4,17.0,16.0
703900,,,ASH_COATED_OSMIUM,XIRECS,9984.0,2,0,9986.5,9984.0,9989.0,0.4117647058823529,True,5.0,sell_aggr,-2.5,ASH_COATED_OSMIUM,-2,14.0,5.0
705400,,,ASH_COATED_OSMIUM,XIRECS,9984.0,7,0,9992.0,9984.0,10000.0,0.0,True,16.0,sell_aggr,-8.0,ASH_COATED_OSMIUM,-7,14.0,16.0
707800,,,ASH_COATED_OSMIUM,XIRECS,9982.0,5,0,9982.0,9982.0,,1.0,False,,mid_trade,0.0,ASH_COATED_OSMIUM,0,,0.0
708700,,,ASH_COATED_OSMIUM,XIRECS,9982.0,6,0,9990.0,9982.0,9998.0,0.0,True,16.0,sell_aggr,-8.0,ASH_COATED_OSMIUM,-6,2.0,16.0
710200,,,ASH_COATED_OSMIUM,XIRECS,10000.0,8,0,9989.5,9979.0,10000.0,0.0,True,21.0,buy_aggr,10.5,ASH_COATED_OSMIUM,8,22.0,21.0
712100,,,ASH_COATED_OSMIUM,XIRECS,9997.0,5,0,9989.0,9981.0,9997.0,0.0,True,16.0,buy_aggr,8.0,ASH_COATED_OSMIUM,5,18.0,16.0
714900,,,ASH_COATED_OSMIUM,XIRECS,9985.0,5,0,9982.5,9980.0,9985.0,0.5,True,5.0,buy_aggr,2.5,ASH_COATED_OSMIUM,5,-4.0,5.0
720400,,,ASH_COATED_OSMIUM,XIRECS,9996.0,4,0,9988.0,9980.0,9996.0,0.0,True,16.0,buy_aggr,8.0,ASH_COATED_OSMIUM,4,16.0,16.0
723100,,,ASH_COATED_OSMIUM,XIRECS,9979.0,6,0,9987.0,9979.0,9995.0,0.0,True,16.0,sell_aggr,-8.0,ASH_COATED_OSMIUM,-6,25.0,16.0
725700,,,ASH_COATED_OSMIUM,XIRECS,9980.0,8,0,9988.0,9980.0,9996.0,0.0,True,16.0,sell_aggr,-8.0,ASH_COATED_OSMIUM,-8,29.0,16.0
726200,,,ASH_COATED_OSMIUM,XIRECS,9981.0,5,0,9989.0,9981.0,9997.0,0.0,True,16.0,sell_aggr,-8.0,ASH_COATED_OSMIUM,-5,20.0,16.0
729100,,,ASH_COATED_OSMIUM,XIRECS,9999.0,8,0,9990.0,9981.0,9999.0,0.2903225806451613,True,18.0,buy_aggr,9.0,ASH_COATED_OSMIUM,8,14.0,18.0
729300,,,ASH_COATED_OSMIUM,XIRECS,9984.0,5,0,9992.0,9984.0,10000.0,0.0,True,16.0,sell_aggr,-8.0,ASH_COATED_OSMIUM,-5,16.0,16.0
730400,,,ASH_COATED_OSMIUM,XIRECS,9999.0,6,0,9991.0,9983.0,9999.0,0.0,True,16.0,buy_aggr,8.0,ASH_COATED_OSMIUM,6,14.0,16.0
730500,,,ASH_COATED_OSMIUM,XIRECS,9980.0,5,0,9989.5,9980.0,9999.0,0.3636363636363636,True,19.0,sell_aggr,-9.5,ASH_COATED_OSMIUM,-5,24.0,19.0
731200,,,ASH_COATED_OSMIUM,XIRECS,9999.0,9,0,9991.0,9983.0,9999.0,0.0,True,16.0,buy_aggr,8.0,ASH_COATED_OSMIUM,9,16.0,16.0
734800,,,ASH_COATED_OSMIUM,XIRECS,10001.0,5,0,9993.0,9985.0,10001.0,0.0,True,16.0,buy_aggr,8.0,ASH_COATED_OSMIUM,5,14.0,16.0
734900,,,ASH_COATED_OSMIUM,XIRECS,9985.0,5,0,9994.0,9985.0,10003.0,-0.1764705882352941,True,18.0,sell_aggr,-9.0,ASH_COATED_OSMIUM,-5,15.0,18.0
736500,,,ASH_COATED_OSMIUM,XIRECS,9999.0,5,0,9991.0,9983.0,9999.0,0.0,True,16.0,buy_aggr,8.0,ASH_COATED_OSMIUM,5,15.0,16.0
739200,,,ASH_COATED_OSMIUM,XIRECS,9999.0,6,0,9991.0,9983.0,9999.0,0.0,True,16.0,buy_aggr,8.0,ASH_COATED_OSMIUM,6,10.0,16.0
739500,,,ASH_COATED_OSMIUM,XIRECS,9981.0,10,0,9990.0,9981.0,9999.0,0.2941176470588235,True,18.0,sell_aggr,-9.0,ASH_COATED_OSMIUM,-10,24.0,18.0
742000,,,ASH_COATED_OSMIUM,XIRECS,10000.0,5,0,9992.0,9984.0,10000.0,0.0,True,16.0,buy_aggr,8.0,ASH_COATED_OSMIUM,5,12.0,16.0
743500,,,ASH_COATED_OSMIUM,XIRECS,9984.0,4,0,9992.0,9984.0,10000.0,0.0,True,16.0,sell_aggr,-8.0,ASH_COATED_OSMIUM,-4,24.0,16.0
745200,,,ASH_COATED_OSMIUM,XIRECS,9985.0,6,0,9993.0,9985.0,10001.0,0.0,True,16.0,sell_aggr,-8.0,ASH_COATED_OSMIUM,-6,25.0,16.0
745700,,,ASH_COATED_OSMIUM,XIRECS,9985.0,4,0,9994.0,9985.0,10003.0,-0.1666666666666666,True,18.0,sell_aggr,-9.0,ASH_COATED_OSMIUM,-4,26.0,18.0
746100,,,ASH_COATED_OSMIUM,XIRECS,10001.0,8,0,9993.0,9985.0,10001.0,0.0,True,16.0,buy_aggr,8.0,ASH_COATED_OSMIUM,8,6.0,16.0
750200,,,ASH_COATED_OSMIUM,XIRECS,9995.0,4,0,9995.0,,9995.0,-1.0,False,,mid_trade,0.0,ASH_COATED_OSMIUM,0,,0.0
751900,,,ASH_COATED_OSMIUM,XIRECS,10005.0,4,0,10005.0,,10005.0,-1.0,False,,mid_trade,0.0,ASH_COATED_OSMIUM,0,,0.0
753700,,,ASH_COATED_OSMIUM,XIRECS,9998.0,3,0,9993.0,9988.0,9998.0,0.6666666666666666,True,10.0,buy_aggr,5.0,ASH_COATED_OSMIUM,3,0.0,10.0
754000,,,ASH_COATED_OSMIUM,XIRECS,10005.0,5,0,9995.5,9986.0,10005.0,0.4054054054054054,True,19.0,buy_aggr,9.5,ASH_COATED_OSMIUM,5,14.0,19.0
755500,,,ASH_COATED_OSMIUM,XIRECS,10005.0,4,0,9995.5,9986.0,10005.0,0.3333333333333333,True,19.0,buy_aggr,9.5,ASH_COATED_OSMIUM,4,16.0,19.0
756200,,,ASH_COATED_OSMIUM,XIRECS,9989.0,6,0,9997.0,9989.0,10005.0,0.0,True,16.0,sell_aggr,-8.0,ASH_COATED_OSMIUM,-6,20.0,16.0
756600,,,ASH_COATED_OSMIUM,XIRECS,9990.0,9,0,9998.0,9990.0,10006.0,0.0,True,16.0,sell_aggr,-8.0,ASH_COATED_OSMIUM,-9,18.0,16.0
756900,,,ASH_COATED_OSMIUM,XIRECS,9990.0,5,0,9998.0,9990.0,10006.0,0.0,True,16.0,sell_aggr,-8.0,ASH_COATED_OSMIUM,-5,21.0,16.0
757200,,,ASH_COATED_OSMIUM,XIRECS,9990.0,9,0,9998.0,9990.0,10006.0,0.0,True,16.0,sell_aggr,-8.0,ASH_COATED_OSMIUM,-9,16.0,16.0
758300,,,ASH_COATED_OSMIUM,XIRECS,9988.0,6,0,9997.0,9988.0,10006.0,0.2432432432432432,True,18.0,sell_aggr,-9.0,ASH_COATED_OSMIUM,-6,22.0,18.0
763700,,,ASH_COATED_OSMIUM,XIRECS,9987.0,6,0,9996.0,9987.0,10005.0,0.3125,True,18.0,sell_aggr,-9.0,ASH_COATED_OSMIUM,-6,20.0,18.0
763900,,,ASH_COATED_OSMIUM,XIRECS,9989.0,8,0,9998.5,9989.0,10008.0,-0.1891891891891892,True,19.0,sell_aggr,-9.5,ASH_COATED_OSMIUM,-8,19.0,19.0
767000,,,ASH_COATED_OSMIUM,XIRECS,10006.0,9,0,9998.0,9990.0,10006.0,0.0,True,16.0,buy_aggr,8.0,ASH_COATED_OSMIUM,9,10.0,16.0
775000,,,ASH_COATED_OSMIUM,XIRECS,9996.0,4,0,9993.5,9991.0,9996.0,0.3333333333333333,True,5.0,buy_aggr,2.5,ASH_COATED_OSMIUM,4,-2.0,5.0
777200,,,ASH_COATED_OSMIUM,XIRECS,10007.0,10,0,9999.0,9991.0,10007.0,0.0,True,16.0,buy_aggr,8.0,ASH_COATED_OSMIUM,10,18.0,16.0
779900,,,ASH_COATED_OSMIUM,XIRECS,10005.0,2,0,9997.0,9989.0,10005.0,0.0,True,16.0,buy_aggr,8.0,ASH_COATED_OSMIUM,2,18.0,16.0
782500,,,ASH_COATED_OSMIUM,XIRECS,10008.0,7,0,9998.5,9989.0,10008.0,-0.1891891891891892,True,19.0,buy_aggr,9.5,ASH_COATED_OSMIUM,7,20.0,19.0
788000,,,ASH_COATED_OSMIUM,XIRECS,10008.0,5,0,9997.5,9987.0,10008.0,0.0,True,21.0,buy_aggr,10.5,ASH_COATED_OSMIUM,5,22.0,21.0
789500,,,ASH_COATED_OSMIUM,XIRECS,9989.0,2,0,9997.0,9989.0,10005.0,0.0,True,16.0,sell_aggr,-8.0,ASH_COATED_OSMIUM,-2,16.0,16.0
791700,,,ASH_COATED_OSMIUM,XIRECS,9989.0,5,0,9998.0,9989.0,10007.0,-0.4358974358974359,True,18.0,sell_aggr,-9.0,ASH_COATED_OSMIUM,-5,18.0,18.0
792300,,,ASH_COATED_OSMIUM,XIRECS,10005.0,10,0,9997.0,9989.0,10005.0,0.0,True,16.0,buy_aggr,8.0,ASH_COATED_OSMIUM,10,18.0,16.0
793700,,,ASH_COATED_OSMIUM,XIRECS,10005.0,10,0,10005.0,,10005.0,-1.0,False,,mid_trade,0.0,ASH_COATED_OSMIUM,0,,0.0
796300,,,ASH_COATED_OSMIUM,XIRECS,9987.0,4,0,9996.5,9987.0,10006.0,0.4594594594594595,True,19.0,sell_aggr,-9.5,ASH_COATED_OSMIUM,-4,18.0,19.0
802000,,,ASH_COATED_OSMIUM,XIRECS,9997.0,5,0,9992.5,9988.0,9997.0,0.4444444444444444,True,9.0,buy_aggr,4.5,ASH_COATED_OSMIUM,5,-6.0,9.0
802400,,,ASH_COATED_OSMIUM,XIRECS,9994.0,3,0,9990.0,9986.0,9994.0,0.5555555555555556,True,8.0,buy_aggr,4.0,ASH_COATED_OSMIUM,3,-12.0,8.0
803100,,,ASH_COATED_OSMIUM,XIRECS,10006.0,5,0,9998.0,9990.0,10006.0,0.0,True,16.0,buy_aggr,8.0,ASH_COATED_OSMIUM,5,18.0,16.0
805000,,,ASH_COATED_OSMIUM,XIRECS,10006.0,6,0,9998.0,9990.0,10006.0,0.0,True,16.0,buy_aggr,8.0,ASH_COATED_OSMIUM,6,6.0,16.0
805800,,,ASH_COATED_OSMIUM,XIRECS,9991.0,2,0,9999.0,9991.0,10007.0,0.0,True,16.0,sell_aggr,-8.0,ASH_COATED_OSMIUM,-2,22.0,16.0
810500,,,ASH_COATED_OSMIUM,XIRECS,10014.0,2,0,10004.5,9995.0,10014.0,-0.3888888888888889,True,19.0,buy_aggr,9.5,ASH_COATED_OSMIUM,2,24.0,19.0
815400,,,ASH_COATED_OSMIUM,XIRECS,10010.0,4,0,10000.5,9991.0,10010.0,0.4871794871794871,True,19.0,buy_aggr,9.5,ASH_COATED_OSMIUM,4,14.0,19.0
821100,,,ASH_COATED_OSMIUM,XIRECS,10011.0,8,0,10003.0,9995.0,10011.0,0.0,True,16.0,buy_aggr,8.0,ASH_COATED_OSMIUM,8,16.0,16.0
823200,,,ASH_COATED_OSMIUM,XIRECS,10004.0,5,0,9999.0,9994.0,10004.0,0.5,True,10.0,buy_aggr,5.0,ASH_COATED_OSMIUM,5,0.0,10.0
832700,,,ASH_COATED_OSMIUM,XIRECS,9997.0,5,0,10006.5,9997.0,10016.0,-0.4285714285714285,True,19.0,sell_aggr,-9.5,ASH_COATED_OSMIUM,-5,18.0,19.0
835700,,,ASH_COATED_OSMIUM,XIRECS,10016.0,8,0,10008.0,10000.0,10016.0,0.0,True,16.0,buy_aggr,8.0,ASH_COATED_OSMIUM,8,22.0,16.0
836800,,,ASH_COATED_OSMIUM,XIRECS,9999.0,7,0,9999.0,9999.0,,1.0,False,,mid_trade,0.0,ASH_COATED_OSMIUM,0,,0.0
839500,,,ASH_COATED_OSMIUM,XIRECS,10015.0,4,0,10006.0,9997.0,10015.0,-0.2121212121212121,True,18.0,buy_aggr,9.0,ASH_COATED_OSMIUM,4,20.0,18.0
841500,,,ASH_COATED_OSMIUM,XIRECS,9996.0,6,0,10004.0,9996.0,10012.0,0.0,True,16.0,sell_aggr,-8.0,ASH_COATED_OSMIUM,-6,16.0,16.0
842800,,,ASH_COATED_OSMIUM,XIRECS,10013.0,5,0,10005.0,9997.0,10013.0,0.0,True,16.0,buy_aggr,8.0,ASH_COATED_OSMIUM,5,14.0,16.0
843100,,,ASH_COATED_OSMIUM,XIRECS,9997.0,5,0,10005.0,9997.0,10013.0,0.0,True,16.0,sell_aggr,-8.0,ASH_COATED_OSMIUM,-5,18.0,16.0
843200,,,ASH_COATED_OSMIUM,XIRECS,9997.0,4,0,10005.0,9997.0,10013.0,0.0,True,16.0,sell_aggr,-8.0,ASH_COATED_OSMIUM,-4,18.0,16.0
845100,,,ASH_COATED_OSMIUM,XIRECS,10013.0,3,0,10003.5,9994.0,10013.0,0.4736842105263157,True,19.0,buy_aggr,9.5,ASH_COATED_OSMIUM,3,12.0,19.0
845400,,,ASH_COATED_OSMIUM,XIRECS,10013.0,3,0,10005.0,9997.0,10013.0,0.0,True,16.0,buy_aggr,8.0,ASH_COATED_OSMIUM,3,14.0,16.0
846700,,,ASH_COATED_OSMIUM,XIRECS,10016.0,2,0,10016.0,,10016.0,-1.0,False,,mid_trade,0.0,ASH_COATED_OSMIUM,0,,0.0
847500,,,ASH_COATED_OSMIUM,XIRECS,10014.0,8,0,10006.0,9998.0,10014.0,0.0,True,16.0,buy_aggr,8.0,ASH_COATED_OSMIUM,8,16.0,16.0
847800,,,ASH_COATED_OSMIUM,XIRECS,9998.0,7,0,10006.0,9998.0,10014.0,0.0,True,16.0,sell_aggr,-8.0,ASH_COATED_OSMIUM,-7,14.0,16.0
848300,,,ASH_COATED_OSMIUM,XIRECS,9995.0,5,0,10004.0,9995.0,10013.0,0.4210526315789473,True,18.0,sell_aggr,-9.0,ASH_COATED_OSMIUM,-5,18.0,18.0
852100,,,ASH_COATED_OSMIUM,XIRECS,9999.0,3,0,10008.5,9999.0,10018.0,-0.25,True,19.0,sell_aggr,-9.5,ASH_COATED_OSMIUM,-3,4.0,19.0
852300,,,ASH_COATED_OSMIUM,XIRECS,9998.0,3,0,10006.0,9998.0,10014.0,0.0,True,16.0,sell_aggr,-8.0,ASH_COATED_OSMIUM,-3,0.0,16.0
859500,,,ASH_COATED_OSMIUM,XIRECS,9992.0,4,0,10000.0,9992.0,10008.0,0.0,True,16.0,sell_aggr,-8.0,ASH_COATED_OSMIUM,-4,14.0,16.0
861600,,,ASH_COATED_OSMIUM,XIRECS,9999.0,2,0,9995.0,9991.0,9999.0,0.6923076923076923,True,8.0,buy_aggr,4.0,ASH_COATED_OSMIUM,2,1.0,8.0
864800,,,ASH_COATED_OSMIUM,XIRECS,10006.0,8,0,9998.0,9990.0,10006.0,0.0,True,16.0,buy_aggr,8.0,ASH_COATED_OSMIUM,8,8.0,16.0
865000,,,ASH_COATED_OSMIUM,XIRECS,9990.0,6,0,9998.0,9990.0,10006.0,0.0,True,16.0,sell_aggr,-8.0,ASH_COATED_OSMIUM,-6,18.0,16.0
867600,,,ASH_COATED_OSMIUM,XIRECS,9991.0,3,0,9999.0,9991.0,10007.0,0.0,True,16.0,sell_aggr,-8.0,ASH_COATED_OSMIUM,-3,16.0,16.0
870700,,,ASH_COATED_OSMIUM,XIRECS,10007.0,5,0,10001.5,9996.0,10007.0,-0.6470588235294118,True,11.0,buy_aggr,5.5,ASH_COATED_OSMIUM,5,15.0,11.0
871300,,,ASH_COATED_OSMIUM,XIRECS,9990.0,2,0,9998.0,9990.0,10006.0,0.0,True,16.0,sell_aggr,-8.0,ASH_COATED_OSMIUM,-2,18.0,16.0
871500,,,ASH_COATED_OSMIUM,XIRECS,10007.0,2,0,9999.0,9991.0,10007.0,0.0,True,16.0,buy_aggr,8.0,ASH_COATED_OSMIUM,2,18.0,16.0
874000,,,ASH_COATED_OSMIUM,XIRECS,9992.0,5,0,10000.0,9992.0,10008.0,0.0,True,16.0,sell_aggr,-8.0,ASH_COATED_OSMIUM,-5,14.0,16.0
875400,,,ASH_COATED_OSMIUM,XIRECS,9990.0,5,0,9998.0,9990.0,10006.0,0.0,True,16.0,sell_aggr,-8.0,ASH_COATED_OSMIUM,-5,18.0,16.0
877900,,,ASH_COATED_OSMIUM,XIRECS,9991.0,7,0,9999.0,9991.0,10007.0,0.0,True,16.0,sell_aggr,-8.0,ASH_COATED_OSMIUM,-7,14.0,16.0
878000,,,ASH_COATED_OSMIUM,XIRECS,10007.0,5,0,9999.0,9991.0,10007.0,0.0,True,16.0,buy_aggr,8.0,ASH_COATED_OSMIUM,5,21.0,16.0
880600,,,ASH_COATED_OSMIUM,XIRECS,9992.0,4,0,10000.0,9992.0,10008.0,0.0,True,16.0,sell_aggr,-8.0,ASH_COATED_OSMIUM,-4,5.0,16.0
887700,,,ASH_COATED_OSMIUM,XIRECS,10005.0,6,0,9997.0,9989.0,10005.0,0.0,True,16.0,buy_aggr,8.0,ASH_COATED_OSMIUM,6,14.0,16.0
892900,,,ASH_COATED_OSMIUM,XIRECS,10006.0,8,0,9998.0,9990.0,10006.0,0.0,True,16.0,buy_aggr,8.0,ASH_COATED_OSMIUM,8,14.0,16.0
893000,,,ASH_COATED_OSMIUM,XIRECS,9987.0,4,0,9996.5,9987.0,10006.0,0.1428571428571428,True,19.0,sell_aggr,-9.5,ASH_COATED_OSMIUM,-4,24.0,19.0
899200,,,ASH_COATED_OSMIUM,XIRECS,10011.0,5,0,10002.0,9993.0,10011.0,-0.3333333333333333,True,18.0,buy_aggr,9.0,ASH_COATED_OSMIUM,5,14.0,18.0
901500,,,ASH_COATED_OSMIUM,XIRECS,10008.0,8,0,10005.0,10002.0,10008.0,-0.4,True,6.0,buy_aggr,3.0,ASH_COATED_OSMIUM,8,6.0,6.0
904500,,,ASH_COATED_OSMIUM,XIRECS,10011.0,3,0,10003.0,9995.0,10011.0,0.0,True,16.0,buy_aggr,8.0,ASH_COATED_OSMIUM,3,2.0,16.0
904900,,,ASH_COATED_OSMIUM,XIRECS,9992.0,4,0,10001.0,9992.0,10010.0,0.3181818181818182,True,18.0,sell_aggr,-9.0,ASH_COATED_OSMIUM,-4,30.0,18.0
905000,,,ASH_COATED_OSMIUM,XIRECS,9995.0,10,0,10004.0,9995.0,10013.0,-0.3333333333333333,True,18.0,sell_aggr,-9.0,ASH_COATED_OSMIUM,-10,32.0,18.0
905700,,,ASH_COATED_OSMIUM,XIRECS,10014.0,5,0,10005.0,9996.0,10014.0,-0.2631578947368421,True,18.0,buy_aggr,9.0,ASH_COATED_OSMIUM,5,12.0,18.0
909200,,,ASH_COATED_OSMIUM,XIRECS,9998.0,4,0,10007.0,9998.0,10016.0,0.3488372093023256,True,18.0,sell_aggr,-9.0,ASH_COATED_OSMIUM,-4,26.0,18.0
909900,,,ASH_COATED_OSMIUM,XIRECS,10016.0,8,0,10007.0,9998.0,10016.0,0.4594594594594595,True,18.0,buy_aggr,9.0,ASH_COATED_OSMIUM,8,10.0,18.0
911000,,,ASH_COATED_OSMIUM,XIRECS,10016.0,2,0,10016.0,,10016.0,-1.0,False,,mid_trade,0.0,ASH_COATED_OSMIUM,0,,0.0
912200,,,ASH_COATED_OSMIUM,XIRECS,10017.0,3,0,10009.0,10001.0,10017.0,0.0,True,16.0,buy_aggr,8.0,ASH_COATED_OSMIUM,3,8.0,16.0
917900,,,ASH_COATED_OSMIUM,XIRECS,10018.0,5,0,10010.0,10002.0,10018.0,0.0,True,16.0,buy_aggr,8.0,ASH_COATED_OSMIUM,5,18.0,16.0
918800,,,ASH_COATED_OSMIUM,XIRECS,9999.0,3,0,10003.0,9999.0,10007.0,0.7647058823529411,True,8.0,sell_aggr,-4.0,ASH_COATED_OSMIUM,-3,30.0,8.0
920500,,,ASH_COATED_OSMIUM,XIRECS,10019.0,3,0,10011.0,10003.0,10019.0,0.0,True,16.0,buy_aggr,8.0,ASH_COATED_OSMIUM,3,22.0,16.0
921200,,,ASH_COATED_OSMIUM,XIRECS,10020.0,10,0,10011.0,10002.0,10020.0,-0.2682926829268293,True,18.0,buy_aggr,9.0,ASH_COATED_OSMIUM,10,24.0,18.0
923300,,,ASH_COATED_OSMIUM,XIRECS,10001.0,3,0,10010.5,10001.0,10020.0,-0.3658536585365853,True,19.0,sell_aggr,-9.5,ASH_COATED_OSMIUM,-3,10.0,19.0
923800,,,ASH_COATED_OSMIUM,XIRECS,10011.0,4,0,10014.0,10011.0,10017.0,-0.3684210526315789,True,6.0,sell_aggr,-3.0,ASH_COATED_OSMIUM,-4,-10.0,6.0
928100,,,ASH_COATED_OSMIUM,XIRECS,9998.0,3,0,10006.0,9998.0,10014.0,0.0,True,16.0,sell_aggr,-8.0,ASH_COATED_OSMIUM,-3,18.0,16.0
928700,,,ASH_COATED_OSMIUM,XIRECS,9999.0,4,0,10008.0,9999.0,10017.0,-0.4117647058823529,True,18.0,sell_aggr,-9.0,ASH_COATED_OSMIUM,-4,16.0,18.0
929300,,,ASH_COATED_OSMIUM,XIRECS,10014.0,2,0,10006.0,9998.0,10014.0,0.0,True,16.0,buy_aggr,8.0,ASH_COATED_OSMIUM,2,14.0,16.0
930600,,,ASH_COATED_OSMIUM,XIRECS,9998.0,6,0,10006.0,9998.0,10014.0,0.0,True,16.0,sell_aggr,-8.0,ASH_COATED_OSMIUM,-6,20.0,16.0
932600,,,ASH_COATED_OSMIUM,XIRECS,10016.0,10,0,10007.0,9998.0,10016.0,-0.2121212121212121,True,18.0,buy_aggr,9.0,ASH_COATED_OSMIUM,10,22.0,18.0
933900,,,ASH_COATED_OSMIUM,XIRECS,10015.0,3,0,10007.0,9999.0,10015.0,0.0,True,16.0,buy_aggr,8.0,ASH_COATED_OSMIUM,3,18.0,16.0
935900,,,ASH_COATED_OSMIUM,XIRECS,9999.0,8,0,10007.0,9999.0,10015.0,0.0,True,16.0,sell_aggr,-8.0,ASH_COATED_OSMIUM,-8,14.0,16.0
938700,,,ASH_COATED_OSMIUM,XIRECS,10014.0,2,0,10014.0,,10014.0,-1.0,False,,mid_trade,0.0,ASH_COATED_OSMIUM,0,,0.0
939200,,,ASH_COATED_OSMIUM,XIRECS,10014.0,6,0,10006.0,9998.0,10014.0,0.0,True,16.0,buy_aggr,8.0,ASH_COATED_OSMIUM,6,14.0,16.0
939500,,,ASH_COATED_OSMIUM,XIRECS,10015.0,9,0,10006.0,9997.0,10015.0,-0.3023255813953488,True,18.0,buy_aggr,9.0,ASH_COATED_OSMIUM,9,16.0,18.0
946100,,,ASH_COATED_OSMIUM,XIRECS,9995.0,10,0,10004.5,9995.0,10014.0,0.2105263157894736,True,19.0,sell_aggr,-9.5,ASH_COATED_OSMIUM,-10,18.0,19.0
948400,,,ASH_COATED_OSMIUM,XIRECS,10015.0,7,0,10007.0,9999.0,10015.0,0.0,True,16.0,buy_aggr,8.0,ASH_COATED_OSMIUM,7,12.0,16.0
949200,,,ASH_COATED_OSMIUM,XIRECS,10015.0,2,0,10006.0,9997.0,10015.0,0.3157894736842105,True,18.0,buy_aggr,9.0,ASH_COATED_OSMIUM,2,10.0,18.0
956200,,,ASH_COATED_OSMIUM,XIRECS,10003.0,3,0,10011.0,10003.0,10019.0,0.0,True,16.0,sell_aggr,-8.0,ASH_COATED_OSMIUM,-3,20.0,16.0
960000,,,ASH_COATED_OSMIUM,XIRECS,10002.0,4,0,10011.0,10002.0,10020.0,0.1891891891891892,True,18.0,sell_aggr,-9.0,ASH_COATED_OSMIUM,-4,20.0,18.0
964000,,,ASH_COATED_OSMIUM,XIRECS,10019.0,3,0,10011.0,10003.0,10019.0,0.0,True,16.0,buy_aggr,8.0,ASH_COATED_OSMIUM,3,27.0,16.0
970900,,,ASH_COATED_OSMIUM,XIRECS,10018.0,5,0,10010.0,10002.0,10018.0,0.0,True,16.0,buy_aggr,8.0,ASH_COATED_OSMIUM,5,20.0,16.0
974600,,,ASH_COATED_OSMIUM,XIRECS,10017.0,4,0,10009.0,10001.0,10017.0,0.0,True,16.0,buy_aggr,8.0,ASH_COATED_OSMIUM,4,16.0,16.0
975100,,,ASH_COATED_OSMIUM,XIRECS,10000.0,2,0,10008.0,10000.0,10016.0,0.0,True,16.0,sell_aggr,-8.0,ASH_COATED_OSMIUM,-2,16.0,16.0
975500,,,ASH_COATED_OSMIUM,XIRECS,10016.0,3,0,10008.0,10000.0,10016.0,0.0,True,16.0,buy_aggr,8.0,ASH_COATED_OSMIUM,3,14.0,16.0
976500,,,ASH_COATED_OSMIUM,XIRECS,10000.0,6,0,10008.0,10000.0,10016.0,0.0,True,16.0,sell_aggr,-8.0,ASH_COATED_OSMIUM,-6,16.0,16.0
980800,,,ASH_COATED_OSMIUM,XIRECS,10017.0,5,0,10009.0,10001.0,10017.0,0.0,True,16.0,buy_aggr,8.0,ASH_COATED_OSMIUM,5,16.0,16.0
984100,,,ASH_COATED_OSMIUM,XIRECS,10018.0,4,0,10010.0,10002.0,10018.0,0.0,True,16.0,buy_aggr,8.0,ASH_COATED_OSMIUM,4,22.0,16.0
985300,,,ASH_COATED_OSMIUM,XIRECS,9998.0,3,0,10007.0,9998.0,10016.0,0.3939393939393939,True,18.0,sell_aggr,-9.0,ASH_COATED_OSMIUM,-3,20.0,18.0
986200,,,ASH_COATED_OSMIUM,XIRECS,10017.0,3,0,10009.0,10001.0,10017.0,0.0,True,16.0,buy_aggr,8.0,ASH_COATED_OSMIUM,3,14.0,16.0
986800,,,ASH_COATED_OSMIUM,XIRECS,9999.0,6,0,10007.0,9999.0,10015.0,0.0,True,16.0,sell_aggr,-8.0,ASH_COATED_OSMIUM,-6,22.0,16.0
987100,,,ASH_COATED_OSMIUM,XIRECS,10016.0,6,0,10008.0,10000.0,10016.0,0.0,True,16.0,buy_aggr,8.0,ASH_COATED_OSMIUM,6,12.0,16.0
988900,,,ASH_COATED_OSMIUM,XIRECS,9998.0,2,0,10007.5,9998.0,10017.0,-0.3488372093023256,True,19.0,sell_aggr,-9.5,ASH_COATED_OSMIUM,-2,20.0,19.0
991400,,,ASH_COATED_OSMIUM,XIRECS,10002.0,9,0,10010.0,10002.0,10018.0,0.0,True,16.0,sell_aggr,-8.0,ASH_COATED_OSMIUM,-9,10.0,16.0
993300,,,ASH_COATED_OSMIUM,XIRECS,10001.0,5,0,10009.0,10001.0,10017.0,0.0,True,16.0,sell_aggr,-8.0,ASH_COATED_OSMIUM,-5,15.0,16.0
995200,,,ASH_COATED_OSMIUM,XIRECS,10016.0,6,0,10008.0,10000.0,10016.0,0.0,True,16.0,buy_aggr,8.0,ASH_COATED_OSMIUM,6,,16.0
0,,,ASH_COATED_OSMIUM,XIRECS,10000.0,6,1,10008.0,10000.0,10016.0,0.0,True,16.0,sell_aggr,-8.0,ASH_COATED_OSMIUM,-6,18.0,16.0
3600,,,ASH_COATED_OSMIUM,XIRECS,10017.0,3,1,10009.0,10001.0,10017.0,0.0,True,16.0,buy_aggr,8.0,ASH_COATED_OSMIUM,3,16.0,16.0
4200,,,ASH_COATED_OSMIUM,XIRECS,10017.0,2,1,10009.0,10001.0,10017.0,0.0,True,16.0,buy_aggr,8.0,ASH_COATED_OSMIUM,2,20.0,16.0
9100,,,ASH_COATED_OSMIUM,XIRECS,10006.0,4,1,10011.0,10006.0,10016.0,-0.5,True,10.0,sell_aggr,-5.0,ASH_COATED_OSMIUM,-4,-1.0,10.0
9600,,,ASH_COATED_OSMIUM,XIRECS,9999.0,6,1,10007.0,9999.0,10015.0,0.0,True,16.0,sell_aggr,-8.0,ASH_COATED_OSMIUM,-6,10.0,16.0
10000,,,ASH_COATED_OSMIUM,XIRECS,9999.0,8,1,10007.0,9999.0,10015.0,0.0,True,16.0,sell_aggr,-8.0,ASH_COATED_OSMIUM,-8,2.0,16.0
12100,,,ASH_COATED_OSMIUM,XIRECS,9998.0,5,1,9998.0,9998.0,,1.0,False,,mid_trade,0.0,ASH_COATED_OSMIUM,0,,0.0
14000,,,ASH_COATED_OSMIUM,XIRECS,10012.0,3,1,10012.0,,10012.0,-1.0,False,,mid_trade,0.0,ASH_COATED_OSMIUM,0,,0.0
15100,,,ASH_COATED_OSMIUM,XIRECS,10013.0,2,1,10003.5,9994.0,10013.0,0.4054054054054054,True,19.0,buy_aggr,9.5,ASH_COATED_OSMIUM,2,16.0,19.0
15100,,,ASH_COATED_OSMIUM,XIRECS,10013.0,8,1,10003.5,9994.0,10013.0,0.4054054054054054,True,19.0,buy_aggr,9.5,ASH_COATED_OSMIUM,8,16.0,19.0
18500,,,ASH_COATED_OSMIUM,XIRECS,10016.0,6,1,10006.5,9997.0,10016.0,-0.3888888888888889,True,19.0,buy_aggr,9.5,ASH_COATED_OSMIUM,6,24.0,19.0
23900,,,ASH_COATED_OSMIUM,XIRECS,9996.0,4,1,10005.5,9996.0,10015.0,-0.3181818181818182,True,19.0,sell_aggr,-9.5,ASH_COATED_OSMIUM,-4,6.0,19.0
24300,,,ASH_COATED_OSMIUM,XIRECS,9995.0,4,1,10003.0,9995.0,10011.0,0.0,True,16.0,sell_aggr,-8.0,ASH_COATED_OSMIUM,-4,8.0,16.0
24600,,,ASH_COATED_OSMIUM,XIRECS,9995.0,3,1,10003.0,9995.0,10011.0,0.0,True,16.0,sell_aggr,-8.0,ASH_COATED_OSMIUM,-3,8.0,16.0
30400,,,ASH_COATED_OSMIUM,XIRECS,10008.0,2,1,10000.0,9992.0,10008.0,0.0,True,16.0,buy_aggr,8.0,ASH_COATED_OSMIUM,2,12.0,16.0
32800,,,ASH_COATED_OSMIUM,XIRECS,9992.0,4,1,9995.0,9992.0,9998.0,0.1428571428571428,True,6.0,sell_aggr,-3.0,ASH_COATED_OSMIUM,-4,29.0,6.0
34000,,,ASH_COATED_OSMIUM,XIRECS,10010.0,7,1,10002.0,9994.0,10010.0,0.0,True,16.0,buy_aggr,8.0,ASH_COATED_OSMIUM,7,17.0,16.0
34500,,,ASH_COATED_OSMIUM,XIRECS,9994.0,8,1,10003.0,9994.0,10012.0,-0.1666666666666666,True,18.0,sell_aggr,-9.0,ASH_COATED_OSMIUM,-8,10.0,18.0
36500,,,ASH_COATED_OSMIUM,XIRECS,10010.0,3,1,10002.0,9994.0,10010.0,0.0,True,16.0,buy_aggr,8.0,ASH_COATED_OSMIUM,3,18.0,16.0
37900,,,ASH_COATED_OSMIUM,XIRECS,9992.0,4,1,10000.0,9992.0,10008.0,0.0,True,16.0,sell_aggr,-8.0,ASH_COATED_OSMIUM,-4,21.0,16.0
38400,,,ASH_COATED_OSMIUM,XIRECS,10008.0,3,1,10000.0,9992.0,10008.0,0.0,True,16.0,buy_aggr,8.0,ASH_COATED_OSMIUM,3,14.0,16.0
39100,,,ASH_COATED_OSMIUM,XIRECS,10008.0,6,1,10000.0,9992.0,10008.0,0.0,True,16.0,buy_aggr,8.0,ASH_COATED_OSMIUM,6,14.0,16.0
39900,,,ASH_COATED_OSMIUM,XIRECS,10008.0,7,1,10000.0,9992.0,10008.0,0.0,True,16.0,buy_aggr,8.0,ASH_COATED_OSMIUM,7,12.0,16.0
41500,,,ASH_COATED_OSMIUM,XIRECS,10009.0,5,1,10001.0,9993.0,10009.0,0.0,True,16.0,buy_aggr,8.0,ASH_COATED_OSMIUM,5,4.0,16.0
50900,,,ASH_COATED_OSMIUM,XIRECS,9995.0,5,1,10003.0,9995.0,10011.0,0.0,True,16.0,sell_aggr,-8.0,ASH_COATED_OSMIUM,-5,18.0,16.0
54600,,,ASH_COATED_OSMIUM,XIRECS,9992.0,6,1,10001.5,9992.0,10011.0,0.4146341463414634,True,19.0,sell_aggr,-9.5,ASH_COATED_OSMIUM,-6,32.0,19.0
58400,,,ASH_COATED_OSMIUM,XIRECS,9997.0,3,1,10005.0,9997.0,10013.0,0.0,True,16.0,sell_aggr,-8.0,ASH_COATED_OSMIUM,-3,22.0,16.0
59500,,,ASH_COATED_OSMIUM,XIRECS,10017.0,2,1,10006.5,9996.0,10017.0,0.0,True,21.0,buy_aggr,10.5,ASH_COATED_OSMIUM,2,24.0,21.0
62000,,,ASH_COATED_OSMIUM,XIRECS,10014.0,6,1,10006.0,9998.0,10014.0,0.0,True,16.0,buy_aggr,8.0,ASH_COATED_OSMIUM,6,14.0,16.0
63700,,,ASH_COATED_OSMIUM,XIRECS,9998.0,2,1,10006.0,9998.0,10014.0,0.0,True,16.0,sell_aggr,-8.0,ASH_COATED_OSMIUM,-2,18.0,16.0
64900,,,ASH_COATED_OSMIUM,XIRECS,10013.0,4,1,10013.0,,10013.0,-1.0,False,,mid_trade,0.0,ASH_COATED_OSMIUM,0,,0.0
65300,,,ASH_COATED_OSMIUM,XIRECS,9997.0,2,1,10005.0,9997.0,10013.0,0.0,True,16.0,sell_aggr,-8.0,ASH_COATED_OSMIUM,-2,18.0,16.0
68000,,,ASH_COATED_OSMIUM,XIRECS,10018.0,3,1,10009.0,10000.0,10018.0,-0.4146341463414634,True,18.0,buy_aggr,9.0,ASH_COATED_OSMIUM,3,24.0,18.0
76300,,,ASH_COATED_OSMIUM,XIRECS,9997.0,6,1,10005.0,9997.0,10013.0,0.0,True,16.0,sell_aggr,-8.0,ASH_COATED_OSMIUM,-6,22.0,16.0
76500,,,ASH_COATED_OSMIUM,XIRECS,10016.0,8,1,10009.5,10003.0,10016.0,-0.6774193548387096,True,13.0,buy_aggr,6.5,ASH_COATED_OSMIUM,8,18.0,13.0
83700,,,ASH_COATED_OSMIUM,XIRECS,10015.0,2,1,10007.0,9999.0,10015.0,0.0,True,16.0,buy_aggr,8.0,ASH_COATED_OSMIUM,2,24.0,16.0
85500,,,ASH_COATED_OSMIUM,XIRECS,9996.0,7,1,9996.0,9996.0,,1.0,False,,mid_trade,0.0,ASH_COATED_OSMIUM,0,,0.0
85700,,,ASH_COATED_OSMIUM,XIRECS,10001.0,3,1,9998.0,9995.0,10001.0,0.2727272727272727,True,6.0,buy_aggr,3.0,ASH_COATED_OSMIUM,3,0.0,6.0
85900,,,ASH_COATED_OSMIUM,XIRECS,9995.0,5,1,10003.0,9995.0,10011.0,0.0,True,16.0,sell_aggr,-8.0,ASH_COATED_OSMIUM,-5,12.0,16.0
87900,,,ASH_COATED_OSMIUM,XIRECS,9993.0,5,1,10001.0,9993.0,10009.0,0.0,True,16.0,sell_aggr,-8.0,ASH_COATED_OSMIUM,-5,16.0,16.0
88300,,,ASH_COATED_OSMIUM,XIRECS,10012.0,2,1,10003.0,9994.0,10012.0,-0.2857142857142857,True,18.0,buy_aggr,9.0,ASH_COATED_OSMIUM,2,22.0,18.0
90200,,,ASH_COATED_OSMIUM,XIRECS,10010.0,10,1,10002.0,9994.0,10010.0,0.0,True,16.0,buy_aggr,8.0,ASH_COATED_OSMIUM,10,16.0,16.0
90800,,,ASH_COATED_OSMIUM,XIRECS,9993.0,6,1,10001.0,9993.0,10009.0,0.0,True,16.0,sell_aggr,-8.0,ASH_COATED_OSMIUM,-6,18.0,16.0
96100,,,ASH_COATED_OSMIUM,XIRECS,10009.0,3,1,10009.0,,10009.0,-1.0,False,,mid_trade,0.0,ASH_COATED_OSMIUM,0,,0.0
96900,,,ASH_COATED_OSMIUM,XIRECS,10010.0,8,1,10000.5,9991.0,10010.0,0.3488372093023256,True,19.0,buy_aggr,9.5,ASH_COATED_OSMIUM,8,12.0,19.0
97100,,,ASH_COATED_OSMIUM,XIRECS,10010.0,6,1,10002.0,9994.0,10010.0,0.0,True,16.0,buy_aggr,8.0,ASH_COATED_OSMIUM,6,14.0,16.0
106100,,,ASH_COATED_OSMIUM,XIRECS,10012.0,5,1,10004.0,9996.0,10012.0,0.0,True,16.0,buy_aggr,8.0,ASH_COATED_OSMIUM,5,16.0,16.0
111800,,,ASH_COATED_OSMIUM,XIRECS,9994.0,5,1,10002.0,9994.0,10010.0,0.0,True,16.0,sell_aggr,-8.0,ASH_COATED_OSMIUM,-5,14.0,16.0
114900,,,ASH_COATED_OSMIUM,XIRECS,9992.0,3,1,10001.0,9992.0,10010.0,0.2727272727272727,True,18.0,sell_aggr,-9.0,ASH_COATED_OSMIUM,-3,17.0,18.0
116100,,,ASH_COATED_OSMIUM,XIRECS,9993.0,8,1,10001.0,9993.0,10009.0,0.0,True,16.0,sell_aggr,-8.0,ASH_COATED_OSMIUM,-8,14.0,16.0
122000,,,ASH_COATED_OSMIUM,XIRECS,10008.0,10,1,10000.0,9992.0,10008.0,0.0,True,16.0,buy_aggr,8.0,ASH_COATED_OSMIUM,10,14.0,16.0
122500,,,ASH_COATED_OSMIUM,XIRECS,10009.0,5,1,10001.0,9993.0,10009.0,0.0,True,16.0,buy_aggr,8.0,ASH_COATED_OSMIUM,5,32.0,16.0
124700,,,ASH_COATED_OSMIUM,XIRECS,9991.0,2,1,9999.0,9991.0,10007.0,0.0,True,16.0,sell_aggr,-8.0,ASH_COATED_OSMIUM,-2,16.0,16.0
126600,,,ASH_COATED_OSMIUM,XIRECS,9992.0,6,1,10000.0,9992.0,10008.0,0.0,True,16.0,sell_aggr,-8.0,ASH_COATED_OSMIUM,-6,17.0,16.0
126700,,,ASH_COATED_OSMIUM,XIRECS,9992.0,6,1,10000.0,9992.0,10008.0,0.0,True,16.0,sell_aggr,-8.0,ASH_COATED_OSMIUM,-6,14.0,16.0
128000,,,ASH_COATED_OSMIUM,XIRECS,10007.0,2,1,9999.0,9991.0,10007.0,0.0,True,16.0,buy_aggr,8.0,ASH_COATED_OSMIUM,2,12.0,16.0
130500,,,ASH_COATED_OSMIUM,XIRECS,10007.0,2,1,9999.0,9991.0,10007.0,0.0,True,16.0,buy_aggr,8.0,ASH_COATED_OSMIUM,2,10.0,16.0
131000,,,ASH_COATED_OSMIUM,XIRECS,10008.0,9,1,10000.0,9992.0,10008.0,0.0,True,16.0,buy_aggr,8.0,ASH_COATED_OSMIUM,9,12.0,16.0
131600,,,ASH_COATED_OSMIUM,XIRECS,10011.0,2,1,10000.5,9990.0,10011.0,0.0,True,21.0,buy_aggr,10.5,ASH_COATED_OSMIUM,2,16.0,21.0
137900,,,ASH_COATED_OSMIUM,XIRECS,10012.0,3,1,10004.0,9996.0,10012.0,0.0,True,16.0,buy_aggr,8.0,ASH_COATED_OSMIUM,3,19.0,16.0
139400,,,ASH_COATED_OSMIUM,XIRECS,9997.0,5,1,10005.0,9997.0,10013.0,0.0,True,16.0,sell_aggr,-8.0,ASH_COATED_OSMIUM,-5,20.0,16.0
139600,,,ASH_COATED_OSMIUM,XIRECS,9997.0,6,1,10005.0,9997.0,10013.0,0.0,True,16.0,sell_aggr,-8.0,ASH_COATED_OSMIUM,-6,18.0,16.0
142200,,,ASH_COATED_OSMIUM,XIRECS,9997.0,2,1,10005.0,9997.0,10013.0,0.0,True,16.0,sell_aggr,-8.0,ASH_COATED_OSMIUM,-2,18.0,16.0
142200,,,ASH_COATED_OSMIUM,XIRECS,9997.0,6,1,10005.0,9997.0,10013.0,0.0,True,16.0,sell_aggr,-8.0,ASH_COATED_OSMIUM,-6,18.0,16.0
146900,,,ASH_COATED_OSMIUM,XIRECS,10014.0,6,1,10006.0,9998.0,10014.0,0.0,True,16.0,buy_aggr,8.0,ASH_COATED_OSMIUM,6,17.0,16.0
149500,,,ASH_COATED_OSMIUM,XIRECS,10015.0,9,1,10008.5,10002.0,10015.0,-0.7142857142857143,True,13.0,buy_aggr,6.5,ASH_COATED_OSMIUM,9,17.0,13.0
153400,,,ASH_COATED_OSMIUM,XIRECS,9999.0,5,1,10007.0,9999.0,10015.0,0.0,True,16.0,sell_aggr,-8.0,ASH_COATED_OSMIUM,-5,10.0,16.0
154800,,,ASH_COATED_OSMIUM,XIRECS,10000.0,2,1,10008.0,10000.0,10016.0,0.0,True,16.0,sell_aggr,-8.0,ASH_COATED_OSMIUM,-2,4.0,16.0
155300,,,ASH_COATED_OSMIUM,XIRECS,10016.0,10,1,10008.0,10000.0,10016.0,0.0,True,16.0,buy_aggr,8.0,ASH_COATED_OSMIUM,10,24.0,16.0
155500,,,ASH_COATED_OSMIUM,XIRECS,10016.0,6,1,10006.5,9997.0,10016.0,0.2432432432432432,True,19.0,buy_aggr,9.5,ASH_COATED_OSMIUM,6,22.0,19.0
155700,,,ASH_COATED_OSMIUM,XIRECS,10018.0,7,1,10009.0,10000.0,10018.0,-0.2727272727272727,True,18.0,buy_aggr,9.0,ASH_COATED_OSMIUM,7,24.0,18.0
158400,,,ASH_COATED_OSMIUM,XIRECS,9996.0,5,1,10004.0,9996.0,10012.0,0.0,True,16.0,sell_aggr,-8.0,ASH_COATED_OSMIUM,-5,18.0,16.0
165500,,,ASH_COATED_OSMIUM,XIRECS,10009.0,4,1,10012.5,10009.0,10016.0,-0.4285714285714285,True,7.0,sell_aggr,-3.5,ASH_COATED_OSMIUM,-4,-4.0,7.0
172900,,,ASH_COATED_OSMIUM,XIRECS,10015.0,4,1,10007.0,9999.0,10015.0,0.0,True,16.0,buy_aggr,8.0,ASH_COATED_OSMIUM,4,12.0,16.0
173300,,,ASH_COATED_OSMIUM,XIRECS,10015.0,4,1,10005.5,9996.0,10015.0,0.4285714285714285,True,19.0,buy_aggr,9.5,ASH_COATED_OSMIUM,4,8.0,19.0
177700,,,ASH_COATED_OSMIUM,XIRECS,10000.0,10,1,10009.5,10000.0,10019.0,0.3333333333333333,True,19.0,sell_aggr,-9.5,ASH_COATED_OSMIUM,-10,16.0,19.0
181800,,,ASH_COATED_OSMIUM,XIRECS,10002.0,2,1,10010.0,10002.0,10018.0,0.0,True,16.0,sell_aggr,-8.0,ASH_COATED_OSMIUM,-2,16.0,16.0
182900,,,ASH_COATED_OSMIUM,XIRECS,10001.0,5,1,10010.5,10001.0,10020.0,-0.4871794871794871,True,19.0,sell_aggr,-9.5,ASH_COATED_OSMIUM,-5,16.0,19.0
184700,,,ASH_COATED_OSMIUM,XIRECS,10011.0,5,1,10014.0,10011.0,10017.0,-0.4285714285714285,True,6.0,sell_aggr,-3.0,ASH_COATED_OSMIUM,-5,-8.0,6.0
185000,,,ASH_COATED_OSMIUM,XIRECS,10001.0,4,1,10003.5,10001.0,10006.0,0.2941176470588235,True,5.0,sell_aggr,-2.5,ASH_COATED_OSMIUM,-4,20.0,5.0
185900,,,ASH_COATED_OSMIUM,XIRECS,10001.0,10,1,10009.0,10001.0,10017.0,0.0,True,16.0,sell_aggr,-8.0,ASH_COATED_OSMIUM,-10,18.0,16.0
187000,,,ASH_COATED_OSMIUM,XIRECS,10002.0,4,1,10011.0,10002.0,10020.0,-0.3529411764705882,True,18.0,sell_aggr,-9.0,ASH_COATED_OSMIUM,-4,12.0,18.0
190600,,,ASH_COATED_OSMIUM,XIRECS,10018.0,3,1,10010.0,10002.0,10018.0,0.0,True,16.0,buy_aggr,8.0,ASH_COATED_OSMIUM,3,28.0,16.0
192600,,,ASH_COATED_OSMIUM,XIRECS,9997.0,8,1,10007.5,9997.0,10018.0,0.0,True,21.0,sell_aggr,-10.5,ASH_COATED_OSMIUM,-8,17.0,21.0
192900,,,ASH_COATED_OSMIUM,XIRECS,10015.0,10,1,10007.0,9999.0,10015.0,0.0,True,16.0,buy_aggr,8.0,ASH_COATED_OSMIUM,10,20.0,16.0
197300,,,ASH_COATED_OSMIUM,XIRECS,9996.0,9,1,10005.5,9996.0,10015.0,-0.3157894736842105,True,19.0,sell_aggr,-9.5,ASH_COATED_OSMIUM,-9,8.0,19.0
200300,,,ASH_COATED_OSMIUM,XIRECS,9992.0,10,1,10001.5,9992.0,10011.0,0.2631578947368421,True,19.0,sell_aggr,-9.5,ASH_COATED_OSMIUM,-10,20.0,19.0
200300,,,ASH_COATED_OSMIUM,XIRECS,9992.0,6,1,10001.5,9992.0,10011.0,0.2631578947368421,True,19.0,sell_aggr,-9.5,ASH_COATED_OSMIUM,-6,20.0,19.0
200600,,,ASH_COATED_OSMIUM,XIRECS,10011.0,2,1,10002.0,9993.0,10011.0,0.25,True,18.0,buy_aggr,9.0,ASH_COATED_OSMIUM,2,20.0,18.0
200700,,,ASH_COATED_OSMIUM,XIRECS,10011.0,8,1,10003.0,9995.0,10011.0,0.0,True,16.0,buy_aggr,8.0,ASH_COATED_OSMIUM,8,18.0,16.0
200800,,,ASH_COATED_OSMIUM,XIRECS,10011.0,2,1,10003.0,9995.0,10011.0,0.0,True,16.0,buy_aggr,8.0,ASH_COATED_OSMIUM,2,20.0,16.0
201900,,,ASH_COATED_OSMIUM,XIRECS,9992.0,4,1,10001.5,9992.0,10011.0,-0.3125,True,19.0,sell_aggr,-9.5,ASH_COATED_OSMIUM,-4,18.0,19.0
205800,,,ASH_COATED_OSMIUM,XIRECS,9993.0,2,1,10001.0,9993.0,10009.0,0.0,True,16.0,sell_aggr,-8.0,ASH_COATED_OSMIUM,-2,22.0,16.0
206600,,,ASH_COATED_OSMIUM,XIRECS,9991.0,7,1,10000.0,9991.0,10009.0,0.3939393939393939,True,18.0,sell_aggr,-9.0,ASH_COATED_OSMIUM,-7,26.0,18.0
208900,,,ASH_COATED_OSMIUM,XIRECS,9992.0,10,1,10001.0,9992.0,10010.0,0.3658536585365853,True,18.0,sell_aggr,-9.0,ASH_COATED_OSMIUM,-10,18.0,18.0
210200,,,ASH_COATED_OSMIUM,XIRECS,9993.0,4,1,10002.5,9993.0,10012.0,0.3684210526315789,True,19.0,sell_aggr,-9.5,ASH_COATED_OSMIUM,-4,26.0,19.0
212900,,,ASH_COATED_OSMIUM,XIRECS,9993.0,6,1,10002.5,9993.0,10012.0,0.3157894736842105,True,19.0,sell_aggr,-9.5,ASH_COATED_OSMIUM,-6,24.0,19.0
223100,,,ASH_COATED_OSMIUM,XIRECS,10010.0,2,1,10003.5,9997.0,10010.0,-0.7857142857142857,True,13.0,buy_aggr,6.5,ASH_COATED_OSMIUM,2,26.0,13.0
224900,,,ASH_COATED_OSMIUM,XIRECS,10008.0,7,1,9998.5,9989.0,10008.0,0.2571428571428571,True,19.0,buy_aggr,9.5,ASH_COATED_OSMIUM,7,16.0,19.0
225000,,,ASH_COATED_OSMIUM,XIRECS,10008.0,5,1,10000.0,9992.0,10008.0,0.0,True,16.0,buy_aggr,8.0,ASH_COATED_OSMIUM,5,15.0,16.0
226200,,,ASH_COATED_OSMIUM,XIRECS,9991.0,6,1,9999.0,9991.0,10007.0,0.0,True,16.0,sell_aggr,-8.0,ASH_COATED_OSMIUM,-6,14.0,16.0
227800,,,ASH_COATED_OSMIUM,XIRECS,9990.0,5,1,9998.0,9990.0,10006.0,0.0,True,16.0,sell_aggr,-8.0,ASH_COATED_OSMIUM,-5,12.0,16.0
228000,,,ASH_COATED_OSMIUM,XIRECS,9990.0,5,1,9990.0,9990.0,,1.0,False,,mid_trade,0.0,ASH_COATED_OSMIUM,0,,0.0
229400,,,ASH_COATED_OSMIUM,XIRECS,10007.0,2,1,9999.0,9991.0,10007.0,0.0,True,16.0,buy_aggr,8.0,ASH_COATED_OSMIUM,2,19.0,16.0
229800,,,ASH_COATED_OSMIUM,XIRECS,10007.0,5,1,9997.5,9988.0,10007.0,0.2777777777777778,True,19.0,buy_aggr,9.5,ASH_COATED_OSMIUM,5,20.0,19.0
235600,,,ASH_COATED_OSMIUM,XIRECS,9986.0,8,1,9995.0,9986.0,10004.0,0.5,True,18.0,sell_aggr,-9.0,ASH_COATED_OSMIUM,-8,18.0,18.0
236300,,,ASH_COATED_OSMIUM,XIRECS,9989.0,4,1,9997.0,9989.0,10005.0,0.0,True,16.0,sell_aggr,-8.0,ASH_COATED_OSMIUM,-4,16.0,16.0
236700,,,ASH_COATED_OSMIUM,XIRECS,9988.0,2,1,9996.0,9988.0,10004.0,0.0,True,16.0,sell_aggr,-8.0,ASH_COATED_OSMIUM,-2,16.0,16.0
236800,,,ASH_COATED_OSMIUM,XIRECS,9988.0,4,1,9997.0,9988.0,10006.0,-0.3170731707317073,True,18.0,sell_aggr,-9.0,ASH_COATED_OSMIUM,-4,20.0,18.0
237200,,,ASH_COATED_OSMIUM,XIRECS,10004.0,5,1,9996.0,9988.0,10004.0,0.0,True,16.0,buy_aggr,8.0,ASH_COATED_OSMIUM,5,14.0,16.0
237300,,,ASH_COATED_OSMIUM,XIRECS,9987.0,3,1,9987.0,9987.0,,1.0,False,,mid_trade,0.0,ASH_COATED_OSMIUM,0,,0.0
241700,,,ASH_COATED_OSMIUM,XIRECS,9988.0,7,1,9996.0,9988.0,10004.0,0.0,True,16.0,sell_aggr,-8.0,ASH_COATED_OSMIUM,-7,11.0,16.0
243000,,,ASH_COATED_OSMIUM,XIRECS,10005.0,5,1,9997.0,9989.0,10005.0,0.0,True,16.0,buy_aggr,8.0,ASH_COATED_OSMIUM,5,18.0,16.0
243400,,,ASH_COATED_OSMIUM,XIRECS,10008.0,6,1,9997.5,9987.0,10008.0,0.0,True,21.0,buy_aggr,10.5,ASH_COATED_OSMIUM,6,26.0,21.0
243700,,,ASH_COATED_OSMIUM,XIRECS,10005.0,6,1,9997.0,9989.0,10005.0,0.0,True,16.0,buy_aggr,8.0,ASH_COATED_OSMIUM,6,16.0,16.0
246200,,,ASH_COATED_OSMIUM,XIRECS,9985.0,9,1,9994.0,9985.0,10003.0,0.4146341463414634,True,18.0,sell_aggr,-9.0,ASH_COATED_OSMIUM,-9,12.0,18.0
247800,,,ASH_COATED_OSMIUM,XIRECS,9987.0,6,1,9990.0,9987.0,9993.0,0.3636363636363636,True,6.0,sell_aggr,-3.0,ASH_COATED_OSMIUM,-6,20.0,6.0
251900,,,ASH_COATED_OSMIUM,XIRECS,9989.0,4,1,9998.0,9989.0,10007.0,-0.3714285714285714,True,18.0,sell_aggr,-9.0,ASH_COATED_OSMIUM,-4,20.0,18.0
252400,,,ASH_COATED_OSMIUM,XIRECS,10004.0,7,1,9996.5,9989.0,10004.0,0.0,True,15.0,buy_aggr,7.5,ASH_COATED_OSMIUM,7,11.0,15.0
258300,,,ASH_COATED_OSMIUM,XIRECS,10008.0,9,1,10000.0,9992.0,10008.0,0.0,True,16.0,buy_aggr,8.0,ASH_COATED_OSMIUM,9,18.0,16.0
258600,,,ASH_COATED_OSMIUM,XIRECS,10008.0,4,1,9998.5,9989.0,10008.0,0.2682926829268293,True,19.0,buy_aggr,9.5,ASH_COATED_OSMIUM,4,11.0,19.0
259400,,,ASH_COATED_OSMIUM,XIRECS,9990.0,8,1,9998.0,9990.0,10006.0,0.0,True,16.0,sell_aggr,-8.0,ASH_COATED_OSMIUM,-8,17.0,16.0
260500,,,ASH_COATED_OSMIUM,XIRECS,10005.0,7,1,9997.0,9989.0,10005.0,0.0,True,16.0,buy_aggr,8.0,ASH_COATED_OSMIUM,7,10.0,16.0
260800,,,ASH_COATED_OSMIUM,XIRECS,10005.0,2,1,9997.0,9989.0,10005.0,0.0,True,16.0,buy_aggr,8.0,ASH_COATED_OSMIUM,2,10.0,16.0
261500,,,ASH_COATED_OSMIUM,XIRECS,9990.0,2,1,9998.0,9990.0,10006.0,0.0,True,16.0,sell_aggr,-8.0,ASH_COATED_OSMIUM,-2,20.0,16.0
265000,,,ASH_COATED_OSMIUM,XIRECS,9993.0,8,1,10001.0,9993.0,10009.0,0.0,True,16.0,sell_aggr,-8.0,ASH_COATED_OSMIUM,-8,10.0,16.0
267000,,,ASH_COATED_OSMIUM,XIRECS,9989.0,9,1,9998.0,9989.0,10007.0,0.3513513513513513,True,18.0,sell_aggr,-9.0,ASH_COATED_OSMIUM,-9,17.0,18.0
269000,,,ASH_COATED_OSMIUM,XIRECS,10005.0,6,1,9997.5,9990.0,10005.0,0.0,True,15.0,buy_aggr,7.5,ASH_COATED_OSMIUM,6,11.0,15.0
269600,,,ASH_COATED_OSMIUM,XIRECS,9989.0,4,1,9998.5,9989.0,10008.0,-0.4736842105263157,True,19.0,sell_aggr,-9.5,ASH_COATED_OSMIUM,-4,16.0,19.0
270600,,,ASH_COATED_OSMIUM,XIRECS,10005.0,2,1,9997.0,9989.0,10005.0,0.0,True,16.0,buy_aggr,8.0,ASH_COATED_OSMIUM,2,16.0,16.0
272000,,,ASH_COATED_OSMIUM,XIRECS,10008.0,5,1,9997.5,9987.0,10008.0,0.0,True,21.0,buy_aggr,10.5,ASH_COATED_OSMIUM,5,19.0,21.0
273000,,,ASH_COATED_OSMIUM,XIRECS,10005.0,6,1,9995.5,9986.0,10005.0,0.3809523809523809,True,19.0,buy_aggr,9.5,ASH_COATED_OSMIUM,6,12.0,19.0
275800,,,ASH_COATED_OSMIUM,XIRECS,10006.0,4,1,9996.5,9987.0,10006.0,0.2352941176470588,True,19.0,buy_aggr,9.5,ASH_COATED_OSMIUM,4,16.0,19.0
281100,,,ASH_COATED_OSMIUM,XIRECS,9990.0,2,1,9998.0,9990.0,10006.0,0.0,True,16.0,sell_aggr,-8.0,ASH_COATED_OSMIUM,-2,12.0,16.0
282700,,,ASH_COATED_OSMIUM,XIRECS,9988.0,4,1,9996.0,9988.0,10004.0,0.0,True,16.0,sell_aggr,-8.0,ASH_COATED_OSMIUM,-4,16.0,16.0
282700,,,ASH_COATED_OSMIUM,XIRECS,10004.0,6,1,9996.0,9988.0,10004.0,0.0,True,16.0,buy_aggr,8.0,ASH_COATED_OSMIUM,6,16.0,16.0
291600,,,ASH_COATED_OSMIUM,XIRECS,9988.0,3,1,9997.5,9988.0,10007.0,-0.4210526315789473,True,19.0,sell_aggr,-9.5,ASH_COATED_OSMIUM,-3,18.0,19.0
295500,,,ASH_COATED_OSMIUM,XIRECS,10004.0,8,1,9996.0,9988.0,10004.0,0.0,True,16.0,buy_aggr,8.0,ASH_COATED_OSMIUM,8,22.0,16.0
297000,,,ASH_COATED_OSMIUM,XIRECS,10003.0,9,1,9995.0,9987.0,10003.0,0.0,True,16.0,buy_aggr,8.0,ASH_COATED_OSMIUM,9,8.0,16.0
297500,,,ASH_COATED_OSMIUM,XIRECS,10003.0,3,1,9998.0,9993.0,10003.0,-0.4736842105263157,True,10.0,buy_aggr,5.0,ASH_COATED_OSMIUM,3,9.0,10.0
299700,,,ASH_COATED_OSMIUM,XIRECS,9986.0,2,1,9995.0,9986.0,10004.0,0.3157894736842105,True,18.0,sell_aggr,-9.0,ASH_COATED_OSMIUM,-2,20.0,18.0
301600,,,ASH_COATED_OSMIUM,XIRECS,9990.0,9,1,9998.0,9990.0,10006.0,0.0,True,16.0,sell_aggr,-8.0,ASH_COATED_OSMIUM,-9,13.0,16.0
306200,,,ASH_COATED_OSMIUM,XIRECS,9986.0,6,1,9995.5,9986.0,10005.0,0.4146341463414634,True,19.0,sell_aggr,-9.5,ASH_COATED_OSMIUM,-6,26.0,19.0
306500,,,ASH_COATED_OSMIUM,XIRECS,10008.0,5,1,9999.0,9990.0,10008.0,-0.4285714285714285,True,18.0,buy_aggr,9.0,ASH_COATED_OSMIUM,5,18.0,18.0
307600,,,ASH_COATED_OSMIUM,XIRECS,9990.0,5,1,9999.5,9990.0,10009.0,-0.3333333333333333,True,19.0,sell_aggr,-9.5,ASH_COATED_OSMIUM,-5,22.0,19.0
310000,,,ASH_COATED_OSMIUM,XIRECS,10009.0,9,1,9999.5,9990.0,10009.0,-0.2777777777777778,True,19.0,buy_aggr,9.5,ASH_COATED_OSMIUM,9,14.0,19.0
311100,,,ASH_COATED_OSMIUM,XIRECS,10007.0,6,1,9999.0,9991.0,10007.0,0.0,True,16.0,buy_aggr,8.0,ASH_COATED_OSMIUM,6,14.0,16.0
313300,,,ASH_COATED_OSMIUM,XIRECS,9992.0,2,1,9995.0,9992.0,9998.0,0.4,True,6.0,sell_aggr,-3.0,ASH_COATED_OSMIUM,-2,20.0,6.0
321100,,,ASH_COATED_OSMIUM,XIRECS,10012.0,6,1,10002.5,9993.0,10012.0,0.3953488372093023,True,19.0,buy_aggr,9.5,ASH_COATED_OSMIUM,6,18.0,19.0
323500,,,ASH_COATED_OSMIUM,XIRECS,9995.0,6,1,10004.0,9995.0,10013.0,-0.2121212121212121,True,18.0,sell_aggr,-9.0,ASH_COATED_OSMIUM,-6,18.0,18.0
324800,,,ASH_COATED_OSMIUM,XIRECS,9993.0,2,1,10001.0,9993.0,10009.0,0.0,True,16.0,sell_aggr,-8.0,ASH_COATED_OSMIUM,-2,22.0,16.0
325200,,,ASH_COATED_OSMIUM,XIRECS,10012.0,5,1,10003.0,9994.0,10012.0,-0.1428571428571428,True,18.0,buy_aggr,9.0,ASH_COATED_OSMIUM,5,18.0,18.0
329000,,,ASH_COATED_OSMIUM,XIRECS,9996.0,9,1,10004.0,9996.0,10012.0,0.0,True,16.0,sell_aggr,-8.0,ASH_COATED_OSMIUM,-9,12.0,16.0
330000,,,ASH_COATED_OSMIUM,XIRECS,10012.0,4,1,10004.0,9996.0,10012.0,0.0,True,16.0,buy_aggr,8.0,ASH_COATED_OSMIUM,4,22.0,16.0
330800,,,ASH_COATED_OSMIUM,XIRECS,9994.0,2,1,10002.0,9994.0,10010.0,0.0,True,16.0,sell_aggr,-8.0,ASH_COATED_OSMIUM,-2,14.0,16.0
331800,,,ASH_COATED_OSMIUM,XIRECS,10011.0,8,1,10001.5,9992.0,10011.0,-0.3181818181818182,True,19.0,buy_aggr,9.5,ASH_COATED_OSMIUM,8,20.0,19.0
332800,,,ASH_COATED_OSMIUM,XIRECS,10008.0,5,1,9998.5,9989.0,10008.0,0.4117647058823529,True,19.0,buy_aggr,9.5,ASH_COATED_OSMIUM,5,20.0,19.0
335800,,,ASH_COATED_OSMIUM,XIRECS,9993.0,6,1,10001.0,9993.0,10009.0,0.0,True,16.0,sell_aggr,-8.0,ASH_COATED_OSMIUM,-6,18.0,16.0
336200,,,ASH_COATED_OSMIUM,XIRECS,9993.0,6,1,10001.0,9993.0,10009.0,0.0,True,16.0,sell_aggr,-8.0,ASH_COATED_OSMIUM,-6,18.0,16.0
336400,,,ASH_COATED_OSMIUM,XIRECS,10010.0,9,1,10002.0,9994.0,10010.0,0.0,True,16.0,buy_aggr,8.0,ASH_COATED_OSMIUM,9,12.0,16.0
337000,,,ASH_COATED_OSMIUM,XIRECS,9993.0,4,1,10001.0,9993.0,10009.0,0.0,True,16.0,sell_aggr,-8.0,ASH_COATED_OSMIUM,-4,22.0,16.0
337300,,,ASH_COATED_OSMIUM,XIRECS,9994.0,7,1,10002.0,9994.0,10010.0,0.0,True,16.0,sell_aggr,-8.0,ASH_COATED_OSMIUM,-7,23.0,16.0
340900,,,ASH_COATED_OSMIUM,XIRECS,10011.0,2,1,10002.0,9993.0,10011.0,0.3714285714285714,True,18.0,buy_aggr,9.0,ASH_COATED_OSMIUM,2,18.0,18.0
341400,,,ASH_COATED_OSMIUM,XIRECS,9996.0,2,1,10004.0,9996.0,10012.0,0.0,True,16.0,sell_aggr,-8.0,ASH_COATED_OSMIUM,-2,20.0,16.0
342400,,,ASH_COATED_OSMIUM,XIRECS,9996.0,5,1,10004.0,9996.0,10012.0,0.0,True,16.0,sell_aggr,-8.0,ASH_COATED_OSMIUM,-5,14.0,16.0
344400,,,ASH_COATED_OSMIUM,XIRECS,9995.0,4,1,10004.5,9995.0,10014.0,-0.3714285714285714,True,19.0,sell_aggr,-9.5,ASH_COATED_OSMIUM,-4,10.0,19.0
346000,,,ASH_COATED_OSMIUM,XIRECS,9995.0,3,1,10003.0,9995.0,10011.0,0.0,True,16.0,sell_aggr,-8.0,ASH_COATED_OSMIUM,-3,14.0,16.0
346400,,,ASH_COATED_OSMIUM,XIRECS,10001.0,4,1,10006.0,10001.0,10011.0,-0.4117647058823529,True,10.0,sell_aggr,-5.0,ASH_COATED_OSMIUM,-4,2.0,10.0
349600,,,ASH_COATED_OSMIUM,XIRECS,10011.0,4,1,10001.5,9992.0,10011.0,0.3684210526315789,True,19.0,buy_aggr,9.5,ASH_COATED_OSMIUM,4,18.0,19.0
350600,,,ASH_COATED_OSMIUM,XIRECS,10010.0,5,1,10002.0,9994.0,10010.0,0.0,True,16.0,buy_aggr,8.0,ASH_COATED_OSMIUM,5,16.0,16.0
352000,,,ASH_COATED_OSMIUM,XIRECS,10008.0,5,1,10000.0,9992.0,10008.0,0.0,True,16.0,buy_aggr,8.0,ASH_COATED_OSMIUM,5,12.0,16.0
353000,,,ASH_COATED_OSMIUM,XIRECS,9992.0,5,1,10000.0,9992.0,10008.0,0.0,True,16.0,sell_aggr,-8.0,ASH_COATED_OSMIUM,-5,14.0,16.0
356700,,,ASH_COATED_OSMIUM,XIRECS,10010.0,9,1,10002.0,9994.0,10010.0,0.0,True,16.0,buy_aggr,8.0,ASH_COATED_OSMIUM,9,10.0,16.0
357700,,,ASH_COATED_OSMIUM,XIRECS,9994.0,3,1,10002.0,9994.0,10010.0,0.0,True,16.0,sell_aggr,-8.0,ASH_COATED_OSMIUM,-3,20.0,16.0
358600,,,ASH_COATED_OSMIUM,XIRECS,10010.0,3,1,10002.0,9994.0,10010.0,0.0,True,16.0,buy_aggr,8.0,ASH_COATED_OSMIUM,3,12.0,16.0
361400,,,ASH_COATED_OSMIUM,XIRECS,9995.0,6,1,10003.0,9995.0,10011.0,0.0,True,16.0,sell_aggr,-8.0,ASH_COATED_OSMIUM,-6,22.0,16.0
363400,,,ASH_COATED_OSMIUM,XIRECS,10012.0,2,1,10004.0,9996.0,10012.0,0.0,True,16.0,buy_aggr,8.0,ASH_COATED_OSMIUM,2,11.0,16.0
365500,,,ASH_COATED_OSMIUM,XIRECS,9998.0,3,1,10006.0,9998.0,10014.0,0.0,True,16.0,sell_aggr,-8.0,ASH_COATED_OSMIUM,-3,30.0,16.0
375500,,,ASH_COATED_OSMIUM,XIRECS,9998.0,4,1,10006.0,9998.0,10014.0,0.0,True,16.0,sell_aggr,-8.0,ASH_COATED_OSMIUM,-4,10.0,16.0
375600,,,ASH_COATED_OSMIUM,XIRECS,10013.0,3,1,10005.0,9997.0,10013.0,0.0,True,16.0,buy_aggr,8.0,ASH_COATED_OSMIUM,3,12.0,16.0
377600,,,ASH_COATED_OSMIUM,XIRECS,9993.0,4,1,10002.0,9993.0,10011.0,0.2121212121212121,True,18.0,sell_aggr,-9.0,ASH_COATED_OSMIUM,-4,26.0,18.0
380900,,,ASH_COATED_OSMIUM,XIRECS,9996.0,8,1,10005.0,9996.0,10014.0,0.1891891891891892,True,18.0,sell_aggr,-9.0,ASH_COATED_OSMIUM,-8,14.0,18.0
381200,,,ASH_COATED_OSMIUM,XIRECS,10015.0,2,1,10007.0,9999.0,10015.0,0.0,True,16.0,buy_aggr,8.0,ASH_COATED_OSMIUM,2,22.0,16.0
383000,,,ASH_COATED_OSMIUM,XIRECS,10014.0,6,1,10006.0,9998.0,10014.0,0.0,True,16.0,buy_aggr,8.0,ASH_COATED_OSMIUM,6,20.0,16.0
384200,,,ASH_COATED_OSMIUM,XIRECS,9996.0,4,1,10004.0,9996.0,10012.0,0.0,True,16.0,sell_aggr,-8.0,ASH_COATED_OSMIUM,-4,18.0,16.0
389800,,,ASH_COATED_OSMIUM,XIRECS,10013.0,10,1,10005.0,9997.0,10013.0,0.0,True,16.0,buy_aggr,8.0,ASH_COATED_OSMIUM,10,18.0,16.0
389900,,,ASH_COATED_OSMIUM,XIRECS,9995.0,7,1,10004.0,9995.0,10013.0,0.3684210526315789,True,18.0,sell_aggr,-9.0,ASH_COATED_OSMIUM,-7,24.0,18.0
390400,,,ASH_COATED_OSMIUM,XIRECS,9997.0,9,1,10005.0,9997.0,10013.0,0.0,True,16.0,sell_aggr,-8.0,ASH_COATED_OSMIUM,-9,14.0,16.0
391300,,,ASH_COATED_OSMIUM,XIRECS,9997.0,4,1,10005.0,9997.0,10013.0,0.0,True,16.0,sell_aggr,-8.0,ASH_COATED_OSMIUM,-4,15.0,16.0
392500,,,ASH_COATED_OSMIUM,XIRECS,10013.0,5,1,10005.0,9997.0,10013.0,0.0,True,16.0,buy_aggr,8.0,ASH_COATED_OSMIUM,5,18.0,16.0
401700,,,ASH_COATED_OSMIUM,XIRECS,10012.0,9,1,10004.0,9996.0,10012.0,0.0,True,16.0,buy_aggr,8.0,ASH_COATED_OSMIUM,9,18.0,16.0
402600,,,ASH_COATED_OSMIUM,XIRECS,9995.0,5,1,10003.0,9995.0,10011.0,0.0,True,16.0,sell_aggr,-8.0,ASH_COATED_OSMIUM,-5,13.0,16.0
405400,,,ASH_COATED_OSMIUM,XIRECS,9995.0,2,1,9995.0,9995.0,,1.0,False,,mid_trade,0.0,ASH_COATED_OSMIUM,0,,0.0
407400,,,ASH_COATED_OSMIUM,XIRECS,10010.0,8,1,10002.0,9994.0,10010.0,0.0,True,16.0,buy_aggr,8.0,ASH_COATED_OSMIUM,8,18.0,16.0
412800,,,ASH_COATED_OSMIUM,XIRECS,9990.0,4,1,9999.0,9990.0,10008.0,0.3888888888888889,True,18.0,sell_aggr,-9.0,ASH_COATED_OSMIUM,-4,18.0,18.0
414200,,,ASH_COATED_OSMIUM,XIRECS,10008.0,6,1,10000.0,9992.0,10008.0,0.0,True,16.0,buy_aggr,8.0,ASH_COATED_OSMIUM,6,16.0,16.0
416000,,,ASH_COATED_OSMIUM,XIRECS,9990.0,6,1,9998.0,9990.0,10006.0,0.0,True,16.0,sell_aggr,-8.0,ASH_COATED_OSMIUM,-6,20.0,16.0
416300,,,ASH_COATED_OSMIUM,XIRECS,9990.0,2,1,9998.0,9990.0,10006.0,0.0,True,16.0,sell_aggr,-8.0,ASH_COATED_OSMIUM,-2,20.0,16.0
424900,,,ASH_COATED_OSMIUM,XIRECS,9992.0,6,1,10001.5,9992.0,10011.0,0.3684210526315789,True,19.0,sell_aggr,-9.5,ASH_COATED_OSMIUM,-6,22.0,19.0
425200,,,ASH_COATED_OSMIUM,XIRECS,10011.0,6,1,10003.0,9995.0,10011.0,0.0,True,16.0,buy_aggr,8.0,ASH_COATED_OSMIUM,6,14.0,16.0
425800,,,ASH_COATED_OSMIUM,XIRECS,9996.0,7,1,10004.0,9996.0,10012.0,0.0,True,16.0,sell_aggr,-8.0,ASH_COATED_OSMIUM,-7,18.0,16.0
430300,,,ASH_COATED_OSMIUM,XIRECS,10012.0,4,1,10004.0,9996.0,10012.0,0.0,True,16.0,buy_aggr,8.0,ASH_COATED_OSMIUM,4,16.0,16.0
433000,,,ASH_COATED_OSMIUM,XIRECS,9996.0,6,1,10004.0,9996.0,10012.0,0.0,True,16.0,sell_aggr,-8.0,ASH_COATED_OSMIUM,-6,10.0,16.0
433700,,,ASH_COATED_OSMIUM,XIRECS,9997.0,6,1,10005.0,9997.0,10013.0,0.0,True,16.0,sell_aggr,-8.0,ASH_COATED_OSMIUM,-6,2.0,16.0
435600,,,ASH_COATED_OSMIUM,XIRECS,9993.0,3,1,9993.0,9993.0,,1.0,False,,mid_trade,0.0,ASH_COATED_OSMIUM,0,,0.0
439100,,,ASH_COATED_OSMIUM,XIRECS,10010.0,5,1,10000.5,9991.0,10010.0,-0.2432432432432432,True,19.0,buy_aggr,9.5,ASH_COATED_OSMIUM,5,14.0,19.0
439800,,,ASH_COATED_OSMIUM,XIRECS,10007.0,7,1,9999.0,9991.0,10007.0,0.0,True,16.0,buy_aggr,8.0,ASH_COATED_OSMIUM,7,0.0,16.0
440500,,,ASH_COATED_OSMIUM,XIRECS,10008.0,3,1,9999.0,9990.0,10008.0,0.3333333333333333,True,18.0,buy_aggr,9.0,ASH_COATED_OSMIUM,3,13.0,18.0
440900,,,ASH_COATED_OSMIUM,XIRECS,9993.0,2,1,10001.0,9993.0,10009.0,0.0,True,16.0,sell_aggr,-8.0,ASH_COATED_OSMIUM,-2,18.0,16.0
442300,,,ASH_COATED_OSMIUM,XIRECS,10009.0,6,1,10001.0,9993.0,10009.0,0.0,True,16.0,buy_aggr,8.0,ASH_COATED_OSMIUM,6,16.0,16.0
442700,,,ASH_COATED_OSMIUM,XIRECS,10009.0,6,1,10001.0,9993.0,10009.0,0.0,True,16.0,buy_aggr,8.0,ASH_COATED_OSMIUM,6,14.0,16.0
443200,,,ASH_COATED_OSMIUM,XIRECS,10009.0,4,1,10009.0,,10009.0,-1.0,False,,mid_trade,0.0,ASH_COATED_OSMIUM,0,,0.0
444200,,,ASH_COATED_OSMIUM,XIRECS,10011.0,10,1,10003.0,9995.0,10011.0,0.0,True,16.0,buy_aggr,8.0,ASH_COATED_OSMIUM,10,10.0,16.0
445000,,,ASH_COATED_OSMIUM,XIRECS,10010.0,8,1,10001.0,9992.0,10010.0,0.4358974358974359,True,18.0,buy_aggr,9.0,ASH_COATED_OSMIUM,8,16.0,18.0
449100,,,ASH_COATED_OSMIUM,XIRECS,9996.0,8,1,10004.0,9996.0,10012.0,0.0,True,16.0,sell_aggr,-8.0,ASH_COATED_OSMIUM,-8,4.0,16.0
451000,,,ASH_COATED_OSMIUM,XIRECS,9992.0,5,1,10000.0,9992.0,10008.0,0.0,True,16.0,sell_aggr,-8.0,ASH_COATED_OSMIUM,-5,12.0,16.0
452000,,,ASH_COATED_OSMIUM,XIRECS,9991.0,5,1,9999.0,9991.0,10007.0,0.0,True,16.0,sell_aggr,-8.0,ASH_COATED_OSMIUM,-5,17.0,16.0
452300,,,ASH_COATED_OSMIUM,XIRECS,10007.0,7,1,10007.0,,10007.0,-1.0,False,,mid_trade,0.0,ASH_COATED_OSMIUM,0,,0.0
453400,,,ASH_COATED_OSMIUM,XIRECS,9991.0,6,1,10000.5,9991.0,10010.0,-0.3333333333333333,True,19.0,sell_aggr,-9.5,ASH_COATED_OSMIUM,-6,16.0,19.0
453700,,,ASH_COATED_OSMIUM,XIRECS,10000.0,3,1,10003.5,10000.0,10007.0,-0.4,True,7.0,sell_aggr,-3.5,ASH_COATED_OSMIUM,-3,-4.0,7.0
456200,,,ASH_COATED_OSMIUM,XIRECS,10006.0,4,1,9998.0,9990.0,10006.0,0.0,True,16.0,buy_aggr,8.0,ASH_COATED_OSMIUM,4,12.0,16.0
458600,,,ASH_COATED_OSMIUM,XIRECS,10006.0,6,1,9998.0,9990.0,10006.0,0.0,True,16.0,buy_aggr,8.0,ASH_COATED_OSMIUM,6,12.0,16.0
464100,,,ASH_COATED_OSMIUM,XIRECS,10007.0,6,1,9999.0,9991.0,10007.0,0.0,True,16.0,buy_aggr,8.0,ASH_COATED_OSMIUM,6,14.0,16.0
465700,,,ASH_COATED_OSMIUM,XIRECS,10011.0,6,1,10001.5,9992.0,10011.0,-0.4285714285714285,True,19.0,buy_aggr,9.5,ASH_COATED_OSMIUM,6,18.0,19.0
467800,,,ASH_COATED_OSMIUM,XIRECS,10000.0,2,1,10003.5,10000.0,10007.0,-0.4666666666666667,True,7.0,sell_aggr,-3.5,ASH_COATED_OSMIUM,-2,-4.0,7.0
467800,,,ASH_COATED_OSMIUM,XIRECS,10007.0,5,1,10003.5,10000.0,10007.0,-0.4666666666666667,True,7.0,buy_aggr,3.5,ASH_COATED_OSMIUM,5,18.0,7.0
468100,,,ASH_COATED_OSMIUM,XIRECS,9991.0,8,1,9999.0,9991.0,10007.0,0.0,True,16.0,sell_aggr,-8.0,ASH_COATED_OSMIUM,-8,16.0,16.0
471900,,,ASH_COATED_OSMIUM,XIRECS,10008.0,6,1,10000.0,9992.0,10008.0,0.0,True,16.0,buy_aggr,8.0,ASH_COATED_OSMIUM,6,22.0,16.0
472400,,,ASH_COATED_OSMIUM,XIRECS,9992.0,3,1,10000.0,9992.0,10008.0,0.0,True,16.0,sell_aggr,-8.0,ASH_COATED_OSMIUM,-3,10.0,16.0
476600,,,ASH_COATED_OSMIUM,XIRECS,10006.0,5,1,9998.0,9990.0,10006.0,0.0,True,16.0,buy_aggr,8.0,ASH_COATED_OSMIUM,5,20.0,16.0
477200,,,ASH_COATED_OSMIUM,XIRECS,9989.0,6,1,9997.0,9989.0,10005.0,0.0,True,16.0,sell_aggr,-8.0,ASH_COATED_OSMIUM,-6,12.0,16.0
478700,,,ASH_COATED_OSMIUM,XIRECS,9987.0,3,1,9996.0,9987.0,10005.0,0.2352941176470588,True,18.0,sell_aggr,-9.0,ASH_COATED_OSMIUM,-3,16.0,18.0
478800,,,ASH_COATED_OSMIUM,XIRECS,9990.0,6,1,9997.5,9990.0,10005.0,0.0,True,15.0,sell_aggr,-7.5,ASH_COATED_OSMIUM,-6,10.0,15.0
479800,,,ASH_COATED_OSMIUM,XIRECS,9987.0,2,1,9995.0,9987.0,10003.0,0.0,True,16.0,sell_aggr,-8.0,ASH_COATED_OSMIUM,-2,16.0,16.0
482800,,,ASH_COATED_OSMIUM,XIRECS,9985.0,5,1,9995.5,9985.0,10006.0,0.0,True,21.0,sell_aggr,-10.5,ASH_COATED_OSMIUM,-5,16.0,21.0
482900,,,ASH_COATED_OSMIUM,XIRECS,9987.0,5,1,9995.0,9987.0,10003.0,0.0,True,16.0,sell_aggr,-8.0,ASH_COATED_OSMIUM,-5,12.0,16.0
487400,,,ASH_COATED_OSMIUM,XIRECS,10001.0,3,1,9993.0,9985.0,10001.0,0.0,True,16.0,buy_aggr,8.0,ASH_COATED_OSMIUM,3,15.0,16.0
487700,,,ASH_COATED_OSMIUM,XIRECS,9983.0,4,1,9992.0,9983.0,10001.0,0.3513513513513513,True,18.0,sell_aggr,-9.0,ASH_COATED_OSMIUM,-4,24.0,18.0
487900,,,ASH_COATED_OSMIUM,XIRECS,9985.0,5,1,9993.0,9985.0,10001.0,0.0,True,16.0,sell_aggr,-8.0,ASH_COATED_OSMIUM,-5,22.0,16.0
489700,,,ASH_COATED_OSMIUM,XIRECS,10002.0,7,1,9994.0,9986.0,10002.0,0.0,True,16.0,buy_aggr,8.0,ASH_COATED_OSMIUM,7,16.0,16.0
494500,,,ASH_COATED_OSMIUM,XIRECS,10003.0,3,1,9995.0,9987.0,10003.0,0.0,True,16.0,buy_aggr,8.0,ASH_COATED_OSMIUM,3,16.0,16.0
498900,,,ASH_COATED_OSMIUM,XIRECS,9987.0,8,1,9996.5,9987.0,10006.0,-0.4210526315789473,True,19.0,sell_aggr,-9.5,ASH_COATED_OSMIUM,-8,20.0,19.0
500200,,,ASH_COATED_OSMIUM,XIRECS,9987.0,4,1,9995.0,9987.0,10003.0,0.0,True,16.0,sell_aggr,-8.0,ASH_COATED_OSMIUM,-4,22.0,16.0
502300,,,ASH_COATED_OSMIUM,XIRECS,9989.0,4,1,9997.0,9989.0,10005.0,0.0,True,16.0,sell_aggr,-8.0,ASH_COATED_OSMIUM,-4,25.0,16.0
502900,,,ASH_COATED_OSMIUM,XIRECS,10005.0,2,1,9997.0,9989.0,10005.0,0.0,True,16.0,buy_aggr,8.0,ASH_COATED_OSMIUM,2,8.0,16.0
503300,,,ASH_COATED_OSMIUM,XIRECS,10005.0,3,1,9997.0,9989.0,10005.0,0.0,True,16.0,buy_aggr,8.0,ASH_COATED_OSMIUM,3,11.0,16.0
511200,,,ASH_COATED_OSMIUM,XIRECS,9992.0,4,1,10000.0,9992.0,10008.0,0.0,True,16.0,sell_aggr,-8.0,ASH_COATED_OSMIUM,-4,24.0,16.0
511700,,,ASH_COATED_OSMIUM,XIRECS,10008.0,6,1,10000.0,9992.0,10008.0,0.0,True,16.0,buy_aggr,8.0,ASH_COATED_OSMIUM,6,10.0,16.0
512700,,,ASH_COATED_OSMIUM,XIRECS,10009.0,4,1,10001.0,9993.0,10009.0,0.0,True,16.0,buy_aggr,8.0,ASH_COATED_OSMIUM,4,12.0,16.0
512800,,,ASH_COATED_OSMIUM,XIRECS,9993.0,7,1,10001.0,9993.0,10009.0,0.0,True,16.0,sell_aggr,-8.0,ASH_COATED_OSMIUM,-7,20.0,16.0
514500,,,ASH_COATED_OSMIUM,XIRECS,9994.0,5,1,10002.0,9994.0,10010.0,0.0,True,16.0,sell_aggr,-8.0,ASH_COATED_OSMIUM,-5,16.0,16.0
516300,,,ASH_COATED_OSMIUM,XIRECS,10012.0,5,1,10004.0,9996.0,10012.0,0.0,True,16.0,buy_aggr,8.0,ASH_COATED_OSMIUM,5,23.0,16.0
517400,,,ASH_COATED_OSMIUM,XIRECS,10011.0,5,1,10002.0,9993.0,10011.0,0.3809523809523809,True,18.0,buy_aggr,9.0,ASH_COATED_OSMIUM,5,14.0,18.0
522000,,,ASH_COATED_OSMIUM,XIRECS,9996.0,4,1,10004.0,9996.0,10012.0,0.0,True,16.0,sell_aggr,-8.0,ASH_COATED_OSMIUM,-4,15.0,16.0
522700,,,ASH_COATED_OSMIUM,XIRECS,10011.0,5,1,10003.0,9995.0,10011.0,0.0,True,16.0,buy_aggr,8.0,ASH_COATED_OSMIUM,5,16.0,16.0
525900,,,ASH_COATED_OSMIUM,XIRECS,9993.0,4,1,9997.0,9993.0,10001.0,0.5384615384615384,True,8.0,sell_aggr,-4.0,ASH_COATED_OSMIUM,-4,14.0,8.0
532500,,,ASH_COATED_OSMIUM,XIRECS,9988.0,3,1,9997.5,9988.0,10007.0,0.4054054054054054,True,19.0,sell_aggr,-9.5,ASH_COATED_OSMIUM,-3,12.0,19.0
536300,,,ASH_COATED_OSMIUM,XIRECS,9985.0,6,1,9994.0,9985.0,10003.0,0.3023255813953488,True,18.0,sell_aggr,-9.0,ASH_COATED_OSMIUM,-6,20.0,18.0
537400,,,ASH_COATED_OSMIUM,XIRECS,10002.0,3,1,9994.0,9986.0,10002.0,0.0,True,16.0,buy_aggr,8.0,ASH_COATED_OSMIUM,3,12.0,16.0
540300,,,ASH_COATED_OSMIUM,XIRECS,10003.0,2,1,9995.0,9987.0,10003.0,0.0,True,16.0,buy_aggr,8.0,ASH_COATED_OSMIUM,2,14.0,16.0
547300,,,ASH_COATED_OSMIUM,XIRECS,9990.0,9,1,9998.0,9990.0,10006.0,0.0,True,16.0,sell_aggr,-8.0,ASH_COATED_OSMIUM,-9,14.0,16.0
552900,,,ASH_COATED_OSMIUM,XIRECS,9988.0,10,1,9996.0,9988.0,10004.0,0.0,True,16.0,sell_aggr,-8.0,ASH_COATED_OSMIUM,-10,18.0,16.0
554400,,,ASH_COATED_OSMIUM,XIRECS,9988.0,10,1,9996.0,9988.0,10004.0,0.0,True,16.0,sell_aggr,-8.0,ASH_COATED_OSMIUM,-10,18.0,16.0
556900,,,ASH_COATED_OSMIUM,XIRECS,9986.0,2,1,9995.0,9986.0,10004.0,0.4736842105263157,True,18.0,sell_aggr,-9.0,ASH_COATED_OSMIUM,-2,33.0,18.0
557700,,,ASH_COATED_OSMIUM,XIRECS,9989.0,8,1,9997.0,9989.0,10005.0,0.0,True,16.0,sell_aggr,-8.0,ASH_COATED_OSMIUM,-8,22.0,16.0
560300,,,ASH_COATED_OSMIUM,XIRECS,10006.0,6,1,9998.0,9990.0,10006.0,0.0,True,16.0,buy_aggr,8.0,ASH_COATED_OSMIUM,6,14.0,16.0
563900,,,ASH_COATED_OSMIUM,XIRECS,10007.0,3,1,9999.0,9991.0,10007.0,0.0,True,16.0,buy_aggr,8.0,ASH_COATED_OSMIUM,3,22.0,16.0
566600,,,ASH_COATED_OSMIUM,XIRECS,10007.0,7,1,9999.0,9991.0,10007.0,0.0,True,16.0,buy_aggr,8.0,ASH_COATED_OSMIUM,7,12.0,16.0
567300,,,ASH_COATED_OSMIUM,XIRECS,9989.0,10,1,9998.5,9989.0,10008.0,0.3,True,19.0,sell_aggr,-9.5,ASH_COATED_OSMIUM,-10,21.0,19.0
573200,,,ASH_COATED_OSMIUM,XIRECS,10007.0,3,1,9998.0,9989.0,10007.0,0.3023255813953488,True,18.0,buy_aggr,9.0,ASH_COATED_OSMIUM,3,10.0,18.0
574100,,,ASH_COATED_OSMIUM,XIRECS,10008.0,5,1,10000.0,9992.0,10008.0,0.0,True,16.0,buy_aggr,8.0,ASH_COATED_OSMIUM,5,16.0,16.0
574200,,,ASH_COATED_OSMIUM,XIRECS,9992.0,2,1,10001.5,9992.0,10011.0,-0.4444444444444444,True,19.0,sell_aggr,-9.5,ASH_COATED_OSMIUM,-2,18.0,19.0
574500,,,ASH_COATED_OSMIUM,XIRECS,9993.0,3,1,10001.0,9993.0,10009.0,0.0,True,16.0,sell_aggr,-8.0,ASH_COATED_OSMIUM,-3,16.0,16.0
581500,,,ASH_COATED_OSMIUM,XIRECS,10012.0,2,1,10002.5,9993.0,10012.0,-0.5,True,19.0,buy_aggr,9.5,ASH_COATED_OSMIUM,2,24.0,19.0
583900,,,ASH_COATED_OSMIUM,XIRECS,10007.0,7,1,9999.0,9991.0,10007.0,0.0,True,16.0,buy_aggr,8.0,ASH_COATED_OSMIUM,7,14.0,16.0
584000,,,ASH_COATED_OSMIUM,XIRECS,10010.0,8,1,10010.0,,10010.0,-1.0,False,,mid_trade,0.0,ASH_COATED_OSMIUM,0,,0.0
590300,,,ASH_COATED_OSMIUM,XIRECS,10002.0,3,1,9996.0,9990.0,10002.0,0.7857142857142857,True,12.0,buy_aggr,6.0,ASH_COATED_OSMIUM,3,4.0,12.0
595000,,,ASH_COATED_OSMIUM,XIRECS,10008.0,2,1,10000.0,9992.0,10008.0,0.0,True,16.0,buy_aggr,8.0,ASH_COATED_OSMIUM,2,10.0,16.0
600600,,,ASH_COATED_OSMIUM,XIRECS,9993.0,6,1,10001.0,9993.0,10009.0,0.0,True,16.0,sell_aggr,-8.0,ASH_COATED_OSMIUM,-6,22.0,16.0
603100,,,ASH_COATED_OSMIUM,XIRECS,9992.0,3,1,9992.0,9992.0,,1.0,False,,mid_trade,0.0,ASH_COATED_OSMIUM,0,,0.0
607400,,,ASH_COATED_OSMIUM,XIRECS,9992.0,3,1,10001.0,9992.0,10010.0,0.4736842105263157,True,18.0,sell_aggr,-9.0,ASH_COATED_OSMIUM,-3,19.0,18.0
607800,,,ASH_COATED_OSMIUM,XIRECS,10010.0,5,1,10002.0,9994.0,10010.0,0.0,True,16.0,buy_aggr,8.0,ASH_COATED_OSMIUM,5,17.0,16.0
611600,,,ASH_COATED_OSMIUM,XIRECS,9993.0,6,1,10001.0,9993.0,10009.0,0.0,True,16.0,sell_aggr,-8.0,ASH_COATED_OSMIUM,-6,12.0,16.0
611900,,,ASH_COATED_OSMIUM,XIRECS,9989.0,5,1,9998.5,9989.0,10008.0,0.5,True,19.0,sell_aggr,-9.5,ASH_COATED_OSMIUM,-5,22.0,19.0
612000,,,ASH_COATED_OSMIUM,XIRECS,10002.0,2,1,9997.0,9992.0,10002.0,0.7142857142857143,True,10.0,buy_aggr,5.0,ASH_COATED_OSMIUM,2,6.0,10.0
615600,,,ASH_COATED_OSMIUM,XIRECS,10009.0,5,1,10001.0,9993.0,10009.0,0.0,True,16.0,buy_aggr,8.0,ASH_COATED_OSMIUM,5,16.0,16.0
620700,,,ASH_COATED_OSMIUM,XIRECS,10009.0,8,1,10001.0,9993.0,10009.0,0.0,True,16.0,buy_aggr,8.0,ASH_COATED_OSMIUM,8,16.0,16.0
622900,,,ASH_COATED_OSMIUM,XIRECS,10013.0,4,1,10004.0,9995.0,10013.0,-0.4146341463414634,True,18.0,buy_aggr,9.0,ASH_COATED_OSMIUM,4,28.0,18.0
624500,,,ASH_COATED_OSMIUM,XIRECS,9994.0,6,1,10002.0,9994.0,10010.0,0.0,True,16.0,sell_aggr,-8.0,ASH_COATED_OSMIUM,-6,6.0,16.0
628900,,,ASH_COATED_OSMIUM,XIRECS,10006.0,6,1,9998.0,9990.0,10006.0,0.0,True,16.0,buy_aggr,8.0,ASH_COATED_OSMIUM,6,19.0,16.0
632300,,,ASH_COATED_OSMIUM,XIRECS,10005.0,5,1,9997.0,9989.0,10005.0,0.0,True,16.0,buy_aggr,8.0,ASH_COATED_OSMIUM,5,18.0,16.0
634200,,,ASH_COATED_OSMIUM,XIRECS,9986.0,2,1,9995.0,9986.0,10004.0,0.35,True,18.0,sell_aggr,-9.0,ASH_COATED_OSMIUM,-2,5.0,18.0
639100,,,ASH_COATED_OSMIUM,XIRECS,10002.0,8,1,9994.0,9986.0,10002.0,0.0,True,16.0,buy_aggr,8.0,ASH_COATED_OSMIUM,8,22.0,16.0
640600,,,ASH_COATED_OSMIUM,XIRECS,9991.0,3,1,9996.0,9991.0,10001.0,-0.6470588235294118,True,10.0,sell_aggr,-5.0,ASH_COATED_OSMIUM,-3,0.0,10.0
643100,,,ASH_COATED_OSMIUM,XIRECS,10003.0,6,1,9994.0,9985.0,10003.0,-0.3125,True,18.0,buy_aggr,9.0,ASH_COATED_OSMIUM,6,20.0,18.0
644500,,,ASH_COATED_OSMIUM,XIRECS,9999.0,6,1,9993.5,9988.0,9999.0,-0.5555555555555556,True,11.0,buy_aggr,5.5,ASH_COATED_OSMIUM,6,11.0,11.0
645700,,,ASH_COATED_OSMIUM,XIRECS,9999.0,8,1,9991.0,9983.0,9999.0,0.0,True,16.0,buy_aggr,8.0,ASH_COATED_OSMIUM,8,4.0,16.0
645800,,,ASH_COATED_OSMIUM,XIRECS,9980.0,2,1,9980.0,9980.0,,1.0,False,,mid_trade,0.0,ASH_COATED_OSMIUM,0,,0.0
647700,,,ASH_COATED_OSMIUM,XIRECS,10001.0,5,1,9993.0,9985.0,10001.0,0.0,True,16.0,buy_aggr,8.0,ASH_COATED_OSMIUM,5,6.0,16.0
650800,,,ASH_COATED_OSMIUM,XIRECS,9994.0,4,1,10000.5,9994.0,10007.0,-0.7333333333333333,True,13.0,sell_aggr,-6.5,ASH_COATED_OSMIUM,-4,12.0,13.0
653900,,,ASH_COATED_OSMIUM,XIRECS,9990.0,6,1,9998.0,9990.0,10006.0,0.0,True,16.0,sell_aggr,-8.0,ASH_COATED_OSMIUM,-6,20.0,16.0
654800,,,ASH_COATED_OSMIUM,XIRECS,9991.0,6,1,10000.0,9991.0,10009.0,-0.4736842105263157,True,18.0,sell_aggr,-9.0,ASH_COATED_OSMIUM,-6,16.0,18.0
656300,,,ASH_COATED_OSMIUM,XIRECS,9991.0,3,1,9999.0,9991.0,10007.0,0.0,True,16.0,sell_aggr,-8.0,ASH_COATED_OSMIUM,-3,19.0,16.0
656900,,,ASH_COATED_OSMIUM,XIRECS,9990.0,10,1,9998.0,9990.0,10006.0,0.0,True,16.0,sell_aggr,-8.0,ASH_COATED_OSMIUM,-10,17.0,16.0
658400,,,ASH_COATED_OSMIUM,XIRECS,10007.0,9,1,10004.0,10001.0,10007.0,-0.238095238095238,True,6.0,buy_aggr,3.0,ASH_COATED_OSMIUM,9,3.0,6.0
658400,,,ASH_COATED_OSMIUM,XIRECS,10001.0,3,1,10004.0,10001.0,10007.0,-0.238095238095238,True,6.0,sell_aggr,-3.0,ASH_COATED_OSMIUM,-3,9.0,6.0
660600,,,ASH_COATED_OSMIUM,XIRECS,10009.0,4,1,10000.0,9991.0,10009.0,0.4,True,18.0,buy_aggr,9.0,ASH_COATED_OSMIUM,4,22.0,18.0
666800,,,ASH_COATED_OSMIUM,XIRECS,9991.0,4,1,9999.0,9991.0,10007.0,0.0,True,16.0,sell_aggr,-8.0,ASH_COATED_OSMIUM,-4,9.0,16.0
667200,,,ASH_COATED_OSMIUM,XIRECS,9991.0,5,1,9999.0,9991.0,10007.0,0.0,True,16.0,sell_aggr,-8.0,ASH_COATED_OSMIUM,-5,-2.0,16.0
668400,,,ASH_COATED_OSMIUM,XIRECS,10005.0,2,1,9997.0,9989.0,10005.0,0.0,True,16.0,buy_aggr,8.0,ASH_COATED_OSMIUM,2,18.0,16.0
673600,,,ASH_COATED_OSMIUM,XIRECS,9983.0,10,1,9992.0,9983.0,10001.0,0.1891891891891892,True,18.0,sell_aggr,-9.0,ASH_COATED_OSMIUM,-10,18.0,18.0
677200,,,ASH_COATED_OSMIUM,XIRECS,9981.0,4,1,9990.0,9981.0,9999.0,0.3170731707317073,True,18.0,sell_aggr,-9.0,ASH_COATED_OSMIUM,-4,28.0,18.0
677500,,,ASH_COATED_OSMIUM,XIRECS,9983.0,2,1,9991.0,9983.0,9999.0,0.0,True,16.0,sell_aggr,-8.0,ASH_COATED_OSMIUM,-2,20.0,16.0
679600,,,ASH_COATED_OSMIUM,XIRECS,10001.0,5,1,9992.0,9983.0,10001.0,-0.5,True,18.0,buy_aggr,9.0,ASH_COATED_OSMIUM,5,10.0,18.0
681200,,,ASH_COATED_OSMIUM,XIRECS,10000.0,9,1,9992.0,9984.0,10000.0,0.0,True,16.0,buy_aggr,8.0,ASH_COATED_OSMIUM,9,10.0,16.0
681900,,,ASH_COATED_OSMIUM,XIRECS,9991.0,3,1,9996.0,9991.0,10001.0,-0.5384615384615384,True,10.0,sell_aggr,-5.0,ASH_COATED_OSMIUM,-3,8.0,10.0
683300,,,ASH_COATED_OSMIUM,XIRECS,10005.0,4,1,9996.0,9987.0,10005.0,-0.3333333333333333,True,18.0,buy_aggr,9.0,ASH_COATED_OSMIUM,4,20.0,18.0
685400,,,ASH_COATED_OSMIUM,XIRECS,10006.0,7,1,9996.5,9987.0,10006.0,-0.3,True,19.0,buy_aggr,9.5,ASH_COATED_OSMIUM,7,20.0,19.0
689500,,,ASH_COATED_OSMIUM,XIRECS,10004.0,6,1,9994.5,9985.0,10004.0,0.2727272727272727,True,19.0,buy_aggr,9.5,ASH_COATED_OSMIUM,6,7.0,19.0
690700,,,ASH_COATED_OSMIUM,XIRECS,9986.0,5,1,9995.5,9986.0,10005.0,0.4634146341463415,True,19.0,sell_aggr,-9.5,ASH_COATED_OSMIUM,-5,28.0,19.0
691200,,,ASH_COATED_OSMIUM,XIRECS,9988.0,4,1,9996.0,9988.0,10004.0,0.0,True,16.0,sell_aggr,-8.0,ASH_COATED_OSMIUM,-4,24.0,16.0
699900,,,ASH_COATED_OSMIUM,XIRECS,10010.0,6,1,10004.5,9999.0,10010.0,-0.3333333333333333,True,11.0,buy_aggr,5.5,ASH_COATED_OSMIUM,6,12.0,11.0
700100,,,ASH_COATED_OSMIUM,XIRECS,10010.0,6,1,10002.0,9994.0,10010.0,0.0,True,16.0,buy_aggr,8.0,ASH_COATED_OSMIUM,6,12.0,16.0
700700,,,ASH_COATED_OSMIUM,XIRECS,10013.0,6,1,10004.0,9995.0,10013.0,-0.3809523809523809,True,18.0,buy_aggr,9.0,ASH_COATED_OSMIUM,6,18.0,18.0
700800,,,ASH_COATED_OSMIUM,XIRECS,9995.0,3,1,9999.5,9995.0,10004.0,0.6923076923076923,True,9.0,sell_aggr,-4.5,ASH_COATED_OSMIUM,-3,18.0,9.0
703500,,,ASH_COATED_OSMIUM,XIRECS,9997.0,4,1,9997.0,9997.0,,1.0,False,,mid_trade,0.0,ASH_COATED_OSMIUM,0,,0.0
704300,,,ASH_COATED_OSMIUM,XIRECS,9997.0,2,1,9997.0,9997.0,,1.0,False,,mid_trade,0.0,ASH_COATED_OSMIUM,0,,0.0
705400,,,ASH_COATED_OSMIUM,XIRECS,9996.0,7,1,10004.0,9996.0,10012.0,0.0,True,16.0,sell_aggr,-8.0,ASH_COATED_OSMIUM,-7,21.0,16.0
708200,,,ASH_COATED_OSMIUM,XIRECS,9996.0,5,1,10004.0,9996.0,10012.0,0.0,True,16.0,sell_aggr,-8.0,ASH_COATED_OSMIUM,-5,18.0,16.0
709100,,,ASH_COATED_OSMIUM,XIRECS,9998.0,6,1,10006.0,9998.0,10014.0,0.0,True,16.0,sell_aggr,-8.0,ASH_COATED_OSMIUM,-6,14.0,16.0
710200,,,ASH_COATED_OSMIUM,XIRECS,10013.0,8,1,10005.0,9997.0,10013.0,0.0,True,16.0,buy_aggr,8.0,ASH_COATED_OSMIUM,8,17.0,16.0
712500,,,ASH_COATED_OSMIUM,XIRECS,10013.0,5,1,10005.0,9997.0,10013.0,0.0,True,16.0,buy_aggr,8.0,ASH_COATED_OSMIUM,5,20.0,16.0
714900,,,ASH_COATED_OSMIUM,XIRECS,10003.0,5,1,10000.0,9997.0,10003.0,0.5,True,6.0,buy_aggr,3.0,ASH_COATED_OSMIUM,5,1.0,6.0
720800,,,ASH_COATED_OSMIUM,XIRECS,10014.0,4,1,10014.0,,10014.0,-1.0,False,,mid_trade,0.0,ASH_COATED_OSMIUM,0,,0.0
723500,,,ASH_COATED_OSMIUM,XIRECS,9995.0,6,1,10003.0,9995.0,10011.0,0.0,True,16.0,sell_aggr,-8.0,ASH_COATED_OSMIUM,-6,20.0,16.0
725700,,,ASH_COATED_OSMIUM,XIRECS,9993.0,8,1,10003.5,9993.0,10014.0,0.0,True,21.0,sell_aggr,-10.5,ASH_COATED_OSMIUM,-8,22.0,21.0
726200,,,ASH_COATED_OSMIUM,XIRECS,9994.0,5,1,10003.0,9994.0,10012.0,0.3333333333333333,True,18.0,sell_aggr,-9.0,ASH_COATED_OSMIUM,-5,20.0,18.0
729100,,,ASH_COATED_OSMIUM,XIRECS,10012.0,8,1,10004.0,9996.0,10012.0,0.0,True,16.0,buy_aggr,8.0,ASH_COATED_OSMIUM,8,18.0,16.0
729700,,,ASH_COATED_OSMIUM,XIRECS,9996.0,5,1,10004.0,9996.0,10012.0,0.0,True,16.0,sell_aggr,-8.0,ASH_COATED_OSMIUM,-5,19.0,16.0
730400,,,ASH_COATED_OSMIUM,XIRECS,10013.0,6,1,10005.0,9997.0,10013.0,0.0,True,16.0,buy_aggr,8.0,ASH_COATED_OSMIUM,6,14.0,16.0
730900,,,ASH_COATED_OSMIUM,XIRECS,9993.0,5,1,10002.0,9993.0,10011.0,0.2857142857142857,True,18.0,sell_aggr,-9.0,ASH_COATED_OSMIUM,-5,24.0,18.0
731200,,,ASH_COATED_OSMIUM,XIRECS,10012.0,9,1,10004.0,9996.0,10012.0,0.0,True,16.0,buy_aggr,8.0,ASH_COATED_OSMIUM,9,16.0,16.0
734900,,,ASH_COATED_OSMIUM,XIRECS,9996.0,5,1,10004.0,9996.0,10012.0,0.0,True,16.0,sell_aggr,-8.0,ASH_COATED_OSMIUM,-5,19.0,16.0
735200,,,ASH_COATED_OSMIUM,XIRECS,10015.0,5,1,10004.5,9994.0,10015.0,0.0,True,21.0,buy_aggr,10.5,ASH_COATED_OSMIUM,5,20.0,21.0
736900,,,ASH_COATED_OSMIUM,XIRECS,10013.0,5,1,10005.0,9997.0,10013.0,0.0,True,16.0,buy_aggr,8.0,ASH_COATED_OSMIUM,5,11.0,16.0
739500,,,ASH_COATED_OSMIUM,XIRECS,9997.0,10,1,9997.0,9997.0,,1.0,False,,mid_trade,0.0,ASH_COATED_OSMIUM,0,,0.0
739600,,,ASH_COATED_OSMIUM,XIRECS,10013.0,6,1,10005.0,9997.0,10013.0,0.0,True,16.0,buy_aggr,8.0,ASH_COATED_OSMIUM,6,14.0,16.0
742000,,,ASH_COATED_OSMIUM,XIRECS,10017.0,5,1,10007.5,9998.0,10017.0,-0.4444444444444444,True,19.0,buy_aggr,9.5,ASH_COATED_OSMIUM,5,22.0,19.0
743900,,,ASH_COATED_OSMIUM,XIRECS,9998.0,4,1,10007.0,9998.0,10016.0,-0.3658536585365853,True,18.0,sell_aggr,-9.0,ASH_COATED_OSMIUM,-4,12.0,18.0
745600,,,ASH_COATED_OSMIUM,XIRECS,9998.0,6,1,10006.0,9998.0,10014.0,0.0,True,16.0,sell_aggr,-8.0,ASH_COATED_OSMIUM,-6,-4.0,16.0
746100,,,ASH_COATED_OSMIUM,XIRECS,9998.0,4,1,10007.0,9998.0,10016.0,-0.4285714285714285,True,18.0,sell_aggr,-9.0,ASH_COATED_OSMIUM,-4,8.0,18.0
746100,,,ASH_COATED_OSMIUM,XIRECS,10016.0,8,1,10007.0,9998.0,10016.0,-0.4285714285714285,True,18.0,buy_aggr,9.0,ASH_COATED_OSMIUM,8,28.0,18.0
750600,,,ASH_COATED_OSMIUM,XIRECS,9999.0,5,1,9996.0,9993.0,9999.0,0.3333333333333333,True,6.0,buy_aggr,3.0,ASH_COATED_OSMIUM,5,-4.0,6.0
752300,,,ASH_COATED_OSMIUM,XIRECS,10009.0,4,1,10001.0,9993.0,10009.0,0.0,True,16.0,buy_aggr,8.0,ASH_COATED_OSMIUM,4,26.0,16.0
754100,,,ASH_COATED_OSMIUM,XIRECS,10009.0,4,1,10001.0,9993.0,10009.0,0.0,True,16.0,buy_aggr,8.0,ASH_COATED_OSMIUM,4,19.0,16.0
754400,,,ASH_COATED_OSMIUM,XIRECS,10009.0,5,1,10001.0,9993.0,10009.0,0.0,True,16.0,buy_aggr,8.0,ASH_COATED_OSMIUM,5,24.0,16.0
755900,,,ASH_COATED_OSMIUM,XIRECS,10007.0,4,1,9999.0,9991.0,10007.0,0.0,True,16.0,buy_aggr,8.0,ASH_COATED_OSMIUM,4,23.0,16.0
756600,,,ASH_COATED_OSMIUM,XIRECS,9992.0,6,1,10000.0,9992.0,10008.0,0.0,True,16.0,sell_aggr,-8.0,ASH_COATED_OSMIUM,-6,4.0,16.0
756600,,,ASH_COATED_OSMIUM,XIRECS,9992.0,5,1,10000.0,9992.0,10008.0,0.0,True,16.0,sell_aggr,-8.0,ASH_COATED_OSMIUM,-5,4.0,16.0
756900,,,ASH_COATED_OSMIUM,XIRECS,9991.0,5,1,9999.0,9991.0,10007.0,0.0,True,16.0,sell_aggr,-8.0,ASH_COATED_OSMIUM,-5,15.0,16.0
757200,,,ASH_COATED_OSMIUM,XIRECS,9991.0,9,1,10000.5,9991.0,10010.0,-0.3333333333333333,True,19.0,sell_aggr,-9.5,ASH_COATED_OSMIUM,-9,10.0,19.0
758700,,,ASH_COATED_OSMIUM,XIRECS,9991.0,6,1,9999.0,9991.0,10007.0,0.0,True,16.0,sell_aggr,-8.0,ASH_COATED_OSMIUM,-6,8.0,16.0
763900,,,ASH_COATED_OSMIUM,XIRECS,9988.0,8,1,9997.0,9988.0,10006.0,-0.1891891891891892,True,18.0,sell_aggr,-9.0,ASH_COATED_OSMIUM,-8,10.0,18.0
764100,,,ASH_COATED_OSMIUM,XIRECS,9988.0,6,1,9996.0,9988.0,10004.0,0.0,True,16.0,sell_aggr,-8.0,ASH_COATED_OSMIUM,-6,12.0,16.0
775000,,,ASH_COATED_OSMIUM,XIRECS,9989.0,4,1,9986.5,9984.0,9989.0,0.3333333333333333,True,5.0,buy_aggr,2.5,ASH_COATED_OSMIUM,4,-6.0,5.0
777200,,,ASH_COATED_OSMIUM,XIRECS,9999.0,10,1,9991.0,9983.0,9999.0,0.0,True,16.0,buy_aggr,8.0,ASH_COATED_OSMIUM,10,13.0,16.0
780300,,,ASH_COATED_OSMIUM,XIRECS,10000.0,2,1,9992.0,9984.0,10000.0,0.0,True,16.0,buy_aggr,8.0,ASH_COATED_OSMIUM,2,18.0,16.0
782500,,,ASH_COATED_OSMIUM,XIRECS,9999.0,7,1,9991.0,9983.0,9999.0,0.0,True,16.0,buy_aggr,8.0,ASH_COATED_OSMIUM,7,10.0,16.0
788000,,,ASH_COATED_OSMIUM,XIRECS,10002.0,5,1,9994.0,9986.0,10002.0,0.0,True,16.0,buy_aggr,8.0,ASH_COATED_OSMIUM,5,20.0,16.0
789900,,,ASH_COATED_OSMIUM,XIRECS,9984.0,2,1,9993.5,9984.0,10003.0,-0.4285714285714285,True,19.0,sell_aggr,-9.5,ASH_COATED_OSMIUM,-2,17.0,19.0
792100,,,ASH_COATED_OSMIUM,XIRECS,9985.0,5,1,9989.5,9985.0,9994.0,0.6470588235294118,True,9.0,sell_aggr,-4.5,ASH_COATED_OSMIUM,-5,16.0,9.0
793700,,,ASH_COATED_OSMIUM,XIRECS,10000.0,10,1,9992.0,9984.0,10000.0,0.0,True,16.0,buy_aggr,8.0,ASH_COATED_OSMIUM,10,19.0,16.0
796700,,,ASH_COATED_OSMIUM,XIRECS,9983.0,4,1,9992.5,9983.0,10002.0,0.3809523809523809,True,19.0,sell_aggr,-9.5,ASH_COATED_OSMIUM,-4,22.0,19.0
802000,,,ASH_COATED_OSMIUM,XIRECS,9995.0,5,1,9990.5,9986.0,9995.0,0.4444444444444444,True,9.0,buy_aggr,4.5,ASH_COATED_OSMIUM,5,-2.0,9.0
802400,,,ASH_COATED_OSMIUM,XIRECS,9992.0,3,1,9989.5,9987.0,9992.0,0.4,True,5.0,buy_aggr,2.5,ASH_COATED_OSMIUM,3,-10.0,5.0
803100,,,ASH_COATED_OSMIUM,XIRECS,10002.0,5,1,9994.0,9986.0,10002.0,0.0,True,16.0,buy_aggr,8.0,ASH_COATED_OSMIUM,5,17.0,16.0
805400,,,ASH_COATED_OSMIUM,XIRECS,9995.0,4,1,9992.0,9989.0,9995.0,0.4285714285714285,True,6.0,buy_aggr,3.0,ASH_COATED_OSMIUM,4,-6.0,6.0
806200,,,ASH_COATED_OSMIUM,XIRECS,9986.0,2,1,9995.5,9986.0,10005.0,0.3333333333333333,True,19.0,sell_aggr,-9.5,ASH_COATED_OSMIUM,-2,26.0,19.0
809500,,,ASH_COATED_OSMIUM,XIRECS,9994.0,4,1,9991.0,9988.0,9994.0,0.7142857142857143,True,6.0,buy_aggr,3.0,ASH_COATED_OSMIUM,4,-12.0,6.0
810900,,,ASH_COATED_OSMIUM,XIRECS,10009.0,2,1,9999.5,9990.0,10009.0,-0.1764705882352941,True,19.0,buy_aggr,9.5,ASH_COATED_OSMIUM,2,16.0,19.0
815800,,,ASH_COATED_OSMIUM,XIRECS,10009.0,4,1,10000.0,9991.0,10009.0,0.3846153846153846,True,18.0,buy_aggr,9.0,ASH_COATED_OSMIUM,4,26.0,18.0
821100,,,ASH_COATED_OSMIUM,XIRECS,10004.0,8,1,9996.0,9988.0,10004.0,0.0,True,16.0,buy_aggr,8.0,ASH_COATED_OSMIUM,8,12.0,16.0
823600,,,ASH_COATED_OSMIUM,XIRECS,10004.0,6,1,9996.0,9988.0,10004.0,0.0,True,16.0,buy_aggr,8.0,ASH_COATED_OSMIUM,6,10.0,16.0
833100,,,ASH_COATED_OSMIUM,XIRECS,9993.0,5,1,10002.5,9993.0,10012.0,-0.2727272727272727,True,19.0,sell_aggr,-9.5,ASH_COATED_OSMIUM,-5,14.0,19.0
835700,,,ASH_COATED_OSMIUM,XIRECS,10011.0,8,1,10001.5,9992.0,10011.0,-0.3714285714285714,True,19.0,buy_aggr,9.5,ASH_COATED_OSMIUM,8,20.0,19.0
836800,,,ASH_COATED_OSMIUM,XIRECS,9992.0,7,1,10001.5,9992.0,10011.0,-0.5,True,19.0,sell_aggr,-9.5,ASH_COATED_OSMIUM,-7,18.0,19.0
839900,,,ASH_COATED_OSMIUM,XIRECS,10010.0,4,1,10002.0,9994.0,10010.0,0.0,True,16.0,buy_aggr,8.0,ASH_COATED_OSMIUM,4,19.0,16.0
841500,,,ASH_COATED_OSMIUM,XIRECS,9993.0,6,1,10001.0,9993.0,10009.0,0.0,True,16.0,sell_aggr,-8.0,ASH_COATED_OSMIUM,-6,9.0,16.0
843200,,,ASH_COATED_OSMIUM,XIRECS,10007.0,5,1,9998.0,9989.0,10007.0,0.4594594594594595,True,18.0,buy_aggr,9.0,ASH_COATED_OSMIUM,5,18.0,18.0
843500,,,ASH_COATED_OSMIUM,XIRECS,9991.0,5,1,9999.0,9991.0,10007.0,0.0,True,16.0,sell_aggr,-8.0,ASH_COATED_OSMIUM,-5,12.0,16.0
845500,,,ASH_COATED_OSMIUM,XIRECS,10007.0,3,1,9999.0,9991.0,10007.0,0.0,True,16.0,buy_aggr,8.0,ASH_COATED_OSMIUM,3,14.0,16.0
845800,,,ASH_COATED_OSMIUM,XIRECS,10007.0,3,1,9999.0,9991.0,10007.0,0.0,True,16.0,buy_aggr,8.0,ASH_COATED_OSMIUM,3,10.0,16.0
847100,,,ASH_COATED_OSMIUM,XIRECS,10006.0,2,1,9998.0,9990.0,10006.0,0.0,True,16.0,buy_aggr,8.0,ASH_COATED_OSMIUM,2,12.0,16.0
847500,,,ASH_COATED_OSMIUM,XIRECS,10007.0,8,1,9999.0,9991.0,10007.0,0.0,True,16.0,buy_aggr,8.0,ASH_COATED_OSMIUM,8,7.0,16.0
847700,,,ASH_COATED_OSMIUM,XIRECS,10007.0,5,1,10007.0,,10007.0,-1.0,False,,mid_trade,0.0,ASH_COATED_OSMIUM,0,,0.0
847800,,,ASH_COATED_OSMIUM,XIRECS,9990.0,7,1,9998.0,9990.0,10006.0,0.0,True,16.0,sell_aggr,-8.0,ASH_COATED_OSMIUM,-7,22.0,16.0
848300,,,ASH_COATED_OSMIUM,XIRECS,9990.0,5,1,9998.0,9990.0,10006.0,0.0,True,16.0,sell_aggr,-8.0,ASH_COATED_OSMIUM,-5,24.0,16.0
852000,,,ASH_COATED_OSMIUM,XIRECS,10008.0,6,1,10000.0,9992.0,10008.0,0.0,True,16.0,buy_aggr,8.0,ASH_COATED_OSMIUM,6,22.0,16.0
852500,,,ASH_COATED_OSMIUM,XIRECS,9994.0,3,1,10003.5,9994.0,10013.0,-0.4054054054054054,True,19.0,sell_aggr,-9.5,ASH_COATED_OSMIUM,-3,3.0,19.0
852700,,,ASH_COATED_OSMIUM,XIRECS,9994.0,3,1,10002.0,9994.0,10010.0,0.0,True,16.0,sell_aggr,-8.0,ASH_COATED_OSMIUM,-3,6.0,16.0
859900,,,ASH_COATED_OSMIUM,XIRECS,9990.0,4,1,9998.0,9990.0,10006.0,0.0,True,16.0,sell_aggr,-8.0,ASH_COATED_OSMIUM,-4,16.0,16.0
862000,,,ASH_COATED_OSMIUM,XIRECS,10004.0,2,1,9996.0,9988.0,10004.0,0.0,True,16.0,buy_aggr,8.0,ASH_COATED_OSMIUM,2,12.0,16.0
864800,,,ASH_COATED_OSMIUM,XIRECS,10006.0,8,1,9998.0,9990.0,10006.0,0.0,True,16.0,buy_aggr,8.0,ASH_COATED_OSMIUM,8,15.0,16.0
865000,,,ASH_COATED_OSMIUM,XIRECS,9990.0,6,1,9998.0,9990.0,10006.0,0.0,True,16.0,sell_aggr,-8.0,ASH_COATED_OSMIUM,-6,12.0,16.0
868000,,,ASH_COATED_OSMIUM,XIRECS,9988.0,3,1,9996.0,9988.0,10004.0,0.0,True,16.0,sell_aggr,-8.0,ASH_COATED_OSMIUM,-3,18.0,16.0
871100,,,ASH_COATED_OSMIUM,XIRECS,10005.0,5,1,9995.5,9986.0,10005.0,0.375,True,19.0,buy_aggr,9.5,ASH_COATED_OSMIUM,5,14.0,19.0
871700,,,ASH_COATED_OSMIUM,XIRECS,9989.0,2,1,9997.0,9989.0,10005.0,0.0,True,16.0,sell_aggr,-8.0,ASH_COATED_OSMIUM,-2,16.0,16.0
871900,,,ASH_COATED_OSMIUM,XIRECS,10005.0,2,1,9997.0,9989.0,10005.0,0.0,True,16.0,buy_aggr,8.0,ASH_COATED_OSMIUM,2,16.0,16.0
874400,,,ASH_COATED_OSMIUM,XIRECS,9990.0,5,1,9998.0,9990.0,10006.0,0.0,True,16.0,sell_aggr,-8.0,ASH_COATED_OSMIUM,-5,8.0,16.0
875400,,,ASH_COATED_OSMIUM,XIRECS,9990.0,5,1,9998.0,9990.0,10006.0,0.0,True,16.0,sell_aggr,-8.0,ASH_COATED_OSMIUM,-5,10.0,16.0
877900,,,ASH_COATED_OSMIUM,XIRECS,9989.0,7,1,9997.0,9989.0,10005.0,0.0,True,16.0,sell_aggr,-8.0,ASH_COATED_OSMIUM,-7,10.0,16.0
878400,,,ASH_COATED_OSMIUM,XIRECS,10004.0,5,1,9996.0,9988.0,10004.0,0.0,True,16.0,buy_aggr,8.0,ASH_COATED_OSMIUM,5,20.0,16.0
881000,,,ASH_COATED_OSMIUM,XIRECS,9983.0,4,1,9992.5,9983.0,10002.0,0.35,True,19.0,sell_aggr,-9.5,ASH_COATED_OSMIUM,-4,24.0,19.0
887700,,,ASH_COATED_OSMIUM,XIRECS,10004.0,6,1,9996.0,9988.0,10004.0,0.0,True,16.0,buy_aggr,8.0,ASH_COATED_OSMIUM,6,12.0,16.0
892900,,,ASH_COATED_OSMIUM,XIRECS,10006.0,8,1,9998.0,9990.0,10006.0,0.0,True,16.0,buy_aggr,8.0,ASH_COATED_OSMIUM,8,15.0,16.0
893400,,,ASH_COATED_OSMIUM,XIRECS,9990.0,4,1,9998.0,9990.0,10006.0,0.0,True,16.0,sell_aggr,-8.0,ASH_COATED_OSMIUM,-4,21.0,16.0
899200,,,ASH_COATED_OSMIUM,XIRECS,10009.0,5,1,10001.0,9993.0,10009.0,0.0,True,16.0,buy_aggr,8.0,ASH_COATED_OSMIUM,5,24.0,16.0
901500,,,ASH_COATED_OSMIUM,XIRECS,10009.0,8,1,10006.0,10003.0,10009.0,-0.4,True,6.0,buy_aggr,3.0,ASH_COATED_OSMIUM,8,23.0,6.0
902100,,,ASH_COATED_OSMIUM,XIRECS,9992.0,3,1,10001.0,9992.0,10010.0,-0.2307692307692307,True,18.0,sell_aggr,-9.0,ASH_COATED_OSMIUM,-3,16.0,18.0
904900,,,ASH_COATED_OSMIUM,XIRECS,10007.0,3,1,9999.0,9991.0,10007.0,0.0,True,16.0,buy_aggr,8.0,ASH_COATED_OSMIUM,3,14.0,16.0
905000,,,ASH_COATED_OSMIUM,XIRECS,9988.0,10,1,9997.5,9988.0,10007.0,0.3333333333333333,True,19.0,sell_aggr,-9.5,ASH_COATED_OSMIUM,-10,28.0,19.0
905300,,,ASH_COATED_OSMIUM,XIRECS,9991.0,4,1,10000.0,9991.0,10009.0,-0.3939393939393939,True,18.0,sell_aggr,-9.0,ASH_COATED_OSMIUM,-4,14.0,18.0
909600,,,ASH_COATED_OSMIUM,XIRECS,9991.0,4,1,10000.0,9991.0,10009.0,-0.1666666666666666,True,18.0,sell_aggr,-9.0,ASH_COATED_OSMIUM,-4,18.0,18.0
909900,,,ASH_COATED_OSMIUM,XIRECS,10008.0,8,1,10000.0,9992.0,10008.0,0.0,True,16.0,buy_aggr,8.0,ASH_COATED_OSMIUM,8,18.0,16.0
911400,,,ASH_COATED_OSMIUM,XIRECS,10008.0,2,1,10000.0,9992.0,10008.0,0.0,True,16.0,buy_aggr,8.0,ASH_COATED_OSMIUM,2,10.0,16.0
912600,,,ASH_COATED_OSMIUM,XIRECS,10011.0,3,1,10001.5,9992.0,10011.0,-0.35,True,19.0,buy_aggr,9.5,ASH_COATED_OSMIUM,3,16.0,19.0
917900,,,ASH_COATED_OSMIUM,XIRECS,10010.0,5,1,10002.0,9994.0,10010.0,0.0,True,16.0,buy_aggr,8.0,ASH_COATED_OSMIUM,5,14.0,16.0
919200,,,ASH_COATED_OSMIUM,XIRECS,9995.0,3,1,10003.0,9995.0,10011.0,0.0,True,16.0,sell_aggr,-8.0,ASH_COATED_OSMIUM,-3,16.0,16.0
920900,,,ASH_COATED_OSMIUM,XIRECS,10011.0,3,1,10003.0,9995.0,10011.0,0.0,True,16.0,buy_aggr,8.0,ASH_COATED_OSMIUM,3,14.0,16.0
921200,,,ASH_COATED_OSMIUM,XIRECS,10010.0,10,1,10002.0,9994.0,10010.0,0.0,True,16.0,buy_aggr,8.0,ASH_COATED_OSMIUM,10,14.0,16.0
923700,,,ASH_COATED_OSMIUM,XIRECS,9995.0,3,1,10003.0,9995.0,10011.0,0.0,True,16.0,sell_aggr,-8.0,ASH_COATED_OSMIUM,-3,17.0,16.0
923800,,,ASH_COATED_OSMIUM,XIRECS,10005.0,4,1,10008.5,10005.0,10012.0,-0.3684210526315789,True,7.0,sell_aggr,-3.5,ASH_COATED_OSMIUM,-4,-2.0,7.0
928500,,,ASH_COATED_OSMIUM,XIRECS,9996.0,3,1,10004.0,9996.0,10012.0,0.0,True,16.0,sell_aggr,-8.0,ASH_COATED_OSMIUM,-3,14.0,16.0
929100,,,ASH_COATED_OSMIUM,XIRECS,9995.0,4,1,10003.0,9995.0,10011.0,0.0,True,16.0,sell_aggr,-8.0,ASH_COATED_OSMIUM,-4,18.0,16.0
929700,,,ASH_COATED_OSMIUM,XIRECS,10012.0,2,1,10004.0,9996.0,10012.0,0.0,True,16.0,buy_aggr,8.0,ASH_COATED_OSMIUM,2,18.0,16.0
931000,,,ASH_COATED_OSMIUM,XIRECS,10001.0,5,1,10006.0,10001.0,10011.0,-0.4736842105263157,True,10.0,sell_aggr,-5.0,ASH_COATED_OSMIUM,-5,4.0,10.0
932600,,,ASH_COATED_OSMIUM,XIRECS,10014.0,10,1,10005.0,9996.0,10014.0,-0.2121212121212121,True,18.0,buy_aggr,9.0,ASH_COATED_OSMIUM,10,22.0,18.0
934300,,,ASH_COATED_OSMIUM,XIRECS,10012.0,3,1,10004.0,9996.0,10012.0,0.0,True,16.0,buy_aggr,8.0,ASH_COATED_OSMIUM,3,15.0,16.0
935900,,,ASH_COATED_OSMIUM,XIRECS,9995.0,8,1,10003.0,9995.0,10011.0,0.0,True,16.0,sell_aggr,-8.0,ASH_COATED_OSMIUM,-8,18.0,16.0
939100,,,ASH_COATED_OSMIUM,XIRECS,10011.0,2,1,10002.0,9993.0,10011.0,0.4210526315789473,True,18.0,buy_aggr,9.0,ASH_COATED_OSMIUM,2,18.0,18.0
939500,,,ASH_COATED_OSMIUM,XIRECS,10011.0,9,1,10003.0,9995.0,10011.0,0.0,True,16.0,buy_aggr,8.0,ASH_COATED_OSMIUM,9,16.0,16.0
939600,,,ASH_COATED_OSMIUM,XIRECS,10011.0,6,1,10003.0,9995.0,10011.0,0.0,True,16.0,buy_aggr,8.0,ASH_COATED_OSMIUM,6,18.0,16.0
946100,,,ASH_COATED_OSMIUM,XIRECS,9995.0,10,1,10003.0,9995.0,10011.0,0.0,True,16.0,sell_aggr,-8.0,ASH_COATED_OSMIUM,-10,2.0,16.0
948400,,,ASH_COATED_OSMIUM,XIRECS,10013.0,7,1,10004.0,9995.0,10013.0,-0.3809523809523809,True,18.0,buy_aggr,9.0,ASH_COATED_OSMIUM,7,26.0,18.0
949600,,,ASH_COATED_OSMIUM,XIRECS,10011.0,2,1,10003.0,9995.0,10011.0,0.0,True,16.0,buy_aggr,8.0,ASH_COATED_OSMIUM,2,25.0,16.0
956600,,,ASH_COATED_OSMIUM,XIRECS,9990.0,3,1,9998.0,9990.0,10006.0,0.0,True,16.0,sell_aggr,-8.0,ASH_COATED_OSMIUM,-3,17.0,16.0
960400,,,ASH_COATED_OSMIUM,XIRECS,9989.0,4,1,9997.0,9989.0,10005.0,0.0,True,16.0,sell_aggr,-8.0,ASH_COATED_OSMIUM,-4,6.0,16.0
964400,,,ASH_COATED_OSMIUM,XIRECS,10005.0,3,1,9994.5,9984.0,10005.0,0.0,True,21.0,buy_aggr,10.5,ASH_COATED_OSMIUM,3,26.0,21.0
971300,,,ASH_COATED_OSMIUM,XIRECS,10000.0,5,1,9991.0,9982.0,10000.0,-0.1428571428571428,True,18.0,buy_aggr,9.0,ASH_COATED_OSMIUM,5,18.0,18.0
975000,,,ASH_COATED_OSMIUM,XIRECS,10003.0,4,1,9992.5,9982.0,10003.0,0.0,True,21.0,buy_aggr,10.5,ASH_COATED_OSMIUM,4,20.0,21.0
975500,,,ASH_COATED_OSMIUM,XIRECS,9985.0,2,1,9993.0,9985.0,10001.0,0.0,True,16.0,sell_aggr,-8.0,ASH_COATED_OSMIUM,-2,16.0,16.0
975900,,,ASH_COATED_OSMIUM,XIRECS,10001.0,3,1,9992.0,9983.0,10001.0,0.3333333333333333,True,18.0,buy_aggr,9.0,ASH_COATED_OSMIUM,3,16.0,18.0
976500,,,ASH_COATED_OSMIUM,XIRECS,9985.0,6,1,9994.0,9985.0,10003.0,-0.4634146341463415,True,18.0,sell_aggr,-9.0,ASH_COATED_OSMIUM,-6,14.0,18.0
978600,,,ASH_COATED_OSMIUM,XIRECS,9986.0,3,1,9994.0,9986.0,10002.0,0.0,True,16.0,sell_aggr,-8.0,ASH_COATED_OSMIUM,-3,14.0,16.0
981200,,,ASH_COATED_OSMIUM,XIRECS,10001.0,5,1,9993.0,9985.0,10001.0,0.0,True,16.0,buy_aggr,8.0,ASH_COATED_OSMIUM,5,16.0,16.0
984500,,,ASH_COATED_OSMIUM,XIRECS,9990.0,4,1,9987.5,9985.0,9990.0,0.2727272727272727,True,5.0,buy_aggr,2.5,ASH_COATED_OSMIUM,4,-4.0,5.0
985700,,,ASH_COATED_OSMIUM,XIRECS,9995.0,3,1,9998.5,9995.0,10002.0,-0.4736842105263157,True,7.0,sell_aggr,-3.5,ASH_COATED_OSMIUM,-3,-8.0,7.0
986600,,,ASH_COATED_OSMIUM,XIRECS,10002.0,3,1,9994.0,9986.0,10002.0,0.0,True,16.0,buy_aggr,8.0,ASH_COATED_OSMIUM,3,20.0,16.0
986800,,,ASH_COATED_OSMIUM,XIRECS,9987.0,6,1,9995.0,9987.0,10003.0,0.0,True,16.0,sell_aggr,-8.0,ASH_COATED_OSMIUM,-6,12.0,16.0
987500,,,ASH_COATED_OSMIUM,XIRECS,10002.0,6,1,9992.5,9983.0,10002.0,0.3953488372093023,True,19.0,buy_aggr,9.5,ASH_COATED_OSMIUM,6,20.0,19.0
989300,,,ASH_COATED_OSMIUM,XIRECS,9985.0,2,1,9993.0,9985.0,10001.0,0.0,True,16.0,sell_aggr,-8.0,ASH_COATED_OSMIUM,-2,14.0,16.0
991400,,,ASH_COATED_OSMIUM,XIRECS,9983.0,9,1,9991.0,9983.0,9999.0,0.0,True,16.0,sell_aggr,-8.0,ASH_COATED_OSMIUM,-9,21.0,16.0
993300,,,ASH_COATED_OSMIUM,XIRECS,9984.0,5,1,9992.0,9984.0,10000.0,0.0,True,16.0,sell_aggr,-8.0,ASH_COATED_OSMIUM,-5,18.0,16.0
995600,,,ASH_COATED_OSMIUM,XIRECS,10001.0,6,1,9993.0,9985.0,10001.0,0.0,True,16.0,buy_aggr,8.0,ASH_COATED_OSMIUM,6,,16.0
997200,,,ASH_COATED_OSMIUM,XIRECS,9985.0,4,1,9993.0,9985.0,10001.0,0.0,True,16.0,sell_aggr,-8.0,ASH_COATED_OSMIUM,-4,,16.0
4400,,,INTARIAN_PEPPER_ROOT,XIRECS,11010.0,5,-1,11004.0,10998.0,11010.0,0.0,True,12.0,buy_aggr,6.0,INTARIAN_PEPPER_ROOT,5,4.0,12.0
5000,,,INTARIAN_PEPPER_ROOT,XIRECS,10996.0,5,-1,11003.5,10996.0,11011.0,0.3939393939393939,True,15.0,sell_aggr,-7.5,INTARIAN_PEPPER_ROOT,-5,25.0,15.0
17400,,,INTARIAN_PEPPER_ROOT,XIRECS,11014.0,3,-1,11012.5,11011.0,11014.0,0.5,True,3.0,buy_aggr,1.5,INTARIAN_PEPPER_ROOT,3,-19.0,3.0
23000,,,INTARIAN_PEPPER_ROOT,XIRECS,11014.0,4,-1,11021.5,11014.0,11029.0,0.2903225806451613,True,15.0,sell_aggr,-7.5,INTARIAN_PEPPER_ROOT,-4,28.0,15.0
23100,,,INTARIAN_PEPPER_ROOT,XIRECS,11019.0,4,-1,11016.5,11014.0,11019.0,0.7037037037037037,True,5.0,buy_aggr,2.5,INTARIAN_PEPPER_ROOT,4,-21.0,5.0
30400,,,INTARIAN_PEPPER_ROOT,XIRECS,11036.0,6,-1,11030.0,11024.0,11036.0,0.0,True,12.0,buy_aggr,6.0,INTARIAN_PEPPER_ROOT,6,1.0,12.0
33300,,,INTARIAN_PEPPER_ROOT,XIRECS,11036.0,7,-1,11037.5,11036.0,11039.0,-0.0666666666666666,True,3.0,sell_aggr,-1.5,INTARIAN_PEPPER_ROOT,-7,4.0,3.0
34400,,,INTARIAN_PEPPER_ROOT,XIRECS,11043.0,3,-1,11034.5,11026.0,11043.0,0.0,True,17.0,buy_aggr,8.5,INTARIAN_PEPPER_ROOT,3,8.0,17.0
35700,,,INTARIAN_PEPPER_ROOT,XIRECS,11039.0,3,-1,11040.5,11039.0,11042.0,-0.5,True,3.0,sell_aggr,-1.5,INTARIAN_PEPPER_ROOT,-3,0.0,3.0
35700,,,INTARIAN_PEPPER_ROOT,XIRECS,11042.0,7,-1,11040.5,11039.0,11042.0,-0.5,True,3.0,buy_aggr,1.5,INTARIAN_PEPPER_ROOT,7,6.0,3.0
35800,,,INTARIAN_PEPPER_ROOT,XIRECS,11032.0,7,-1,11031.0,11030.0,11032.0,0.125,True,2.0,buy_aggr,1.0,INTARIAN_PEPPER_ROOT,7,-18.0,2.0
42800,,,INTARIAN_PEPPER_ROOT,XIRECS,11052.0,5,-1,11044.5,11037.0,11052.0,-0.4,True,15.0,buy_aggr,7.5,INTARIAN_PEPPER_ROOT,5,8.0,15.0
44700,,,INTARIAN_PEPPER_ROOT,XIRECS,11041.0,8,-1,11040.0,11039.0,11041.0,0.1578947368421052,True,2.0,buy_aggr,1.0,INTARIAN_PEPPER_ROOT,8,-20.0,2.0
51400,,,INTARIAN_PEPPER_ROOT,XIRECS,11045.0,4,-1,11051.0,11045.0,11057.0,0.0,True,12.0,sell_aggr,-6.0,INTARIAN_PEPPER_ROOT,-4,20.0,12.0
57000,,,INTARIAN_PEPPER_ROOT,XIRECS,11063.0,4,-1,11055.5,11048.0,11063.0,0.3513513513513513,True,15.0,buy_aggr,7.5,INTARIAN_PEPPER_ROOT,4,2.0,15.0
61700,,,INTARIAN_PEPPER_ROOT,XIRECS,11068.0,6,-1,11062.0,11056.0,11068.0,0.0,True,12.0,buy_aggr,6.0,INTARIAN_PEPPER_ROOT,6,2.0,12.0
64300,,,INTARIAN_PEPPER_ROOT,XIRECS,11060.0,3,-1,11059.0,11058.0,11060.0,0.5384615384615384,True,2.0,buy_aggr,1.0,INTARIAN_PEPPER_ROOT,3,-18.0,2.0
67600,,,INTARIAN_PEPPER_ROOT,XIRECS,11070.0,4,-1,11072.0,11070.0,11074.0,-0.3846153846153846,True,4.0,sell_aggr,-2.0,INTARIAN_PEPPER_ROOT,-4,3.0,4.0
71500,,,INTARIAN_PEPPER_ROOT,XIRECS,11068.0,4,-1,11066.5,11065.0,11068.0,0.4285714285714285,True,3.0,buy_aggr,1.5,INTARIAN_PEPPER_ROOT,4,-15.0,3.0
73700,,,INTARIAN_PEPPER_ROOT,XIRECS,11065.0,4,-1,11072.5,11065.0,11080.0,0.3529411764705882,True,15.0,sell_aggr,-7.5,INTARIAN_PEPPER_ROOT,-4,28.0,15.0
77200,,,INTARIAN_PEPPER_ROOT,XIRECS,11071.0,3,-1,11077.0,11071.0,11083.0,0.0,True,12.0,sell_aggr,-6.0,INTARIAN_PEPPER_ROOT,-3,22.0,12.0
80200,,,INTARIAN_PEPPER_ROOT,XIRECS,11074.0,5,-1,11080.0,11074.0,11086.0,0.0,True,12.0,sell_aggr,-6.0,INTARIAN_PEPPER_ROOT,-5,22.0,12.0
83000,,,INTARIAN_PEPPER_ROOT,XIRECS,11086.0,6,-1,11087.5,11086.0,11089.0,-0.2941176470588235,True,3.0,sell_aggr,-1.5,INTARIAN_PEPPER_ROOT,-6,7.0,3.0
84400,,,INTARIAN_PEPPER_ROOT,XIRECS,11087.0,5,-1,11090.0,11087.0,11093.0,-0.6551724137931034,True,6.0,sell_aggr,-3.0,INTARIAN_PEPPER_ROOT,-5,7.0,6.0
84600,,,INTARIAN_PEPPER_ROOT,XIRECS,11091.0,6,-1,11085.0,11079.0,11091.0,0.0,True,12.0,buy_aggr,6.0,INTARIAN_PEPPER_ROOT,6,2.0,12.0
84800,,,INTARIAN_PEPPER_ROOT,XIRECS,11088.0,5,-1,11089.5,11088.0,11091.0,-0.2307692307692307,True,3.0,sell_aggr,-1.5,INTARIAN_PEPPER_ROOT,-5,7.0,3.0
87400,,,INTARIAN_PEPPER_ROOT,XIRECS,11081.0,3,-1,11088.5,11081.0,11096.0,-0.1428571428571428,True,15.0,sell_aggr,-7.5,INTARIAN_PEPPER_ROOT,-3,25.0,15.0
91700,,,INTARIAN_PEPPER_ROOT,XIRECS,11088.0,8,-1,11087.0,11086.0,11088.0,0.1578947368421052,True,2.0,buy_aggr,1.0,INTARIAN_PEPPER_ROOT,8,-18.0,2.0
92500,,,INTARIAN_PEPPER_ROOT,XIRECS,11101.0,7,-1,11093.5,11086.0,11101.0,-0.4074074074074074,True,15.0,buy_aggr,7.5,INTARIAN_PEPPER_ROOT,7,9.0,15.0
95100,,,INTARIAN_PEPPER_ROOT,XIRECS,11091.0,8,-1,11090.0,11089.0,11091.0,0.0,True,2.0,buy_aggr,1.0,INTARIAN_PEPPER_ROOT,8,-15.0,2.0
97200,,,INTARIAN_PEPPER_ROOT,XIRECS,11103.0,7,-1,11097.0,11091.0,11103.0,0.0,True,12.0,buy_aggr,6.0,INTARIAN_PEPPER_ROOT,7,2.0,12.0
107000,,,INTARIAN_PEPPER_ROOT,XIRECS,11113.0,7,-1,11107.0,11101.0,11113.0,0.0,True,12.0,buy_aggr,6.0,INTARIAN_PEPPER_ROOT,7,2.0,12.0
108800,,,INTARIAN_PEPPER_ROOT,XIRECS,11112.0,3,-1,11115.0,11112.0,11118.0,-0.7777777777777778,True,6.0,sell_aggr,-3.0,INTARIAN_PEPPER_ROOT,-3,4.0,6.0
109800,,,INTARIAN_PEPPER_ROOT,XIRECS,11116.0,4,-1,11110.0,11104.0,11116.0,0.0,True,12.0,buy_aggr,6.0,INTARIAN_PEPPER_ROOT,4,2.0,12.0
117500,,,INTARIAN_PEPPER_ROOT,XIRECS,11111.0,6,-1,11117.5,11111.0,11124.0,0.0,True,13.0,sell_aggr,-6.5,INTARIAN_PEPPER_ROOT,-6,21.0,13.0
122400,,,INTARIAN_PEPPER_ROOT,XIRECS,11128.0,7,-1,11121.0,11114.0,11128.0,0.3333333333333333,True,14.0,buy_aggr,7.0,INTARIAN_PEPPER_ROOT,7,2.0,14.0
127800,,,INTARIAN_PEPPER_ROOT,XIRECS,11122.0,3,-1,11129.5,11122.0,11137.0,-0.3142857142857143,True,15.0,sell_aggr,-7.5,INTARIAN_PEPPER_ROOT,-3,25.0,15.0
129500,,,INTARIAN_PEPPER_ROOT,XIRECS,11136.0,3,-1,11129.5,11123.0,11136.0,0.0,True,13.0,buy_aggr,6.5,INTARIAN_PEPPER_ROOT,3,1.0,13.0
131100,,,INTARIAN_PEPPER_ROOT,XIRECS,11137.0,4,-1,11131.0,11125.0,11137.0,0.0,True,12.0,buy_aggr,6.0,INTARIAN_PEPPER_ROOT,4,2.0,12.0
132300,,,INTARIAN_PEPPER_ROOT,XIRECS,11126.0,3,-1,11132.0,11126.0,11138.0,0.0,True,12.0,sell_aggr,-6.0,INTARIAN_PEPPER_ROOT,-3,22.0,12.0
134400,,,INTARIAN_PEPPER_ROOT,XIRECS,11140.0,4,-1,11133.0,11126.0,11140.0,0.1538461538461538,True,14.0,buy_aggr,7.0,INTARIAN_PEPPER_ROOT,4,4.0,14.0
138000,,,INTARIAN_PEPPER_ROOT,XIRECS,11129.0,4,-1,11136.5,11129.0,11144.0,0.2258064516129032,True,15.0,sell_aggr,-7.5,INTARIAN_PEPPER_ROOT,-4,28.0,15.0
141900,,,INTARIAN_PEPPER_ROOT,XIRECS,11136.0,4,-1,11142.0,11136.0,11148.0,0.0,True,12.0,sell_aggr,-6.0,INTARIAN_PEPPER_ROOT,-4,22.0,12.0
148200,,,INTARIAN_PEPPER_ROOT,XIRECS,11142.0,7,-1,11148.0,11142.0,11154.0,0.0,True,12.0,sell_aggr,-6.0,INTARIAN_PEPPER_ROOT,-7,22.0,12.0
164200,,,INTARIAN_PEPPER_ROOT,XIRECS,11160.0,7,-1,11159.0,11158.0,11160.0,0.2222222222222222,True,2.0,buy_aggr,1.0,INTARIAN_PEPPER_ROOT,7,-18.0,2.0
177900,,,INTARIAN_PEPPER_ROOT,XIRECS,11172.0,5,-1,11178.0,11172.0,11184.0,0.0,True,12.0,sell_aggr,-6.0,INTARIAN_PEPPER_ROOT,-5,22.0,12.0
185500,,,INTARIAN_PEPPER_ROOT,XIRECS,11188.0,5,-1,11190.0,11188.0,11192.0,-0.4117647058823529,True,4.0,sell_aggr,-2.0,INTARIAN_PEPPER_ROOT,-5,5.0,4.0
189700,,,INTARIAN_PEPPER_ROOT,XIRECS,11186.0,6,-1,11185.0,11184.0,11186.0,0.2,True,2.0,buy_aggr,1.0,INTARIAN_PEPPER_ROOT,6,-18.0,2.0
191800,,,INTARIAN_PEPPER_ROOT,XIRECS,11186.0,4,-1,11192.0,11186.0,11198.0,0.0,True,12.0,sell_aggr,-6.0,INTARIAN_PEPPER_ROOT,-4,22.0,12.0
194900,,,INTARIAN_PEPPER_ROOT,XIRECS,11191.0,6,-1,11190.0,11189.0,11191.0,0.25,True,2.0,buy_aggr,1.0,INTARIAN_PEPPER_ROOT,6,-18.0,2.0
198600,,,INTARIAN_PEPPER_ROOT,XIRECS,11193.0,5,-1,11199.0,11193.0,11205.0,0.0,True,12.0,sell_aggr,-6.0,INTARIAN_PEPPER_ROOT,-5,24.0,12.0
199400,,,INTARIAN_PEPPER_ROOT,XIRECS,11205.0,5,-1,11199.0,11193.0,11205.0,0.0,True,12.0,buy_aggr,6.0,INTARIAN_PEPPER_ROOT,5,1.0,12.0
204000,,,INTARIAN_PEPPER_ROOT,XIRECS,11210.0,7,-1,11204.0,11198.0,11210.0,0.0,True,12.0,buy_aggr,6.0,INTARIAN_PEPPER_ROOT,7,2.0,12.0
204600,,,INTARIAN_PEPPER_ROOT,XIRECS,11198.0,5,-1,11204.5,11198.0,11211.0,0.0,True,13.0,sell_aggr,-6.5,INTARIAN_PEPPER_ROOT,-5,23.0,13.0
207500,,,INTARIAN_PEPPER_ROOT,XIRECS,11214.0,3,-1,11207.5,11201.0,11214.0,0.0,True,13.0,buy_aggr,6.5,INTARIAN_PEPPER_ROOT,3,3.0,13.0
211400,,,INTARIAN_PEPPER_ROOT,XIRECS,11208.0,7,-1,11205.0,11202.0,11208.0,0.5172413793103449,True,6.0,buy_aggr,3.0,INTARIAN_PEPPER_ROOT,7,-19.0,6.0
212100,,,INTARIAN_PEPPER_ROOT,XIRECS,11215.0,4,-1,11216.5,11215.0,11218.0,-0.3846153846153846,True,3.0,sell_aggr,-1.5,INTARIAN_PEPPER_ROOT,-4,4.0,3.0
212900,,,INTARIAN_PEPPER_ROOT,XIRECS,11209.0,5,-1,11206.5,11204.0,11209.0,0.5833333333333334,True,5.0,buy_aggr,2.5,INTARIAN_PEPPER_ROOT,5,-15.0,5.0
215000,,,INTARIAN_PEPPER_ROOT,XIRECS,11221.0,7,-1,11215.0,11209.0,11221.0,0.0,True,12.0,buy_aggr,6.0,INTARIAN_PEPPER_ROOT,7,6.0,12.0
217000,,,INTARIAN_PEPPER_ROOT,XIRECS,11223.0,5,-1,11217.0,11211.0,11223.0,0.0,True,12.0,buy_aggr,6.0,INTARIAN_PEPPER_ROOT,5,5.0,12.0
217500,,,INTARIAN_PEPPER_ROOT,XIRECS,11224.0,6,-1,11217.5,11211.0,11224.0,0.0,True,13.0,buy_aggr,6.5,INTARIAN_PEPPER_ROOT,6,5.0,13.0
220600,,,INTARIAN_PEPPER_ROOT,XIRECS,11217.0,4,-1,11215.5,11214.0,11217.0,0.3846153846153846,True,3.0,buy_aggr,1.5,INTARIAN_PEPPER_ROOT,4,-17.0,3.0
224300,,,INTARIAN_PEPPER_ROOT,XIRECS,11230.0,3,-1,11224.0,11218.0,11230.0,0.0,True,12.0,buy_aggr,6.0,INTARIAN_PEPPER_ROOT,3,5.0,12.0
225000,,,INTARIAN_PEPPER_ROOT,XIRECS,11219.0,7,-1,11225.0,11219.0,11231.0,0.0,True,12.0,sell_aggr,-6.0,INTARIAN_PEPPER_ROOT,-7,22.0,12.0
234600,,,INTARIAN_PEPPER_ROOT,XIRECS,11241.0,4,-1,11234.5,11228.0,11241.0,0.0,True,13.0,buy_aggr,6.5,INTARIAN_PEPPER_ROOT,4,5.0,13.0
237500,,,INTARIAN_PEPPER_ROOT,XIRECS,11244.0,4,-1,11236.5,11229.0,11244.0,0.375,True,15.0,buy_aggr,7.5,INTARIAN_PEPPER_ROOT,4,1.0,15.0
239700,,,INTARIAN_PEPPER_ROOT,XIRECS,11246.0,7,-1,11240.0,11234.0,11246.0,0.0,True,12.0,buy_aggr,6.0,INTARIAN_PEPPER_ROOT,7,2.0,12.0
242000,,,INTARIAN_PEPPER_ROOT,XIRECS,11248.0,7,-1,11240.5,11233.0,11248.0,0.3125,True,15.0,buy_aggr,7.5,INTARIAN_PEPPER_ROOT,7,2.0,15.0
248700,,,INTARIAN_PEPPER_ROOT,XIRECS,11243.0,4,-1,11249.0,11243.0,11255.0,0.0,True,12.0,sell_aggr,-6.0,INTARIAN_PEPPER_ROOT,-4,22.0,12.0
260100,,,INTARIAN_PEPPER_ROOT,XIRECS,11266.0,5,-1,11260.0,11254.0,11266.0,0.0,True,12.0,buy_aggr,6.0,INTARIAN_PEPPER_ROOT,5,12.0,12.0
264100,,,INTARIAN_PEPPER_ROOT,XIRECS,11255.0,7,-1,11262.5,11255.0,11270.0,0.36,True,15.0,sell_aggr,-7.5,INTARIAN_PEPPER_ROOT,-7,28.0,15.0
265100,,,INTARIAN_PEPPER_ROOT,XIRECS,11261.0,6,-1,11260.0,11259.0,11261.0,0.1428571428571428,True,2.0,buy_aggr,1.0,INTARIAN_PEPPER_ROOT,6,-18.0,2.0
267500,,,INTARIAN_PEPPER_ROOT,XIRECS,11261.0,3,-1,11267.5,11261.0,11274.0,0.0,True,13.0,sell_aggr,-6.5,INTARIAN_PEPPER_ROOT,-3,27.0,13.0
270700,,,INTARIAN_PEPPER_ROOT,XIRECS,11277.0,6,-1,11272.5,11268.0,11277.0,0.0434782608695652,True,9.0,buy_aggr,4.5,INTARIAN_PEPPER_ROOT,6,2.0,9.0
294100,,,INTARIAN_PEPPER_ROOT,XIRECS,11303.0,3,-1,11295.5,11288.0,11303.0,-0.2941176470588235,True,15.0,buy_aggr,7.5,INTARIAN_PEPPER_ROOT,3,11.0,15.0
300000,,,INTARIAN_PEPPER_ROOT,XIRECS,11306.0,7,-1,11300.0,11294.0,11306.0,0.0,True,12.0,buy_aggr,6.0,INTARIAN_PEPPER_ROOT,7,2.0,12.0
301400,,,INTARIAN_PEPPER_ROOT,XIRECS,11308.0,7,-1,11301.5,11295.0,11308.0,0.0,True,13.0,buy_aggr,6.5,INTARIAN_PEPPER_ROOT,7,1.0,13.0
306000,,,INTARIAN_PEPPER_ROOT,XIRECS,11309.0,5,-1,11310.5,11309.0,11312.0,-0.375,True,3.0,sell_aggr,-1.5,INTARIAN_PEPPER_ROOT,-5,4.0,3.0
311200,,,INTARIAN_PEPPER_ROOT,XIRECS,11305.0,3,-1,11306.0,11305.0,11307.0,0.2,True,2.0,sell_aggr,-1.0,INTARIAN_PEPPER_ROOT,-3,22.0,2.0
311700,,,INTARIAN_PEPPER_ROOT,XIRECS,11315.0,6,-1,11316.5,11315.0,11318.0,-0.25,True,3.0,sell_aggr,-1.5,INTARIAN_PEPPER_ROOT,-6,4.0,3.0
314400,,,INTARIAN_PEPPER_ROOT,XIRECS,11323.0,6,-1,11315.5,11308.0,11323.0,-0.5151515151515151,True,15.0,buy_aggr,7.5,INTARIAN_PEPPER_ROOT,6,10.0,15.0
323200,,,INTARIAN_PEPPER_ROOT,XIRECS,11326.0,5,-1,11327.5,11326.0,11329.0,-0.2857142857142857,True,3.0,sell_aggr,-1.5,INTARIAN_PEPPER_ROOT,-5,7.0,3.0
327400,,,INTARIAN_PEPPER_ROOT,XIRECS,11321.0,6,-1,11327.5,11321.0,11334.0,0.0,True,13.0,sell_aggr,-6.5,INTARIAN_PEPPER_ROOT,-6,23.0,13.0
327600,,,INTARIAN_PEPPER_ROOT,XIRECS,11334.0,3,-1,11332.0,11330.0,11334.0,-0.2307692307692307,True,4.0,buy_aggr,2.0,INTARIAN_PEPPER_ROOT,3,-7.0,4.0
331500,,,INTARIAN_PEPPER_ROOT,XIRECS,11325.0,3,-1,11331.5,11325.0,11338.0,0.0,True,13.0,sell_aggr,-6.5,INTARIAN_PEPPER_ROOT,-3,23.0,13.0
333200,,,INTARIAN_PEPPER_ROOT,XIRECS,11339.0,7,-1,11333.0,11327.0,11339.0,0.0,True,12.0,buy_aggr,6.0,INTARIAN_PEPPER_ROOT,7,2.0,12.0
334400,,,INTARIAN_PEPPER_ROOT,XIRECS,11341.0,3,-1,11334.5,11328.0,11341.0,0.0,True,13.0,buy_aggr,6.5,INTARIAN_PEPPER_ROOT,3,3.0,13.0
334700,,,INTARIAN_PEPPER_ROOT,XIRECS,11329.0,3,-1,11335.0,11329.0,11341.0,0.0,True,12.0,sell_aggr,-6.0,INTARIAN_PEPPER_ROOT,-3,22.0,12.0
335300,,,INTARIAN_PEPPER_ROOT,XIRECS,11344.0,3,-1,11336.5,11329.0,11344.0,-0.4375,True,15.0,buy_aggr,7.5,INTARIAN_PEPPER_ROOT,3,8.0,15.0
335400,,,INTARIAN_PEPPER_ROOT,XIRECS,11338.0,6,-1,11340.0,11338.0,11342.0,-0.2941176470588235,True,4.0,sell_aggr,-2.0,INTARIAN_PEPPER_ROOT,-6,2.0,4.0
336500,,,INTARIAN_PEPPER_ROOT,XIRECS,11343.0,6,-1,11336.5,11330.0,11343.0,0.0,True,13.0,buy_aggr,6.5,INTARIAN_PEPPER_ROOT,6,3.0,13.0
344000,,,INTARIAN_PEPPER_ROOT,XIRECS,11340.0,3,-1,11339.0,11338.0,11340.0,0.5,True,2.0,buy_aggr,1.0,INTARIAN_PEPPER_ROOT,3,-18.0,2.0
350900,,,INTARIAN_PEPPER_ROOT,XIRECS,11360.0,4,-1,11352.5,11345.0,11360.0,-0.28,True,15.0,buy_aggr,7.5,INTARIAN_PEPPER_ROOT,4,8.0,15.0
351900,,,INTARIAN_PEPPER_ROOT,XIRECS,11346.0,7,-1,11352.0,11346.0,11358.0,0.0,True,12.0,sell_aggr,-6.0,INTARIAN_PEPPER_ROOT,-7,22.0,12.0
352500,,,INTARIAN_PEPPER_ROOT,XIRECS,11359.0,6,-1,11352.5,11346.0,11359.0,0.0,True,13.0,buy_aggr,6.5,INTARIAN_PEPPER_ROOT,6,3.0,13.0
354000,,,INTARIAN_PEPPER_ROOT,XIRECS,11360.0,6,-1,11354.0,11348.0,11360.0,0.0,True,12.0,buy_aggr,6.0,INTARIAN_PEPPER_ROOT,6,9.0,12.0
356800,,,INTARIAN_PEPPER_ROOT,XIRECS,11351.0,6,-1,11358.5,11351.0,11366.0,-0.3076923076923077,True,15.0,sell_aggr,-7.5,INTARIAN_PEPPER_ROOT,-6,25.0,15.0
358000,,,INTARIAN_PEPPER_ROOT,XIRECS,11349.0,3,-1,11349.0,11349.0,,1.0,False,,mid_trade,0.0,INTARIAN_PEPPER_ROOT,0,,0.0
358400,,,INTARIAN_PEPPER_ROOT,XIRECS,11361.0,5,-1,11363.0,11361.0,11365.0,-0.375,True,4.0,sell_aggr,-2.0,INTARIAN_PEPPER_ROOT,-5,5.0,4.0
360000,,,INTARIAN_PEPPER_ROOT,XIRECS,11363.0,7,-1,11364.5,11363.0,11366.0,-0.2222222222222222,True,3.0,sell_aggr,-1.5,INTARIAN_PEPPER_ROOT,-7,4.0,3.0
360800,,,INTARIAN_PEPPER_ROOT,XIRECS,11367.0,5,-1,11361.0,11355.0,11367.0,0.0,True,12.0,buy_aggr,6.0,INTARIAN_PEPPER_ROOT,5,2.0,12.0
361600,,,INTARIAN_PEPPER_ROOT,XIRECS,11358.0,5,-1,11356.5,11355.0,11358.0,0.375,True,3.0,buy_aggr,1.5,INTARIAN_PEPPER_ROOT,5,-17.0,3.0
365400,,,INTARIAN_PEPPER_ROOT,XIRECS,11361.0,7,-1,11360.0,11359.0,11361.0,0.2631578947368421,True,2.0,buy_aggr,1.0,INTARIAN_PEPPER_ROOT,7,-19.0,2.0
367300,,,INTARIAN_PEPPER_ROOT,XIRECS,11361.0,5,-1,11367.0,11361.0,11373.0,0.0,True,12.0,sell_aggr,-6.0,INTARIAN_PEPPER_ROOT,-5,9.0,12.0
370900,,,INTARIAN_PEPPER_ROOT,XIRECS,11377.0,4,-1,11369.5,11362.0,11377.0,0.1428571428571428,True,15.0,buy_aggr,7.5,INTARIAN_PEPPER_ROOT,4,2.0,15.0
371200,,,INTARIAN_PEPPER_ROOT,XIRECS,11365.0,3,-1,11372.5,11365.0,11380.0,-0.1111111111111111,True,15.0,sell_aggr,-7.5,INTARIAN_PEPPER_ROOT,-3,22.0,15.0
372300,,,INTARIAN_PEPPER_ROOT,XIRECS,11368.0,6,-1,11365.5,11363.0,11368.0,0.4782608695652174,True,5.0,buy_aggr,2.5,INTARIAN_PEPPER_ROOT,6,-16.0,5.0
374600,,,INTARIAN_PEPPER_ROOT,XIRECS,11381.0,3,-1,11374.5,11368.0,11381.0,0.0,True,13.0,buy_aggr,6.5,INTARIAN_PEPPER_ROOT,3,3.0,13.0
376700,,,INTARIAN_PEPPER_ROOT,XIRECS,11373.0,7,-1,11372.0,11371.0,11373.0,0.125,True,2.0,buy_aggr,1.0,INTARIAN_PEPPER_ROOT,7,-21.0,2.0
380800,,,INTARIAN_PEPPER_ROOT,XIRECS,11387.0,3,-1,11381.0,11375.0,11387.0,0.0,True,12.0,buy_aggr,6.0,INTARIAN_PEPPER_ROOT,3,2.0,12.0
399100,,,INTARIAN_PEPPER_ROOT,XIRECS,11393.0,3,-1,11399.0,11393.0,11405.0,0.0,True,12.0,sell_aggr,-6.0,INTARIAN_PEPPER_ROOT,-3,19.0,12.0
401000,,,INTARIAN_PEPPER_ROOT,XIRECS,11397.0,8,-1,11396.0,11395.0,11397.0,0.1578947368421052,True,2.0,buy_aggr,1.0,INTARIAN_PEPPER_ROOT,8,-18.0,2.0
415200,,,INTARIAN_PEPPER_ROOT,XIRECS,11421.0,6,-1,11415.0,11409.0,11421.0,0.0,True,12.0,buy_aggr,6.0,INTARIAN_PEPPER_ROOT,6,2.0,12.0
417100,,,INTARIAN_PEPPER_ROOT,XIRECS,11423.0,5,-1,11417.0,11411.0,11423.0,0.0,True,12.0,buy_aggr,6.0,INTARIAN_PEPPER_ROOT,5,-1.0,12.0
419000,,,INTARIAN_PEPPER_ROOT,XIRECS,11410.0,6,-1,11417.5,11410.0,11425.0,0.2413793103448276,True,15.0,sell_aggr,-7.5,INTARIAN_PEPPER_ROOT,-6,25.0,15.0
419200,,,INTARIAN_PEPPER_ROOT,XIRECS,11425.0,4,-1,11419.0,11413.0,11425.0,0.0,True,12.0,buy_aggr,6.0,INTARIAN_PEPPER_ROOT,4,2.0,12.0
420300,,,INTARIAN_PEPPER_ROOT,XIRECS,11414.0,7,-1,11420.5,11414.0,11427.0,0.0,True,13.0,sell_aggr,-6.5,INTARIAN_PEPPER_ROOT,-7,23.0,13.0
423300,,,INTARIAN_PEPPER_ROOT,XIRECS,11417.0,6,-1,11424.5,11417.0,11432.0,-0.3793103448275862,True,15.0,sell_aggr,-7.5,INTARIAN_PEPPER_ROOT,-6,23.0,15.0
424900,,,INTARIAN_PEPPER_ROOT,XIRECS,11431.0,7,-1,11425.0,11419.0,11431.0,0.0,True,12.0,buy_aggr,6.0,INTARIAN_PEPPER_ROOT,7,2.0,12.0
427600,,,INTARIAN_PEPPER_ROOT,XIRECS,11421.0,7,-1,11421.0,11421.0,,1.0,False,,mid_trade,0.0,INTARIAN_PEPPER_ROOT,0,,0.0
436100,,,INTARIAN_PEPPER_ROOT,XIRECS,11439.0,5,-1,11442.0,11439.0,11445.0,-0.5238095238095238,True,6.0,sell_aggr,-3.0,INTARIAN_PEPPER_ROOT,-5,4.0,6.0
437600,,,INTARIAN_PEPPER_ROOT,XIRECS,11431.0,3,-1,11439.0,11431.0,11447.0,-0.3548387096774194,True,16.0,sell_aggr,-8.0,INTARIAN_PEPPER_ROOT,-3,23.0,16.0
440800,,,INTARIAN_PEPPER_ROOT,XIRECS,11435.0,4,-1,11441.0,11435.0,11447.0,0.0,True,12.0,sell_aggr,-6.0,INTARIAN_PEPPER_ROOT,-4,25.0,12.0
441300,,,INTARIAN_PEPPER_ROOT,XIRECS,11437.0,5,-1,11443.5,11439.0,11448.0,-0.4117647058823529,True,9.0,sell_aggr,-6.5,INTARIAN_PEPPER_ROOT,-5,16.0,13.0
447800,,,INTARIAN_PEPPER_ROOT,XIRECS,11457.0,5,-1,11449.5,11442.0,11457.0,-0.3846153846153846,True,15.0,buy_aggr,7.5,INTARIAN_PEPPER_ROOT,5,11.0,15.0
453000,,,INTARIAN_PEPPER_ROOT,XIRECS,11456.0,3,-1,11457.5,11456.0,11459.0,-0.5,True,3.0,sell_aggr,-1.5,INTARIAN_PEPPER_ROOT,-3,1.0,3.0
453800,,,INTARIAN_PEPPER_ROOT,XIRECS,11450.0,7,-1,11449.0,11448.0,11450.0,0.2631578947368421,True,2.0,buy_aggr,1.0,INTARIAN_PEPPER_ROOT,7,-18.0,2.0
456100,,,INTARIAN_PEPPER_ROOT,XIRECS,11450.0,6,-1,11456.0,11450.0,11462.0,0.0,True,12.0,sell_aggr,-6.0,INTARIAN_PEPPER_ROOT,-6,22.0,12.0
457000,,,INTARIAN_PEPPER_ROOT,XIRECS,11451.0,6,-1,11458.5,11451.0,11466.0,-0.2666666666666666,True,15.0,sell_aggr,-7.5,INTARIAN_PEPPER_ROOT,-6,22.0,15.0
457300,,,INTARIAN_PEPPER_ROOT,XIRECS,11464.0,4,-1,11457.5,11451.0,11464.0,0.0,True,13.0,buy_aggr,6.5,INTARIAN_PEPPER_ROOT,4,1.0,13.0
459600,,,INTARIAN_PEPPER_ROOT,XIRECS,11451.0,6,-1,11458.5,11451.0,11466.0,0.3571428571428571,True,15.0,sell_aggr,-7.5,INTARIAN_PEPPER_ROOT,-6,27.0,15.0
461900,,,INTARIAN_PEPPER_ROOT,XIRECS,11471.0,5,-1,11463.5,11456.0,11471.0,-0.3939393939393939,True,15.0,buy_aggr,7.5,INTARIAN_PEPPER_ROOT,5,8.0,15.0
464300,,,INTARIAN_PEPPER_ROOT,XIRECS,11473.0,3,-1,11465.5,11458.0,11473.0,-0.1538461538461538,True,15.0,buy_aggr,7.5,INTARIAN_PEPPER_ROOT,3,7.0,15.0
466000,,,INTARIAN_PEPPER_ROOT,XIRECS,11462.0,3,-1,11461.0,11460.0,11462.0,0.5384615384615384,True,2.0,buy_aggr,1.0,INTARIAN_PEPPER_ROOT,3,-18.0,2.0
467300,,,INTARIAN_PEPPER_ROOT,XIRECS,11461.0,3,-1,11467.5,11461.0,11474.0,0.0,True,13.0,sell_aggr,-6.5,INTARIAN_PEPPER_ROOT,-3,20.0,13.0
469000,,,INTARIAN_PEPPER_ROOT,XIRECS,11463.0,6,-1,11469.0,11463.0,11475.0,0.0,True,12.0,sell_aggr,-6.0,INTARIAN_PEPPER_ROOT,-6,22.0,12.0
473000,,,INTARIAN_PEPPER_ROOT,XIRECS,11476.0,4,-1,11479.0,11476.0,11482.0,-0.6666666666666666,True,6.0,sell_aggr,-3.0,INTARIAN_PEPPER_ROOT,-4,4.0,6.0
473600,,,INTARIAN_PEPPER_ROOT,XIRECS,11464.0,5,-1,11472.0,11464.0,11480.0,0.2903225806451613,True,16.0,sell_aggr,-8.0,INTARIAN_PEPPER_ROOT,-5,29.0,16.0
477600,,,INTARIAN_PEPPER_ROOT,XIRECS,11487.0,5,-1,11479.0,11471.0,11487.0,-0.4375,True,16.0,buy_aggr,8.0,INTARIAN_PEPPER_ROOT,5,9.0,16.0
480500,,,INTARIAN_PEPPER_ROOT,XIRECS,11477.0,3,-1,11475.5,11474.0,11477.0,0.5714285714285714,True,3.0,buy_aggr,1.5,INTARIAN_PEPPER_ROOT,3,-17.0,3.0
482100,,,INTARIAN_PEPPER_ROOT,XIRECS,11476.0,5,-1,11482.0,11476.0,11488.0,0.0,True,12.0,sell_aggr,-6.0,INTARIAN_PEPPER_ROOT,-5,22.0,12.0
486700,,,INTARIAN_PEPPER_ROOT,XIRECS,11483.0,8,-1,11480.5,11478.0,11483.0,0.4838709677419355,True,5.0,buy_aggr,2.5,INTARIAN_PEPPER_ROOT,8,-20.0,5.0
489400,,,INTARIAN_PEPPER_ROOT,XIRECS,11480.0,3,-1,11488.0,11480.0,11496.0,0.3142857142857143,True,16.0,sell_aggr,-8.0,INTARIAN_PEPPER_ROOT,-3,26.0,16.0
490300,,,INTARIAN_PEPPER_ROOT,XIRECS,11484.0,5,-1,11490.5,11484.0,11497.0,0.0,True,13.0,sell_aggr,-6.5,INTARIAN_PEPPER_ROOT,-5,23.0,13.0
493800,,,INTARIAN_PEPPER_ROOT,XIRECS,11485.0,4,-1,11492.5,11485.0,11500.0,0.1538461538461538,True,15.0,sell_aggr,-7.5,INTARIAN_PEPPER_ROOT,-4,25.0,15.0
495800,,,INTARIAN_PEPPER_ROOT,XIRECS,11487.0,4,-1,11494.5,11487.0,11502.0,0.4285714285714285,True,15.0,sell_aggr,-7.5,INTARIAN_PEPPER_ROOT,-4,25.0,15.0
500000,,,INTARIAN_PEPPER_ROOT,XIRECS,11503.0,3,-1,11504.5,11503.0,11506.0,-0.6,True,3.0,sell_aggr,-1.5,INTARIAN_PEPPER_ROOT,-3,4.0,3.0
503300,,,INTARIAN_PEPPER_ROOT,XIRECS,11497.0,6,-1,11503.5,11497.0,11510.0,0.0,True,13.0,sell_aggr,-6.5,INTARIAN_PEPPER_ROOT,-6,23.0,13.0
507800,,,INTARIAN_PEPPER_ROOT,XIRECS,11502.0,3,-1,11508.0,11502.0,11514.0,0.0,True,12.0,sell_aggr,-6.0,INTARIAN_PEPPER_ROOT,-3,25.0,12.0
509700,,,INTARIAN_PEPPER_ROOT,XIRECS,11503.0,7,-1,11509.5,11503.0,11516.0,0.0,True,13.0,sell_aggr,-6.5,INTARIAN_PEPPER_ROOT,-7,23.0,13.0
512800,,,INTARIAN_PEPPER_ROOT,XIRECS,11522.0,5,-1,11514.5,11507.0,11522.0,-0.36,True,15.0,buy_aggr,7.5,INTARIAN_PEPPER_ROOT,5,8.0,15.0
519200,,,INTARIAN_PEPPER_ROOT,XIRECS,11525.0,7,-1,11519.0,11513.0,11525.0,0.0,True,12.0,buy_aggr,6.0,INTARIAN_PEPPER_ROOT,7,2.0,12.0
520700,,,INTARIAN_PEPPER_ROOT,XIRECS,11514.0,5,-1,11522.0,11514.0,11530.0,-0.2258064516129032,True,16.0,sell_aggr,-8.0,INTARIAN_PEPPER_ROOT,-5,27.0,16.0
521600,,,INTARIAN_PEPPER_ROOT,XIRECS,11515.0,5,-1,11521.5,11515.0,11528.0,0.0,True,13.0,sell_aggr,-6.5,INTARIAN_PEPPER_ROOT,-5,23.0,13.0
531600,,,INTARIAN_PEPPER_ROOT,XIRECS,11525.0,4,-1,11533.0,11525.0,11541.0,-0.3714285714285714,True,16.0,sell_aggr,-8.0,INTARIAN_PEPPER_ROOT,-4,26.0,16.0
536700,,,INTARIAN_PEPPER_ROOT,XIRECS,11543.0,3,-1,11536.5,11530.0,11543.0,0.0,True,13.0,buy_aggr,6.5,INTARIAN_PEPPER_ROOT,3,2.0,13.0
539900,,,INTARIAN_PEPPER_ROOT,XIRECS,11534.0,6,-1,11540.0,11534.0,11546.0,0.0,True,12.0,sell_aggr,-6.0,INTARIAN_PEPPER_ROOT,-6,22.0,12.0
545100,,,INTARIAN_PEPPER_ROOT,XIRECS,11551.0,7,-1,11543.5,11536.0,11551.0,0.5,True,15.0,buy_aggr,7.5,INTARIAN_PEPPER_ROOT,7,5.0,15.0
555700,,,INTARIAN_PEPPER_ROOT,XIRECS,11552.0,7,-1,11550.5,11549.0,11552.0,0.2222222222222222,True,3.0,buy_aggr,1.5,INTARIAN_PEPPER_ROOT,7,-17.0,3.0
556000,,,INTARIAN_PEPPER_ROOT,XIRECS,11550.0,3,-1,11557.5,11550.0,11565.0,-0.4375,True,15.0,sell_aggr,-7.5,INTARIAN_PEPPER_ROOT,-3,22.0,15.0
556700,,,INTARIAN_PEPPER_ROOT,XIRECS,11553.0,8,-1,11551.5,11550.0,11553.0,0.2,True,3.0,buy_aggr,1.5,INTARIAN_PEPPER_ROOT,8,-17.0,3.0
556800,,,INTARIAN_PEPPER_ROOT,XIRECS,11566.0,3,-1,11558.5,11551.0,11566.0,-0.2857142857142857,True,15.0,buy_aggr,7.5,INTARIAN_PEPPER_ROOT,3,8.0,15.0
558800,,,INTARIAN_PEPPER_ROOT,XIRECS,11562.0,8,-1,11563.5,11562.0,11565.0,-0.0588235294117647,True,3.0,sell_aggr,-1.5,INTARIAN_PEPPER_ROOT,-8,4.0,3.0
561300,,,INTARIAN_PEPPER_ROOT,XIRECS,11557.0,3,-1,11556.0,11555.0,11557.0,0.5714285714285714,True,2.0,buy_aggr,1.0,INTARIAN_PEPPER_ROOT,3,-28.0,2.0
564900,,,INTARIAN_PEPPER_ROOT,XIRECS,11561.0,6,-1,11560.0,11559.0,11561.0,0.3333333333333333,True,2.0,buy_aggr,1.0,INTARIAN_PEPPER_ROOT,6,-18.0,2.0
566100,,,INTARIAN_PEPPER_ROOT,XIRECS,11562.0,3,-1,11561.0,11560.0,11562.0,0.5714285714285714,True,2.0,buy_aggr,1.0,INTARIAN_PEPPER_ROOT,3,-15.0,2.0
566700,,,INTARIAN_PEPPER_ROOT,XIRECS,11558.0,3,-1,11565.5,11558.0,11573.0,0.2903225806451613,True,15.0,sell_aggr,-7.5,INTARIAN_PEPPER_ROOT,-3,25.0,15.0
570000,,,INTARIAN_PEPPER_ROOT,XIRECS,11576.0,5,-1,11570.0,11564.0,11576.0,0.0,True,12.0,buy_aggr,6.0,INTARIAN_PEPPER_ROOT,5,2.0,12.0
573500,,,INTARIAN_PEPPER_ROOT,XIRECS,11570.0,5,-1,11568.5,11567.0,11570.0,0.375,True,3.0,buy_aggr,1.5,INTARIAN_PEPPER_ROOT,5,-17.0,3.0
576400,,,INTARIAN_PEPPER_ROOT,XIRECS,11586.0,5,-1,11578.0,11570.0,11586.0,-0.3888888888888889,True,16.0,buy_aggr,8.0,INTARIAN_PEPPER_ROOT,5,9.0,16.0
579400,,,INTARIAN_PEPPER_ROOT,XIRECS,11586.0,7,-1,11579.5,11573.0,11586.0,0.0,True,13.0,buy_aggr,6.5,INTARIAN_PEPPER_ROOT,7,3.0,13.0
579600,,,INTARIAN_PEPPER_ROOT,XIRECS,11586.0,7,-1,11579.5,11573.0,11586.0,0.0,True,13.0,buy_aggr,6.5,INTARIAN_PEPPER_ROOT,7,3.0,13.0
580100,,,INTARIAN_PEPPER_ROOT,XIRECS,11571.0,7,-1,11578.5,11571.0,11586.0,0.5151515151515151,True,15.0,sell_aggr,-7.5,INTARIAN_PEPPER_ROOT,-7,28.0,15.0
582100,,,INTARIAN_PEPPER_ROOT,XIRECS,11576.0,5,-1,11580.0,11576.0,11584.0,0.0476190476190476,True,8.0,sell_aggr,-4.0,INTARIAN_PEPPER_ROOT,-5,25.0,8.0
584200,,,INTARIAN_PEPPER_ROOT,XIRECS,11590.0,4,-1,11584.0,11578.0,11590.0,0.0,True,12.0,buy_aggr,6.0,INTARIAN_PEPPER_ROOT,4,2.0,12.0
585100,,,INTARIAN_PEPPER_ROOT,XIRECS,11579.0,5,-1,11585.0,11579.0,11591.0,0.0,True,12.0,sell_aggr,-6.0,INTARIAN_PEPPER_ROOT,-5,25.0,12.0
589400,,,INTARIAN_PEPPER_ROOT,XIRECS,11585.0,3,-1,11582.5,11580.0,11585.0,0.6842105263157895,True,5.0,buy_aggr,2.5,INTARIAN_PEPPER_ROOT,3,-19.0,5.0
590200,,,INTARIAN_PEPPER_ROOT,XIRECS,11599.0,3,-1,11591.5,11584.0,11599.0,-0.2142857142857142,True,15.0,buy_aggr,7.5,INTARIAN_PEPPER_ROOT,3,8.0,15.0
593600,,,INTARIAN_PEPPER_ROOT,XIRECS,11600.0,3,-1,11593.5,11587.0,11600.0,0.0,True,13.0,buy_aggr,6.5,INTARIAN_PEPPER_ROOT,3,3.0,13.0
600300,,,INTARIAN_PEPPER_ROOT,XIRECS,11594.0,6,-1,11600.5,11594.0,11607.0,0.0,True,13.0,sell_aggr,-6.5,INTARIAN_PEPPER_ROOT,-6,20.0,13.0
605700,,,INTARIAN_PEPPER_ROOT,XIRECS,11599.0,3,-1,11607.0,11599.0,11615.0,-0.3939393939393939,True,16.0,sell_aggr,-8.0,INTARIAN_PEPPER_ROOT,-3,23.0,16.0
610300,,,INTARIAN_PEPPER_ROOT,XIRECS,11604.0,5,-1,11610.5,11604.0,11617.0,0.0,True,13.0,sell_aggr,-6.5,INTARIAN_PEPPER_ROOT,-5,23.0,13.0
612300,,,INTARIAN_PEPPER_ROOT,XIRECS,11608.0,8,-1,11605.5,11603.0,11608.0,0.4482758620689655,True,5.0,buy_aggr,2.5,INTARIAN_PEPPER_ROOT,8,-19.0,5.0
619300,,,INTARIAN_PEPPER_ROOT,XIRECS,11626.0,7,-1,11619.5,11613.0,11626.0,0.0,True,13.0,buy_aggr,6.5,INTARIAN_PEPPER_ROOT,7,3.0,13.0
623200,,,INTARIAN_PEPPER_ROOT,XIRECS,11630.0,6,-1,11622.0,11614.0,11630.0,0.2857142857142857,True,16.0,buy_aggr,8.0,INTARIAN_PEPPER_ROOT,6,3.0,16.0
629000,,,INTARIAN_PEPPER_ROOT,XIRECS,11623.0,4,-1,11629.0,11623.0,11635.0,0.0,True,12.0,sell_aggr,-6.0,INTARIAN_PEPPER_ROOT,-4,22.0,12.0
630900,,,INTARIAN_PEPPER_ROOT,XIRECS,11625.0,6,-1,11631.0,11625.0,11637.0,0.0,True,12.0,sell_aggr,-6.0,INTARIAN_PEPPER_ROOT,-6,22.0,12.0
634300,,,INTARIAN_PEPPER_ROOT,XIRECS,11641.0,6,-1,11634.5,11628.0,11641.0,0.0,True,13.0,buy_aggr,6.5,INTARIAN_PEPPER_ROOT,6,3.0,13.0
634400,,,INTARIAN_PEPPER_ROOT,XIRECS,11637.0,5,-1,11639.0,11637.0,11641.0,-0.2307692307692307,True,4.0,sell_aggr,-2.0,INTARIAN_PEPPER_ROOT,-5,5.0,4.0
636300,,,INTARIAN_PEPPER_ROOT,XIRECS,11630.0,5,-1,11636.5,11630.0,11643.0,0.0,True,13.0,sell_aggr,-6.5,INTARIAN_PEPPER_ROOT,-5,23.0,13.0
636900,,,INTARIAN_PEPPER_ROOT,XIRECS,11643.0,6,-1,11637.0,11631.0,11643.0,0.0,True,12.0,buy_aggr,6.0,INTARIAN_PEPPER_ROOT,6,5.0,12.0
638800,,,INTARIAN_PEPPER_ROOT,XIRECS,11645.0,4,-1,11638.5,11632.0,11645.0,0.0,True,13.0,buy_aggr,6.5,INTARIAN_PEPPER_ROOT,4,0.0,13.0
639100,,,INTARIAN_PEPPER_ROOT,XIRECS,11630.0,3,-1,11637.5,11630.0,11645.0,0.1111111111111111,True,15.0,sell_aggr,-7.5,INTARIAN_PEPPER_ROOT,-3,28.0,15.0
639800,,,INTARIAN_PEPPER_ROOT,XIRECS,11633.0,4,-1,11633.0,11633.0,,1.0,False,,mid_trade,0.0,INTARIAN_PEPPER_ROOT,0,,0.0
640000,,,INTARIAN_PEPPER_ROOT,XIRECS,11646.0,6,-1,11640.0,11634.0,11646.0,0.0,True,12.0,buy_aggr,6.0,INTARIAN_PEPPER_ROOT,6,-1.0,12.0
642100,,,INTARIAN_PEPPER_ROOT,XIRECS,11648.0,4,-1,11642.0,11636.0,11648.0,0.0,True,12.0,buy_aggr,6.0,INTARIAN_PEPPER_ROOT,4,2.0,12.0
642900,,,INTARIAN_PEPPER_ROOT,XIRECS,11637.0,5,-1,11643.0,11637.0,11649.0,0.0,True,12.0,sell_aggr,-6.0,INTARIAN_PEPPER_ROOT,-5,22.0,12.0
650200,,,INTARIAN_PEPPER_ROOT,XIRECS,11653.0,6,-1,11646.5,11641.0,11652.0,0.7142857142857143,True,11.0,buy_aggr,6.5,INTARIAN_PEPPER_ROOT,6,-5.0,13.0
653000,,,INTARIAN_PEPPER_ROOT,XIRECS,11659.0,6,-1,11651.5,11644.0,11659.0,0.3333333333333333,True,15.0,buy_aggr,7.5,INTARIAN_PEPPER_ROOT,6,2.0,15.0
656400,,,INTARIAN_PEPPER_ROOT,XIRECS,11663.0,6,-1,11656.5,11650.0,11663.0,0.0,True,13.0,buy_aggr,6.5,INTARIAN_PEPPER_ROOT,6,3.0,13.0
660400,,,INTARIAN_PEPPER_ROOT,XIRECS,11654.0,3,-1,11660.5,11654.0,11667.0,0.0,True,13.0,sell_aggr,-6.5,INTARIAN_PEPPER_ROOT,-3,20.0,13.0
662600,,,INTARIAN_PEPPER_ROOT,XIRECS,11666.0,6,-1,11669.0,11666.0,11672.0,-0.5,True,6.0,sell_aggr,-3.0,INTARIAN_PEPPER_ROOT,-6,3.0,6.0
665900,,,INTARIAN_PEPPER_ROOT,XIRECS,11675.0,4,-1,11667.5,11660.0,11675.0,-0.3939393939393939,True,15.0,buy_aggr,7.5,INTARIAN_PEPPER_ROOT,4,8.0,15.0
668200,,,INTARIAN_PEPPER_ROOT,XIRECS,11675.0,4,-1,11668.5,11662.0,11675.0,0.0,True,13.0,buy_aggr,6.5,INTARIAN_PEPPER_ROOT,4,1.0,13.0
669800,,,INTARIAN_PEPPER_ROOT,XIRECS,11676.0,7,-1,11669.5,11663.0,11676.0,0.0,True,13.0,buy_aggr,6.5,INTARIAN_PEPPER_ROOT,7,5.0,13.0
672200,,,INTARIAN_PEPPER_ROOT,XIRECS,11666.0,3,-1,11672.5,11666.0,11679.0,0.0,True,13.0,sell_aggr,-6.5,INTARIAN_PEPPER_ROOT,-3,23.0,13.0
673600,,,INTARIAN_PEPPER_ROOT,XIRECS,11677.0,6,-1,11678.5,11677.0,11680.0,-0.2,True,3.0,sell_aggr,-1.5,INTARIAN_PEPPER_ROOT,-6,7.0,3.0
677500,,,INTARIAN_PEPPER_ROOT,XIRECS,11671.0,4,-1,11671.0,11671.0,,1.0,False,,mid_trade,0.0,INTARIAN_PEPPER_ROOT,0,,0.0
677800,,,INTARIAN_PEPPER_ROOT,XIRECS,11671.0,3,-1,11679.0,11671.0,11687.0,-0.1538461538461538,True,16.0,sell_aggr,-8.0,INTARIAN_PEPPER_ROOT,-3,33.0,16.0
681700,,,INTARIAN_PEPPER_ROOT,XIRECS,11688.0,7,-1,11681.5,11675.0,11688.0,0.0,True,13.0,buy_aggr,6.5,INTARIAN_PEPPER_ROOT,7,3.0,13.0
682900,,,INTARIAN_PEPPER_ROOT,XIRECS,11689.0,4,-1,11681.5,11674.0,11689.0,0.3142857142857143,True,15.0,buy_aggr,7.5,INTARIAN_PEPPER_ROOT,4,2.0,15.0
687300,,,INTARIAN_PEPPER_ROOT,XIRECS,11681.0,4,-1,11687.5,11681.0,11694.0,0.0,True,13.0,sell_aggr,-6.5,INTARIAN_PEPPER_ROOT,-4,23.0,13.0
688000,,,INTARIAN_PEPPER_ROOT,XIRECS,11694.0,3,-1,11688.0,11682.0,11694.0,0.0,True,12.0,buy_aggr,6.0,INTARIAN_PEPPER_ROOT,3,-1.0,12.0
689900,,,INTARIAN_PEPPER_ROOT,XIRECS,11696.0,6,-1,11688.5,11681.0,11696.0,0.2666666666666666,True,15.0,buy_aggr,7.5,INTARIAN_PEPPER_ROOT,6,2.0,15.0
690200,,,INTARIAN_PEPPER_ROOT,XIRECS,11684.0,3,-1,11690.5,11684.0,11697.0,0.0,True,13.0,sell_aggr,-6.5,INTARIAN_PEPPER_ROOT,-3,23.0,13.0
690300,,,INTARIAN_PEPPER_ROOT,XIRECS,11697.0,3,-1,11689.0,11681.0,11697.0,0.5,True,16.0,buy_aggr,8.0,INTARIAN_PEPPER_ROOT,3,6.0,16.0
690600,,,INTARIAN_PEPPER_ROOT,XIRECS,11694.0,5,-1,11695.5,11694.0,11697.0,-0.2307692307692307,True,3.0,sell_aggr,-1.5,INTARIAN_PEPPER_ROOT,-5,6.0,3.0
691600,,,INTARIAN_PEPPER_ROOT,XIRECS,11685.0,7,-1,11693.0,11685.0,11701.0,-0.3714285714285714,True,16.0,sell_aggr,-8.0,INTARIAN_PEPPER_ROOT,-7,23.0,16.0
692000,,,INTARIAN_PEPPER_ROOT,XIRECS,11686.0,4,-1,11693.5,11686.0,11701.0,-0.4193548387096774,True,15.0,sell_aggr,-7.5,INTARIAN_PEPPER_ROOT,-4,22.0,15.0
701000,,,INTARIAN_PEPPER_ROOT,XIRECS,11697.0,4,-1,11696.0,11695.0,11697.0,0.3333333333333333,True,2.0,buy_aggr,1.0,INTARIAN_PEPPER_ROOT,4,-18.0,2.0
701900,,,INTARIAN_PEPPER_ROOT,XIRECS,11708.0,7,-1,11700.5,11693.0,11708.0,0.25,True,15.0,buy_aggr,7.5,INTARIAN_PEPPER_ROOT,7,2.0,15.0
702800,,,INTARIAN_PEPPER_ROOT,XIRECS,11696.0,5,-1,11702.5,11696.0,11709.0,0.0,True,13.0,sell_aggr,-6.5,INTARIAN_PEPPER_ROOT,-5,23.0,13.0
708600,,,INTARIAN_PEPPER_ROOT,XIRECS,11715.0,4,-1,11708.5,11702.0,11715.0,0.0,True,13.0,buy_aggr,6.5,INTARIAN_PEPPER_ROOT,4,0.0,13.0
717200,,,INTARIAN_PEPPER_ROOT,XIRECS,11724.0,4,-1,11717.5,11711.0,11724.0,0.0,True,13.0,buy_aggr,6.5,INTARIAN_PEPPER_ROOT,4,6.0,13.0
724500,,,INTARIAN_PEPPER_ROOT,XIRECS,11731.0,4,-1,11724.5,11718.0,11731.0,0.0,True,13.0,buy_aggr,6.5,INTARIAN_PEPPER_ROOT,4,3.0,13.0
727200,,,INTARIAN_PEPPER_ROOT,XIRECS,11734.0,6,-1,11727.5,11721.0,11734.0,0.0,True,13.0,buy_aggr,6.5,INTARIAN_PEPPER_ROOT,6,3.0,13.0
727400,,,INTARIAN_PEPPER_ROOT,XIRECS,11734.0,3,-1,11727.5,11721.0,11734.0,0.0,True,13.0,buy_aggr,6.5,INTARIAN_PEPPER_ROOT,3,3.0,13.0
728400,,,INTARIAN_PEPPER_ROOT,XIRECS,11722.0,5,-1,11728.5,11722.0,11735.0,0.0,True,13.0,sell_aggr,-6.5,INTARIAN_PEPPER_ROOT,-5,26.0,13.0
733500,,,INTARIAN_PEPPER_ROOT,XIRECS,11740.0,3,-1,11733.5,11727.0,11740.0,0.0,True,13.0,buy_aggr,6.5,INTARIAN_PEPPER_ROOT,3,14.0,13.0
737500,,,INTARIAN_PEPPER_ROOT,XIRECS,11741.0,3,-1,11742.5,11741.0,11744.0,-0.5384615384615384,True,3.0,sell_aggr,-1.5,INTARIAN_PEPPER_ROOT,-3,3.0,3.0
748300,,,INTARIAN_PEPPER_ROOT,XIRECS,11750.0,5,-1,11744.5,11739.0,11750.0,0.4285714285714285,True,11.0,buy_aggr,5.5,INTARIAN_PEPPER_ROOT,5,-7.0,11.0
752900,,,INTARIAN_PEPPER_ROOT,XIRECS,11759.0,7,-1,11753.0,11747.0,11759.0,0.0,True,12.0,buy_aggr,6.0,INTARIAN_PEPPER_ROOT,7,2.0,12.0
755500,,,INTARIAN_PEPPER_ROOT,XIRECS,11749.0,7,-1,11755.5,11749.0,11762.0,0.0,True,13.0,sell_aggr,-6.5,INTARIAN_PEPPER_ROOT,-7,26.0,13.0
755700,,,INTARIAN_PEPPER_ROOT,XIRECS,11762.0,3,-1,11754.0,11746.0,11762.0,0.36,True,16.0,buy_aggr,8.0,INTARIAN_PEPPER_ROOT,3,3.0,16.0
761800,,,INTARIAN_PEPPER_ROOT,XIRECS,11758.0,7,-1,11756.5,11755.0,11758.0,0.125,True,3.0,buy_aggr,1.5,INTARIAN_PEPPER_ROOT,7,-14.0,3.0
763000,,,INTARIAN_PEPPER_ROOT,XIRECS,11769.0,4,-1,11763.0,11757.0,11769.0,0.0,True,12.0,buy_aggr,6.0,INTARIAN_PEPPER_ROOT,4,2.0,12.0
763600,,,INTARIAN_PEPPER_ROOT,XIRECS,11770.0,6,-1,11763.5,11757.0,11770.0,0.0,True,13.0,buy_aggr,6.5,INTARIAN_PEPPER_ROOT,6,6.0,13.0
764300,,,INTARIAN_PEPPER_ROOT,XIRECS,11755.0,5,-1,11763.0,11755.0,11771.0,0.5151515151515151,True,16.0,sell_aggr,-8.0,INTARIAN_PEPPER_ROOT,-5,32.0,16.0
766000,,,INTARIAN_PEPPER_ROOT,XIRECS,11769.0,4,-1,11770.5,11769.0,11772.0,-0.5,True,3.0,sell_aggr,-1.5,INTARIAN_PEPPER_ROOT,-4,7.0,3.0
770100,,,INTARIAN_PEPPER_ROOT,XIRECS,11764.0,4,-1,11770.0,11764.0,11776.0,0.0,True,12.0,sell_aggr,-6.0,INTARIAN_PEPPER_ROOT,-4,22.0,12.0
771800,,,INTARIAN_PEPPER_ROOT,XIRECS,11775.0,6,-1,11776.5,11775.0,11778.0,-0.3333333333333333,True,3.0,sell_aggr,-1.5,INTARIAN_PEPPER_ROOT,-6,3.0,3.0
775500,,,INTARIAN_PEPPER_ROOT,XIRECS,11779.0,7,-1,11780.5,11779.0,11782.0,-0.0666666666666666,True,3.0,sell_aggr,-1.5,INTARIAN_PEPPER_ROOT,-7,3.0,3.0
776800,,,INTARIAN_PEPPER_ROOT,XIRECS,11770.0,6,-1,11776.5,11770.0,11783.0,0.0,True,13.0,sell_aggr,-6.5,INTARIAN_PEPPER_ROOT,-6,23.0,13.0
777000,,,INTARIAN_PEPPER_ROOT,XIRECS,11771.0,5,-1,11778.5,11771.0,11786.0,-0.4285714285714285,True,15.0,sell_aggr,-7.5,INTARIAN_PEPPER_ROOT,-5,25.0,15.0
781100,,,INTARIAN_PEPPER_ROOT,XIRECS,11784.0,7,-1,11785.5,11784.0,11787.0,-0.2631578947368421,True,3.0,sell_aggr,-1.5,INTARIAN_PEPPER_ROOT,-7,4.0,3.0
781500,,,INTARIAN_PEPPER_ROOT,XIRECS,11777.0,7,-1,11776.0,11775.0,11777.0,0.0666666666666666,True,2.0,buy_aggr,1.0,INTARIAN_PEPPER_ROOT,7,-19.0,2.0
783300,,,INTARIAN_PEPPER_ROOT,XIRECS,11777.0,4,-1,11783.5,11777.0,11790.0,0.0,True,13.0,sell_aggr,-6.5,INTARIAN_PEPPER_ROOT,-4,20.0,13.0
785100,,,INTARIAN_PEPPER_ROOT,XIRECS,11779.0,3,-1,11785.0,11779.0,11791.0,0.0,True,12.0,sell_aggr,-6.0,INTARIAN_PEPPER_ROOT,-3,22.0,12.0
787000,,,INTARIAN_PEPPER_ROOT,XIRECS,11790.0,6,-1,11793.0,11790.0,11796.0,-0.5384615384615384,True,6.0,sell_aggr,-3.0,INTARIAN_PEPPER_ROOT,-6,4.0,6.0
787300,,,INTARIAN_PEPPER_ROOT,XIRECS,11781.0,4,-1,11787.5,11781.0,11794.0,0.0,True,13.0,sell_aggr,-6.5,INTARIAN_PEPPER_ROOT,-4,23.0,13.0
791700,,,INTARIAN_PEPPER_ROOT,XIRECS,11788.0,6,-1,11786.5,11785.0,11788.0,0.1428571428571428,True,3.0,buy_aggr,1.5,INTARIAN_PEPPER_ROOT,6,-17.0,3.0
793700,,,INTARIAN_PEPPER_ROOT,XIRECS,11800.0,4,-1,11793.5,11787.0,11800.0,0.0,True,13.0,buy_aggr,6.5,INTARIAN_PEPPER_ROOT,4,6.0,13.0
796100,,,INTARIAN_PEPPER_ROOT,XIRECS,11799.0,5,-1,11799.0,11799.0,,1.0,False,,mid_trade,0.0,INTARIAN_PEPPER_ROOT,0,,0.0
796300,,,INTARIAN_PEPPER_ROOT,XIRECS,11790.0,5,-1,11796.5,11790.0,11803.0,0.0,True,13.0,sell_aggr,-6.5,INTARIAN_PEPPER_ROOT,-5,26.0,13.0
796600,,,INTARIAN_PEPPER_ROOT,XIRECS,11800.0,7,-1,11801.5,11800.0,11803.0,-0.125,True,3.0,sell_aggr,-1.5,INTARIAN_PEPPER_ROOT,-7,6.0,3.0
798400,,,INTARIAN_PEPPER_ROOT,XIRECS,11805.0,5,-1,11798.5,11792.0,11805.0,0.0,True,13.0,buy_aggr,6.5,INTARIAN_PEPPER_ROOT,5,8.0,13.0
806100,,,INTARIAN_PEPPER_ROOT,XIRECS,11800.0,7,-1,11800.0,11800.0,,1.0,False,,mid_trade,0.0,INTARIAN_PEPPER_ROOT,0,,0.0
806200,,,INTARIAN_PEPPER_ROOT,XIRECS,11808.0,3,-1,11804.0,11800.0,11808.0,0.0,True,8.0,buy_aggr,4.0,INTARIAN_PEPPER_ROOT,3,-4.0,8.0
811700,,,INTARIAN_PEPPER_ROOT,XIRECS,11802.0,6,-1,11810.0,11802.0,11818.0,0.4285714285714285,True,16.0,sell_aggr,-8.0,INTARIAN_PEPPER_ROOT,-6,29.0,16.0
813000,,,INTARIAN_PEPPER_ROOT,XIRECS,11807.0,3,-1,11813.0,11807.0,11819.0,0.0,True,12.0,sell_aggr,-6.0,INTARIAN_PEPPER_ROOT,-3,22.0,12.0
815900,,,INTARIAN_PEPPER_ROOT,XIRECS,11819.0,3,-1,11822.0,11819.0,11825.0,-0.7857142857142857,True,6.0,sell_aggr,-3.0,INTARIAN_PEPPER_ROOT,-3,1.0,6.0
823500,,,INTARIAN_PEPPER_ROOT,XIRECS,11827.0,8,-1,11828.5,11827.0,11830.0,-0.2,True,3.0,sell_aggr,-1.5,INTARIAN_PEPPER_ROOT,-8,6.0,3.0
825200,,,INTARIAN_PEPPER_ROOT,XIRECS,11828.0,4,-1,11831.5,11828.0,11835.0,-0.7037037037037037,True,7.0,sell_aggr,-3.5,INTARIAN_PEPPER_ROOT,-4,5.0,7.0
825700,,,INTARIAN_PEPPER_ROOT,XIRECS,11829.0,6,-1,11830.5,11829.0,11832.0,-0.2,True,3.0,sell_aggr,-1.5,INTARIAN_PEPPER_ROOT,-6,3.0,3.0
829600,,,INTARIAN_PEPPER_ROOT,XIRECS,11823.0,7,-1,11829.5,11823.0,11836.0,0.0,True,13.0,sell_aggr,-6.5,INTARIAN_PEPPER_ROOT,-7,20.0,13.0
831300,,,INTARIAN_PEPPER_ROOT,XIRECS,11834.0,3,-1,11836.0,11834.0,11838.0,-0.6,True,4.0,sell_aggr,-2.0,INTARIAN_PEPPER_ROOT,-3,5.0,4.0
833100,,,INTARIAN_PEPPER_ROOT,XIRECS,11827.0,7,-1,11833.5,11827.0,11840.0,0.0,True,13.0,sell_aggr,-6.5,INTARIAN_PEPPER_ROOT,-7,20.0,13.0
833200,,,INTARIAN_PEPPER_ROOT,XIRECS,11827.0,3,-1,11833.5,11827.0,11840.0,0.0,True,13.0,sell_aggr,-6.5,INTARIAN_PEPPER_ROOT,-3,23.0,13.0
837100,,,INTARIAN_PEPPER_ROOT,XIRECS,11844.0,3,-1,11837.5,11831.0,11844.0,0.0,True,13.0,buy_aggr,6.5,INTARIAN_PEPPER_ROOT,3,3.0,13.0
839300,,,INTARIAN_PEPPER_ROOT,XIRECS,11846.0,6,-1,11839.5,11833.0,11846.0,0.0,True,13.0,buy_aggr,6.5,INTARIAN_PEPPER_ROOT,6,3.0,13.0
842700,,,INTARIAN_PEPPER_ROOT,XIRECS,11836.0,3,-1,11844.0,11836.0,11852.0,-0.4545454545454545,True,16.0,sell_aggr,-8.0,INTARIAN_PEPPER_ROOT,-3,23.0,16.0
844800,,,INTARIAN_PEPPER_ROOT,XIRECS,11841.0,5,-1,11839.5,11838.0,11841.0,0.2307692307692307,True,3.0,buy_aggr,1.5,INTARIAN_PEPPER_ROOT,5,-20.0,3.0
845400,,,INTARIAN_PEPPER_ROOT,XIRECS,11841.0,7,-1,11840.0,11839.0,11841.0,0.1764705882352941,True,2.0,buy_aggr,1.0,INTARIAN_PEPPER_ROOT,7,-19.0,2.0
846000,,,INTARIAN_PEPPER_ROOT,XIRECS,11840.0,4,-1,11846.0,11840.0,11852.0,0.0,True,12.0,sell_aggr,-6.0,INTARIAN_PEPPER_ROOT,-4,22.0,12.0
846500,,,INTARIAN_PEPPER_ROOT,XIRECS,11853.0,6,-1,11846.5,11840.0,11853.0,0.0,True,13.0,buy_aggr,6.5,INTARIAN_PEPPER_ROOT,6,3.0,13.0
847000,,,INTARIAN_PEPPER_ROOT,XIRECS,11853.0,5,-1,11847.0,11841.0,11853.0,0.0,True,12.0,buy_aggr,6.0,INTARIAN_PEPPER_ROOT,5,1.0,12.0
854100,,,INTARIAN_PEPPER_ROOT,XIRECS,11861.0,3,-1,11854.5,11848.0,11861.0,0.0,True,13.0,buy_aggr,6.5,INTARIAN_PEPPER_ROOT,3,3.0,13.0
857500,,,INTARIAN_PEPPER_ROOT,XIRECS,11848.0,4,-1,11856.0,11848.0,11864.0,0.5151515151515151,True,16.0,sell_aggr,-8.0,INTARIAN_PEPPER_ROOT,-4,32.0,16.0
858300,,,INTARIAN_PEPPER_ROOT,XIRECS,11852.0,6,-1,11858.5,11852.0,11865.0,0.0,True,13.0,sell_aggr,-6.5,INTARIAN_PEPPER_ROOT,-6,20.0,13.0
861000,,,INTARIAN_PEPPER_ROOT,XIRECS,11857.0,4,-1,11857.0,,11857.0,-1.0,False,,mid_trade,0.0,INTARIAN_PEPPER_ROOT,0,,0.0
861700,,,INTARIAN_PEPPER_ROOT,XIRECS,11855.0,7,-1,11861.5,11855.0,11868.0,0.0,True,13.0,sell_aggr,-6.5,INTARIAN_PEPPER_ROOT,-7,26.0,13.0
869800,,,INTARIAN_PEPPER_ROOT,XIRECS,11876.0,7,-1,11869.5,11863.0,11876.0,0.0,True,13.0,buy_aggr,6.5,INTARIAN_PEPPER_ROOT,7,13.0,13.0
875600,,,INTARIAN_PEPPER_ROOT,XIRECS,11869.0,3,-1,11875.5,11869.0,11882.0,0.0,True,13.0,sell_aggr,-6.5,INTARIAN_PEPPER_ROOT,-3,26.0,13.0
877800,,,INTARIAN_PEPPER_ROOT,XIRECS,11884.0,6,-1,11877.5,11871.0,11884.0,0.0,True,13.0,buy_aggr,6.5,INTARIAN_PEPPER_ROOT,6,3.0,13.0
883500,,,INTARIAN_PEPPER_ROOT,XIRECS,11874.0,5,-1,11882.0,11874.0,11890.0,0.4545454545454545,True,16.0,sell_aggr,-8.0,INTARIAN_PEPPER_ROOT,-5,29.0,16.0
887000,,,INTARIAN_PEPPER_ROOT,XIRECS,11890.0,4,-1,11891.5,11890.0,11893.0,-0.4666666666666667,True,3.0,sell_aggr,-1.5,INTARIAN_PEPPER_ROOT,-4,4.0,3.0
887700,,,INTARIAN_PEPPER_ROOT,XIRECS,11881.0,4,-1,11887.5,11881.0,11894.0,0.0,True,13.0,sell_aggr,-6.5,INTARIAN_PEPPER_ROOT,-4,20.0,13.0
889100,,,INTARIAN_PEPPER_ROOT,XIRECS,11896.0,4,-1,11889.5,11883.0,11896.0,0.0,True,13.0,buy_aggr,6.5,INTARIAN_PEPPER_ROOT,4,3.0,13.0
891000,,,INTARIAN_PEPPER_ROOT,XIRECS,11897.0,7,-1,11891.0,11885.0,11897.0,0.0,True,12.0,buy_aggr,6.0,INTARIAN_PEPPER_ROOT,7,2.0,12.0
891400,,,INTARIAN_PEPPER_ROOT,XIRECS,11894.0,4,-1,11896.0,11894.0,11898.0,-0.5,True,4.0,sell_aggr,-2.0,INTARIAN_PEPPER_ROOT,-4,5.0,4.0
898100,,,INTARIAN_PEPPER_ROOT,XIRECS,11894.0,8,-1,11893.0,11892.0,11894.0,0.0,True,2.0,buy_aggr,1.0,INTARIAN_PEPPER_ROOT,8,-22.0,2.0
899300,,,INTARIAN_PEPPER_ROOT,XIRECS,11906.0,6,-1,11899.5,11893.0,11906.0,0.0,True,13.0,buy_aggr,6.5,INTARIAN_PEPPER_ROOT,6,3.0,13.0
904900,,,INTARIAN_PEPPER_ROOT,XIRECS,11911.0,5,-1,11904.5,11898.0,11911.0,0.0,True,13.0,buy_aggr,6.5,INTARIAN_PEPPER_ROOT,5,3.0,13.0
907400,,,INTARIAN_PEPPER_ROOT,XIRECS,11914.0,6,-1,11907.5,11901.0,11914.0,0.0,True,13.0,buy_aggr,6.5,INTARIAN_PEPPER_ROOT,6,3.0,13.0
907500,,,INTARIAN_PEPPER_ROOT,XIRECS,11914.0,7,-1,11907.5,11901.0,11914.0,0.0,True,13.0,buy_aggr,6.5,INTARIAN_PEPPER_ROOT,7,3.0,13.0
910800,,,INTARIAN_PEPPER_ROOT,XIRECS,11901.0,5,-1,11901.0,11901.0,,1.0,False,,mid_trade,0.0,INTARIAN_PEPPER_ROOT,0,,0.0
912400,,,INTARIAN_PEPPER_ROOT,XIRECS,11919.0,7,-1,11912.5,11906.0,11919.0,0.0,True,13.0,buy_aggr,6.5,INTARIAN_PEPPER_ROOT,7,6.0,13.0
914700,,,INTARIAN_PEPPER_ROOT,XIRECS,11921.0,5,-1,11913.0,11905.0,11921.0,0.2592592592592592,True,16.0,buy_aggr,8.0,INTARIAN_PEPPER_ROOT,5,3.0,16.0
918400,,,INTARIAN_PEPPER_ROOT,XIRECS,11925.0,7,-1,11918.5,11912.0,11925.0,0.0,True,13.0,buy_aggr,6.5,INTARIAN_PEPPER_ROOT,7,3.0,13.0
920300,,,INTARIAN_PEPPER_ROOT,XIRECS,11927.0,4,-1,11920.5,11914.0,11927.0,0.0,True,13.0,buy_aggr,6.5,INTARIAN_PEPPER_ROOT,4,3.0,13.0
920900,,,INTARIAN_PEPPER_ROOT,XIRECS,11927.0,5,-1,11919.0,11911.0,11927.0,0.3571428571428571,True,16.0,buy_aggr,8.0,INTARIAN_PEPPER_ROOT,5,3.0,16.0
922500,,,INTARIAN_PEPPER_ROOT,XIRECS,11932.0,3,-1,11924.0,11916.0,11932.0,-0.3939393939393939,True,16.0,buy_aggr,8.0,INTARIAN_PEPPER_ROOT,3,9.0,16.0
922600,,,INTARIAN_PEPPER_ROOT,XIRECS,11916.0,7,-1,11922.5,11916.0,11929.0,0.0,True,13.0,sell_aggr,-6.5,INTARIAN_PEPPER_ROOT,-7,23.0,13.0
927200,,,INTARIAN_PEPPER_ROOT,XIRECS,11930.0,3,-1,11932.0,11930.0,11934.0,-0.5714285714285714,True,4.0,sell_aggr,-2.0,INTARIAN_PEPPER_ROOT,-3,5.0,4.0
929900,,,INTARIAN_PEPPER_ROOT,XIRECS,11933.0,7,-1,11936.0,11933.0,11939.0,-0.5333333333333333,True,6.0,sell_aggr,-3.0,INTARIAN_PEPPER_ROOT,-7,3.0,6.0
933500,,,INTARIAN_PEPPER_ROOT,XIRECS,11940.0,6,-1,11933.5,11927.0,11940.0,0.0,True,13.0,buy_aggr,6.5,INTARIAN_PEPPER_ROOT,6,3.0,13.0
936600,,,INTARIAN_PEPPER_ROOT,XIRECS,11933.0,8,-1,11931.5,11930.0,11933.0,0.2,True,3.0,buy_aggr,1.5,INTARIAN_PEPPER_ROOT,8,-17.0,3.0
937900,,,INTARIAN_PEPPER_ROOT,XIRECS,11931.0,6,-1,11937.5,11931.0,11944.0,0.0,True,13.0,sell_aggr,-6.5,INTARIAN_PEPPER_ROOT,-6,20.0,13.0
942700,,,INTARIAN_PEPPER_ROOT,XIRECS,11939.0,3,-1,11937.5,11936.0,11939.0,0.6,True,3.0,buy_aggr,1.5,INTARIAN_PEPPER_ROOT,3,-17.0,3.0
947800,,,INTARIAN_PEPPER_ROOT,XIRECS,11941.0,6,-1,11947.5,11941.0,11954.0,0.0,True,13.0,sell_aggr,-6.5,INTARIAN_PEPPER_ROOT,-6,23.0,13.0
948000,,,INTARIAN_PEPPER_ROOT,XIRECS,11954.0,6,-1,11948.0,11942.0,11954.0,0.0,True,12.0,buy_aggr,6.0,INTARIAN_PEPPER_ROOT,6,-1.0,12.0
949700,,,INTARIAN_PEPPER_ROOT,XIRECS,11959.0,4,-1,11951.0,11943.0,11959.0,-0.2857142857142857,True,16.0,buy_aggr,8.0,INTARIAN_PEPPER_ROOT,4,12.0,16.0
957400,,,INTARIAN_PEPPER_ROOT,XIRECS,11953.0,5,-1,11952.0,11951.0,11953.0,0.375,True,2.0,buy_aggr,1.0,INTARIAN_PEPPER_ROOT,5,-19.0,2.0
957900,,,INTARIAN_PEPPER_ROOT,XIRECS,11964.0,6,-1,11957.5,11951.0,11964.0,0.0,True,13.0,buy_aggr,6.5,INTARIAN_PEPPER_ROOT,6,3.0,13.0
959100,,,INTARIAN_PEPPER_ROOT,XIRECS,11962.0,3,-1,11964.0,11962.0,11966.0,-0.5384615384615384,True,4.0,sell_aggr,-2.0,INTARIAN_PEPPER_ROOT,-3,5.0,4.0
964800,,,INTARIAN_PEPPER_ROOT,XIRECS,11958.0,7,-1,11966.0,11958.0,11974.0,-0.2,True,16.0,sell_aggr,-8.0,INTARIAN_PEPPER_ROOT,-7,23.0,16.0
965400,,,INTARIAN_PEPPER_ROOT,XIRECS,11959.0,5,-1,11965.5,11959.0,11972.0,0.0,True,13.0,sell_aggr,-6.5,INTARIAN_PEPPER_ROOT,-5,23.0,13.0
970000,,,INTARIAN_PEPPER_ROOT,XIRECS,11966.0,8,-1,11965.0,11964.0,11966.0,0.0,True,2.0,buy_aggr,1.0,INTARIAN_PEPPER_ROOT,8,-19.0,2.0
973700,,,INTARIAN_PEPPER_ROOT,XIRECS,11980.0,5,-1,11973.5,11967.0,11980.0,0.0,True,13.0,buy_aggr,6.5,INTARIAN_PEPPER_ROOT,5,0.0,13.0
974400,,,INTARIAN_PEPPER_ROOT,XIRECS,11965.0,7,-1,11973.0,11965.0,11981.0,0.2307692307692307,True,16.0,sell_aggr,-8.0,INTARIAN_PEPPER_ROOT,-7,29.0,16.0
976300,,,INTARIAN_PEPPER_ROOT,XIRECS,11983.0,5,-1,11983.0,,11983.0,-1.0,False,,mid_trade,0.0,INTARIAN_PEPPER_ROOT,0,,0.0
976700,,,INTARIAN_PEPPER_ROOT,XIRECS,11983.0,3,-1,11976.5,11970.0,11983.0,0.0,True,13.0,buy_aggr,6.5,INTARIAN_PEPPER_ROOT,3,3.0,13.0
977200,,,INTARIAN_PEPPER_ROOT,XIRECS,11973.0,5,-1,11972.0,11971.0,11973.0,0.4117647058823529,True,2.0,buy_aggr,1.0,INTARIAN_PEPPER_ROOT,5,-19.0,2.0
978200,,,INTARIAN_PEPPER_ROOT,XIRECS,11985.0,6,-1,11978.5,11972.0,11985.0,0.0,True,13.0,buy_aggr,6.5,INTARIAN_PEPPER_ROOT,6,6.0,13.0
981200,,,INTARIAN_PEPPER_ROOT,XIRECS,11977.0,3,-1,11976.0,11975.0,11977.0,0.5714285714285714,True,2.0,buy_aggr,1.0,INTARIAN_PEPPER_ROOT,3,-19.0,2.0
982800,,,INTARIAN_PEPPER_ROOT,XIRECS,11976.0,6,-1,11982.5,11976.0,11989.0,0.0,True,13.0,sell_aggr,-6.5,INTARIAN_PEPPER_ROOT,-6,23.0,13.0
987400,,,INTARIAN_PEPPER_ROOT,XIRECS,11978.0,3,-1,11986.0,11978.0,11994.0,0.3714285714285714,True,16.0,sell_aggr,-8.0,INTARIAN_PEPPER_ROOT,-3,29.0,16.0
989700,,,INTARIAN_PEPPER_ROOT,XIRECS,11983.0,4,-1,11989.5,11983.0,11996.0,0.0,True,13.0,sell_aggr,-6.5,INTARIAN_PEPPER_ROOT,-4,26.0,13.0
990900,,,INTARIAN_PEPPER_ROOT,XIRECS,11984.0,6,-1,11990.5,11984.0,11997.0,0.0,True,13.0,sell_aggr,-6.5,INTARIAN_PEPPER_ROOT,-6,23.0,13.0
994200,,,INTARIAN_PEPPER_ROOT,XIRECS,11988.0,3,-1,11994.5,11988.0,12001.0,0.0,True,13.0,sell_aggr,-6.5,INTARIAN_PEPPER_ROOT,-3,20.0,13.0
995100,,,INTARIAN_PEPPER_ROOT,XIRECS,11998.0,7,-1,12001.5,11998.0,12005.0,-0.5172413793103449,True,7.0,sell_aggr,-3.5,INTARIAN_PEPPER_ROOT,-7,,7.0
4400,,,INTARIAN_PEPPER_ROOT,XIRECS,12011.0,5,0,12003.0,11995.0,12011.0,0.375,True,16.0,buy_aggr,8.0,INTARIAN_PEPPER_ROOT,5,3.0,16.0
4800,,,INTARIAN_PEPPER_ROOT,XIRECS,12008.0,3,0,12002.5,11998.0,12007.0,0.4666666666666667,True,9.0,buy_aggr,5.5,INTARIAN_PEPPER_ROOT,3,-3.0,11.0
5000,,,INTARIAN_PEPPER_ROOT,XIRECS,11998.0,5,0,12006.5,11998.0,12015.0,-0.3939393939393939,True,17.0,sell_aggr,-8.5,INTARIAN_PEPPER_ROOT,-5,24.0,17.0
17400,,,INTARIAN_PEPPER_ROOT,XIRECS,12013.0,3,0,12019.0,12014.0,12024.0,-0.2,True,10.0,sell_aggr,-6.0,INTARIAN_PEPPER_ROOT,-3,19.0,12.0
23000,,,INTARIAN_PEPPER_ROOT,XIRECS,12016.0,4,0,12023.0,12016.0,12030.0,0.0,True,14.0,sell_aggr,-7.0,INTARIAN_PEPPER_ROOT,-4,21.0,14.0
23100,,,INTARIAN_PEPPER_ROOT,XIRECS,12019.0,4,0,12018.0,12017.0,12019.0,0.4285714285714285,True,2.0,buy_aggr,1.0,INTARIAN_PEPPER_ROOT,4,-19.0,2.0
30400,,,INTARIAN_PEPPER_ROOT,XIRECS,12037.0,6,0,12030.5,12024.0,12037.0,0.0,True,13.0,buy_aggr,6.5,INTARIAN_PEPPER_ROOT,6,3.0,13.0
34400,,,INTARIAN_PEPPER_ROOT,XIRECS,12041.0,3,0,12034.5,12028.0,12041.0,0.0,True,13.0,buy_aggr,6.5,INTARIAN_PEPPER_ROOT,3,3.0,13.0
35700,,,INTARIAN_PEPPER_ROOT,XIRECS,12039.0,3,0,12042.0,12039.0,12045.0,-0.7391304347826086,True,6.0,sell_aggr,-3.0,INTARIAN_PEPPER_ROOT,-3,9.0,6.0
35700,,,INTARIAN_PEPPER_ROOT,XIRECS,12045.0,7,0,12042.0,12039.0,12045.0,-0.7391304347826086,True,6.0,buy_aggr,3.0,INTARIAN_PEPPER_ROOT,7,3.0,6.0
35800,,,INTARIAN_PEPPER_ROOT,XIRECS,12032.0,7,0,12032.0,,12032.0,-1.0,False,,mid_trade,0.0,INTARIAN_PEPPER_ROOT,0,,0.0
38500,,,INTARIAN_PEPPER_ROOT,XIRECS,12032.0,5,0,12038.5,12032.0,12045.0,0.0,True,13.0,sell_aggr,-6.5,INTARIAN_PEPPER_ROOT,-5,23.0,13.0
42800,,,INTARIAN_PEPPER_ROOT,XIRECS,12049.0,5,0,12042.5,12036.0,12049.0,0.0,True,13.0,buy_aggr,6.5,INTARIAN_PEPPER_ROOT,5,3.0,13.0
44700,,,INTARIAN_PEPPER_ROOT,XIRECS,12041.0,8,0,12038.0,12035.0,12041.0,0.4666666666666667,True,6.0,buy_aggr,3.0,INTARIAN_PEPPER_ROOT,8,-17.0,6.0
51400,,,INTARIAN_PEPPER_ROOT,XIRECS,12045.0,4,0,12045.0,12045.0,,1.0,False,,mid_trade,0.0,INTARIAN_PEPPER_ROOT,0,,0.0
52600,,,INTARIAN_PEPPER_ROOT,XIRECS,12056.0,8,0,12057.5,12056.0,12059.0,-0.1111111111111111,True,3.0,sell_aggr,-1.5,INTARIAN_PEPPER_ROOT,-8,3.0,3.0
57000,,,INTARIAN_PEPPER_ROOT,XIRECS,12067.0,4,0,12057.0,12047.0,12067.0,0.0,True,20.0,buy_aggr,10.0,INTARIAN_PEPPER_ROOT,4,13.0,20.0
64300,,,INTARIAN_PEPPER_ROOT,XIRECS,12060.0,3,0,12059.0,12058.0,12060.0,0.5384615384615384,True,2.0,buy_aggr,1.0,INTARIAN_PEPPER_ROOT,3,-19.0,2.0
67600,,,INTARIAN_PEPPER_ROOT,XIRECS,12071.0,4,0,12072.5,12071.0,12074.0,-0.3846153846153846,True,3.0,sell_aggr,-1.5,INTARIAN_PEPPER_ROOT,-4,3.0,3.0
70400,,,INTARIAN_PEPPER_ROOT,XIRECS,12074.0,5,0,12075.5,12074.0,12077.0,-0.2857142857142857,True,3.0,sell_aggr,-1.5,INTARIAN_PEPPER_ROOT,-5,0.0,3.0
71500,,,INTARIAN_PEPPER_ROOT,XIRECS,12067.0,4,0,12066.0,12065.0,12067.0,0.4285714285714285,True,2.0,buy_aggr,1.0,INTARIAN_PEPPER_ROOT,4,-19.0,2.0
73700,,,INTARIAN_PEPPER_ROOT,XIRECS,12067.0,4,0,12073.5,12067.0,12080.0,0.0,True,13.0,sell_aggr,-6.5,INTARIAN_PEPPER_ROOT,-4,23.0,13.0
77200,,,INTARIAN_PEPPER_ROOT,XIRECS,12071.0,3,0,12077.5,12071.0,12084.0,0.0,True,13.0,sell_aggr,-6.5,INTARIAN_PEPPER_ROOT,-3,23.0,13.0
80200,,,INTARIAN_PEPPER_ROOT,XIRECS,12074.0,5,0,12080.5,12074.0,12087.0,0.0,True,13.0,sell_aggr,-6.5,INTARIAN_PEPPER_ROOT,-5,23.0,13.0
84400,,,INTARIAN_PEPPER_ROOT,XIRECS,12088.0,5,0,12089.5,12088.0,12091.0,-0.3333333333333333,True,3.0,sell_aggr,-1.5,INTARIAN_PEPPER_ROOT,-5,3.0,3.0
84600,,,INTARIAN_PEPPER_ROOT,XIRECS,12091.0,6,0,12084.5,12078.0,12091.0,0.0,True,13.0,buy_aggr,6.5,INTARIAN_PEPPER_ROOT,6,3.0,13.0
84800,,,INTARIAN_PEPPER_ROOT,XIRECS,12088.0,5,0,12089.5,12088.0,12091.0,-0.2307692307692307,True,3.0,sell_aggr,-1.5,INTARIAN_PEPPER_ROOT,-5,3.0,3.0
87400,,,INTARIAN_PEPPER_ROOT,XIRECS,12081.0,3,0,12089.0,12081.0,12097.0,-0.1428571428571428,True,16.0,sell_aggr,-8.0,INTARIAN_PEPPER_ROOT,-3,20.0,16.0
91700,,,INTARIAN_PEPPER_ROOT,XIRECS,12088.0,8,0,12086.5,12085.0,12088.0,0.1578947368421052,True,3.0,buy_aggr,1.5,INTARIAN_PEPPER_ROOT,8,-20.0,3.0
92500,,,INTARIAN_PEPPER_ROOT,XIRECS,12099.0,7,0,12092.5,12086.0,12099.0,0.0,True,13.0,buy_aggr,6.5,INTARIAN_PEPPER_ROOT,7,3.0,13.0
97200,,,INTARIAN_PEPPER_ROOT,XIRECS,12104.0,7,0,12102.0,12100.0,12104.0,-0.2222222222222222,True,4.0,buy_aggr,2.0,INTARIAN_PEPPER_ROOT,7,6.0,4.0
107000,,,INTARIAN_PEPPER_ROOT,XIRECS,12114.0,7,0,12107.0,12100.0,12114.0,0.0,True,14.0,buy_aggr,7.0,INTARIAN_PEPPER_ROOT,7,4.0,14.0
108800,,,INTARIAN_PEPPER_ROOT,XIRECS,12112.0,3,0,12113.5,12112.0,12115.0,-0.4545454545454545,True,3.0,sell_aggr,-1.5,INTARIAN_PEPPER_ROOT,-3,3.0,3.0
109800,,,INTARIAN_PEPPER_ROOT,XIRECS,12116.0,4,0,12114.5,12113.0,12116.0,-0.4545454545454545,True,3.0,buy_aggr,1.5,INTARIAN_PEPPER_ROOT,4,3.0,3.0
109800,,,INTARIAN_PEPPER_ROOT,XIRECS,12113.0,3,0,12114.5,12113.0,12116.0,-0.4545454545454545,True,3.0,sell_aggr,-1.5,INTARIAN_PEPPER_ROOT,-3,3.0,3.0
117500,,,INTARIAN_PEPPER_ROOT,XIRECS,12111.0,6,0,12111.0,12111.0,,1.0,False,,mid_trade,0.0,INTARIAN_PEPPER_ROOT,0,,0.0
120100,,,INTARIAN_PEPPER_ROOT,XIRECS,12127.0,4,0,12120.5,12114.0,12127.0,0.0,True,13.0,buy_aggr,6.5,INTARIAN_PEPPER_ROOT,4,0.0,13.0
122400,,,INTARIAN_PEPPER_ROOT,XIRECS,12129.0,7,0,12122.5,12116.0,12129.0,0.0,True,13.0,buy_aggr,6.5,INTARIAN_PEPPER_ROOT,7,6.0,13.0
127800,,,INTARIAN_PEPPER_ROOT,XIRECS,12121.0,3,0,12127.5,12121.0,12134.0,0.0,True,13.0,sell_aggr,-6.5,INTARIAN_PEPPER_ROOT,-3,23.0,13.0
129500,,,INTARIAN_PEPPER_ROOT,XIRECS,12136.0,3,0,12128.0,12120.0,12136.0,0.5,True,16.0,buy_aggr,8.0,INTARIAN_PEPPER_ROOT,3,3.0,16.0
131100,,,INTARIAN_PEPPER_ROOT,XIRECS,12138.0,4,0,12131.5,12125.0,12138.0,0.0,True,13.0,buy_aggr,6.5,INTARIAN_PEPPER_ROOT,4,3.0,13.0
132300,,,INTARIAN_PEPPER_ROOT,XIRECS,12126.0,3,0,12134.0,12126.0,12142.0,-0.4193548387096774,True,16.0,sell_aggr,-8.0,INTARIAN_PEPPER_ROOT,-3,23.0,16.0
138000,,,INTARIAN_PEPPER_ROOT,XIRECS,12131.0,4,0,12138.0,12131.0,12145.0,0.0,True,14.0,sell_aggr,-7.0,INTARIAN_PEPPER_ROOT,-4,24.0,14.0
138700,,,INTARIAN_PEPPER_ROOT,XIRECS,12142.0,3,0,12145.0,12142.0,12148.0,-0.7142857142857143,True,6.0,sell_aggr,-3.0,INTARIAN_PEPPER_ROOT,-3,3.0,6.0
141900,,,INTARIAN_PEPPER_ROOT,XIRECS,12135.0,4,0,12141.5,12135.0,12148.0,0.0,True,13.0,sell_aggr,-6.5,INTARIAN_PEPPER_ROOT,-4,23.0,13.0
142300,,,INTARIAN_PEPPER_ROOT,XIRECS,12145.0,6,0,12147.0,12145.0,12149.0,-0.2,True,4.0,sell_aggr,-2.0,INTARIAN_PEPPER_ROOT,-6,5.0,4.0
148200,,,INTARIAN_PEPPER_ROOT,XIRECS,12142.0,7,0,12148.5,12142.0,12155.0,0.0,True,13.0,sell_aggr,-6.5,INTARIAN_PEPPER_ROOT,-7,23.0,13.0
164100,,,INTARIAN_PEPPER_ROOT,XIRECS,12167.0,5,0,12169.0,12167.0,12171.0,-0.2857142857142857,True,4.0,sell_aggr,-2.0,INTARIAN_PEPPER_ROOT,-5,5.0,4.0
164200,,,INTARIAN_PEPPER_ROOT,XIRECS,12160.0,7,0,12157.5,12155.0,12160.0,0.5483870967741935,True,5.0,buy_aggr,2.5,INTARIAN_PEPPER_ROOT,7,-19.0,5.0
170300,,,INTARIAN_PEPPER_ROOT,XIRECS,12177.0,7,0,12169.0,12161.0,12177.0,0.3043478260869565,True,16.0,buy_aggr,8.0,INTARIAN_PEPPER_ROOT,7,3.0,16.0
170500,,,INTARIAN_PEPPER_ROOT,XIRECS,12174.0,7,0,12175.5,12174.0,12177.0,-0.0666666666666666,True,3.0,sell_aggr,-1.5,INTARIAN_PEPPER_ROOT,-7,3.0,3.0
177900,,,INTARIAN_PEPPER_ROOT,XIRECS,12171.0,5,0,12179.5,12171.0,12188.0,-0.2307692307692307,True,17.0,sell_aggr,-8.5,INTARIAN_PEPPER_ROOT,-5,27.0,17.0
185500,,,INTARIAN_PEPPER_ROOT,XIRECS,12189.0,5,0,12190.5,12189.0,12192.0,-0.4117647058823529,True,3.0,sell_aggr,-1.5,INTARIAN_PEPPER_ROOT,-5,3.0,3.0
191800,,,INTARIAN_PEPPER_ROOT,XIRECS,12182.0,4,0,12190.0,12182.0,12198.0,0.1724137931034483,True,16.0,sell_aggr,-8.0,INTARIAN_PEPPER_ROOT,-4,29.0,16.0
194900,,,INTARIAN_PEPPER_ROOT,XIRECS,12191.0,6,0,12189.5,12188.0,12191.0,0.25,True,3.0,buy_aggr,1.5,INTARIAN_PEPPER_ROOT,6,-17.0,3.0
198600,,,INTARIAN_PEPPER_ROOT,XIRECS,12192.0,5,0,12198.5,12192.0,12205.0,0.0,True,13.0,sell_aggr,-6.5,INTARIAN_PEPPER_ROOT,-5,23.0,13.0
199400,,,INTARIAN_PEPPER_ROOT,XIRECS,12206.0,5,0,12199.5,12193.0,12206.0,0.0,True,13.0,buy_aggr,6.5,INTARIAN_PEPPER_ROOT,5,3.0,13.0
204000,,,INTARIAN_PEPPER_ROOT,XIRECS,12211.0,7,0,12204.0,12197.0,12211.0,0.0,True,14.0,buy_aggr,7.0,INTARIAN_PEPPER_ROOT,7,4.0,14.0
204600,,,INTARIAN_PEPPER_ROOT,XIRECS,12198.0,5,0,12204.5,12198.0,12211.0,0.0,True,13.0,sell_aggr,-6.5,INTARIAN_PEPPER_ROOT,-5,23.0,13.0
207500,,,INTARIAN_PEPPER_ROOT,XIRECS,12214.0,3,0,12207.5,12201.0,12214.0,0.0,True,13.0,buy_aggr,6.5,INTARIAN_PEPPER_ROOT,3,3.0,13.0
212100,,,INTARIAN_PEPPER_ROOT,XIRECS,12215.0,4,0,12217.0,12215.0,12219.0,-0.3846153846153846,True,4.0,sell_aggr,-2.0,INTARIAN_PEPPER_ROOT,-4,4.0,4.0
215000,,,INTARIAN_PEPPER_ROOT,XIRECS,12225.0,7,0,12216.5,12208.0,12225.0,-0.2,True,17.0,buy_aggr,8.5,INTARIAN_PEPPER_ROOT,7,10.0,17.0
217000,,,INTARIAN_PEPPER_ROOT,XIRECS,12224.0,5,0,12215.5,12207.0,12224.0,0.3571428571428571,True,17.0,buy_aggr,8.5,INTARIAN_PEPPER_ROOT,5,7.0,17.0
220600,,,INTARIAN_PEPPER_ROOT,XIRECS,12216.0,4,0,12215.0,12214.0,12216.0,0.3846153846153846,True,2.0,buy_aggr,1.0,INTARIAN_PEPPER_ROOT,4,-22.0,2.0
224300,,,INTARIAN_PEPPER_ROOT,XIRECS,12231.0,3,0,12223.0,12215.0,12231.0,0.4193548387096774,True,16.0,buy_aggr,8.0,INTARIAN_PEPPER_ROOT,3,3.0,16.0
225000,,,INTARIAN_PEPPER_ROOT,XIRECS,12218.0,7,0,12225.0,12218.0,12232.0,0.0,True,14.0,sell_aggr,-7.0,INTARIAN_PEPPER_ROOT,-7,24.0,14.0
234600,,,INTARIAN_PEPPER_ROOT,XIRECS,12241.0,4,0,12234.5,12228.0,12241.0,0.0,True,13.0,buy_aggr,6.5,INTARIAN_PEPPER_ROOT,4,3.0,13.0
237500,,,INTARIAN_PEPPER_ROOT,XIRECS,12244.0,4,0,12237.5,12231.0,12244.0,0.0,True,13.0,buy_aggr,6.5,INTARIAN_PEPPER_ROOT,4,0.0,13.0
239700,,,INTARIAN_PEPPER_ROOT,XIRECS,12246.0,7,0,12239.5,12233.0,12246.0,0.0,True,13.0,buy_aggr,6.5,INTARIAN_PEPPER_ROOT,7,6.0,13.0
242000,,,INTARIAN_PEPPER_ROOT,XIRECS,12249.0,7,0,12242.0,12235.0,12249.0,0.0,True,14.0,buy_aggr,7.0,INTARIAN_PEPPER_ROOT,7,4.0,14.0
243500,,,INTARIAN_PEPPER_ROOT,XIRECS,12247.0,4,0,12248.5,12247.0,12250.0,-0.4285714285714285,True,3.0,sell_aggr,-1.5,INTARIAN_PEPPER_ROOT,-4,3.0,3.0
248700,,,INTARIAN_PEPPER_ROOT,XIRECS,12242.0,4,0,12248.5,12242.0,12255.0,0.0,True,13.0,sell_aggr,-6.5,INTARIAN_PEPPER_ROOT,-4,23.0,13.0
260100,,,INTARIAN_PEPPER_ROOT,XIRECS,12267.0,5,0,12260.0,12253.0,12267.0,0.0,True,14.0,buy_aggr,7.0,INTARIAN_PEPPER_ROOT,5,4.0,14.0
264100,,,INTARIAN_PEPPER_ROOT,XIRECS,12254.0,7,0,12254.0,12254.0,,1.0,False,,mid_trade,0.0,INTARIAN_PEPPER_ROOT,0,,0.0
267500,,,INTARIAN_PEPPER_ROOT,XIRECS,12261.0,3,0,12269.0,12261.0,12277.0,-0.3846153846153846,True,16.0,sell_aggr,-8.0,INTARIAN_PEPPER_ROOT,-3,23.0,16.0
270700,,,INTARIAN_PEPPER_ROOT,XIRECS,12277.0,6,0,12272.5,12268.0,12277.0,0.0434782608695652,True,9.0,buy_aggr,4.5,INTARIAN_PEPPER_ROOT,6,3.0,9.0
271100,,,INTARIAN_PEPPER_ROOT,XIRECS,12267.0,3,0,12273.0,12268.0,12278.0,-0.125,True,10.0,sell_aggr,-6.0,INTARIAN_PEPPER_ROOT,-3,18.0,12.0
274100,,,INTARIAN_PEPPER_ROOT,XIRECS,12270.0,6,0,12268.5,12267.0,12270.0,0.3333333333333333,True,3.0,buy_aggr,1.5,INTARIAN_PEPPER_ROOT,6,-18.0,3.0
282600,,,INTARIAN_PEPPER_ROOT,XIRECS,12286.0,6,0,12289.0,12286.0,12292.0,-0.4545454545454545,True,6.0,sell_aggr,-3.0,INTARIAN_PEPPER_ROOT,-6,3.0,6.0
300000,,,INTARIAN_PEPPER_ROOT,XIRECS,12307.0,7,0,12300.0,12293.0,12307.0,0.0,True,14.0,buy_aggr,7.0,INTARIAN_PEPPER_ROOT,7,4.0,14.0
301400,,,INTARIAN_PEPPER_ROOT,XIRECS,12311.0,7,0,12303.0,12295.0,12311.0,-0.3939393939393939,True,16.0,buy_aggr,8.0,INTARIAN_PEPPER_ROOT,7,9.0,16.0
306000,,,INTARIAN_PEPPER_ROOT,XIRECS,12309.0,5,0,12311.0,12309.0,12313.0,-0.375,True,4.0,sell_aggr,-2.0,INTARIAN_PEPPER_ROOT,-5,4.0,4.0
311200,,,INTARIAN_PEPPER_ROOT,XIRECS,12301.0,3,0,12304.0,12301.0,12307.0,0.5,True,6.0,sell_aggr,-3.0,INTARIAN_PEPPER_ROOT,-3,27.0,6.0
314400,,,INTARIAN_PEPPER_ROOT,XIRECS,12321.0,6,0,12313.0,12305.0,12321.0,0.5151515151515151,True,16.0,buy_aggr,8.0,INTARIAN_PEPPER_ROOT,6,3.0,16.0
327400,,,INTARIAN_PEPPER_ROOT,XIRECS,12321.0,6,0,12327.5,12321.0,12334.0,0.0,True,13.0,sell_aggr,-6.5,INTARIAN_PEPPER_ROOT,-6,20.0,13.0
327600,,,INTARIAN_PEPPER_ROOT,XIRECS,12334.0,3,0,12332.5,12331.0,12334.0,-0.2307692307692307,True,3.0,buy_aggr,1.5,INTARIAN_PEPPER_ROOT,3,-7.0,3.0
331500,,,INTARIAN_PEPPER_ROOT,XIRECS,12325.0,3,0,12331.5,12325.0,12338.0,0.0,True,13.0,sell_aggr,-6.5,INTARIAN_PEPPER_ROOT,-3,23.0,13.0
333200,,,INTARIAN_PEPPER_ROOT,XIRECS,12343.0,7,0,12335.0,12327.0,12343.0,-0.5151515151515151,True,16.0,buy_aggr,8.0,INTARIAN_PEPPER_ROOT,7,9.0,16.0
334400,,,INTARIAN_PEPPER_ROOT,XIRECS,12341.0,3,0,12334.5,12328.0,12341.0,0.0,True,13.0,buy_aggr,6.5,INTARIAN_PEPPER_ROOT,3,3.0,13.0
334700,,,INTARIAN_PEPPER_ROOT,XIRECS,12328.0,3,0,12334.5,12328.0,12341.0,0.0,True,13.0,sell_aggr,-6.5,INTARIAN_PEPPER_ROOT,-3,23.0,13.0
335300,,,INTARIAN_PEPPER_ROOT,XIRECS,12342.0,3,0,12334.0,12326.0,12342.0,0.4375,True,16.0,buy_aggr,8.0,INTARIAN_PEPPER_ROOT,3,3.0,16.0
335400,,,INTARIAN_PEPPER_ROOT,XIRECS,12339.0,6,0,12340.5,12339.0,12342.0,-0.2941176470588235,True,3.0,sell_aggr,-1.5,INTARIAN_PEPPER_ROOT,-6,3.0,3.0
336500,,,INTARIAN_PEPPER_ROOT,XIRECS,12343.0,6,0,12336.5,12330.0,12343.0,0.0,True,13.0,buy_aggr,6.5,INTARIAN_PEPPER_ROOT,6,0.0,13.0
336800,,,INTARIAN_PEPPER_ROOT,XIRECS,12333.0,5,0,12331.5,12330.0,12333.0,0.375,True,3.0,buy_aggr,1.5,INTARIAN_PEPPER_ROOT,5,-17.0,3.0
337400,,,INTARIAN_PEPPER_ROOT,XIRECS,12328.0,7,0,12336.0,12328.0,12344.0,0.4285714285714285,True,16.0,sell_aggr,-8.0,INTARIAN_PEPPER_ROOT,-7,26.0,16.0
344000,,,INTARIAN_PEPPER_ROOT,XIRECS,12340.0,3,0,12338.5,12337.0,12340.0,0.5,True,3.0,buy_aggr,1.5,INTARIAN_PEPPER_ROOT,3,-15.0,3.0
350900,,,INTARIAN_PEPPER_ROOT,XIRECS,12358.0,4,0,12351.0,12344.0,12358.0,0.0,True,14.0,buy_aggr,7.0,INTARIAN_PEPPER_ROOT,4,4.0,14.0
351900,,,INTARIAN_PEPPER_ROOT,XIRECS,12345.0,7,0,12353.5,12345.0,12362.0,-0.4545454545454545,True,17.0,sell_aggr,-8.5,INTARIAN_PEPPER_ROOT,-7,24.0,17.0
352300,,,INTARIAN_PEPPER_ROOT,XIRECS,12356.0,8,0,12357.5,12356.0,12359.0,-0.1578947368421052,True,3.0,sell_aggr,-1.5,INTARIAN_PEPPER_ROOT,-8,3.0,3.0
352500,,,INTARIAN_PEPPER_ROOT,XIRECS,12359.0,6,0,12352.5,12346.0,12359.0,0.0,True,13.0,buy_aggr,6.5,INTARIAN_PEPPER_ROOT,6,0.0,13.0
354000,,,INTARIAN_PEPPER_ROOT,XIRECS,12361.0,6,0,12352.5,12344.0,12361.0,0.3333333333333333,True,17.0,buy_aggr,8.5,INTARIAN_PEPPER_ROOT,6,12.0,17.0
356800,,,INTARIAN_PEPPER_ROOT,XIRECS,12350.0,6,0,12356.5,12350.0,12363.0,0.0,True,13.0,sell_aggr,-6.5,INTARIAN_PEPPER_ROOT,-6,23.0,13.0
358000,,,INTARIAN_PEPPER_ROOT,XIRECS,12351.0,3,0,12358.0,12351.0,12365.0,0.0,True,14.0,sell_aggr,-7.0,INTARIAN_PEPPER_ROOT,-3,24.0,14.0
360800,,,INTARIAN_PEPPER_ROOT,XIRECS,12367.0,5,0,12359.0,12351.0,12367.0,0.4117647058823529,True,16.0,buy_aggr,8.0,INTARIAN_PEPPER_ROOT,5,-1.0,16.0
361600,,,INTARIAN_PEPPER_ROOT,XIRECS,12357.0,5,0,12356.0,12355.0,12357.0,0.375,True,2.0,buy_aggr,1.0,INTARIAN_PEPPER_ROOT,5,-19.0,2.0
365400,,,INTARIAN_PEPPER_ROOT,XIRECS,12361.0,7,0,12360.0,12359.0,12361.0,0.2631578947368421,True,2.0,buy_aggr,1.0,INTARIAN_PEPPER_ROOT,7,-19.0,2.0
367300,,,INTARIAN_PEPPER_ROOT,XIRECS,12361.0,5,0,12367.5,12361.0,12374.0,0.0,True,13.0,sell_aggr,-6.5,INTARIAN_PEPPER_ROOT,-5,12.0,13.0
370900,,,INTARIAN_PEPPER_ROOT,XIRECS,12378.0,4,0,12371.0,12364.0,12378.0,0.0,True,14.0,buy_aggr,7.0,INTARIAN_PEPPER_ROOT,4,1.0,14.0
371200,,,INTARIAN_PEPPER_ROOT,XIRECS,12365.0,3,0,12371.5,12365.0,12378.0,0.0,True,13.0,sell_aggr,-6.5,INTARIAN_PEPPER_ROOT,-3,23.0,13.0
372300,,,INTARIAN_PEPPER_ROOT,XIRECS,12368.0,6,0,12367.0,12366.0,12368.0,0.2,True,2.0,buy_aggr,1.0,INTARIAN_PEPPER_ROOT,6,-19.0,2.0
374600,,,INTARIAN_PEPPER_ROOT,XIRECS,12381.0,3,0,12373.0,12365.0,12381.0,0.4285714285714285,True,16.0,buy_aggr,8.0,INTARIAN_PEPPER_ROOT,3,3.0,16.0
376700,,,INTARIAN_PEPPER_ROOT,XIRECS,12372.0,7,0,12369.5,12367.0,12372.0,0.5333333333333333,True,5.0,buy_aggr,2.5,INTARIAN_PEPPER_ROOT,7,-23.0,5.0
380800,,,INTARIAN_PEPPER_ROOT,XIRECS,12387.0,3,0,12380.5,12374.0,12387.0,0.0,True,13.0,buy_aggr,6.5,INTARIAN_PEPPER_ROOT,3,3.0,13.0
399100,,,INTARIAN_PEPPER_ROOT,XIRECS,12392.0,3,0,12399.0,12392.0,12406.0,0.0,True,14.0,sell_aggr,-7.0,INTARIAN_PEPPER_ROOT,-3,24.0,14.0
401000,,,INTARIAN_PEPPER_ROOT,XIRECS,12397.0,8,0,12395.5,12394.0,12397.0,0.1578947368421052,True,3.0,buy_aggr,1.5,INTARIAN_PEPPER_ROOT,8,-7.0,3.0
415200,,,INTARIAN_PEPPER_ROOT,XIRECS,12425.0,6,0,12416.5,12408.0,12425.0,-0.4375,True,17.0,buy_aggr,8.5,INTARIAN_PEPPER_ROOT,6,13.0,17.0
419000,,,INTARIAN_PEPPER_ROOT,XIRECS,12412.0,6,0,12419.0,12412.0,12426.0,0.0,True,14.0,sell_aggr,-7.0,INTARIAN_PEPPER_ROOT,-6,24.0,14.0
419200,,,INTARIAN_PEPPER_ROOT,XIRECS,12426.0,4,0,12419.0,12412.0,12426.0,0.0,True,14.0,buy_aggr,7.0,INTARIAN_PEPPER_ROOT,4,4.0,14.0
420300,,,INTARIAN_PEPPER_ROOT,XIRECS,12414.0,7,0,12420.5,12414.0,12427.0,0.0,True,13.0,sell_aggr,-6.5,INTARIAN_PEPPER_ROOT,-7,36.0,13.0
423300,,,INTARIAN_PEPPER_ROOT,XIRECS,12417.0,6,0,12423.5,12417.0,12430.0,0.0,True,13.0,sell_aggr,-6.5,INTARIAN_PEPPER_ROOT,-6,19.0,13.0
424900,,,INTARIAN_PEPPER_ROOT,XIRECS,12432.0,7,0,12425.0,12418.0,12432.0,0.0,True,14.0,buy_aggr,7.0,INTARIAN_PEPPER_ROOT,7,4.0,14.0
427600,,,INTARIAN_PEPPER_ROOT,XIRECS,12421.0,7,0,12427.5,12421.0,12434.0,0.0,True,13.0,sell_aggr,-6.5,INTARIAN_PEPPER_ROOT,-7,20.0,13.0
432100,,,INTARIAN_PEPPER_ROOT,XIRECS,12428.0,8,0,12434.0,12429.0,12439.0,-0.5714285714285714,True,10.0,sell_aggr,-6.0,INTARIAN_PEPPER_ROOT,-8,15.0,12.0
436100,,,INTARIAN_PEPPER_ROOT,XIRECS,12439.0,5,0,12441.0,12439.0,12443.0,-0.2857142857142857,True,4.0,sell_aggr,-2.0,INTARIAN_PEPPER_ROOT,-5,4.0,4.0
437600,,,INTARIAN_PEPPER_ROOT,XIRECS,12428.0,3,0,12436.0,12428.0,12444.0,0.3548387096774194,True,16.0,sell_aggr,-8.0,INTARIAN_PEPPER_ROOT,-3,26.0,16.0
440800,,,INTARIAN_PEPPER_ROOT,XIRECS,12434.0,4,0,12434.0,12434.0,,1.0,False,,mid_trade,0.0,INTARIAN_PEPPER_ROOT,0,,0.0
447800,,,INTARIAN_PEPPER_ROOT,XIRECS,12455.0,5,0,12448.0,12441.0,12455.0,0.0,True,14.0,buy_aggr,7.0,INTARIAN_PEPPER_ROOT,5,4.0,14.0
453000,,,INTARIAN_PEPPER_ROOT,XIRECS,12456.0,3,0,12459.5,12456.0,12463.0,-0.7272727272727273,True,7.0,sell_aggr,-3.5,INTARIAN_PEPPER_ROOT,-3,4.0,7.0
453800,,,INTARIAN_PEPPER_ROOT,XIRECS,12450.0,7,0,12447.0,12444.0,12450.0,0.5333333333333333,True,6.0,buy_aggr,3.0,INTARIAN_PEPPER_ROOT,7,-18.0,6.0
456100,,,INTARIAN_PEPPER_ROOT,XIRECS,12446.0,6,0,12456.0,12446.0,12466.0,0.0,True,20.0,sell_aggr,-10.0,INTARIAN_PEPPER_ROOT,-6,30.0,20.0
457000,,,INTARIAN_PEPPER_ROOT,XIRECS,12447.0,6,0,12457.0,12447.0,12467.0,0.0,True,20.0,sell_aggr,-10.0,INTARIAN_PEPPER_ROOT,-6,30.0,20.0
457600,,,INTARIAN_PEPPER_ROOT,XIRECS,12461.0,3,0,12462.5,12461.0,12464.0,-0.4545454545454545,True,3.0,sell_aggr,-1.5,INTARIAN_PEPPER_ROOT,-3,10.0,3.0
458700,,,INTARIAN_PEPPER_ROOT,XIRECS,12469.0,7,0,12469.0,,12469.0,-1.0,False,,mid_trade,0.0,INTARIAN_PEPPER_ROOT,0,,0.0
459600,,,INTARIAN_PEPPER_ROOT,XIRECS,12453.0,6,0,12459.5,12453.0,12466.0,0.0,True,13.0,sell_aggr,-6.5,INTARIAN_PEPPER_ROOT,-6,23.0,13.0
461900,,,INTARIAN_PEPPER_ROOT,XIRECS,12469.0,5,0,12462.0,12455.0,12469.0,0.0,True,14.0,buy_aggr,7.0,INTARIAN_PEPPER_ROOT,5,4.0,14.0
464300,,,INTARIAN_PEPPER_ROOT,XIRECS,12471.0,3,0,12462.5,12454.0,12471.0,0.1538461538461538,True,17.0,buy_aggr,8.5,INTARIAN_PEPPER_ROOT,3,7.0,17.0
466000,,,INTARIAN_PEPPER_ROOT,XIRECS,12462.0,3,0,12460.5,12459.0,12462.0,0.5384615384615384,True,3.0,buy_aggr,1.5,INTARIAN_PEPPER_ROOT,3,-15.0,3.0
467300,,,INTARIAN_PEPPER_ROOT,XIRECS,12461.0,3,0,12467.5,12461.0,12474.0,0.0,True,13.0,sell_aggr,-6.5,INTARIAN_PEPPER_ROOT,-3,23.0,13.0
469000,,,INTARIAN_PEPPER_ROOT,XIRECS,12462.0,6,0,12469.0,12462.0,12476.0,0.0,True,14.0,sell_aggr,-7.0,INTARIAN_PEPPER_ROOT,-6,34.0,14.0
473000,,,INTARIAN_PEPPER_ROOT,XIRECS,12476.0,4,0,12478.0,12476.0,12480.0,-0.5,True,4.0,sell_aggr,-2.0,INTARIAN_PEPPER_ROOT,-4,4.0,4.0
473600,,,INTARIAN_PEPPER_ROOT,XIRECS,12467.0,5,0,12473.5,12467.0,12480.0,0.0,True,13.0,sell_aggr,-6.5,INTARIAN_PEPPER_ROOT,-5,23.0,13.0
474000,,,INTARIAN_PEPPER_ROOT,XIRECS,12477.0,5,0,12479.0,12477.0,12481.0,-0.3333333333333333,True,4.0,sell_aggr,-2.0,INTARIAN_PEPPER_ROOT,-5,7.0,4.0
477600,,,INTARIAN_PEPPER_ROOT,XIRECS,12484.0,5,0,12477.5,12471.0,12484.0,0.0,True,13.0,buy_aggr,6.5,INTARIAN_PEPPER_ROOT,5,3.0,13.0
482100,,,INTARIAN_PEPPER_ROOT,XIRECS,12475.0,5,0,12483.5,12475.0,12492.0,-0.3103448275862069,True,17.0,sell_aggr,-8.5,INTARIAN_PEPPER_ROOT,-5,21.0,17.0
489400,,,INTARIAN_PEPPER_ROOT,XIRECS,12483.0,3,0,12489.5,12483.0,12496.0,0.0,True,13.0,sell_aggr,-6.5,INTARIAN_PEPPER_ROOT,-3,23.0,13.0
490300,,,INTARIAN_PEPPER_ROOT,XIRECS,12484.0,5,0,12492.0,12484.0,12500.0,-0.2903225806451613,True,16.0,sell_aggr,-8.0,INTARIAN_PEPPER_ROOT,-5,26.0,16.0
493800,,,INTARIAN_PEPPER_ROOT,XIRECS,12487.0,4,0,12495.5,12487.0,12504.0,-0.1538461538461538,True,17.0,sell_aggr,-8.5,INTARIAN_PEPPER_ROOT,-4,24.0,17.0
495800,,,INTARIAN_PEPPER_ROOT,XIRECS,12489.0,4,0,12496.0,12489.0,12503.0,0.0,True,14.0,sell_aggr,-7.0,INTARIAN_PEPPER_ROOT,-4,24.0,14.0
500000,,,INTARIAN_PEPPER_ROOT,XIRECS,12503.0,3,0,12505.0,12503.0,12507.0,-0.6,True,4.0,sell_aggr,-2.0,INTARIAN_PEPPER_ROOT,-3,4.0,4.0
501300,,,INTARIAN_PEPPER_ROOT,XIRECS,12505.0,7,0,12506.5,12505.0,12508.0,-0.1764705882352941,True,3.0,sell_aggr,-1.5,INTARIAN_PEPPER_ROOT,-7,3.0,3.0
503300,,,INTARIAN_PEPPER_ROOT,XIRECS,12497.0,6,0,12503.5,12497.0,12510.0,0.0,True,13.0,sell_aggr,-6.5,INTARIAN_PEPPER_ROOT,-6,23.0,13.0
507800,,,INTARIAN_PEPPER_ROOT,XIRECS,12501.0,3,0,12508.0,12501.0,12515.0,0.0,True,14.0,sell_aggr,-7.0,INTARIAN_PEPPER_ROOT,-3,24.0,14.0
509700,,,INTARIAN_PEPPER_ROOT,XIRECS,12503.0,7,0,12511.5,12503.0,12520.0,-0.2666666666666666,True,17.0,sell_aggr,-8.5,INTARIAN_PEPPER_ROOT,-7,23.0,17.0
512800,,,INTARIAN_PEPPER_ROOT,XIRECS,12520.0,5,0,12513.0,12506.0,12520.0,0.0,True,14.0,buy_aggr,7.0,INTARIAN_PEPPER_ROOT,5,7.0,14.0
519200,,,INTARIAN_PEPPER_ROOT,XIRECS,12526.0,7,0,12517.5,12509.0,12526.0,0.4705882352941176,True,17.0,buy_aggr,8.5,INTARIAN_PEPPER_ROOT,7,7.0,17.0
520700,,,INTARIAN_PEPPER_ROOT,XIRECS,12514.0,5,0,12522.5,12514.0,12531.0,-0.2258064516129032,True,17.0,sell_aggr,-8.5,INTARIAN_PEPPER_ROOT,-5,31.0,17.0
521600,,,INTARIAN_PEPPER_ROOT,XIRECS,12515.0,5,0,12521.5,12515.0,12528.0,0.0,True,13.0,sell_aggr,-6.5,INTARIAN_PEPPER_ROOT,-5,23.0,13.0
531600,,,INTARIAN_PEPPER_ROOT,XIRECS,12525.0,4,0,12531.5,12525.0,12538.0,0.0,True,13.0,sell_aggr,-6.5,INTARIAN_PEPPER_ROOT,-4,23.0,13.0
536700,,,INTARIAN_PEPPER_ROOT,XIRECS,12543.0,3,0,12535.0,12527.0,12543.0,0.4705882352941176,True,16.0,buy_aggr,8.0,INTARIAN_PEPPER_ROOT,3,3.0,16.0
539900,,,INTARIAN_PEPPER_ROOT,XIRECS,12533.0,6,0,12540.0,12533.0,12547.0,0.0,True,14.0,sell_aggr,-7.0,INTARIAN_PEPPER_ROOT,-6,24.0,14.0
544700,,,INTARIAN_PEPPER_ROOT,XIRECS,12548.0,8,0,12549.5,12548.0,12551.0,-0.0588235294117647,True,3.0,sell_aggr,-1.5,INTARIAN_PEPPER_ROOT,-8,3.0,3.0
545100,,,INTARIAN_PEPPER_ROOT,XIRECS,12552.0,7,0,12545.0,12538.0,12552.0,0.0,True,14.0,buy_aggr,7.0,INTARIAN_PEPPER_ROOT,7,4.0,14.0
555700,,,INTARIAN_PEPPER_ROOT,XIRECS,12551.0,7,0,12550.0,12549.0,12551.0,0.2222222222222222,True,2.0,buy_aggr,1.0,INTARIAN_PEPPER_ROOT,7,-16.0,2.0
556000,,,INTARIAN_PEPPER_ROOT,XIRECS,12549.0,3,0,12556.0,12549.0,12563.0,0.0,True,14.0,sell_aggr,-7.0,INTARIAN_PEPPER_ROOT,-3,24.0,14.0
556700,,,INTARIAN_PEPPER_ROOT,XIRECS,12552.0,8,0,12551.0,12550.0,12552.0,0.2,True,2.0,buy_aggr,1.0,INTARIAN_PEPPER_ROOT,8,-19.0,2.0
556800,,,INTARIAN_PEPPER_ROOT,XIRECS,12564.0,3,0,12557.0,12550.0,12564.0,0.0,True,14.0,buy_aggr,7.0,INTARIAN_PEPPER_ROOT,3,1.0,14.0
561300,,,INTARIAN_PEPPER_ROOT,XIRECS,12557.0,3,0,12556.0,12555.0,12557.0,0.5714285714285714,True,2.0,buy_aggr,1.0,INTARIAN_PEPPER_ROOT,3,-19.0,2.0
564900,,,INTARIAN_PEPPER_ROOT,XIRECS,12561.0,6,0,12558.0,12555.0,12561.0,0.4545454545454545,True,6.0,buy_aggr,3.0,INTARIAN_PEPPER_ROOT,6,-18.0,6.0
566100,,,INTARIAN_PEPPER_ROOT,XIRECS,12562.0,3,0,12560.5,12559.0,12562.0,0.5714285714285714,True,3.0,buy_aggr,1.5,INTARIAN_PEPPER_ROOT,3,-18.0,3.0
566700,,,INTARIAN_PEPPER_ROOT,XIRECS,12560.0,3,0,12566.5,12560.0,12573.0,0.0,True,13.0,sell_aggr,-6.5,INTARIAN_PEPPER_ROOT,-3,23.0,13.0
570000,,,INTARIAN_PEPPER_ROOT,XIRECS,12577.0,5,0,12570.0,12563.0,12577.0,0.0,True,14.0,buy_aggr,7.0,INTARIAN_PEPPER_ROOT,5,4.0,14.0
573500,,,INTARIAN_PEPPER_ROOT,XIRECS,12569.0,5,0,12568.0,12567.0,12569.0,0.375,True,2.0,buy_aggr,1.0,INTARIAN_PEPPER_ROOT,5,-16.0,2.0
579600,,,INTARIAN_PEPPER_ROOT,XIRECS,12590.0,7,0,12581.5,12573.0,12590.0,-0.3333333333333333,True,17.0,buy_aggr,8.5,INTARIAN_PEPPER_ROOT,7,14.0,17.0
579800,,,INTARIAN_PEPPER_ROOT,XIRECS,12587.0,7,0,12580.0,12573.0,12587.0,0.0,True,14.0,buy_aggr,7.0,INTARIAN_PEPPER_ROOT,7,4.0,14.0
580300,,,INTARIAN_PEPPER_ROOT,XIRECS,12574.0,7,0,12574.0,12574.0,,1.0,False,,mid_trade,0.0,INTARIAN_PEPPER_ROOT,0,,0.0
582300,,,INTARIAN_PEPPER_ROOT,XIRECS,12576.0,5,0,12582.5,12576.0,12589.0,0.0,True,13.0,sell_aggr,-6.5,INTARIAN_PEPPER_ROOT,-5,23.0,13.0
584400,,,INTARIAN_PEPPER_ROOT,XIRECS,12591.0,4,0,12584.5,12578.0,12591.0,0.0,True,13.0,buy_aggr,6.5,INTARIAN_PEPPER_ROOT,4,3.0,13.0
585300,,,INTARIAN_PEPPER_ROOT,XIRECS,12579.0,5,0,12585.5,12579.0,12592.0,0.0,True,13.0,sell_aggr,-6.5,INTARIAN_PEPPER_ROOT,-5,23.0,13.0
590400,,,INTARIAN_PEPPER_ROOT,XIRECS,12600.0,3,0,12592.0,12584.0,12600.0,-0.3333333333333333,True,16.0,buy_aggr,8.0,INTARIAN_PEPPER_ROOT,3,9.0,16.0
593800,,,INTARIAN_PEPPER_ROOT,XIRECS,12601.0,3,0,12592.5,12584.0,12601.0,0.2142857142857142,True,17.0,buy_aggr,8.5,INTARIAN_PEPPER_ROOT,3,4.0,17.0
600500,,,INTARIAN_PEPPER_ROOT,XIRECS,12594.0,6,0,12600.5,12594.0,12607.0,0.0,True,13.0,sell_aggr,-6.5,INTARIAN_PEPPER_ROOT,-6,23.0,13.0
605900,,,INTARIAN_PEPPER_ROOT,XIRECS,12599.0,3,0,12607.5,12599.0,12616.0,-0.1724137931034483,True,17.0,sell_aggr,-8.5,INTARIAN_PEPPER_ROOT,-3,24.0,17.0
610500,,,INTARIAN_PEPPER_ROOT,XIRECS,12604.0,5,0,12610.5,12604.0,12617.0,0.0,True,13.0,sell_aggr,-6.5,INTARIAN_PEPPER_ROOT,-5,23.0,13.0
612300,,,INTARIAN_PEPPER_ROOT,XIRECS,12608.0,8,0,12606.5,12605.0,12608.0,0.1111111111111111,True,3.0,buy_aggr,1.5,INTARIAN_PEPPER_ROOT,8,-18.0,3.0
619500,,,INTARIAN_PEPPER_ROOT,XIRECS,12626.0,7,0,12619.5,12613.0,12626.0,0.0,True,13.0,buy_aggr,6.5,INTARIAN_PEPPER_ROOT,7,3.0,13.0
623400,,,INTARIAN_PEPPER_ROOT,XIRECS,12633.0,6,0,12623.0,12613.0,12633.0,0.0,True,20.0,buy_aggr,10.0,INTARIAN_PEPPER_ROOT,6,9.0,20.0
629200,,,INTARIAN_PEPPER_ROOT,XIRECS,12622.0,4,0,12622.0,12622.0,,1.0,False,,mid_trade,0.0,INTARIAN_PEPPER_ROOT,0,,0.0
631100,,,INTARIAN_PEPPER_ROOT,XIRECS,12624.0,6,0,12632.5,12624.0,12641.0,-0.2,True,17.0,sell_aggr,-8.5,INTARIAN_PEPPER_ROOT,-6,21.0,17.0
634400,,,INTARIAN_PEPPER_ROOT,XIRECS,12638.0,5,0,12639.5,12638.0,12641.0,-0.2307692307692307,True,3.0,sell_aggr,-1.5,INTARIAN_PEPPER_ROOT,-5,6.0,3.0
634500,,,INTARIAN_PEPPER_ROOT,XIRECS,12644.0,6,0,12644.0,,12644.0,-1.0,False,,mid_trade,0.0,INTARIAN_PEPPER_ROOT,0,,0.0
636500,,,INTARIAN_PEPPER_ROOT,XIRECS,12630.0,5,0,12636.5,12630.0,12643.0,0.0,True,13.0,sell_aggr,-6.5,INTARIAN_PEPPER_ROOT,-5,33.0,13.0
637100,,,INTARIAN_PEPPER_ROOT,XIRECS,12647.0,6,0,12638.5,12630.0,12647.0,-0.3333333333333333,True,17.0,buy_aggr,8.5,INTARIAN_PEPPER_ROOT,6,10.0,17.0
639000,,,INTARIAN_PEPPER_ROOT,XIRECS,12646.0,4,0,12639.0,12632.0,12646.0,0.0,True,14.0,buy_aggr,7.0,INTARIAN_PEPPER_ROOT,4,4.0,14.0
639300,,,INTARIAN_PEPPER_ROOT,XIRECS,12632.0,3,0,12639.0,12632.0,12646.0,0.0,True,14.0,sell_aggr,-7.0,INTARIAN_PEPPER_ROOT,-3,24.0,14.0
640000,,,INTARIAN_PEPPER_ROOT,XIRECS,12633.0,4,0,12640.0,12633.0,12647.0,0.0,True,14.0,sell_aggr,-7.0,INTARIAN_PEPPER_ROOT,-4,28.0,14.0
640200,,,INTARIAN_PEPPER_ROOT,XIRECS,12647.0,6,0,12640.0,12633.0,12647.0,0.0,True,14.0,buy_aggr,7.0,INTARIAN_PEPPER_ROOT,6,4.0,14.0
641500,,,INTARIAN_PEPPER_ROOT,XIRECS,12645.0,5,0,12646.5,12645.0,12648.0,-0.3333333333333333,True,3.0,sell_aggr,-1.5,INTARIAN_PEPPER_ROOT,-5,3.0,3.0
642300,,,INTARIAN_PEPPER_ROOT,XIRECS,12652.0,4,0,12643.5,12635.0,12652.0,-0.25,True,17.0,buy_aggr,8.5,INTARIAN_PEPPER_ROOT,4,10.0,17.0
643100,,,INTARIAN_PEPPER_ROOT,XIRECS,12636.0,5,0,12643.0,12636.0,12650.0,0.0,True,14.0,sell_aggr,-7.0,INTARIAN_PEPPER_ROOT,-5,24.0,14.0
646000,,,INTARIAN_PEPPER_ROOT,XIRECS,12653.0,4,0,12644.5,12636.0,12653.0,0.3571428571428571,True,17.0,buy_aggr,8.5,INTARIAN_PEPPER_ROOT,4,4.0,17.0
650200,,,INTARIAN_PEPPER_ROOT,XIRECS,12653.0,6,0,12647.5,12643.0,12652.0,0.6,True,9.0,buy_aggr,5.5,INTARIAN_PEPPER_ROOT,6,-4.0,11.0
653200,,,INTARIAN_PEPPER_ROOT,XIRECS,12663.0,6,0,12654.5,12646.0,12663.0,-0.2307692307692307,True,17.0,buy_aggr,8.5,INTARIAN_PEPPER_ROOT,6,10.0,17.0
656600,,,INTARIAN_PEPPER_ROOT,XIRECS,12663.0,6,0,12656.5,12650.0,12663.0,0.0,True,13.0,buy_aggr,6.5,INTARIAN_PEPPER_ROOT,6,3.0,13.0
660600,,,INTARIAN_PEPPER_ROOT,XIRECS,12654.0,3,0,12660.5,12654.0,12667.0,0.0,True,13.0,sell_aggr,-6.5,INTARIAN_PEPPER_ROOT,-3,24.0,13.0
666100,,,INTARIAN_PEPPER_ROOT,XIRECS,12676.0,4,0,12666.0,12656.0,12676.0,0.0,True,20.0,buy_aggr,10.0,INTARIAN_PEPPER_ROOT,4,10.0,20.0
668400,,,INTARIAN_PEPPER_ROOT,XIRECS,12675.0,4,0,12668.5,12662.0,12675.0,0.0,True,13.0,buy_aggr,6.5,INTARIAN_PEPPER_ROOT,4,3.0,13.0
670000,,,INTARIAN_PEPPER_ROOT,XIRECS,12677.0,7,0,12670.0,12663.0,12677.0,0.0,True,14.0,buy_aggr,7.0,INTARIAN_PEPPER_ROOT,7,1.0,14.0
672400,,,INTARIAN_PEPPER_ROOT,XIRECS,12662.0,3,0,12670.5,12662.0,12679.0,0.2413793103448276,True,17.0,sell_aggr,-8.5,INTARIAN_PEPPER_ROOT,-3,31.0,17.0
673600,,,INTARIAN_PEPPER_ROOT,XIRECS,12677.0,6,0,12678.5,12677.0,12680.0,-0.2,True,3.0,sell_aggr,-1.5,INTARIAN_PEPPER_ROOT,-6,7.0,3.0
677700,,,INTARIAN_PEPPER_ROOT,XIRECS,12671.0,4,0,12679.5,12671.0,12688.0,-0.4545454545454545,True,17.0,sell_aggr,-8.5,INTARIAN_PEPPER_ROOT,-4,24.0,17.0
678000,,,INTARIAN_PEPPER_ROOT,XIRECS,12671.0,3,0,12679.5,12671.0,12688.0,-0.4545454545454545,True,17.0,sell_aggr,-8.5,INTARIAN_PEPPER_ROOT,-3,24.0,17.0
681900,,,INTARIAN_PEPPER_ROOT,XIRECS,12689.0,7,0,12682.0,12675.0,12689.0,0.0,True,14.0,buy_aggr,7.0,INTARIAN_PEPPER_ROOT,7,4.0,14.0
683100,,,INTARIAN_PEPPER_ROOT,XIRECS,12690.0,4,0,12683.0,12676.0,12690.0,0.0,True,14.0,buy_aggr,7.0,INTARIAN_PEPPER_ROOT,4,1.0,14.0
687500,,,INTARIAN_PEPPER_ROOT,XIRECS,12681.0,4,0,12687.5,12681.0,12694.0,0.0,True,13.0,sell_aggr,-6.5,INTARIAN_PEPPER_ROOT,-4,24.0,13.0
687700,,,INTARIAN_PEPPER_ROOT,XIRECS,12683.0,7,0,12683.0,,12683.0,-1.0,False,,mid_trade,0.0,INTARIAN_PEPPER_ROOT,0,,0.0
688200,,,INTARIAN_PEPPER_ROOT,XIRECS,12698.0,3,0,12689.5,12681.0,12698.0,-0.2666666666666666,True,17.0,buy_aggr,8.5,INTARIAN_PEPPER_ROOT,3,10.0,17.0
690100,,,INTARIAN_PEPPER_ROOT,XIRECS,12700.0,6,0,12691.5,12683.0,12700.0,-0.5151515151515151,True,17.0,buy_aggr,8.5,INTARIAN_PEPPER_ROOT,6,7.0,17.0
690400,,,INTARIAN_PEPPER_ROOT,XIRECS,12680.0,3,0,12688.5,12680.0,12697.0,0.2,True,17.0,sell_aggr,-8.5,INTARIAN_PEPPER_ROOT,-3,30.0,17.0
690500,,,INTARIAN_PEPPER_ROOT,XIRECS,12697.0,3,0,12690.5,12684.0,12697.0,0.0,True,13.0,buy_aggr,6.5,INTARIAN_PEPPER_ROOT,3,7.0,13.0
690600,,,INTARIAN_PEPPER_ROOT,XIRECS,12694.0,5,0,12695.5,12694.0,12697.0,-0.2307692307692307,True,3.0,sell_aggr,-1.5,INTARIAN_PEPPER_ROOT,-5,3.0,3.0
691800,,,INTARIAN_PEPPER_ROOT,XIRECS,12685.0,7,0,12693.5,12685.0,12702.0,-0.1851851851851851,True,17.0,sell_aggr,-8.5,INTARIAN_PEPPER_ROOT,-7,24.0,17.0
692200,,,INTARIAN_PEPPER_ROOT,XIRECS,12682.0,4,0,12690.5,12682.0,12699.0,0.375,True,17.0,sell_aggr,-8.5,INTARIAN_PEPPER_ROOT,-4,33.0,17.0
701000,,,INTARIAN_PEPPER_ROOT,XIRECS,12697.0,4,0,12695.5,12694.0,12697.0,0.3333333333333333,True,3.0,buy_aggr,1.5,INTARIAN_PEPPER_ROOT,4,-18.0,3.0
702100,,,INTARIAN_PEPPER_ROOT,XIRECS,12709.0,7,0,12707.0,12705.0,12709.0,-0.2857142857142857,True,4.0,buy_aggr,2.0,INTARIAN_PEPPER_ROOT,7,4.0,4.0
703000,,,INTARIAN_PEPPER_ROOT,XIRECS,12696.0,5,0,12703.0,12696.0,12710.0,0.0,True,14.0,sell_aggr,-7.0,INTARIAN_PEPPER_ROOT,-5,21.0,14.0
708800,,,INTARIAN_PEPPER_ROOT,XIRECS,12716.0,4,0,12716.0,,12716.0,-1.0,False,,mid_trade,0.0,INTARIAN_PEPPER_ROOT,0,,0.0
717400,,,INTARIAN_PEPPER_ROOT,XIRECS,12724.0,4,0,12715.5,12707.0,12724.0,0.25,True,17.0,buy_aggr,8.5,INTARIAN_PEPPER_ROOT,4,3.0,17.0
722300,,,INTARIAN_PEPPER_ROOT,XIRECS,12726.0,4,0,12729.0,12726.0,12732.0,-0.68,True,6.0,sell_aggr,-3.0,INTARIAN_PEPPER_ROOT,-4,-1.0,6.0
724700,,,INTARIAN_PEPPER_ROOT,XIRECS,12732.0,4,0,12723.5,12715.0,12732.0,0.2,True,17.0,buy_aggr,8.5,INTARIAN_PEPPER_ROOT,4,4.0,17.0
727400,,,INTARIAN_PEPPER_ROOT,XIRECS,12734.0,6,0,12727.5,12721.0,12734.0,0.0,True,13.0,buy_aggr,6.5,INTARIAN_PEPPER_ROOT,6,3.0,13.0
727600,,,INTARIAN_PEPPER_ROOT,XIRECS,12734.0,3,0,12727.5,12721.0,12734.0,0.0,True,13.0,buy_aggr,6.5,INTARIAN_PEPPER_ROOT,3,3.0,13.0
728600,,,INTARIAN_PEPPER_ROOT,XIRECS,12722.0,5,0,12722.0,12722.0,,1.0,False,,mid_trade,0.0,INTARIAN_PEPPER_ROOT,0,,0.0
733700,,,INTARIAN_PEPPER_ROOT,XIRECS,12744.0,3,0,12735.5,12727.0,12744.0,-0.3846153846153846,True,17.0,buy_aggr,8.5,INTARIAN_PEPPER_ROOT,3,13.0,17.0
737500,,,INTARIAN_PEPPER_ROOT,XIRECS,12741.0,3,0,12742.5,12741.0,12744.0,-0.5384615384615384,True,3.0,sell_aggr,-1.5,INTARIAN_PEPPER_ROOT,-3,-1.0,3.0
742000,,,INTARIAN_PEPPER_ROOT,XIRECS,12738.0,8,0,12736.5,12735.0,12738.0,0.0588235294117647,True,3.0,buy_aggr,1.5,INTARIAN_PEPPER_ROOT,8,-18.0,3.0
753100,,,INTARIAN_PEPPER_ROOT,XIRECS,12760.0,7,0,12753.0,12746.0,12760.0,0.0,True,14.0,buy_aggr,7.0,INTARIAN_PEPPER_ROOT,7,9.0,14.0
755700,,,INTARIAN_PEPPER_ROOT,XIRECS,12749.0,7,0,12756.0,12749.0,12763.0,0.0,True,14.0,sell_aggr,-7.0,INTARIAN_PEPPER_ROOT,-7,24.0,14.0
755900,,,INTARIAN_PEPPER_ROOT,XIRECS,12766.0,3,0,12757.5,12749.0,12766.0,-0.25,True,17.0,buy_aggr,8.5,INTARIAN_PEPPER_ROOT,3,10.0,17.0
761800,,,INTARIAN_PEPPER_ROOT,XIRECS,12757.0,7,0,12754.5,12752.0,12757.0,0.5625,True,5.0,buy_aggr,2.5,INTARIAN_PEPPER_ROOT,7,-20.0,5.0
763200,,,INTARIAN_PEPPER_ROOT,XIRECS,12770.0,4,0,12763.0,12756.0,12770.0,0.0,True,14.0,buy_aggr,7.0,INTARIAN_PEPPER_ROOT,4,1.0,14.0
763800,,,INTARIAN_PEPPER_ROOT,XIRECS,12771.0,6,0,12764.0,12757.0,12771.0,0.0,True,14.0,buy_aggr,7.0,INTARIAN_PEPPER_ROOT,6,4.0,14.0
764500,,,INTARIAN_PEPPER_ROOT,XIRECS,12758.0,5,0,12764.5,12758.0,12771.0,0.0,True,13.0,sell_aggr,-6.5,INTARIAN_PEPPER_ROOT,-5,23.0,13.0
766000,,,INTARIAN_PEPPER_ROOT,XIRECS,12769.0,4,0,12772.5,12769.0,12776.0,-0.6190476190476191,True,7.0,sell_aggr,-3.5,INTARIAN_PEPPER_ROOT,-4,8.0,7.0
770300,,,INTARIAN_PEPPER_ROOT,XIRECS,12763.0,4,0,12770.0,12763.0,12777.0,0.0,True,14.0,sell_aggr,-7.0,INTARIAN_PEPPER_ROOT,-4,24.0,14.0
775500,,,INTARIAN_PEPPER_ROOT,XIRECS,12779.0,7,0,12780.5,12779.0,12782.0,-0.0666666666666666,True,3.0,sell_aggr,-1.5,INTARIAN_PEPPER_ROOT,-7,3.0,3.0
777000,,,INTARIAN_PEPPER_ROOT,XIRECS,12770.0,6,0,12777.0,12770.0,12784.0,0.0,True,14.0,sell_aggr,-7.0,INTARIAN_PEPPER_ROOT,-6,24.0,14.0
777200,,,INTARIAN_PEPPER_ROOT,XIRECS,12767.0,5,0,12775.5,12767.0,12784.0,0.3125,True,17.0,sell_aggr,-8.5,INTARIAN_PEPPER_ROOT,-5,30.0,17.0
785300,,,INTARIAN_PEPPER_ROOT,XIRECS,12775.0,3,0,12785.0,12775.0,12795.0,0.0,True,20.0,sell_aggr,-10.0,INTARIAN_PEPPER_ROOT,-3,33.0,20.0
787000,,,INTARIAN_PEPPER_ROOT,XIRECS,12790.0,6,0,12792.0,12790.0,12794.0,-0.1428571428571428,True,4.0,sell_aggr,-2.0,INTARIAN_PEPPER_ROOT,-6,4.0,4.0
787500,,,INTARIAN_PEPPER_ROOT,XIRECS,12777.0,4,0,12777.0,12777.0,,1.0,False,,mid_trade,0.0,INTARIAN_PEPPER_ROOT,0,,0.0
793900,,,INTARIAN_PEPPER_ROOT,XIRECS,12801.0,4,0,12794.0,12787.0,12801.0,0.0,True,14.0,buy_aggr,7.0,INTARIAN_PEPPER_ROOT,4,4.0,14.0
796100,,,INTARIAN_PEPPER_ROOT,XIRECS,12799.0,5,0,12801.0,12799.0,12803.0,-0.4117647058823529,True,4.0,sell_aggr,-2.0,INTARIAN_PEPPER_ROOT,-5,8.0,4.0
796500,,,INTARIAN_PEPPER_ROOT,XIRECS,12790.0,5,0,12796.5,12790.0,12803.0,0.0,True,13.0,sell_aggr,-6.5,INTARIAN_PEPPER_ROOT,-5,27.0,13.0
796600,,,INTARIAN_PEPPER_ROOT,XIRECS,12800.0,7,0,12803.5,12800.0,12807.0,-0.391304347826087,True,7.0,sell_aggr,-3.5,INTARIAN_PEPPER_ROOT,-7,3.0,7.0
798600,,,INTARIAN_PEPPER_ROOT,XIRECS,12805.0,5,0,12798.5,12792.0,12805.0,0.0,True,13.0,buy_aggr,6.5,INTARIAN_PEPPER_ROOT,5,-1.0,13.0
806300,,,INTARIAN_PEPPER_ROOT,XIRECS,12799.0,7,0,12807.5,12799.0,12816.0,-0.2142857142857142,True,17.0,sell_aggr,-8.5,INTARIAN_PEPPER_ROOT,-7,24.0,17.0
806400,,,INTARIAN_PEPPER_ROOT,XIRECS,12817.0,3,0,12806.5,12796.0,12817.0,0.0,True,21.0,buy_aggr,10.5,INTARIAN_PEPPER_ROOT,3,12.0,21.0
811900,,,INTARIAN_PEPPER_ROOT,XIRECS,12802.0,6,0,12810.5,12802.0,12819.0,0.3076923076923077,True,17.0,sell_aggr,-8.5,INTARIAN_PEPPER_ROOT,-6,33.0,17.0
813200,,,INTARIAN_PEPPER_ROOT,XIRECS,12803.0,3,0,12811.5,12803.0,12820.0,0.2592592592592592,True,17.0,sell_aggr,-8.5,INTARIAN_PEPPER_ROOT,-3,30.0,17.0
815900,,,INTARIAN_PEPPER_ROOT,XIRECS,12819.0,3,0,12821.0,12819.0,12823.0,-0.6,True,4.0,sell_aggr,-2.0,INTARIAN_PEPPER_ROOT,-3,4.0,4.0
823500,,,INTARIAN_PEPPER_ROOT,XIRECS,12827.0,8,0,12828.5,12827.0,12830.0,-0.2,True,3.0,sell_aggr,-1.5,INTARIAN_PEPPER_ROOT,-8,3.0,3.0
825200,,,INTARIAN_PEPPER_ROOT,XIRECS,12829.0,4,0,12830.5,12829.0,12832.0,-0.3846153846153846,True,3.0,sell_aggr,-1.5,INTARIAN_PEPPER_ROOT,-4,2.0,3.0
825700,,,INTARIAN_PEPPER_ROOT,XIRECS,12829.0,6,0,12831.0,12829.0,12833.0,-0.2,True,4.0,sell_aggr,-2.0,INTARIAN_PEPPER_ROOT,-6,1.0,4.0
829800,,,INTARIAN_PEPPER_ROOT,XIRECS,12820.0,7,0,12828.5,12820.0,12837.0,0.4705882352941176,True,17.0,sell_aggr,-8.5,INTARIAN_PEPPER_ROOT,-7,30.0,17.0
833300,,,INTARIAN_PEPPER_ROOT,XIRECS,12823.0,7,0,12831.5,12823.0,12840.0,0.4117647058823529,True,17.0,sell_aggr,-8.5,INTARIAN_PEPPER_ROOT,-7,27.0,17.0
833400,,,INTARIAN_PEPPER_ROOT,XIRECS,12823.0,3,0,12831.5,12823.0,12840.0,0.2727272727272727,True,17.0,sell_aggr,-8.5,INTARIAN_PEPPER_ROOT,-3,30.0,17.0
837300,,,INTARIAN_PEPPER_ROOT,XIRECS,12844.0,3,0,12844.0,,12844.0,-1.0,False,,mid_trade,0.0,INTARIAN_PEPPER_ROOT,0,,0.0
839500,,,INTARIAN_PEPPER_ROOT,XIRECS,12846.0,6,0,12839.5,12833.0,12846.0,0.0,True,13.0,buy_aggr,6.5,INTARIAN_PEPPER_ROOT,6,3.0,13.0
840900,,,INTARIAN_PEPPER_ROOT,XIRECS,12837.0,8,0,12834.0,12831.0,12837.0,0.5,True,6.0,buy_aggr,3.0,INTARIAN_PEPPER_ROOT,8,-18.0,6.0
842900,,,INTARIAN_PEPPER_ROOT,XIRECS,12836.0,3,0,12843.0,12836.0,12850.0,0.0,True,14.0,sell_aggr,-7.0,INTARIAN_PEPPER_ROOT,-3,21.0,14.0
844300,,,INTARIAN_PEPPER_ROOT,XIRECS,12848.0,7,0,12849.5,12848.0,12851.0,-0.1764705882352941,True,3.0,sell_aggr,-1.5,INTARIAN_PEPPER_ROOT,-7,2.0,3.0
844800,,,INTARIAN_PEPPER_ROOT,XIRECS,12840.0,5,0,12839.0,12838.0,12840.0,0.2307692307692307,True,2.0,buy_aggr,1.0,INTARIAN_PEPPER_ROOT,5,-20.0,2.0
845400,,,INTARIAN_PEPPER_ROOT,XIRECS,12841.0,7,0,12839.5,12838.0,12841.0,0.1764705882352941,True,3.0,buy_aggr,1.5,INTARIAN_PEPPER_ROOT,7,-18.0,3.0
846200,,,INTARIAN_PEPPER_ROOT,XIRECS,12839.0,4,0,12846.0,12839.0,12853.0,0.0,True,14.0,sell_aggr,-7.0,INTARIAN_PEPPER_ROOT,-4,21.0,14.0
846700,,,INTARIAN_PEPPER_ROOT,XIRECS,12857.0,6,0,12848.5,12840.0,12857.0,-0.5,True,17.0,buy_aggr,8.5,INTARIAN_PEPPER_ROOT,6,10.0,17.0
847200,,,INTARIAN_PEPPER_ROOT,XIRECS,12854.0,5,0,12847.0,12840.0,12854.0,0.0,True,14.0,buy_aggr,7.0,INTARIAN_PEPPER_ROOT,5,4.0,14.0
854300,,,INTARIAN_PEPPER_ROOT,XIRECS,12861.0,3,0,12854.0,12847.0,12861.0,0.0,True,14.0,buy_aggr,7.0,INTARIAN_PEPPER_ROOT,3,7.0,14.0
857700,,,INTARIAN_PEPPER_ROOT,XIRECS,12851.0,4,0,12858.0,12851.0,12865.0,0.0,True,14.0,sell_aggr,-7.0,INTARIAN_PEPPER_ROOT,-4,24.0,14.0
858500,,,INTARIAN_PEPPER_ROOT,XIRECS,12852.0,6,0,12858.5,12852.0,12865.0,0.0,True,13.0,sell_aggr,-6.5,INTARIAN_PEPPER_ROOT,-6,19.0,13.0
861000,,,INTARIAN_PEPPER_ROOT,XIRECS,12857.0,4,0,12855.5,12854.0,12857.0,0.5,True,3.0,buy_aggr,1.5,INTARIAN_PEPPER_ROOT,4,-18.0,3.0
861900,,,INTARIAN_PEPPER_ROOT,XIRECS,12855.0,7,0,12862.0,12855.0,12869.0,0.0,True,14.0,sell_aggr,-7.0,INTARIAN_PEPPER_ROOT,-7,27.0,14.0
870000,,,INTARIAN_PEPPER_ROOT,XIRECS,12880.0,7,0,12870.0,12860.0,12880.0,0.0,True,20.0,buy_aggr,10.0,INTARIAN_PEPPER_ROOT,7,10.0,20.0
875800,,,INTARIAN_PEPPER_ROOT,XIRECS,12869.0,3,0,12876.0,12869.0,12883.0,0.0,True,14.0,sell_aggr,-7.0,INTARIAN_PEPPER_ROOT,-3,24.0,14.0
878000,,,INTARIAN_PEPPER_ROOT,XIRECS,12874.0,4,0,12872.5,12871.0,12874.0,0.3846153846153846,True,3.0,buy_aggr,1.5,INTARIAN_PEPPER_ROOT,4,-7.0,3.0
881200,,,INTARIAN_PEPPER_ROOT,XIRECS,12885.0,4,0,12886.5,12885.0,12888.0,-0.3333333333333333,True,3.0,sell_aggr,-1.5,INTARIAN_PEPPER_ROOT,-4,-1.0,3.0
883700,,,INTARIAN_PEPPER_ROOT,XIRECS,12877.0,5,0,12884.0,12877.0,12891.0,0.0,True,14.0,sell_aggr,-7.0,INTARIAN_PEPPER_ROOT,-5,27.0,14.0
886000,,,INTARIAN_PEPPER_ROOT,XIRECS,12889.0,3,0,12892.5,12889.0,12896.0,-0.7272727272727273,True,7.0,sell_aggr,-3.5,INTARIAN_PEPPER_ROOT,-3,4.0,7.0
887000,,,INTARIAN_PEPPER_ROOT,XIRECS,12890.0,4,0,12892.0,12890.0,12894.0,-0.4666666666666667,True,4.0,sell_aggr,-2.0,INTARIAN_PEPPER_ROOT,-4,4.0,4.0
887900,,,INTARIAN_PEPPER_ROOT,XIRECS,12878.0,4,0,12878.0,12878.0,,1.0,False,,mid_trade,0.0,INTARIAN_PEPPER_ROOT,0,,0.0
889300,,,INTARIAN_PEPPER_ROOT,XIRECS,12896.0,4,0,12889.0,12882.0,12896.0,0.0,True,14.0,buy_aggr,7.0,INTARIAN_PEPPER_ROOT,4,4.0,14.0
891200,,,INTARIAN_PEPPER_ROOT,XIRECS,12901.0,7,0,12892.5,12884.0,12901.0,-0.3103448275862069,True,17.0,buy_aggr,8.5,INTARIAN_PEPPER_ROOT,7,13.0,17.0
891400,,,INTARIAN_PEPPER_ROOT,XIRECS,12895.0,4,0,12896.5,12895.0,12898.0,-0.5,True,3.0,sell_aggr,-1.5,INTARIAN_PEPPER_ROOT,-4,-1.0,3.0
898100,,,INTARIAN_PEPPER_ROOT,XIRECS,12894.0,8,0,12891.0,12888.0,12894.0,0.4666666666666667,True,6.0,buy_aggr,3.0,INTARIAN_PEPPER_ROOT,8,-18.0,6.0
899500,,,INTARIAN_PEPPER_ROOT,XIRECS,12906.0,6,0,12899.5,12893.0,12906.0,0.0,True,13.0,buy_aggr,6.5,INTARIAN_PEPPER_ROOT,6,3.0,13.0
905100,,,INTARIAN_PEPPER_ROOT,XIRECS,12912.0,5,0,12903.5,12895.0,12912.0,0.1428571428571428,True,17.0,buy_aggr,8.5,INTARIAN_PEPPER_ROOT,5,4.0,17.0
907600,,,INTARIAN_PEPPER_ROOT,XIRECS,12915.0,6,0,12908.0,12901.0,12915.0,0.0,True,14.0,buy_aggr,7.0,INTARIAN_PEPPER_ROOT,6,4.0,14.0
907700,,,INTARIAN_PEPPER_ROOT,XIRECS,12915.0,7,0,12908.0,12901.0,12915.0,0.0,True,14.0,buy_aggr,7.0,INTARIAN_PEPPER_ROOT,7,1.0,14.0
911000,,,INTARIAN_PEPPER_ROOT,XIRECS,12904.0,5,0,12911.0,12904.0,12918.0,0.0,True,14.0,sell_aggr,-7.0,INTARIAN_PEPPER_ROOT,-5,24.0,14.0
912600,,,INTARIAN_PEPPER_ROOT,XIRECS,12920.0,7,0,12913.0,12906.0,12920.0,0.0,True,14.0,buy_aggr,7.0,INTARIAN_PEPPER_ROOT,7,1.0,14.0
914900,,,INTARIAN_PEPPER_ROOT,XIRECS,12922.0,5,0,12915.0,12908.0,12922.0,0.0,True,14.0,buy_aggr,7.0,INTARIAN_PEPPER_ROOT,5,4.0,14.0
918600,,,INTARIAN_PEPPER_ROOT,XIRECS,12926.0,7,0,12919.0,12912.0,12926.0,0.0,True,14.0,buy_aggr,7.0,INTARIAN_PEPPER_ROOT,7,1.0,14.0
920500,,,INTARIAN_PEPPER_ROOT,XIRECS,12927.0,4,0,12920.5,12914.0,12927.0,0.0,True,13.0,buy_aggr,6.5,INTARIAN_PEPPER_ROOT,4,3.0,13.0
921100,,,INTARIAN_PEPPER_ROOT,XIRECS,12928.0,5,0,12921.0,12914.0,12928.0,0.0,True,14.0,buy_aggr,7.0,INTARIAN_PEPPER_ROOT,5,1.0,14.0
922700,,,INTARIAN_PEPPER_ROOT,XIRECS,12930.0,3,0,12923.0,12916.0,12930.0,0.0,True,14.0,buy_aggr,7.0,INTARIAN_PEPPER_ROOT,3,4.0,14.0
922800,,,INTARIAN_PEPPER_ROOT,XIRECS,12916.0,7,0,12924.5,12916.0,12933.0,-0.3793103448275862,True,17.0,sell_aggr,-8.5,INTARIAN_PEPPER_ROOT,-7,24.0,17.0
927200,,,INTARIAN_PEPPER_ROOT,XIRECS,12931.0,3,0,12932.5,12931.0,12934.0,-0.5714285714285714,True,3.0,sell_aggr,-1.5,INTARIAN_PEPPER_ROOT,-3,5.0,3.0
933700,,,INTARIAN_PEPPER_ROOT,XIRECS,12941.0,6,0,12934.0,12927.0,12941.0,0.0,True,14.0,buy_aggr,7.0,INTARIAN_PEPPER_ROOT,6,4.0,14.0
936600,,,INTARIAN_PEPPER_ROOT,XIRECS,12932.0,8,0,12931.0,12930.0,12932.0,0.2,True,2.0,buy_aggr,1.0,INTARIAN_PEPPER_ROOT,8,-16.0,2.0
938100,,,INTARIAN_PEPPER_ROOT,XIRECS,12931.0,6,0,12938.0,12931.0,12945.0,0.0,True,14.0,sell_aggr,-7.0,INTARIAN_PEPPER_ROOT,-6,28.0,14.0
942700,,,INTARIAN_PEPPER_ROOT,XIRECS,12938.0,3,0,12937.0,12936.0,12938.0,0.6,True,2.0,buy_aggr,1.0,INTARIAN_PEPPER_ROOT,3,-20.0,2.0
947900,,,INTARIAN_PEPPER_ROOT,XIRECS,12944.0,5,0,12942.5,12941.0,12944.0,0.3333333333333333,True,3.0,buy_aggr,1.5,INTARIAN_PEPPER_ROOT,5,-18.0,3.0
948000,,,INTARIAN_PEPPER_ROOT,XIRECS,12941.0,6,0,12948.0,12941.0,12955.0,0.0,True,14.0,sell_aggr,-7.0,INTARIAN_PEPPER_ROOT,-6,27.0,14.0
948200,,,INTARIAN_PEPPER_ROOT,XIRECS,12958.0,6,0,12949.5,12941.0,12958.0,-0.3548387096774194,True,17.0,buy_aggr,8.5,INTARIAN_PEPPER_ROOT,6,7.0,17.0
949900,,,INTARIAN_PEPPER_ROOT,XIRECS,12957.0,4,0,12948.5,12940.0,12957.0,0.4705882352941176,True,17.0,buy_aggr,8.5,INTARIAN_PEPPER_ROOT,4,4.0,17.0
957400,,,INTARIAN_PEPPER_ROOT,XIRECS,12953.0,5,0,12951.5,12950.0,12953.0,0.375,True,3.0,buy_aggr,1.5,INTARIAN_PEPPER_ROOT,5,-18.0,3.0
958100,,,INTARIAN_PEPPER_ROOT,XIRECS,12965.0,6,0,12958.0,12951.0,12965.0,0.0,True,14.0,buy_aggr,7.0,INTARIAN_PEPPER_ROOT,6,7.0,14.0
959100,,,INTARIAN_PEPPER_ROOT,XIRECS,12962.0,3,0,12964.0,12962.0,12966.0,-0.5384615384615384,True,4.0,sell_aggr,-2.0,INTARIAN_PEPPER_ROOT,-3,7.0,4.0
965000,,,INTARIAN_PEPPER_ROOT,XIRECS,12955.0,7,0,12963.5,12955.0,12972.0,0.3793103448275862,True,17.0,sell_aggr,-8.5,INTARIAN_PEPPER_ROOT,-7,19.0,17.0
965600,,,INTARIAN_PEPPER_ROOT,XIRECS,12959.0,5,0,12967.5,12959.0,12976.0,-0.5,True,17.0,sell_aggr,-8.5,INTARIAN_PEPPER_ROOT,-5,34.0,17.0
966200,,,INTARIAN_PEPPER_ROOT,XIRECS,12959.0,5,0,12966.0,12959.0,12973.0,0.0,True,14.0,sell_aggr,-7.0,INTARIAN_PEPPER_ROOT,-5,27.0,14.0
970000,,,INTARIAN_PEPPER_ROOT,XIRECS,12966.0,8,0,12964.5,12963.0,12966.0,0.0,True,3.0,buy_aggr,1.5,INTARIAN_PEPPER_ROOT,8,-21.0,3.0
973900,,,INTARIAN_PEPPER_ROOT,XIRECS,12984.0,5,0,12974.0,12964.0,12984.0,0.0,True,20.0,buy_aggr,10.0,INTARIAN_PEPPER_ROOT,5,10.0,20.0
974600,,,INTARIAN_PEPPER_ROOT,XIRECS,12968.0,7,0,12975.0,12968.0,12982.0,0.0,True,14.0,sell_aggr,-7.0,INTARIAN_PEPPER_ROOT,-7,24.0,14.0
976500,,,INTARIAN_PEPPER_ROOT,XIRECS,12983.0,5,0,12976.5,12970.0,12983.0,0.0,True,13.0,buy_aggr,6.5,INTARIAN_PEPPER_ROOT,5,3.0,13.0
976900,,,INTARIAN_PEPPER_ROOT,XIRECS,12984.0,3,0,12975.5,12967.0,12984.0,0.2941176470588235,True,17.0,buy_aggr,8.5,INTARIAN_PEPPER_ROOT,3,1.0,17.0
977200,,,INTARIAN_PEPPER_ROOT,XIRECS,12973.0,5,0,12971.5,12970.0,12973.0,0.4117647058823529,True,3.0,buy_aggr,1.5,INTARIAN_PEPPER_ROOT,5,-18.0,3.0
978400,,,INTARIAN_PEPPER_ROOT,XIRECS,12985.0,6,0,12983.5,12982.0,12985.0,-0.1578947368421052,True,3.0,buy_aggr,1.5,INTARIAN_PEPPER_ROOT,6,4.0,3.0
983000,,,INTARIAN_PEPPER_ROOT,XIRECS,12976.0,6,0,12983.0,12976.0,12990.0,0.0,True,14.0,sell_aggr,-7.0,INTARIAN_PEPPER_ROOT,-6,24.0,14.0
987600,,,INTARIAN_PEPPER_ROOT,XIRECS,12981.0,3,0,12988.0,12981.0,12995.0,0.0,True,14.0,sell_aggr,-7.0,INTARIAN_PEPPER_ROOT,-3,24.0,14.0
989900,,,INTARIAN_PEPPER_ROOT,XIRECS,12983.0,4,0,12990.0,12983.0,12997.0,0.0,True,14.0,sell_aggr,-7.0,INTARIAN_PEPPER_ROOT,-4,24.0,14.0
991100,,,INTARIAN_PEPPER_ROOT,XIRECS,12984.0,6,0,12991.0,12984.0,12998.0,0.0,True,14.0,sell_aggr,-7.0,INTARIAN_PEPPER_ROOT,-6,24.0,14.0
994400,,,INTARIAN_PEPPER_ROOT,XIRECS,12987.0,3,0,12994.0,12987.0,13001.0,0.0,True,14.0,sell_aggr,-7.0,INTARIAN_PEPPER_ROOT,-3,25.0,14.0
4400,,,INTARIAN_PEPPER_ROOT,XIRECS,13011.0,5,1,13004.0,12997.0,13011.0,0.0,True,14.0,buy_aggr,7.0,INTARIAN_PEPPER_ROOT,5,0.0,14.0
4800,,,INTARIAN_PEPPER_ROOT,XIRECS,13008.0,3,1,13002.5,12998.0,13007.0,0.4666666666666667,True,9.0,buy_aggr,5.5,INTARIAN_PEPPER_ROOT,3,-4.0,11.0
5000,,,INTARIAN_PEPPER_ROOT,XIRECS,12998.0,5,1,12998.0,12998.0,,1.0,False,,mid_trade,0.0,INTARIAN_PEPPER_ROOT,0,,0.0
17400,,,INTARIAN_PEPPER_ROOT,XIRECS,13013.0,3,1,13011.5,13010.0,13013.0,0.5,True,3.0,buy_aggr,1.5,INTARIAN_PEPPER_ROOT,3,-18.0,3.0
23000,,,INTARIAN_PEPPER_ROOT,XIRECS,13016.0,4,1,13023.0,13016.0,13030.0,0.0,True,14.0,sell_aggr,-7.0,INTARIAN_PEPPER_ROOT,-4,24.0,14.0
23100,,,INTARIAN_PEPPER_ROOT,XIRECS,13019.0,4,1,13017.5,13016.0,13019.0,0.4285714285714285,True,3.0,buy_aggr,1.5,INTARIAN_PEPPER_ROOT,4,-21.0,3.0
30400,,,INTARIAN_PEPPER_ROOT,XIRECS,13037.0,6,1,13030.0,13023.0,13037.0,0.0,True,14.0,buy_aggr,7.0,INTARIAN_PEPPER_ROOT,6,4.0,14.0
33300,,,INTARIAN_PEPPER_ROOT,XIRECS,13037.0,7,1,13038.5,13037.0,13040.0,-0.0666666666666666,True,3.0,sell_aggr,-1.5,INTARIAN_PEPPER_ROOT,-7,-9.0,3.0
34400,,,INTARIAN_PEPPER_ROOT,XIRECS,13041.0,3,1,13034.0,13027.0,13041.0,0.0,True,14.0,buy_aggr,7.0,INTARIAN_PEPPER_ROOT,3,0.0,14.0
35700,,,INTARIAN_PEPPER_ROOT,XIRECS,13039.0,3,1,13041.0,13039.0,13043.0,-0.5,True,4.0,sell_aggr,-2.0,INTARIAN_PEPPER_ROOT,-3,4.0,4.0
35700,,,INTARIAN_PEPPER_ROOT,XIRECS,13043.0,7,1,13041.0,13039.0,13043.0,-0.5,True,4.0,buy_aggr,2.0,INTARIAN_PEPPER_ROOT,7,4.0,4.0
35800,,,INTARIAN_PEPPER_ROOT,XIRECS,13031.0,7,1,13028.5,13026.0,13031.0,0.4615384615384615,True,5.0,buy_aggr,2.5,INTARIAN_PEPPER_ROOT,7,-20.0,5.0
38500,,,INTARIAN_PEPPER_ROOT,XIRECS,13028.0,5,1,13037.0,13028.0,13046.0,0.25,True,18.0,sell_aggr,-9.0,INTARIAN_PEPPER_ROOT,-5,31.0,18.0
42800,,,INTARIAN_PEPPER_ROOT,XIRECS,13050.0,5,1,13041.5,13033.0,13050.0,0.4,True,17.0,buy_aggr,8.5,INTARIAN_PEPPER_ROOT,5,4.0,17.0
44700,,,INTARIAN_PEPPER_ROOT,XIRECS,13040.0,8,1,13039.0,13038.0,13040.0,0.1578947368421052,True,2.0,buy_aggr,1.0,INTARIAN_PEPPER_ROOT,8,-16.0,2.0
51400,,,INTARIAN_PEPPER_ROOT,XIRECS,13041.0,4,1,13049.5,13041.0,13058.0,0.2941176470588235,True,17.0,sell_aggr,-8.5,INTARIAN_PEPPER_ROOT,-4,30.0,17.0
52600,,,INTARIAN_PEPPER_ROOT,XIRECS,13056.0,8,1,13059.5,13056.0,13063.0,-0.4838709677419355,True,7.0,sell_aggr,-3.5,INTARIAN_PEPPER_ROOT,-8,4.0,7.0
57000,,,INTARIAN_PEPPER_ROOT,XIRECS,13064.0,4,1,13055.5,13047.0,13064.0,0.3513513513513513,True,17.0,buy_aggr,8.5,INTARIAN_PEPPER_ROOT,4,4.0,17.0
61700,,,INTARIAN_PEPPER_ROOT,XIRECS,13069.0,6,1,13062.0,13055.0,13069.0,0.0,True,14.0,buy_aggr,7.0,INTARIAN_PEPPER_ROOT,6,4.0,14.0
64300,,,INTARIAN_PEPPER_ROOT,XIRECS,13060.0,3,1,13058.5,13057.0,13060.0,0.5384615384615384,True,3.0,buy_aggr,1.5,INTARIAN_PEPPER_ROOT,3,-18.0,3.0
70400,,,INTARIAN_PEPPER_ROOT,XIRECS,13074.0,5,1,13075.5,13074.0,13077.0,-0.2857142857142857,True,3.0,sell_aggr,-1.5,INTARIAN_PEPPER_ROOT,-5,-1.0,3.0
71500,,,INTARIAN_PEPPER_ROOT,XIRECS,13067.0,4,1,13065.5,13064.0,13067.0,0.4285714285714285,True,3.0,buy_aggr,1.5,INTARIAN_PEPPER_ROOT,4,-19.0,3.0
73700,,,INTARIAN_PEPPER_ROOT,XIRECS,13067.0,4,1,13074.0,13067.0,13081.0,0.0,True,14.0,sell_aggr,-7.0,INTARIAN_PEPPER_ROOT,-4,24.0,14.0
77200,,,INTARIAN_PEPPER_ROOT,XIRECS,13070.0,3,1,13079.0,13070.0,13088.0,-0.3333333333333333,True,18.0,sell_aggr,-9.0,INTARIAN_PEPPER_ROOT,-3,21.0,18.0
80200,,,INTARIAN_PEPPER_ROOT,XIRECS,13073.0,5,1,13080.0,13073.0,13087.0,0.0,True,14.0,sell_aggr,-7.0,INTARIAN_PEPPER_ROOT,-5,24.0,14.0
83000,,,INTARIAN_PEPPER_ROOT,XIRECS,13086.0,6,1,13088.0,13086.0,13090.0,-0.2941176470588235,True,4.0,sell_aggr,-2.0,INTARIAN_PEPPER_ROOT,-6,1.0,4.0
84400,,,INTARIAN_PEPPER_ROOT,XIRECS,13088.0,5,1,13089.5,13088.0,13091.0,-0.3333333333333333,True,3.0,sell_aggr,-1.5,INTARIAN_PEPPER_ROOT,-5,2.0,3.0
84600,,,INTARIAN_PEPPER_ROOT,XIRECS,13092.0,6,1,13085.0,13078.0,13092.0,0.0,True,14.0,buy_aggr,7.0,INTARIAN_PEPPER_ROOT,6,4.0,14.0
84800,,,INTARIAN_PEPPER_ROOT,XIRECS,13088.0,5,1,13091.5,13088.0,13095.0,-0.6296296296296297,True,7.0,sell_aggr,-3.5,INTARIAN_PEPPER_ROOT,-5,4.0,7.0
91700,,,INTARIAN_PEPPER_ROOT,XIRECS,13087.0,8,1,13086.0,13085.0,13087.0,0.1578947368421052,True,2.0,buy_aggr,1.0,INTARIAN_PEPPER_ROOT,8,-20.0,2.0
92500,,,INTARIAN_PEPPER_ROOT,XIRECS,13100.0,7,1,13092.5,13085.0,13100.0,0.0,True,15.0,buy_aggr,7.5,INTARIAN_PEPPER_ROOT,7,5.0,15.0
95100,,,INTARIAN_PEPPER_ROOT,XIRECS,13091.0,8,1,13089.5,13088.0,13091.0,0.0,True,3.0,buy_aggr,1.5,INTARIAN_PEPPER_ROOT,8,-18.0,3.0
107000,,,INTARIAN_PEPPER_ROOT,XIRECS,13114.0,7,1,13107.0,13100.0,13114.0,0.0,True,14.0,buy_aggr,7.0,INTARIAN_PEPPER_ROOT,7,4.0,14.0
109800,,,INTARIAN_PEPPER_ROOT,XIRECS,13117.0,4,1,13115.0,13113.0,13117.0,-0.4545454545454545,True,4.0,buy_aggr,2.0,INTARIAN_PEPPER_ROOT,4,4.0,4.0
109800,,,INTARIAN_PEPPER_ROOT,XIRECS,13113.0,3,1,13115.0,13113.0,13117.0,-0.4545454545454545,True,4.0,sell_aggr,-2.0,INTARIAN_PEPPER_ROOT,-3,4.0,4.0
110500,,,INTARIAN_PEPPER_ROOT,XIRECS,13114.0,8,1,13117.5,13114.0,13121.0,-0.4074074074074074,True,7.0,sell_aggr,-3.5,INTARIAN_PEPPER_ROOT,-8,3.0,7.0
117500,,,INTARIAN_PEPPER_ROOT,XIRECS,13110.0,6,1,13117.5,13110.0,13125.0,0.0,True,15.0,sell_aggr,-7.5,INTARIAN_PEPPER_ROOT,-6,22.0,15.0
120100,,,INTARIAN_PEPPER_ROOT,XIRECS,13127.0,4,1,13120.0,13113.0,13127.0,0.0,True,14.0,buy_aggr,7.0,INTARIAN_PEPPER_ROOT,4,7.0,14.0
122400,,,INTARIAN_PEPPER_ROOT,XIRECS,13133.0,7,1,13124.0,13115.0,13133.0,-0.3333333333333333,True,18.0,buy_aggr,9.0,INTARIAN_PEPPER_ROOT,7,8.0,18.0
127800,,,INTARIAN_PEPPER_ROOT,XIRECS,13117.0,3,1,13126.0,13117.0,13135.0,0.3142857142857143,True,18.0,sell_aggr,-9.0,INTARIAN_PEPPER_ROOT,-3,32.0,18.0
129500,,,INTARIAN_PEPPER_ROOT,XIRECS,13137.0,3,1,13129.5,13122.0,13137.0,0.0,True,15.0,buy_aggr,7.5,INTARIAN_PEPPER_ROOT,3,5.0,15.0
131100,,,INTARIAN_PEPPER_ROOT,XIRECS,13141.0,4,1,13131.0,13121.0,13141.0,0.0,True,20.0,buy_aggr,10.0,INTARIAN_PEPPER_ROOT,4,10.0,20.0
132300,,,INTARIAN_PEPPER_ROOT,XIRECS,13125.0,3,1,13132.0,13125.0,13139.0,0.0,True,14.0,sell_aggr,-7.0,INTARIAN_PEPPER_ROOT,-3,28.0,14.0
134400,,,INTARIAN_PEPPER_ROOT,XIRECS,13141.0,4,1,13134.0,13127.0,13141.0,0.0,True,14.0,buy_aggr,7.0,INTARIAN_PEPPER_ROOT,4,3.0,14.0
138000,,,INTARIAN_PEPPER_ROOT,XIRECS,13131.0,4,1,13139.5,13131.0,13148.0,-0.2258064516129032,True,17.0,sell_aggr,-8.5,INTARIAN_PEPPER_ROOT,-4,24.0,17.0
138700,,,INTARIAN_PEPPER_ROOT,XIRECS,13142.0,3,1,13144.0,13142.0,13146.0,-0.5,True,4.0,sell_aggr,-2.0,INTARIAN_PEPPER_ROOT,-3,4.0,4.0
141900,,,INTARIAN_PEPPER_ROOT,XIRECS,13135.0,4,1,13142.0,13135.0,13149.0,0.0,True,14.0,sell_aggr,-7.0,INTARIAN_PEPPER_ROOT,-4,27.0,14.0
142300,,,INTARIAN_PEPPER_ROOT,XIRECS,13146.0,6,1,13147.5,13146.0,13149.0,-0.2,True,3.0,sell_aggr,-1.5,INTARIAN_PEPPER_ROOT,-6,2.0,3.0
148200,,,INTARIAN_PEPPER_ROOT,XIRECS,13141.0,7,1,13148.0,13141.0,13155.0,0.0,True,14.0,sell_aggr,-7.0,INTARIAN_PEPPER_ROOT,-7,21.0,14.0
164100,,,INTARIAN_PEPPER_ROOT,XIRECS,13168.0,5,1,13171.0,13168.0,13174.0,-0.6666666666666666,True,6.0,sell_aggr,-3.0,INTARIAN_PEPPER_ROOT,-5,-1.0,6.0
164200,,,INTARIAN_PEPPER_ROOT,XIRECS,13160.0,7,1,13158.5,13157.0,13160.0,0.2222222222222222,True,3.0,buy_aggr,1.5,INTARIAN_PEPPER_ROOT,7,-18.0,3.0
170300,,,INTARIAN_PEPPER_ROOT,XIRECS,13177.0,7,1,13170.0,13163.0,13177.0,0.0,True,14.0,buy_aggr,7.0,INTARIAN_PEPPER_ROOT,7,4.0,14.0
170500,,,INTARIAN_PEPPER_ROOT,XIRECS,13174.0,7,1,13174.0,13174.0,,1.0,False,,mid_trade,0.0,INTARIAN_PEPPER_ROOT,0,,0.0
177900,,,INTARIAN_PEPPER_ROOT,XIRECS,13171.0,5,1,13178.0,13171.0,13185.0,0.0,True,14.0,sell_aggr,-7.0,INTARIAN_PEPPER_ROOT,-5,24.0,14.0
191800,,,INTARIAN_PEPPER_ROOT,XIRECS,13185.0,4,1,13192.0,13185.0,13199.0,0.0,True,14.0,sell_aggr,-7.0,INTARIAN_PEPPER_ROOT,-4,23.0,14.0
194900,,,INTARIAN_PEPPER_ROOT,XIRECS,13190.0,6,1,13189.0,13188.0,13190.0,0.25,True,2.0,buy_aggr,1.0,INTARIAN_PEPPER_ROOT,6,-20.0,2.0
198600,,,INTARIAN_PEPPER_ROOT,XIRECS,13192.0,5,1,13192.0,13192.0,,1.0,False,,mid_trade,0.0,INTARIAN_PEPPER_ROOT,0,,0.0
199400,,,INTARIAN_PEPPER_ROOT,XIRECS,13206.0,5,1,13199.0,13192.0,13206.0,0.0,True,14.0,buy_aggr,7.0,INTARIAN_PEPPER_ROOT,5,6.0,14.0
204000,,,INTARIAN_PEPPER_ROOT,XIRECS,13211.0,7,1,13204.0,13197.0,13211.0,0.0,True,14.0,buy_aggr,7.0,INTARIAN_PEPPER_ROOT,7,4.0,14.0
204600,,,INTARIAN_PEPPER_ROOT,XIRECS,13197.0,5,1,13197.0,13197.0,,1.0,False,,mid_trade,0.0,INTARIAN_PEPPER_ROOT,0,,0.0
207500,,,INTARIAN_PEPPER_ROOT,XIRECS,13215.0,3,1,13207.5,13200.0,13215.0,0.0,True,15.0,buy_aggr,7.5,INTARIAN_PEPPER_ROOT,3,5.0,15.0
211400,,,INTARIAN_PEPPER_ROOT,XIRECS,13207.0,7,1,13205.5,13204.0,13207.0,0.1764705882352941,True,3.0,buy_aggr,1.5,INTARIAN_PEPPER_ROOT,7,-19.0,3.0
212100,,,INTARIAN_PEPPER_ROOT,XIRECS,13216.0,4,1,13219.5,13216.0,13223.0,-0.6190476190476191,True,7.0,sell_aggr,-3.5,INTARIAN_PEPPER_ROOT,-4,6.0,7.0
215000,,,INTARIAN_PEPPER_ROOT,XIRECS,13222.0,7,1,13213.5,13205.0,13222.0,0.2,True,17.0,buy_aggr,8.5,INTARIAN_PEPPER_ROOT,7,9.0,17.0
217000,,,INTARIAN_PEPPER_ROOT,XIRECS,13224.0,5,1,13217.0,13210.0,13224.0,0.0,True,14.0,buy_aggr,7.0,INTARIAN_PEPPER_ROOT,5,4.0,14.0
217500,,,INTARIAN_PEPPER_ROOT,XIRECS,13225.0,6,1,13217.5,13210.0,13225.0,0.0,True,15.0,buy_aggr,7.5,INTARIAN_PEPPER_ROOT,6,5.0,15.0
220600,,,INTARIAN_PEPPER_ROOT,XIRECS,13216.0,4,1,13213.0,13210.0,13216.0,0.7241379310344828,True,6.0,buy_aggr,3.0,INTARIAN_PEPPER_ROOT,4,-19.0,6.0
220800,,,INTARIAN_PEPPER_ROOT,XIRECS,13224.0,6,1,13226.0,13224.0,13228.0,-0.3333333333333333,True,4.0,sell_aggr,-2.0,INTARIAN_PEPPER_ROOT,-6,7.0,4.0
224300,,,INTARIAN_PEPPER_ROOT,XIRECS,13231.0,3,1,13224.0,13217.0,13231.0,0.0,True,14.0,buy_aggr,7.0,INTARIAN_PEPPER_ROOT,3,4.0,14.0
225000,,,INTARIAN_PEPPER_ROOT,XIRECS,13218.0,7,1,13225.0,13218.0,13232.0,0.0,True,14.0,sell_aggr,-7.0,INTARIAN_PEPPER_ROOT,-7,21.0,14.0
234600,,,INTARIAN_PEPPER_ROOT,XIRECS,13242.0,4,1,13234.5,13227.0,13242.0,0.0,True,15.0,buy_aggr,7.5,INTARIAN_PEPPER_ROOT,4,8.0,15.0
237500,,,INTARIAN_PEPPER_ROOT,XIRECS,13245.0,4,1,13237.5,13230.0,13245.0,0.0,True,15.0,buy_aggr,7.5,INTARIAN_PEPPER_ROOT,4,5.0,15.0
239700,,,INTARIAN_PEPPER_ROOT,XIRECS,13247.0,7,1,13240.0,13233.0,13247.0,0.0,True,14.0,buy_aggr,7.0,INTARIAN_PEPPER_ROOT,7,4.0,14.0
242000,,,INTARIAN_PEPPER_ROOT,XIRECS,13249.0,7,1,13242.0,13235.0,13249.0,0.0,True,14.0,buy_aggr,7.0,INTARIAN_PEPPER_ROOT,7,4.0,14.0
243500,,,INTARIAN_PEPPER_ROOT,XIRECS,13247.0,4,1,13249.0,13247.0,13251.0,-0.4285714285714285,True,4.0,sell_aggr,-2.0,INTARIAN_PEPPER_ROOT,-4,3.0,4.0
248700,,,INTARIAN_PEPPER_ROOT,XIRECS,13242.0,4,1,13249.0,13242.0,13256.0,0.0,True,14.0,sell_aggr,-7.0,INTARIAN_PEPPER_ROOT,-4,20.0,14.0
260100,,,INTARIAN_PEPPER_ROOT,XIRECS,13267.0,5,1,13260.0,13253.0,13267.0,0.0,True,14.0,buy_aggr,7.0,INTARIAN_PEPPER_ROOT,5,18.0,14.0
264100,,,INTARIAN_PEPPER_ROOT,XIRECS,13254.0,7,1,13262.5,13254.0,13271.0,0.36,True,17.0,sell_aggr,-8.5,INTARIAN_PEPPER_ROOT,-7,30.0,17.0
265100,,,INTARIAN_PEPPER_ROOT,XIRECS,13261.0,6,1,13258.0,13255.0,13261.0,0.6129032258064516,True,6.0,buy_aggr,3.0,INTARIAN_PEPPER_ROOT,6,-19.0,6.0
267500,,,INTARIAN_PEPPER_ROOT,XIRECS,13257.0,3,1,13267.5,13257.0,13278.0,0.0,True,21.0,sell_aggr,-10.5,INTARIAN_PEPPER_ROOT,-3,31.0,21.0
270700,,,INTARIAN_PEPPER_ROOT,XIRECS,13278.0,6,1,13271.0,13264.0,13278.0,0.0,True,14.0,buy_aggr,7.0,INTARIAN_PEPPER_ROOT,6,4.0,14.0
274100,,,INTARIAN_PEPPER_ROOT,XIRECS,13270.0,6,1,13268.5,13267.0,13270.0,0.3333333333333333,True,3.0,buy_aggr,1.5,INTARIAN_PEPPER_ROOT,6,-18.0,3.0
274300,,,INTARIAN_PEPPER_ROOT,XIRECS,13278.0,8,1,13278.0,13278.0,,1.0,False,,mid_trade,0.0,INTARIAN_PEPPER_ROOT,0,,0.0
282600,,,INTARIAN_PEPPER_ROOT,XIRECS,13286.0,6,1,13288.0,13286.0,13290.0,-0.2941176470588235,True,4.0,sell_aggr,-2.0,INTARIAN_PEPPER_ROOT,-6,3.0,4.0
294100,,,INTARIAN_PEPPER_ROOT,XIRECS,13301.0,3,1,13294.0,13287.0,13301.0,0.0,True,14.0,buy_aggr,7.0,INTARIAN_PEPPER_ROOT,3,0.0,14.0
300000,,,INTARIAN_PEPPER_ROOT,XIRECS,13307.0,7,1,13300.0,13293.0,13307.0,0.0,True,14.0,buy_aggr,7.0,INTARIAN_PEPPER_ROOT,7,4.0,14.0
301400,,,INTARIAN_PEPPER_ROOT,XIRECS,13309.0,7,1,13301.5,13294.0,13309.0,0.0,True,15.0,buy_aggr,7.5,INTARIAN_PEPPER_ROOT,7,2.0,15.0
306000,,,INTARIAN_PEPPER_ROOT,XIRECS,13309.0,5,1,13311.0,13309.0,13313.0,-0.375,True,4.0,sell_aggr,-2.0,INTARIAN_PEPPER_ROOT,-5,4.0,4.0
311200,,,INTARIAN_PEPPER_ROOT,XIRECS,13304.0,3,1,13305.5,13304.0,13307.0,0.2,True,3.0,sell_aggr,-1.5,INTARIAN_PEPPER_ROOT,-3,24.0,3.0
311700,,,INTARIAN_PEPPER_ROOT,XIRECS,13315.0,6,1,13317.0,13315.0,13319.0,-0.25,True,4.0,sell_aggr,-2.0,INTARIAN_PEPPER_ROOT,-6,7.0,4.0
314400,,,INTARIAN_PEPPER_ROOT,XIRECS,13322.0,6,1,13313.0,13304.0,13322.0,0.5151515151515151,True,18.0,buy_aggr,9.0,INTARIAN_PEPPER_ROOT,6,5.0,18.0
323200,,,INTARIAN_PEPPER_ROOT,XIRECS,13327.0,5,1,13328.5,13327.0,13330.0,-0.2857142857142857,True,3.0,sell_aggr,-1.5,INTARIAN_PEPPER_ROOT,-5,2.0,3.0
327400,,,INTARIAN_PEPPER_ROOT,XIRECS,13320.0,6,1,13327.5,13320.0,13335.0,0.0,True,15.0,sell_aggr,-7.5,INTARIAN_PEPPER_ROOT,-6,28.0,15.0
327600,,,INTARIAN_PEPPER_ROOT,XIRECS,13338.0,3,1,13334.5,13331.0,13338.0,-0.5652173913043478,True,7.0,buy_aggr,3.5,INTARIAN_PEPPER_ROOT,3,0.0,7.0
331500,,,INTARIAN_PEPPER_ROOT,XIRECS,13324.0,3,1,13333.0,13324.0,13342.0,-0.3333333333333333,True,18.0,sell_aggr,-9.0,INTARIAN_PEPPER_ROOT,-3,22.0,18.0
334600,,,INTARIAN_PEPPER_ROOT,XIRECS,13342.0,3,1,13334.5,13327.0,13342.0,0.0,True,15.0,buy_aggr,7.5,INTARIAN_PEPPER_ROOT,3,5.0,15.0
334900,,,INTARIAN_PEPPER_ROOT,XIRECS,13328.0,3,1,13335.0,13328.0,13342.0,0.0,True,14.0,sell_aggr,-7.0,INTARIAN_PEPPER_ROOT,-3,27.0,14.0
335500,,,INTARIAN_PEPPER_ROOT,XIRECS,13343.0,3,1,13335.5,13328.0,13343.0,0.0,True,15.0,buy_aggr,7.5,INTARIAN_PEPPER_ROOT,3,8.0,15.0
336700,,,INTARIAN_PEPPER_ROOT,XIRECS,13344.0,6,1,13337.0,13330.0,13344.0,0.0,True,14.0,buy_aggr,7.0,INTARIAN_PEPPER_ROOT,6,4.0,14.0
337600,,,INTARIAN_PEPPER_ROOT,XIRECS,13330.0,7,1,13337.5,13330.0,13345.0,0.0,True,15.0,sell_aggr,-7.5,INTARIAN_PEPPER_ROOT,-7,25.0,15.0
344000,,,INTARIAN_PEPPER_ROOT,XIRECS,13339.0,3,1,13338.0,13337.0,13339.0,0.5,True,2.0,buy_aggr,1.0,INTARIAN_PEPPER_ROOT,3,-20.0,2.0
351100,,,INTARIAN_PEPPER_ROOT,XIRECS,13358.0,4,1,13349.5,13341.0,13358.0,0.2,True,17.0,buy_aggr,8.5,INTARIAN_PEPPER_ROOT,4,4.0,17.0
352100,,,INTARIAN_PEPPER_ROOT,XIRECS,13345.0,7,1,13352.0,13345.0,13359.0,0.0,True,14.0,sell_aggr,-7.0,INTARIAN_PEPPER_ROOT,-7,24.0,14.0
352300,,,INTARIAN_PEPPER_ROOT,XIRECS,13356.0,8,1,13359.5,13356.0,13363.0,-0.3333333333333333,True,7.0,sell_aggr,-3.5,INTARIAN_PEPPER_ROOT,-8,6.0,7.0
352700,,,INTARIAN_PEPPER_ROOT,XIRECS,13360.0,6,1,13353.0,13346.0,13360.0,0.0,True,14.0,buy_aggr,7.0,INTARIAN_PEPPER_ROOT,6,8.0,14.0
354200,,,INTARIAN_PEPPER_ROOT,XIRECS,13361.0,6,1,13354.0,13347.0,13361.0,0.0,True,14.0,buy_aggr,7.0,INTARIAN_PEPPER_ROOT,6,4.0,14.0
358200,,,INTARIAN_PEPPER_ROOT,XIRECS,13351.0,3,1,13358.0,13351.0,13365.0,0.0,True,14.0,sell_aggr,-7.0,INTARIAN_PEPPER_ROOT,-3,24.0,14.0
358400,,,INTARIAN_PEPPER_ROOT,XIRECS,13362.0,5,1,13364.0,13362.0,13366.0,-0.375,True,4.0,sell_aggr,-2.0,INTARIAN_PEPPER_ROOT,-5,3.0,4.0
360000,,,INTARIAN_PEPPER_ROOT,XIRECS,13364.0,7,1,13365.5,13364.0,13367.0,-0.2222222222222222,True,3.0,sell_aggr,-1.5,INTARIAN_PEPPER_ROOT,-7,2.0,3.0
361600,,,INTARIAN_PEPPER_ROOT,XIRECS,13357.0,5,1,13355.5,13354.0,13357.0,0.375,True,3.0,buy_aggr,1.5,INTARIAN_PEPPER_ROOT,5,-19.0,3.0
365400,,,INTARIAN_PEPPER_ROOT,XIRECS,13361.0,7,1,13358.0,13355.0,13361.0,0.5,True,6.0,buy_aggr,3.0,INTARIAN_PEPPER_ROOT,7,-19.0,6.0
367500,,,INTARIAN_PEPPER_ROOT,XIRECS,13360.0,5,1,13367.5,13360.0,13375.0,0.0,True,15.0,sell_aggr,-7.5,INTARIAN_PEPPER_ROOT,-5,25.0,15.0
371100,,,INTARIAN_PEPPER_ROOT,XIRECS,13378.0,4,1,13371.0,13364.0,13378.0,0.0,True,14.0,buy_aggr,7.0,INTARIAN_PEPPER_ROOT,4,4.0,14.0
371400,,,INTARIAN_PEPPER_ROOT,XIRECS,13364.0,3,1,13371.5,13364.0,13379.0,0.0,True,15.0,sell_aggr,-7.5,INTARIAN_PEPPER_ROOT,-3,25.0,15.0
372300,,,INTARIAN_PEPPER_ROOT,XIRECS,13368.0,6,1,13365.0,13362.0,13368.0,0.4782608695652174,True,6.0,buy_aggr,3.0,INTARIAN_PEPPER_ROOT,6,-15.0,6.0
374800,,,INTARIAN_PEPPER_ROOT,XIRECS,13382.0,3,1,13375.0,13368.0,13382.0,0.0,True,14.0,buy_aggr,7.0,INTARIAN_PEPPER_ROOT,3,8.0,14.0
376700,,,INTARIAN_PEPPER_ROOT,XIRECS,13372.0,7,1,13371.0,13370.0,13372.0,0.125,True,2.0,buy_aggr,1.0,INTARIAN_PEPPER_ROOT,7,-23.0,2.0
381000,,,INTARIAN_PEPPER_ROOT,XIRECS,13388.0,3,1,13379.0,13370.0,13388.0,0.3793103448275862,True,18.0,buy_aggr,9.0,INTARIAN_PEPPER_ROOT,3,4.0,18.0
401000,,,INTARIAN_PEPPER_ROOT,XIRECS,13396.0,8,1,13395.0,13394.0,13396.0,0.1578947368421052,True,2.0,buy_aggr,1.0,INTARIAN_PEPPER_ROOT,8,-16.0,2.0
415400,,,INTARIAN_PEPPER_ROOT,XIRECS,13423.0,6,1,13414.0,13405.0,13423.0,0.3571428571428571,True,18.0,buy_aggr,9.0,INTARIAN_PEPPER_ROOT,6,5.0,18.0
417300,,,INTARIAN_PEPPER_ROOT,XIRECS,13425.0,5,1,13417.5,13410.0,13425.0,0.0,True,15.0,buy_aggr,7.5,INTARIAN_PEPPER_ROOT,5,5.0,15.0
419200,,,INTARIAN_PEPPER_ROOT,XIRECS,13409.0,6,1,13417.5,13409.0,13426.0,0.4838709677419355,True,17.0,sell_aggr,-8.5,INTARIAN_PEPPER_ROOT,-6,27.0,17.0
419400,,,INTARIAN_PEPPER_ROOT,XIRECS,13427.0,4,1,13419.5,13412.0,13427.0,0.0,True,15.0,buy_aggr,7.5,INTARIAN_PEPPER_ROOT,4,5.0,15.0
420500,,,INTARIAN_PEPPER_ROOT,XIRECS,13410.0,7,1,13419.0,13410.0,13428.0,0.3846153846153846,True,18.0,sell_aggr,-9.0,INTARIAN_PEPPER_ROOT,-7,31.0,18.0
423500,,,INTARIAN_PEPPER_ROOT,XIRECS,13416.0,6,1,13425.0,13416.0,13434.0,-0.3076923076923077,True,18.0,sell_aggr,-9.0,INTARIAN_PEPPER_ROOT,-6,25.0,18.0
425100,,,INTARIAN_PEPPER_ROOT,XIRECS,13432.0,7,1,13425.0,13418.0,13432.0,0.0,True,14.0,buy_aggr,7.0,INTARIAN_PEPPER_ROOT,7,4.0,14.0
427800,,,INTARIAN_PEPPER_ROOT,XIRECS,13421.0,7,1,13428.0,13421.0,13435.0,0.0,True,14.0,sell_aggr,-7.0,INTARIAN_PEPPER_ROOT,-7,27.0,14.0
432100,,,INTARIAN_PEPPER_ROOT,XIRECS,13428.0,8,1,13434.0,13429.0,13439.0,-0.5714285714285714,True,10.0,sell_aggr,-6.0,INTARIAN_PEPPER_ROOT,-8,15.0,12.0
436100,,,INTARIAN_PEPPER_ROOT,XIRECS,13440.0,5,1,13441.5,13440.0,13443.0,-0.2857142857142857,True,3.0,sell_aggr,-1.5,INTARIAN_PEPPER_ROOT,-5,2.0,3.0
437800,,,INTARIAN_PEPPER_ROOT,XIRECS,13431.0,3,1,13438.0,13431.0,13445.0,0.0,True,14.0,sell_aggr,-7.0,INTARIAN_PEPPER_ROOT,-3,24.0,14.0
441000,,,INTARIAN_PEPPER_ROOT,XIRECS,13434.0,4,1,13441.0,13434.0,13448.0,0.0,True,14.0,sell_aggr,-7.0,INTARIAN_PEPPER_ROOT,-4,24.0,14.0
441300,,,INTARIAN_PEPPER_ROOT,XIRECS,13437.0,5,1,13443.5,13438.0,13449.0,-0.4117647058823529,True,11.0,sell_aggr,-6.5,INTARIAN_PEPPER_ROOT,-5,22.0,13.0
448000,,,INTARIAN_PEPPER_ROOT,XIRECS,13455.0,5,1,13448.0,13441.0,13455.0,0.0,True,14.0,buy_aggr,7.0,INTARIAN_PEPPER_ROOT,5,-7.0,14.0
453000,,,INTARIAN_PEPPER_ROOT,XIRECS,13457.0,3,1,13458.5,13457.0,13460.0,-0.5,True,3.0,sell_aggr,-1.5,INTARIAN_PEPPER_ROOT,-3,2.0,3.0
453800,,,INTARIAN_PEPPER_ROOT,XIRECS,13449.0,7,1,13446.0,13443.0,13449.0,0.5333333333333333,True,6.0,buy_aggr,3.0,INTARIAN_PEPPER_ROOT,7,-23.0,6.0
456300,,,INTARIAN_PEPPER_ROOT,XIRECS,13449.0,6,1,13456.5,13449.0,13464.0,0.0,True,15.0,sell_aggr,-7.5,INTARIAN_PEPPER_ROOT,-6,22.0,15.0
457200,,,INTARIAN_PEPPER_ROOT,XIRECS,13450.0,6,1,13457.0,13450.0,13464.0,0.0,True,14.0,sell_aggr,-7.0,INTARIAN_PEPPER_ROOT,-6,25.0,14.0
457500,,,INTARIAN_PEPPER_ROOT,XIRECS,13465.0,4,1,13465.0,,13465.0,-1.0,False,,mid_trade,0.0,INTARIAN_PEPPER_ROOT,0,,0.0
458900,,,INTARIAN_PEPPER_ROOT,XIRECS,13466.0,7,1,13457.0,13448.0,13466.0,0.4838709677419355,True,18.0,buy_aggr,9.0,INTARIAN_PEPPER_ROOT,7,0.0,18.0
459800,,,INTARIAN_PEPPER_ROOT,XIRECS,13453.0,6,1,13461.5,13453.0,13470.0,-0.2,True,17.0,sell_aggr,-8.5,INTARIAN_PEPPER_ROOT,-6,24.0,17.0
462100,,,INTARIAN_PEPPER_ROOT,XIRECS,13469.0,5,1,13462.0,13455.0,13469.0,0.0,True,14.0,buy_aggr,7.0,INTARIAN_PEPPER_ROOT,5,4.0,14.0
464500,,,INTARIAN_PEPPER_ROOT,XIRECS,13472.0,3,1,13464.5,13457.0,13472.0,0.0,True,15.0,buy_aggr,7.5,INTARIAN_PEPPER_ROOT,3,5.0,15.0
466000,,,INTARIAN_PEPPER_ROOT,XIRECS,13461.0,3,1,13460.0,13459.0,13461.0,0.5384615384615384,True,2.0,buy_aggr,1.0,INTARIAN_PEPPER_ROOT,3,-20.0,2.0
467500,,,INTARIAN_PEPPER_ROOT,XIRECS,13460.0,3,1,13469.0,13460.0,13478.0,-0.3125,True,18.0,sell_aggr,-9.0,INTARIAN_PEPPER_ROOT,-3,28.0,18.0
469200,,,INTARIAN_PEPPER_ROOT,XIRECS,13462.0,6,1,13469.0,13462.0,13476.0,0.0,True,14.0,sell_aggr,-7.0,INTARIAN_PEPPER_ROOT,-6,25.0,14.0
473000,,,INTARIAN_PEPPER_ROOT,XIRECS,13477.0,4,1,13478.5,13477.0,13480.0,-0.5,True,3.0,sell_aggr,-1.5,INTARIAN_PEPPER_ROOT,-4,2.0,3.0
473800,,,INTARIAN_PEPPER_ROOT,XIRECS,13467.0,5,1,13474.0,13467.0,13481.0,0.0,True,14.0,sell_aggr,-7.0,INTARIAN_PEPPER_ROOT,-5,27.0,14.0
474000,,,INTARIAN_PEPPER_ROOT,XIRECS,13478.0,5,1,13481.5,13478.0,13485.0,-0.6296296296296297,True,7.0,sell_aggr,-3.5,INTARIAN_PEPPER_ROOT,-5,2.0,7.0
477800,,,INTARIAN_PEPPER_ROOT,XIRECS,13485.0,5,1,13478.0,13471.0,13485.0,0.0,True,14.0,buy_aggr,7.0,INTARIAN_PEPPER_ROOT,5,4.0,14.0
480500,,,INTARIAN_PEPPER_ROOT,XIRECS,13476.0,3,1,13474.5,13473.0,13476.0,0.5714285714285714,True,3.0,buy_aggr,1.5,INTARIAN_PEPPER_ROOT,3,-19.0,3.0
482300,,,INTARIAN_PEPPER_ROOT,XIRECS,13475.0,5,1,13482.5,13475.0,13490.0,0.0,True,15.0,sell_aggr,-7.5,INTARIAN_PEPPER_ROOT,-5,28.0,15.0
486200,,,INTARIAN_PEPPER_ROOT,XIRECS,13490.0,8,1,13491.5,13490.0,13493.0,-0.2,True,3.0,sell_aggr,-1.5,INTARIAN_PEPPER_ROOT,-8,6.0,3.0
486700,,,INTARIAN_PEPPER_ROOT,XIRECS,13482.0,8,1,13479.0,13476.0,13482.0,0.4838709677419355,True,6.0,buy_aggr,3.0,INTARIAN_PEPPER_ROOT,8,-22.0,6.0
489600,,,INTARIAN_PEPPER_ROOT,XIRECS,13482.0,3,1,13489.5,13482.0,13497.0,0.0,True,15.0,sell_aggr,-7.5,INTARIAN_PEPPER_ROOT,-3,26.0,15.0
490500,,,INTARIAN_PEPPER_ROOT,XIRECS,13483.0,5,1,13490.5,13483.0,13498.0,0.0,True,15.0,sell_aggr,-7.5,INTARIAN_PEPPER_ROOT,-5,22.0,15.0
494000,,,INTARIAN_PEPPER_ROOT,XIRECS,13483.0,4,1,13492.0,13483.0,13501.0,0.3333333333333333,True,18.0,sell_aggr,-9.0,INTARIAN_PEPPER_ROOT,-4,32.0,18.0
496000,,,INTARIAN_PEPPER_ROOT,XIRECS,13489.0,4,1,13496.0,13489.0,13503.0,0.0,True,14.0,sell_aggr,-7.0,INTARIAN_PEPPER_ROOT,-4,24.0,14.0
500000,,,INTARIAN_PEPPER_ROOT,XIRECS,13504.0,3,1,13507.5,13504.0,13511.0,-0.7142857142857143,True,7.0,sell_aggr,-3.5,INTARIAN_PEPPER_ROOT,-3,2.0,7.0
501300,,,INTARIAN_PEPPER_ROOT,XIRECS,13505.0,7,1,13507.0,13505.0,13509.0,-0.1764705882352941,True,4.0,sell_aggr,-2.0,INTARIAN_PEPPER_ROOT,-7,3.0,4.0
503500,,,INTARIAN_PEPPER_ROOT,XIRECS,13496.0,6,1,13503.5,13496.0,13511.0,0.0,True,15.0,sell_aggr,-7.5,INTARIAN_PEPPER_ROOT,-6,25.0,15.0
508000,,,INTARIAN_PEPPER_ROOT,XIRECS,13501.0,3,1,13510.0,13501.0,13519.0,-0.2258064516129032,True,18.0,sell_aggr,-9.0,INTARIAN_PEPPER_ROOT,-3,24.0,18.0
509900,,,INTARIAN_PEPPER_ROOT,XIRECS,13499.0,7,1,13508.0,13499.0,13517.0,0.2666666666666666,True,18.0,sell_aggr,-9.0,INTARIAN_PEPPER_ROOT,-7,32.0,18.0
513000,,,INTARIAN_PEPPER_ROOT,XIRECS,13520.0,5,1,13513.0,13506.0,13520.0,0.0,True,14.0,buy_aggr,7.0,INTARIAN_PEPPER_ROOT,5,4.0,14.0
519400,,,INTARIAN_PEPPER_ROOT,XIRECS,13527.0,7,1,13519.5,13512.0,13527.0,0.0,True,15.0,buy_aggr,7.5,INTARIAN_PEPPER_ROOT,7,5.0,15.0
520900,,,INTARIAN_PEPPER_ROOT,XIRECS,13510.0,5,1,13519.0,13510.0,13528.0,0.4117647058823529,True,18.0,sell_aggr,-9.0,INTARIAN_PEPPER_ROOT,-5,36.0,18.0
521800,,,INTARIAN_PEPPER_ROOT,XIRECS,13515.0,5,1,13522.0,13515.0,13529.0,0.0,True,14.0,sell_aggr,-7.0,INTARIAN_PEPPER_ROOT,-5,24.0,14.0
531800,,,INTARIAN_PEPPER_ROOT,XIRECS,13525.0,4,1,13532.0,13525.0,13539.0,0.0,True,14.0,sell_aggr,-7.0,INTARIAN_PEPPER_ROOT,-4,24.0,14.0
536900,,,INTARIAN_PEPPER_ROOT,XIRECS,13544.0,3,1,13537.0,13530.0,13544.0,0.0,True,14.0,buy_aggr,7.0,INTARIAN_PEPPER_ROOT,3,4.0,14.0
540100,,,INTARIAN_PEPPER_ROOT,XIRECS,13533.0,6,1,13540.0,13533.0,13547.0,0.0,True,14.0,sell_aggr,-7.0,INTARIAN_PEPPER_ROOT,-6,24.0,14.0
545300,,,INTARIAN_PEPPER_ROOT,XIRECS,13553.0,7,1,13544.0,13535.0,13553.0,0.3333333333333333,True,18.0,buy_aggr,9.0,INTARIAN_PEPPER_ROOT,7,5.0,18.0
556200,,,INTARIAN_PEPPER_ROOT,XIRECS,13549.0,3,1,13556.0,13549.0,13563.0,0.0,True,14.0,sell_aggr,-7.0,INTARIAN_PEPPER_ROOT,-3,24.0,14.0
556700,,,INTARIAN_PEPPER_ROOT,XIRECS,13552.0,8,1,13550.5,13549.0,13552.0,0.2,True,3.0,buy_aggr,1.5,INTARIAN_PEPPER_ROOT,8,-19.0,3.0
557000,,,INTARIAN_PEPPER_ROOT,XIRECS,13564.0,3,1,13557.0,13550.0,13564.0,0.0,True,14.0,buy_aggr,7.0,INTARIAN_PEPPER_ROOT,3,4.0,14.0
561300,,,INTARIAN_PEPPER_ROOT,XIRECS,13557.0,3,1,13555.5,13554.0,13557.0,0.5714285714285714,True,3.0,buy_aggr,1.5,INTARIAN_PEPPER_ROOT,3,-33.0,3.0
564900,,,INTARIAN_PEPPER_ROOT,XIRECS,13560.0,6,1,13557.0,13554.0,13560.0,0.4545454545454545,True,6.0,buy_aggr,3.0,INTARIAN_PEPPER_ROOT,6,-20.0,6.0
566100,,,INTARIAN_PEPPER_ROOT,XIRECS,13562.0,3,1,13560.5,13559.0,13562.0,0.5714285714285714,True,3.0,buy_aggr,1.5,INTARIAN_PEPPER_ROOT,3,-22.0,3.0
566900,,,INTARIAN_PEPPER_ROOT,XIRECS,13560.0,3,1,13569.0,13560.0,13578.0,-0.3333333333333333,True,18.0,sell_aggr,-9.0,INTARIAN_PEPPER_ROOT,-3,20.0,18.0
570200,,,INTARIAN_PEPPER_ROOT,XIRECS,13577.0,5,1,13570.0,13563.0,13577.0,0.0,True,14.0,buy_aggr,7.0,INTARIAN_PEPPER_ROOT,5,3.0,14.0
576600,,,INTARIAN_PEPPER_ROOT,XIRECS,13584.0,5,1,13576.5,13569.0,13584.0,0.0,True,15.0,buy_aggr,7.5,INTARIAN_PEPPER_ROOT,5,5.0,15.0
579800,,,INTARIAN_PEPPER_ROOT,XIRECS,13587.0,7,1,13580.0,13573.0,13587.0,0.0,True,14.0,buy_aggr,7.0,INTARIAN_PEPPER_ROOT,7,4.0,14.0
580300,,,INTARIAN_PEPPER_ROOT,XIRECS,13573.0,7,1,13580.5,13573.0,13588.0,0.0,True,15.0,sell_aggr,-7.5,INTARIAN_PEPPER_ROOT,-7,25.0,15.0
582300,,,INTARIAN_PEPPER_ROOT,XIRECS,13572.0,5,1,13582.5,13572.0,13593.0,0.0,True,21.0,sell_aggr,-10.5,INTARIAN_PEPPER_ROOT,-5,31.0,21.0
584400,,,INTARIAN_PEPPER_ROOT,XIRECS,13595.0,4,1,13586.0,13577.0,13595.0,-0.4545454545454545,True,18.0,buy_aggr,9.0,INTARIAN_PEPPER_ROOT,4,11.0,18.0
585300,,,INTARIAN_PEPPER_ROOT,XIRECS,13578.0,5,1,13585.5,13578.0,13593.0,0.0,True,15.0,sell_aggr,-7.5,INTARIAN_PEPPER_ROOT,-5,28.0,15.0
590400,,,INTARIAN_PEPPER_ROOT,XIRECS,13601.0,3,1,13592.0,13583.0,13601.0,-0.3333333333333333,True,18.0,buy_aggr,9.0,INTARIAN_PEPPER_ROOT,3,11.0,18.0
592000,,,INTARIAN_PEPPER_ROOT,XIRECS,13596.0,6,1,13597.5,13596.0,13599.0,-0.1428571428571428,True,3.0,sell_aggr,-1.5,INTARIAN_PEPPER_ROOT,-6,2.0,3.0
593800,,,INTARIAN_PEPPER_ROOT,XIRECS,13601.0,3,1,13594.0,13587.0,13601.0,0.0,True,14.0,buy_aggr,7.0,INTARIAN_PEPPER_ROOT,3,1.0,14.0
600500,,,INTARIAN_PEPPER_ROOT,XIRECS,13593.0,6,1,13600.5,13593.0,13608.0,0.0,True,15.0,sell_aggr,-7.5,INTARIAN_PEPPER_ROOT,-6,25.0,15.0
605900,,,INTARIAN_PEPPER_ROOT,XIRECS,13599.0,3,1,13608.0,13599.0,13617.0,-0.1724137931034483,True,18.0,sell_aggr,-9.0,INTARIAN_PEPPER_ROOT,-3,24.0,18.0
610500,,,INTARIAN_PEPPER_ROOT,XIRECS,13603.0,5,1,13610.5,13603.0,13618.0,0.0,True,15.0,sell_aggr,-7.5,INTARIAN_PEPPER_ROOT,-5,25.0,15.0
612300,,,INTARIAN_PEPPER_ROOT,XIRECS,13608.0,8,1,13605.0,13602.0,13608.0,0.4482758620689655,True,6.0,buy_aggr,3.0,INTARIAN_PEPPER_ROOT,8,-19.0,6.0
623400,,,INTARIAN_PEPPER_ROOT,XIRECS,13631.0,6,1,13623.5,13616.0,13631.0,0.0,True,15.0,buy_aggr,7.5,INTARIAN_PEPPER_ROOT,6,8.0,15.0
629200,,,INTARIAN_PEPPER_ROOT,XIRECS,13622.0,4,1,13623.5,13622.0,13625.0,0.2307692307692307,True,3.0,sell_aggr,-1.5,INTARIAN_PEPPER_ROOT,-4,25.0,3.0
631100,,,INTARIAN_PEPPER_ROOT,XIRECS,13624.0,6,1,13631.0,13624.0,13638.0,0.0,True,14.0,sell_aggr,-7.0,INTARIAN_PEPPER_ROOT,-6,20.0,14.0
634500,,,INTARIAN_PEPPER_ROOT,XIRECS,13642.0,6,1,13633.0,13624.0,13642.0,0.3793103448275862,True,18.0,buy_aggr,9.0,INTARIAN_PEPPER_ROOT,6,5.0,18.0
636500,,,INTARIAN_PEPPER_ROOT,XIRECS,13629.0,5,1,13636.5,13629.0,13644.0,0.0,True,15.0,sell_aggr,-7.5,INTARIAN_PEPPER_ROOT,-5,36.0,15.0
637100,,,INTARIAN_PEPPER_ROOT,XIRECS,13644.0,6,1,13637.0,13630.0,13644.0,0.0,True,14.0,buy_aggr,7.0,INTARIAN_PEPPER_ROOT,6,8.0,14.0
639300,,,INTARIAN_PEPPER_ROOT,XIRECS,13632.0,3,1,13639.5,13632.0,13647.0,0.0,True,15.0,sell_aggr,-7.5,INTARIAN_PEPPER_ROOT,-3,25.0,15.0
640000,,,INTARIAN_PEPPER_ROOT,XIRECS,13633.0,4,1,13640.0,13633.0,13647.0,0.0,True,14.0,sell_aggr,-7.0,INTARIAN_PEPPER_ROOT,-4,32.0,14.0
640200,,,INTARIAN_PEPPER_ROOT,XIRECS,13648.0,6,1,13640.5,13633.0,13648.0,0.0,True,15.0,buy_aggr,7.5,INTARIAN_PEPPER_ROOT,6,2.0,15.0
641500,,,INTARIAN_PEPPER_ROOT,XIRECS,13645.0,5,1,13647.0,13645.0,13649.0,-0.3333333333333333,True,4.0,sell_aggr,-2.0,INTARIAN_PEPPER_ROOT,-5,6.0,4.0
642300,,,INTARIAN_PEPPER_ROOT,XIRECS,13650.0,4,1,13641.0,13632.0,13650.0,0.25,True,18.0,buy_aggr,9.0,INTARIAN_PEPPER_ROOT,4,5.0,18.0
643100,,,INTARIAN_PEPPER_ROOT,XIRECS,13632.0,5,1,13643.0,13632.0,13654.0,0.0,True,22.0,sell_aggr,-11.0,INTARIAN_PEPPER_ROOT,-5,32.0,22.0
646000,,,INTARIAN_PEPPER_ROOT,XIRECS,13657.0,4,1,13648.0,13639.0,13657.0,-0.3571428571428571,True,18.0,buy_aggr,9.0,INTARIAN_PEPPER_ROOT,4,12.0,18.0
656600,,,INTARIAN_PEPPER_ROOT,XIRECS,13667.0,6,1,13658.0,13649.0,13667.0,-0.1851851851851851,True,18.0,buy_aggr,9.0,INTARIAN_PEPPER_ROOT,6,11.0,18.0
660600,,,INTARIAN_PEPPER_ROOT,XIRECS,13653.0,3,1,13660.5,13653.0,13668.0,0.0,True,15.0,sell_aggr,-7.5,INTARIAN_PEPPER_ROOT,-3,25.0,15.0
662600,,,INTARIAN_PEPPER_ROOT,XIRECS,13666.0,6,1,13669.5,13666.0,13673.0,-0.5,True,7.0,sell_aggr,-3.5,INTARIAN_PEPPER_ROOT,-6,3.0,7.0
668400,,,INTARIAN_PEPPER_ROOT,XIRECS,13676.0,4,1,13668.5,13661.0,13676.0,0.0,True,15.0,buy_aggr,7.5,INTARIAN_PEPPER_ROOT,4,8.0,15.0
670000,,,INTARIAN_PEPPER_ROOT,XIRECS,13677.0,7,1,13677.0,,13677.0,-1.0,False,,mid_trade,0.0,INTARIAN_PEPPER_ROOT,0,,0.0
672400,,,INTARIAN_PEPPER_ROOT,XIRECS,13665.0,3,1,13672.5,13665.0,13680.0,0.0,True,15.0,sell_aggr,-7.5,INTARIAN_PEPPER_ROOT,-3,25.0,15.0
673600,,,INTARIAN_PEPPER_ROOT,XIRECS,13677.0,6,1,13679.0,13677.0,13681.0,-0.2,True,4.0,sell_aggr,-2.0,INTARIAN_PEPPER_ROOT,-6,7.0,4.0
677700,,,INTARIAN_PEPPER_ROOT,XIRECS,13670.0,4,1,13677.5,13670.0,13685.0,0.0,True,15.0,sell_aggr,-7.5,INTARIAN_PEPPER_ROOT,-4,28.0,15.0
678000,,,INTARIAN_PEPPER_ROOT,XIRECS,13671.0,3,1,13678.0,13671.0,13685.0,0.0,True,14.0,sell_aggr,-7.0,INTARIAN_PEPPER_ROOT,-3,24.0,14.0
681900,,,INTARIAN_PEPPER_ROOT,XIRECS,13689.0,7,1,13682.0,13675.0,13689.0,0.0,True,14.0,buy_aggr,7.0,INTARIAN_PEPPER_ROOT,7,8.0,14.0
683100,,,INTARIAN_PEPPER_ROOT,XIRECS,13690.0,4,1,13681.0,13672.0,13690.0,0.3043478260869565,True,18.0,buy_aggr,9.0,INTARIAN_PEPPER_ROOT,4,4.0,18.0
687500,,,INTARIAN_PEPPER_ROOT,XIRECS,13680.0,4,1,13687.5,13680.0,13695.0,0.0,True,15.0,sell_aggr,-7.5,INTARIAN_PEPPER_ROOT,-4,25.0,15.0
687700,,,INTARIAN_PEPPER_ROOT,XIRECS,13683.0,7,1,13681.5,13680.0,13683.0,0.2222222222222222,True,3.0,buy_aggr,1.5,INTARIAN_PEPPER_ROOT,7,-22.0,3.0
688200,,,INTARIAN_PEPPER_ROOT,XIRECS,13699.0,3,1,13690.0,13681.0,13699.0,-0.2666666666666666,True,18.0,buy_aggr,9.0,INTARIAN_PEPPER_ROOT,3,8.0,18.0
690100,,,INTARIAN_PEPPER_ROOT,XIRECS,13697.0,6,1,13690.0,13683.0,13697.0,0.0,True,14.0,buy_aggr,7.0,INTARIAN_PEPPER_ROOT,6,4.0,14.0
690400,,,INTARIAN_PEPPER_ROOT,XIRECS,13683.0,3,1,13692.0,13683.0,13701.0,-0.2,True,18.0,sell_aggr,-9.0,INTARIAN_PEPPER_ROOT,-3,25.0,18.0
690500,,,INTARIAN_PEPPER_ROOT,XIRECS,13698.0,3,1,13689.0,13680.0,13698.0,0.4285714285714285,True,18.0,buy_aggr,9.0,INTARIAN_PEPPER_ROOT,3,5.0,18.0
690600,,,INTARIAN_PEPPER_ROOT,XIRECS,13694.0,5,1,13696.0,13694.0,13698.0,-0.2307692307692307,True,4.0,sell_aggr,-2.0,INTARIAN_PEPPER_ROOT,-5,3.0,4.0
691800,,,INTARIAN_PEPPER_ROOT,XIRECS,13684.0,7,1,13693.5,13684.0,13703.0,-0.1851851851851851,True,19.0,sell_aggr,-9.5,INTARIAN_PEPPER_ROOT,-7,25.0,19.0
692200,,,INTARIAN_PEPPER_ROOT,XIRECS,13681.0,4,1,13692.0,13681.0,13703.0,0.0,True,22.0,sell_aggr,-11.0,INTARIAN_PEPPER_ROOT,-4,33.0,22.0
701000,,,INTARIAN_PEPPER_ROOT,XIRECS,13696.0,4,1,13695.0,13694.0,13696.0,0.3333333333333333,True,2.0,buy_aggr,1.0,INTARIAN_PEPPER_ROOT,4,-20.0,2.0
702100,,,INTARIAN_PEPPER_ROOT,XIRECS,13709.0,7,1,13707.5,13706.0,13709.0,-0.2857142857142857,True,3.0,buy_aggr,1.5,INTARIAN_PEPPER_ROOT,7,4.0,3.0
703000,,,INTARIAN_PEPPER_ROOT,XIRECS,13696.0,5,1,13703.0,13696.0,13710.0,0.0,True,14.0,sell_aggr,-7.0,INTARIAN_PEPPER_ROOT,-5,24.0,14.0
708800,,,INTARIAN_PEPPER_ROOT,XIRECS,13716.0,4,1,13708.5,13701.0,13716.0,0.0,True,15.0,buy_aggr,7.5,INTARIAN_PEPPER_ROOT,4,4.0,15.0
717400,,,INTARIAN_PEPPER_ROOT,XIRECS,13725.0,4,1,13717.5,13710.0,13725.0,0.0,True,15.0,buy_aggr,7.5,INTARIAN_PEPPER_ROOT,4,5.0,15.0
722300,,,INTARIAN_PEPPER_ROOT,XIRECS,13726.0,4,1,13728.0,13726.0,13730.0,-0.4666666666666667,True,4.0,sell_aggr,-2.0,INTARIAN_PEPPER_ROOT,-4,3.0,4.0
724700,,,INTARIAN_PEPPER_ROOT,XIRECS,13732.0,4,1,13732.0,,13732.0,-1.0,False,,mid_trade,0.0,INTARIAN_PEPPER_ROOT,0,,0.0
727400,,,INTARIAN_PEPPER_ROOT,XIRECS,13735.0,6,1,13726.0,13717.0,13735.0,0.3076923076923077,True,18.0,buy_aggr,9.0,INTARIAN_PEPPER_ROOT,6,2.0,18.0
727600,,,INTARIAN_PEPPER_ROOT,XIRECS,13735.0,3,1,13727.5,13720.0,13735.0,0.0,True,15.0,buy_aggr,7.5,INTARIAN_PEPPER_ROOT,3,5.0,15.0
728600,,,INTARIAN_PEPPER_ROOT,XIRECS,13721.0,5,1,13728.5,13721.0,13736.0,0.0,True,15.0,sell_aggr,-7.5,INTARIAN_PEPPER_ROOT,-5,25.0,15.0
733700,,,INTARIAN_PEPPER_ROOT,XIRECS,13741.0,3,1,13733.5,13726.0,13741.0,0.0,True,15.0,buy_aggr,7.5,INTARIAN_PEPPER_ROOT,3,5.0,15.0
737500,,,INTARIAN_PEPPER_ROOT,XIRECS,13741.0,3,1,13743.0,13741.0,13745.0,-0.5384615384615384,True,4.0,sell_aggr,-2.0,INTARIAN_PEPPER_ROOT,-3,6.0,4.0
742000,,,INTARIAN_PEPPER_ROOT,XIRECS,13737.0,8,1,13736.0,13735.0,13737.0,0.0588235294117647,True,2.0,buy_aggr,1.0,INTARIAN_PEPPER_ROOT,8,-20.0,2.0
753100,,,INTARIAN_PEPPER_ROOT,XIRECS,13764.0,7,1,13753.0,13742.0,13764.0,0.0,True,22.0,buy_aggr,11.0,INTARIAN_PEPPER_ROOT,7,24.0,22.0
755700,,,INTARIAN_PEPPER_ROOT,XIRECS,13748.0,7,1,13755.5,13748.0,13763.0,0.0,True,15.0,sell_aggr,-7.5,INTARIAN_PEPPER_ROOT,-7,25.0,15.0
755900,,,INTARIAN_PEPPER_ROOT,XIRECS,13763.0,3,1,13756.0,13749.0,13763.0,0.0,True,14.0,buy_aggr,7.0,INTARIAN_PEPPER_ROOT,3,0.0,14.0
763200,,,INTARIAN_PEPPER_ROOT,XIRECS,13774.0,4,1,13765.0,13756.0,13774.0,-0.1428571428571428,True,18.0,buy_aggr,9.0,INTARIAN_PEPPER_ROOT,4,11.0,18.0
763800,,,INTARIAN_PEPPER_ROOT,XIRECS,13771.0,6,1,13763.5,13756.0,13771.0,0.0,True,15.0,buy_aggr,7.5,INTARIAN_PEPPER_ROOT,6,5.0,15.0
764500,,,INTARIAN_PEPPER_ROOT,XIRECS,13757.0,5,1,13764.5,13757.0,13772.0,0.0,True,15.0,sell_aggr,-7.5,INTARIAN_PEPPER_ROOT,-5,25.0,15.0
766000,,,INTARIAN_PEPPER_ROOT,XIRECS,13770.0,4,1,13771.5,13770.0,13773.0,-0.5,True,3.0,sell_aggr,-1.5,INTARIAN_PEPPER_ROOT,-4,6.0,3.0
770300,,,INTARIAN_PEPPER_ROOT,XIRECS,13763.0,4,1,13763.0,13763.0,,1.0,False,,mid_trade,0.0,INTARIAN_PEPPER_ROOT,0,,0.0
771800,,,INTARIAN_PEPPER_ROOT,XIRECS,13775.0,6,1,13777.0,13775.0,13779.0,-0.3333333333333333,True,4.0,sell_aggr,-2.0,INTARIAN_PEPPER_ROOT,-6,3.0,4.0
775500,,,INTARIAN_PEPPER_ROOT,XIRECS,13779.0,7,1,13781.0,13779.0,13783.0,-0.0666666666666666,True,4.0,sell_aggr,-2.0,INTARIAN_PEPPER_ROOT,-7,0.0,4.0
777200,,,INTARIAN_PEPPER_ROOT,XIRECS,13770.0,5,1,13777.5,13770.0,13785.0,0.0,True,15.0,sell_aggr,-7.5,INTARIAN_PEPPER_ROOT,-5,25.0,15.0
781100,,,INTARIAN_PEPPER_ROOT,XIRECS,13785.0,7,1,13786.5,13785.0,13788.0,-0.2631578947368421,True,3.0,sell_aggr,-1.5,INTARIAN_PEPPER_ROOT,-7,2.0,3.0
783500,,,INTARIAN_PEPPER_ROOT,XIRECS,13776.0,4,1,13783.5,13776.0,13791.0,0.0,True,15.0,sell_aggr,-7.5,INTARIAN_PEPPER_ROOT,-4,28.0,15.0
785300,,,INTARIAN_PEPPER_ROOT,XIRECS,13774.0,3,1,13783.5,13774.0,13793.0,0.1538461538461538,True,19.0,sell_aggr,-9.5,INTARIAN_PEPPER_ROOT,-3,33.0,19.0
787000,,,INTARIAN_PEPPER_ROOT,XIRECS,13791.0,6,1,13792.5,13791.0,13794.0,-0.1428571428571428,True,3.0,sell_aggr,-1.5,INTARIAN_PEPPER_ROOT,-6,-2.0,3.0
787500,,,INTARIAN_PEPPER_ROOT,XIRECS,13780.0,4,1,13787.5,13780.0,13795.0,0.0,True,15.0,sell_aggr,-7.5,INTARIAN_PEPPER_ROOT,-4,25.0,15.0
791700,,,INTARIAN_PEPPER_ROOT,XIRECS,13787.0,6,1,13787.0,,13787.0,-1.0,False,,mid_trade,0.0,INTARIAN_PEPPER_ROOT,0,,0.0
793900,,,INTARIAN_PEPPER_ROOT,XIRECS,13801.0,4,1,13794.0,13787.0,13801.0,0.0,True,14.0,buy_aggr,7.0,INTARIAN_PEPPER_ROOT,4,4.0,14.0
796100,,,INTARIAN_PEPPER_ROOT,XIRECS,13800.0,5,1,13801.5,13800.0,13803.0,-0.4117647058823529,True,3.0,sell_aggr,-1.5,INTARIAN_PEPPER_ROOT,-5,6.0,3.0
796500,,,INTARIAN_PEPPER_ROOT,XIRECS,13789.0,5,1,13796.5,13789.0,13804.0,0.0,True,15.0,sell_aggr,-7.5,INTARIAN_PEPPER_ROOT,-5,28.0,15.0
796600,,,INTARIAN_PEPPER_ROOT,XIRECS,13800.0,7,1,13803.5,13800.0,13807.0,-0.391304347826087,True,7.0,sell_aggr,-3.5,INTARIAN_PEPPER_ROOT,-7,3.0,7.0
798600,,,INTARIAN_PEPPER_ROOT,XIRECS,13806.0,5,1,13797.0,13788.0,13806.0,0.3043478260869565,True,18.0,buy_aggr,9.0,INTARIAN_PEPPER_ROOT,5,5.0,18.0
806300,,,INTARIAN_PEPPER_ROOT,XIRECS,13795.0,7,1,13804.5,13795.0,13814.0,0.2142857142857142,True,19.0,sell_aggr,-9.5,INTARIAN_PEPPER_ROOT,-7,36.0,19.0
806400,,,INTARIAN_PEPPER_ROOT,XIRECS,13817.0,3,1,13808.0,13799.0,13817.0,-0.3125,True,18.0,buy_aggr,9.0,INTARIAN_PEPPER_ROOT,3,11.0,18.0
811900,,,INTARIAN_PEPPER_ROOT,XIRECS,13804.0,6,1,13811.5,13804.0,13819.0,0.0,True,15.0,sell_aggr,-7.5,INTARIAN_PEPPER_ROOT,-6,25.0,15.0
813200,,,INTARIAN_PEPPER_ROOT,XIRECS,13806.0,3,1,13813.5,13806.0,13821.0,0.0,True,15.0,sell_aggr,-7.5,INTARIAN_PEPPER_ROOT,-3,25.0,15.0
815900,,,INTARIAN_PEPPER_ROOT,XIRECS,13820.0,3,1,13821.5,13820.0,13823.0,-0.6,True,3.0,sell_aggr,-1.5,INTARIAN_PEPPER_ROOT,-3,1.0,3.0
825200,,,INTARIAN_PEPPER_ROOT,XIRECS,13829.0,4,1,13831.0,13829.0,13833.0,-0.3846153846153846,True,4.0,sell_aggr,-2.0,INTARIAN_PEPPER_ROOT,-4,-1.0,4.0
825700,,,INTARIAN_PEPPER_ROOT,XIRECS,13829.0,6,1,13833.0,13829.0,13837.0,-0.5384615384615384,True,8.0,sell_aggr,-4.0,INTARIAN_PEPPER_ROOT,-6,0.0,8.0
829800,,,INTARIAN_PEPPER_ROOT,XIRECS,13833.0,7,1,13835.0,13833.0,13837.0,-0.125,True,4.0,sell_aggr,-2.0,INTARIAN_PEPPER_ROOT,-7,3.0,4.0
833300,,,INTARIAN_PEPPER_ROOT,XIRECS,13822.0,7,1,13831.5,13822.0,13841.0,0.4117647058823529,True,19.0,sell_aggr,-9.5,INTARIAN_PEPPER_ROOT,-7,29.0,19.0
833400,,,INTARIAN_PEPPER_ROOT,XIRECS,13826.0,3,1,13833.5,13826.0,13841.0,0.0,True,15.0,sell_aggr,-7.5,INTARIAN_PEPPER_ROOT,-3,25.0,15.0
837300,,,INTARIAN_PEPPER_ROOT,XIRECS,13845.0,3,1,13837.5,13830.0,13845.0,0.0,True,15.0,buy_aggr,7.5,INTARIAN_PEPPER_ROOT,3,2.0,15.0
839500,,,INTARIAN_PEPPER_ROOT,XIRECS,13847.0,6,1,13839.5,13832.0,13847.0,0.0,True,15.0,buy_aggr,7.5,INTARIAN_PEPPER_ROOT,6,2.0,15.0
840900,,,INTARIAN_PEPPER_ROOT,XIRECS,13836.0,8,1,13834.5,13833.0,13836.0,0.1578947368421052,True,3.0,buy_aggr,1.5,INTARIAN_PEPPER_ROOT,8,-19.0,3.0
842900,,,INTARIAN_PEPPER_ROOT,XIRECS,13835.0,3,1,13842.5,13835.0,13850.0,0.0,True,15.0,sell_aggr,-7.5,INTARIAN_PEPPER_ROOT,-3,25.0,15.0
844300,,,INTARIAN_PEPPER_ROOT,XIRECS,13848.0,7,1,13850.0,13848.0,13852.0,-0.1764705882352941,True,4.0,sell_aggr,-2.0,INTARIAN_PEPPER_ROOT,-7,6.0,4.0
844800,,,INTARIAN_PEPPER_ROOT,XIRECS,13840.0,5,1,13837.0,13834.0,13840.0,0.6153846153846154,True,6.0,buy_aggr,3.0,INTARIAN_PEPPER_ROOT,5,-19.0,6.0
845400,,,INTARIAN_PEPPER_ROOT,XIRECS,13841.0,7,1,13839.5,13838.0,13841.0,0.1764705882352941,True,3.0,buy_aggr,1.5,INTARIAN_PEPPER_ROOT,7,-19.0,3.0
846200,,,INTARIAN_PEPPER_ROOT,XIRECS,13839.0,4,1,13846.5,13839.0,13854.0,0.0,True,15.0,sell_aggr,-7.5,INTARIAN_PEPPER_ROOT,-4,25.0,15.0
846700,,,INTARIAN_PEPPER_ROOT,XIRECS,13854.0,6,1,13846.5,13839.0,13854.0,0.0,True,15.0,buy_aggr,7.5,INTARIAN_PEPPER_ROOT,6,8.0,15.0
847200,,,INTARIAN_PEPPER_ROOT,XIRECS,13855.0,5,1,13845.5,13836.0,13855.0,0.3333333333333333,True,19.0,buy_aggr,9.5,INTARIAN_PEPPER_ROOT,5,5.0,19.0
854300,,,INTARIAN_PEPPER_ROOT,XIRECS,13862.0,3,1,13854.5,13847.0,13862.0,0.0,True,15.0,buy_aggr,7.5,INTARIAN_PEPPER_ROOT,3,9.0,15.0
857700,,,INTARIAN_PEPPER_ROOT,XIRECS,13850.0,4,1,13857.5,13850.0,13865.0,0.0,True,15.0,sell_aggr,-7.5,INTARIAN_PEPPER_ROOT,-4,25.0,15.0
858500,,,INTARIAN_PEPPER_ROOT,XIRECS,13851.0,6,1,13858.5,13851.0,13866.0,0.0,True,15.0,sell_aggr,-7.5,INTARIAN_PEPPER_ROOT,-6,25.0,15.0
861900,,,INTARIAN_PEPPER_ROOT,XIRECS,13854.0,7,1,13861.5,13854.0,13869.0,0.0,True,15.0,sell_aggr,-7.5,INTARIAN_PEPPER_ROOT,-7,26.0,15.0
870000,,,INTARIAN_PEPPER_ROOT,XIRECS,13877.0,7,1,13870.0,13863.0,13877.0,0.0,True,14.0,buy_aggr,7.0,INTARIAN_PEPPER_ROOT,7,4.0,14.0
875800,,,INTARIAN_PEPPER_ROOT,XIRECS,13868.0,3,1,13875.5,13868.0,13883.0,0.0,True,15.0,sell_aggr,-7.5,INTARIAN_PEPPER_ROOT,-3,25.0,15.0
878000,,,INTARIAN_PEPPER_ROOT,XIRECS,13873.0,4,1,13870.0,13867.0,13873.0,0.7241379310344828,True,6.0,buy_aggr,3.0,INTARIAN_PEPPER_ROOT,4,-16.0,6.0
881200,,,INTARIAN_PEPPER_ROOT,XIRECS,13885.0,4,1,13887.0,13885.0,13889.0,-0.3333333333333333,True,4.0,sell_aggr,-2.0,INTARIAN_PEPPER_ROOT,-4,-1.0,4.0
883700,,,INTARIAN_PEPPER_ROOT,XIRECS,13876.0,5,1,13883.5,13876.0,13891.0,0.0,True,15.0,sell_aggr,-7.5,INTARIAN_PEPPER_ROOT,-5,25.0,15.0
886000,,,INTARIAN_PEPPER_ROOT,XIRECS,13890.0,3,1,13891.5,13890.0,13893.0,-0.5384615384615384,True,3.0,sell_aggr,-1.5,INTARIAN_PEPPER_ROOT,-3,2.0,3.0
887000,,,INTARIAN_PEPPER_ROOT,XIRECS,13891.0,4,1,13892.5,13891.0,13894.0,-0.4666666666666667,True,3.0,sell_aggr,-1.5,INTARIAN_PEPPER_ROOT,-4,-2.0,3.0
887900,,,INTARIAN_PEPPER_ROOT,XIRECS,13880.0,4,1,13887.5,13880.0,13895.0,0.0,True,15.0,sell_aggr,-7.5,INTARIAN_PEPPER_ROOT,-4,30.0,15.0
889300,,,INTARIAN_PEPPER_ROOT,XIRECS,13897.0,4,1,13889.5,13882.0,13897.0,0.0,True,15.0,buy_aggr,7.5,INTARIAN_PEPPER_ROOT,4,5.0,15.0
891200,,,INTARIAN_PEPPER_ROOT,XIRECS,13899.0,7,1,13891.5,13884.0,13899.0,0.0,True,15.0,buy_aggr,7.5,INTARIAN_PEPPER_ROOT,7,5.0,15.0
898100,,,INTARIAN_PEPPER_ROOT,XIRECS,13893.0,8,1,13892.0,13891.0,13893.0,0.0,True,2.0,buy_aggr,1.0,INTARIAN_PEPPER_ROOT,8,-17.0,2.0
899500,,,INTARIAN_PEPPER_ROOT,XIRECS,13907.0,6,1,13899.5,13892.0,13907.0,0.0,True,15.0,buy_aggr,7.5,INTARIAN_PEPPER_ROOT,6,8.0,15.0
907600,,,INTARIAN_PEPPER_ROOT,XIRECS,13915.0,6,1,13907.5,13900.0,13915.0,0.0,True,15.0,buy_aggr,7.5,INTARIAN_PEPPER_ROOT,6,5.0,15.0
907700,,,INTARIAN_PEPPER_ROOT,XIRECS,13919.0,7,1,13909.5,13900.0,13919.0,-0.3846153846153846,True,19.0,buy_aggr,9.5,INTARIAN_PEPPER_ROOT,7,13.0,19.0
911000,,,INTARIAN_PEPPER_ROOT,XIRECS,13904.0,5,1,13911.0,13904.0,13918.0,0.0,True,14.0,sell_aggr,-7.0,INTARIAN_PEPPER_ROOT,-5,24.0,14.0
912600,,,INTARIAN_PEPPER_ROOT,XIRECS,13920.0,7,1,13912.5,13905.0,13920.0,0.0,True,15.0,buy_aggr,7.5,INTARIAN_PEPPER_ROOT,7,5.0,15.0
914900,,,INTARIAN_PEPPER_ROOT,XIRECS,13926.0,5,1,13915.0,13904.0,13926.0,0.0,True,22.0,buy_aggr,11.0,INTARIAN_PEPPER_ROOT,5,13.0,22.0
918600,,,INTARIAN_PEPPER_ROOT,XIRECS,13926.0,7,1,13917.0,13908.0,13926.0,0.3571428571428571,True,18.0,buy_aggr,9.0,INTARIAN_PEPPER_ROOT,7,5.0,18.0
920500,,,INTARIAN_PEPPER_ROOT,XIRECS,13928.0,4,1,13920.5,13913.0,13928.0,0.0,True,15.0,buy_aggr,7.5,INTARIAN_PEPPER_ROOT,4,5.0,15.0
921100,,,INTARIAN_PEPPER_ROOT,XIRECS,13929.0,5,1,13921.5,13914.0,13929.0,0.0,True,15.0,buy_aggr,7.5,INTARIAN_PEPPER_ROOT,5,6.0,15.0
922700,,,INTARIAN_PEPPER_ROOT,XIRECS,13930.0,3,1,13922.5,13915.0,13930.0,0.0,True,15.0,buy_aggr,7.5,INTARIAN_PEPPER_ROOT,3,5.0,15.0
922800,,,INTARIAN_PEPPER_ROOT,XIRECS,13915.0,7,1,13922.5,13915.0,13930.0,0.0,True,15.0,sell_aggr,-7.5,INTARIAN_PEPPER_ROOT,-7,25.0,15.0
927200,,,INTARIAN_PEPPER_ROOT,XIRECS,13931.0,3,1,13933.0,13931.0,13935.0,-0.5714285714285714,True,4.0,sell_aggr,-2.0,INTARIAN_PEPPER_ROOT,-3,3.0,4.0
929900,,,INTARIAN_PEPPER_ROOT,XIRECS,13934.0,7,1,13935.5,13934.0,13937.0,-0.0666666666666666,True,3.0,sell_aggr,-1.5,INTARIAN_PEPPER_ROOT,-7,1.0,3.0
933700,,,INTARIAN_PEPPER_ROOT,XIRECS,13941.0,6,1,13941.0,,13941.0,-1.0,False,,mid_trade,0.0,INTARIAN_PEPPER_ROOT,0,,0.0
936600,,,INTARIAN_PEPPER_ROOT,XIRECS,13932.0,8,1,13929.0,13926.0,13932.0,0.4838709677419355,True,6.0,buy_aggr,3.0,INTARIAN_PEPPER_ROOT,8,-16.0,6.0
938100,,,INTARIAN_PEPPER_ROOT,XIRECS,13927.0,6,1,13936.5,13927.0,13946.0,0.3333333333333333,True,19.0,sell_aggr,-9.5,INTARIAN_PEPPER_ROOT,-6,33.0,19.0
942700,,,INTARIAN_PEPPER_ROOT,XIRECS,13938.0,3,1,13935.0,13932.0,13938.0,0.6666666666666666,True,6.0,buy_aggr,3.0,INTARIAN_PEPPER_ROOT,3,-19.0,6.0
947900,,,INTARIAN_PEPPER_ROOT,XIRECS,13943.0,5,1,13941.5,13940.0,13943.0,0.3333333333333333,True,3.0,buy_aggr,1.5,INTARIAN_PEPPER_ROOT,5,-19.0,3.0
948000,,,INTARIAN_PEPPER_ROOT,XIRECS,13941.0,6,1,13948.0,13941.0,13955.0,0.0,True,14.0,sell_aggr,-7.0,INTARIAN_PEPPER_ROOT,-6,24.0,14.0
948200,,,INTARIAN_PEPPER_ROOT,XIRECS,13956.0,6,1,13948.5,13941.0,13956.0,0.0,True,15.0,buy_aggr,7.5,INTARIAN_PEPPER_ROOT,6,5.0,15.0
949900,,,INTARIAN_PEPPER_ROOT,XIRECS,13957.0,4,1,13949.5,13942.0,13957.0,0.0,True,15.0,buy_aggr,7.5,INTARIAN_PEPPER_ROOT,4,5.0,15.0
958100,,,INTARIAN_PEPPER_ROOT,XIRECS,13969.0,6,1,13960.0,13951.0,13969.0,-0.3076923076923077,True,18.0,buy_aggr,9.0,INTARIAN_PEPPER_ROOT,6,11.0,18.0
959100,,,INTARIAN_PEPPER_ROOT,XIRECS,13963.0,3,1,13965.0,13963.0,13967.0,-0.5384615384615384,True,4.0,sell_aggr,-2.0,INTARIAN_PEPPER_ROOT,-3,-1.0,4.0
965000,,,INTARIAN_PEPPER_ROOT,XIRECS,13958.0,7,1,13965.0,13958.0,13972.0,0.0,True,14.0,sell_aggr,-7.0,INTARIAN_PEPPER_ROOT,-7,24.0,14.0
965600,,,INTARIAN_PEPPER_ROOT,XIRECS,13958.0,5,1,13965.5,13958.0,13973.0,0.0,True,15.0,sell_aggr,-7.5,INTARIAN_PEPPER_ROOT,-5,29.0,15.0
966200,,,INTARIAN_PEPPER_ROOT,XIRECS,13959.0,5,1,13966.5,13959.0,13974.0,0.0,True,15.0,sell_aggr,-7.5,INTARIAN_PEPPER_ROOT,-5,21.0,15.0
973900,,,INTARIAN_PEPPER_ROOT,XIRECS,13981.0,5,1,13973.5,13966.0,13981.0,0.0,True,15.0,buy_aggr,7.5,INTARIAN_PEPPER_ROOT,5,5.0,15.0
974600,,,INTARIAN_PEPPER_ROOT,XIRECS,13964.0,7,1,13975.0,13964.0,13986.0,0.0,True,22.0,sell_aggr,-11.0,INTARIAN_PEPPER_ROOT,-7,31.0,22.0
976500,,,INTARIAN_PEPPER_ROOT,XIRECS,13987.0,5,1,13978.0,13969.0,13987.0,-0.36,True,18.0,buy_aggr,9.0,INTARIAN_PEPPER_ROOT,5,11.0,18.0
976900,,,INTARIAN_PEPPER_ROOT,XIRECS,13984.0,3,1,13976.5,13969.0,13984.0,0.0,True,15.0,buy_aggr,7.5,INTARIAN_PEPPER_ROOT,3,1.0,15.0
977200,,,INTARIAN_PEPPER_ROOT,XIRECS,13973.0,5,1,13971.5,13970.0,13973.0,0.4117647058823529,True,3.0,buy_aggr,1.5,INTARIAN_PEPPER_ROOT,5,-19.0,3.0
978400,,,INTARIAN_PEPPER_ROOT,XIRECS,13986.0,6,1,13984.0,13982.0,13986.0,-0.1578947368421052,True,4.0,buy_aggr,2.0,INTARIAN_PEPPER_ROOT,6,5.0,4.0
981200,,,INTARIAN_PEPPER_ROOT,XIRECS,13977.0,3,1,13975.5,13974.0,13977.0,0.5714285714285714,True,3.0,buy_aggr,1.5,INTARIAN_PEPPER_ROOT,3,-15.0,3.0
983000,,,INTARIAN_PEPPER_ROOT,XIRECS,13976.0,6,1,13983.0,13976.0,13990.0,0.0,True,14.0,sell_aggr,-7.0,INTARIAN_PEPPER_ROOT,-6,20.0,14.0
987600,,,INTARIAN_PEPPER_ROOT,XIRECS,13977.0,3,1,13986.0,13977.0,13995.0,0.3043478260869565,True,18.0,sell_aggr,-9.0,INTARIAN_PEPPER_ROOT,-3,31.0,18.0
989900,,,INTARIAN_PEPPER_ROOT,XIRECS,13982.0,4,1,13991.5,13982.0,14001.0,-0.4117647058823529,True,19.0,sell_aggr,-9.5,INTARIAN_PEPPER_ROOT,-4,25.0,19.0
991100,,,INTARIAN_PEPPER_ROOT,XIRECS,13984.0,6,1,13991.5,13984.0,13999.0,0.0,True,15.0,sell_aggr,-7.5,INTARIAN_PEPPER_ROOT,-6,21.0,15.0
994400,,,INTARIAN_PEPPER_ROOT,XIRECS,13987.0,3,1,13994.5,13987.0,14002.0,0.0,True,15.0,sell_aggr,-7.5,INTARIAN_PEPPER_ROOT,-3,25.0,15.0
995100,,,INTARIAN_PEPPER_ROOT,XIRECS,13999.0,7,1,14001.0,13999.0,14003.0,-0.1764705882352941,True,4.0,sell_aggr,-2.0,INTARIAN_PEPPER_ROOT,-7,,4.0
