timestamp,buyer,seller,symbol,currency,price,quantity,day
0,,,ASH_COATED_OSMIUM,XIRECS,9982.0,6,-1
3600,,,ASH_COATED_OSMIUM,XIRECS,10001.0,3,-1
4200,,,ASH_COATED_OSMIUM,XIRECS,10002.0,2,-1
4400,,,INTARIAN_PEPPER_ROOT,XIRECS,11010.0,5,-1
5000,,,INTARIAN_PEPPER_ROOT,XIRECS,10996.0,5,-1
9100,,,ASH_COATED_OSMIUM,XIRECS,9994.0,4,-1
9600,,,ASH_COATED_OSMIUM,XIRECS,9989.0,6,-1
10000,,,ASH_COATED_OSMIUM,XIRECS,9988.0,8,-1
12100,,,ASH_COATED_OSMIUM,XIRECS,9989.0,5,-1
15100,,,ASH_COATED_OSMIUM,XIRECS,10011.0,2,-1
15100,,,ASH_COATED_OSMIUM,XIRECS,10011.0,8,-1
17400,,,INTARIAN_PEPPER_ROOT,XIRECS,11014.0,3,-1
18500,,,ASH_COATED_OSMIUM,XIRECS,10010.0,6,-1
23000,,,INTARIAN_PEPPER_ROOT,XIRECS,11014.0,4,-1
23100,,,INTARIAN_PEPPER_ROOT,XIRECS,11019.0,4,-1
23900,,,ASH_COATED_OSMIUM,XIRECS,9991.0,4,-1
24300,,,ASH_COATED_OSMIUM,XIRECS,9992.0,4,-1
24600,,,ASH_COATED_OSMIUM,XIRECS,9991.0,3,-1
30400,,,ASH_COATED_OSMIUM,XIRECS,10010.0,2,-1
30400,,,INTARIAN_PEPPER_ROOT,XIRECS,11036.0,6,-1
32800,,,ASH_COATED_OSMIUM,XIRECS,9993.0,4,-1
33300,,,INTARIAN_PEPPER_ROOT,XIRECS,11036.0,7,-1
34000,,,ASH_COATED_OSMIUM,XIRECS,10010.0,7,-1
34400,,,INTARIAN_PEPPER_ROOT,XIRECS,11043.0,3,-1
34500,,,ASH_COATED_OSMIUM,XIRECS,9994.0,8,-1
35700,,,INTARIAN_PEPPER_ROOT,XIRECS,11042.0,7,-1
35700,,,INTARIAN_PEPPER_ROOT,XIRECS,11039.0,3,-1
35800,,,INTARIAN_PEPPER_ROOT,XIRECS,11032.0,7,-1
36500,,,ASH_COATED_OSMIUM,XIRECS,10013.0,3,-1
37900,,,ASH_COATED_OSMIUM,XIRECS,9996.0,4,-1
38400,,,ASH_COATED_OSMIUM,XIRECS,10012.0,3,-1
39100,,,ASH_COATED_OSMIUM,XIRECS,10011.0,6,-1
39900,,,ASH_COATED_OSMIUM,XIRECS,10013.0,7,-1
41500,,,ASH_COATED_OSMIUM,XIRECS,10009.0,5,-1
42800,,,INTARIAN_PEPPER_ROOT,XIRECS,11052.0,5,-1
44700,,,INTARIAN_PEPPER_ROOT,XIRECS,11041.0,8,-1
50900,,,ASH_COATED_OSMIUM,XIRECS,9990.0,5,-1
51400,,,INTARIAN_PEPPER_ROOT,XIRECS,11045.0,4,-1
54600,,,ASH_COATED_OSMIUM,XIRECS,9986.0,6,-1
57000,,,INTARIAN_PEPPER_ROOT,XIRECS,11063.0,4,-1
58400,,,ASH_COATED_OSMIUM,XIRECS,9990.0,3,-1
59500,,,ASH_COATED_OSMIUM,XIRECS,10007.0,2,-1
61700,,,INTARIAN_PEPPER_ROOT,XIRECS,11068.0,6,-1
62000,,,ASH_COATED_OSMIUM,XIRECS,10008.0,6,-1
63700,,,ASH_COATED_OSMIUM,XIRECS,9990.0,2,-1
64300,,,INTARIAN_PEPPER_ROOT,XIRECS,11060.0,3,-1
64900,,,ASH_COATED_OSMIUM,XIRECS,10005.0,4,-1
65300,,,ASH_COATED_OSMIUM,XIRECS,9989.0,2,-1
67600,,,INTARIAN_PEPPER_ROOT,XIRECS,11070.0,4,-1
71500,,,INTARIAN_PEPPER_ROOT,XIRECS,11068.0,4,-1
73700,,,INTARIAN_PEPPER_ROOT,XIRECS,11065.0,4,-1
76300,,,ASH_COATED_OSMIUM,XIRECS,9994.0,6,-1
76500,,,ASH_COATED_OSMIUM,XIRECS,10013.0,8,-1
77200,,,INTARIAN_PEPPER_ROOT,XIRECS,11071.0,3,-1
80200,,,INTARIAN_PEPPER_ROOT,XIRECS,11074.0,5,-1
83000,,,INTARIAN_PEPPER_ROOT,XIRECS,11086.0,6,-1
83700,,,ASH_COATED_OSMIUM,XIRECS,10009.0,2,-1
84400,,,INTARIAN_PEPPER_ROOT,XIRECS,11087.0,5,-1
84600,,,INTARIAN_PEPPER_ROOT,XIRECS,11091.0,6,-1
84800,,,INTARIAN_PEPPER_ROOT,XIRECS,11088.0,5,-1
85500,,,ASH_COATED_OSMIUM,XIRECS,9995.0,7,-1
85700,,,ASH_COATED_OSMIUM,XIRECS,10011.0,3,-1
85900,,,ASH_COATED_OSMIUM,XIRECS,9995.0,5,-1
87400,,,INTARIAN_PEPPER_ROOT,XIRECS,11081.0,3,-1
87900,,,ASH_COATED_OSMIUM,XIRECS,9993.0,5,-1
88300,,,ASH_COATED_OSMIUM,XIRECS,10011.0,2,-1
90200,,,ASH_COATED_OSMIUM,XIRECS,10011.0,10,-1
90700,,,ASH_COATED_OSMIUM,XIRECS,10015.0,2,-1
90800,,,ASH_COATED_OSMIUM,XIRECS,9994.0,6,-1
91700,,,INTARIAN_PEPPER_ROOT,XIRECS,11088.0,8,-1
92500,,,INTARIAN_PEPPER_ROOT,XIRECS,11101.0,7,-1
95100,,,INTARIAN_PEPPER_ROOT,XIRECS,11091.0,8,-1
95900,,,ASH_COATED_OSMIUM,XIRECS,10007.0,3,-1
96900,,,ASH_COATED_OSMIUM,XIRECS,10007.0,6,-1
96900,,,ASH_COATED_OSMIUM,XIRECS,10007.0,8,-1
97200,,,INTARIAN_PEPPER_ROOT,XIRECS,11103.0,7,-1
105900,,,ASH_COATED_OSMIUM,XIRECS,10011.0,5,-1
107000,,,INTARIAN_PEPPER_ROOT,XIRECS,11113.0,7,-1
107200,,,ASH_COATED_OSMIUM,XIRECS,9991.0,3,-1
108800,,,INTARIAN_PEPPER_ROOT,XIRECS,11112.0,3,-1
109800,,,INTARIAN_PEPPER_ROOT,XIRECS,11116.0,4,-1
111600,,,ASH_COATED_OSMIUM,XIRECS,9992.0,5,-1
114700,,,ASH_COATED_OSMIUM,XIRECS,9991.0,3,-1
116100,,,ASH_COATED_OSMIUM,XIRECS,9989.0,8,-1
117500,,,INTARIAN_PEPPER_ROOT,XIRECS,11111.0,6,-1
122000,,,ASH_COATED_OSMIUM,XIRECS,10007.0,10,-1
122300,,,ASH_COATED_OSMIUM,XIRECS,10007.0,5,-1
122400,,,INTARIAN_PEPPER_ROOT,XIRECS,11128.0,7,-1
124500,,,ASH_COATED_OSMIUM,XIRECS,9989.0,2,-1
126400,,,ASH_COATED_OSMIUM,XIRECS,9988.0,6,-1
126500,,,ASH_COATED_OSMIUM,XIRECS,9988.0,6,-1
127800,,,ASH_COATED_OSMIUM,XIRECS,10003.0,2,-1
127800,,,INTARIAN_PEPPER_ROOT,XIRECS,11122.0,3,-1
129500,,,INTARIAN_PEPPER_ROOT,XIRECS,11136.0,3,-1
130300,,,ASH_COATED_OSMIUM,XIRECS,10003.0,2,-1
131100,,,INTARIAN_PEPPER_ROOT,XIRECS,11137.0,4,-1
131400,,,ASH_COATED_OSMIUM,XIRECS,10003.0,2,-1
132300,,,INTARIAN_PEPPER_ROOT,XIRECS,11126.0,3,-1
134400,,,INTARIAN_PEPPER_ROOT,XIRECS,11140.0,4,-1
137700,,,ASH_COATED_OSMIUM,XIRECS,10007.0,3,-1
138000,,,INTARIAN_PEPPER_ROOT,XIRECS,11129.0,4,-1
139400,,,ASH_COATED_OSMIUM,XIRECS,9989.0,6,-1
139400,,,ASH_COATED_OSMIUM,XIRECS,9989.0,5,-1
141900,,,INTARIAN_PEPPER_ROOT,XIRECS,11136.0,4,-1
142000,,,ASH_COATED_OSMIUM,XIRECS,9992.0,2,-1
142200,,,ASH_COATED_OSMIUM,XIRECS,9992.0,6,-1
146700,,,ASH_COATED_OSMIUM,XIRECS,10009.0,6,-1
148200,,,INTARIAN_PEPPER_ROOT,XIRECS,11142.0,7,-1
149500,,,ASH_COATED_OSMIUM,XIRECS,10009.0,9,-1
153200,,,ASH_COATED_OSMIUM,XIRECS,9994.0,5,-1
154600,,,ASH_COATED_OSMIUM,XIRECS,9992.0,2,-1
155300,,,ASH_COATED_OSMIUM,XIRECS,10009.0,10,-1
155500,,,ASH_COATED_OSMIUM,XIRECS,10013.0,6,-1
155700,,,ASH_COATED_OSMIUM,XIRECS,10010.0,7,-1
155800,,,ASH_COATED_OSMIUM,XIRECS,9995.0,5,-1
158200,,,ASH_COATED_OSMIUM,XIRECS,9994.0,5,-1
164200,,,INTARIAN_PEPPER_ROOT,XIRECS,11160.0,7,-1
165300,,,ASH_COATED_OSMIUM,XIRECS,9988.0,5,-1
172700,,,ASH_COATED_OSMIUM,XIRECS,10008.0,4,-1
173100,,,ASH_COATED_OSMIUM,XIRECS,10002.0,2,-1
177700,,,ASH_COATED_OSMIUM,XIRECS,9989.0,10,-1
177900,,,INTARIAN_PEPPER_ROOT,XIRECS,11172.0,5,-1
181600,,,ASH_COATED_OSMIUM,XIRECS,9994.0,2,-1
182700,,,ASH_COATED_OSMIUM,XIRECS,9993.0,5,-1
184800,,,ASH_COATED_OSMIUM,XIRECS,9995.0,4,-1
185500,,,INTARIAN_PEPPER_ROOT,XIRECS,11188.0,5,-1
185900,,,ASH_COATED_OSMIUM,XIRECS,9996.0,10,-1
186800,,,ASH_COATED_OSMIUM,XIRECS,9995.0,4,-1
189700,,,INTARIAN_PEPPER_ROOT,XIRECS,11186.0,6,-1
190400,,,ASH_COATED_OSMIUM,XIRECS,10011.0,3,-1
191800,,,INTARIAN_PEPPER_ROOT,XIRECS,11186.0,4,-1
192600,,,ASH_COATED_OSMIUM,XIRECS,9997.0,8,-1
192900,,,ASH_COATED_OSMIUM,XIRECS,10016.0,10,-1
194900,,,INTARIAN_PEPPER_ROOT,XIRECS,11191.0,6,-1
197300,,,ASH_COATED_OSMIUM,XIRECS,9996.0,9,-1
198600,,,INTARIAN_PEPPER_ROOT,XIRECS,11193.0,5,-1
199400,,,INTARIAN_PEPPER_ROOT,XIRECS,11205.0,5,-1
200100,,,ASH_COATED_OSMIUM,XIRECS,9994.0,6,-1
200300,,,ASH_COATED_OSMIUM,XIRECS,9992.0,10,-1
200400,,,ASH_COATED_OSMIUM,XIRECS,10011.0,2,-1
200600,,,ASH_COATED_OSMIUM,XIRECS,10010.0,2,-1
200700,,,ASH_COATED_OSMIUM,XIRECS,10010.0,8,-1
201700,,,ASH_COATED_OSMIUM,XIRECS,9993.0,4,-1
204000,,,INTARIAN_PEPPER_ROOT,XIRECS,11210.0,7,-1
204600,,,INTARIAN_PEPPER_ROOT,XIRECS,11198.0,5,-1
205600,,,ASH_COATED_OSMIUM,XIRECS,9992.0,2,-1
206600,,,ASH_COATED_OSMIUM,XIRECS,9993.0,7,-1
207500,,,INTARIAN_PEPPER_ROOT,XIRECS,11214.0,3,-1
208900,,,ASH_COATED_OSMIUM,XIRECS,9994.0,10,-1
210000,,,ASH_COATED_OSMIUM,XIRECS,9991.0,4,-1
211400,,,INTARIAN_PEPPER_ROOT,XIRECS,11208.0,7,-1
212100,,,INTARIAN_PEPPER_ROOT,XIRECS,11215.0,4,-1
212700,,,ASH_COATED_OSMIUM,XIRECS,9994.0,6,-1
212900,,,INTARIAN_PEPPER_ROOT,XIRECS,11209.0,5,-1
215000,,,INTARIAN_PEPPER_ROOT,XIRECS,11221.0,7,-1
217000,,,INTARIAN_PEPPER_ROOT,XIRECS,11223.0,5,-1
217500,,,INTARIAN_PEPPER_ROOT,XIRECS,11224.0,6,-1
220600,,,INTARIAN_PEPPER_ROOT,XIRECS,11217.0,4,-1
224300,,,INTARIAN_PEPPER_ROOT,XIRECS,11230.0,3,-1
224800,,,ASH_COATED_OSMIUM,XIRECS,10012.0,5,-1
225000,,,INTARIAN_PEPPER_ROOT,XIRECS,11219.0,7,-1
226200,,,ASH_COATED_OSMIUM,XIRECS,9997.0,6,-1
227600,,,ASH_COATED_OSMIUM,XIRECS,9996.0,5,-1
228000,,,ASH_COATED_OSMIUM,XIRECS,9995.0,5,-1
229200,,,ASH_COATED_OSMIUM,XIRECS,10004.0,2,-1
229600,,,ASH_COATED_OSMIUM,XIRECS,10011.0,5,-1
234600,,,INTARIAN_PEPPER_ROOT,XIRECS,11241.0,4,-1
235600,,,ASH_COATED_OSMIUM,XIRECS,9993.0,8,-1
236100,,,ASH_COATED_OSMIUM,XIRECS,9992.0,4,-1
236500,,,ASH_COATED_OSMIUM,XIRECS,9994.0,2,-1
236600,,,ASH_COATED_OSMIUM,XIRECS,9993.0,4,-1
237000,,,ASH_COATED_OSMIUM,XIRECS,10014.0,5,-1
237100,,,ASH_COATED_OSMIUM,XIRECS,9996.0,3,-1
237500,,,INTARIAN_PEPPER_ROOT,XIRECS,11244.0,4,-1
239700,,,INTARIAN_PEPPER_ROOT,XIRECS,11246.0,7,-1
241700,,,ASH_COATED_OSMIUM,XIRECS,9994.0,7,-1
242000,,,INTARIAN_PEPPER_ROOT,XIRECS,11248.0,7,-1
242800,,,ASH_COATED_OSMIUM,XIRECS,10009.0,5,-1
243200,,,ASH_COATED_OSMIUM,XIRECS,10010.0,6,-1
243700,,,ASH_COATED_OSMIUM,XIRECS,10010.0,6,-1
246200,,,ASH_COATED_OSMIUM,XIRECS,9994.0,9,-1
247600,,,ASH_COATED_OSMIUM,XIRECS,9995.0,6,-1
248700,,,INTARIAN_PEPPER_ROOT,XIRECS,11243.0,4,-1
251700,,,ASH_COATED_OSMIUM,XIRECS,9992.0,4,-1
252300,,,ASH_COATED_OSMIUM,XIRECS,10008.0,5,-1
252400,,,ASH_COATED_OSMIUM,XIRECS,10011.0,7,-1
258300,,,ASH_COATED_OSMIUM,XIRECS,10013.0,9,-1
258400,,,ASH_COATED_OSMIUM,XIRECS,10012.0,4,-1
259400,,,ASH_COATED_OSMIUM,XIRECS,9998.0,8,-1
260100,,,INTARIAN_PEPPER_ROOT,XIRECS,11266.0,5,-1
260500,,,ASH_COATED_OSMIUM,XIRECS,10012.0,7,-1
260600,,,ASH_COATED_OSMIUM,XIRECS,10012.0,2,-1
261300,,,ASH_COATED_OSMIUM,XIRECS,9996.0,2,-1
264100,,,INTARIAN_PEPPER_ROOT,XIRECS,11255.0,7,-1
265000,,,ASH_COATED_OSMIUM,XIRECS,9992.0,8,-1
265100,,,INTARIAN_PEPPER_ROOT,XIRECS,11261.0,6,-1
267000,,,ASH_COATED_OSMIUM,XIRECS,9991.0,9,-1
267500,,,INTARIAN_PEPPER_ROOT,XIRECS,11261.0,3,-1
268800,,,ASH_COATED_OSMIUM,XIRECS,10006.0,6,-1
269400,,,ASH_COATED_OSMIUM,XIRECS,9991.0,4,-1
270400,,,ASH_COATED_OSMIUM,XIRECS,10008.0,2,-1
270700,,,INTARIAN_PEPPER_ROOT,XIRECS,11277.0,6,-1
271800,,,ASH_COATED_OSMIUM,XIRECS,10007.0,5,-1
272800,,,ASH_COATED_OSMIUM,XIRECS,10005.0,6,-1
280900,,,ASH_COATED_OSMIUM,XIRECS,9987.0,2,-1
282500,,,ASH_COATED_OSMIUM,XIRECS,9988.0,4,-1
282700,,,ASH_COATED_OSMIUM,XIRECS,10004.0,6,-1
291400,,,ASH_COATED_OSMIUM,XIRECS,9989.0,3,-1
294100,,,INTARIAN_PEPPER_ROOT,XIRECS,11303.0,3,-1
297000,,,ASH_COATED_OSMIUM,XIRECS,10005.0,9,-1
297300,,,ASH_COATED_OSMIUM,XIRECS,10005.0,3,-1
299500,,,ASH_COATED_OSMIUM,XIRECS,9990.0,2,-1
300000,,,INTARIAN_PEPPER_ROOT,XIRECS,11306.0,7,-1
301400,,,INTARIAN_PEPPER_ROOT,XIRECS,11308.0,7,-1
301600,,,ASH_COATED_OSMIUM,XIRECS,9992.0,9,-1
306000,,,INTARIAN_PEPPER_ROOT,XIRECS,11309.0,5,-1
306200,,,ASH_COATED_OSMIUM,XIRECS,9992.0,6,-1
306500,,,ASH_COATED_OSMIUM,XIRECS,10009.0,5,-1
307600,,,ASH_COATED_OSMIUM,XIRECS,9995.0,5,-1
310000,,,ASH_COATED_OSMIUM,XIRECS,10011.0,9,-1
310900,,,ASH_COATED_OSMIUM,XIRECS,10012.0,6,-1
311200,,,INTARIAN_PEPPER_ROOT,XIRECS,11305.0,3,-1
311700,,,INTARIAN_PEPPER_ROOT,XIRECS,11315.0,6,-1
313100,,,ASH_COATED_OSMIUM,XIRECS,9996.0,2,-1
313600,,,ASH_COATED_OSMIUM,XIRECS,10013.0,3,-1
314400,,,INTARIAN_PEPPER_ROOT,XIRECS,11323.0,6,-1
320900,,,ASH_COATED_OSMIUM,XIRECS,10014.0,6,-1
323200,,,INTARIAN_PEPPER_ROOT,XIRECS,11326.0,5,-1
323500,,,ASH_COATED_OSMIUM,XIRECS,9998.0,6,-1
324600,,,ASH_COATED_OSMIUM,XIRECS,9997.0,2,-1
325000,,,ASH_COATED_OSMIUM,XIRECS,10015.0,5,-1
327400,,,INTARIAN_PEPPER_ROOT,XIRECS,11321.0,6,-1
327600,,,INTARIAN_PEPPER_ROOT,XIRECS,11334.0,3,-1
329000,,,ASH_COATED_OSMIUM,XIRECS,10000.0,9,-1
329800,,,ASH_COATED_OSMIUM,XIRECS,10016.0,4,-1
330600,,,ASH_COATED_OSMIUM,XIRECS,9998.0,2,-1
331500,,,INTARIAN_PEPPER_ROOT,XIRECS,11325.0,3,-1
331800,,,ASH_COATED_OSMIUM,XIRECS,10017.0,8,-1
332800,,,ASH_COATED_OSMIUM,XIRECS,10016.0,5,-1
333200,,,INTARIAN_PEPPER_ROOT,XIRECS,11339.0,7,-1
334400,,,INTARIAN_PEPPER_ROOT,XIRECS,11341.0,3,-1
334700,,,INTARIAN_PEPPER_ROOT,XIRECS,11329.0,3,-1
335300,,,INTARIAN_PEPPER_ROOT,XIRECS,11344.0,3,-1
335400,,,INTARIAN_PEPPER_ROOT,XIRECS,11338.0,6,-1
335800,,,ASH_COATED_OSMIUM,XIRECS,10000.0,6,-1
336000,,,ASH_COATED_OSMIUM,XIRECS,9997.0,6,-1
336400,,,ASH_COATED_OSMIUM,XIRECS,10015.0,9,-1
336500,,,INTARIAN_PEPPER_ROOT,XIRECS,11343.0,6,-1
336800,,,ASH_COATED_OSMIUM,XIRECS,9999.0,4,-1
337200,,,ASH_COATED_OSMIUM,XIRECS,10000.0,6,-1
337300,,,ASH_COATED_OSMIUM,XIRECS,9999.0,7,-1
340700,,,ASH_COATED_OSMIUM,XIRECS,10015.0,2,-1
341200,,,ASH_COATED_OSMIUM,XIRECS,9998.0,2,-1
342400,,,ASH_COATED_OSMIUM,XIRECS,9996.0,5,-1
344000,,,INTARIAN_PEPPER_ROOT,XIRECS,11340.0,3,-1
344200,,,ASH_COATED_OSMIUM,XIRECS,10001.0,4,-1
345800,,,ASH_COATED_OSMIUM,XIRECS,9999.0,3,-1
346200,,,ASH_COATED_OSMIUM,XIRECS,9999.0,4,-1
349400,,,ASH_COATED_OSMIUM,XIRECS,10004.0,4,-1
350400,,,ASH_COATED_OSMIUM,XIRECS,10013.0,5,-1
350900,,,INTARIAN_PEPPER_ROOT,XIRECS,11360.0,4,-1
351800,,,ASH_COATED_OSMIUM,XIRECS,10010.0,5,-1
351900,,,INTARIAN_PEPPER_ROOT,XIRECS,11346.0,7,-1
352500,,,INTARIAN_PEPPER_ROOT,XIRECS,11359.0,6,-1
353000,,,ASH_COATED_OSMIUM,XIRECS,9991.0,5,-1
354000,,,INTARIAN_PEPPER_ROOT,XIRECS,11360.0,6,-1
356700,,,ASH_COATED_OSMIUM,XIRECS,10007.0,9,-1
356800,,,INTARIAN_PEPPER_ROOT,XIRECS,11351.0,6,-1
357500,,,ASH_COATED_OSMIUM,XIRECS,9991.0,3,-1
358000,,,INTARIAN_PEPPER_ROOT,XIRECS,11349.0,3,-1
358400,,,ASH_COATED_OSMIUM,XIRECS,10007.0,3,-1
358400,,,INTARIAN_PEPPER_ROOT,XIRECS,11361.0,5,-1
359300,,,ASH_COATED_OSMIUM,XIRECS,9992.0,4,-1
360000,,,INTARIAN_PEPPER_ROOT,XIRECS,11363.0,7,-1
360800,,,INTARIAN_PEPPER_ROOT,XIRECS,11367.0,5,-1
361400,,,ASH_COATED_OSMIUM,XIRECS,9993.0,6,-1
361600,,,INTARIAN_PEPPER_ROOT,XIRECS,11358.0,5,-1
363200,,,ASH_COATED_OSMIUM,XIRECS,10011.0,2,-1
365300,,,ASH_COATED_OSMIUM,XIRECS,9992.0,3,-1
365400,,,INTARIAN_PEPPER_ROOT,XIRECS,11361.0,7,-1
367300,,,INTARIAN_PEPPER_ROOT,XIRECS,11361.0,5,-1
370900,,,INTARIAN_PEPPER_ROOT,XIRECS,11377.0,4,-1
371200,,,INTARIAN_PEPPER_ROOT,XIRECS,11365.0,3,-1
372300,,,INTARIAN_PEPPER_ROOT,XIRECS,11368.0,6,-1
374600,,,INTARIAN_PEPPER_ROOT,XIRECS,11381.0,3,-1
375300,,,ASH_COATED_OSMIUM,XIRECS,9993.0,4,-1
375400,,,ASH_COATED_OSMIUM,XIRECS,10009.0,3,-1
376700,,,INTARIAN_PEPPER_ROOT,XIRECS,11373.0,7,-1
377400,,,ASH_COATED_OSMIUM,XIRECS,9992.0,4,-1
380800,,,INTARIAN_PEPPER_ROOT,XIRECS,11387.0,3,-1
380900,,,ASH_COATED_OSMIUM,XIRECS,9996.0,8,-1
381000,,,ASH_COATED_OSMIUM,XIRECS,10012.0,2,-1
383000,,,ASH_COATED_OSMIUM,XIRECS,10010.0,6,-1
384000,,,ASH_COATED_OSMIUM,XIRECS,9990.0,4,-1
389800,,,ASH_COATED_OSMIUM,XIRECS,10011.0,10,-1
389900,,,ASH_COATED_OSMIUM,XIRECS,9996.0,7,-1
390400,,,ASH_COATED_OSMIUM,XIRECS,9995.0,9,-1
391100,,,ASH_COATED_OSMIUM,XIRECS,9995.0,4,-1
392300,,,ASH_COATED_OSMIUM,XIRECS,10012.0,5,-1
399100,,,INTARIAN_PEPPER_ROOT,XIRECS,11393.0,3,-1
401000,,,INTARIAN_PEPPER_ROOT,XIRECS,11397.0,8,-1
401700,,,ASH_COATED_OSMIUM,XIRECS,10014.0,9,-1
402400,,,ASH_COATED_OSMIUM,XIRECS,9995.0,5,-1
405200,,,ASH_COATED_OSMIUM,XIRECS,9996.0,2,-1
407400,,,ASH_COATED_OSMIUM,XIRECS,10009.0,8,-1
412600,,,ASH_COATED_OSMIUM,XIRECS,9993.0,4,-1
414000,,,ASH_COATED_OSMIUM,XIRECS,10011.0,6,-1
415200,,,INTARIAN_PEPPER_ROOT,XIRECS,11421.0,6,-1
415800,,,ASH_COATED_OSMIUM,XIRECS,9992.0,6,-1
416100,,,ASH_COATED_OSMIUM,XIRECS,9995.0,2,-1
417100,,,INTARIAN_PEPPER_ROOT,XIRECS,11423.0,5,-1
419000,,,INTARIAN_PEPPER_ROOT,XIRECS,11410.0,6,-1
419200,,,INTARIAN_PEPPER_ROOT,XIRECS,11425.0,4,-1
420300,,,INTARIAN_PEPPER_ROOT,XIRECS,11414.0,7,-1
423300,,,INTARIAN_PEPPER_ROOT,XIRECS,11417.0,6,-1
424700,,,ASH_COATED_OSMIUM,XIRECS,9994.0,6,-1
424900,,,INTARIAN_PEPPER_ROOT,XIRECS,11431.0,7,-1
425200,,,ASH_COATED_OSMIUM,XIRECS,10009.0,6,-1
425800,,,ASH_COATED_OSMIUM,XIRECS,9993.0,7,-1
427600,,,INTARIAN_PEPPER_ROOT,XIRECS,11421.0,7,-1
430100,,,ASH_COATED_OSMIUM,XIRECS,10013.0,4,-1
432800,,,ASH_COATED_OSMIUM,XIRECS,9994.0,6,-1
433700,,,ASH_COATED_OSMIUM,XIRECS,9996.0,6,-1
435400,,,ASH_COATED_OSMIUM,XIRECS,9997.0,3,-1
436100,,,INTARIAN_PEPPER_ROOT,XIRECS,11439.0,5,-1
437600,,,INTARIAN_PEPPER_ROOT,XIRECS,11431.0,3,-1
439100,,,ASH_COATED_OSMIUM,XIRECS,10017.0,5,-1
439800,,,ASH_COATED_OSMIUM,XIRECS,10016.0,7,-1
440300,,,ASH_COATED_OSMIUM,XIRECS,10015.0,3,-1
440700,,,ASH_COATED_OSMIUM,XIRECS,9999.0,2,-1
440800,,,INTARIAN_PEPPER_ROOT,XIRECS,11435.0,4,-1
441300,,,INTARIAN_PEPPER_ROOT,XIRECS,11437.0,5,-1
442100,,,ASH_COATED_OSMIUM,XIRECS,10007.0,4,-1
442700,,,ASH_COATED_OSMIUM,XIRECS,10013.0,6,-1
443000,,,ASH_COATED_OSMIUM,XIRECS,10013.0,4,-1
444200,,,ASH_COATED_OSMIUM,XIRECS,10013.0,10,-1
445000,,,ASH_COATED_OSMIUM,XIRECS,10016.0,8,-1
447800,,,INTARIAN_PEPPER_ROOT,XIRECS,11457.0,5,-1
449100,,,ASH_COATED_OSMIUM,XIRECS,9997.0,8,-1
450800,,,ASH_COATED_OSMIUM,XIRECS,10003.0,3,-1
451800,,,ASH_COATED_OSMIUM,XIRECS,9996.0,5,-1
452300,,,ASH_COATED_OSMIUM,XIRECS,10012.0,7,-1
453000,,,INTARIAN_PEPPER_ROOT,XIRECS,11456.0,3,-1
453400,,,ASH_COATED_OSMIUM,XIRECS,9996.0,6,-1
453800,,,INTARIAN_PEPPER_ROOT,XIRECS,11450.0,7,-1
456000,,,ASH_COATED_OSMIUM,XIRECS,10010.0,4,-1
456100,,,INTARIAN_PEPPER_ROOT,XIRECS,11450.0,6,-1
457000,,,INTARIAN_PEPPER_ROOT,XIRECS,11451.0,6,-1
457300,,,INTARIAN_PEPPER_ROOT,XIRECS,11464.0,4,-1
458400,,,ASH_COATED_OSMIUM,XIRECS,10012.0,6,-1
459600,,,INTARIAN_PEPPER_ROOT,XIRECS,11451.0,6,-1
461900,,,INTARIAN_PEPPER_ROOT,XIRECS,11471.0,5,-1
463900,,,ASH_COATED_OSMIUM,XIRECS,10012.0,6,-1
464300,,,INTARIAN_PEPPER_ROOT,XIRECS,11473.0,3,-1
465500,,,ASH_COATED_OSMIUM,XIRECS,10009.0,6,-1
466000,,,INTARIAN_PEPPER_ROOT,XIRECS,11462.0,3,-1
467300,,,INTARIAN_PEPPER_ROOT,XIRECS,11461.0,3,-1
467800,,,ASH_COATED_OSMIUM,XIRECS,10009.0,5,-1
468100,,,ASH_COATED_OSMIUM,XIRECS,9991.0,8,-1
469000,,,INTARIAN_PEPPER_ROOT,XIRECS,11463.0,6,-1
471900,,,ASH_COATED_OSMIUM,XIRECS,10009.0,6,-1
472200,,,ASH_COATED_OSMIUM,XIRECS,9993.0,3,-1
473000,,,INTARIAN_PEPPER_ROOT,XIRECS,11476.0,4,-1
473600,,,INTARIAN_PEPPER_ROOT,XIRECS,11464.0,5,-1
476400,,,ASH_COATED_OSMIUM,XIRECS,10009.0,5,-1
477200,,,ASH_COATED_OSMIUM,XIRECS,9994.0,6,-1
477600,,,INTARIAN_PEPPER_ROOT,XIRECS,11487.0,5,-1
478500,,,ASH_COATED_OSMIUM,XIRECS,9991.0,3,-1
478600,,,ASH_COATED_OSMIUM,XIRECS,9991.0,6,-1
479600,,,ASH_COATED_OSMIUM,XIRECS,9992.0,2,-1
480500,,,INTARIAN_PEPPER_ROOT,XIRECS,11477.0,3,-1
482100,,,INTARIAN_PEPPER_ROOT,XIRECS,11476.0,5,-1
482600,,,ASH_COATED_OSMIUM,XIRECS,9994.0,5,-1
482700,,,ASH_COATED_OSMIUM,XIRECS,9994.0,5,-1
486700,,,INTARIAN_PEPPER_ROOT,XIRECS,11483.0,8,-1
487200,,,ASH_COATED_OSMIUM,XIRECS,10012.0,3,-1
487500,,,ASH_COATED_OSMIUM,XIRECS,9993.0,4,-1
487700,,,ASH_COATED_OSMIUM,XIRECS,9994.0,5,-1
489400,,,INTARIAN_PEPPER_ROOT,XIRECS,11480.0,3,-1
489700,,,ASH_COATED_OSMIUM,XIRECS,10011.0,7,-1
490300,,,INTARIAN_PEPPER_ROOT,XIRECS,11484.0,5,-1
493800,,,INTARIAN_PEPPER_ROOT,XIRECS,11485.0,4,-1
494300,,,ASH_COATED_OSMIUM,XIRECS,10013.0,3,-1
495800,,,INTARIAN_PEPPER_ROOT,XIRECS,11487.0,4,-1
498900,,,ASH_COATED_OSMIUM,XIRECS,9992.0,8,-1
500000,,,ASH_COATED_OSMIUM,XIRECS,9995.0,4,-1
500000,,,INTARIAN_PEPPER_ROOT,XIRECS,11503.0,3,-1
502100,,,ASH_COATED_OSMIUM,XIRECS,9995.0,4,-1
502700,,,ASH_COATED_OSMIUM,XIRECS,10010.0,2,-1
503100,,,ASH_COATED_OSMIUM,XIRECS,10000.0,3,-1
503300,,,INTARIAN_PEPPER_ROOT,XIRECS,11497.0,6,-1
507800,,,INTARIAN_PEPPER_ROOT,XIRECS,11502.0,3,-1
509700,,,INTARIAN_PEPPER_ROOT,XIRECS,11503.0,7,-1
511000,,,ASH_COATED_OSMIUM,XIRECS,9995.0,4,-1
511700,,,ASH_COATED_OSMIUM,XIRECS,10011.0,6,-1
512500,,,ASH_COATED_OSMIUM,XIRECS,10012.0,4,-1
512800,,,ASH_COATED_OSMIUM,XIRECS,9996.0,7,-1
512800,,,INTARIAN_PEPPER_ROOT,XIRECS,11522.0,5,-1
514300,,,ASH_COATED_OSMIUM,XIRECS,9996.0,5,-1
516100,,,ASH_COATED_OSMIUM,XIRECS,10013.0,5,-1
517200,,,ASH_COATED_OSMIUM,XIRECS,10012.0,5,-1
519200,,,INTARIAN_PEPPER_ROOT,XIRECS,11525.0,7,-1
520700,,,INTARIAN_PEPPER_ROOT,XIRECS,11514.0,5,-1
521600,,,INTARIAN_PEPPER_ROOT,XIRECS,11515.0,5,-1
521800,,,ASH_COATED_OSMIUM,XIRECS,9995.0,4,-1
522500,,,ASH_COATED_OSMIUM,XIRECS,10011.0,5,-1
525700,,,ASH_COATED_OSMIUM,XIRECS,9994.0,4,-1
531600,,,INTARIAN_PEPPER_ROOT,XIRECS,11525.0,4,-1
532300,,,ASH_COATED_OSMIUM,XIRECS,9994.0,3,-1
536100,,,ASH_COATED_OSMIUM,XIRECS,9994.0,6,-1
536700,,,INTARIAN_PEPPER_ROOT,XIRECS,11543.0,3,-1
537200,,,ASH_COATED_OSMIUM,XIRECS,10012.0,3,-1
539900,,,INTARIAN_PEPPER_ROOT,XIRECS,11534.0,6,-1
540100,,,ASH_COATED_OSMIUM,XIRECS,10007.0,2,-1
545100,,,INTARIAN_PEPPER_ROOT,XIRECS,11551.0,7,-1
547300,,,ASH_COATED_OSMIUM,XIRECS,9987.0,9,-1
552900,,,ASH_COATED_OSMIUM,XIRECS,9990.0,10,-1
554400,,,ASH_COATED_OSMIUM,XIRECS,9990.0,10,-1
555700,,,INTARIAN_PEPPER_ROOT,XIRECS,11552.0,7,-1
556000,,,INTARIAN_PEPPER_ROOT,XIRECS,11550.0,3,-1
556700,,,ASH_COATED_OSMIUM,XIRECS,9991.0,2,-1
556700,,,INTARIAN_PEPPER_ROOT,XIRECS,11553.0,8,-1
556800,,,INTARIAN_PEPPER_ROOT,XIRECS,11566.0,3,-1
557700,,,ASH_COATED_OSMIUM,XIRECS,9990.0,8,-1
558800,,,INTARIAN_PEPPER_ROOT,XIRECS,11562.0,8,-1
560300,,,ASH_COATED_OSMIUM,XIRECS,10004.0,6,-1
561300,,,INTARIAN_PEPPER_ROOT,XIRECS,11557.0,3,-1
564900,,,INTARIAN_PEPPER_ROOT,XIRECS,11561.0,6,-1
566100,,,INTARIAN_PEPPER_ROOT,XIRECS,11562.0,3,-1
566600,,,ASH_COATED_OSMIUM,XIRECS,10004.0,7,-1
566700,,,INTARIAN_PEPPER_ROOT,XIRECS,11558.0,3,-1
567300,,,ASH_COATED_OSMIUM,XIRECS,9988.0,10,-1
570000,,,INTARIAN_PEPPER_ROOT,XIRECS,11576.0,5,-1
573200,,,ASH_COATED_OSMIUM,XIRECS,10001.0,2,-1
573500,,,INTARIAN_PEPPER_ROOT,XIRECS,11570.0,5,-1
574100,,,ASH_COATED_OSMIUM,XIRECS,10008.0,5,-1
574200,,,ASH_COATED_OSMIUM,XIRECS,9993.0,2,-1
574500,,,ASH_COATED_OSMIUM,XIRECS,9992.0,3,-1
576400,,,INTARIAN_PEPPER_ROOT,XIRECS,11586.0,5,-1
579400,,,INTARIAN_PEPPER_ROOT,XIRECS,11586.0,7,-1
579600,,,INTARIAN_PEPPER_ROOT,XIRECS,11586.0,7,-1
580100,,,INTARIAN_PEPPER_ROOT,XIRECS,11571.0,7,-1
581500,,,ASH_COATED_OSMIUM,XIRECS,10007.0,2,-1
582100,,,INTARIAN_PEPPER_ROOT,XIRECS,11576.0,5,-1
583900,,,ASH_COATED_OSMIUM,XIRECS,10008.0,7,-1
584000,,,ASH_COATED_OSMIUM,XIRECS,10007.0,8,-1
584200,,,INTARIAN_PEPPER_ROOT,XIRECS,11590.0,4,-1
585100,,,INTARIAN_PEPPER_ROOT,XIRECS,11579.0,5,-1
589400,,,INTARIAN_PEPPER_ROOT,XIRECS,11585.0,3,-1
590200,,,INTARIAN_PEPPER_ROOT,XIRECS,11599.0,3,-1
590300,,,ASH_COATED_OSMIUM,XIRECS,10002.0,3,-1
593600,,,INTARIAN_PEPPER_ROOT,XIRECS,11600.0,3,-1
595000,,,ASH_COATED_OSMIUM,XIRECS,10005.0,2,-1
600300,,,INTARIAN_PEPPER_ROOT,XIRECS,11594.0,6,-1
600600,,,ASH_COATED_OSMIUM,XIRECS,9992.0,6,-1
603100,,,ASH_COATED_OSMIUM,XIRECS,9991.0,3,-1
605700,,,INTARIAN_PEPPER_ROOT,XIRECS,11599.0,3,-1
607400,,,ASH_COATED_OSMIUM,XIRECS,9992.0,3,-1
607800,,,ASH_COATED_OSMIUM,XIRECS,10008.0,5,-1
610300,,,INTARIAN_PEPPER_ROOT,XIRECS,11604.0,5,-1
611600,,,ASH_COATED_OSMIUM,XIRECS,9994.0,6,-1
611900,,,ASH_COATED_OSMIUM,XIRECS,9997.0,5,-1
612000,,,ASH_COATED_OSMIUM,XIRECS,10007.0,2,-1
612300,,,INTARIAN_PEPPER_ROOT,XIRECS,11608.0,8,-1
615600,,,ASH_COATED_OSMIUM,XIRECS,10011.0,5,-1
619300,,,INTARIAN_PEPPER_ROOT,XIRECS,11626.0,7,-1
620700,,,ASH_COATED_OSMIUM,XIRECS,10010.0,8,-1
622900,,,ASH_COATED_OSMIUM,XIRECS,10012.0,4,-1
623200,,,INTARIAN_PEPPER_ROOT,XIRECS,11630.0,6,-1
624500,,,ASH_COATED_OSMIUM,XIRECS,9996.0,6,-1
628900,,,ASH_COATED_OSMIUM,XIRECS,10013.0,6,-1
629000,,,INTARIAN_PEPPER_ROOT,XIRECS,11623.0,4,-1
630900,,,INTARIAN_PEPPER_ROOT,XIRECS,11625.0,6,-1
632300,,,ASH_COATED_OSMIUM,XIRECS,10009.0,5,-1
634200,,,ASH_COATED_OSMIUM,XIRECS,9994.0,2,-1
634300,,,INTARIAN_PEPPER_ROOT,XIRECS,11641.0,6,-1
634400,,,INTARIAN_PEPPER_ROOT,XIRECS,11637.0,5,-1
636300,,,INTARIAN_PEPPER_ROOT,XIRECS,11630.0,5,-1
636900,,,INTARIAN_PEPPER_ROOT,XIRECS,11643.0,6,-1
638800,,,INTARIAN_PEPPER_ROOT,XIRECS,11645.0,4,-1
639100,,,ASH_COATED_OSMIUM,XIRECS,10014.0,8,-1
639100,,,INTARIAN_PEPPER_ROOT,XIRECS,11630.0,3,-1
639800,,,INTARIAN_PEPPER_ROOT,XIRECS,11633.0,4,-1
640000,,,INTARIAN_PEPPER_ROOT,XIRECS,11646.0,6,-1
640600,,,ASH_COATED_OSMIUM,XIRECS,10002.0,3,-1
642000,,,ASH_COATED_OSMIUM,XIRECS,10016.0,5,-1
642100,,,INTARIAN_PEPPER_ROOT,XIRECS,11648.0,4,-1
642900,,,ASH_COATED_OSMIUM,XIRECS,10012.0,6,-1
642900,,,INTARIAN_PEPPER_ROOT,XIRECS,11637.0,5,-1
644300,,,ASH_COATED_OSMIUM,XIRECS,10012.0,6,-1
645600,,,ASH_COATED_OSMIUM,XIRECS,9996.0,2,-1
645700,,,ASH_COATED_OSMIUM,XIRECS,10012.0,8,-1
647500,,,ASH_COATED_OSMIUM,XIRECS,10015.0,5,-1
650200,,,INTARIAN_PEPPER_ROOT,XIRECS,11653.0,6,-1
650600,,,ASH_COATED_OSMIUM,XIRECS,9999.0,4,-1
653000,,,INTARIAN_PEPPER_ROOT,XIRECS,11659.0,6,-1
653900,,,ASH_COATED_OSMIUM,XIRECS,10000.0,6,-1
654800,,,ASH_COATED_OSMIUM,XIRECS,9998.0,6,-1
656100,,,ASH_COATED_OSMIUM,XIRECS,9998.0,3,-1
656400,,,INTARIAN_PEPPER_ROOT,XIRECS,11663.0,6,-1
656900,,,ASH_COATED_OSMIUM,XIRECS,10000.0,10,-1
658200,,,ASH_COATED_OSMIUM,XIRECS,10000.0,3,-1
658400,,,ASH_COATED_OSMIUM,XIRECS,10016.0,9,-1
658500,,,ASH_COATED_OSMIUM,XIRECS,10019.0,2,-1
660400,,,ASH_COATED_OSMIUM,XIRECS,10017.0,4,-1
660400,,,INTARIAN_PEPPER_ROOT,XIRECS,11654.0,3,-1
662600,,,INTARIAN_PEPPER_ROOT,XIRECS,11666.0,6,-1
665900,,,INTARIAN_PEPPER_ROOT,XIRECS,11675.0,4,-1
666600,,,ASH_COATED_OSMIUM,XIRECS,10001.0,4,-1
667000,,,ASH_COATED_OSMIUM,XIRECS,10002.0,5,-1
668200,,,ASH_COATED_OSMIUM,XIRECS,10018.0,2,-1
668200,,,INTARIAN_PEPPER_ROOT,XIRECS,11675.0,4,-1
669800,,,INTARIAN_PEPPER_ROOT,XIRECS,11676.0,7,-1
672200,,,INTARIAN_PEPPER_ROOT,XIRECS,11666.0,3,-1
673600,,,ASH_COATED_OSMIUM,XIRECS,10001.0,10,-1
673600,,,INTARIAN_PEPPER_ROOT,XIRECS,11677.0,6,-1
677000,,,ASH_COATED_OSMIUM,XIRECS,10000.0,4,-1
677300,,,ASH_COATED_OSMIUM,XIRECS,10000.0,2,-1
677500,,,INTARIAN_PEPPER_ROOT,XIRECS,11671.0,4,-1
677800,,,INTARIAN_PEPPER_ROOT,XIRECS,11671.0,3,-1
679400,,,ASH_COATED_OSMIUM,XIRECS,10015.0,5,-1
681200,,,ASH_COATED_OSMIUM,XIRECS,10016.0,9,-1
681700,,,INTARIAN_PEPPER_ROOT,XIRECS,11688.0,7,-1
681900,,,ASH_COATED_OSMIUM,XIRECS,9999.0,9,-1
682900,,,INTARIAN_PEPPER_ROOT,XIRECS,11689.0,4,-1
683100,,,ASH_COATED_OSMIUM,XIRECS,10016.0,4,-1
685400,,,ASH_COATED_OSMIUM,XIRECS,10016.0,7,-1
687300,,,INTARIAN_PEPPER_ROOT,XIRECS,11681.0,4,-1
688000,,,INTARIAN_PEPPER_ROOT,XIRECS,11694.0,3,-1
689500,,,ASH_COATED_OSMIUM,XIRECS,10015.0,6,-1
689900,,,INTARIAN_PEPPER_ROOT,XIRECS,11696.0,6,-1
690200,,,INTARIAN_PEPPER_ROOT,XIRECS,11684.0,3,-1
690300,,,INTARIAN_PEPPER_ROOT,XIRECS,11697.0,3,-1
690500,,,ASH_COATED_OSMIUM,XIRECS,9998.0,5,-1
690600,,,INTARIAN_PEPPER_ROOT,XIRECS,11694.0,5,-1
691000,,,ASH_COATED_OSMIUM,XIRECS,9998.0,4,-1
691600,,,INTARIAN_PEPPER_ROOT,XIRECS,11685.0,7,-1
692000,,,INTARIAN_PEPPER_ROOT,XIRECS,11686.0,4,-1
699900,,,ASH_COATED_OSMIUM,XIRECS,10013.0,6,-1
699900,,,ASH_COATED_OSMIUM,XIRECS,10013.0,4,-1
700500,,,ASH_COATED_OSMIUM,XIRECS,10013.0,6,-1
700600,,,ASH_COATED_OSMIUM,XIRECS,9997.0,3,-1
701000,,,INTARIAN_PEPPER_ROOT,XIRECS,11697.0,4,-1
701900,,,INTARIAN_PEPPER_ROOT,XIRECS,11708.0,7,-1
702800,,,INTARIAN_PEPPER_ROOT,XIRECS,11696.0,5,-1
703300,,,ASH_COATED_OSMIUM,XIRECS,9993.0,4,-1
704100,,,ASH_COATED_OSMIUM,XIRECS,9995.0,2,-1
705400,,,ASH_COATED_OSMIUM,XIRECS,9996.0,7,-1
708000,,,ASH_COATED_OSMIUM,XIRECS,9995.0,5,-1
708600,,,INTARIAN_PEPPER_ROOT,XIRECS,11715.0,4,-1
708900,,,ASH_COATED_OSMIUM,XIRECS,9995.0,6,-1
710200,,,ASH_COATED_OSMIUM,XIRECS,10008.0,8,-1
712300,,,ASH_COATED_OSMIUM,XIRECS,10006.0,5,-1
714900,,,ASH_COATED_OSMIUM,XIRECS,9999.0,5,-1
717200,,,INTARIAN_PEPPER_ROOT,XIRECS,11724.0,4,-1
720600,,,ASH_COATED_OSMIUM,XIRECS,10012.0,4,-1
723300,,,ASH_COATED_OSMIUM,XIRECS,9990.0,6,-1
724500,,,INTARIAN_PEPPER_ROOT,XIRECS,11731.0,4,-1
725700,,,ASH_COATED_OSMIUM,XIRECS,9992.0,8,-1
726200,,,ASH_COATED_OSMIUM,XIRECS,9992.0,5,-1
727200,,,INTARIAN_PEPPER_ROOT,XIRECS,11734.0,6,-1
727400,,,INTARIAN_PEPPER_ROOT,XIRECS,11734.0,3,-1
728400,,,INTARIAN_PEPPER_ROOT,XIRECS,11722.0,5,-1
729100,,,ASH_COATED_OSMIUM,XIRECS,10008.0,8,-1
729500,,,ASH_COATED_OSMIUM,XIRECS,9991.0,5,-1
730400,,,ASH_COATED_OSMIUM,XIRECS,10006.0,6,-1
730700,,,ASH_COATED_OSMIUM,XIRECS,9995.0,2,-1
731200,,,ASH_COATED_OSMIUM,XIRECS,10008.0,9,-1
733500,,,INTARIAN_PEPPER_ROOT,XIRECS,11740.0,3,-1
734900,,,ASH_COATED_OSMIUM,XIRECS,9989.0,5,-1
735000,,,ASH_COATED_OSMIUM,XIRECS,10005.0,5,-1
736700,,,ASH_COATED_OSMIUM,XIRECS,10008.0,5,-1
737500,,,INTARIAN_PEPPER_ROOT,XIRECS,11741.0,3,-1
739400,,,ASH_COATED_OSMIUM,XIRECS,10007.0,6,-1
739500,,,ASH_COATED_OSMIUM,XIRECS,9987.0,10,-1
742000,,,ASH_COATED_OSMIUM,XIRECS,10005.0,5,-1
743700,,,ASH_COATED_OSMIUM,XIRECS,9986.0,4,-1
745400,,,ASH_COATED_OSMIUM,XIRECS,9984.0,6,-1
746100,,,ASH_COATED_OSMIUM,XIRECS,10001.0,8,-1
748300,,,INTARIAN_PEPPER_ROOT,XIRECS,11750.0,5,-1
750400,,,ASH_COATED_OSMIUM,XIRECS,10005.0,5,-1
752100,,,ASH_COATED_OSMIUM,XIRECS,10001.0,4,-1
752900,,,INTARIAN_PEPPER_ROOT,XIRECS,11759.0,7,-1
754200,,,ASH_COATED_OSMIUM,XIRECS,10000.0,5,-1
755500,,,INTARIAN_PEPPER_ROOT,XIRECS,11749.0,7,-1
755700,,,ASH_COATED_OSMIUM,XIRECS,10000.0,4,-1
755700,,,INTARIAN_PEPPER_ROOT,XIRECS,11762.0,3,-1
756400,,,ASH_COATED_OSMIUM,XIRECS,9991.0,3,-1
756600,,,ASH_COATED_OSMIUM,XIRECS,9986.0,9,-1
756900,,,ASH_COATED_OSMIUM,XIRECS,9985.0,5,-1
757200,,,ASH_COATED_OSMIUM,XIRECS,9985.0,9,-1
758500,,,ASH_COATED_OSMIUM,XIRECS,9982.0,6,-1
761800,,,INTARIAN_PEPPER_ROOT,XIRECS,11758.0,7,-1
763000,,,INTARIAN_PEPPER_ROOT,XIRECS,11769.0,4,-1
763600,,,INTARIAN_PEPPER_ROOT,XIRECS,11770.0,6,-1
763900,,,ASH_COATED_OSMIUM,XIRECS,9988.0,6,-1
763900,,,ASH_COATED_OSMIUM,XIRECS,9988.0,8,-1
764300,,,INTARIAN_PEPPER_ROOT,XIRECS,11755.0,5,-1
766000,,,INTARIAN_PEPPER_ROOT,XIRECS,11769.0,4,-1
767000,,,ASH_COATED_OSMIUM,XIRECS,10005.0,9,-1
770100,,,INTARIAN_PEPPER_ROOT,XIRECS,11764.0,4,-1
771800,,,INTARIAN_PEPPER_ROOT,XIRECS,11775.0,6,-1
775000,,,ASH_COATED_OSMIUM,XIRECS,10000.0,4,-1
775500,,,INTARIAN_PEPPER_ROOT,XIRECS,11779.0,7,-1
776800,,,INTARIAN_PEPPER_ROOT,XIRECS,11770.0,6,-1
777000,,,INTARIAN_PEPPER_ROOT,XIRECS,11771.0,5,-1
777200,,,ASH_COATED_OSMIUM,XIRECS,10010.0,10,-1
780100,,,ASH_COATED_OSMIUM,XIRECS,10009.0,2,-1
781100,,,INTARIAN_PEPPER_ROOT,XIRECS,11784.0,7,-1
781500,,,INTARIAN_PEPPER_ROOT,XIRECS,11777.0,7,-1
782500,,,ASH_COATED_OSMIUM,XIRECS,10008.0,7,-1
783300,,,INTARIAN_PEPPER_ROOT,XIRECS,11777.0,4,-1
785100,,,INTARIAN_PEPPER_ROOT,XIRECS,11779.0,3,-1
787000,,,INTARIAN_PEPPER_ROOT,XIRECS,11790.0,6,-1
787300,,,INTARIAN_PEPPER_ROOT,XIRECS,11781.0,4,-1
788000,,,ASH_COATED_OSMIUM,XIRECS,10008.0,5,-1
789700,,,ASH_COATED_OSMIUM,XIRECS,9991.0,2,-1
791700,,,INTARIAN_PEPPER_ROOT,XIRECS,11788.0,6,-1
791900,,,ASH_COATED_OSMIUM,XIRECS,9990.0,5,-1
792300,,,ASH_COATED_OSMIUM,XIRECS,10005.0,10,-1
793700,,,ASH_COATED_OSMIUM,XIRECS,10004.0,10,-1
793700,,,INTARIAN_PEPPER_ROOT,XIRECS,11800.0,4,-1
796100,,,INTARIAN_PEPPER_ROOT,XIRECS,11799.0,5,-1
796300,,,INTARIAN_PEPPER_ROOT,XIRECS,11790.0,5,-1
796500,,,ASH_COATED_OSMIUM,XIRECS,9993.0,4,-1
796600,,,INTARIAN_PEPPER_ROOT,XIRECS,11800.0,7,-1
798400,,,INTARIAN_PEPPER_ROOT,XIRECS,11805.0,5,-1
802000,,,ASH_COATED_OSMIUM,XIRECS,9996.0,5,-1
803100,,,ASH_COATED_OSMIUM,XIRECS,10001.0,5,-1
805200,,,ASH_COATED_OSMIUM,XIRECS,9992.0,6,-1
806000,,,ASH_COATED_OSMIUM,XIRECS,9986.0,2,-1
806100,,,INTARIAN_PEPPER_ROOT,XIRECS,11800.0,7,-1
806200,,,INTARIAN_PEPPER_ROOT,XIRECS,11808.0,3,-1
810700,,,ASH_COATED_OSMIUM,XIRECS,10003.0,2,-1
811700,,,INTARIAN_PEPPER_ROOT,XIRECS,11802.0,6,-1
813000,,,INTARIAN_PEPPER_ROOT,XIRECS,11807.0,3,-1
815600,,,ASH_COATED_OSMIUM,XIRECS,10004.0,4,-1
815900,,,INTARIAN_PEPPER_ROOT,XIRECS,11819.0,3,-1
821100,,,ASH_COATED_OSMIUM,XIRECS,10009.0,8,-1
823400,,,ASH_COATED_OSMIUM,XIRECS,10006.0,6,-1
823500,,,INTARIAN_PEPPER_ROOT,XIRECS,11827.0,8,-1
825200,,,INTARIAN_PEPPER_ROOT,XIRECS,11828.0,4,-1
825700,,,INTARIAN_PEPPER_ROOT,XIRECS,11829.0,6,-1
829600,,,INTARIAN_PEPPER_ROOT,XIRECS,11823.0,7,-1
831300,,,INTARIAN_PEPPER_ROOT,XIRECS,11834.0,3,-1
832900,,,ASH_COATED_OSMIUM,XIRECS,9984.0,5,-1
833100,,,INTARIAN_PEPPER_ROOT,XIRECS,11827.0,7,-1
833200,,,INTARIAN_PEPPER_ROOT,XIRECS,11827.0,3,-1
835700,,,ASH_COATED_OSMIUM,XIRECS,10003.0,8,-1
836800,,,ASH_COATED_OSMIUM,XIRECS,9986.0,7,-1
837100,,,INTARIAN_PEPPER_ROOT,XIRECS,11844.0,3,-1
839300,,,INTARIAN_PEPPER_ROOT,XIRECS,11846.0,6,-1
839700,,,ASH_COATED_OSMIUM,XIRECS,10002.0,4,-1
842700,,,INTARIAN_PEPPER_ROOT,XIRECS,11836.0,3,-1
843000,,,ASH_COATED_OSMIUM,XIRECS,9998.0,5,-1
843300,,,ASH_COATED_OSMIUM,XIRECS,9988.0,5,-1
843400,,,ASH_COATED_OSMIUM,XIRECS,9989.0,4,-1
844800,,,INTARIAN_PEPPER_ROOT,XIRECS,11841.0,5,-1
845300,,,ASH_COATED_OSMIUM,XIRECS,10007.0,3,-1
845400,,,INTARIAN_PEPPER_ROOT,XIRECS,11841.0,7,-1
845600,,,ASH_COATED_OSMIUM,XIRECS,9998.0,3,-1
846000,,,INTARIAN_PEPPER_ROOT,XIRECS,11840.0,4,-1
846500,,,INTARIAN_PEPPER_ROOT,XIRECS,11853.0,6,-1
846900,,,ASH_COATED_OSMIUM,XIRECS,10007.0,2,-1
847000,,,INTARIAN_PEPPER_ROOT,XIRECS,11853.0,5,-1
847500,,,ASH_COATED_OSMIUM,XIRECS,10004.0,5,-1
847500,,,ASH_COATED_OSMIUM,XIRECS,10004.0,7,-1
847800,,,ASH_COATED_OSMIUM,XIRECS,9988.0,7,-1
848300,,,ASH_COATED_OSMIUM,XIRECS,9988.0,5,-1
851800,,,ASH_COATED_OSMIUM,XIRECS,10005.0,6,-1
852300,,,ASH_COATED_OSMIUM,XIRECS,9988.0,3,-1
852500,,,ASH_COATED_OSMIUM,XIRECS,9987.0,3,-1
854100,,,INTARIAN_PEPPER_ROOT,XIRECS,11861.0,3,-1
857500,,,INTARIAN_PEPPER_ROOT,XIRECS,11848.0,4,-1
858300,,,INTARIAN_PEPPER_ROOT,XIRECS,11852.0,6,-1
859700,,,ASH_COATED_OSMIUM,XIRECS,9990.0,4,-1
861000,,,INTARIAN_PEPPER_ROOT,XIRECS,11857.0,4,-1
861700,,,INTARIAN_PEPPER_ROOT,XIRECS,11855.0,7,-1
861800,,,ASH_COATED_OSMIUM,XIRECS,10008.0,2,-1
864800,,,ASH_COATED_OSMIUM,XIRECS,10010.0,8,-1
865000,,,ASH_COATED_OSMIUM,XIRECS,9991.0,6,-1
867800,,,ASH_COATED_OSMIUM,XIRECS,9991.0,3,-1
869800,,,INTARIAN_PEPPER_ROOT,XIRECS,11876.0,7,-1
870900,,,ASH_COATED_OSMIUM,XIRECS,10011.0,5,-1
871500,,,ASH_COATED_OSMIUM,XIRECS,9995.0,2,-1
871700,,,ASH_COATED_OSMIUM,XIRECS,10010.0,2,-1
875600,,,INTARIAN_PEPPER_ROOT,XIRECS,11869.0,3,-1
877800,,,INTARIAN_PEPPER_ROOT,XIRECS,11884.0,6,-1
877900,,,ASH_COATED_OSMIUM,XIRECS,9994.0,7,-1
878200,,,ASH_COATED_OSMIUM,XIRECS,10009.0,5,-1
880800,,,ASH_COATED_OSMIUM,XIRECS,9995.0,4,-1
883500,,,INTARIAN_PEPPER_ROOT,XIRECS,11874.0,5,-1
887000,,,INTARIAN_PEPPER_ROOT,XIRECS,11890.0,4,-1
887700,,,ASH_COATED_OSMIUM,XIRECS,10010.0,6,-1
887700,,,INTARIAN_PEPPER_ROOT,XIRECS,11881.0,4,-1
889100,,,INTARIAN_PEPPER_ROOT,XIRECS,11896.0,4,-1
891000,,,INTARIAN_PEPPER_ROOT,XIRECS,11897.0,7,-1
891400,,,INTARIAN_PEPPER_ROOT,XIRECS,11894.0,4,-1
892900,,,ASH_COATED_OSMIUM,XIRECS,10011.0,8,-1
893200,,,ASH_COATED_OSMIUM,XIRECS,9992.0,4,-1
898100,,,INTARIAN_PEPPER_ROOT,XIRECS,11894.0,8,-1
899200,,,ASH_COATED_OSMIUM,XIRECS,10008.0,5,-1
899300,,,INTARIAN_PEPPER_ROOT,XIRECS,11906.0,6,-1
901900,,,ASH_COATED_OSMIUM,XIRECS,10000.0,3,-1
904700,,,ASH_COATED_OSMIUM,XIRECS,10005.0,3,-1
904900,,,INTARIAN_PEPPER_ROOT,XIRECS,11911.0,5,-1
905000,,,ASH_COATED_OSMIUM,XIRECS,9990.0,10,-1
905100,,,ASH_COATED_OSMIUM,XIRECS,9990.0,4,-1
905900,,,ASH_COATED_OSMIUM,XIRECS,10007.0,5,-1
907400,,,INTARIAN_PEPPER_ROOT,XIRECS,11914.0,6,-1
907500,,,INTARIAN_PEPPER_ROOT,XIRECS,11914.0,7,-1
909400,,,ASH_COATED_OSMIUM,XIRECS,9988.0,4,-1
909900,,,ASH_COATED_OSMIUM,XIRECS,10007.0,8,-1
910800,,,INTARIAN_PEPPER_ROOT,XIRECS,11901.0,5,-1
911200,,,ASH_COATED_OSMIUM,XIRECS,10006.0,2,-1
912400,,,ASH_COATED_OSMIUM,XIRECS,10005.0,3,-1
912400,,,INTARIAN_PEPPER_ROOT,XIRECS,11919.0,7,-1
914700,,,INTARIAN_PEPPER_ROOT,XIRECS,11921.0,5,-1
917900,,,ASH_COATED_OSMIUM,XIRECS,10005.0,5,-1
918400,,,INTARIAN_PEPPER_ROOT,XIRECS,11925.0,7,-1
919000,,,ASH_COATED_OSMIUM,XIRECS,9989.0,3,-1
920300,,,INTARIAN_PEPPER_ROOT,XIRECS,11927.0,4,-1
920700,,,ASH_COATED_OSMIUM,XIRECS,10004.0,3,-1
920900,,,INTARIAN_PEPPER_ROOT,XIRECS,11927.0,5,-1
921200,,,ASH_COATED_OSMIUM,XIRECS,10007.0,10,-1
922500,,,INTARIAN_PEPPER_ROOT,XIRECS,11932.0,3,-1
922600,,,INTARIAN_PEPPER_ROOT,XIRECS,11916.0,7,-1
923500,,,ASH_COATED_OSMIUM,XIRECS,9989.0,3,-1
923800,,,ASH_COATED_OSMIUM,XIRECS,9999.0,4,-1
927200,,,INTARIAN_PEPPER_ROOT,XIRECS,11930.0,3,-1
928300,,,ASH_COATED_OSMIUM,XIRECS,9988.0,3,-1
928900,,,ASH_COATED_OSMIUM,XIRECS,9989.0,4,-1
929500,,,ASH_COATED_OSMIUM,XIRECS,10005.0,2,-1
929900,,,INTARIAN_PEPPER_ROOT,XIRECS,11933.0,7,-1
930800,,,ASH_COATED_OSMIUM,XIRECS,9990.0,6,-1
932600,,,ASH_COATED_OSMIUM,XIRECS,10006.0,10,-1
933500,,,INTARIAN_PEPPER_ROOT,XIRECS,11940.0,6,-1
934100,,,ASH_COATED_OSMIUM,XIRECS,10005.0,3,-1
935900,,,ASH_COATED_OSMIUM,XIRECS,9989.0,8,-1
936600,,,INTARIAN_PEPPER_ROOT,XIRECS,11933.0,8,-1
937900,,,INTARIAN_PEPPER_ROOT,XIRECS,11931.0,6,-1
938900,,,ASH_COATED_OSMIUM,XIRECS,10006.0,2,-1
939400,,,ASH_COATED_OSMIUM,XIRECS,10006.0,6,-1
939500,,,ASH_COATED_OSMIUM,XIRECS,10006.0,9,-1
942700,,,INTARIAN_PEPPER_ROOT,XIRECS,11939.0,3,-1
946100,,,ASH_COATED_OSMIUM,XIRECS,9994.0,10,-1
947800,,,INTARIAN_PEPPER_ROOT,XIRECS,11941.0,6,-1
948000,,,INTARIAN_PEPPER_ROOT,XIRECS,11954.0,6,-1
948400,,,ASH_COATED_OSMIUM,XIRECS,10011.0,7,-1
949400,,,ASH_COATED_OSMIUM,XIRECS,10011.0,2,-1
949700,,,INTARIAN_PEPPER_ROOT,XIRECS,11959.0,4,-1
956400,,,ASH_COATED_OSMIUM,XIRECS,9995.0,3,-1
957400,,,INTARIAN_PEPPER_ROOT,XIRECS,11953.0,5,-1
957900,,,INTARIAN_PEPPER_ROOT,XIRECS,11964.0,6,-1
959100,,,INTARIAN_PEPPER_ROOT,XIRECS,11962.0,3,-1
960200,,,ASH_COATED_OSMIUM,XIRECS,9997.0,4,-1
964200,,,ASH_COATED_OSMIUM,XIRECS,10012.0,3,-1
964800,,,INTARIAN_PEPPER_ROOT,XIRECS,11958.0,7,-1
965400,,,INTARIAN_PEPPER_ROOT,XIRECS,11959.0,5,-1
970000,,,INTARIAN_PEPPER_ROOT,XIRECS,11966.0,8,-1
971100,,,ASH_COATED_OSMIUM,XIRECS,10010.0,5,-1
973700,,,INTARIAN_PEPPER_ROOT,XIRECS,11980.0,5,-1
974400,,,INTARIAN_PEPPER_ROOT,XIRECS,11965.0,7,-1
974800,,,ASH_COATED_OSMIUM,XIRECS,10009.0,4,-1
975300,,,ASH_COATED_OSMIUM,XIRECS,9994.0,2,-1
975700,,,ASH_COATED_OSMIUM,XIRECS,10010.0,3,-1
976300,,,INTARIAN_PEPPER_ROOT,XIRECS,11983.0,5,-1
976500,,,ASH_COATED_OSMIUM,XIRECS,9991.0,6,-1
976700,,,INTARIAN_PEPPER_ROOT,XIRECS,11983.0,3,-1
977200,,,INTARIAN_PEPPER_ROOT,XIRECS,11973.0,5,-1
978200,,,INTARIAN_PEPPER_ROOT,XIRECS,11985.0,6,-1
978400,,,ASH_COATED_OSMIUM,XIRECS,9992.0,3,-1
981000,,,ASH_COATED_OSMIUM,XIRECS,10012.0,5,-1
981200,,,INTARIAN_PEPPER_ROOT,XIRECS,11977.0,3,-1
982800,,,INTARIAN_PEPPER_ROOT,XIRECS,11976.0,6,-1
984300,,,ASH_COATED_OSMIUM,XIRECS,10012.0,4,-1
985500,,,ASH_COATED_OSMIUM,XIRECS,9996.0,3,-1
986400,,,ASH_COATED_OSMIUM,XIRECS,10012.0,3,-1
986800,,,ASH_COATED_OSMIUM,XIRECS,9995.0,6,-1
987300,,,ASH_COATED_OSMIUM,XIRECS,10011.0,6,-1
987400,,,INTARIAN_PEPPER_ROOT,XIRECS,11978.0,3,-1
989100,,,ASH_COATED_OSMIUM,XIRECS,9994.0,2,-1
989700,,,INTARIAN_PEPPER_ROOT,XIRECS,11983.0,4,-1
990900,,,INTARIAN_PEPPER_ROOT,XIRECS,11984.0,6,-1
991400,,,ASH_COATED_OSMIUM,XIRECS,9993.0,9,-1
993300,,,ASH_COATED_OSMIUM,XIRECS,9994.0,5,-1
994200,,,INTARIAN_PEPPER_ROOT,XIRECS,11988.0,3,-1
995100,,,INTARIAN_PEPPER_ROOT,XIRECS,11998.0,7,-1
995400,,,ASH_COATED_OSMIUM,XIRECS,10010.0,6,-1
997000,,,ASH_COATED_OSMIUM,XIRECS,9992.0,4,-1
0,,,ASH_COATED_OSMIUM,XIRECS,9995.0,6,0
3600,,,ASH_COATED_OSMIUM,XIRECS,10009.0,3,0
4200,,,ASH_COATED_OSMIUM,XIRECS,10011.0,2,0
4400,,,INTARIAN_PEPPER_ROOT,XIRECS,12011.0,5,0
4800,,,INTARIAN_PEPPER_ROOT,XIRECS,12008.0,3,0
5000,,,INTARIAN_PEPPER_ROOT,XIRECS,11998.0,5,0
9100,,,ASH_COATED_OSMIUM,XIRECS,9998.0,4,0
9600,,,ASH_COATED_OSMIUM,XIRECS,9993.0,6,0
10000,,,ASH_COATED_OSMIUM,XIRECS,9994.0,8,0
12100,,,ASH_COATED_OSMIUM,XIRECS,9994.0,5,0
14000,,,ASH_COATED_OSMIUM,XIRECS,10011.0,3,0
15100,,,ASH_COATED_OSMIUM,XIRECS,10010.0,2,0
15100,,,ASH_COATED_OSMIUM,XIRECS,10010.0,8,0
17400,,,INTARIAN_PEPPER_ROOT,XIRECS,12013.0,3,0
18500,,,ASH_COATED_OSMIUM,XIRECS,10010.0,6,0
23000,,,INTARIAN_PEPPER_ROOT,XIRECS,12016.0,4,0
23100,,,INTARIAN_PEPPER_ROOT,XIRECS,12019.0,4,0
23900,,,ASH_COATED_OSMIUM,XIRECS,9990.0,4,0
24300,,,ASH_COATED_OSMIUM,XIRECS,9993.0,4,0
24600,,,ASH_COATED_OSMIUM,XIRECS,9992.0,3,0
30400,,,ASH_COATED_OSMIUM,XIRECS,10009.0,2,0
30400,,,INTARIAN_PEPPER_ROOT,XIRECS,12037.0,6,0
32800,,,ASH_COATED_OSMIUM,XIRECS,9992.0,4,0
34000,,,ASH_COATED_OSMIUM,XIRECS,10010.0,7,0
34400,,,INTARIAN_PEPPER_ROOT,XIRECS,12041.0,3,0
34500,,,ASH_COATED_OSMIUM,XIRECS,9993.0,8,0
35700,,,INTARIAN_PEPPER_ROOT,XIRECS,12045.0,7,0
35700,,,INTARIAN_PEPPER_ROOT,XIRECS,12039.0,3,0
35800,,,INTARIAN_PEPPER_ROOT,XIRECS,12032.0,7,0
36500,,,ASH_COATED_OSMIUM,XIRECS,10010.0,3,0
37900,,,ASH_COATED_OSMIUM,XIRECS,9990.0,4,0
38400,,,ASH_COATED_OSMIUM,XIRECS,10009.0,3,0
38500,,,INTARIAN_PEPPER_ROOT,XIRECS,12032.0,5,0
39100,,,ASH_COATED_OSMIUM,XIRECS,10009.0,6,0
39900,,,ASH_COATED_OSMIUM,XIRECS,10010.0,7,0
41500,,,ASH_COATED_OSMIUM,XIRECS,10009.0,5,0
42800,,,INTARIAN_PEPPER_ROOT,XIRECS,12049.0,5,0
44700,,,INTARIAN_PEPPER_ROOT,XIRECS,12041.0,8,0
50900,,,ASH_COATED_OSMIUM,XIRECS,9990.0,5,0
51400,,,INTARIAN_PEPPER_ROOT,XIRECS,12045.0,4,0
52600,,,INTARIAN_PEPPER_ROOT,XIRECS,12056.0,8,0
54600,,,ASH_COATED_OSMIUM,XIRECS,9988.0,6,0
57000,,,INTARIAN_PEPPER_ROOT,XIRECS,12067.0,4,0
58400,,,ASH_COATED_OSMIUM,XIRECS,9987.0,3,0
59500,,,ASH_COATED_OSMIUM,XIRECS,10002.0,2,0
62000,,,ASH_COATED_OSMIUM,XIRECS,10005.0,6,0
63700,,,ASH_COATED_OSMIUM,XIRECS,9989.0,2,0
64300,,,INTARIAN_PEPPER_ROOT,XIRECS,12060.0,3,0
64900,,,ASH_COATED_OSMIUM,XIRECS,10004.0,4,0
65300,,,ASH_COATED_OSMIUM,XIRECS,9985.0,2,0
67600,,,INTARIAN_PEPPER_ROOT,XIRECS,12071.0,4,0
68000,,,ASH_COATED_OSMIUM,XIRECS,10005.0,3,0
70400,,,INTARIAN_PEPPER_ROOT,XIRECS,12074.0,5,0
71500,,,INTARIAN_PEPPER_ROOT,XIRECS,12067.0,4,0
73700,,,INTARIAN_PEPPER_ROOT,XIRECS,12067.0,4,0
76300,,,ASH_COATED_OSMIUM,XIRECS,9993.0,6,0
76500,,,ASH_COATED_OSMIUM,XIRECS,10012.0,8,0
77200,,,INTARIAN_PEPPER_ROOT,XIRECS,12071.0,3,0
80200,,,INTARIAN_PEPPER_ROOT,XIRECS,12074.0,5,0
83700,,,ASH_COATED_OSMIUM,XIRECS,10005.0,2,0
84400,,,INTARIAN_PEPPER_ROOT,XIRECS,12088.0,5,0
84600,,,INTARIAN_PEPPER_ROOT,XIRECS,12091.0,6,0
84800,,,INTARIAN_PEPPER_ROOT,XIRECS,12088.0,5,0
85500,,,ASH_COATED_OSMIUM,XIRECS,9988.0,7,0
85700,,,ASH_COATED_OSMIUM,XIRECS,9995.0,3,0
85900,,,ASH_COATED_OSMIUM,XIRECS,9986.0,5,0
87400,,,INTARIAN_PEPPER_ROOT,XIRECS,12081.0,3,0
87900,,,ASH_COATED_OSMIUM,XIRECS,9992.0,5,0
88300,,,ASH_COATED_OSMIUM,XIRECS,10011.0,2,0
90200,,,ASH_COATED_OSMIUM,XIRECS,10011.0,10,0
90700,,,ASH_COATED_OSMIUM,XIRECS,10011.0,2,0
90800,,,ASH_COATED_OSMIUM,XIRECS,9995.0,6,0
91700,,,INTARIAN_PEPPER_ROOT,XIRECS,12088.0,8,0
92500,,,INTARIAN_PEPPER_ROOT,XIRECS,12099.0,7,0
95900,,,ASH_COATED_OSMIUM,XIRECS,10008.0,3,0
96900,,,ASH_COATED_OSMIUM,XIRECS,10007.0,6,0
96900,,,ASH_COATED_OSMIUM,XIRECS,10007.0,8,0
97200,,,INTARIAN_PEPPER_ROOT,XIRECS,12104.0,7,0
105900,,,ASH_COATED_OSMIUM,XIRECS,10013.0,5,0
107000,,,INTARIAN_PEPPER_ROOT,XIRECS,12114.0,7,0
107200,,,ASH_COATED_OSMIUM,XIRECS,9995.0,3,0
108800,,,INTARIAN_PEPPER_ROOT,XIRECS,12112.0,3,0
109800,,,INTARIAN_PEPPER_ROOT,XIRECS,12116.0,4,0
109800,,,INTARIAN_PEPPER_ROOT,XIRECS,12113.0,3,0
111600,,,ASH_COATED_OSMIUM,XIRECS,9993.0,5,0
114700,,,ASH_COATED_OSMIUM,XIRECS,9995.0,3,0
116100,,,ASH_COATED_OSMIUM,XIRECS,9993.0,8,0
117500,,,INTARIAN_PEPPER_ROOT,XIRECS,12111.0,6,0
120100,,,INTARIAN_PEPPER_ROOT,XIRECS,12127.0,4,0
122000,,,ASH_COATED_OSMIUM,XIRECS,10012.0,10,0
122300,,,ASH_COATED_OSMIUM,XIRECS,10012.0,5,0
122400,,,INTARIAN_PEPPER_ROOT,XIRECS,12129.0,7,0
124500,,,ASH_COATED_OSMIUM,XIRECS,9992.0,2,0
126400,,,ASH_COATED_OSMIUM,XIRECS,9993.0,6,0
126500,,,ASH_COATED_OSMIUM,XIRECS,9993.0,6,0
127800,,,ASH_COATED_OSMIUM,XIRECS,10012.0,2,0
127800,,,INTARIAN_PEPPER_ROOT,XIRECS,12121.0,3,0
129500,,,INTARIAN_PEPPER_ROOT,XIRECS,12136.0,3,0
130300,,,ASH_COATED_OSMIUM,XIRECS,10011.0,2,0
131000,,,ASH_COATED_OSMIUM,XIRECS,10008.0,9,0
131100,,,INTARIAN_PEPPER_ROOT,XIRECS,12138.0,4,0
131400,,,ASH_COATED_OSMIUM,XIRECS,10009.0,2,0
132300,,,INTARIAN_PEPPER_ROOT,XIRECS,12126.0,3,0
137700,,,ASH_COATED_OSMIUM,XIRECS,10012.0,3,0
138000,,,INTARIAN_PEPPER_ROOT,XIRECS,12131.0,4,0
138700,,,INTARIAN_PEPPER_ROOT,XIRECS,12142.0,3,0
139400,,,ASH_COATED_OSMIUM,XIRECS,9995.0,6,0
139400,,,ASH_COATED_OSMIUM,XIRECS,9995.0,5,0
141900,,,INTARIAN_PEPPER_ROOT,XIRECS,12135.0,4,0
142000,,,ASH_COATED_OSMIUM,XIRECS,9994.0,2,0
142200,,,ASH_COATED_OSMIUM,XIRECS,9994.0,6,0
142300,,,INTARIAN_PEPPER_ROOT,XIRECS,12145.0,6,0
146700,,,ASH_COATED_OSMIUM,XIRECS,10010.0,6,0
148200,,,INTARIAN_PEPPER_ROOT,XIRECS,12142.0,7,0
149500,,,ASH_COATED_OSMIUM,XIRECS,10012.0,9,0
153200,,,ASH_COATED_OSMIUM,XIRECS,9996.0,5,0
154600,,,ASH_COATED_OSMIUM,XIRECS,9995.0,2,0
155300,,,ASH_COATED_OSMIUM,XIRECS,10012.0,10,0
155500,,,ASH_COATED_OSMIUM,XIRECS,10012.0,6,0
155700,,,ASH_COATED_OSMIUM,XIRECS,10015.0,7,0
155800,,,ASH_COATED_OSMIUM,XIRECS,9997.0,5,0
158200,,,ASH_COATED_OSMIUM,XIRECS,9998.0,5,0
164100,,,INTARIAN_PEPPER_ROOT,XIRECS,12167.0,5,0
164200,,,INTARIAN_PEPPER_ROOT,XIRECS,12160.0,7,0
165300,,,ASH_COATED_OSMIUM,XIRECS,9998.0,5,0
170300,,,INTARIAN_PEPPER_ROOT,XIRECS,12177.0,7,0
170500,,,INTARIAN_PEPPER_ROOT,XIRECS,12174.0,7,0
172700,,,ASH_COATED_OSMIUM,XIRECS,10015.0,4,0
173100,,,ASH_COATED_OSMIUM,XIRECS,10009.0,2,0
177700,,,ASH_COATED_OSMIUM,XIRECS,9998.0,10,0
177900,,,INTARIAN_PEPPER_ROOT,XIRECS,12171.0,5,0
181600,,,ASH_COATED_OSMIUM,XIRECS,9999.0,2,0
182700,,,ASH_COATED_OSMIUM,XIRECS,9998.0,5,0
184700,,,ASH_COATED_OSMIUM,XIRECS,10008.0,5,0
184800,,,ASH_COATED_OSMIUM,XIRECS,9999.0,4,0
185500,,,INTARIAN_PEPPER_ROOT,XIRECS,12189.0,5,0
185900,,,ASH_COATED_OSMIUM,XIRECS,10000.0,10,0
186800,,,ASH_COATED_OSMIUM,XIRECS,9999.0,4,0
190400,,,ASH_COATED_OSMIUM,XIRECS,10012.0,3,0
191800,,,INTARIAN_PEPPER_ROOT,XIRECS,12182.0,4,0
192600,,,ASH_COATED_OSMIUM,XIRECS,9997.0,8,0
192900,,,ASH_COATED_OSMIUM,XIRECS,10013.0,10,0
194900,,,INTARIAN_PEPPER_ROOT,XIRECS,12191.0,6,0
197300,,,ASH_COATED_OSMIUM,XIRECS,9997.0,9,0
198600,,,INTARIAN_PEPPER_ROOT,XIRECS,12192.0,5,0
199400,,,INTARIAN_PEPPER_ROOT,XIRECS,12206.0,5,0
200100,,,ASH_COATED_OSMIUM,XIRECS,9997.0,6,0
200300,,,ASH_COATED_OSMIUM,XIRECS,9998.0,10,0
200400,,,ASH_COATED_OSMIUM,XIRECS,10014.0,2,0
200600,,,ASH_COATED_OSMIUM,XIRECS,10013.0,2,0
200700,,,ASH_COATED_OSMIUM,XIRECS,10012.0,8,0
201700,,,ASH_COATED_OSMIUM,XIRECS,9994.0,4,0
204000,,,INTARIAN_PEPPER_ROOT,XIRECS,12211.0,7,0
204600,,,INTARIAN_PEPPER_ROOT,XIRECS,12198.0,5,0
205600,,,ASH_COATED_OSMIUM,XIRECS,9991.0,2,0
206600,,,ASH_COATED_OSMIUM,XIRECS,9993.0,7,0
207500,,,INTARIAN_PEPPER_ROOT,XIRECS,12214.0,3,0
208900,,,ASH_COATED_OSMIUM,XIRECS,9988.0,10,0
210000,,,ASH_COATED_OSMIUM,XIRECS,9987.0,4,0
212100,,,INTARIAN_PEPPER_ROOT,XIRECS,12215.0,4,0
212700,,,ASH_COATED_OSMIUM,XIRECS,9987.0,6,0
215000,,,INTARIAN_PEPPER_ROOT,XIRECS,12225.0,7,0
217000,,,INTARIAN_PEPPER_ROOT,XIRECS,12224.0,5,0
220600,,,INTARIAN_PEPPER_ROOT,XIRECS,12216.0,4,0
222900,,,ASH_COATED_OSMIUM,XIRECS,10011.0,2,0
224300,,,INTARIAN_PEPPER_ROOT,XIRECS,12231.0,3,0
224800,,,ASH_COATED_OSMIUM,XIRECS,10008.0,5,0
224900,,,ASH_COATED_OSMIUM,XIRECS,10008.0,7,0
225000,,,INTARIAN_PEPPER_ROOT,XIRECS,12218.0,7,0
226200,,,ASH_COATED_OSMIUM,XIRECS,9989.0,6,0
227600,,,ASH_COATED_OSMIUM,XIRECS,9990.0,5,0
228000,,,ASH_COATED_OSMIUM,XIRECS,9990.0,5,0
229200,,,ASH_COATED_OSMIUM,XIRECS,10001.0,2,0
229600,,,ASH_COATED_OSMIUM,XIRECS,10011.0,5,0
234600,,,INTARIAN_PEPPER_ROOT,XIRECS,12241.0,4,0
235600,,,ASH_COATED_OSMIUM,XIRECS,9989.0,8,0
236100,,,ASH_COATED_OSMIUM,XIRECS,9989.0,4,0
236500,,,ASH_COATED_OSMIUM,XIRECS,9989.0,2,0
236600,,,ASH_COATED_OSMIUM,XIRECS,9990.0,4,0
237000,,,ASH_COATED_OSMIUM,XIRECS,10005.0,5,0
237100,,,ASH_COATED_OSMIUM,XIRECS,9987.0,3,0
237500,,,INTARIAN_PEPPER_ROOT,XIRECS,12244.0,4,0
239700,,,INTARIAN_PEPPER_ROOT,XIRECS,12246.0,7,0
241700,,,ASH_COATED_OSMIUM,XIRECS,9988.0,7,0
242000,,,INTARIAN_PEPPER_ROOT,XIRECS,12249.0,7,0
242800,,,ASH_COATED_OSMIUM,XIRECS,10003.0,5,0
243200,,,ASH_COATED_OSMIUM,XIRECS,10003.0,6,0
243500,,,INTARIAN_PEPPER_ROOT,XIRECS,12247.0,4,0
243700,,,ASH_COATED_OSMIUM,XIRECS,10006.0,6,0
246200,,,ASH_COATED_OSMIUM,XIRECS,9986.0,9,0
247600,,,ASH_COATED_OSMIUM,XIRECS,9985.0,6,0
248700,,,INTARIAN_PEPPER_ROOT,XIRECS,12242.0,4,0
251700,,,ASH_COATED_OSMIUM,XIRECS,9985.0,4,0
252300,,,ASH_COATED_OSMIUM,XIRECS,10001.0,5,0
252400,,,ASH_COATED_OSMIUM,XIRECS,10004.0,7,0
258300,,,ASH_COATED_OSMIUM,XIRECS,10003.0,9,0
258400,,,ASH_COATED_OSMIUM,XIRECS,10004.0,4,0
259400,,,ASH_COATED_OSMIUM,XIRECS,9989.0,8,0
260100,,,INTARIAN_PEPPER_ROOT,XIRECS,12267.0,5,0
260500,,,ASH_COATED_OSMIUM,XIRECS,10008.0,7,0
260600,,,ASH_COATED_OSMIUM,XIRECS,10006.0,2,0
261300,,,ASH_COATED_OSMIUM,XIRECS,9988.0,2,0
264100,,,INTARIAN_PEPPER_ROOT,XIRECS,12254.0,7,0
265000,,,ASH_COATED_OSMIUM,XIRECS,9991.0,8,0
267000,,,ASH_COATED_OSMIUM,XIRECS,9993.0,9,0
267500,,,INTARIAN_PEPPER_ROOT,XIRECS,12261.0,3,0
268800,,,ASH_COATED_OSMIUM,XIRECS,10012.0,6,0
269400,,,ASH_COATED_OSMIUM,XIRECS,9993.0,4,0
270400,,,ASH_COATED_OSMIUM,XIRECS,10011.0,2,0
270700,,,INTARIAN_PEPPER_ROOT,XIRECS,12277.0,6,0
271100,,,INTARIAN_PEPPER_ROOT,XIRECS,12267.0,3,0
271800,,,ASH_COATED_OSMIUM,XIRECS,10011.0,5,0
272800,,,ASH_COATED_OSMIUM,XIRECS,10012.0,6,0
274100,,,INTARIAN_PEPPER_ROOT,XIRECS,12270.0,6,0
275600,,,ASH_COATED_OSMIUM,XIRECS,10011.0,4,0
280900,,,ASH_COATED_OSMIUM,XIRECS,9994.0,2,0
282500,,,ASH_COATED_OSMIUM,XIRECS,9994.0,4,0
282600,,,INTARIAN_PEPPER_ROOT,XIRECS,12286.0,6,0
282700,,,ASH_COATED_OSMIUM,XIRECS,10004.0,3,0
291400,,,ASH_COATED_OSMIUM,XIRECS,9994.0,3,0
295500,,,ASH_COATED_OSMIUM,XIRECS,10009.0,8,0
297000,,,ASH_COATED_OSMIUM,XIRECS,10010.0,9,0
297300,,,ASH_COATED_OSMIUM,XIRECS,10011.0,3,0
299500,,,ASH_COATED_OSMIUM,XIRECS,9993.0,2,0
300000,,,INTARIAN_PEPPER_ROOT,XIRECS,12307.0,7,0
301400,,,INTARIAN_PEPPER_ROOT,XIRECS,12311.0,7,0
301600,,,ASH_COATED_OSMIUM,XIRECS,9994.0,9,0
302800,,,ASH_COATED_OSMIUM,XIRECS,10003.0,2,0
306000,,,INTARIAN_PEPPER_ROOT,XIRECS,12309.0,5,0
306200,,,ASH_COATED_OSMIUM,XIRECS,9994.0,6,0
306500,,,ASH_COATED_OSMIUM,XIRECS,10010.0,5,0
307600,,,ASH_COATED_OSMIUM,XIRECS,9994.0,5,0
310000,,,ASH_COATED_OSMIUM,XIRECS,10008.0,9,0
310900,,,ASH_COATED_OSMIUM,XIRECS,10009.0,6,0
311200,,,INTARIAN_PEPPER_ROOT,XIRECS,12301.0,3,0
313100,,,ASH_COATED_OSMIUM,XIRECS,9995.0,2,0
313600,,,ASH_COATED_OSMIUM,XIRECS,10012.0,3,0
314400,,,INTARIAN_PEPPER_ROOT,XIRECS,12321.0,6,0
320900,,,ASH_COATED_OSMIUM,XIRECS,10016.0,6,0
323500,,,ASH_COATED_OSMIUM,XIRECS,9994.0,6,0
324600,,,ASH_COATED_OSMIUM,XIRECS,9993.0,2,0
325000,,,ASH_COATED_OSMIUM,XIRECS,10009.0,5,0
327400,,,INTARIAN_PEPPER_ROOT,XIRECS,12321.0,6,0
327600,,,INTARIAN_PEPPER_ROOT,XIRECS,12334.0,3,0
329000,,,ASH_COATED_OSMIUM,XIRECS,9993.0,9,0
330600,,,ASH_COATED_OSMIUM,XIRECS,9994.0,2,0
331500,,,INTARIAN_PEPPER_ROOT,XIRECS,12325.0,3,0
331800,,,ASH_COATED_OSMIUM,XIRECS,10011.0,8,0
332800,,,ASH_COATED_OSMIUM,XIRECS,10010.0,5,0
333200,,,INTARIAN_PEPPER_ROOT,XIRECS,12343.0,7,0
334400,,,INTARIAN_PEPPER_ROOT,XIRECS,12341.0,3,0
334700,,,INTARIAN_PEPPER_ROOT,XIRECS,12328.0,3,0
335300,,,INTARIAN_PEPPER_ROOT,XIRECS,12342.0,3,0
335400,,,INTARIAN_PEPPER_ROOT,XIRECS,12339.0,6,0
335800,,,ASH_COATED_OSMIUM,XIRECS,9994.0,6,0
336000,,,ASH_COATED_OSMIUM,XIRECS,9995.0,6,0
336400,,,ASH_COATED_OSMIUM,XIRECS,10012.0,9,0
336500,,,INTARIAN_PEPPER_ROOT,XIRECS,12343.0,6,0
336800,,,ASH_COATED_OSMIUM,XIRECS,9994.0,4,0
336800,,,INTARIAN_PEPPER_ROOT,XIRECS,12333.0,5,0
337200,,,ASH_COATED_OSMIUM,XIRECS,9993.0,6,0
337300,,,ASH_COATED_OSMIUM,XIRECS,9995.0,7,0
337400,,,INTARIAN_PEPPER_ROOT,XIRECS,12328.0,7,0
340700,,,ASH_COATED_OSMIUM,XIRECS,10009.0,2,0
341200,,,ASH_COATED_OSMIUM,XIRECS,9994.0,2,0
344000,,,INTARIAN_PEPPER_ROOT,XIRECS,12340.0,3,0
344200,,,ASH_COATED_OSMIUM,XIRECS,9996.0,4,0
345800,,,ASH_COATED_OSMIUM,XIRECS,9996.0,3,0
346200,,,ASH_COATED_OSMIUM,XIRECS,9995.0,4,0
349400,,,ASH_COATED_OSMIUM,XIRECS,10009.0,4,0
350400,,,ASH_COATED_OSMIUM,XIRECS,10008.0,5,0
350900,,,INTARIAN_PEPPER_ROOT,XIRECS,12358.0,4,0
351800,,,ASH_COATED_OSMIUM,XIRECS,10010.0,5,0
351900,,,INTARIAN_PEPPER_ROOT,XIRECS,12345.0,7,0
352300,,,INTARIAN_PEPPER_ROOT,XIRECS,12356.0,8,0
352500,,,INTARIAN_PEPPER_ROOT,XIRECS,12359.0,6,0
353000,,,ASH_COATED_OSMIUM,XIRECS,9993.0,5,0
354000,,,INTARIAN_PEPPER_ROOT,XIRECS,12361.0,6,0
356700,,,ASH_COATED_OSMIUM,XIRECS,10011.0,9,0
356800,,,INTARIAN_PEPPER_ROOT,XIRECS,12350.0,6,0
357500,,,ASH_COATED_OSMIUM,XIRECS,9996.0,3,0
358000,,,INTARIAN_PEPPER_ROOT,XIRECS,12351.0,3,0
358400,,,ASH_COATED_OSMIUM,XIRECS,10011.0,3,0
359300,,,ASH_COATED_OSMIUM,XIRECS,9995.0,4,0
360800,,,INTARIAN_PEPPER_ROOT,XIRECS,12367.0,5,0
361400,,,ASH_COATED_OSMIUM,XIRECS,9994.0,6,0
361600,,,INTARIAN_PEPPER_ROOT,XIRECS,12357.0,5,0
363200,,,ASH_COATED_OSMIUM,XIRECS,10010.0,2,0
365300,,,ASH_COATED_OSMIUM,XIRECS,9994.0,3,0
365400,,,INTARIAN_PEPPER_ROOT,XIRECS,12361.0,7,0
367300,,,INTARIAN_PEPPER_ROOT,XIRECS,12361.0,5,0
370900,,,INTARIAN_PEPPER_ROOT,XIRECS,12378.0,4,0
371200,,,INTARIAN_PEPPER_ROOT,XIRECS,12365.0,3,0
372300,,,INTARIAN_PEPPER_ROOT,XIRECS,12368.0,6,0
374600,,,INTARIAN_PEPPER_ROOT,XIRECS,12381.0,3,0
375300,,,ASH_COATED_OSMIUM,XIRECS,9995.0,4,0
375400,,,ASH_COATED_OSMIUM,XIRECS,10010.0,3,0
376700,,,INTARIAN_PEPPER_ROOT,XIRECS,12372.0,7,0
377400,,,ASH_COATED_OSMIUM,XIRECS,9994.0,4,0
380800,,,INTARIAN_PEPPER_ROOT,XIRECS,12387.0,3,0
380900,,,ASH_COATED_OSMIUM,XIRECS,9995.0,8,0
381000,,,ASH_COATED_OSMIUM,XIRECS,10010.0,2,0
383000,,,ASH_COATED_OSMIUM,XIRECS,10009.0,6,0
384000,,,ASH_COATED_OSMIUM,XIRECS,9990.0,4,0
389800,,,ASH_COATED_OSMIUM,XIRECS,10009.0,10,0
389900,,,ASH_COATED_OSMIUM,XIRECS,9990.0,7,0
390400,,,ASH_COATED_OSMIUM,XIRECS,9993.0,9,0
391100,,,ASH_COATED_OSMIUM,XIRECS,9992.0,4,0
392300,,,ASH_COATED_OSMIUM,XIRECS,10010.0,5,0
399100,,,INTARIAN_PEPPER_ROOT,XIRECS,12392.0,3,0
401000,,,INTARIAN_PEPPER_ROOT,XIRECS,12397.0,8,0
401700,,,ASH_COATED_OSMIUM,XIRECS,10012.0,9,0
402400,,,ASH_COATED_OSMIUM,XIRECS,9994.0,5,0
405200,,,ASH_COATED_OSMIUM,XIRECS,9992.0,2,0
407400,,,ASH_COATED_OSMIUM,XIRECS,10010.0,8,0
412600,,,ASH_COATED_OSMIUM,XIRECS,9992.0,4,0
414000,,,ASH_COATED_OSMIUM,XIRECS,10010.0,6,0
415200,,,INTARIAN_PEPPER_ROOT,XIRECS,12425.0,6,0
415800,,,ASH_COATED_OSMIUM,XIRECS,9994.0,6,0
416100,,,ASH_COATED_OSMIUM,XIRECS,9994.0,2,0
419000,,,INTARIAN_PEPPER_ROOT,XIRECS,12412.0,6,0
419200,,,INTARIAN_PEPPER_ROOT,XIRECS,12426.0,4,0
420300,,,INTARIAN_PEPPER_ROOT,XIRECS,12414.0,7,0
423300,,,INTARIAN_PEPPER_ROOT,XIRECS,12417.0,6,0
424700,,,ASH_COATED_OSMIUM,XIRECS,9990.0,6,0
424900,,,INTARIAN_PEPPER_ROOT,XIRECS,12432.0,7,0
425200,,,ASH_COATED_OSMIUM,XIRECS,10006.0,6,0
425800,,,ASH_COATED_OSMIUM,XIRECS,9990.0,7,0
427600,,,INTARIAN_PEPPER_ROOT,XIRECS,12421.0,7,0
430100,,,ASH_COATED_OSMIUM,XIRECS,10007.0,4,0
432100,,,INTARIAN_PEPPER_ROOT,XIRECS,12428.0,8,0
432800,,,ASH_COATED_OSMIUM,XIRECS,9991.0,6,0
433700,,,ASH_COATED_OSMIUM,XIRECS,9990.0,6,0
435400,,,ASH_COATED_OSMIUM,XIRECS,9989.0,3,0
436100,,,INTARIAN_PEPPER_ROOT,XIRECS,12439.0,5,0
437600,,,INTARIAN_PEPPER_ROOT,XIRECS,12428.0,3,0
439100,,,ASH_COATED_OSMIUM,XIRECS,10008.0,5,0
439800,,,ASH_COATED_OSMIUM,XIRECS,10011.0,7,0
440300,,,ASH_COATED_OSMIUM,XIRECS,10008.0,3,0
440700,,,ASH_COATED_OSMIUM,XIRECS,9991.0,2,0
440800,,,INTARIAN_PEPPER_ROOT,XIRECS,12434.0,4,0
442100,,,ASH_COATED_OSMIUM,XIRECS,10003.0,4,0
442700,,,ASH_COATED_OSMIUM,XIRECS,10010.0,6,0
443000,,,ASH_COATED_OSMIUM,XIRECS,10010.0,4,0
444200,,,ASH_COATED_OSMIUM,XIRECS,10010.0,10,0
445000,,,ASH_COATED_OSMIUM,XIRECS,10010.0,8,0
447800,,,INTARIAN_PEPPER_ROOT,XIRECS,12455.0,5,0
449100,,,ASH_COATED_OSMIUM,XIRECS,9995.0,8,0
450800,,,ASH_COATED_OSMIUM,XIRECS,10001.0,3,0
451800,,,ASH_COATED_OSMIUM,XIRECS,9996.0,5,0
452300,,,ASH_COATED_OSMIUM,XIRECS,10012.0,7,0
453000,,,INTARIAN_PEPPER_ROOT,XIRECS,12456.0,3,0
453400,,,ASH_COATED_OSMIUM,XIRECS,9998.0,6,0
453700,,,ASH_COATED_OSMIUM,XIRECS,10008.0,3,0
453800,,,INTARIAN_PEPPER_ROOT,XIRECS,12450.0,7,0
456000,,,ASH_COATED_OSMIUM,XIRECS,10015.0,4,0
456100,,,INTARIAN_PEPPER_ROOT,XIRECS,12446.0,6,0
457000,,,INTARIAN_PEPPER_ROOT,XIRECS,12447.0,6,0
457600,,,INTARIAN_PEPPER_ROOT,XIRECS,12461.0,3,0
458400,,,ASH_COATED_OSMIUM,XIRECS,10014.0,6,0
458700,,,INTARIAN_PEPPER_ROOT,XIRECS,12469.0,7,0
459600,,,INTARIAN_PEPPER_ROOT,XIRECS,12453.0,6,0
461900,,,INTARIAN_PEPPER_ROOT,XIRECS,12469.0,5,0
463900,,,ASH_COATED_OSMIUM,XIRECS,10013.0,6,0
464300,,,INTARIAN_PEPPER_ROOT,XIRECS,12471.0,3,0
465500,,,ASH_COATED_OSMIUM,XIRECS,10013.0,6,0
466000,,,INTARIAN_PEPPER_ROOT,XIRECS,12462.0,3,0
467300,,,INTARIAN_PEPPER_ROOT,XIRECS,12461.0,3,0
467800,,,ASH_COATED_OSMIUM,XIRECS,10007.0,2,0
467800,,,ASH_COATED_OSMIUM,XIRECS,10014.0,5,0
468100,,,ASH_COATED_OSMIUM,XIRECS,9995.0,8,0
469000,,,INTARIAN_PEPPER_ROOT,XIRECS,12462.0,6,0
471900,,,ASH_COATED_OSMIUM,XIRECS,10014.0,6,0
472200,,,ASH_COATED_OSMIUM,XIRECS,9997.0,3,0
473000,,,INTARIAN_PEPPER_ROOT,XIRECS,12476.0,4,0
473600,,,INTARIAN_PEPPER_ROOT,XIRECS,12467.0,5,0
474000,,,INTARIAN_PEPPER_ROOT,XIRECS,12477.0,5,0
476400,,,ASH_COATED_OSMIUM,XIRECS,10008.0,5,0
477200,,,ASH_COATED_OSMIUM,XIRECS,9991.0,6,0
477600,,,INTARIAN_PEPPER_ROOT,XIRECS,12484.0,5,0
478500,,,ASH_COATED_OSMIUM,XIRECS,9991.0,3,0
478600,,,ASH_COATED_OSMIUM,XIRECS,9991.0,6,0
479600,,,ASH_COATED_OSMIUM,XIRECS,9991.0,2,0
482100,,,INTARIAN_PEPPER_ROOT,XIRECS,12475.0,5,0
482600,,,ASH_COATED_OSMIUM,XIRECS,9989.0,5,0
482700,,,ASH_COATED_OSMIUM,XIRECS,9989.0,5,0
487200,,,ASH_COATED_OSMIUM,XIRECS,10008.0,3,0
487500,,,ASH_COATED_OSMIUM,XIRECS,9990.0,4,0
487700,,,ASH_COATED_OSMIUM,XIRECS,9990.0,5,0
489400,,,INTARIAN_PEPPER_ROOT,XIRECS,12483.0,3,0
489700,,,ASH_COATED_OSMIUM,XIRECS,10013.0,7,0
490300,,,INTARIAN_PEPPER_ROOT,XIRECS,12484.0,5,0
493800,,,INTARIAN_PEPPER_ROOT,XIRECS,12487.0,4,0
494300,,,ASH_COATED_OSMIUM,XIRECS,10010.0,3,0
495800,,,INTARIAN_PEPPER_ROOT,XIRECS,12489.0,4,0
498900,,,ASH_COATED_OSMIUM,XIRECS,9992.0,8,0
500000,,,ASH_COATED_OSMIUM,XIRECS,9990.0,4,0
500000,,,INTARIAN_PEPPER_ROOT,XIRECS,12503.0,3,0
501300,,,INTARIAN_PEPPER_ROOT,XIRECS,12505.0,7,0
502100,,,ASH_COATED_OSMIUM,XIRECS,9991.0,4,0
502700,,,ASH_COATED_OSMIUM,XIRECS,10007.0,2,0
503100,,,ASH_COATED_OSMIUM,XIRECS,9996.0,3,0
503300,,,INTARIAN_PEPPER_ROOT,XIRECS,12497.0,6,0
507800,,,INTARIAN_PEPPER_ROOT,XIRECS,12501.0,3,0
509700,,,INTARIAN_PEPPER_ROOT,XIRECS,12503.0,7,0
511000,,,ASH_COATED_OSMIUM,XIRECS,9997.0,4,0
511700,,,ASH_COATED_OSMIUM,XIRECS,10014.0,6,0
512500,,,ASH_COATED_OSMIUM,XIRECS,10014.0,4,0
512800,,,ASH_COATED_OSMIUM,XIRECS,9996.0,7,0
512800,,,INTARIAN_PEPPER_ROOT,XIRECS,12520.0,5,0
514300,,,ASH_COATED_OSMIUM,XIRECS,9995.0,5,0
516100,,,ASH_COATED_OSMIUM,XIRECS,10013.0,5,0
517200,,,ASH_COATED_OSMIUM,XIRECS,10012.0,5,0
519200,,,INTARIAN_PEPPER_ROOT,XIRECS,12526.0,7,0
520100,,,ASH_COATED_OSMIUM,XIRECS,10015.0,6,0
520700,,,INTARIAN_PEPPER_ROOT,XIRECS,12514.0,5,0
521600,,,INTARIAN_PEPPER_ROOT,XIRECS,12515.0,5,0
521800,,,ASH_COATED_OSMIUM,XIRECS,9996.0,4,0
522500,,,ASH_COATED_OSMIUM,XIRECS,10008.0,5,0
525700,,,ASH_COATED_OSMIUM,XIRECS,9997.0,4,0
531600,,,INTARIAN_PEPPER_ROOT,XIRECS,12525.0,4,0
532300,,,ASH_COATED_OSMIUM,XIRECS,9998.0,3,0
536100,,,ASH_COATED_OSMIUM,XIRECS,10003.0,6,0
536700,,,INTARIAN_PEPPER_ROOT,XIRECS,12543.0,3,0
537200,,,ASH_COATED_OSMIUM,XIRECS,10019.0,3,0
539900,,,INTARIAN_PEPPER_ROOT,XIRECS,12533.0,6,0
540100,,,ASH_COATED_OSMIUM,XIRECS,10020.0,2,0
544700,,,INTARIAN_PEPPER_ROOT,XIRECS,12548.0,8,0
545100,,,INTARIAN_PEPPER_ROOT,XIRECS,12552.0,7,0
547300,,,ASH_COATED_OSMIUM,XIRECS,10005.0,9,0
552900,,,ASH_COATED_OSMIUM,XIRECS,10005.0,10,0
554400,,,ASH_COATED_OSMIUM,XIRECS,10004.0,10,0
555700,,,INTARIAN_PEPPER_ROOT,XIRECS,12551.0,7,0
556000,,,INTARIAN_PEPPER_ROOT,XIRECS,12549.0,3,0
556700,,,ASH_COATED_OSMIUM,XIRECS,10005.0,2,0
556700,,,INTARIAN_PEPPER_ROOT,XIRECS,12552.0,8,0
556800,,,INTARIAN_PEPPER_ROOT,XIRECS,12564.0,3,0
557700,,,ASH_COATED_OSMIUM,XIRECS,10003.0,8,0
560300,,,ASH_COATED_OSMIUM,XIRECS,10019.0,6,0
561300,,,INTARIAN_PEPPER_ROOT,XIRECS,12557.0,3,0
563700,,,ASH_COATED_OSMIUM,XIRECS,10016.0,3,0
564900,,,INTARIAN_PEPPER_ROOT,XIRECS,12561.0,6,0
566100,,,INTARIAN_PEPPER_ROOT,XIRECS,12562.0,3,0
566600,,,ASH_COATED_OSMIUM,XIRECS,10018.0,7,0
566700,,,INTARIAN_PEPPER_ROOT,XIRECS,12560.0,3,0
567300,,,ASH_COATED_OSMIUM,XIRECS,10002.0,10,0
570000,,,INTARIAN_PEPPER_ROOT,XIRECS,12577.0,5,0
573000,,,ASH_COATED_OSMIUM,XIRECS,10016.0,3,0
573500,,,INTARIAN_PEPPER_ROOT,XIRECS,12569.0,5,0
574000,,,ASH_COATED_OSMIUM,XIRECS,10001.0,2,0
574100,,,ASH_COATED_OSMIUM,XIRECS,10017.0,5,0
574300,,,ASH_COATED_OSMIUM,XIRECS,10001.0,3,0
579600,,,INTARIAN_PEPPER_ROOT,XIRECS,12590.0,7,0
579800,,,INTARIAN_PEPPER_ROOT,XIRECS,12587.0,7,0
580300,,,INTARIAN_PEPPER_ROOT,XIRECS,12574.0,7,0
582300,,,INTARIAN_PEPPER_ROOT,XIRECS,12576.0,5,0
583900,,,ASH_COATED_OSMIUM,XIRECS,10014.0,7,0
584000,,,ASH_COATED_OSMIUM,XIRECS,10013.0,8,0
584400,,,INTARIAN_PEPPER_ROOT,XIRECS,12591.0,4,0
585300,,,INTARIAN_PEPPER_ROOT,XIRECS,12579.0,5,0
590100,,,ASH_COATED_OSMIUM,XIRECS,10012.0,3,0
590400,,,INTARIAN_PEPPER_ROOT,XIRECS,12600.0,3,0
593800,,,INTARIAN_PEPPER_ROOT,XIRECS,12601.0,3,0
594800,,,ASH_COATED_OSMIUM,XIRECS,10013.0,2,0
600500,,,INTARIAN_PEPPER_ROOT,XIRECS,12594.0,6,0
600600,,,ASH_COATED_OSMIUM,XIRECS,9993.0,6,0
602900,,,ASH_COATED_OSMIUM,XIRECS,10002.0,2,0
605900,,,INTARIAN_PEPPER_ROOT,XIRECS,12599.0,3,0
607200,,,ASH_COATED_OSMIUM,XIRECS,9996.0,3,0
607600,,,ASH_COATED_OSMIUM,XIRECS,10012.0,5,0
610500,,,INTARIAN_PEPPER_ROOT,XIRECS,12604.0,5,0
611400,,,ASH_COATED_OSMIUM,XIRECS,9993.0,6,0
611700,,,ASH_COATED_OSMIUM,XIRECS,9993.0,5,0
612000,,,ASH_COATED_OSMIUM,XIRECS,10001.0,2,0
612300,,,INTARIAN_PEPPER_ROOT,XIRECS,12608.0,8,0
615600,,,ASH_COATED_OSMIUM,XIRECS,10009.0,5,0
619500,,,INTARIAN_PEPPER_ROOT,XIRECS,12626.0,7,0
620700,,,ASH_COATED_OSMIUM,XIRECS,10011.0,8,0
622700,,,ASH_COATED_OSMIUM,XIRECS,10016.0,4,0
623400,,,INTARIAN_PEPPER_ROOT,XIRECS,12633.0,6,0
624500,,,ASH_COATED_OSMIUM,XIRECS,9995.0,6,0
628900,,,ASH_COATED_OSMIUM,XIRECS,10008.0,6,0
629200,,,INTARIAN_PEPPER_ROOT,XIRECS,12622.0,4,0
631100,,,INTARIAN_PEPPER_ROOT,XIRECS,12624.0,6,0
632100,,,ASH_COATED_OSMIUM,XIRECS,10009.0,5,0
634000,,,ASH_COATED_OSMIUM,XIRECS,9995.0,2,0
634400,,,INTARIAN_PEPPER_ROOT,XIRECS,12638.0,5,0
634500,,,INTARIAN_PEPPER_ROOT,XIRECS,12644.0,6,0
636500,,,INTARIAN_PEPPER_ROOT,XIRECS,12630.0,5,0
637100,,,INTARIAN_PEPPER_ROOT,XIRECS,12647.0,6,0
639000,,,INTARIAN_PEPPER_ROOT,XIRECS,12646.0,4,0
639100,,,ASH_COATED_OSMIUM,XIRECS,10012.0,8,0
639300,,,INTARIAN_PEPPER_ROOT,XIRECS,12632.0,3,0
640000,,,INTARIAN_PEPPER_ROOT,XIRECS,12633.0,4,0
640200,,,INTARIAN_PEPPER_ROOT,XIRECS,12647.0,6,0
640400,,,ASH_COATED_OSMIUM,XIRECS,9996.0,4,0
641500,,,INTARIAN_PEPPER_ROOT,XIRECS,12645.0,5,0
641800,,,ASH_COATED_OSMIUM,XIRECS,10012.0,5,0
642300,,,INTARIAN_PEPPER_ROOT,XIRECS,12652.0,4,0
642700,,,ASH_COATED_OSMIUM,XIRECS,10015.0,6,0
643100,,,INTARIAN_PEPPER_ROOT,XIRECS,12636.0,5,0
644100,,,ASH_COATED_OSMIUM,XIRECS,10011.0,6,0
645400,,,ASH_COATED_OSMIUM,XIRECS,9995.0,2,0
645700,,,ASH_COATED_OSMIUM,XIRECS,10011.0,8,0
646000,,,INTARIAN_PEPPER_ROOT,XIRECS,12653.0,4,0
647300,,,ASH_COATED_OSMIUM,XIRECS,10014.0,5,0
650200,,,INTARIAN_PEPPER_ROOT,XIRECS,12653.0,6,0
650400,,,ASH_COATED_OSMIUM,XIRECS,9993.0,4,0
653200,,,INTARIAN_PEPPER_ROOT,XIRECS,12663.0,6,0
653900,,,ASH_COATED_OSMIUM,XIRECS,9991.0,6,0
654800,,,ASH_COATED_OSMIUM,XIRECS,9991.0,6,0
655900,,,ASH_COATED_OSMIUM,XIRECS,9991.0,3,0
656600,,,INTARIAN_PEPPER_ROOT,XIRECS,12663.0,6,0
656900,,,ASH_COATED_OSMIUM,XIRECS,9990.0,10,0
658000,,,ASH_COATED_OSMIUM,XIRECS,9991.0,3,0
658300,,,ASH_COATED_OSMIUM,XIRECS,10006.0,2,0
658400,,,ASH_COATED_OSMIUM,XIRECS,10006.0,9,0
660200,,,ASH_COATED_OSMIUM,XIRECS,10003.0,4,0
660600,,,INTARIAN_PEPPER_ROOT,XIRECS,12654.0,3,0
666100,,,INTARIAN_PEPPER_ROOT,XIRECS,12676.0,4,0
666400,,,ASH_COATED_OSMIUM,XIRECS,9982.0,4,0
666800,,,ASH_COATED_OSMIUM,XIRECS,9981.0,5,0
668000,,,ASH_COATED_OSMIUM,XIRECS,10000.0,2,0
668400,,,INTARIAN_PEPPER_ROOT,XIRECS,12675.0,4,0
670000,,,INTARIAN_PEPPER_ROOT,XIRECS,12677.0,7,0
672400,,,INTARIAN_PEPPER_ROOT,XIRECS,12662.0,3,0
673600,,,ASH_COATED_OSMIUM,XIRECS,9990.0,10,0
673600,,,INTARIAN_PEPPER_ROOT,XIRECS,12677.0,6,0
676800,,,ASH_COATED_OSMIUM,XIRECS,9987.0,4,0
677100,,,ASH_COATED_OSMIUM,XIRECS,9985.0,2,0
677700,,,INTARIAN_PEPPER_ROOT,XIRECS,12671.0,4,0
678000,,,INTARIAN_PEPPER_ROOT,XIRECS,12671.0,3,0
679200,,,ASH_COATED_OSMIUM,XIRECS,10002.0,5,0
681200,,,ASH_COATED_OSMIUM,XIRECS,10002.0,9,0
681900,,,ASH_COATED_OSMIUM,XIRECS,9992.0,3,0
681900,,,INTARIAN_PEPPER_ROOT,XIRECS,12689.0,7,0
682900,,,ASH_COATED_OSMIUM,XIRECS,10003.0,4,0
683100,,,INTARIAN_PEPPER_ROOT,XIRECS,12690.0,4,0
685400,,,ASH_COATED_OSMIUM,XIRECS,10001.0,7,0
687500,,,INTARIAN_PEPPER_ROOT,XIRECS,12681.0,4,0
687700,,,INTARIAN_PEPPER_ROOT,XIRECS,12683.0,7,0
688200,,,INTARIAN_PEPPER_ROOT,XIRECS,12698.0,3,0
689500,,,ASH_COATED_OSMIUM,XIRECS,10002.0,6,0
690100,,,INTARIAN_PEPPER_ROOT,XIRECS,12700.0,6,0
690300,,,ASH_COATED_OSMIUM,XIRECS,9984.0,5,0
690400,,,INTARIAN_PEPPER_ROOT,XIRECS,12680.0,3,0
690500,,,INTARIAN_PEPPER_ROOT,XIRECS,12697.0,3,0
690600,,,INTARIAN_PEPPER_ROOT,XIRECS,12694.0,5,0
690800,,,ASH_COATED_OSMIUM,XIRECS,9983.0,4,0
691800,,,INTARIAN_PEPPER_ROOT,XIRECS,12685.0,7,0
692200,,,INTARIAN_PEPPER_ROOT,XIRECS,12682.0,4,0
699700,,,ASH_COATED_OSMIUM,XIRECS,9990.0,4,0
699900,,,ASH_COATED_OSMIUM,XIRECS,9997.0,6,0
700300,,,ASH_COATED_OSMIUM,XIRECS,9997.0,6,0
700400,,,ASH_COATED_OSMIUM,XIRECS,9981.0,3,0
701000,,,INTARIAN_PEPPER_ROOT,XIRECS,12697.0,4,0
702100,,,INTARIAN_PEPPER_ROOT,XIRECS,12709.0,7,0
703000,,,INTARIAN_PEPPER_ROOT,XIRECS,12696.0,5,0
703100,,,ASH_COATED_OSMIUM,XIRECS,9983.0,4,0
703900,,,ASH_COATED_OSMIUM,XIRECS,9984.0,2,0
705400,,,ASH_COATED_OSMIUM,XIRECS,9984.0,7,0
707800,,,ASH_COATED_OSMIUM,XIRECS,9982.0,5,0
708700,,,ASH_COATED_OSMIUM,XIRECS,9982.0,6,0
708800,,,INTARIAN_PEPPER_ROOT,XIRECS,12716.0,4,0
710200,,,ASH_COATED_OSMIUM,XIRECS,10000.0,8,0
712100,,,ASH_COATED_OSMIUM,XIRECS,9997.0,5,0
714900,,,ASH_COATED_OSMIUM,XIRECS,9985.0,5,0
717400,,,INTARIAN_PEPPER_ROOT,XIRECS,12724.0,4,0
720400,,,ASH_COATED_OSMIUM,XIRECS,9996.0,4,0
722300,,,INTARIAN_PEPPER_ROOT,XIRECS,12726.0,4,0
723100,,,ASH_COATED_OSMIUM,XIRECS,9979.0,6,0
724700,,,INTARIAN_PEPPER_ROOT,XIRECS,12732.0,4,0
725700,,,ASH_COATED_OSMIUM,XIRECS,9980.0,8,0
726200,,,ASH_COATED_OSMIUM,XIRECS,9981.0,5,0
727400,,,INTARIAN_PEPPER_ROOT,XIRECS,12734.0,6,0
727600,,,INTARIAN_PEPPER_ROOT,XIRECS,12734.0,3,0
728600,,,INTARIAN_PEPPER_ROOT,XIRECS,12722.0,5,0
729100,,,ASH_COATED_OSMIUM,XIRECS,9999.0,8,0
729300,,,ASH_COATED_OSMIUM,XIRECS,9984.0,5,0
730400,,,ASH_COATED_OSMIUM,XIRECS,9999.0,6,0
730500,,,ASH_COATED_OSMIUM,XIRECS,9980.0,5,0
731200,,,ASH_COATED_OSMIUM,XIRECS,9999.0,9,0
733700,,,INTARIAN_PEPPER_ROOT,XIRECS,12744.0,3,0
734800,,,ASH_COATED_OSMIUM,XIRECS,10001.0,5,0
734900,,,ASH_COATED_OSMIUM,XIRECS,9985.0,5,0
736500,,,ASH_COATED_OSMIUM,XIRECS,9999.0,5,0
737500,,,INTARIAN_PEPPER_ROOT,XIRECS,12741.0,3,0
739200,,,ASH_COATED_OSMIUM,XIRECS,9999.0,6,0
739500,,,ASH_COATED_OSMIUM,XIRECS,9981.0,10,0
742000,,,ASH_COATED_OSMIUM,XIRECS,10000.0,5,0
742000,,,INTARIAN_PEPPER_ROOT,XIRECS,12738.0,8,0
743500,,,ASH_COATED_OSMIUM,XIRECS,9984.0,4,0
745200,,,ASH_COATED_OSMIUM,XIRECS,9985.0,6,0
745700,,,ASH_COATED_OSMIUM,XIRECS,9985.0,4,0
746100,,,ASH_COATED_OSMIUM,XIRECS,10001.0,8,0
750200,,,ASH_COATED_OSMIUM,XIRECS,9995.0,4,0
751900,,,ASH_COATED_OSMIUM,XIRECS,10005.0,4,0
753100,,,INTARIAN_PEPPER_ROOT,XIRECS,12760.0,7,0
753700,,,ASH_COATED_OSMIUM,XIRECS,9998.0,3,0
754000,,,ASH_COATED_OSMIUM,XIRECS,10005.0,5,0
755500,,,ASH_COATED_OSMIUM,XIRECS,10005.0,4,0
755700,,,INTARIAN_PEPPER_ROOT,XIRECS,12749.0,7,0
755900,,,INTARIAN_PEPPER_ROOT,XIRECS,12766.0,3,0
756200,,,ASH_COATED_OSMIUM,XIRECS,9989.0,6,0
756600,,,ASH_COATED_OSMIUM,XIRECS,9990.0,9,0
756900,,,ASH_COATED_OSMIUM,XIRECS,9990.0,5,0
757200,,,ASH_COATED_OSMIUM,XIRECS,9990.0,9,0
758300,,,ASH_COATED_OSMIUM,XIRECS,9988.0,6,0
761800,,,INTARIAN_PEPPER_ROOT,XIRECS,12757.0,7,0
763200,,,INTARIAN_PEPPER_ROOT,XIRECS,12770.0,4,0
763700,,,ASH_COATED_OSMIUM,XIRECS,9987.0,6,0
763800,,,INTARIAN_PEPPER_ROOT,XIRECS,12771.0,6,0
763900,,,ASH_COATED_OSMIUM,XIRECS,9989.0,8,0
764500,,,INTARIAN_PEPPER_ROOT,XIRECS,12758.0,5,0
766000,,,INTARIAN_PEPPER_ROOT,XIRECS,12769.0,4,0
767000,,,ASH_COATED_OSMIUM,XIRECS,10006.0,9,0
770300,,,INTARIAN_PEPPER_ROOT,XIRECS,12763.0,4,0
775000,,,ASH_COATED_OSMIUM,XIRECS,9996.0,4,0
775500,,,INTARIAN_PEPPER_ROOT,XIRECS,12779.0,7,0
777000,,,INTARIAN_PEPPER_ROOT,XIRECS,12770.0,6,0
777200,,,ASH_COATED_OSMIUM,XIRECS,10007.0,10,0
777200,,,INTARIAN_PEPPER_ROOT,XIRECS,12767.0,5,0
779900,,,ASH_COATED_OSMIUM,XIRECS,10005.0,2,0
782500,,,ASH_COATED_OSMIUM,XIRECS,10008.0,7,0
785300,,,INTARIAN_PEPPER_ROOT,XIRECS,12775.0,3,0
787000,,,INTARIAN_PEPPER_ROOT,XIRECS,12790.0,6,0
787500,,,INTARIAN_PEPPER_ROOT,XIRECS,12777.0,4,0
788000,,,ASH_COATED_OSMIUM,XIRECS,10008.0,5,0
789500,,,ASH_COATED_OSMIUM,XIRECS,9989.0,2,0
791700,,,ASH_COATED_OSMIUM,XIRECS,9989.0,5,0
792300,,,ASH_COATED_OSMIUM,XIRECS,10005.0,10,0
793700,,,ASH_COATED_OSMIUM,XIRECS,10005.0,10,0
793900,,,INTARIAN_PEPPER_ROOT,XIRECS,12801.0,4,0
796100,,,INTARIAN_PEPPER_ROOT,XIRECS,12799.0,5,0
796300,,,ASH_COATED_OSMIUM,XIRECS,9987.0,4,0
796500,,,INTARIAN_PEPPER_ROOT,XIRECS,12790.0,5,0
796600,,,INTARIAN_PEPPER_ROOT,XIRECS,12800.0,7,0
798600,,,INTARIAN_PEPPER_ROOT,XIRECS,12805.0,5,0
802000,,,ASH_COATED_OSMIUM,XIRECS,9997.0,5,0
802400,,,ASH_COATED_OSMIUM,XIRECS,9994.0,3,0
803100,,,ASH_COATED_OSMIUM,XIRECS,10006.0,5,0
805000,,,ASH_COATED_OSMIUM,XIRECS,10006.0,6,0
805800,,,ASH_COATED_OSMIUM,XIRECS,9991.0,2,0
806300,,,INTARIAN_PEPPER_ROOT,XIRECS,12799.0,7,0
806400,,,INTARIAN_PEPPER_ROOT,XIRECS,12817.0,3,0
810500,,,ASH_COATED_OSMIUM,XIRECS,10014.0,2,0
811900,,,INTARIAN_PEPPER_ROOT,XIRECS,12802.0,6,0
813200,,,INTARIAN_PEPPER_ROOT,XIRECS,12803.0,3,0
815400,,,ASH_COATED_OSMIUM,XIRECS,10010.0,4,0
815900,,,INTARIAN_PEPPER_ROOT,XIRECS,12819.0,3,0
821100,,,ASH_COATED_OSMIUM,XIRECS,10011.0,8,0
823200,,,ASH_COATED_OSMIUM,XIRECS,10004.0,5,0
823500,,,INTARIAN_PEPPER_ROOT,XIRECS,12827.0,8,0
825200,,,INTARIAN_PEPPER_ROOT,XIRECS,12829.0,4,0
825700,,,INTARIAN_PEPPER_ROOT,XIRECS,12829.0,6,0
829800,,,INTARIAN_PEPPER_ROOT,XIRECS,12820.0,7,0
832700,,,ASH_COATED_OSMIUM,XIRECS,9997.0,5,0
833300,,,INTARIAN_PEPPER_ROOT,XIRECS,12823.0,7,0
833400,,,INTARIAN_PEPPER_ROOT,XIRECS,12823.0,3,0
835700,,,ASH_COATED_OSMIUM,XIRECS,10016.0,8,0
836800,,,ASH_COATED_OSMIUM,XIRECS,9999.0,7,0
837300,,,INTARIAN_PEPPER_ROOT,XIRECS,12844.0,3,0
839500,,,ASH_COATED_OSMIUM,XIRECS,10015.0,4,0
839500,,,INTARIAN_PEPPER_ROOT,XIRECS,12846.0,6,0
840900,,,INTARIAN_PEPPER_ROOT,XIRECS,12837.0,8,0
841500,,,ASH_COATED_OSMIUM,XIRECS,9996.0,6,0
842800,,,ASH_COATED_OSMIUM,XIRECS,10013.0,5,0
842900,,,INTARIAN_PEPPER_ROOT,XIRECS,12836.0,3,0
843100,,,ASH_COATED_OSMIUM,XIRECS,9997.0,5,0
843200,,,ASH_COATED_OSMIUM,XIRECS,9997.0,4,0
844300,,,INTARIAN_PEPPER_ROOT,XIRECS,12848.0,7,0
844800,,,INTARIAN_PEPPER_ROOT,XIRECS,12840.0,5,0
845100,,,ASH_COATED_OSMIUM,XIRECS,10013.0,3,0
845400,,,ASH_COATED_OSMIUM,XIRECS,10013.0,3,0
845400,,,INTARIAN_PEPPER_ROOT,XIRECS,12841.0,7,0
846200,,,INTARIAN_PEPPER_ROOT,XIRECS,12839.0,4,0
846700,,,ASH_COATED_OSMIUM,XIRECS,10016.0,2,0
846700,,,INTARIAN_PEPPER_ROOT,XIRECS,12857.0,6,0
847200,,,INTARIAN_PEPPER_ROOT,XIRECS,12854.0,5,0
847500,,,ASH_COATED_OSMIUM,XIRECS,10014.0,8,0
847800,,,ASH_COATED_OSMIUM,XIRECS,9998.0,7,0
848300,,,ASH_COATED_OSMIUM,XIRECS,9995.0,5,0
852100,,,ASH_COATED_OSMIUM,XIRECS,9999.0,3,0
852300,,,ASH_COATED_OSMIUM,XIRECS,9998.0,3,0
854300,,,INTARIAN_PEPPER_ROOT,XIRECS,12861.0,3,0
857700,,,INTARIAN_PEPPER_ROOT,XIRECS,12851.0,4,0
858500,,,INTARIAN_PEPPER_ROOT,XIRECS,12852.0,6,0
859500,,,ASH_COATED_OSMIUM,XIRECS,9992.0,4,0
861000,,,INTARIAN_PEPPER_ROOT,XIRECS,12857.0,4,0
861600,,,ASH_COATED_OSMIUM,XIRECS,9999.0,2,0
861900,,,INTARIAN_PEPPER_ROOT,XIRECS,12855.0,7,0
864800,,,ASH_COATED_OSMIUM,XIRECS,10006.0,8,0
865000,,,ASH_COATED_OSMIUM,XIRECS,9990.0,6,0
867600,,,ASH_COATED_OSMIUM,XIRECS,9991.0,3,0
870000,,,INTARIAN_PEPPER_ROOT,XIRECS,12880.0,7,0
870700,,,ASH_COATED_OSMIUM,XIRECS,10007.0,5,0
871300,,,ASH_COATED_OSMIUM,XIRECS,9990.0,2,0
871500,,,ASH_COATED_OSMIUM,XIRECS,10007.0,2,0
874000,,,ASH_COATED_OSMIUM,XIRECS,9992.0,5,0
875400,,,ASH_COATED_OSMIUM,XIRECS,9990.0,5,0
875800,,,INTARIAN_PEPPER_ROOT,XIRECS,12869.0,3,0
877900,,,ASH_COATED_OSMIUM,XIRECS,9991.0,7,0
878000,,,ASH_COATED_OSMIUM,XIRECS,10007.0,5,0
878000,,,INTARIAN_PEPPER_ROOT,XIRECS,12874.0,4,0
880600,,,ASH_COATED_OSMIUM,XIRECS,9992.0,4,0
881200,,,INTARIAN_PEPPER_ROOT,XIRECS,12885.0,4,0
883700,,,INTARIAN_PEPPER_ROOT,XIRECS,12877.0,5,0
886000,,,INTARIAN_PEPPER_ROOT,XIRECS,12889.0,3,0
887000,,,INTARIAN_PEPPER_ROOT,XIRECS,12890.0,4,0
887700,,,ASH_COATED_OSMIUM,XIRECS,10005.0,6,0
887900,,,INTARIAN_PEPPER_ROOT,XIRECS,12878.0,4,0
889300,,,INTARIAN_PEPPER_ROOT,XIRECS,12896.0,4,0
891200,,,INTARIAN_PEPPER_ROOT,XIRECS,12901.0,7,0
891400,,,INTARIAN_PEPPER_ROOT,XIRECS,12895.0,4,0
892900,,,ASH_COATED_OSMIUM,XIRECS,10006.0,8,0
893000,,,ASH_COATED_OSMIUM,XIRECS,9987.0,4,0
898100,,,INTARIAN_PEPPER_ROOT,XIRECS,12894.0,8,0
899200,,,ASH_COATED_OSMIUM,XIRECS,10011.0,5,0
899500,,,INTARIAN_PEPPER_ROOT,XIRECS,12906.0,6,0
901500,,,ASH_COATED_OSMIUM,XIRECS,10008.0,8,0
904500,,,ASH_COATED_OSMIUM,XIRECS,10011.0,3,0
904900,,,ASH_COATED_OSMIUM,XIRECS,9992.0,4,0
905000,,,ASH_COATED_OSMIUM,XIRECS,9995.0,10,0
905100,,,INTARIAN_PEPPER_ROOT,XIRECS,12912.0,5,0
905700,,,ASH_COATED_OSMIUM,XIRECS,10014.0,5,0
907600,,,INTARIAN_PEPPER_ROOT,XIRECS,12915.0,6,0
907700,,,INTARIAN_PEPPER_ROOT,XIRECS,12915.0,7,0
909200,,,ASH_COATED_OSMIUM,XIRECS,9998.0,4,0
909900,,,ASH_COATED_OSMIUM,XIRECS,10016.0,8,0
911000,,,ASH_COATED_OSMIUM,XIRECS,10016.0,2,0
911000,,,INTARIAN_PEPPER_ROOT,XIRECS,12904.0,5,0
912200,,,ASH_COATED_OSMIUM,XIRECS,10017.0,3,0
912600,,,INTARIAN_PEPPER_ROOT,XIRECS,12920.0,7,0
914900,,,INTARIAN_PEPPER_ROOT,XIRECS,12922.0,5,0
917900,,,ASH_COATED_OSMIUM,XIRECS,10018.0,5,0
918600,,,INTARIAN_PEPPER_ROOT,XIRECS,12926.0,7,0
918800,,,ASH_COATED_OSMIUM,XIRECS,9999.0,3,0
920500,,,ASH_COATED_OSMIUM,XIRECS,10019.0,3,0
920500,,,INTARIAN_PEPPER_ROOT,XIRECS,12927.0,4,0
921100,,,INTARIAN_PEPPER_ROOT,XIRECS,12928.0,5,0
921200,,,ASH_COATED_OSMIUM,XIRECS,10020.0,10,0
922700,,,INTARIAN_PEPPER_ROOT,XIRECS,12930.0,3,0
922800,,,INTARIAN_PEPPER_ROOT,XIRECS,12916.0,7,0
923300,,,ASH_COATED_OSMIUM,XIRECS,10001.0,3,0
923800,,,ASH_COATED_OSMIUM,XIRECS,10011.0,4,0
927200,,,INTARIAN_PEPPER_ROOT,XIRECS,12931.0,3,0
928100,,,ASH_COATED_OSMIUM,XIRECS,9998.0,3,0
928700,,,ASH_COATED_OSMIUM,XIRECS,9999.0,4,0
929300,,,ASH_COATED_OSMIUM,XIRECS,10014.0,2,0
930600,,,ASH_COATED_OSMIUM,XIRECS,9998.0,6,0
932600,,,ASH_COATED_OSMIUM,XIRECS,10016.0,10,0
933700,,,INTARIAN_PEPPER_ROOT,XIRECS,12941.0,6,0
933900,,,ASH_COATED_OSMIUM,XIRECS,10015.0,3,0
935900,,,ASH_COATED_OSMIUM,XIRECS,9999.0,8,0
936600,,,INTARIAN_PEPPER_ROOT,XIRECS,12932.0,8,0
938100,,,INTARIAN_PEPPER_ROOT,XIRECS,12931.0,6,0
938700,,,ASH_COATED_OSMIUM,XIRECS,10014.0,2,0
939200,,,ASH_COATED_OSMIUM,XIRECS,10014.0,6,0
939500,,,ASH_COATED_OSMIUM,XIRECS,10015.0,9,0
942700,,,INTARIAN_PEPPER_ROOT,XIRECS,12938.0,3,0
946100,,,ASH_COATED_OSMIUM,XIRECS,9995.0,10,0
947900,,,INTARIAN_PEPPER_ROOT,XIRECS,12944.0,5,0
948000,,,INTARIAN_PEPPER_ROOT,XIRECS,12941.0,6,0
948200,,,INTARIAN_PEPPER_ROOT,XIRECS,12958.0,6,0
948400,,,ASH_COATED_OSMIUM,XIRECS,10015.0,7,0
949200,,,ASH_COATED_OSMIUM,XIRECS,10015.0,2,0
949900,,,INTARIAN_PEPPER_ROOT,XIRECS,12957.0,4,0
956200,,,ASH_COATED_OSMIUM,XIRECS,10003.0,3,0
957400,,,INTARIAN_PEPPER_ROOT,XIRECS,12953.0,5,0
958100,,,INTARIAN_PEPPER_ROOT,XIRECS,12965.0,6,0
959100,,,INTARIAN_PEPPER_ROOT,XIRECS,12962.0,3,0
960000,,,ASH_COATED_OSMIUM,XIRECS,10002.0,4,0
964000,,,ASH_COATED_OSMIUM,XIRECS,10019.0,3,0
965000,,,INTARIAN_PEPPER_ROOT,XIRECS,12955.0,7,0
965600,,,INTARIAN_PEPPER_ROOT,XIRECS,12959.0,5,0
966200,,,INTARIAN_PEPPER_ROOT,XIRECS,12959.0,5,0
970000,,,INTARIAN_PEPPER_ROOT,XIRECS,12966.0,8,0
970900,,,ASH_COATED_OSMIUM,XIRECS,10018.0,5,0
973900,,,INTARIAN_PEPPER_ROOT,XIRECS,12984.0,5,0
974600,,,ASH_COATED_OSMIUM,XIRECS,10017.0,4,0
974600,,,INTARIAN_PEPPER_ROOT,XIRECS,12968.0,7,0
975100,,,ASH_COATED_OSMIUM,XIRECS,10000.0,2,0
975500,,,ASH_COATED_OSMIUM,XIRECS,10016.0,3,0
976500,,,ASH_COATED_OSMIUM,XIRECS,10000.0,6,0
976500,,,INTARIAN_PEPPER_ROOT,XIRECS,12983.0,5,0
976900,,,INTARIAN_PEPPER_ROOT,XIRECS,12984.0,3,0
977200,,,INTARIAN_PEPPER_ROOT,XIRECS,12973.0,5,0
978400,,,INTARIAN_PEPPER_ROOT,XIRECS,12985.0,6,0
980800,,,ASH_COATED_OSMIUM,XIRECS,10017.0,5,0
983000,,,INTARIAN_PEPPER_ROOT,XIRECS,12976.0,6,0
984100,,,ASH_COATED_OSMIUM,XIRECS,10018.0,4,0
985300,,,ASH_COATED_OSMIUM,XIRECS,9998.0,3,0
986200,,,ASH_COATED_OSMIUM,XIRECS,10017.0,3,0
986800,,,ASH_COATED_OSMIUM,XIRECS,9999.0,6,0
987100,,,ASH_COATED_OSMIUM,XIRECS,10016.0,6,0
987600,,,INTARIAN_PEPPER_ROOT,XIRECS,12981.0,3,0
988900,,,ASH_COATED_OSMIUM,XIRECS,9998.0,2,0
989900,,,INTARIAN_PEPPER_ROOT,XIRECS,12983.0,4,0
991100,,,INTARIAN_PEPPER_ROOT,XIRECS,12984.0,6,0
991400,,,ASH_COATED_OSMIUM,XIRECS,10002.0,9,0
993300,,,ASH_COATED_OSMIUM,XIRECS,10001.0,5,0
994400,,,INTARIAN_PEPPER_ROOT,XIRECS,12987.0,3,0
995200,,,ASH_COATED_OSMIUM,XIRECS,10016.0,6,0
0,,,ASH_COATED_OSMIUM,XIRECS,10000.0,6,1
3600,,,ASH_COATED_OSMIUM,XIRECS,10017.0,3,1
4200,,,ASH_COATED_OSMIUM,XIRECS,10017.0,2,1
4400,,,INTARIAN_PEPPER_ROOT,XIRECS,13011.0,5,1
4800,,,INTARIAN_PEPPER_ROOT,XIRECS,13008.0,3,1
5000,,,INTARIAN_PEPPER_ROOT,XIRECS,12998.0,5,1
9100,,,ASH_COATED_OSMIUM,XIRECS,10006.0,4,1
9600,,,ASH_COATED_OSMIUM,XIRECS,9999.0,6,1
10000,,,ASH_COATED_OSMIUM,XIRECS,9999.0,8,1
12100,,,ASH_COATED_OSMIUM,XIRECS,9998.0,5,1
14000,,,ASH_COATED_OSMIUM,XIRECS,10012.0,3,1
15100,,,ASH_COATED_OSMIUM,XIRECS,10013.0,2,1
15100,,,ASH_COATED_OSMIUM,XIRECS,10013.0,8,1
17400,,,INTARIAN_PEPPER_ROOT,XIRECS,13013.0,3,1
18500,,,ASH_COATED_OSMIUM,XIRECS,10016.0,6,1
23000,,,INTARIAN_PEPPER_ROOT,XIRECS,13016.0,4,1
23100,,,INTARIAN_PEPPER_ROOT,XIRECS,13019.0,4,1
23900,,,ASH_COATED_OSMIUM,XIRECS,9996.0,4,1
24300,,,ASH_COATED_OSMIUM,XIRECS,9995.0,4,1
24600,,,ASH_COATED_OSMIUM,XIRECS,9995.0,3,1
30400,,,ASH_COATED_OSMIUM,XIRECS,10008.0,2,1
30400,,,INTARIAN_PEPPER_ROOT,XIRECS,13037.0,6,1
32800,,,ASH_COATED_OSMIUM,XIRECS,9992.0,4,1
33300,,,INTARIAN_PEPPER_ROOT,XIRECS,13037.0,7,1
34000,,,ASH_COATED_OSMIUM,XIRECS,10010.0,7,1
34400,,,INTARIAN_PEPPER_ROOT,XIRECS,13041.0,3,1
34500,,,ASH_COATED_OSMIUM,XIRECS,9994.0,8,1
35700,,,INTARIAN_PEPPER_ROOT,XIRECS,13043.0,7,1
35700,,,INTARIAN_PEPPER_ROOT,XIRECS,13039.0,3,1
35800,,,INTARIAN_PEPPER_ROOT,XIRECS,13031.0,7,1
36500,,,ASH_COATED_OSMIUM,XIRECS,10010.0,3,1
37900,,,ASH_COATED_OSMIUM,XIRECS,9992.0,4,1
38400,,,ASH_COATED_OSMIUM,XIRECS,10008.0,3,1
38500,,,INTARIAN_PEPPER_ROOT,XIRECS,13028.0,5,1
39100,,,ASH_COATED_OSMIUM,XIRECS,10008.0,6,1
39900,,,ASH_COATED_OSMIUM,XIRECS,10008.0,7,1
41500,,,ASH_COATED_OSMIUM,XIRECS,10009.0,5,1
42800,,,INTARIAN_PEPPER_ROOT,XIRECS,13050.0,5,1
44700,,,INTARIAN_PEPPER_ROOT,XIRECS,13040.0,8,1
50900,,,ASH_COATED_OSMIUM,XIRECS,9995.0,5,1
51400,,,INTARIAN_PEPPER_ROOT,XIRECS,13041.0,4,1
52600,,,INTARIAN_PEPPER_ROOT,XIRECS,13056.0,8,1
54600,,,ASH_COATED_OSMIUM,XIRECS,9992.0,6,1
57000,,,INTARIAN_PEPPER_ROOT,XIRECS,13064.0,4,1
58400,,,ASH_COATED_OSMIUM,XIRECS,9997.0,3,1
59500,,,ASH_COATED_OSMIUM,XIRECS,10017.0,2,1
61700,,,INTARIAN_PEPPER_ROOT,XIRECS,13069.0,6,1
62000,,,ASH_COATED_OSMIUM,XIRECS,10014.0,6,1
63700,,,ASH_COATED_OSMIUM,XIRECS,9998.0,2,1
64300,,,INTARIAN_PEPPER_ROOT,XIRECS,13060.0,3,1
64900,,,ASH_COATED_OSMIUM,XIRECS,10013.0,4,1
65300,,,ASH_COATED_OSMIUM,XIRECS,9997.0,2,1
68000,,,ASH_COATED_OSMIUM,XIRECS,10018.0,3,1
70400,,,INTARIAN_PEPPER_ROOT,XIRECS,13074.0,5,1
71500,,,INTARIAN_PEPPER_ROOT,XIRECS,13067.0,4,1
73700,,,INTARIAN_PEPPER_ROOT,XIRECS,13067.0,4,1
76300,,,ASH_COATED_OSMIUM,XIRECS,9997.0,6,1
76500,,,ASH_COATED_OSMIUM,XIRECS,10016.0,8,1
77200,,,INTARIAN_PEPPER_ROOT,XIRECS,13070.0,3,1
80200,,,INTARIAN_PEPPER_ROOT,XIRECS,13073.0,5,1
83000,,,INTARIAN_PEPPER_ROOT,XIRECS,13086.0,6,1
83700,,,ASH_COATED_OSMIUM,XIRECS,10015.0,2,1
84400,,,INTARIAN_PEPPER_ROOT,XIRECS,13088.0,5,1
84600,,,INTARIAN_PEPPER_ROOT,XIRECS,13092.0,6,1
84800,,,INTARIAN_PEPPER_ROOT,XIRECS,13088.0,5,1
85500,,,ASH_COATED_OSMIUM,XIRECS,9996.0,7,1
85700,,,ASH_COATED_OSMIUM,XIRECS,10001.0,3,1
85900,,,ASH_COATED_OSMIUM,XIRECS,9995.0,5,1
87900,,,ASH_COATED_OSMIUM,XIRECS,9993.0,5,1
88300,,,ASH_COATED_OSMIUM,XIRECS,10012.0,2,1
90200,,,ASH_COATED_OSMIUM,XIRECS,10010.0,10,1
90800,,,ASH_COATED_OSMIUM,XIRECS,9993.0,6,1
91700,,,INTARIAN_PEPPER_ROOT,XIRECS,13087.0,8,1
92500,,,INTARIAN_PEPPER_ROOT,XIRECS,13100.0,7,1
95100,,,INTARIAN_PEPPER_ROOT,XIRECS,13091.0,8,1
96100,,,ASH_COATED_OSMIUM,XIRECS,10009.0,3,1
96900,,,ASH_COATED_OSMIUM,XIRECS,10010.0,8,1
97100,,,ASH_COATED_OSMIUM,XIRECS,10010.0,6,1
106100,,,ASH_COATED_OSMIUM,XIRECS,10012.0,5,1
107000,,,INTARIAN_PEPPER_ROOT,XIRECS,13114.0,7,1
109800,,,INTARIAN_PEPPER_ROOT,XIRECS,13117.0,4,1
109800,,,INTARIAN_PEPPER_ROOT,XIRECS,13113.0,3,1
110500,,,INTARIAN_PEPPER_ROOT,XIRECS,13114.0,8,1
111800,,,ASH_COATED_OSMIUM,XIRECS,9994.0,5,1
114900,,,ASH_COATED_OSMIUM,XIRECS,9992.0,3,1
116100,,,ASH_COATED_OSMIUM,XIRECS,9993.0,8,1
117500,,,INTARIAN_PEPPER_ROOT,XIRECS,13110.0,6,1
120100,,,INTARIAN_PEPPER_ROOT,XIRECS,13127.0,4,1
122000,,,ASH_COATED_OSMIUM,XIRECS,10008.0,10,1
122400,,,INTARIAN_PEPPER_ROOT,XIRECS,13133.0,7,1
122500,,,ASH_COATED_OSMIUM,XIRECS,10009.0,5,1
124700,,,ASH_COATED_OSMIUM,XIRECS,9991.0,2,1
126600,,,ASH_COATED_OSMIUM,XIRECS,9992.0,6,1
126700,,,ASH_COATED_OSMIUM,XIRECS,9992.0,6,1
127800,,,INTARIAN_PEPPER_ROOT,XIRECS,13117.0,3,1
128000,,,ASH_COATED_OSMIUM,XIRECS,10007.0,2,1
129500,,,INTARIAN_PEPPER_ROOT,XIRECS,13137.0,3,1
130500,,,ASH_COATED_OSMIUM,XIRECS,10007.0,2,1
131000,,,ASH_COATED_OSMIUM,XIRECS,10008.0,9,1
131100,,,INTARIAN_PEPPER_ROOT,XIRECS,13141.0,4,1
131600,,,ASH_COATED_OSMIUM,XIRECS,10011.0,2,1
132300,,,INTARIAN_PEPPER_ROOT,XIRECS,13125.0,3,1
134400,,,INTARIAN_PEPPER_ROOT,XIRECS,13141.0,4,1
137900,,,ASH_COATED_OSMIUM,XIRECS,10012.0,3,1
138000,,,INTARIAN_PEPPER_ROOT,XIRECS,13131.0,4,1
138700,,,INTARIAN_PEPPER_ROOT,XIRECS,13142.0,3,1
139400,,,ASH_COATED_OSMIUM,XIRECS,9997.0,5,1
139600,,,ASH_COATED_OSMIUM,XIRECS,9997.0,6,1
141900,,,INTARIAN_PEPPER_ROOT,XIRECS,13135.0,4,1
142200,,,ASH_COATED_OSMIUM,XIRECS,9997.0,2,1
142200,,,ASH_COATED_OSMIUM,XIRECS,9997.0,6,1
142300,,,INTARIAN_PEPPER_ROOT,XIRECS,13146.0,6,1
146900,,,ASH_COATED_OSMIUM,XIRECS,10014.0,6,1
148200,,,INTARIAN_PEPPER_ROOT,XIRECS,13141.0,7,1
149500,,,ASH_COATED_OSMIUM,XIRECS,10015.0,9,1
153400,,,ASH_COATED_OSMIUM,XIRECS,9999.0,5,1
154800,,,ASH_COATED_OSMIUM,XIRECS,10000.0,2,1
155300,,,ASH_COATED_OSMIUM,XIRECS,10016.0,10,1
155500,,,ASH_COATED_OSMIUM,XIRECS,10016.0,6,1
155700,,,ASH_COATED_OSMIUM,XIRECS,10018.0,7,1
158400,,,ASH_COATED_OSMIUM,XIRECS,9996.0,5,1
164100,,,INTARIAN_PEPPER_ROOT,XIRECS,13168.0,5,1
164200,,,INTARIAN_PEPPER_ROOT,XIRECS,13160.0,7,1
165500,,,ASH_COATED_OSMIUM,XIRECS,10009.0,4,1
170300,,,INTARIAN_PEPPER_ROOT,XIRECS,13177.0,7,1
170500,,,INTARIAN_PEPPER_ROOT,XIRECS,13174.0,7,1
172900,,,ASH_COATED_OSMIUM,XIRECS,10015.0,4,1
173300,,,ASH_COATED_OSMIUM,XIRECS,10015.0,4,1
177700,,,ASH_COATED_OSMIUM,XIRECS,10000.0,10,1
177900,,,INTARIAN_PEPPER_ROOT,XIRECS,13171.0,5,1
181800,,,ASH_COATED_OSMIUM,XIRECS,10002.0,2,1
182900,,,ASH_COATED_OSMIUM,XIRECS,10001.0,5,1
184700,,,ASH_COATED_OSMIUM,XIRECS,10011.0,5,1
185000,,,ASH_COATED_OSMIUM,XIRECS,10001.0,4,1
185900,,,ASH_COATED_OSMIUM,XIRECS,10001.0,10,1
187000,,,ASH_COATED_OSMIUM,XIRECS,10002.0,4,1
190600,,,ASH_COATED_OSMIUM,XIRECS,10018.0,3,1
191800,,,INTARIAN_PEPPER_ROOT,XIRECS,13185.0,4,1
192600,,,ASH_COATED_OSMIUM,XIRECS,9997.0,8,1
192900,,,ASH_COATED_OSMIUM,XIRECS,10015.0,10,1
194900,,,INTARIAN_PEPPER_ROOT,XIRECS,13190.0,6,1
197300,,,ASH_COATED_OSMIUM,XIRECS,9996.0,9,1
198600,,,INTARIAN_PEPPER_ROOT,XIRECS,13192.0,5,1
199400,,,INTARIAN_PEPPER_ROOT,XIRECS,13206.0,5,1
200300,,,ASH_COATED_OSMIUM,XIRECS,9992.0,6,1
200300,,,ASH_COATED_OSMIUM,XIRECS,9992.0,10,1
200600,,,ASH_COATED_OSMIUM,XIRECS,10011.0,2,1
200700,,,ASH_COATED_OSMIUM,XIRECS,10011.0,8,1
200800,,,ASH_COATED_OSMIUM,XIRECS,10011.0,2,1
201900,,,ASH_COATED_OSMIUM,XIRECS,9992.0,4,1
204000,,,INTARIAN_PEPPER_ROOT,XIRECS,13211.0,7,1
204600,,,INTARIAN_PEPPER_ROOT,XIRECS,13197.0,5,1
205800,,,ASH_COATED_OSMIUM,XIRECS,9993.0,2,1
206600,,,ASH_COATED_OSMIUM,XIRECS,9991.0,7,1
207500,,,INTARIAN_PEPPER_ROOT,XIRECS,13215.0,3,1
208900,,,ASH_COATED_OSMIUM,XIRECS,9992.0,10,1
210200,,,ASH_COATED_OSMIUM,XIRECS,9993.0,4,1
211400,,,INTARIAN_PEPPER_ROOT,XIRECS,13207.0,7,1
212100,,,INTARIAN_PEPPER_ROOT,XIRECS,13216.0,4,1
212900,,,ASH_COATED_OSMIUM,XIRECS,9993.0,6,1
215000,,,INTARIAN_PEPPER_ROOT,XIRECS,13222.0,7,1
217000,,,INTARIAN_PEPPER_ROOT,XIRECS,13224.0,5,1
217500,,,INTARIAN_PEPPER_ROOT,XIRECS,13225.0,6,1
220600,,,INTARIAN_PEPPER_ROOT,XIRECS,13216.0,4,1
220800,,,INTARIAN_PEPPER_ROOT,XIRECS,13224.0,6,1
223100,,,ASH_COATED_OSMIUM,XIRECS,10010.0,2,1
224300,,,INTARIAN_PEPPER_ROOT,XIRECS,13231.0,3,1
224900,,,ASH_COATED_OSMIUM,XIRECS,10008.0,7,1
225000,,,ASH_COATED_OSMIUM,XIRECS,10008.0,5,1
225000,,,INTARIAN_PEPPER_ROOT,XIRECS,13218.0,7,1
226200,,,ASH_COATED_OSMIUM,XIRECS,9991.0,6,1
227800,,,ASH_COATED_OSMIUM,XIRECS,9990.0,5,1
228000,,,ASH_COATED_OSMIUM,XIRECS,9990.0,5,1
229400,,,ASH_COATED_OSMIUM,XIRECS,10007.0,2,1
229800,,,ASH_COATED_OSMIUM,XIRECS,10007.0,5,1
234600,,,INTARIAN_PEPPER_ROOT,XIRECS,13242.0,4,1
235600,,,ASH_COATED_OSMIUM,XIRECS,9986.0,8,1
236300,,,ASH_COATED_OSMIUM,XIRECS,9989.0,4,1
236700,,,ASH_COATED_OSMIUM,XIRECS,9988.0,2,1
236800,,,ASH_COATED_OSMIUM,XIRECS,9988.0,4,1
237200,,,ASH_COATED_OSMIUM,XIRECS,10004.0,5,1
237300,,,ASH_COATED_OSMIUM,XIRECS,9987.0,3,1
237500,,,INTARIAN_PEPPER_ROOT,XIRECS,13245.0,4,1
239700,,,INTARIAN_PEPPER_ROOT,XIRECS,13247.0,7,1
241700,,,ASH_COATED_OSMIUM,XIRECS,9988.0,7,1
242000,,,INTARIAN_PEPPER_ROOT,XIRECS,13249.0,7,1
243000,,,ASH_COATED_OSMIUM,XIRECS,10005.0,5,1
243400,,,ASH_COATED_OSMIUM,XIRECS,10008.0,6,1
243500,,,INTARIAN_PEPPER_ROOT,XIRECS,13247.0,4,1
243700,,,ASH_COATED_OSMIUM,XIRECS,10005.0,6,1
246200,,,ASH_COATED_OSMIUM,XIRECS,9985.0,9,1
247800,,,ASH_COATED_OSMIUM,XIRECS,9987.0,6,1
248700,,,INTARIAN_PEPPER_ROOT,XIRECS,13242.0,4,1
251900,,,ASH_COATED_OSMIUM,XIRECS,9989.0,4,1
252400,,,ASH_COATED_OSMIUM,XIRECS,10004.0,7,1
258300,,,ASH_COATED_OSMIUM,XIRECS,10008.0,9,1
258600,,,ASH_COATED_OSMIUM,XIRECS,10008.0,4,1
259400,,,ASH_COATED_OSMIUM,XIRECS,9990.0,8,1
260100,,,INTARIAN_PEPPER_ROOT,XIRECS,13267.0,5,1
260500,,,ASH_COATED_OSMIUM,XIRECS,10005.0,7,1
260800,,,ASH_COATED_OSMIUM,XIRECS,10005.0,2,1
261500,,,ASH_COATED_OSMIUM,XIRECS,9990.0,2,1
264100,,,INTARIAN_PEPPER_ROOT,XIRECS,13254.0,7,1
265000,,,ASH_COATED_OSMIUM,XIRECS,9993.0,8,1
265100,,,INTARIAN_PEPPER_ROOT,XIRECS,13261.0,6,1
267000,,,ASH_COATED_OSMIUM,XIRECS,9989.0,9,1
267500,,,INTARIAN_PEPPER_ROOT,XIRECS,13257.0,3,1
269000,,,ASH_COATED_OSMIUM,XIRECS,10005.0,6,1
269600,,,ASH_COATED_OSMIUM,XIRECS,9989.0,4,1
270600,,,ASH_COATED_OSMIUM,XIRECS,10005.0,2,1
270700,,,INTARIAN_PEPPER_ROOT,XIRECS,13278.0,6,1
272000,,,ASH_COATED_OSMIUM,XIRECS,10008.0,5,1
273000,,,ASH_COATED_OSMIUM,XIRECS,10005.0,6,1
274100,,,INTARIAN_PEPPER_ROOT,XIRECS,13270.0,6,1
274300,,,INTARIAN_PEPPER_ROOT,XIRECS,13278.0,8,1
275800,,,ASH_COATED_OSMIUM,XIRECS,10006.0,4,1
281100,,,ASH_COATED_OSMIUM,XIRECS,9990.0,2,1
282600,,,INTARIAN_PEPPER_ROOT,XIRECS,13286.0,6,1
282700,,,ASH_COATED_OSMIUM,XIRECS,9988.0,4,1
282700,,,ASH_COATED_OSMIUM,XIRECS,10004.0,6,1
291600,,,ASH_COATED_OSMIUM,XIRECS,9988.0,3,1
294100,,,INTARIAN_PEPPER_ROOT,XIRECS,13301.0,3,1
295500,,,ASH_COATED_OSMIUM,XIRECS,10004.0,8,1
297000,,,ASH_COATED_OSMIUM,XIRECS,10003.0,9,1
297500,,,ASH_COATED_OSMIUM,XIRECS,10003.0,3,1
299700,,,ASH_COATED_OSMIUM,XIRECS,9986.0,2,1
300000,,,INTARIAN_PEPPER_ROOT,XIRECS,13307.0,7,1
301400,,,INTARIAN_PEPPER_ROOT,XIRECS,13309.0,7,1
301600,,,ASH_COATED_OSMIUM,XIRECS,9990.0,9,1
306000,,,INTARIAN_PEPPER_ROOT,XIRECS,13309.0,5,1
306200,,,ASH_COATED_OSMIUM,XIRECS,9986.0,6,1
306500,,,ASH_COATED_OSMIUM,XIRECS,10008.0,5,1
307600,,,ASH_COATED_OSMIUM,XIRECS,9990.0,5,1
310000,,,ASH_COATED_OSMIUM,XIRECS,10009.0,9,1
311100,,,ASH_COATED_OSMIUM,XIRECS,10007.0,6,1
311200,,,INTARIAN_PEPPER_ROOT,XIRECS,13304.0,3,1
311700,,,INTARIAN_PEPPER_ROOT,XIRECS,13315.0,6,1
313300,,,ASH_COATED_OSMIUM,XIRECS,9992.0,2,1
314400,,,INTARIAN_PEPPER_ROOT,XIRECS,13322.0,6,1
321100,,,ASH_COATED_OSMIUM,XIRECS,10012.0,6,1
323200,,,INTARIAN_PEPPER_ROOT,XIRECS,13327.0,5,1
323500,,,ASH_COATED_OSMIUM,XIRECS,9995.0,6,1
324800,,,ASH_COATED_OSMIUM,XIRECS,9993.0,2,1
325200,,,ASH_COATED_OSMIUM,XIRECS,10012.0,5,1
327400,,,INTARIAN_PEPPER_ROOT,XIRECS,13320.0,6,1
327600,,,INTARIAN_PEPPER_ROOT,XIRECS,13338.0,3,1
329000,,,ASH_COATED_OSMIUM,XIRECS,9996.0,9,1
330000,,,ASH_COATED_OSMIUM,XIRECS,10012.0,4,1
330800,,,ASH_COATED_OSMIUM,XIRECS,9994.0,2,1
331500,,,INTARIAN_PEPPER_ROOT,XIRECS,13324.0,3,1
331800,,,ASH_COATED_OSMIUM,XIRECS,10011.0,8,1
332800,,,ASH_COATED_OSMIUM,XIRECS,10008.0,5,1
334600,,,INTARIAN_PEPPER_ROOT,XIRECS,13342.0,3,1
334900,,,INTARIAN_PEPPER_ROOT,XIRECS,13328.0,3,1
335500,,,INTARIAN_PEPPER_ROOT,XIRECS,13343.0,3,1
335800,,,ASH_COATED_OSMIUM,XIRECS,9993.0,6,1
336200,,,ASH_COATED_OSMIUM,XIRECS,9993.0,6,1
336400,,,ASH_COATED_OSMIUM,XIRECS,10010.0,9,1
336700,,,INTARIAN_PEPPER_ROOT,XIRECS,13344.0,6,1
337000,,,ASH_COATED_OSMIUM,XIRECS,9993.0,4,1
337300,,,ASH_COATED_OSMIUM,XIRECS,9994.0,7,1
337600,,,INTARIAN_PEPPER_ROOT,XIRECS,13330.0,7,1
340900,,,ASH_COATED_OSMIUM,XIRECS,10011.0,2,1
341400,,,ASH_COATED_OSMIUM,XIRECS,9996.0,2,1
342400,,,ASH_COATED_OSMIUM,XIRECS,9996.0,5,1
344000,,,INTARIAN_PEPPER_ROOT,XIRECS,13339.0,3,1
344400,,,ASH_COATED_OSMIUM,XIRECS,9995.0,4,1
346000,,,ASH_COATED_OSMIUM,XIRECS,9995.0,3,1
346400,,,ASH_COATED_OSMIUM,XIRECS,10001.0,4,1
349600,,,ASH_COATED_OSMIUM,XIRECS,10011.0,4,1
350600,,,ASH_COATED_OSMIUM,XIRECS,10010.0,5,1
351100,,,INTARIAN_PEPPER_ROOT,XIRECS,13358.0,4,1
352000,,,ASH_COATED_OSMIUM,XIRECS,10008.0,5,1
352100,,,INTARIAN_PEPPER_ROOT,XIRECS,13345.0,7,1
352300,,,INTARIAN_PEPPER_ROOT,XIRECS,13356.0,8,1
352700,,,INTARIAN_PEPPER_ROOT,XIRECS,13360.0,6,1
353000,,,ASH_COATED_OSMIUM,XIRECS,9992.0,5,1
354200,,,INTARIAN_PEPPER_ROOT,XIRECS,13361.0,6,1
356700,,,ASH_COATED_OSMIUM,XIRECS,10010.0,9,1
357700,,,ASH_COATED_OSMIUM,XIRECS,9994.0,3,1
358200,,,INTARIAN_PEPPER_ROOT,XIRECS,13351.0,3,1
358400,,,INTARIAN_PEPPER_ROOT,XIRECS,13362.0,5,1
358600,,,ASH_COATED_OSMIUM,XIRECS,10010.0,3,1
360000,,,INTARIAN_PEPPER_ROOT,XIRECS,13364.0,7,1
361400,,,ASH_COATED_OSMIUM,XIRECS,9995.0,6,1
361600,,,INTARIAN_PEPPER_ROOT,XIRECS,13357.0,5,1
363400,,,ASH_COATED_OSMIUM,XIRECS,10012.0,2,1
365400,,,INTARIAN_PEPPER_ROOT,XIRECS,13361.0,7,1
365500,,,ASH_COATED_OSMIUM,XIRECS,9998.0,3,1
367500,,,INTARIAN_PEPPER_ROOT,XIRECS,13360.0,5,1
371100,,,INTARIAN_PEPPER_ROOT,XIRECS,13378.0,4,1
371400,,,INTARIAN_PEPPER_ROOT,XIRECS,13364.0,3,1
372300,,,INTARIAN_PEPPER_ROOT,XIRECS,13368.0,6,1
374800,,,INTARIAN_PEPPER_ROOT,XIRECS,13382.0,3,1
375500,,,ASH_COATED_OSMIUM,XIRECS,9998.0,4,1
375600,,,ASH_COATED_OSMIUM,XIRECS,10013.0,3,1
376700,,,INTARIAN_PEPPER_ROOT,XIRECS,13372.0,7,1
377600,,,ASH_COATED_OSMIUM,XIRECS,9993.0,4,1
380900,,,ASH_COATED_OSMIUM,XIRECS,9996.0,8,1
381000,,,INTARIAN_PEPPER_ROOT,XIRECS,13388.0,3,1
381200,,,ASH_COATED_OSMIUM,XIRECS,10015.0,2,1
383000,,,ASH_COATED_OSMIUM,XIRECS,10014.0,6,1
384200,,,ASH_COATED_OSMIUM,XIRECS,9996.0,4,1
389800,,,ASH_COATED_OSMIUM,XIRECS,10013.0,10,1
389900,,,ASH_COATED_OSMIUM,XIRECS,9995.0,7,1
390400,,,ASH_COATED_OSMIUM,XIRECS,9997.0,9,1
391300,,,ASH_COATED_OSMIUM,XIRECS,9997.0,4,1
392500,,,ASH_COATED_OSMIUM,XIRECS,10013.0,5,1
401000,,,INTARIAN_PEPPER_ROOT,XIRECS,13396.0,8,1
401700,,,ASH_COATED_OSMIUM,XIRECS,10012.0,9,1
402600,,,ASH_COATED_OSMIUM,XIRECS,9995.0,5,1
405400,,,ASH_COATED_OSMIUM,XIRECS,9995.0,2,1
407400,,,ASH_COATED_OSMIUM,XIRECS,10010.0,8,1
412800,,,ASH_COATED_OSMIUM,XIRECS,9990.0,4,1
414200,,,ASH_COATED_OSMIUM,XIRECS,10008.0,6,1
415400,,,INTARIAN_PEPPER_ROOT,XIRECS,13423.0,6,1
416000,,,ASH_COATED_OSMIUM,XIRECS,9990.0,6,1
416300,,,ASH_COATED_OSMIUM,XIRECS,9990.0,2,1
417300,,,INTARIAN_PEPPER_ROOT,XIRECS,13425.0,5,1
419200,,,INTARIAN_PEPPER_ROOT,XIRECS,13409.0,6,1
419400,,,INTARIAN_PEPPER_ROOT,XIRECS,13427.0,4,1
420500,,,INTARIAN_PEPPER_ROOT,XIRECS,13410.0,7,1
423500,,,INTARIAN_PEPPER_ROOT,XIRECS,13416.0,6,1
424900,,,ASH_COATED_OSMIUM,XIRECS,9992.0,6,1
425100,,,INTARIAN_PEPPER_ROOT,XIRECS,13432.0,7,1
425200,,,ASH_COATED_OSMIUM,XIRECS,10011.0,6,1
425800,,,ASH_COATED_OSMIUM,XIRECS,9996.0,7,1
427800,,,INTARIAN_PEPPER_ROOT,XIRECS,13421.0,7,1
430300,,,ASH_COATED_OSMIUM,XIRECS,10012.0,4,1
432100,,,INTARIAN_PEPPER_ROOT,XIRECS,13428.0,8,1
433000,,,ASH_COATED_OSMIUM,XIRECS,9996.0,6,1
433700,,,ASH_COATED_OSMIUM,XIRECS,9997.0,6,1
435600,,,ASH_COATED_OSMIUM,XIRECS,9993.0,3,1
436100,,,INTARIAN_PEPPER_ROOT,XIRECS,13440.0,5,1
437800,,,INTARIAN_PEPPER_ROOT,XIRECS,13431.0,3,1
439100,,,ASH_COATED_OSMIUM,XIRECS,10010.0,5,1
439800,,,ASH_COATED_OSMIUM,XIRECS,10007.0,7,1
440500,,,ASH_COATED_OSMIUM,XIRECS,10008.0,3,1
440900,,,ASH_COATED_OSMIUM,XIRECS,9993.0,2,1
441000,,,INTARIAN_PEPPER_ROOT,XIRECS,13434.0,4,1
441300,,,INTARIAN_PEPPER_ROOT,XIRECS,13437.0,5,1
442300,,,ASH_COATED_OSMIUM,XIRECS,10009.0,6,1
442700,,,ASH_COATED_OSMIUM,XIRECS,10009.0,6,1
443200,,,ASH_COATED_OSMIUM,XIRECS,10009.0,4,1
444200,,,ASH_COATED_OSMIUM,XIRECS,10011.0,10,1
445000,,,ASH_COATED_OSMIUM,XIRECS,10010.0,8,1
448000,,,INTARIAN_PEPPER_ROOT,XIRECS,13455.0,5,1
449100,,,ASH_COATED_OSMIUM,XIRECS,9996.0,8,1
451000,,,ASH_COATED_OSMIUM,XIRECS,9992.0,5,1
452000,,,ASH_COATED_OSMIUM,XIRECS,9991.0,5,1
452300,,,ASH_COATED_OSMIUM,XIRECS,10007.0,7,1
453000,,,INTARIAN_PEPPER_ROOT,XIRECS,13457.0,3,1
453400,,,ASH_COATED_OSMIUM,XIRECS,9991.0,6,1
453700,,,ASH_COATED_OSMIUM,XIRECS,10000.0,3,1
453800,,,INTARIAN_PEPPER_ROOT,XIRECS,13449.0,7,1
456200,,,ASH_COATED_OSMIUM,XIRECS,10006.0,4,1
456300,,,INTARIAN_PEPPER_ROOT,XIRECS,13449.0,6,1
457200,,,INTARIAN_PEPPER_ROOT,XIRECS,13450.0,6,1
457500,,,INTARIAN_PEPPER_ROOT,XIRECS,13465.0,4,1
458600,,,ASH_COATED_OSMIUM,XIRECS,10006.0,6,1
458900,,,INTARIAN_PEPPER_ROOT,XIRECS,13466.0,7,1
459800,,,INTARIAN_PEPPER_ROOT,XIRECS,13453.0,6,1
462100,,,INTARIAN_PEPPER_ROOT,XIRECS,13469.0,5,1
464100,,,ASH_COATED_OSMIUM,XIRECS,10007.0,6,1
464500,,,INTARIAN_PEPPER_ROOT,XIRECS,13472.0,3,1
465700,,,ASH_COATED_OSMIUM,XIRECS,10011.0,6,1
466000,,,INTARIAN_PEPPER_ROOT,XIRECS,13461.0,3,1
467500,,,INTARIAN_PEPPER_ROOT,XIRECS,13460.0,3,1
467800,,,ASH_COATED_OSMIUM,XIRECS,10000.0,2,1
467800,,,ASH_COATED_OSMIUM,XIRECS,10007.0,5,1
468100,,,ASH_COATED_OSMIUM,XIRECS,9991.0,8,1
469200,,,INTARIAN_PEPPER_ROOT,XIRECS,13462.0,6,1
471900,,,ASH_COATED_OSMIUM,XIRECS,10008.0,6,1
472400,,,ASH_COATED_OSMIUM,XIRECS,9992.0,3,1
473000,,,INTARIAN_PEPPER_ROOT,XIRECS,13477.0,4,1
473800,,,INTARIAN_PEPPER_ROOT,XIRECS,13467.0,5,1
474000,,,INTARIAN_PEPPER_ROOT,XIRECS,13478.0,5,1
476600,,,ASH_COATED_OSMIUM,XIRECS,10006.0,5,1
477200,,,ASH_COATED_OSMIUM,XIRECS,9989.0,6,1
477800,,,INTARIAN_PEPPER_ROOT,XIRECS,13485.0,5,1
478700,,,ASH_COATED_OSMIUM,XIRECS,9987.0,3,1
478800,,,ASH_COATED_OSMIUM,XIRECS,9990.0,6,1
479800,,,ASH_COATED_OSMIUM,XIRECS,9987.0,2,1
480500,,,INTARIAN_PEPPER_ROOT,XIRECS,13476.0,3,1
482300,,,INTARIAN_PEPPER_ROOT,XIRECS,13475.0,5,1
482800,,,ASH_COATED_OSMIUM,XIRECS,9985.0,5,1
482900,,,ASH_COATED_OSMIUM,XIRECS,9987.0,5,1
486200,,,INTARIAN_PEPPER_ROOT,XIRECS,13490.0,8,1
486700,,,INTARIAN_PEPPER_ROOT,XIRECS,13482.0,8,1
487400,,,ASH_COATED_OSMIUM,XIRECS,10001.0,3,1
487700,,,ASH_COATED_OSMIUM,XIRECS,9983.0,4,1
487900,,,ASH_COATED_OSMIUM,XIRECS,9985.0,5,1
489600,,,INTARIAN_PEPPER_ROOT,XIRECS,13482.0,3,1
489700,,,ASH_COATED_OSMIUM,XIRECS,10002.0,7,1
490500,,,INTARIAN_PEPPER_ROOT,XIRECS,13483.0,5,1
494000,,,INTARIAN_PEPPER_ROOT,XIRECS,13483.0,4,1
494500,,,ASH_COATED_OSMIUM,XIRECS,10003.0,3,1
496000,,,INTARIAN_PEPPER_ROOT,XIRECS,13489.0,4,1
498900,,,ASH_COATED_OSMIUM,XIRECS,9987.0,8,1
500000,,,INTARIAN_PEPPER_ROOT,XIRECS,13504.0,3,1
500200,,,ASH_COATED_OSMIUM,XIRECS,9987.0,4,1
501300,,,INTARIAN_PEPPER_ROOT,XIRECS,13505.0,7,1
502300,,,ASH_COATED_OSMIUM,XIRECS,9989.0,4,1
502900,,,ASH_COATED_OSMIUM,XIRECS,10005.0,2,1
503300,,,ASH_COATED_OSMIUM,XIRECS,10005.0,3,1
503500,,,INTARIAN_PEPPER_ROOT,XIRECS,13496.0,6,1
508000,,,INTARIAN_PEPPER_ROOT,XIRECS,13501.0,3,1
509900,,,INTARIAN_PEPPER_ROOT,XIRECS,13499.0,7,1
511200,,,ASH_COATED_OSMIUM,XIRECS,9992.0,4,1
511700,,,ASH_COATED_OSMIUM,XIRECS,10008.0,6,1
512700,,,ASH_COATED_OSMIUM,XIRECS,10009.0,4,1
512800,,,ASH_COATED_OSMIUM,XIRECS,9993.0,7,1
513000,,,INTARIAN_PEPPER_ROOT,XIRECS,13520.0,5,1
514500,,,ASH_COATED_OSMIUM,XIRECS,9994.0,5,1
516300,,,ASH_COATED_OSMIUM,XIRECS,10012.0,5,1
517400,,,ASH_COATED_OSMIUM,XIRECS,10011.0,5,1
519400,,,INTARIAN_PEPPER_ROOT,XIRECS,13527.0,7,1
520900,,,INTARIAN_PEPPER_ROOT,XIRECS,13510.0,5,1
521800,,,INTARIAN_PEPPER_ROOT,XIRECS,13515.0,5,1
522000,,,ASH_COATED_OSMIUM,XIRECS,9996.0,4,1
522700,,,ASH_COATED_OSMIUM,XIRECS,10011.0,5,1
525900,,,ASH_COATED_OSMIUM,XIRECS,9993.0,4,1
531800,,,INTARIAN_PEPPER_ROOT,XIRECS,13525.0,4,1
532500,,,ASH_COATED_OSMIUM,XIRECS,9988.0,3,1
536300,,,ASH_COATED_OSMIUM,XIRECS,9985.0,6,1
536900,,,INTARIAN_PEPPER_ROOT,XIRECS,13544.0,3,1
537400,,,ASH_COATED_OSMIUM,XIRECS,10002.0,3,1
540100,,,INTARIAN_PEPPER_ROOT,XIRECS,13533.0,6,1
540300,,,ASH_COATED_OSMIUM,XIRECS,10003.0,2,1
545300,,,INTARIAN_PEPPER_ROOT,XIRECS,13553.0,7,1
547300,,,ASH_COATED_OSMIUM,XIRECS,9990.0,9,1
552900,,,ASH_COATED_OSMIUM,XIRECS,9988.0,10,1
554400,,,ASH_COATED_OSMIUM,XIRECS,9988.0,10,1
556200,,,INTARIAN_PEPPER_ROOT,XIRECS,13549.0,3,1
556700,,,INTARIAN_PEPPER_ROOT,XIRECS,13552.0,8,1
556900,,,ASH_COATED_OSMIUM,XIRECS,9986.0,2,1
557000,,,INTARIAN_PEPPER_ROOT,XIRECS,13564.0,3,1
557700,,,ASH_COATED_OSMIUM,XIRECS,9989.0,8,1
560300,,,ASH_COATED_OSMIUM,XIRECS,10006.0,6,1
561300,,,INTARIAN_PEPPER_ROOT,XIRECS,13557.0,3,1
563900,,,ASH_COATED_OSMIUM,XIRECS,10007.0,3,1
564900,,,INTARIAN_PEPPER_ROOT,XIRECS,13560.0,6,1
566100,,,INTARIAN_PEPPER_ROOT,XIRECS,13562.0,3,1
566600,,,ASH_COATED_OSMIUM,XIRECS,10007.0,7,1
566900,,,INTARIAN_PEPPER_ROOT,XIRECS,13560.0,3,1
567300,,,ASH_COATED_OSMIUM,XIRECS,9989.0,10,1
570200,,,INTARIAN_PEPPER_ROOT,XIRECS,13577.0,5,1
573200,,,ASH_COATED_OSMIUM,XIRECS,10007.0,3,1
574100,,,ASH_COATED_OSMIUM,XIRECS,10008.0,5,1
574200,,,ASH_COATED_OSMIUM,XIRECS,9992.0,2,1
574500,,,ASH_COATED_OSMIUM,XIRECS,9993.0,3,1
576600,,,INTARIAN_PEPPER_ROOT,XIRECS,13584.0,5,1
579800,,,INTARIAN_PEPPER_ROOT,XIRECS,13587.0,7,1
580300,,,INTARIAN_PEPPER_ROOT,XIRECS,13573.0,7,1
581500,,,ASH_COATED_OSMIUM,XIRECS,10012.0,2,1
582300,,,INTARIAN_PEPPER_ROOT,XIRECS,13572.0,5,1
583900,,,ASH_COATED_OSMIUM,XIRECS,10007.0,7,1
584000,,,ASH_COATED_OSMIUM,XIRECS,10010.0,8,1
584400,,,INTARIAN_PEPPER_ROOT,XIRECS,13595.0,4,1
585300,,,INTARIAN_PEPPER_ROOT,XIRECS,13578.0,5,1
590300,,,ASH_COATED_OSMIUM,XIRECS,10002.0,3,1
590400,,,INTARIAN_PEPPER_ROOT,XIRECS,13601.0,3,1
592000,,,INTARIAN_PEPPER_ROOT,XIRECS,13596.0,6,1
593800,,,INTARIAN_PEPPER_ROOT,XIRECS,13601.0,3,1
595000,,,ASH_COATED_OSMIUM,XIRECS,10008.0,2,1
600500,,,INTARIAN_PEPPER_ROOT,XIRECS,13593.0,6,1
600600,,,ASH_COATED_OSMIUM,XIRECS,9993.0,6,1
603100,,,ASH_COATED_OSMIUM,XIRECS,9992.0,3,1
605900,,,INTARIAN_PEPPER_ROOT,XIRECS,13599.0,3,1
607400,,,ASH_COATED_OSMIUM,XIRECS,9992.0,3,1
607800,,,ASH_COATED_OSMIUM,XIRECS,10010.0,5,1
610500,,,INTARIAN_PEPPER_ROOT,XIRECS,13603.0,5,1
611600,,,ASH_COATED_OSMIUM,XIRECS,9993.0,6,1
611900,,,ASH_COATED_OSMIUM,XIRECS,9989.0,5,1
612000,,,ASH_COATED_OSMIUM,XIRECS,10002.0,2,1
612300,,,INTARIAN_PEPPER_ROOT,XIRECS,13608.0,8,1
615600,,,ASH_COATED_OSMIUM,XIRECS,10009.0,5,1
620700,,,ASH_COATED_OSMIUM,XIRECS,10009.0,8,1
622900,,,ASH_COATED_OSMIUM,XIRECS,10013.0,4,1
623400,,,INTARIAN_PEPPER_ROOT,XIRECS,13631.0,6,1
624500,,,ASH_COATED_OSMIUM,XIRECS,9994.0,6,1
628900,,,ASH_COATED_OSMIUM,XIRECS,10006.0,6,1
629200,,,INTARIAN_PEPPER_ROOT,XIRECS,13622.0,4,1
631100,,,INTARIAN_PEPPER_ROOT,XIRECS,13624.0,6,1
632300,,,ASH_COATED_OSMIUM,XIRECS,10005.0,5,1
634200,,,ASH_COATED_OSMIUM,XIRECS,9986.0,2,1
634500,,,INTARIAN_PEPPER_ROOT,XIRECS,13642.0,6,1
636500,,,INTARIAN_PEPPER_ROOT,XIRECS,13629.0,5,1
637100,,,INTARIAN_PEPPER_ROOT,XIRECS,13644.0,6,1
639100,,,ASH_COATED_OSMIUM,XIRECS,10002.0,8,1
639300,,,INTARIAN_PEPPER_ROOT,XIRECS,13632.0,3,1
640000,,,INTARIAN_PEPPER_ROOT,XIRECS,13633.0,4,1
640200,,,INTARIAN_PEPPER_ROOT,XIRECS,13648.0,6,1
640600,,,ASH_COATED_OSMIUM,XIRECS,9991.0,3,1
641500,,,INTARIAN_PEPPER_ROOT,XIRECS,13645.0,5,1
642300,,,INTARIAN_PEPPER_ROOT,XIRECS,13650.0,4,1
643100,,,ASH_COATED_OSMIUM,XIRECS,10003.0,6,1
643100,,,INTARIAN_PEPPER_ROOT,XIRECS,13632.0,5,1
644500,,,ASH_COATED_OSMIUM,XIRECS,9999.0,6,1
645700,,,ASH_COATED_OSMIUM,XIRECS,9999.0,8,1
645800,,,ASH_COATED_OSMIUM,XIRECS,9980.0,2,1
646000,,,INTARIAN_PEPPER_ROOT,XIRECS,13657.0,4,1
647700,,,ASH_COATED_OSMIUM,XIRECS,10001.0,5,1
650800,,,ASH_COATED_OSMIUM,XIRECS,9994.0,4,1
653900,,,ASH_COATED_OSMIUM,XIRECS,9990.0,6,1
654800,,,ASH_COATED_OSMIUM,XIRECS,9991.0,6,1
656300,,,ASH_COATED_OSMIUM,XIRECS,9991.0,3,1
656600,,,INTARIAN_PEPPER_ROOT,XIRECS,13667.0,6,1
656900,,,ASH_COATED_OSMIUM,XIRECS,9990.0,10,1
658400,,,ASH_COATED_OSMIUM,XIRECS,10001.0,3,1
658400,,,ASH_COATED_OSMIUM,XIRECS,10007.0,9,1
660600,,,ASH_COATED_OSMIUM,XIRECS,10009.0,4,1
660600,,,INTARIAN_PEPPER_ROOT,XIRECS,13653.0,3,1
662600,,,INTARIAN_PEPPER_ROOT,XIRECS,13666.0,6,1
666800,,,ASH_COATED_OSMIUM,XIRECS,9991.0,4,1
667200,,,ASH_COATED_OSMIUM,XIRECS,9991.0,5,1
668400,,,ASH_COATED_OSMIUM,XIRECS,10005.0,2,1
668400,,,INTARIAN_PEPPER_ROOT,XIRECS,13676.0,4,1
670000,,,INTARIAN_PEPPER_ROOT,XIRECS,13677.0,7,1
672400,,,INTARIAN_PEPPER_ROOT,XIRECS,13665.0,3,1
673600,,,ASH_COATED_OSMIUM,XIRECS,9983.0,10,1
673600,,,INTARIAN_PEPPER_ROOT,XIRECS,13677.0,6,1
677200,,,ASH_COATED_OSMIUM,XIRECS,9981.0,4,1
677500,,,ASH_COATED_OSMIUM,XIRECS,9983.0,2,1
677700,,,INTARIAN_PEPPER_ROOT,XIRECS,13670.0,4,1
678000,,,INTARIAN_PEPPER_ROOT,XIRECS,13671.0,3,1
679600,,,ASH_COATED_OSMIUM,XIRECS,10001.0,5,1
681200,,,ASH_COATED_OSMIUM,XIRECS,10000.0,9,1
681900,,,ASH_COATED_OSMIUM,XIRECS,9991.0,3,1
681900,,,INTARIAN_PEPPER_ROOT,XIRECS,13689.0,7,1
683100,,,INTARIAN_PEPPER_ROOT,XIRECS,13690.0,4,1
683300,,,ASH_COATED_OSMIUM,XIRECS,10005.0,4,1
685400,,,ASH_COATED_OSMIUM,XIRECS,10006.0,7,1
687500,,,INTARIAN_PEPPER_ROOT,XIRECS,13680.0,4,1
687700,,,INTARIAN_PEPPER_ROOT,XIRECS,13683.0,7,1
688200,,,INTARIAN_PEPPER_ROOT,XIRECS,13699.0,3,1
689500,,,ASH_COATED_OSMIUM,XIRECS,10004.0,6,1
690100,,,INTARIAN_PEPPER_ROOT,XIRECS,13697.0,6,1
690400,,,INTARIAN_PEPPER_ROOT,XIRECS,13683.0,3,1
690500,,,INTARIAN_PEPPER_ROOT,XIRECS,13698.0,3,1
690600,,,INTARIAN_PEPPER_ROOT,XIRECS,13694.0,5,1
690700,,,ASH_COATED_OSMIUM,XIRECS,9986.0,5,1
691200,,,ASH_COATED_OSMIUM,XIRECS,9988.0,4,1
691800,,,INTARIAN_PEPPER_ROOT,XIRECS,13684.0,7,1
692200,,,INTARIAN_PEPPER_ROOT,XIRECS,13681.0,4,1
699900,,,ASH_COATED_OSMIUM,XIRECS,10010.0,6,1
700100,,,ASH_COATED_OSMIUM,XIRECS,10010.0,6,1
700700,,,ASH_COATED_OSMIUM,XIRECS,10013.0,6,1
700800,,,ASH_COATED_OSMIUM,XIRECS,9995.0,3,1
701000,,,INTARIAN_PEPPER_ROOT,XIRECS,13696.0,4,1
702100,,,INTARIAN_PEPPER_ROOT,XIRECS,13709.0,7,1
703000,,,INTARIAN_PEPPER_ROOT,XIRECS,13696.0,5,1
703500,,,ASH_COATED_OSMIUM,XIRECS,9997.0,4,1
704300,,,ASH_COATED_OSMIUM,XIRECS,9997.0,2,1
705400,,,ASH_COATED_OSMIUM,XIRECS,9996.0,7,1
708200,,,ASH_COATED_OSMIUM,XIRECS,9996.0,5,1
708800,,,INTARIAN_PEPPER_ROOT,XIRECS,13716.0,4,1
709100,,,ASH_COATED_OSMIUM,XIRECS,9998.0,6,1
710200,,,ASH_COATED_OSMIUM,XIRECS,10013.0,8,1
712500,,,ASH_COATED_OSMIUM,XIRECS,10013.0,5,1
714900,,,ASH_COATED_OSMIUM,XIRECS,10003.0,5,1
717400,,,INTARIAN_PEPPER_ROOT,XIRECS,13725.0,4,1
720800,,,ASH_COATED_OSMIUM,XIRECS,10014.0,4,1
722300,,,INTARIAN_PEPPER_ROOT,XIRECS,13726.0,4,1
723500,,,ASH_COATED_OSMIUM,XIRECS,9995.0,6,1
724700,,,INTARIAN_PEPPER_ROOT,XIRECS,13732.0,4,1
725700,,,ASH_COATED_OSMIUM,XIRECS,9993.0,8,1
726200,,,ASH_COATED_OSMIUM,XIRECS,9994.0,5,1
727400,,,INTARIAN_PEPPER_ROOT,XIRECS,13735.0,6,1
727600,,,INTARIAN_PEPPER_ROOT,XIRECS,13735.0,3,1
728600,,,INTARIAN_PEPPER_ROOT,XIRECS,13721.0,5,1
729100,,,ASH_COATED_OSMIUM,XIRECS,10012.0,8,1
729700,,,ASH_COATED_OSMIUM,XIRECS,9996.0,5,1
730400,,,ASH_COATED_OSMIUM,XIRECS,10013.0,6,1
730900,,,ASH_COATED_OSMIUM,XIRECS,9993.0,5,1
731200,,,ASH_COATED_OSMIUM,XIRECS,10012.0,9,1
733700,,,INTARIAN_PEPPER_ROOT,XIRECS,13741.0,3,1
734900,,,ASH_COATED_OSMIUM,XIRECS,9996.0,5,1
735200,,,ASH_COATED_OSMIUM,XIRECS,10015.0,5,1
736900,,,ASH_COATED_OSMIUM,XIRECS,10013.0,5,1
737500,,,INTARIAN_PEPPER_ROOT,XIRECS,13741.0,3,1
739500,,,ASH_COATED_OSMIUM,XIRECS,9997.0,10,1
739600,,,ASH_COATED_OSMIUM,XIRECS,10013.0,6,1
742000,,,ASH_COATED_OSMIUM,XIRECS,10017.0,5,1
742000,,,INTARIAN_PEPPER_ROOT,XIRECS,13737.0,8,1
743900,,,ASH_COATED_OSMIUM,XIRECS,9998.0,4,1
745600,,,ASH_COATED_OSMIUM,XIRECS,9998.0,6,1
746100,,,ASH_COATED_OSMIUM,XIRECS,9998.0,4,1
746100,,,ASH_COATED_OSMIUM,XIRECS,10016.0,8,1
750600,,,ASH_COATED_OSMIUM,XIRECS,9999.0,5,1
752300,,,ASH_COATED_OSMIUM,XIRECS,10009.0,4,1
753100,,,INTARIAN_PEPPER_ROOT,XIRECS,13764.0,7,1
754100,,,ASH_COATED_OSMIUM,XIRECS,10009.0,4,1
754400,,,ASH_COATED_OSMIUM,XIRECS,10009.0,5,1
755700,,,INTARIAN_PEPPER_ROOT,XIRECS,13748.0,7,1
755900,,,ASH_COATED_OSMIUM,XIRECS,10007.0,4,1
755900,,,INTARIAN_PEPPER_ROOT,XIRECS,13763.0,3,1
756600,,,ASH_COATED_OSMIUM,XIRECS,9992.0,6,1
756600,,,ASH_COATED_OSMIUM,XIRECS,9992.0,5,1
756900,,,ASH_COATED_OSMIUM,XIRECS,9991.0,5,1
757200,,,ASH_COATED_OSMIUM,XIRECS,9991.0,9,1
758700,,,ASH_COATED_OSMIUM,XIRECS,9991.0,6,1
763200,,,INTARIAN_PEPPER_ROOT,XIRECS,13774.0,4,1
763800,,,INTARIAN_PEPPER_ROOT,XIRECS,13771.0,6,1
763900,,,ASH_COATED_OSMIUM,XIRECS,9988.0,8,1
764100,,,ASH_COATED_OSMIUM,XIRECS,9988.0,6,1
764500,,,INTARIAN_PEPPER_ROOT,XIRECS,13757.0,5,1
766000,,,INTARIAN_PEPPER_ROOT,XIRECS,13770.0,4,1
770300,,,INTARIAN_PEPPER_ROOT,XIRECS,13763.0,4,1
771800,,,INTARIAN_PEPPER_ROOT,XIRECS,13775.0,6,1
775000,,,ASH_COATED_OSMIUM,XIRECS,9989.0,4,1
775500,,,INTARIAN_PEPPER_ROOT,XIRECS,13779.0,7,1
777200,,,ASH_COATED_OSMIUM,XIRECS,9999.0,10,1
777200,,,INTARIAN_PEPPER_ROOT,XIRECS,13770.0,5,1
780300,,,ASH_COATED_OSMIUM,XIRECS,10000.0,2,1
781100,,,INTARIAN_PEPPER_ROOT,XIRECS,13785.0,7,1
782500,,,ASH_COATED_OSMIUM,XIRECS,9999.0,7,1
783500,,,INTARIAN_PEPPER_ROOT,XIRECS,13776.0,4,1
785300,,,INTARIAN_PEPPER_ROOT,XIRECS,13774.0,3,1
787000,,,INTARIAN_PEPPER_ROOT,XIRECS,13791.0,6,1
787500,,,INTARIAN_PEPPER_ROOT,XIRECS,13780.0,4,1
788000,,,ASH_COATED_OSMIUM,XIRECS,10002.0,5,1
789900,,,ASH_COATED_OSMIUM,XIRECS,9984.0,2,1
791700,,,INTARIAN_PEPPER_ROOT,XIRECS,13787.0,6,1
792100,,,ASH_COATED_OSMIUM,XIRECS,9985.0,5,1
793700,,,ASH_COATED_OSMIUM,XIRECS,10000.0,10,1
793900,,,INTARIAN_PEPPER_ROOT,XIRECS,13801.0,4,1
796100,,,INTARIAN_PEPPER_ROOT,XIRECS,13800.0,5,1
796500,,,INTARIAN_PEPPER_ROOT,XIRECS,13789.0,5,1
796600,,,INTARIAN_PEPPER_ROOT,XIRECS,13800.0,7,1
796700,,,ASH_COATED_OSMIUM,XIRECS,9983.0,4,1
798600,,,INTARIAN_PEPPER_ROOT,XIRECS,13806.0,5,1
802000,,,ASH_COATED_OSMIUM,XIRECS,9995.0,5,1
802400,,,ASH_COATED_OSMIUM,XIRECS,9992.0,3,1
803100,,,ASH_COATED_OSMIUM,XIRECS,10002.0,5,1
805400,,,ASH_COATED_OSMIUM,XIRECS,9995.0,4,1
806200,,,ASH_COATED_OSMIUM,XIRECS,9986.0,2,1
806300,,,INTARIAN_PEPPER_ROOT,XIRECS,13795.0,7,1
806400,,,INTARIAN_PEPPER_ROOT,XIRECS,13817.0,3,1
809500,,,ASH_COATED_OSMIUM,XIRECS,9994.0,4,1
810900,,,ASH_COATED_OSMIUM,XIRECS,10009.0,2,1
811900,,,INTARIAN_PEPPER_ROOT,XIRECS,13804.0,6,1
813200,,,INTARIAN_PEPPER_ROOT,XIRECS,13806.0,3,1
815800,,,ASH_COATED_OSMIUM,XIRECS,10009.0,4,1
815900,,,INTARIAN_PEPPER_ROOT,XIRECS,13820.0,3,1
821100,,,ASH_COATED_OSMIUM,XIRECS,10004.0,8,1
823600,,,ASH_COATED_OSMIUM,XIRECS,10004.0,6,1
825200,,,INTARIAN_PEPPER_ROOT,XIRECS,13829.0,4,1
825700,,,INTARIAN_PEPPER_ROOT,XIRECS,13829.0,6,1
829800,,,INTARIAN_PEPPER_ROOT,XIRECS,13833.0,7,1
833100,,,ASH_COATED_OSMIUM,XIRECS,9993.0,5,1
833300,,,INTARIAN_PEPPER_ROOT,XIRECS,13822.0,7,1
833400,,,INTARIAN_PEPPER_ROOT,XIRECS,13826.0,3,1
835700,,,ASH_COATED_OSMIUM,XIRECS,10011.0,8,1
836800,,,ASH_COATED_OSMIUM,XIRECS,9992.0,7,1
837300,,,INTARIAN_PEPPER_ROOT,XIRECS,13845.0,3,1
839500,,,INTARIAN_PEPPER_ROOT,XIRECS,13847.0,6,1
839900,,,ASH_COATED_OSMIUM,XIRECS,10010.0,4,1
840900,,,INTARIAN_PEPPER_ROOT,XIRECS,13836.0,8,1
841500,,,ASH_COATED_OSMIUM,XIRECS,9993.0,6,1
842900,,,INTARIAN_PEPPER_ROOT,XIRECS,13835.0,3,1
843200,,,ASH_COATED_OSMIUM,XIRECS,10007.0,5,1
843500,,,ASH_COATED_OSMIUM,XIRECS,9991.0,5,1
844300,,,INTARIAN_PEPPER_ROOT,XIRECS,13848.0,7,1
844800,,,INTARIAN_PEPPER_ROOT,XIRECS,13840.0,5,1
845400,,,INTARIAN_PEPPER_ROOT,XIRECS,13841.0,7,1
845500,,,ASH_COATED_OSMIUM,XIRECS,10007.0,3,1
845800,,,ASH_COATED_OSMIUM,XIRECS,10007.0,3,1
846200,,,INTARIAN_PEPPER_ROOT,XIRECS,13839.0,4,1
846700,,,INTARIAN_PEPPER_ROOT,XIRECS,13854.0,6,1
847100,,,ASH_COATED_OSMIUM,XIRECS,10006.0,2,1
847200,,,INTARIAN_PEPPER_ROOT,XIRECS,13855.0,5,1
847500,,,ASH_COATED_OSMIUM,XIRECS,10007.0,8,1
847700,,,ASH_COATED_OSMIUM,XIRECS,10007.0,5,1
847800,,,ASH_COATED_OSMIUM,XIRECS,9990.0,7,1
848300,,,ASH_COATED_OSMIUM,XIRECS,9990.0,5,1
852000,,,ASH_COATED_OSMIUM,XIRECS,10008.0,6,1
852500,,,ASH_COATED_OSMIUM,XIRECS,9994.0,3,1
852700,,,ASH_COATED_OSMIUM,XIRECS,9994.0,3,1
854300,,,INTARIAN_PEPPER_ROOT,XIRECS,13862.0,3,1
857700,,,INTARIAN_PEPPER_ROOT,XIRECS,13850.0,4,1
858500,,,INTARIAN_PEPPER_ROOT,XIRECS,13851.0,6,1
859900,,,ASH_COATED_OSMIUM,XIRECS,9990.0,4,1
861900,,,INTARIAN_PEPPER_ROOT,XIRECS,13854.0,7,1
862000,,,ASH_COATED_OSMIUM,XIRECS,10004.0,2,1
864800,,,ASH_COATED_OSMIUM,XIRECS,10006.0,8,1
865000,,,ASH_COATED_OSMIUM,XIRECS,9990.0,6,1
868000,,,ASH_COATED_OSMIUM,XIRECS,9988.0,3,1
870000,,,INTARIAN_PEPPER_ROOT,XIRECS,13877.0,7,1
871100,,,ASH_COATED_OSMIUM,XIRECS,10005.0,5,1
871700,,,ASH_COATED_OSMIUM,XIRECS,9989.0,2,1
871900,,,ASH_COATED_OSMIUM,XIRECS,10005.0,2,1
874400,,,ASH_COATED_OSMIUM,XIRECS,9990.0,5,1
875400,,,ASH_COATED_OSMIUM,XIRECS,9990.0,5,1
875800,,,INTARIAN_PEPPER_ROOT,XIRECS,13868.0,3,1
877900,,,ASH_COATED_OSMIUM,XIRECS,9989.0,7,1
878000,,,INTARIAN_PEPPER_ROOT,XIRECS,13873.0,4,1
878400,,,ASH_COATED_OSMIUM,XIRECS,10004.0,5,1
881000,,,ASH_COATED_OSMIUM,XIRECS,9983.0,4,1
881200,,,INTARIAN_PEPPER_ROOT,XIRECS,13885.0,4,1
883700,,,INTARIAN_PEPPER_ROOT,XIRECS,13876.0,5,1
886000,,,INTARIAN_PEPPER_ROOT,XIRECS,13890.0,3,1
887000,,,INTARIAN_PEPPER_ROOT,XIRECS,13891.0,4,1
887700,,,ASH_COATED_OSMIUM,XIRECS,10004.0,6,1
887900,,,INTARIAN_PEPPER_ROOT,XIRECS,13880.0,4,1
889300,,,INTARIAN_PEPPER_ROOT,XIRECS,13897.0,4,1
891200,,,INTARIAN_PEPPER_ROOT,XIRECS,13899.0,7,1
892900,,,ASH_COATED_OSMIUM,XIRECS,10006.0,8,1
893400,,,ASH_COATED_OSMIUM,XIRECS,9990.0,4,1
898100,,,INTARIAN_PEPPER_ROOT,XIRECS,13893.0,8,1
899200,,,ASH_COATED_OSMIUM,XIRECS,10009.0,5,1
899500,,,INTARIAN_PEPPER_ROOT,XIRECS,13907.0,6,1
901500,,,ASH_COATED_OSMIUM,XIRECS,10009.0,8,1
902100,,,ASH_COATED_OSMIUM,XIRECS,9992.0,3,1
904900,,,ASH_COATED_OSMIUM,XIRECS,10007.0,3,1
905000,,,ASH_COATED_OSMIUM,XIRECS,9988.0,10,1
905300,,,ASH_COATED_OSMIUM,XIRECS,9991.0,4,1
907600,,,INTARIAN_PEPPER_ROOT,XIRECS,13915.0,6,1
907700,,,INTARIAN_PEPPER_ROOT,XIRECS,13919.0,7,1
909600,,,ASH_COATED_OSMIUM,XIRECS,9991.0,4,1
909900,,,ASH_COATED_OSMIUM,XIRECS,10008.0,8,1
911000,,,INTARIAN_PEPPER_ROOT,XIRECS,13904.0,5,1
911400,,,ASH_COATED_OSMIUM,XIRECS,10008.0,2,1
912600,,,ASH_COATED_OSMIUM,XIRECS,10011.0,3,1
912600,,,INTARIAN_PEPPER_ROOT,XIRECS,13920.0,7,1
914900,,,INTARIAN_PEPPER_ROOT,XIRECS,13926.0,5,1
917900,,,ASH_COATED_OSMIUM,XIRECS,10010.0,5,1
918600,,,INTARIAN_PEPPER_ROOT,XIRECS,13926.0,7,1
919200,,,ASH_COATED_OSMIUM,XIRECS,9995.0,3,1
920500,,,INTARIAN_PEPPER_ROOT,XIRECS,13928.0,4,1
920900,,,ASH_COATED_OSMIUM,XIRECS,10011.0,3,1
921100,,,INTARIAN_PEPPER_ROOT,XIRECS,13929.0,5,1
921200,,,ASH_COATED_OSMIUM,XIRECS,10010.0,10,1
922700,,,INTARIAN_PEPPER_ROOT,XIRECS,13930.0,3,1
922800,,,INTARIAN_PEPPER_ROOT,XIRECS,13915.0,7,1
923700,,,ASH_COATED_OSMIUM,XIRECS,9995.0,3,1
923800,,,ASH_COATED_OSMIUM,XIRECS,10005.0,4,1
927200,,,INTARIAN_PEPPER_ROOT,XIRECS,13931.0,3,1
928500,,,ASH_COATED_OSMIUM,XIRECS,9996.0,3,1
929100,,,ASH_COATED_OSMIUM,XIRECS,9995.0,4,1
929700,,,ASH_COATED_OSMIUM,XIRECS,10012.0,2,1
929900,,,INTARIAN_PEPPER_ROOT,XIRECS,13934.0,7,1
931000,,,ASH_COATED_OSMIUM,XIRECS,10001.0,5,1
932600,,,ASH_COATED_OSMIUM,XIRECS,10014.0,10,1
933700,,,INTARIAN_PEPPER_ROOT,XIRECS,13941.0,6,1
934300,,,ASH_COATED_OSMIUM,XIRECS,10012.0,3,1
935900,,,ASH_COATED_OSMIUM,XIRECS,9995.0,8,1
936600,,,INTARIAN_PEPPER_ROOT,XIRECS,13932.0,8,1
938100,,,INTARIAN_PEPPER_ROOT,XIRECS,13927.0,6,1
939100,,,ASH_COATED_OSMIUM,XIRECS,10011.0,2,1
939500,,,ASH_COATED_OSMIUM,XIRECS,10011.0,9,1
939600,,,ASH_COATED_OSMIUM,XIRECS,10011.0,6,1
942700,,,INTARIAN_PEPPER_ROOT,XIRECS,13938.0,3,1
946100,,,ASH_COATED_OSMIUM,XIRECS,9995.0,10,1
947900,,,INTARIAN_PEPPER_ROOT,XIRECS,13943.0,5,1
948000,,,INTARIAN_PEPPER_ROOT,XIRECS,13941.0,6,1
948200,,,INTARIAN_PEPPER_ROOT,XIRECS,13956.0,6,1
948400,,,ASH_COATED_OSMIUM,XIRECS,10013.0,7,1
949600,,,ASH_COATED_OSMIUM,XIRECS,10011.0,2,1
949900,,,INTARIAN_PEPPER_ROOT,XIRECS,13957.0,4,1
956600,,,ASH_COATED_OSMIUM,XIRECS,9990.0,3,1
958100,,,INTARIAN_PEPPER_ROOT,XIRECS,13969.0,6,1
959100,,,INTARIAN_PEPPER_ROOT,XIRECS,13963.0,3,1
960400,,,ASH_COATED_OSMIUM,XIRECS,9989.0,4,1
964400,,,ASH_COATED_OSMIUM,XIRECS,10005.0,3,1
965000,,,INTARIAN_PEPPER_ROOT,XIRECS,13958.0,7,1
965600,,,INTARIAN_PEPPER_ROOT,XIRECS,13958.0,5,1
966200,,,INTARIAN_PEPPER_ROOT,XIRECS,13959.0,5,1
971300,,,ASH_COATED_OSMIUM,XIRECS,10000.0,5,1
973900,,,INTARIAN_PEPPER_ROOT,XIRECS,13981.0,5,1
974600,,,INTARIAN_PEPPER_ROOT,XIRECS,13964.0,7,1
975000,,,ASH_COATED_OSMIUM,XIRECS,10003.0,4,1
975500,,,ASH_COATED_OSMIUM,XIRECS,9985.0,2,1
975900,,,ASH_COATED_OSMIUM,XIRECS,10001.0,3,1
976500,,,ASH_COATED_OSMIUM,XIRECS,9985.0,6,1
976500,,,INTARIAN_PEPPER_ROOT,XIRECS,13987.0,5,1
976900,,,INTARIAN_PEPPER_ROOT,XIRECS,13984.0,3,1
977200,,,INTARIAN_PEPPER_ROOT,XIRECS,13973.0,5,1
978400,,,INTARIAN_PEPPER_ROOT,XIRECS,13986.0,6,1
978600,,,ASH_COATED_OSMIUM,XIRECS,9986.0,3,1
981200,,,ASH_COATED_OSMIUM,XIRECS,10001.0,5,1
981200,,,INTARIAN_PEPPER_ROOT,XIRECS,13977.0,3,1
983000,,,INTARIAN_PEPPER_ROOT,XIRECS,13976.0,6,1
984500,,,ASH_COATED_OSMIUM,XIRECS,9990.0,4,1
985700,,,ASH_COATED_OSMIUM,XIRECS,9995.0,3,1
986600,,,ASH_COATED_OSMIUM,XIRECS,10002.0,3,1
986800,,,ASH_COATED_OSMIUM,XIRECS,9987.0,6,1
987500,,,ASH_COATED_OSMIUM,XIRECS,10002.0,6,1
987600,,,INTARIAN_PEPPER_ROOT,XIRECS,13977.0,3,1
989300,,,ASH_COATED_OSMIUM,XIRECS,9985.0,2,1
989900,,,INTARIAN_PEPPER_ROOT,XIRECS,13982.0,4,1
991100,,,INTARIAN_PEPPER_ROOT,XIRECS,13984.0,6,1
991400,,,ASH_COATED_OSMIUM,XIRECS,9983.0,9,1
993300,,,ASH_COATED_OSMIUM,XIRECS,9984.0,5,1
994400,,,INTARIAN_PEPPER_ROOT,XIRECS,13987.0,3,1
995100,,,INTARIAN_PEPPER_ROOT,XIRECS,13999.0,7,1
995600,,,ASH_COATED_OSMIUM,XIRECS,10001.0,6,1
997200,,,ASH_COATED_OSMIUM,XIRECS,9985.0,4,1
