voucher,strike,day,timestamp,trade_price,quantity,spot_mid,iv_at_trade,bs_fair_value,trade_minus_bs_fv
VEV_4000,4000,0,9000,1222.0,2.0,5232.0,,,
VEV_4000,4000,0,11100,1246.0,1.0,5235.5,,,
VEV_4000,4000,0,15400,1232.0,3.0,5243.5,,,
VEV_4000,4000,0,18600,1247.0,3.0,5237.0,,,
VEV_4000,4000,0,24400,1225.0,1.0,5235.5,,,
VEV_4000,4000,0,41500,1242.0,1.0,5231.5,,,
VEV_4000,4000,0,57900,1232.0,1.0,5242.5,,,
VEV_4000,4000,0,62400,1229.0,2.0,5239.5,,,
VEV_4000,4000,0,75300,1253.0,3.0,5242.5,,,
VEV_4000,4000,0,79000,1235.0,2.0,5245.5,,,
VEV_4000,4000,0,79800,1260.0,1.0,5249.5,,,
VEV_4000,4000,0,79900,1261.0,2.0,5250.5,,,
VEV_4000,4000,0,81700,1264.0,1.0,5253.5,,,
VEV_4000,4000,0,88000,1247.0,1.0,5236.5,,,
VEV_4000,4000,0,98200,1246.0,3.0,5235.5,0.67574390471729,1235.9999999999982,10.000000000001819
VEV_4000,4000,0,99100,1251.0,1.0,5240.5,,,
VEV_4000,4000,0,109300,1216.0,1.0,5226.5,,,
VEV_4000,4000,0,116000,1206.0,1.0,5216.5,,,
VEV_4000,4000,0,121500,1233.0,2.0,5221.5,0.7577979949409076,1223.0,10.0
VEV_4000,4000,0,122600,1242.0,2.0,5231.5,,,
VEV_4000,4000,0,130400,1250.0,2.0,5238.0,0.7655125859482891,1239.5,10.5
VEV_4000,4000,0,130800,1228.0,1.0,5238.5,,,
VEV_4000,4000,0,134400,1231.0,2.0,5241.0,,,
VEV_4000,4000,0,140500,1239.0,3.0,5227.0,0.7603734923030216,1228.4999999999995,10.500000000000455
VEV_4000,4000,0,148500,1236.0,3.0,5225.5,,,
VEV_4000,4000,0,150500,1220.0,2.0,5230.0,,,
VEV_4000,4000,0,155600,1253.0,2.0,5242.5,,,
VEV_4000,4000,0,162500,1242.0,1.0,5252.5,,,
VEV_4000,4000,0,166000,1239.0,2.0,5250.0,,,
VEV_4000,4000,0,190500,1224.0,2.0,5232.5,0.7912146756590751,1234.5000000000005,-10.500000000000455
VEV_4000,4000,0,212100,1234.0,2.0,5223.5,,,
VEV_4000,4000,0,213000,1209.0,1.0,5219.5,,,
VEV_4000,4000,0,215700,1233.0,3.0,5222.5,0.6702227916585684,1223.0,10.0
VEV_4000,4000,0,219600,1216.0,2.0,5226.5,,,
VEV_4000,4000,0,222700,1217.0,1.0,5227.0,,,
VEV_4000,4000,0,227000,1223.0,3.0,5233.5,,,
VEV_4000,4000,0,231900,1227.0,2.0,5237.5,,,
VEV_4000,4000,0,237800,1241.0,3.0,5230.5,0.67362267598995,1231.0,10.0
VEV_4000,4000,0,243200,1249.0,3.0,5238.5,,,
VEV_4000,4000,0,244000,1230.0,3.0,5240.5,,,
VEV_4000,4000,0,246000,1235.0,3.0,5245.5,,,
VEV_4000,4000,0,247200,1233.0,3.0,5243.5,,,
VEV_4000,4000,0,253100,1238.0,2.0,5250.5,,,
VEV_4000,4000,0,262300,1234.0,3.0,5244.5,,,
VEV_4000,4000,0,266500,1257.0,2.0,5246.5,,,
VEV_4000,4000,0,271900,1253.0,2.0,5243.0,,,
VEV_4000,4000,0,273500,1237.0,3.0,5247.5,,,
VEV_4000,4000,0,275700,1259.0,3.0,5249.0,,,
VEV_4000,4000,0,281700,1232.0,3.0,5242.5,,,
VEV_4000,4000,0,286800,1245.0,3.0,5234.5,,,
VEV_4000,4000,0,296600,1239.0,3.0,5249.5,,,
VEV_4000,4000,0,304100,1244.0,1.0,5256.0,,,
VEV_4000,4000,0,313000,1248.0,2.0,5258.5,,,
VEV_4000,4000,0,320300,1253.0,2.0,5263.5,,,
VEV_4000,4000,0,320700,1273.0,3.0,5262.5,,,
VEV_4000,4000,0,322800,1250.0,1.0,5260.5,,,
VEV_4000,4000,0,323500,1247.0,3.0,5257.5,,,
VEV_4000,4000,0,328800,1256.0,3.0,5266.5,,,
VEV_4000,4000,0,345100,1242.0,2.0,5253.5,,,
VEV_4000,4000,0,347400,1253.0,1.0,5264.0,,,
VEV_4000,4000,0,351800,1265.0,1.0,5275.5,,,
VEV_4000,4000,0,356200,1262.0,1.0,5272.5,,,
VEV_4000,4000,0,365100,1266.0,1.0,5277.5,,,
VEV_4000,4000,0,369300,1263.0,1.0,5273.5,0.6917732704858884,1273.9999999999995,-10.999999999999545
VEV_4000,4000,0,374900,1295.0,1.0,5284.5,,,
VEV_4000,4000,0,378100,1267.0,3.0,5277.5,,,
VEV_4000,4000,0,380100,1280.0,1.0,5269.5,,,
VEV_4000,4000,0,394300,1272.0,2.0,5261.5,,,
VEV_4000,4000,0,407400,1281.0,1.0,5270.0,,,
VEV_4000,4000,0,411400,1281.0,1.0,5270.5,,,
VEV_4000,4000,0,417500,1274.0,2.0,5263.0,,,
VEV_4000,4000,0,431800,1260.0,1.0,5249.5,,,
VEV_4000,4000,0,446500,1240.0,1.0,5250.0,0.6818794728033805,1250.4999999999995,-10.499999999999545
VEV_4000,4000,0,447500,1261.0,3.0,5250.5,,,
VEV_4000,4000,0,447800,1240.0,3.0,5250.5,,,
VEV_4000,4000,0,448100,1240.0,2.0,5250.0,0.6818794728033805,1250.4999999999995,-10.499999999999545
VEV_4000,4000,0,450400,1235.0,3.0,5245.5,,,
VEV_4000,4000,0,454500,1232.0,2.0,5242.5,,,
VEV_4000,4000,0,456500,1251.0,3.0,5240.5,,,
VEV_4000,4000,0,459200,1229.0,3.0,5238.0,0.7655125859482891,1239.5,-10.5
VEV_4000,4000,0,498300,1234.0,3.0,5244.5,,,
VEV_4000,4000,0,503200,1228.0,3.0,5238.5,,,
VEV_4000,4000,0,504400,1228.0,3.0,5238.5,,,
VEV_4000,4000,0,504900,1227.0,3.0,5237.5,,,
VEV_4000,4000,0,505100,1251.0,3.0,5240.5,,,
VEV_4000,4000,0,506200,1233.0,1.0,5243.5,,,
VEV_4000,4000,0,517700,1223.0,2.0,5233.5,,,
VEV_4000,4000,0,518000,1226.0,2.0,5236.5,,,
VEV_4000,4000,0,523700,1241.0,1.0,5251.5,,,
VEV_4000,4000,0,525200,1244.0,3.0,5254.5,,,
VEV_4000,4000,0,526300,1267.0,2.0,5256.5,,,
VEV_4000,4000,0,526600,1245.0,2.0,5256.0,,,
VEV_4000,4000,0,528700,1249.0,2.0,5260.0,,,
VEV_4000,4000,0,532500,1267.0,2.0,5256.5,,,
VEV_4000,4000,0,538100,1256.0,2.0,5245.5,,,
VEV_4000,4000,0,546400,1251.0,3.0,5240.5,,,
VEV_4000,4000,0,548800,1253.0,2.0,5241.0,0.7669114152304914,1242.4999999999995,10.500000000000455
VEV_4000,4000,0,563300,1247.0,3.0,5236.5,,,
VEV_4000,4000,0,577000,1251.0,3.0,5240.5,,,
VEV_4000,4000,0,577100,1251.0,1.0,5240.5,,,
VEV_4000,4000,0,585200,1254.0,2.0,5244.5,,,
VEV_4000,4000,0,590500,1250.0,2.0,5240.0,,,
VEV_4000,4000,0,594300,1257.0,3.0,5246.5,,,
VEV_4000,4000,0,603100,1252.0,3.0,5242.0,,,
VEV_4000,4000,0,611300,1250.0,1.0,5239.5,,,
VEV_4000,4000,0,622100,1213.0,2.0,5224.5,,,
VEV_4000,4000,0,623900,1229.0,2.0,5219.5,,,
VEV_4000,4000,0,644300,1217.0,2.0,5227.5,,,
VEV_4000,4000,0,645000,1240.0,1.0,5230.0,,,
VEV_4000,4000,0,645800,1218.0,1.0,5227.5,0.6723485744584282,1227.9999999999995,-9.999999999999545
VEV_4000,4000,0,657100,1225.0,1.0,5235.5,,,
VEV_4000,4000,0,658800,1248.0,2.0,5237.5,,,
VEV_4000,4000,0,662500,1256.0,1.0,5246.0,,,
VEV_4000,4000,0,663200,1231.0,1.0,5241.5,,,
VEV_4000,4000,0,664000,1251.0,2.0,5241.0,,,
VEV_4000,4000,0,664100,1253.0,2.0,5242.5,,,
VEV_4000,4000,0,665500,1253.0,2.0,5242.5,,,
VEV_4000,4000,0,681600,1249.0,3.0,5238.5,,,
VEV_4000,4000,0,685800,1254.0,1.0,5244.5,,,
VEV_4000,4000,0,689200,1232.0,3.0,5243.0,,,
VEV_4000,4000,0,692200,1237.0,2.0,5246.0,0.7692401974924472,1247.5000000000005,-10.500000000000455
VEV_4000,4000,0,713700,1256.0,1.0,5245.5,,,
VEV_4000,4000,0,713800,1257.0,2.0,5247.5,,,
VEV_4000,4000,0,735900,1260.0,2.0,5270.5,,,
VEV_4000,4000,0,739100,1281.0,3.0,5270.0,,,
VEV_4000,4000,0,748000,1286.0,1.0,5275.0,,,
VEV_4000,4000,0,761600,1245.0,3.0,5256.0,,,
VEV_4000,4000,0,762000,1267.0,2.0,5256.5,,,
VEV_4000,4000,0,762500,1266.0,2.0,5255.5,,,
VEV_4000,4000,0,765200,1271.0,3.0,5260.5,,,
VEV_4000,4000,0,780900,1258.0,2.0,5248.0,,,
VEV_4000,4000,0,787300,1237.0,3.0,5247.5,,,
VEV_4000,4000,0,802300,1261.0,2.0,5250.5,,,
VEV_4000,4000,0,808600,1252.0,1.0,5242.5,,,
VEV_4000,4000,0,819800,1266.0,2.0,5255.0,,,
VEV_4000,4000,0,829700,1272.0,2.0,5261.5,,,
VEV_4000,4000,0,830800,1269.0,3.0,5258.5,,,
VEV_4000,4000,0,831800,1266.0,2.0,5255.5,,,
VEV_4000,4000,0,841600,1246.0,3.0,5257.0,,,
VEV_4000,4000,0,847900,1248.0,3.0,5260.0,,,
VEV_4000,4000,0,852600,1243.0,1.0,5253.5,,,
VEV_4000,4000,0,853800,1265.0,1.0,5254.5,,,
VEV_4000,4000,0,862100,1261.0,3.0,5250.5,,,
VEV_4000,4000,0,864800,1258.0,3.0,5247.5,,,
VEV_4000,4000,0,869500,1259.0,1.0,5269.5,,,
VEV_4000,4000,0,870200,1279.0,3.0,5268.5,,,
VEV_4000,4000,0,875600,1268.0,1.0,5257.5,,,
VEV_4000,4000,0,885400,1263.0,1.0,5252.5,,,
VEV_4000,4000,0,886700,1242.0,2.0,5251.0,0.7715657394787876,1252.4999999999995,-10.499999999999545
VEV_4000,4000,0,890900,1264.0,3.0,5253.5,,,
VEV_4000,4000,0,891000,1265.0,1.0,5254.5,,,
VEV_4000,4000,0,891500,1248.0,3.0,5259.5,,,
VEV_4000,4000,0,899800,1248.0,3.0,5258.5,,,
VEV_4000,4000,0,914600,1249.0,2.0,5259.5,,,
VEV_4000,4000,0,916900,1246.0,1.0,5256.5,,,
VEV_4000,4000,0,923400,1258.0,3.0,5268.5,,,
VEV_4000,4000,0,925800,1284.0,3.0,5273.0,,,
VEV_4000,4000,0,930100,1281.0,2.0,5270.5,,,
VEV_4000,4000,0,932300,1256.0,2.0,5266.5,,,
VEV_4000,4000,0,934000,1251.0,2.0,5261.5,,,
VEV_4000,4000,0,937800,1248.0,1.0,5258.5,,,
VEV_4000,4000,0,940000,1264.0,1.0,5253.5,0.9124284704123161,1258.499999999999,5.5000000000009095
VEV_4000,4000,0,941400,1261.0,2.0,5250.0,0.6818794728033805,1250.4999999999995,10.500000000000455
VEV_4000,4000,0,945000,1236.0,2.0,5246.5,,,
VEV_4000,4000,0,946400,1255.0,2.0,5245.0,,,
VEV_4000,4000,0,952800,1230.0,1.0,5240.5,,,
VEV_4000,4000,0,983900,1253.0,3.0,5243.0,,,
VEV_4000,4000,0,989700,1234.0,2.0,5244.5,,,
VEV_4000,4000,0,990100,1254.0,2.0,5243.5,,,
VEV_4000,4000,0,997200,1255.0,3.0,5244.0,0.6793434937404349,1244.4999999999968,10.500000000003183
VEV_4000,4000,0,997900,1255.0,2.0,5244.5,,,
VEV_4000,4000,0,999000,1253.0,1.0,5242.5,,,
VEV_4000,4000,1,5300,1264.0,2.0,5253.5,,,
VEV_4000,4000,1,16700,1221.0,2.0,5231.5,,,
VEV_4000,4000,1,17300,1221.0,1.0,5231.5,,,
VEV_4000,4000,1,17900,1243.0,1.0,5233.0,,,
VEV_4000,4000,1,25700,1241.0,3.0,5231.5,,,
VEV_4000,4000,1,36200,1244.0,3.0,5233.5,,,
VEV_4000,4000,1,50200,1236.0,2.0,5246.5,,,
VEV_4000,4000,1,50300,1257.0,3.0,5246.0,0.727152916489283,1246.5000000000005,10.499999999999545
VEV_4000,4000,1,53800,1255.0,2.0,5242.5,0.8509708166209669,1244.500000000001,10.49999999999909
VEV_4000,4000,1,54400,1234.0,3.0,5244.5,,,
VEV_4000,4000,1,57600,1257.0,3.0,5246.5,,,
VEV_4000,4000,1,62600,1254.0,1.0,5243.5,,,
VEV_4000,4000,1,63100,1252.0,3.0,5242.0,,,
VEV_4000,4000,1,68000,1258.0,2.0,5247.5,,,
VEV_4000,4000,1,70500,1232.0,1.0,5242.0,,,
VEV_4000,4000,1,78300,1229.0,3.0,5239.5,,,
VEV_4000,4000,1,84300,1243.0,1.0,5232.5,,,
VEV_4000,4000,1,89300,1232.0,3.0,5242.5,,,
VEV_4000,4000,1,102500,1235.0,1.0,5245.5,,,
VEV_4000,4000,1,102800,1236.0,1.0,5247.0,,,
VEV_4000,4000,1,129100,1275.0,3.0,5264.0,,,
VEV_4000,4000,1,133100,1253.0,3.0,5263.5,,,
VEV_4000,4000,1,137000,1252.0,3.0,5262.5,,,
VEV_4000,4000,1,137300,1251.0,3.0,5261.5,,,
VEV_4000,4000,1,137600,1269.0,3.0,5259.0,,,
VEV_4000,4000,1,147900,1256.0,1.0,5268.5,,,
VEV_4000,4000,1,154100,1242.0,3.0,5252.5,,,
VEV_4000,4000,1,156200,1237.0,1.0,5247.5,,,
VEV_4000,4000,1,167600,1242.0,2.0,5252.0,0.7298625494357875,1252.5,-10.5
VEV_4000,4000,1,168500,1261.0,2.0,5250.0,0.9881482274880166,1255.5000000000005,5.499999999999545
VEV_4000,4000,1,168700,1260.0,1.0,5249.5,,,
VEV_4000,4000,1,170900,1260.0,3.0,5249.5,,,
VEV_4000,4000,1,172400,1238.0,1.0,5248.5,,,
VEV_4000,4000,1,184200,1251.0,3.0,5240.5,,,
VEV_4000,4000,1,194200,1247.0,2.0,5236.5,,,
VEV_4000,4000,1,196700,1225.0,1.0,5235.5,,,
VEV_4000,4000,1,202300,1252.0,3.0,5240.0,0.8193644577756989,1241.499999999999,10.50000000000091
VEV_4000,4000,1,206600,1255.0,1.0,5244.0,0.7262487432892305,1244.4999999999995,10.500000000000455
VEV_4000,4000,1,216000,1263.0,1.0,5252.0,0.7298625494357875,1252.5,10.5
VEV_4000,4000,1,217800,1263.0,1.0,5252.0,0.7298625494357875,1252.5,10.5
VEV_4000,4000,1,222900,1236.0,3.0,5246.5,,,
VEV_4000,4000,1,223300,1257.0,2.0,5246.5,,,
VEV_4000,4000,1,224100,1258.0,2.0,5247.5,,,
VEV_4000,4000,1,229100,1258.0,1.0,5247.0,0.7276048224799305,1247.4999999999995,10.500000000000455
VEV_4000,4000,1,250600,1252.0,2.0,5262.5,,,
VEV_4000,4000,1,251600,1275.0,3.0,5264.5,,,
VEV_4000,4000,1,263100,1268.0,3.0,5257.5,,,
VEV_4000,4000,1,265900,1240.0,1.0,5250.5,,,
VEV_4000,4000,1,268300,1257.0,2.0,5246.5,,,
VEV_4000,4000,1,271600,1248.0,1.0,5259.0,,,
VEV_4000,4000,1,281500,1267.0,1.0,5256.5,,,
VEV_4000,4000,1,286600,1277.0,2.0,5266.5,,,
VEV_4000,4000,1,288800,1278.0,1.0,5267.5,,,
VEV_4000,4000,1,297500,1262.0,1.0,5272.5,0.7390879897398389,1273.0000000000005,-11.000000000000455
VEV_4000,4000,1,307100,1279.0,1.0,5268.5,,,
VEV_4000,4000,1,323300,1262.0,3.0,5251.5,,,
VEV_4000,4000,1,325300,1237.0,2.0,5247.5,,,
VEV_4000,4000,1,326300,1261.0,1.0,5250.5,,,
VEV_4000,4000,1,328000,1243.0,1.0,5253.0,0.7303137347673561,1253.499999999999,-10.49999999999909
VEV_4000,4000,1,328400,1240.0,1.0,5250.5,,,
VEV_4000,4000,1,331400,1232.0,1.0,5242.5,,,
VEV_4000,4000,1,334900,1237.0,1.0,5246.0,0.822352362043148,1247.5,-10.5
VEV_4000,4000,1,340100,1260.0,2.0,5250.0,,,
VEV_4000,4000,1,350900,1256.0,3.0,5245.5,,,
VEV_4000,4000,1,356800,1234.0,2.0,5245.5,,,
VEV_4000,4000,1,358300,1237.0,3.0,5247.5,,,
VEV_4000,4000,1,365000,1242.0,2.0,5252.5,,,
VEV_4000,4000,1,374800,1242.0,3.0,5252.5,,,
VEV_4000,4000,1,376300,1236.0,2.0,5246.5,,,
VEV_4000,4000,1,384200,1239.0,1.0,5249.5,,,
VEV_4000,4000,1,384500,1238.0,3.0,5248.5,,,
VEV_4000,4000,1,386800,1257.0,2.0,5246.5,,,
VEV_4000,4000,1,390800,1233.0,3.0,5243.5,,,
VEV_4000,4000,1,399900,1231.0,1.0,5241.5,,,
VEV_4000,4000,1,419700,1241.0,1.0,5230.5,,,
VEV_4000,4000,1,425400,1246.0,1.0,5236.0,,,
VEV_4000,4000,1,437100,1233.0,1.0,5233.5,,,
VEV_4000,4000,1,444000,1230.0,3.0,5240.5,,,
VEV_4000,4000,1,448700,1238.0,3.0,5248.5,,,
VEV_4000,4000,1,455400,1257.0,1.0,5246.5,,,
VEV_4000,4000,1,459900,1239.0,2.0,5249.5,,,
VEV_4000,4000,1,464200,1241.0,1.0,5251.5,,,
VEV_4000,4000,1,475500,1244.0,1.0,5254.5,,,
VEV_4000,4000,1,480700,1259.0,2.0,5249.0,,,
VEV_4000,4000,1,480900,1239.0,2.0,5249.5,,,
VEV_4000,4000,1,481300,1257.0,3.0,5246.5,,,
VEV_4000,4000,1,483200,1252.0,3.0,5241.5,,,
VEV_4000,4000,1,491100,1233.0,3.0,5243.5,,,
VEV_4000,4000,1,494700,1228.0,2.0,5238.5,,,
VEV_4000,4000,1,496300,1230.0,2.0,5240.5,,,
VEV_4000,4000,1,503500,1240.0,3.0,5250.5,,,
VEV_4000,4000,1,509100,1250.0,3.0,5259.0,0.8288090694640436,1260.4999999999982,-10.499999999998181
VEV_4000,4000,1,517900,1249.0,1.0,5259.5,,,
VEV_4000,4000,1,518800,1271.0,1.0,5260.5,,,
VEV_4000,4000,1,519100,1246.0,2.0,5257.0,,,
VEV_4000,4000,1,521100,1248.0,2.0,5259.0,,,
VEV_4000,4000,1,525500,1247.0,1.0,5256.0,0.8273211276892848,1257.499999999999,-10.49999999999909
VEV_4000,4000,1,544500,1246.0,2.0,5236.0,,,
VEV_4000,4000,1,550300,1242.0,1.0,5232.0,,,
VEV_4000,4000,1,550900,1221.0,2.0,5231.5,,,
VEV_4000,4000,1,552600,1244.0,3.0,5233.5,,,
VEV_4000,4000,1,556900,1219.0,3.0,5229.0,,,
VEV_4000,4000,1,567700,1246.0,1.0,5235.5,,,
VEV_4000,4000,1,568800,1250.0,2.0,5240.5,,,
VEV_4000,4000,1,569900,1227.0,1.0,5237.5,,,
VEV_4000,4000,1,576700,1245.0,2.0,5234.5,,,
VEV_4000,4000,1,589100,1234.0,3.0,5245.0,,,
VEV_4000,4000,1,599600,1226.0,1.0,5236.5,,,
VEV_4000,4000,1,600100,1223.0,2.0,5233.0,,,
VEV_4000,4000,1,601200,1223.0,1.0,5233.5,,,
VEV_4000,4000,1,608100,1230.0,2.0,5219.5,,,
VEV_4000,4000,1,621700,1245.0,3.0,5234.5,,,
VEV_4000,4000,1,622800,1227.0,1.0,5237.5,,,
VEV_4000,4000,1,631500,1230.0,3.0,5219.5,0.7151333020676561,1219.9999999999986,10.000000000001364
VEV_4000,4000,1,645000,1218.0,3.0,5208.5,,,
VEV_4000,4000,1,647200,1196.0,3.0,5206.0,,,
VEV_4000,4000,1,671200,1209.0,3.0,5219.5,,,
VEV_4000,4000,1,675700,1218.0,1.0,5228.0,,,
VEV_4000,4000,1,680600,1212.0,3.0,5222.5,,,
VEV_4000,4000,1,682600,1214.0,1.0,5224.5,,,
VEV_4000,4000,1,688900,1226.0,2.0,5236.5,,,
VEV_4000,4000,1,696000,1227.0,3.0,5239.0,,,
VEV_4000,4000,1,719600,1254.0,2.0,5264.5,,,
VEV_4000,4000,1,721900,1253.0,3.0,5264.0,,,
VEV_4000,4000,1,738100,1282.0,2.0,5271.5,,,
VEV_4000,4000,1,743600,1259.0,3.0,5269.5,,,
VEV_4000,4000,1,743800,1279.0,3.0,5268.5,,,
VEV_4000,4000,1,747400,1264.0,3.0,5274.5,,,
VEV_4000,4000,1,747700,1261.0,3.0,5271.5,,,
VEV_4000,4000,1,753400,1253.0,3.0,5264.0,,,
VEV_4000,4000,1,756300,1276.0,2.0,5265.5,,,
VEV_4000,4000,1,762700,1261.0,2.0,5272.0,,,
VEV_4000,4000,1,764300,1258.0,2.0,5269.5,,,
VEV_4000,4000,1,772000,1273.0,3.0,5262.5,,,
VEV_4000,4000,1,775300,1250.0,1.0,5260.5,,,
VEV_4000,4000,1,783300,1249.0,3.0,5259.5,,,
VEV_4000,4000,1,786900,1250.0,1.0,5260.5,,,
VEV_4000,4000,1,789200,1250.0,3.0,5261.0,,,
VEV_4000,4000,1,801000,1259.0,2.0,5248.5,,,
VEV_4000,4000,1,804900,1230.0,1.0,5240.0,,,
VEV_4000,4000,1,821300,1233.0,2.0,5243.5,,,
VEV_4000,4000,1,848200,1272.0,2.0,5261.5,,,
VEV_4000,4000,1,849200,1256.0,2.0,5266.5,,,
VEV_4000,4000,1,855500,1264.0,3.0,5274.5,,,
VEV_4000,4000,1,867800,1261.0,2.0,5250.5,,,
VEV_4000,4000,1,870100,1236.0,3.0,5246.5,,,
VEV_4000,4000,1,870200,1257.0,3.0,5246.5,,,
VEV_4000,4000,1,881400,1229.0,1.0,5241.0,,,
VEV_4000,4000,1,886300,1246.0,3.0,5256.5,,,
VEV_4000,4000,1,888300,1261.0,2.0,5251.0,,,
VEV_4000,4000,1,900800,1261.0,3.0,5250.5,,,
VEV_4000,4000,1,901600,1264.0,1.0,5253.5,,,
VEV_4000,4000,1,903400,1271.0,1.0,5261.5,,,
VEV_4000,4000,1,915200,1253.0,2.0,5264.0,,,
VEV_4000,4000,1,925400,1264.0,3.0,5274.5,,,
VEV_4000,4000,1,929100,1289.0,2.0,5278.5,,,
VEV_4000,4000,1,937700,1249.0,3.0,5260.0,,,
VEV_4000,4000,1,953400,1270.0,2.0,5259.5,,,
VEV_4000,4000,1,962900,1279.0,1.0,5268.0,,,
VEV_4000,4000,1,968200,1261.0,1.0,5271.5,,,
VEV_4000,4000,1,977200,1267.0,1.0,5256.5,,,
VEV_4000,4000,1,979700,1270.0,2.0,5259.5,,,
VEV_4000,4000,1,997300,1261.0,2.0,5271.5,,,
VEV_4000,4000,1,998500,1280.0,3.0,5269.5,,,
VEV_4000,4000,2,1300,1251.0,3.0,5262.0,,,
VEV_4000,4000,2,9000,1278.0,1.0,5267.5,,,
VEV_4000,4000,2,34100,1282.0,1.0,5271.5,,,
VEV_4000,4000,2,39500,1254.0,2.0,5264.5,,,
VEV_4000,4000,2,50200,1249.0,3.0,5259.5,,,
VEV_4000,4000,2,63800,1262.0,3.0,5251.5,,,
VEV_4000,4000,2,80800,1274.0,1.0,5263.5,,,
VEV_4000,4000,2,98600,1255.0,1.0,5265.5,,,
VEV_4000,4000,2,103300,1254.0,1.0,5264.5,,,
VEV_4000,4000,2,103700,1254.0,3.0,5265.0,,,
VEV_4000,4000,2,109100,1254.0,1.0,5265.0,,,
VEV_4000,4000,2,111900,1252.0,2.0,5262.5,,,
VEV_4000,4000,2,114700,1269.0,2.0,5258.5,,,
VEV_4000,4000,2,116800,1268.0,2.0,5257.5,,,
VEV_4000,4000,2,140900,1246.0,1.0,5256.5,,,
VEV_4000,4000,2,144400,1253.0,1.0,5263.5,,,
VEV_4000,4000,2,145800,1257.0,1.0,5268.0,,,
VEV_4000,4000,2,150400,1278.0,1.0,5267.5,,,
VEV_4000,4000,2,153100,1284.0,3.0,5273.0,,,
VEV_4000,4000,2,155900,1285.0,2.0,5274.0,,,
VEV_4000,4000,2,166700,1283.0,3.0,5272.5,,,
VEV_4000,4000,2,169200,1261.0,3.0,5271.5,,,
VEV_4000,4000,2,190900,1270.0,1.0,5259.5,,,
VEV_4000,4000,2,192700,1253.0,2.0,5264.0,,,
VEV_4000,4000,2,195200,1270.0,2.0,5259.5,,,
VEV_4000,4000,2,196800,1253.0,2.0,5263.5,,,
VEV_4000,4000,2,200400,1252.0,1.0,5262.5,,,
VEV_4000,4000,2,201500,1248.0,1.0,5258.5,,,
VEV_4000,4000,2,202300,1249.0,1.0,5260.5,,,
VEV_4000,4000,2,212100,1257.0,2.0,5268.0,,,
VEV_4000,4000,2,231900,1275.0,2.0,5264.5,,,
VEV_4000,4000,2,249400,1286.0,3.0,5276.5,,,
VEV_4000,4000,2,249800,1267.0,2.0,5278.5,,,
VEV_4000,4000,2,266800,1275.0,1.0,5285.5,,,
VEV_4000,4000,2,269700,1288.0,1.0,5277.5,,,
VEV_4000,4000,2,270500,1291.0,1.0,5280.5,,,
VEV_4000,4000,2,272900,1290.0,3.0,5279.5,,,
VEV_4000,4000,2,277900,1259.0,3.0,5269.5,,,
VEV_4000,4000,2,281100,1278.0,1.0,5267.5,,,
VEV_4000,4000,2,286900,1266.0,3.0,5276.5,,,
VEV_4000,4000,2,293600,1260.0,2.0,5271.0,,,
VEV_4000,4000,2,301700,1256.0,2.0,5265.0,0.8984264301035492,1266.499999999999,-10.49999999999909
VEV_4000,4000,2,303100,1256.0,1.0,5266.5,,,
VEV_4000,4000,2,307600,1281.0,2.0,5270.0,,,
VEV_4000,4000,2,318100,1284.0,1.0,5273.5,,,
VEV_4000,4000,2,322300,1282.0,2.0,5272.5,,,
VEV_4000,4000,2,328700,1255.0,3.0,5265.5,,,
VEV_4000,4000,2,340500,1257.0,3.0,5267.5,,,
VEV_4000,4000,2,363300,1272.0,1.0,5261.5,,,
VEV_4000,4000,2,368200,1270.0,2.0,5259.5,,,
VEV_4000,4000,2,370600,1261.0,3.0,5250.5,,,
VEV_4000,4000,2,370700,1241.0,2.0,5251.5,,,
VEV_4000,4000,2,372300,1264.0,2.0,5253.0,0.7888289905855619,1253.5,10.5
VEV_4000,4000,2,389600,1249.0,3.0,5239.5,,,
VEV_4000,4000,2,390200,1229.0,1.0,5239.5,,,
VEV_4000,4000,2,397300,1226.0,2.0,5237.5,,,
VEV_4000,4000,2,406300,1220.0,2.0,5230.5,,,
VEV_4000,4000,2,419300,1221.0,1.0,5231.5,,,
VEV_4000,4000,2,424400,1244.0,2.0,5232.0,0.8807032715424417,1233.5000000000005,10.499999999999545
VEV_4000,4000,2,428400,1248.0,1.0,5237.5,,,
VEV_4000,4000,2,438300,1230.0,3.0,5239.0,0.8844763551151131,1240.499999999999,-10.49999999999909
VEV_4000,4000,2,438900,1249.0,3.0,5238.5,,,
VEV_4000,4000,2,449500,1238.0,2.0,5248.5,,,
VEV_4000,4000,2,454700,1247.0,1.0,5236.5,,,
VEV_4000,4000,2,488600,1247.0,2.0,5236.5,,,
VEV_4000,4000,2,490600,1251.0,2.0,5239.0,0.8844763551151131,1240.499999999999,10.50000000000091
VEV_4000,4000,2,499900,1256.0,3.0,5245.5,,,
VEV_4000,4000,2,521000,1257.0,1.0,5246.5,,,
VEV_4000,4000,2,536500,1252.0,2.0,5242.0,,,
VEV_4000,4000,2,543900,1231.0,1.0,5241.5,,,
VEV_4000,4000,2,563200,1229.0,3.0,5239.0,,,
VEV_4000,4000,2,563700,1246.0,1.0,5236.0,,,
VEV_4000,4000,2,571300,1219.0,3.0,5229.0,,,
VEV_4000,4000,2,573500,1224.0,2.0,5234.5,,,
VEV_4000,4000,2,587500,1202.0,1.0,5212.5,,,
VEV_4000,4000,2,590700,1225.0,1.0,5214.5,,,
VEV_4000,4000,2,600300,1254.0,2.0,5243.5,,,
VEV_4000,4000,2,605100,1233.0,3.0,5243.5,,,
VEV_4000,4000,2,607400,1259.0,2.0,5248.5,,,
VEV_4000,4000,2,610900,1239.0,3.0,5249.5,,,
VEV_4000,4000,2,624000,1226.0,2.0,5235.5,0.7802818505838305,1236.0,-10.0
VEV_4000,4000,2,624200,1226.0,2.0,5236.5,,,
VEV_4000,4000,2,625900,1253.0,2.0,5243.0,,,
VEV_4000,4000,2,627100,1254.0,3.0,5243.5,,,
VEV_4000,4000,2,635100,1235.0,3.0,5245.5,,,
VEV_4000,4000,2,637900,1256.0,3.0,5245.5,,,
VEV_4000,4000,2,643300,1252.0,1.0,5241.5,,,
VEV_4000,4000,2,648700,1235.0,3.0,5245.0,,,
VEV_4000,4000,2,658100,1263.0,3.0,5252.0,0.7883416547286494,1252.4999999999995,10.500000000000455
VEV_4000,4000,2,669900,1275.0,3.0,5264.5,,,
VEV_4000,4000,2,676600,1279.0,2.0,5268.5,,,
VEV_4000,4000,2,690500,1263.0,1.0,5273.5,,,
VEV_4000,4000,2,692000,1282.0,1.0,5271.5,,,
VEV_4000,4000,2,699800,1260.0,3.0,5270.5,,,
VEV_4000,4000,2,711200,1248.0,3.0,5258.5,,,
VEV_4000,4000,2,727900,1222.0,2.0,5232.5,,,
VEV_4000,4000,2,736100,1239.0,1.0,5229.0,,,
VEV_4000,4000,2,739600,1227.0,3.0,5217.5,,,
VEV_4000,4000,2,746900,1221.0,1.0,5210.5,0.7680019892771679,1210.9999999999995,10.000000000000455
VEV_4000,4000,2,752300,1230.0,2.0,5219.5,,,
VEV_4000,4000,2,757200,1230.0,2.0,5219.5,,,
VEV_4000,4000,2,762200,1236.0,2.0,5224.0,0.8763821079659722,1225.499999999999,10.50000000000091
VEV_4000,4000,2,774200,1243.0,2.0,5232.5,1.0408125187749373,1237.5,5.5
VEV_4000,4000,2,796800,1228.0,1.0,5238.5,,,
VEV_4000,4000,2,800000,1260.0,1.0,5249.5,,,
VEV_4000,4000,2,805600,1246.0,2.0,5256.5,,,
VEV_4000,4000,2,808200,1253.0,2.0,5263.5,,,
VEV_4000,4000,2,809100,1248.0,3.0,5258.0,0.7912637298921514,1258.5,-10.5
VEV_4000,4000,2,816800,1253.0,3.0,5242.5,,,
VEV_4000,4000,2,819600,1241.0,3.0,5250.0,0.8903906125687455,1251.499999999999,-10.49999999999909
VEV_4000,4000,2,823600,1241.0,3.0,5251.5,,,
VEV_4000,4000,2,825500,1266.0,3.0,5255.5,,,
VEV_4000,4000,2,827300,1264.0,2.0,5253.5,,,
VEV_4000,4000,2,833300,1265.0,2.0,5254.5,,,
VEV_4000,4000,2,850200,1247.0,1.0,5257.5,,,
VEV_4000,4000,2,875900,1259.0,1.0,5248.5,,,
VEV_4000,4000,2,879100,1237.0,2.0,5247.5,,,
VEV_4000,4000,2,880000,1242.0,3.0,5252.5,,,
VEV_4000,4000,2,884100,1246.0,2.0,5256.5,,,
VEV_4000,4000,2,894800,1282.0,2.0,5271.5,,,
VEV_4000,4000,2,914100,1292.0,2.0,5281.5,,,
VEV_4000,4000,2,925100,1292.0,2.0,5281.0,,,
VEV_4000,4000,2,961700,1257.0,3.0,5267.5,,,
VEV_4000,4000,2,965600,1256.0,3.0,5267.0,,,
VEV_4000,4000,2,975900,1262.0,1.0,5272.5,,,
VEV_4000,4000,2,978200,1259.0,2.0,5269.5,,,
VEV_4000,4000,2,982500,1263.0,2.0,5274.0,,,
VEV_4000,4000,2,998800,1307.0,3.0,5294.5,0.9141335327776233,1296.000000000001,10.99999999999909
VEV_4500,4500,1,437100,733.0,1.0,5233.5,,,
VEV_5000,5000,1,437100,238.0,1.0,5233.5,0.2073611859122865,237.0,1.0
VEV_5100,5100,1,437100,152.0,1.0,5233.5,0.22066878819842065,151.00000000000136,0.9999999999986358
VEV_5200,5200,0,220100,84.0,5.0,5225.5,0.23233869635815715,84.99999999999955,-0.9999999999995453
VEV_5200,5200,0,655800,88.0,5.0,5232.0,0.23330239878253067,89.00000000000182,-1.000000000001819
VEV_5200,5200,0,947800,95.0,5.0,5246.0,0.2289704725540407,96.0,-1.0
VEV_5200,5200,1,322600,98.0,4.0,5253.5,0.2388710496945122,98.99999999999909,-0.9999999999990905
VEV_5200,5200,1,437100,87.0,1.0,5233.5,0.23750799548912424,86.5000000000091,0.49999999999090505
VEV_5200,5200,1,564300,84.0,2.0,5232.0,0.235294002761153,85.00000000000455,-1.0000000000045475
VEV_5200,5200,1,624400,88.0,2.0,5238.5,0.23591648918579056,88.9999999998804,-0.9999999998804014
VEV_5200,5200,1,636100,79.0,4.0,5223.5,0.23478829410184293,79.99999999999909,-0.9999999999990905
VEV_5200,5200,1,642100,74.0,4.0,5214.5,0.23464797903883133,75.00000000000045,-1.0000000000004547
VEV_5200,5200,1,988100,94.0,5.0,5253.5,0.22429235253257293,94.99999999999864,-0.9999999999986358
VEV_5200,5200,2,414900,76.0,3.0,5226.5,0.23575754536323776,77.00000000000091,-1.0000000000009095
VEV_5200,5200,2,423800,79.0,5.0,5232.5,0.23391612428427513,80.00000000003092,-1.0000000000309228
VEV_5200,5200,2,433100,83.0,2.0,5239.0,0.2343988920024798,84.0,-1.0
VEV_5200,5200,2,443600,82.0,4.0,5237.5,0.23402572095547886,83.00000000000045,-1.0000000000004547
VEV_5200,5200,2,456200,82.0,2.0,5237.5,0.23402572095547886,83.00000000000045,-1.0000000000004547
VEV_5200,5200,2,519600,87.0,5.0,5247.5,0.22960706804909364,88.00000000000045,-1.0000000000004547
VEV_5200,5200,2,666500,91.0,2.0,5255.0,0.22653379456772998,91.99999999996771,-0.9999999999677129
VEV_5200,5200,2,876500,84.0,3.0,5244.5,0.22518994643249934,85.0,-1.0
VEV_5300,5300,0,69500,48.0,5.0,5241.5,0.23975167682569845,49.0,-1.0
VEV_5300,5300,0,87400,47.0,3.0,5240.5,0.23766531386312562,47.99999999999932,-0.9999999999993179
VEV_5300,5300,0,109700,41.0,4.0,5224.5,0.2370747326949794,42.0,-1.0
VEV_5300,5300,0,110600,41.0,3.0,5225.5,0.23585668805800286,42.000000000000455,-1.0000000000004547
VEV_5300,5300,0,125700,45.0,4.0,5236.5,0.2359836775408347,45.99999999999545,-0.9999999999954525
VEV_5300,5300,0,157400,47.0,2.0,5243.5,0.23378666992033847,48.00000000000023,-1.0000000000002274
VEV_5300,5300,0,181700,45.0,4.0,5237.0,0.23534941427414136,45.999999999996135,-0.9999999999961346
VEV_5300,5300,0,184900,45.0,2.0,5237.5,0.23471443705633027,45.99999999999659,-0.9999999999965894
VEV_5300,5300,0,186600,46.0,3.0,5239.5,0.23556237409406758,46.999999999998636,-0.9999999999986358
VEV_5300,5300,0,190100,45.0,4.0,5237.5,0.23471443705633027,45.99999999999659,-0.9999999999965894
VEV_5300,5300,0,193000,43.0,2.0,5230.5,0.23664914654765873,43.99999999988381,-0.999999999883812
VEV_5300,5300,0,198200,42.0,5.0,5228.0,0.23627726086805975,43.00000000000023,-1.0000000000002274
VEV_5300,5300,0,235100,46.0,3.0,5239.5,0.23556237409406758,46.999999999998636,-0.9999999999986358
VEV_5300,5300,0,263400,47.0,2.0,5241.5,0.236375468502552,47.999999999999545,-0.9999999999995453
VEV_5300,5300,0,332300,58.0,4.0,5270.0,0.23394799109587291,59.0,-1.0
VEV_5300,5300,0,447800,49.0,5.0,5250.5,0.2312985360011952,50.0,-1.0
VEV_5300,5300,0,453100,45.0,3.0,5238.5,0.2334423202107113,45.999999999997954,-0.9999999999979536
VEV_5300,5300,0,490300,45.0,2.0,5238.5,0.2334423202107113,45.999999999997954,-0.9999999999979536
VEV_5300,5300,0,505700,45.0,4.0,5239.5,0.2321672852913176,45.999999999997954,-0.9999999999979536
VEV_5300,5300,0,534700,51.0,5.0,5254.0,0.23325911898010387,52.0,-1.0
VEV_5300,5300,0,575000,46.0,5.0,5241.0,0.23363752987237318,46.99999999999932,-0.9999999999993179
VEV_5300,5300,0,591100,46.0,2.0,5241.5,0.23299441595055395,47.0,-1.0
VEV_5300,5300,0,603000,46.0,2.0,5242.5,0.231705906109554,46.99999999999977,-0.9999999999997726
VEV_5300,5300,0,626500,38.0,2.0,5221.5,0.23013000651414509,39.0,-1.0
VEV_5300,5300,0,631900,38.0,4.0,5220.5,0.23132246729640954,39.000000000000455,-1.0000000000004547
VEV_5300,5300,0,640300,42.0,5.0,5231.5,0.23195431312208692,42.9999999998613,-0.9999999998613021
VEV_5300,5300,0,655900,42.0,3.0,5231.5,0.23195431312208692,42.9999999998613,-0.9999999998613021
VEV_5300,5300,0,711600,47.0,2.0,5247.0,0.22922609509101904,47.99999999999977,-0.9999999999997726
VEV_5300,5300,0,810000,47.0,5.0,5246.5,0.22988001667698205,48.0,-1.0
VEV_5300,5300,0,835500,50.0,5.0,5254.0,0.22994469415529226,50.999999999999545,-0.9999999999995453
VEV_5300,5300,0,842900,50.0,5.0,5253.5,0.23061661627731414,51.0,-1.0
VEV_5300,5300,0,859100,49.0,2.0,5252.0,0.22930178377208943,50.0,-1.0
VEV_5300,5300,0,859300,50.0,2.0,5254.5,0.22927187330955243,51.000000000000455,-1.0000000000004547
VEV_5300,5300,0,912400,52.0,4.0,5260.0,0.22839165088122027,53.00000000013688,-1.000000000136879
VEV_5300,5300,0,946600,45.0,4.0,5242.5,0.2283242400470051,45.99999999999932,-0.9999999999993179
VEV_5300,5300,0,950000,44.0,4.0,5239.0,0.22940224397718845,44.99999999999659,-0.9999999999965894
VEV_5300,5300,0,994300,46.0,3.0,5244.5,0.22911959870229612,47.00000000000023,-1.0000000000002274
VEV_5300,5300,1,14800,42.0,4.0,5234.5,0.2439805901022182,42.999999999944976,-0.9999999999449756
VEV_5300,5300,1,16700,41.0,2.0,5231.5,0.24427187995881777,42.00000000003888,-1.000000000038881
VEV_5300,5300,1,40400,41.0,4.0,5233.5,0.24162621014386737,41.99999999987608,-0.9999999998760813
VEV_5300,5300,1,74100,42.0,3.0,5235.5,0.2426450214691113,42.99999999996044,-0.999999999960437
VEV_5300,5300,1,85300,42.0,2.0,5235.0,0.24331318080452696,42.999999999952934,-0.9999999999529336
VEV_5300,5300,1,89800,45.0,4.0,5243.5,0.24271286450009175,45.99999999999977,-0.9999999999997726
VEV_5300,5300,1,135900,52.0,3.0,5263.0,0.2397336073549447,53.000000000042746,-1.0000000000427463
VEV_5300,5300,1,150600,53.0,2.0,5265.5,0.23950888698997064,54.000000000010914,-1.000000000010914
VEV_5300,5300,1,170500,46.0,3.0,5248.5,0.2393682501593866,47.0,-1.0
VEV_5300,5300,1,172500,46.0,5.0,5249.5,0.23796663915095484,47.0,-1.0
VEV_5300,5300,1,190100,42.0,3.0,5238.5,0.23862000636957498,42.999999999989996,-0.9999999999899956
VEV_5300,5300,1,195600,41.0,3.0,5235.5,0.23896875524066535,41.99999999993497,-0.9999999999349711
VEV_5300,5300,1,252500,53.0,2.0,5264.5,0.24100358951573764,54.000000000016826,-1.0000000000168257
VEV_5300,5300,1,376600,46.0,5.0,5246.5,0.24216070013735433,47.00000000000023,-1.0000000000002274
VEV_5300,5300,1,377900,47.0,2.0,5248.5,0.24295050138719304,47.999999999999545,-0.9999999999995453
VEV_5300,5300,1,437100,41.0,1.0,5233.5,0.23608059899661804,40.500000000006594,0.49999999999340616
VEV_5300,5300,1,460400,47.0,3.0,5250.5,0.24013456991808815,48.000000000000455,-1.0000000000004547
VEV_5300,5300,1,489700,43.0,4.0,5239.5,0.24092022257366028,43.999999999995225,-0.9999999999952252
VEV_5300,5300,1,519500,50.0,4.0,5258.5,0.23931219996077854,51.000000000000455,-1.0000000000004547
VEV_5300,5300,1,553100,39.0,4.0,5229.5,0.2394630330887045,40.0,-1.0
VEV_5300,5300,1,564300,40.0,2.0,5232.0,0.23990831100562138,41.0,-1.0
VEV_5300,5300,1,568900,43.0,4.0,5240.5,0.23956393373368298,43.99999999999636,-0.999999999996362
VEV_5300,5300,1,588200,45.0,4.0,5245.5,0.239950705501453,45.99999999999977,-0.9999999999997726
VEV_5300,5300,1,604600,39.0,5.0,5229.0,0.2401142344148718,39.99999999999977,-0.9999999999997726
VEV_5300,5300,1,617900,40.0,2.0,5234.0,0.23727072704298538,41.00000000009618,-1.000000000096179
VEV_5300,5300,1,618300,40.0,2.0,5233.0,0.23859098597824513,41.00000000003024,-1.0000000000302407
VEV_5300,5300,1,624400,42.0,2.0,5238.5,0.23862000636957498,42.999999999989996,-0.9999999999899956
VEV_5300,5300,1,636100,37.0,4.0,5223.5,0.2396808186966364,38.0,-1.0
VEV_5300,5300,1,642100,34.0,4.0,5214.5,0.23947032653374026,34.99999999999977,-0.9999999999997726
VEV_5300,5300,1,674000,37.0,3.0,5223.5,0.2396808186966364,38.0,-1.0
VEV_5300,5300,1,710500,49.0,5.0,5256.5,0.23867865517650558,49.999999999999545,-0.9999999999995453
VEV_5300,5300,1,720500,53.0,2.0,5266.5,0.2380096314918517,54.000000000007276,-1.000000000007276
VEV_5300,5300,1,725000,53.0,4.0,5266.5,0.2380096314918517,54.000000000007276,-1.000000000007276
VEV_5300,5300,1,800400,45.0,3.0,5249.5,0.23438438768012457,46.0,-1.0
VEV_5300,5300,1,807800,45.0,3.0,5249.0,0.23508332857991052,46.0,-1.0
VEV_5300,5300,1,812600,40.0,4.0,5235.0,0.23594749153897793,40.99999999987358,-0.9999999998735802
VEV_5300,5300,1,848900,51.0,5.0,5264.5,0.2340047217438912,52.00000000003001,-1.0000000000300133
VEV_5300,5300,1,948500,45.0,4.0,5249.5,0.23438438768012457,46.0,-1.0
VEV_5300,5300,1,988100,46.0,5.0,5253.5,0.23232292945547348,46.99999999999977,-0.9999999999997726
VEV_5300,5300,2,20900,53.0,5.0,5270.5,0.2505513006106369,54.000000000001364,-1.0000000000013642
VEV_5300,5300,2,75200,46.0,4.0,5255.5,0.24786440765041046,47.00000000000091,-1.0000000000009095
VEV_5300,5300,2,79300,47.0,5.0,5257.5,0.2486000185847215,48.000000000000455,-1.0000000000004547
VEV_5300,5300,2,105500,47.0,5.0,5258.5,0.2470433671197115,48.0,-1.0
VEV_5300,5300,2,129700,46.0,4.0,5255.0,0.2486342824083748,46.99999999999909,-0.9999999999990905
VEV_5300,5300,2,169000,52.0,3.0,5271.5,0.24515275287767518,53.000000000000455,-1.0000000000004547
VEV_5300,5300,2,189100,47.0,4.0,5259.0,0.24626333386565868,48.0,-1.0
VEV_5300,5300,2,204400,47.0,5.0,5260.5,0.24391628465357806,48.0,-1.0
VEV_5300,5300,2,225500,50.0,5.0,5267.5,0.24414674739166106,51.000000000010004,-1.0000000000100044
VEV_5300,5300,2,289300,52.0,2.0,5273.5,0.24185236523893847,53.000000000000455,-1.0000000000004547
VEV_5300,5300,2,320800,52.0,5.0,5274.5,0.24019360028060038,52.999999999999545,-0.9999999999995453
VEV_5300,5300,2,321600,50.0,4.0,5270.5,0.2392757889234361,51.000000000002274,-1.0000000000022737
VEV_5300,5300,2,350700,47.0,4.0,5263.0,0.23998075042896405,47.99999999992997,-0.9999999999299689
VEV_5300,5300,2,358500,47.0,2.0,5263.0,0.23998075042896405,47.99999999992997,-0.9999999999299689
VEV_5300,5300,2,362600,47.0,5.0,5262.5,0.2407702855111725,47.999999999974534,-0.9999999999745341
VEV_5300,5300,2,365600,45.0,4.0,5258.5,0.2393966119257249,45.999999999999545,-0.9999999999995453
VEV_5300,5300,2,389000,38.0,2.0,5239.0,0.24115991971791245,38.9999999999045,-0.9999999999045031
VEV_5300,5300,2,390300,38.0,3.0,5239.5,0.24044342893531062,38.99999999991951,-0.9999999999195097
VEV_5300,5300,2,414900,34.0,3.0,5226.5,0.24247143620226277,35.00000000000023,-1.0000000000002274
VEV_5300,5300,2,423800,36.0,5.0,5232.5,0.24233392929677738,36.99999999999977,-0.9999999999997726
VEV_5300,5300,2,433100,38.0,2.0,5239.0,0.24115991971791245,38.9999999999045,-0.9999999999045031
VEV_5300,5300,2,461200,37.0,3.0,5235.5,0.24013690513705918,37.49999999999977,-0.4999999999997726
VEV_5300,5300,2,483400,40.0,5.0,5246.0,0.23890404566258938,40.99999999999818,-0.999999999998181
VEV_5300,5300,2,501900,38.0,3.0,5242.0,0.23684765748474215,38.999999999967486,-0.9999999999674856
VEV_5300,5300,2,519600,40.0,5.0,5247.5,0.2366947746455216,40.99999999999909,-0.9999999999990905
VEV_5300,5300,2,548600,36.0,2.0,5238.0,0.23459821661748145,36.999999999999545,-0.9999999999995453
VEV_5300,5300,2,554600,38.0,5.0,5242.5,0.23216323253418283,37.999999999952706,4.729372449219227e-11
VEV_5300,5300,2,587100,28.0,4.0,5212.5,0.23355805478529895,28.5000000000191,-0.5000000000190994
VEV_5300,5300,2,588500,28.0,4.0,5214.5,0.23315723942991728,29.000000000005457,-1.000000000005457
VEV_5300,5300,2,604100,38.0,2.0,5243.5,0.2346792855933197,38.9999999999809,-0.9999999999809006
VEV_5300,5300,2,666500,42.0,2.0,5255.0,0.23323821914226814,43.00000000000023,-1.0000000000002274
VEV_5300,5300,2,711900,43.0,3.0,5258.5,0.23173384226410465,44.000000000000455,-1.0000000000004547
VEV_5300,5300,2,748500,28.0,2.0,5214.5,0.23099796050569524,28.500000000009095,-0.500000000009095
VEV_5300,5300,2,764000,32.0,3.0,5227.5,0.23080306692197267,32.50000000000023,-0.5000000000002274
VEV_5300,5300,2,779200,37.0,4.0,5243.5,0.23072303193176688,37.999999999967486,-0.9999999999674856
VEV_5300,5300,2,808800,44.0,4.0,5260.0,0.23324506076214382,44.999999999999545,-0.9999999999995453
VEV_5300,5300,2,826400,42.0,4.0,5255.5,0.23247844887443828,43.0,-1.0
VEV_5300,5300,2,836300,43.0,4.0,5256.5,0.23480382383048057,44.00000000000023,-1.0000000000002274
VEV_5300,5300,2,872600,39.0,2.0,5248.5,0.23130675341482312,39.99999999999932,-0.9999999999993179
VEV_5300,5300,2,898600,52.0,2.0,5280.5,0.23011363476710686,53.0,-1.0
VEV_5300,5300,2,948500,49.0,5.0,5275.5,0.22730126196689832,50.000000000000455,-1.0000000000004547
VEV_5300,5300,2,972800,46.0,2.0,5269.5,0.22582716623095256,47.00000000001364,-1.0000000000136424
VEV_5300,5300,2,977300,46.0,4.0,5269.5,0.22582716623095256,47.00000000001364,-1.0000000000136424
VEV_5300,5300,2,977500,46.0,2.0,5269.5,0.22582716623095256,47.00000000001364,-1.0000000000136424
VEV_5300,5300,2,993800,50.0,5.0,5280.5,0.22266178831845998,51.000000000000455,-1.0000000000004547
VEV_5400,5400,0,2900,22.0,3.0,5246.5,0.24101618443009265,22.500000000004775,-0.5000000000047748
VEV_5400,5400,0,15200,21.0,5.0,5243.5,0.23938992498864467,21.49999999990132,-0.4999999999013198
VEV_5400,5400,0,31700,18.0,5.0,5230.5,0.2397751166764953,18.999999999968622,-0.9999999999686224
VEV_5400,5400,0,45100,19.0,2.0,5234.5,0.23851536541198606,19.49999999999818,-0.499999999998181
VEV_5400,5400,0,69500,20.0,5.0,5241.5,0.23899839047316943,21.0,-1.0
VEV_5400,5400,0,87400,20.0,3.0,5240.5,0.23992754554159906,20.999999999999773,-0.9999999999997726
VEV_5400,5400,0,109700,17.0,4.0,5224.5,0.23784838846509102,17.500000000000114,-0.5000000000001137
VEV_5400,5400,0,110600,17.0,3.0,5225.5,0.23696369525144173,17.50000000000034,-0.5000000000003411
VEV_5400,5400,0,169900,22.0,5.0,5254.5,0.2334113268034905,22.500000000000682,-0.5000000000006821
VEV_5400,5400,0,176000,19.0,3.0,5241.5,0.23212115245165088,19.50000000000034,-0.5000000000003411
VEV_5400,5400,0,177200,19.0,2.0,5243.5,0.23258634215580068,20.000000000000455,-1.0000000000004547
VEV_5400,5400,0,181700,18.0,4.0,5237.0,0.23152473384809213,18.499999999983174,-0.49999999998317435
VEV_5400,5400,0,184900,18.0,2.0,5237.5,0.23107289183106797,18.499999999986017,-0.4999999999860165
VEV_5400,5400,0,190100,18.0,4.0,5237.5,0.23107289183106797,18.499999999986017,-0.4999999999860165
VEV_5400,5400,0,193000,17.0,2.0,5230.5,0.2325290319570123,17.500000000000114,-0.5000000000001137
VEV_5400,5400,0,198200,16.0,5.0,5228.0,0.22978466659274263,16.5,-0.5
VEV_5400,5400,0,212900,15.0,2.0,5221.5,0.23034165545497082,15.500000000001705,-0.5000000000017053
VEV_5400,5400,0,220100,16.0,5.0,5225.5,0.23197525843585046,16.499999999999773,-0.4999999999997726
VEV_5400,5400,0,230000,17.0,5.0,5233.5,0.22985903689892706,17.499999999999773,-0.4999999999997726
VEV_5400,5400,0,231000,17.0,3.0,5234.5,0.23138449111279746,18.000000000025352,-1.0000000000253522
VEV_5400,5400,0,235100,18.0,3.0,5239.5,0.22926343115232262,18.499999999993292,-0.4999999999932925
VEV_5400,5400,0,263400,18.0,2.0,5241.5,0.22745057610485692,18.49999999999693,-0.49999999999693046
VEV_5400,5400,0,277200,20.0,3.0,5251.5,0.22742337140793073,20.50000000011073,-0.500000000110731
VEV_5400,5400,0,292800,19.0,3.0,5247.5,0.22660631507987455,19.5,-0.5
VEV_5400,5400,0,316700,22.0,5.0,5263.5,0.226906344381018,22.999999999999773,-0.9999999999997726
VEV_5400,5400,0,317600,22.0,2.0,5263.5,0.226906344381018,22.999999999999773,-0.9999999999997726
VEV_5400,5400,0,402100,21.0,3.0,5263.0,0.22311581663201452,22.000000000000227,-1.0000000000002274
VEV_5400,5400,0,420400,21.0,3.0,5263.5,0.22263593152005667,22.0,-1.0
VEV_5400,5400,0,447800,18.0,5.0,5250.5,0.21924899275094784,18.5,-0.5
VEV_5400,5400,0,449700,17.0,5.0,5245.5,0.2191058036657566,17.499999999978286,-0.4999999999782858
VEV_5400,5400,0,453100,16.0,3.0,5238.5,0.22053233531600702,16.5,-0.5
VEV_5400,5400,0,479200,15.0,2.0,5236.5,0.21982594337192723,16.00000000000034,-1.000000000000341
VEV_5400,5400,0,486200,17.0,4.0,5244.5,0.22000657783827393,17.49999999996828,-0.4999999999682814
VEV_5400,5400,0,490300,16.0,2.0,5238.5,0.22053233531600702,16.5,-0.5
VEV_5400,5400,0,505700,16.0,4.0,5239.5,0.2196466062400691,16.499999999999886,-0.4999999999998863
VEV_5400,5400,0,554500,16.0,4.0,5242.0,0.21742866795049096,16.499999999999886,-0.4999999999998863
VEV_5400,5400,0,568800,18.0,3.0,5252.0,0.2178748257860924,18.500000000000455,-0.5000000000004547
VEV_5400,5400,0,585000,16.0,4.0,5242.5,0.21698445275612252,16.5,-0.5
VEV_5400,5400,0,593300,16.0,2.0,5246.5,0.21582437266036447,16.99999999991826,-0.9999999999182592
VEV_5400,5400,0,613300,14.0,5.0,5232.5,0.21568737747910957,14.500000000002501,-0.5000000000025011
VEV_5400,5400,0,626500,12.0,2.0,5221.5,0.214214967276905,12.499999999988177,-0.49999999998817657
VEV_5400,5400,0,631900,12.0,4.0,5220.5,0.21504360082972956,12.49999999998306,-0.49999999998306066
VEV_5400,5400,0,693200,16.0,2.0,5248.5,0.21163708681626459,16.500000000000227,-0.5000000000002274
VEV_5400,5400,0,695000,16.0,2.0,5248.5,0.21402829108468585,16.999999999959527,-0.9999999999595275
VEV_5400,5400,0,711600,16.0,2.0,5247.0,0.2129768793229373,16.499999999999773,-0.4999999999997726
VEV_5400,5400,0,715000,17.0,3.0,5250.0,0.21504125680808428,17.499999999995794,-0.4999999999957936
VEV_5400,5400,0,729100,20.0,3.0,5269.5,0.21258666023489983,20.999999999999545,-0.9999999999995453
VEV_5400,5400,0,736700,20.0,2.0,5269.0,0.21306564226797645,21.000000000000227,-1.0000000000002274
VEV_5400,5400,0,769300,18.0,5.0,5257.5,0.2128175953155031,18.5,-0.5
VEV_5400,5400,0,779600,17.0,4.0,5250.5,0.21458850147749894,17.49999999999693,-0.49999999999693046
VEV_5400,5400,0,791300,15.0,3.0,5243.5,0.2136558486452834,16.00000000000034,-1.000000000000341
VEV_5400,5400,0,810000,15.0,5.0,5246.5,0.21099897793958877,16.0,-1.0
VEV_5400,5400,0,835500,17.0,5.0,5254.0,0.21373534923650647,18.000000000000227,-1.0000000000002274
VEV_5400,5400,0,842900,17.0,5.0,5253.5,0.21419220214382712,18.000000000000114,-1.0000000000001137
VEV_5400,5400,0,859100,17.0,2.0,5252.0,0.21556132275055898,17.999999999999886,-0.9999999999998863
VEV_5400,5400,0,859300,18.0,2.0,5254.5,0.21557975902262547,18.5,-0.5
VEV_5400,5400,0,862500,17.0,2.0,5247.5,0.21730159466064788,17.499999999989086,-0.49999999998908606
VEV_5400,5400,0,884000,17.0,5.0,5250.5,0.21458850147749894,17.49999999999693,-0.49999999999693046
VEV_5400,5400,0,919500,18.0,4.0,5255.5,0.2146600288878852,18.500000000000227,-0.5000000000002274
VEV_5400,5400,0,941200,17.0,2.0,5250.5,0.216928310561319,17.99999999999875,-0.9999999999987494
VEV_5400,5400,0,947800,16.0,5.0,5246.0,0.21627283690603766,16.999999999902457,-0.9999999999024567
VEV_5400,5400,0,948900,16.0,3.0,5242.5,0.21698445275612252,16.5,-0.5
VEV_5400,5400,0,950000,15.0,4.0,5239.0,0.21513945213807678,15.499999999999545,-0.49999999999954525
VEV_5400,5400,0,994300,16.0,3.0,5244.5,0.2152054673504216,16.49999999999943,-0.49999999999943157
VEV_5400,5400,1,4500,18.0,2.0,5254.5,0.23046445651027003,18.5,-0.5
VEV_5400,5400,1,9600,16.0,4.0,5246.5,0.23072595948877125,16.999999999928832,-0.999999999928832
VEV_5400,5400,1,14800,14.0,4.0,5234.5,0.23148337206534964,15.000000000000568,-1.0000000000005684
VEV_5400,5400,1,16700,14.0,2.0,5231.5,0.23149801757498847,14.50000000000216,-0.50000000000216
VEV_5400,5400,1,40400,14.0,4.0,5233.5,0.22966019854790296,14.500000000000568,-0.5000000000005684
VEV_5400,5400,1,43400,13.0,5.0,5231.5,0.22870472403271658,14.000000000021146,-1.0000000000211458
VEV_5400,5400,1,50700,16.0,5.0,5244.0,0.23054011856869425,16.499999999999886,-0.4999999999998863
VEV_5400,5400,1,52800,16.0,3.0,5247.5,0.22720466566840875,16.499999999999886,-0.4999999999998863
VEV_5400,5400,1,74100,14.0,3.0,5235.5,0.22781917110557257,14.500000000000682,-0.5000000000006821
VEV_5400,5400,1,85300,14.0,2.0,5235.0,0.2282797319613173,14.500000000000227,-0.5000000000002274
VEV_5400,5400,1,86100,14.0,5.0,5237.0,0.22916495353094898,15.000000000000568,-1.0000000000005684
VEV_5400,5400,1,89800,15.0,4.0,5243.5,0.22840770980316336,16.000000000000114,-1.0000000000001137
VEV_5400,5400,1,120300,18.0,4.0,5257.5,0.22751157929934854,18.5,-0.5
VEV_5400,5400,1,135900,19.0,3.0,5263.0,0.22921593019943903,20.000000000006366,-1.0000000000063665
VEV_5400,5400,1,145500,19.0,2.0,5261.5,0.22835350804622323,19.500000000043656,-0.5000000000436557
VEV_5400,5400,1,150600,20.0,2.0,5265.5,0.22903112401223233,20.50000000000091,-0.5000000000009095
VEV_5400,5400,1,153000,18.0,4.0,5256.5,0.22849693473543597,18.499999999999545,-0.49999999999954525
VEV_5400,5400,1,170400,17.0,5.0,5249.5,0.2303725425800254,17.49999999999568,-0.4999999999956799
VEV_5400,5400,1,172500,17.0,5.0,5249.5,0.2303725425800254,17.49999999999568,-0.4999999999956799
VEV_5400,5400,1,190100,15.0,3.0,5238.5,0.23046155037568486,15.499999999999773,-0.4999999999997726
VEV_5400,5400,1,195600,14.0,3.0,5235.5,0.22781917110557257,14.500000000000682,-0.5000000000006821
VEV_5400,5400,1,206200,16.0,3.0,5244.5,0.23006432188167084,16.500000000000227,-0.5000000000002274
VEV_5400,5400,1,235300,16.0,3.0,5245.5,0.22911203633282926,16.49999999999909,-0.4999999999990905
VEV_5400,5400,1,252500,19.0,2.0,5264.5,0.2277041318085665,20.000000000003865,-1.0000000000038654
VEV_5400,5400,1,304000,19.0,3.0,5266.0,0.2261896826023368,20.000000000002274,-1.0000000000022737
VEV_5400,5400,1,310100,20.0,5.0,5268.5,0.2259813989201263,20.500000000000227,-0.5000000000002274
VEV_5400,5400,1,322000,16.0,2.0,5252.5,0.2249540275508722,16.999999999992042,-0.9999999999920419
VEV_5400,5400,1,350300,15.0,4.0,5246.5,0.22556739554554536,16.0,-1.0
VEV_5400,5400,1,376600,15.0,5.0,5246.5,0.2229503485111847,15.499999999999659,-0.49999999999965894
VEV_5400,5400,1,399700,14.0,5.0,5240.5,0.22320217366567002,14.499999999999659,-0.49999999999965894
VEV_5400,5400,1,410400,13.0,3.0,5235.5,0.2222462761888046,13.50000000005275,-0.5000000000527507
VEV_5400,5400,1,428000,13.0,2.0,5232.5,0.2249703644750657,13.499999999963961,-0.4999999999639613
VEV_5400,5400,1,437100,13.0,4.0,5233.5,0.224063122652151,13.499999999924512,-0.49999999992451194
VEV_5400,5400,1,455700,15.0,4.0,5247.5,0.22200738486890545,15.499999999999659,-0.49999999999965894
VEV_5400,5400,1,460400,16.0,3.0,5250.5,0.22433647534919454,16.499999999907004,-0.49999999990700417
VEV_5400,5400,1,476500,17.0,2.0,5256.5,0.2235768848788204,17.49999999999966,-0.49999999999965894
VEV_5400,5400,1,489700,14.0,4.0,5239.5,0.2241272528510524,14.499999999999773,-0.4999999999997726
VEV_5400,5400,1,519500,17.0,4.0,5258.5,0.22162595687126252,17.49999999999966,-0.49999999999965894
VEV_5400,5400,1,524000,17.0,4.0,5259.5,0.22064888887265005,17.499999999999318,-0.4999999999993179
VEV_5400,5400,1,547600,12.0,4.0,5231.5,0.2201080528883128,12.499999999999545,-0.49999999999954525
VEV_5400,5400,1,548400,12.0,5.0,5232.5,0.21921428204476215,12.499999999999318,-0.4999999999993179
VEV_5400,5400,1,564300,12.0,2.0,5232.0,0.21966126204120015,12.499999999999545,-0.49999999999954525
VEV_5400,5400,1,567200,13.0,2.0,5234.0,0.22360920774139664,13.500000000086516,-0.5000000000865157
VEV_5400,5400,1,568900,13.0,4.0,5240.5,0.21769003287192396,13.500000000009663,-0.5000000000096634
VEV_5400,5400,1,574800,12.0,2.0,5233.0,0.2187671120330422,12.499999999999545,-0.49999999999954525
VEV_5400,5400,1,588200,14.0,4.0,5245.5,0.21856378017375183,14.499999999999545,-0.49999999999954525
VEV_5400,5400,1,604600,11.0,5.0,5229.0,0.21937661608357206,11.999999999991019,-0.9999999999910187
VEV_5400,5400,1,617900,12.0,2.0,5234.0,0.21787219847072628,12.499999999999659,-0.49999999999965894
VEV_5400,5400,1,618300,12.0,2.0,5233.0,0.2187671120330422,12.499999999999545,-0.49999999999954525
VEV_5400,5400,1,624400,13.0,2.0,5238.5,0.2195149896186894,13.500000000018872,-0.500000000018872
VEV_5400,5400,1,631700,10.0,3.0,5220.5,0.21752028071336846,10.499999999994657,-0.4999999999946567
VEV_5400,5400,1,642100,9.0,4.0,5214.5,0.21604361187498267,9.500000000000796,-0.5000000000007958
VEV_5400,5400,1,654200,8.0,2.0,5206.5,0.2157108358525727,8.499999999999773,-0.4999999999997726
VEV_5400,5400,1,674000,10.0,3.0,5223.5,0.21494257165948485,10.499999999999318,-0.4999999999993179
VEV_5400,5400,1,684000,11.0,5.0,5229.0,0.21636844904910565,11.499999999999886,-0.4999999999998863
VEV_5400,5400,1,701200,13.0,2.0,5242.5,0.215861724459382,13.500000000005343,-0.5000000000053433
VEV_5400,5400,1,703200,14.0,5.0,5250.5,0.2139029512201305,14.499999999999545,-0.49999999999954525
VEV_5400,5400,1,710500,15.0,5.0,5256.5,0.21347765870856114,15.5,-0.5
VEV_5400,5400,1,715000,18.0,5.0,5269.5,0.21560007322285912,18.50000000003547,-0.5000000000354703
VEV_5400,5400,1,720500,17.0,2.0,5266.5,0.21377843434683946,17.5,-0.5
VEV_5400,5400,1,725000,17.0,4.0,5266.5,0.21619537318364807,17.999999999999318,-0.9999999999993179
VEV_5400,5400,1,735100,21.0,4.0,5281.5,0.21710899004515052,21.500000000000682,-0.5000000000006821
VEV_5400,5400,1,741900,17.0,4.0,5265.5,0.21718560131449713,17.99999999999909,-0.9999999999990905
VEV_5400,5400,1,746300,20.0,4.0,5277.0,0.21727894891183527,20.50000000000091,-0.5000000000009095
VEV_5400,5400,1,754200,16.0,3.0,5260.5,0.214710898345959,16.49999999999818,-0.499999999998181
VEV_5400,5400,1,760000,19.0,2.0,5276.5,0.21551071517007564,20.000000000000227,-1.0000000000002274
VEV_5400,5400,1,785800,15.0,3.0,5254.5,0.21538002781222917,15.500000000000227,-0.5000000000002274
VEV_5400,5400,1,798100,15.0,4.0,5255.5,0.2144293473756322,15.500000000000341,-0.5000000000003411
VEV_5400,5400,1,801800,13.0,2.0,5247.5,0.21127586488240288,13.500000000001137,-0.5000000000011369
VEV_5400,5400,1,807800,13.0,3.0,5249.0,0.21261565655488587,14.0,-1.0
VEV_5400,5400,1,812600,11.0,4.0,5235.0,0.21108631209741702,11.499999999981355,-0.49999999998135536
VEV_5400,5400,1,851200,16.0,3.0,5260.5,0.214710898345959,16.49999999999818,-0.499999999998181
VEV_5400,5400,1,865400,14.0,5.0,5254.0,0.2132545126918328,14.999999999999545,-0.9999999999995453
VEV_5400,5400,1,901100,14.0,4.0,5251.0,0.21343559209325677,14.499999999999659,-0.49999999999965894
VEV_5400,5400,1,921000,17.0,4.0,5269.5,0.21081671483048892,17.5,-0.5
VEV_5400,5400,1,937300,15.0,4.0,5260.0,0.2101386600251044,15.499999999907459,-0.4999999999074589
VEV_5400,5400,1,943100,13.0,4.0,5246.5,0.21219479451547277,13.500000000001364,-0.5000000000013642
VEV_5400,5400,1,948500,13.0,4.0,5249.5,0.21215204974010585,14.000000000000227,-1.0000000000002274
VEV_5400,5400,1,950300,14.0,5.0,5253.5,0.21109522372509248,14.500000000000114,-0.5000000000001137
VEV_5400,5400,1,988100,14.0,5.0,5253.5,0.21109522372509248,14.500000000000114,-0.5000000000001137
VEV_5400,5400,1,990300,15.0,5.0,5258.5,0.211571215769104,15.500000000031946,-0.500000000031946
VEV_5400,5400,2,13100,16.0,3.0,5266.0,0.2288043513265958,17.0,-1.0
VEV_5400,5400,2,20900,17.0,5.0,5270.5,0.22922661141632406,18.00000000008413,-1.0000000000841283
VEV_5400,5400,2,23500,16.0,2.0,5264.0,0.22824845644417113,16.499999999999204,-0.4999999999992042
VEV_5400,5400,2,29500,16.0,2.0,5266.5,0.22827523551047363,17.000000000000227,-1.0000000000002274
VEV_5400,5400,2,41900,13.0,2.0,5250.5,0.22522049882423026,13.499999999999659,-0.49999999999965894
VEV_5400,5400,2,42900,14.0,4.0,5253.5,0.2280089012724524,14.500000000000227,-0.5000000000002274
VEV_5400,5400,2,45100,15.0,5.0,5258.0,0.22903824727516692,15.500000000014325,-0.5000000000143245
VEV_5400,5400,2,75200,14.0,4.0,5255.5,0.22598188364855126,14.499999999999886,-0.4999999999998863
VEV_5400,5400,2,79300,14.0,5.0,5257.5,0.22676652564105126,15.000000000000455,-1.0000000000004547
VEV_5400,5400,2,102600,16.0,2.0,5265.0,0.2271983851898364,16.49999999999943,-0.49999999999943157
VEV_5400,5400,2,129700,14.0,4.0,5255.0,0.22648903565590064,14.500000000000114,-0.5000000000001137
VEV_5400,5400,2,169000,16.0,3.0,5271.5,0.22296662163276448,17.000000000000455,-1.0000000000004547
VEV_5400,5400,2,171800,17.0,5.0,5272.5,0.22449736121717984,17.499999999968395,-0.49999999996839506
VEV_5400,5400,2,189100,14.0,4.0,5259.0,0.2224242587994439,14.500000000000227,-0.5000000000002274
VEV_5400,5400,2,204400,14.0,5.0,5260.5,0.22369179797911076,15.0,-1.0
VEV_5400,5400,2,225500,16.0,5.0,5267.5,0.22456783913965686,16.500000000000682,-0.5000000000006821
VEV_5400,5400,2,239400,15.0,2.0,5261.5,0.22542579252286363,15.499999999956117,-0.4999999999561169
VEV_5400,5400,2,253000,16.0,3.0,5267.5,0.22456783913965686,16.500000000000682,-0.5000000000006821
VEV_5400,5400,2,268900,19.0,4.0,5280.5,0.22588328966793736,19.499999999999545,-0.49999999999954525
VEV_5400,5400,2,275200,18.0,5.0,5276.5,0.22528345681802428,18.500000000002274,-0.5000000000022737
VEV_5400,5400,2,287100,18.0,2.0,5276.5,0.22528345681802428,18.500000000002274,-0.5000000000022737
VEV_5400,5400,2,287600,18.0,2.0,5277.5,0.22419343406575784,18.50000000000091,-0.5000000000009095
VEV_5400,5400,2,289300,17.0,2.0,5273.5,0.22342445798714652,17.499999999917918,-0.4999999999179181
VEV_5400,5400,2,294600,16.0,2.0,5268.0,0.22404079666931917,16.500000000000227,-0.5000000000002274
VEV_5400,5400,2,316700,17.0,3.0,5275.5,0.22383289791439664,18.000000000012278,-1.0000000000122782
VEV_5400,5400,2,317500,17.0,3.0,5275.5,0.22127456659370345,17.500000000052978,-0.5000000000529781
VEV_5400,5400,2,320800,17.0,5.0,5274.5,0.22235019811315807,17.50000000007708,-0.5000000000770797
VEV_5400,5400,2,321600,16.0,4.0,5270.5,0.22140082591199872,16.499999999999773,-0.4999999999997726
VEV_5400,5400,2,341400,16.0,4.0,5270.5,0.22140082591199872,16.499999999999773,-0.4999999999997726
VEV_5400,5400,2,347800,15.0,4.0,5265.0,0.22179915418156063,15.4999999999892,-0.49999999998919975
VEV_5400,5400,2,350700,15.0,4.0,5263.0,0.22387328586255534,15.499999999975671,-0.499999999975671
VEV_5400,5400,2,358500,15.0,2.0,5263.0,0.22387328586255534,15.499999999975671,-0.499999999975671
VEV_5400,5400,2,365600,14.0,4.0,5258.5,0.22293331066024288,14.500000000000682,-0.5000000000006821
VEV_5400,5400,2,376300,13.0,5.0,5254.5,0.22122847406643847,13.500000000001023,-0.5000000000010232
VEV_5400,5400,2,389000,11.0,2.0,5239.0,0.22417942473252564,11.499999999998067,-0.4999999999980673
VEV_5400,5400,2,390300,11.0,3.0,5239.5,0.2237009975299134,11.499999999998408,-0.4999999999984084
VEV_5400,5400,2,398200,10.0,2.0,5234.0,0.22236770738424308,10.499999999999773,-0.4999999999997726
VEV_5400,5400,2,410200,9.0,5.0,5228.5,0.22059191302098047,9.500000000004093,-0.5000000000040927
VEV_5400,5400,2,414900,9.0,3.0,5226.5,0.22242333660515545,9.500000000006366,-0.5000000000063665
VEV_5400,5400,2,415500,9.0,4.0,5228.5,0.2240844967073584,9.999999999995111,-0.9999999999951115
VEV_5400,5400,2,423800,10.0,5.0,5232.5,0.22377238053815193,10.500000000000114,-0.5000000000001137
VEV_5400,5400,2,433100,11.0,2.0,5239.0,0.22417942473252564,11.499999999998067,-0.4999999999980673
VEV_5400,5400,2,443600,11.0,4.0,5237.5,0.22561343533892822,11.499999999996362,-0.499999999996362
VEV_5400,5400,2,456200,11.0,2.0,5237.5,0.22561343533892822,11.499999999996362,-0.499999999996362
VEV_5400,5400,2,461200,10.0,3.0,5235.5,0.22426967086861466,11.000000000000227,-1.0000000000002274
VEV_5400,5400,2,483400,12.0,5.0,5246.0,0.2236622581861038,12.499999999934744,-0.49999999993474376
VEV_5400,5400,2,495700,11.0,5.0,5242.5,0.22397525253203093,12.000000000000341,-1.000000000000341
VEV_5400,5400,2,501900,11.0,3.0,5242.0,0.2213056384631797,11.500000000000227,-0.5000000000002274
VEV_5400,5400,2,508800,10.0,5.0,5235.5,0.22096126061739424,10.500000000000227,-0.5000000000002274
VEV_5400,5400,2,519600,12.0,5.0,5247.5,0.22219479927290156,12.500000000057184,-0.5000000000571845
VEV_5400,5400,2,554600,11.0,5.0,5242.5,0.2208259148278345,11.499999999998863,-0.49999999999886313
VEV_5400,5400,2,555700,11.0,3.0,5241.5,0.2217851434387832,11.499999999998863,-0.49999999999886313
VEV_5400,5400,2,566700,9.0,2.0,5231.0,0.22177026581789325,9.999999999998522,-0.9999999999985221
VEV_5400,5400,2,575100,9.0,4.0,5231.5,0.2213068569864847,9.999999999998522,-0.9999999999985221
VEV_5400,5400,2,587100,7.0,4.0,5212.5,0.2198025427708613,7.5,-0.5
VEV_5400,5400,2,588500,7.0,4.0,5214.5,0.21806193781397457,7.499999999999318,-0.4999999999993179
VEV_5400,5400,2,593000,8.0,5.0,5219.5,0.22144077044151853,8.49999999999909,-0.4999999999990905
VEV_5400,5400,2,604100,11.0,2.0,5243.5,0.2198658073612748,11.499999999999659,-0.49999999999965894
VEV_5400,5400,2,622600,10.0,4.0,5234.5,0.22189909008775105,10.5,-0.5
VEV_5400,5400,2,642400,11.0,2.0,5243.5,0.2198658073612748,11.499999999999659,-0.49999999999965894
VEV_5400,5400,2,644500,11.0,4.0,5246.0,0.21746163755653358,11.500000000000114,-0.5000000000001137
VEV_5400,5400,2,666500,12.0,2.0,5255.0,0.21779562970069682,13.000000000000341,-1.000000000000341
VEV_5400,5400,2,688600,16.0,2.0,5274.5,0.21715995419340162,16.5,-0.5
VEV_5400,5400,2,691100,15.0,5.0,5271.5,0.2150245130395833,15.499999999999432,-0.49999999999943157
VEV_5400,5400,2,711900,13.0,3.0,5258.5,0.21721984916740852,13.500000000000227,-0.5000000000002274
VEV_5400,5400,2,726600,8.0,2.0,5230.0,0.2156632784789191,8.99999999993895,-0.9999999999389502
VEV_5400,5400,2,733200,8.0,4.0,5230.5,0.2152087526081635,9.00000000006662,-1.0000000000666205
VEV_5400,5400,2,763500,7.0,5.0,5222.5,0.21107543097093429,7.499999999999886,-0.4999999999998863
VEV_5400,5400,2,764000,8.0,3.0,5227.5,0.2142774513603549,8.500000000000114,-0.5000000000001137
VEV_5400,5400,2,779200,10.0,4.0,5243.5,0.2134292006780336,10.500000000000114,-0.5000000000001137
VEV_5400,5400,2,793900,10.0,2.0,5242.0,0.21484554208938644,10.5,-0.5
VEV_5400,5400,2,808800,12.0,4.0,5260.0,0.2128146527984248,12.999999999999886,-0.9999999999998863
VEV_5400,5400,2,825900,12.0,2.0,5256.5,0.21334421020515476,12.50000000000216,-0.50000000000216
VEV_5400,5400,2,826400,12.0,4.0,5255.5,0.21433161361988945,12.500000000002842,-0.5000000000028422
VEV_5400,5400,2,836300,12.0,4.0,5256.5,0.21334421020515476,12.50000000000216,-0.50000000000216
VEV_5400,5400,2,872600,10.0,2.0,5248.5,0.2118989995911134,10.99999999999909,-0.9999999999990905
VEV_5400,5400,2,876500,10.0,3.0,5244.5,0.21248389638594983,10.499999999999432,-0.49999999999943157
VEV_5400,5400,2,934900,16.0,5.0,5279.5,0.21440350526145383,17.00000000004775,-1.0000000000477485
VEV_5400,5400,2,948500,15.0,5.0,5275.5,0.21347434413814112,16.000000000000227,-1.0000000000002274
VEV_5400,5400,2,993800,16.0,5.0,5280.5,0.21332679881180164,17.000000000031832,-1.0000000000318323
VEV_5500,5500,0,2900,8.0,3.0,5246.5,0.24238975338705157,8.500000000000625,-0.5000000000006253
VEV_5500,5500,0,15200,7.0,5.0,5243.5,0.24075812503325747,7.999999999963961,-0.9999999999639613
VEV_5500,5500,0,31700,6.0,5.0,5230.5,0.23762129426162465,6.500000000000341,-0.5000000000003411
VEV_5500,5500,0,45100,7.0,2.0,5234.5,0.2432339071704671,7.499999999999716,-0.4999999999997158
VEV_5500,5500,0,69500,7.0,5.0,5241.5,0.23825607953878788,7.4999999999998295,-0.49999999999982947
VEV_5500,5500,0,87400,7.0,3.0,5240.5,0.23896803579576742,7.500000000000341,-0.5000000000003411
VEV_5500,5500,0,88900,7.0,4.0,5236.5,0.2418130540431028,7.500000000000057,-0.5000000000000568
VEV_5500,5500,0,109700,6.0,4.0,5224.5,0.24177603850407928,6.5,-0.5
VEV_5500,5500,0,110600,6.0,3.0,5225.5,0.24108418781771151,6.500000000000057,-0.5000000000000568
VEV_5500,5500,0,125700,7.0,4.0,5236.5,0.2418130540431028,7.500000000000057,-0.5000000000000568
VEV_5500,5500,0,157400,7.0,2.0,5243.5,0.24075812503325747,7.999999999963961,-0.9999999999639613
VEV_5500,5500,0,160800,8.0,4.0,5251.5,0.2387445105899925,8.50000000000017,-0.5000000000001705
VEV_5500,5500,0,173700,8.0,2.0,5247.5,0.2416613324475444,8.500000000001421,-0.5000000000014211
VEV_5500,5500,0,176000,7.0,3.0,5241.5,0.23825607953878788,7.4999999999998295,-0.49999999999982947
VEV_5500,5500,0,181700,7.0,4.0,5237.0,0.2414576697094376,7.500000000000227,-0.5000000000002274
VEV_5500,5500,0,184900,7.0,2.0,5237.5,0.24110221646189395,7.500000000000284,-0.5000000000002842
VEV_5500,5500,0,186600,7.0,3.0,5239.5,0.2396797093476219,7.499999999999545,-0.49999999999954525
VEV_5500,5500,0,190100,7.0,4.0,5237.5,0.24110221646189395,7.500000000000284,-0.5000000000002842
VEV_5500,5500,0,193000,6.0,2.0,5230.5,0.24191948397079222,7.0,-1.0
VEV_5500,5500,0,198200,6.0,5.0,5228.0,0.23935350576347525,6.499999999999886,-0.4999999999998863
VEV_5500,5500,0,212900,6.0,2.0,5221.5,0.2438501655155194,6.500000000000114,-0.5000000000001137
VEV_5500,5500,0,220100,6.0,5.0,5225.5,0.24108418781771151,6.500000000000057,-0.5000000000000568
VEV_5500,5500,0,230000,7.0,5.0,5233.5,0.24394392663217745,7.5,-0.5
VEV_5500,5500,0,231000,7.0,3.0,5234.5,0.2432339071704671,7.499999999999716,-0.4999999999997158
VEV_5500,5500,0,235100,7.0,3.0,5239.5,0.2396797093476219,7.499999999999545,-0.49999999999954525
VEV_5500,5500,0,256500,7.0,4.0,5238.5,0.24039110223027527,7.499999999999943,-0.49999999999994316
VEV_5500,5500,0,257800,7.0,4.0,5239.0,0.24003544074605102,7.5000000000001705,-0.5000000000001705
VEV_5500,5500,0,263400,7.0,2.0,5241.5,0.23825607953878788,7.4999999999998295,-0.49999999999982947
VEV_5500,5500,0,277200,8.0,3.0,5251.5,0.2387445105899925,8.50000000000017,-0.5000000000001705
VEV_5500,5500,0,290700,8.0,5.0,5244.5,0.24384566965715848,8.500000000001421,-0.5000000000014211
VEV_5500,5500,0,292800,8.0,3.0,5247.5,0.2416613324475444,8.500000000001421,-0.5000000000014211
VEV_5500,5500,0,316700,9.0,5.0,5263.5,0.23702608582007942,9.500000000000341,-0.5000000000003411
VEV_5500,5500,0,317600,9.0,2.0,5263.5,0.23702608582007942,9.500000000000341,-0.5000000000003411
VEV_5500,5500,0,332300,10.0,4.0,5270.0,0.2388220100968041,10.499999999996476,-0.4999999999964757
VEV_5500,5500,0,402100,9.0,3.0,5263.0,0.23739987701804377,9.500000000000568,-0.5000000000005684
VEV_5500,5500,0,420400,9.0,3.0,5263.5,0.23702608582007942,9.500000000000341,-0.5000000000003411
VEV_5500,5500,0,447800,7.0,5.0,5250.5,0.23570958379385318,8.00000000003979,-1.0000000000397904
VEV_5500,5500,0,449700,7.0,5.0,5245.5,0.2354053861067236,7.500000000000057,-0.5000000000000568
VEV_5500,5500,0,453100,6.0,3.0,5238.5,0.23630044518188162,6.999999999999886,-0.9999999999998863
VEV_5500,5500,0,479200,6.0,2.0,5236.5,0.2377067953061693,6.999999999999943,-0.9999999999999432
VEV_5500,5500,0,486200,7.0,4.0,5244.5,0.23611849390666842,7.499999999999716,-0.4999999999997158
VEV_5500,5500,0,490300,7.0,2.0,5238.5,0.24039110223027527,7.499999999999943,-0.49999999999994316
VEV_5500,5500,0,505700,7.0,4.0,5239.5,0.2396797093476219,7.499999999999545,-0.49999999999954525
VEV_5500,5500,0,534700,8.0,5.0,5254.0,0.23691890031204058,8.499999999999375,-0.4999999999993747
VEV_5500,5500,0,554500,7.0,4.0,5242.0,0.23789999475473705,7.500000000000341,-0.5000000000003411
VEV_5500,5500,0,568800,8.0,3.0,5252.0,0.23837955008016923,8.499999999999943,-0.49999999999994316
VEV_5500,5500,0,575000,7.0,5.0,5241.0,0.23861209313335655,7.499999999999204,-0.4999999999992042
VEV_5500,5500,0,585000,7.0,4.0,5242.5,0.23754383852277608,7.500000000000057,-0.5000000000000568
VEV_5500,5500,0,591100,7.0,2.0,5241.5,0.23825607953878788,7.4999999999998295,-0.49999999999982947
VEV_5500,5500,0,593300,7.0,2.0,5246.5,0.23469198514753864,7.500000000000341,-0.5000000000003411
VEV_5500,5500,0,603000,7.0,2.0,5242.5,0.23754383852277608,7.500000000000057,-0.5000000000000568
VEV_5500,5500,0,613300,6.0,5.0,5232.5,0.23623440521751077,6.499999999999375,-0.4999999999993747
VEV_5500,5500,0,626500,5.0,2.0,5221.5,0.23457698710897762,5.499999999999943,-0.49999999999994316
VEV_5500,5500,0,631900,5.0,4.0,5220.5,0.23525036874043737,5.499999999999659,-0.49999999999965894
VEV_5500,5500,0,640300,6.0,5.0,5231.5,0.23692797521525366,6.4999999999998295,-0.49999999999982947
VEV_5500,5500,0,655800,6.0,5.0,5232.0,0.23658122169862422,6.500000000000057,-0.5000000000000568
VEV_5500,5500,0,655900,6.0,3.0,5231.5,0.23692797521525366,6.4999999999998295,-0.49999999999982947
VEV_5500,5500,0,693200,7.0,2.0,5248.5,0.2332642951424224,7.500000000000512,-0.5000000000005116
VEV_5500,5500,0,695000,7.0,2.0,5248.5,0.2332642951424224,7.500000000000512,-0.5000000000005116
VEV_5500,5500,0,711600,7.0,2.0,5247.0,0.23433517406292304,7.500000000000398,-0.5000000000003979
VEV_5500,5500,0,715000,8.0,3.0,5250.0,0.23983891218608827,8.500000000000227,-0.5000000000002274
VEV_5500,5500,0,722600,8.0,3.0,5255.5,0.2358225565336324,8.500000000000114,-0.5000000000001137
VEV_5500,5500,0,729100,9.0,3.0,5269.5,0.2359038611196194,9.999999999999886,-0.9999999999998863
VEV_5500,5500,0,736700,9.0,2.0,5269.0,0.2362820558087258,10.000000000000114,-1.0000000000001137
VEV_5500,5500,0,736800,9.0,2.0,5270.0,0.2355255693299384,10.0,-1.0
VEV_5500,5500,0,769300,9.0,5.0,5257.5,0.24150565804468893,9.5,-0.5
VEV_5500,5500,0,779600,8.0,4.0,5250.5,0.23947419135131195,8.50000000000017,-0.5000000000001705
VEV_5500,5500,0,791300,7.0,3.0,5243.5,0.2368313106756002,7.5000000000001705,-0.5000000000001705
VEV_5500,5500,0,835500,8.0,5.0,5254.0,0.23691890031204058,8.499999999999375,-0.4999999999993747
VEV_5500,5500,0,842900,8.0,5.0,5253.5,0.23728418450614788,8.500000000000625,-0.5000000000006253
VEV_5500,5500,0,845100,8.0,5.0,5255.0,0.23618808662699936,8.500000000000341,-0.5000000000003411
VEV_5500,5500,0,859100,8.0,2.0,5252.0,0.23837955008016923,8.499999999999943,-0.49999999999994316
VEV_5500,5500,0,859300,8.0,2.0,5254.5,0.23655353445249722,8.5,-0.5
VEV_5500,5500,0,862500,7.0,2.0,5247.5,0.23787506794980381,8.000000000058947,-1.0000000000589466
VEV_5500,5500,0,873700,9.0,4.0,5263.0,0.23739987701804377,9.500000000000568,-0.5000000000005684
VEV_5500,5500,0,884000,8.0,5.0,5250.5,0.23947419135131195,8.50000000000017,-0.5000000000001705
VEV_5500,5500,0,919500,8.0,4.0,5255.5,0.2358225565336324,8.500000000000114,-0.5000000000001137
VEV_5500,5500,0,946600,7.0,4.0,5242.5,0.23754383852277608,7.500000000000057,-0.5000000000000568
VEV_5500,5500,0,947800,7.0,5.0,5246.0,0.23504872240579375,7.500000000000057,-0.5000000000000568
VEV_5500,5500,0,948900,7.0,3.0,5242.5,0.23754383852277608,7.500000000000057,-0.5000000000000568
VEV_5500,5500,0,994300,7.0,3.0,5244.5,0.23611849390666842,7.499999999999716,-0.4999999999997158
VEV_5500,5500,1,4500,8.0,2.0,5254.5,0.25288636558616934,8.499999999997044,-0.49999999999704414
VEV_5500,5500,1,9600,7.0,4.0,5246.5,0.2508962856696948,7.500000000000114,-0.5000000000001137
VEV_5500,5500,1,11800,7.0,4.0,5241.5,0.2547064628428862,7.500000000000057,-0.5000000000000568
VEV_5500,5500,1,14800,6.0,4.0,5234.5,0.2510614744223599,6.5,-0.5
VEV_5500,5500,1,16700,6.0,2.0,5231.5,0.25328665959930713,6.500000000000398,-0.5000000000003979
VEV_5500,5500,1,38500,6.0,5.0,5231.5,0.25328665959930713,6.500000000000398,-0.5000000000003979
VEV_5500,5500,1,40400,6.0,4.0,5233.5,0.2518034743449029,6.499999999999716,-0.4999999999997158
VEV_5500,5500,1,43400,6.0,5.0,5231.5,0.25328665959930713,6.500000000000398,-0.5000000000003979
VEV_5500,5500,1,50700,7.0,5.0,5244.0,0.2528023430190437,7.5,-0.5
VEV_5500,5500,1,52800,7.0,3.0,5247.5,0.2501333122682844,7.500000000000057,-0.5000000000000568
VEV_5500,5500,1,53400,7.0,2.0,5242.5,0.2539450451689607,7.499999999999488,-0.4999999999994884
VEV_5500,5500,1,74100,6.0,3.0,5235.5,0.2503192003378671,6.500000000000227,-0.5000000000002274
VEV_5500,5500,1,85300,6.0,2.0,5235.0,0.25069037177464853,6.500000000000341,-0.5000000000003411
VEV_5500,5500,1,86100,6.0,5.0,5237.0,0.24920527078847618,6.499999999999886,-0.4999999999998863
VEV_5500,5500,1,120300,8.0,4.0,5257.5,0.25054095890446154,8.499999999997726,-0.49999999999772626
VEV_5500,5500,1,127200,8.0,3.0,5264.0,0.24544808323205997,8.499999999999545,-0.49999999999954525
VEV_5500,5500,1,135900,8.0,3.0,5263.0,0.24623261777256425,8.49999999999909,-0.4999999999990905
VEV_5500,5500,1,145500,8.0,2.0,5261.5,0.24740872051669463,8.499999999998067,-0.4999999999980673
VEV_5500,5500,1,150600,8.0,2.0,5265.5,0.244270575340907,8.499999999999773,-0.4999999999997726
VEV_5500,5500,1,153000,7.0,4.0,5256.5,0.24734508883511006,8.000000000001592,-1.0000000000015916
VEV_5500,5500,1,170400,7.0,5.0,5249.5,0.2486064090904155,7.5,-0.5
VEV_5500,5500,1,170500,7.0,3.0,5248.5,0.24937002085435442,7.500000000000057,-0.5000000000000568
VEV_5500,5500,1,172500,7.0,5.0,5249.5,0.2486064090904155,7.5,-0.5
VEV_5500,5500,1,190100,6.0,3.0,5238.5,0.24809071307508035,6.5000000000001705,-0.5000000000001705
VEV_5500,5500,1,195600,6.0,3.0,5235.5,0.2503192003378671,6.500000000000227,-0.5000000000002274
VEV_5500,5500,1,235300,7.0,3.0,5245.5,0.25165894337502626,7.499999999999659,-0.49999999999965894
VEV_5500,5500,1,252500,8.0,2.0,5264.5,0.2488698684390554,9.000000000000455,-1.0000000000004547
VEV_5500,5500,1,304000,8.0,3.0,5266.0,0.24387788300431334,8.499999999998863,-0.49999999999886313
VEV_5500,5500,1,310100,8.0,5.0,5268.5,0.24569699701197625,8.999999999999886,-0.9999999999998863
VEV_5500,5500,1,322000,7.0,2.0,5252.5,0.24631362800184697,7.499999999999488,-0.4999999999994884
VEV_5500,5500,1,322600,7.0,4.0,5253.5,0.2455487110319711,7.500000000000796,-0.5000000000007958
VEV_5500,5500,1,350300,6.0,4.0,5246.5,0.242135507471135,6.499999999999943,-0.49999999999994316
VEV_5500,5500,1,376600,6.0,5.0,5246.5,0.242135507471135,6.499999999999943,-0.49999999999994316
VEV_5500,5500,1,377900,6.0,2.0,5248.5,0.24064375645461844,6.499999999999886,-0.4999999999998863
VEV_5500,5500,1,399700,6.0,5.0,5240.5,0.24660364704806564,6.4999999999998295,-0.49999999999982947
VEV_5500,5500,1,410400,5.0,3.0,5235.5,0.24066973521619656,5.500000000000114,-0.5000000000001137
VEV_5500,5500,1,428000,5.0,2.0,5232.5,0.2428388974210272,5.499999999999773,-0.4999999999997726
VEV_5500,5500,1,437100,5.0,4.0,5233.5,0.2421160992970433,5.500000000000227,-0.5000000000002274
VEV_5500,5500,1,455700,6.0,4.0,5247.5,0.24138978271902417,6.5000000000001705,-0.5000000000001705
VEV_5500,5500,1,460400,6.0,3.0,5250.5,0.23915079041620677,6.500000000000682,-0.5000000000006821
VEV_5500,5500,1,476500,7.0,2.0,5256.5,0.24325195604061106,7.499999999999773,-0.4999999999997726
VEV_5500,5500,1,489700,5.0,4.0,5239.5,0.23777388253367268,5.499999999999716,-0.4999999999997158
VEV_5500,5500,1,502700,6.0,2.0,5249.5,0.239897426439851,6.499999999999886,-0.4999999999998863
VEV_5500,5500,1,519500,6.0,4.0,5258.5,0.23751452374941484,7.000000000000057,-1.0000000000000568
VEV_5500,5500,1,524000,7.0,4.0,5259.5,0.2409521423254012,7.499999999968054,-0.499999999968054
VEV_5500,5500,1,553100,4.0,4.0,5229.5,0.23429487369339727,4.499999999999886,-0.4999999999998863
VEV_5500,5500,1,564300,4.0,2.0,5232.0,0.23254286337165814,4.5,-0.5
VEV_5500,5500,1,567200,5.0,2.0,5234.0,0.24175460460790965,5.500000000000284,-0.5000000000002842
VEV_5500,5500,1,568900,5.0,4.0,5240.5,0.23704925714640593,5.499999999999886,-0.4999999999998863
VEV_5500,5500,1,574800,4.0,2.0,5233.0,0.23729634777142067,5.0000000000001705,-1.0000000000001705
VEV_5500,5500,1,575800,5.0,5.0,5234.0,0.24175460460790965,5.500000000000284,-0.5000000000002842
VEV_5500,5500,1,588200,5.0,4.0,5245.5,0.2334220576950611,5.499999999999886,-0.4999999999998863
VEV_5500,5500,1,604600,4.0,5.0,5229.0,0.23464510287214158,4.499999999999943,-0.49999999999994316
VEV_5500,5500,1,617900,4.0,2.0,5234.0,0.23658379102553942,5.000000000000057,-1.0000000000000568
VEV_5500,5500,1,618300,4.0,2.0,5233.0,0.23184165182963654,4.500000000000057,-0.5000000000000568
VEV_5500,5500,1,624400,5.0,2.0,5238.5,0.23849824108039286,5.5,-0.5
VEV_5500,5500,1,636100,4.0,4.0,5223.5,0.23849389918056377,4.500000000000114,-0.5000000000001137
VEV_5500,5500,1,642100,3.0,4.0,5214.5,0.2323527303553448,3.5000000000001137,-0.5000000000001137
VEV_5500,5500,1,654200,3.0,2.0,5206.5,0.2377274369028574,3.499999999980531,-0.49999999998053113
VEV_5500,5500,1,674000,4.0,3.0,5223.5,0.23849389918056377,4.500000000000114,-0.5000000000001137
VEV_5500,5500,1,684000,4.0,5.0,5229.0,0.23464510287214158,4.499999999999943,-0.49999999999994316
VEV_5500,5500,1,701200,5.0,2.0,5242.5,0.23559919791396608,5.500000000000057,-0.5000000000000568
VEV_5500,5500,1,703200,6.0,5.0,5250.5,0.23915079041620677,6.500000000000682,-0.5000000000006821
VEV_5500,5500,1,710500,6.0,5.0,5256.5,0.23466441896547946,6.499999999999943,-0.49999999999994316
VEV_5500,5500,1,715000,7.0,5.0,5269.5,0.23326310161954666,7.500000000023476,-0.5000000000234763
VEV_5500,5500,1,720500,7.0,2.0,5266.5,0.23557362257557588,7.500000000036152,-0.5000000000361524
VEV_5500,5500,1,725000,7.0,4.0,5266.5,0.23557362257557588,7.500000000036152,-0.5000000000361524
VEV_5500,5500,1,735100,9.0,4.0,5281.5,0.23893809804909358,9.500000000000114,-0.5000000000001137
VEV_5500,5500,1,741900,7.0,4.0,5265.5,0.23634305975497333,7.500000000040984,-0.5000000000409841
VEV_5500,5500,1,746300,8.0,4.0,5277.0,0.23521384905037748,8.499999999999886,-0.4999999999998863
VEV_5500,5500,1,754200,6.0,3.0,5260.5,0.23599731435637736,6.999999999999545,-0.9999999999995453
VEV_5500,5500,1,760000,8.0,2.0,5276.5,0.23560872728103416,8.499999999999659,-0.49999999999965894
VEV_5500,5500,1,785800,6.0,3.0,5254.5,0.23616114033160293,6.499999999999716,-0.4999999999997158
VEV_5500,5500,1,798100,6.0,4.0,5255.5,0.235412939650977,6.500000000000114,-0.5000000000001137
VEV_5500,5500,1,800400,5.0,3.0,5249.5,0.23051528830257403,5.500000000000227,-0.5000000000002274
VEV_5500,5500,1,801800,5.0,2.0,5247.5,0.2319692393710472,5.499999999999773,-0.4999999999997726
VEV_5500,5500,1,807800,5.0,3.0,5249.0,0.2308788831937138,5.499999999999943,-0.49999999999994316
VEV_5500,5500,1,812600,4.0,4.0,5235.0,0.23043852074072493,4.5,-0.5
VEV_5500,5500,1,813000,4.0,3.0,5231.5,0.23289338140750626,4.500000000000057,-0.5000000000000568
VEV_5500,5500,1,824800,5.0,5.0,5250.5,0.2297878826610857,5.500000000000227,-0.5000000000002274
VEV_5500,5500,1,848900,7.0,5.0,5264.5,0.23711213333610873,7.500000000046896,-0.5000000000468958
VEV_5500,5500,1,851200,6.0,3.0,5260.5,0.23166708764121868,6.499999999999318,-0.4999999999993179
VEV_5500,5500,1,865400,6.0,5.0,5254.0,0.236535121416914,6.4999999999998295,-0.49999999999982947
VEV_5500,5500,1,868800,5.0,2.0,5248.5,0.2312424064906389,5.499999999999943,-0.49999999999994316
VEV_5500,5500,1,901100,5.0,4.0,5251.0,0.22942407136937745,5.500000000000227,-0.5000000000002274
VEV_5500,5500,1,921000,7.0,4.0,5269.5,0.23326310161954666,7.500000000023476,-0.5000000000234763
VEV_5500,5500,1,928400,8.0,3.0,5280.5,0.23244677234113598,8.500000000000455,-0.5000000000004547
VEV_5500,5500,1,937300,6.0,4.0,5260.0,0.23204204153430386,6.499999999999886,-0.4999999999998863
VEV_5500,5500,1,943100,5.0,4.0,5246.5,0.23269578907013844,5.500000000000114,-0.5000000000001137
VEV_5500,5500,1,948500,5.0,4.0,5249.5,0.23051528830257403,5.500000000000227,-0.5000000000002274
VEV_5500,5500,1,950300,5.0,5.0,5253.5,0.22760391926138288,5.499999999995055,-0.4999999999950546
VEV_5500,5500,1,988100,5.0,5.0,5253.5,0.22760391926138288,5.499999999995055,-0.4999999999950546
VEV_5500,5500,2,13100,6.0,3.0,5266.0,0.24576809485586698,6.499999999999147,-0.49999999999914735
VEV_5500,5500,2,20900,7.0,5.0,5270.5,0.25112025774541535,7.500000000001137,-0.5000000000011369
VEV_5500,5500,2,23500,6.0,2.0,5264.0,0.24739154693727158,6.499999999999886,-0.4999999999998863
VEV_5500,5500,2,29500,6.0,2.0,5266.5,0.2453619988228243,6.499999999999716,-0.4999999999997158
VEV_5500,5500,2,41900,5.0,2.0,5250.5,0.2481992805271086,5.4999999999998295,-0.49999999999982947
VEV_5500,5500,2,42900,5.0,4.0,5253.5,0.24584033044578182,5.5,-0.5
VEV_5500,5500,2,45100,5.0,5.0,5258.0,0.2473757059682723,6.000000000000284,-1.0000000000002842
VEV_5500,5500,2,52900,6.0,5.0,5261.0,0.2498239676742141,6.500000000000114,-0.5000000000001137
VEV_5500,5500,2,75200,5.0,4.0,5255.5,0.2442661011708664,5.500000000000455,-0.5000000000004547
VEV_5500,5500,2,79300,5.0,5.0,5257.5,0.24777517579677455,6.0,-1.0
VEV_5500,5500,2,102600,6.0,2.0,5265.0,0.2465800065949981,6.499999999999716,-0.4999999999997158
VEV_5500,5500,2,105500,5.0,5.0,5258.5,0.24697615065674125,6.000000000000114,-1.0000000000001137
VEV_5500,5500,2,129700,5.0,4.0,5255.0,0.24465977954159218,5.500000000000114,-0.5000000000001137
VEV_5500,5500,2,169000,6.0,3.0,5271.5,0.24586599803960618,7.000000000000227,-1.0000000000002274
VEV_5500,5500,2,171800,7.0,5.0,5272.5,0.24945365410494846,7.500000000000966,-0.5000000000009663
VEV_5500,5500,2,189100,6.0,4.0,5259.0,0.25144377554461816,6.500000000000057,-0.5000000000000568
VEV_5500,5500,2,204400,6.0,5.0,5260.5,0.25022905389301414,6.5000000000001705,-0.5000000000001705
VEV_5500,5500,2,225500,6.0,5.0,5267.5,0.24454952463518392,6.499999999999773,-0.4999999999997726
VEV_5500,5500,2,239400,6.0,2.0,5261.5,0.24941879138881623,6.499999999999886,-0.4999999999998863
VEV_5500,5500,2,253000,6.0,3.0,5267.5,0.24915876067224166,6.9999999999998295,-0.9999999999998295
VEV_5500,5500,2,268900,8.0,4.0,5280.5,0.25107120962079277,8.500000000000341,-0.5000000000003411
VEV_5500,5500,2,272000,8.0,3.0,5279.5,0.25192571738793873,8.499999999999886,-0.4999999999998863
VEV_5500,5500,2,275200,7.0,5.0,5276.5,0.24611544932399923,7.500000000000057,-0.5000000000000568
VEV_5500,5500,2,287100,7.0,2.0,5276.5,0.25035943980806585,7.9999999999990905,-0.9999999999990905
VEV_5500,5500,2,287600,7.0,2.0,5277.5,0.24951487342103584,7.999999999999886,-0.9999999999998863
VEV_5500,5500,2,289300,7.0,2.0,5273.5,0.24861973241913143,7.500000000000568,-0.5000000000005684
VEV_5500,5500,2,294600,7.0,2.0,5268.0,0.2532012202501685,7.5000000000019895,-0.5000000000019895
VEV_5500,5500,2,316700,7.0,3.0,5275.5,0.2469506332841152,7.500000000000398,-0.5000000000003979
VEV_5500,5500,2,317500,7.0,3.0,5275.5,0.2469506332841152,7.500000000000398,-0.5000000000003979
VEV_5500,5500,2,320800,7.0,5.0,5274.5,0.24778539322516646,7.50000000000108,-0.50000000000108
VEV_5500,5500,2,321600,7.0,4.0,5270.5,0.25112025774541535,7.500000000001137,-0.5000000000011369
VEV_5500,5500,2,341400,7.0,4.0,5270.5,0.25112025774541535,7.500000000001137,-0.5000000000011369
VEV_5500,5500,2,347800,6.0,4.0,5265.0,0.2465800065949981,6.499999999999716,-0.4999999999997158
VEV_5500,5500,2,350700,6.0,4.0,5263.0,0.24820271870540608,6.499999999999716,-0.4999999999997158
VEV_5500,5500,2,358500,6.0,2.0,5263.0,0.24820271870540608,6.499999999999716,-0.4999999999997158
VEV_5500,5500,2,362600,6.0,5.0,5262.5,0.2486081672488112,6.500000000000284,-0.5000000000002842
VEV_5500,5500,2,365600,5.0,4.0,5258.5,0.24190231465742168,5.4999999999998295,-0.49999999999982947
VEV_5500,5500,2,373800,5.0,4.0,5251.0,0.24780631941965586,5.499999999999886,-0.4999999999998863
VEV_5500,5500,2,376300,5.0,5.0,5254.5,0.24505337700756222,5.500000000000227,-0.5000000000002274
VEV_5500,5500,2,389000,4.0,2.0,5239.0,0.24586782768506335,4.500000000000284,-0.5000000000002842
VEV_5500,5500,2,390300,4.0,3.0,5239.5,0.24548825332519036,4.500000000000057,-0.5000000000000568
VEV_5500,5500,2,398200,4.0,2.0,5234.0,0.24965995545905345,4.5,-0.5
VEV_5500,5500,2,410200,3.0,5.0,5228.5,0.24077889908204186,3.500000000000057,-0.5000000000000568
VEV_5500,5500,2,414900,3.0,3.0,5226.5,0.24223728793767918,3.5000000000256932,-0.5000000000256932
VEV_5500,5500,2,415500,3.0,4.0,5228.5,0.24077889908204186,3.500000000000057,-0.5000000000000568
VEV_5500,5500,2,423800,4.0,5.0,5232.5,0.2507963339478735,4.499999999999943,-0.49999999999994316
VEV_5500,5500,2,433100,4.0,2.0,5239.0,0.24586782768506335,4.500000000000284,-0.5000000000002842
VEV_5500,5500,2,443600,4.0,4.0,5237.5,0.2470061528693782,4.5000000000001705,-0.5000000000001705
VEV_5500,5500,2,456200,4.0,2.0,5237.5,0.2470061528693782,4.5000000000001705,-0.5000000000001705
VEV_5500,5500,2,461200,3.0,3.0,5235.5,0.23566742746834207,3.500000000000057,-0.5000000000000568
VEV_5500,5500,2,483400,4.0,5.0,5246.0,0.2405476217515798,4.4999999999998295,-0.49999999999982947
VEV_5500,5500,2,495700,4.0,5.0,5242.5,0.24320939700178837,4.500000000000114,-0.5000000000001137
VEV_5500,5500,2,501900,4.0,3.0,5242.0,0.24358937553032883,4.5000000000001705,-0.5000000000001705
VEV_5500,5500,2,508800,3.0,5.0,5235.5,0.23566742746834207,3.500000000000057,-0.5000000000000568
VEV_5500,5500,2,519600,4.0,5.0,5247.5,0.23940581500286898,4.500000000000398,-0.5000000000003979
VEV_5500,5500,2,554600,4.0,5.0,5242.5,0.24320939700178837,4.500000000000114,-0.5000000000001137
VEV_5500,5500,2,555700,4.0,3.0,5241.5,0.243969286063252,4.499999999999943,-0.49999999999994316
VEV_5500,5500,2,566700,3.0,2.0,5231.0,0.23895465770953184,3.5000000000234763,-0.5000000000234763
VEV_5500,5500,2,575100,3.0,4.0,5231.5,0.23858963993838894,3.500000000013131,-0.5000000000131308
VEV_5500,5500,2,587100,2.0,4.0,5212.5,0.2365941718148941,2.499999999999602,-0.4999999999996021
VEV_5500,5500,2,588500,2.0,4.0,5214.5,0.23520697004993477,2.500000000000057,-0.5000000000000568
VEV_5500,5500,2,593000,3.0,5.0,5219.5,0.24733481922337797,3.4999999999986926,-0.4999999999986926
VEV_5500,5500,2,604100,4.0,2.0,5243.5,0.24244923493154796,4.4999999999998295,-0.49999999999982947
VEV_5500,5500,2,622600,3.0,4.0,5234.5,0.23639832870365982,3.5,-0.5
VEV_5500,5500,2,642400,4.0,2.0,5243.5,0.24244923493154796,4.4999999999998295,-0.49999999999982947
VEV_5500,5500,2,644500,4.0,4.0,5246.0,0.2405476217515798,4.4999999999998295,-0.49999999999982947
VEV_5500,5500,2,666500,4.0,2.0,5255.0,0.23368706493477864,4.499999999999773,-0.4999999999997726
VEV_5500,5500,2,688600,6.0,2.0,5274.5,0.23885143955750895,6.499999999999545,-0.49999999999954525
VEV_5500,5500,2,691100,6.0,5.0,5271.5,0.24129581277085993,6.499999999999943,-0.49999999999994316
VEV_5500,5500,2,695800,5.0,5.0,5268.5,0.23400102997407382,5.499999999999886,-0.4999999999998863
VEV_5500,5500,2,711900,5.0,3.0,5258.5,0.24190231465742168,5.4999999999998295,-0.49999999999982947
VEV_5500,5500,2,726600,3.0,2.0,5230.0,0.23968452311284602,3.4999999999674856,-0.49999999996748556
VEV_5500,5500,2,733200,3.0,4.0,5230.5,0.23931961869644236,3.5000000000321734,-0.5000000000321734
VEV_5500,5500,2,748500,2.0,2.0,5214.5,0.23520697004993477,2.500000000000057,-0.5000000000000568
VEV_5500,5500,2,763500,2.0,5.0,5222.5,0.22965104860202,2.4999999999995453,-0.49999999999954525
VEV_5500,5500,2,764000,2.0,3.0,5227.5,0.23420053215107814,2.999999999998238,-0.9999999999982379
VEV_5500,5500,2,779200,3.0,4.0,5243.5,0.2298116034314098,3.5000000000001705,-0.5000000000001705
VEV_5500,5500,2,793900,3.0,2.0,5242.0,0.23091075939177963,3.5,-0.5
VEV_5500,5500,2,808800,4.0,4.0,5260.0,0.22986524120793372,4.500000000000057,-0.5000000000000568
VEV_5500,5500,2,825900,4.0,2.0,5256.5,0.2325413191018385,4.500000000000114,-0.5000000000001137
VEV_5500,5500,2,826400,4.0,4.0,5255.5,0.23330522509216536,4.499999999999943,-0.49999999999994316
VEV_5500,5500,2,836300,4.0,4.0,5256.5,0.2325413191018385,4.500000000000114,-0.5000000000001137
VEV_5500,5500,2,872600,3.0,2.0,5248.5,0.22614365325595778,3.5,-0.5
VEV_5500,5500,2,876500,3.0,3.0,5244.5,0.22907852086953373,3.5,-0.5
VEV_5500,5500,2,898600,5.0,2.0,5280.5,0.22447182846071645,5.499999999998863,-0.49999999999886313
VEV_5500,5500,2,910900,5.0,4.0,5277.5,0.22685924854117004,5.499999999999147,-0.49999999999914735
VEV_5500,5500,2,924200,6.0,5.0,5286.5,0.22903710781860376,6.499999999999943,-0.49999999999994316
VEV_5500,5500,2,934900,5.0,5.0,5279.5,0.22526802548320543,5.499999999998806,-0.4999999999988063
VEV_5500,5500,2,948000,5.0,4.0,5276.5,0.22765428075104713,5.499999999999773,-0.4999999999997726
VEV_5500,5500,2,948500,5.0,5.0,5275.5,0.2284489308115737,5.4999999999987494,-0.49999999999874944
VEV_5500,5500,2,972800,4.0,2.0,5269.5,0.2225820294094941,4.499999999999943,-0.49999999999994316
VEV_5500,5500,2,977300,4.0,4.0,5269.5,0.2225820294094941,4.499999999999943,-0.49999999999994316
VEV_5500,5500,2,977500,4.0,2.0,5269.5,0.2225820294094941,4.499999999999943,-0.49999999999994316
VEV_5500,5500,2,993800,5.0,5.0,5280.5,0.22447182846071645,5.499999999998863,-0.49999999999886313
VEV_6000,6000,0,2900,0.0,3.0,5246.5,0.35499331630918735,0.5000000000000142,-0.5000000000000142
VEV_6000,6000,0,15200,0.0,5.0,5243.5,0.3563498775565803,0.499999999999968,-0.499999999999968
VEV_6000,6000,0,31700,0.0,5.0,5230.5,0.3622322005413379,0.5000000000000178,-0.5000000000000178
VEV_6000,6000,0,45100,0.0,2.0,5234.5,0.36042157443098194,0.499999999999968,-0.499999999999968
VEV_6000,6000,0,68400,0.0,5.0,5232.5,0.36132681114325405,0.5000000000000178,-0.5000000000000178
VEV_6000,6000,0,69500,0.0,5.0,5241.5,0.35725443695801073,0.5000000000000071,-0.5000000000000071
VEV_6000,6000,0,87400,0.0,3.0,5240.5,0.35770677253002603,0.49999999999999645,-0.49999999999999645
VEV_6000,6000,0,88900,0.0,4.0,5236.5,0.35951648961813176,0.5000000000000107,-0.5000000000000107
VEV_6000,6000,0,109700,0.0,4.0,5224.5,0.3649492926699872,0.49999999999995026,-0.49999999999995026
VEV_6000,6000,0,110600,0.0,3.0,5225.5,0.36449634717095086,0.5000000000000249,-0.5000000000000249
VEV_6000,6000,0,125700,0.0,4.0,5236.5,0.35951648961813176,0.5000000000000107,-0.5000000000000107
VEV_6000,6000,0,157400,0.0,2.0,5243.5,0.3563498775565803,0.499999999999968,-0.499999999999968
VEV_6000,6000,0,160800,0.0,4.0,5251.5,0.3527331151322804,0.5000000000000142,-0.5000000000000142
VEV_6000,6000,0,169900,0.0,5.0,5254.5,0.3513774305102262,0.5000000000054214,-0.5000000000054214
VEV_6000,6000,0,173700,0.0,2.0,5247.5,0.35454120291948304,0.5000000000000036,-0.5000000000000036
VEV_6000,6000,0,176000,0.0,3.0,5241.5,0.35725443695801073,0.5000000000000071,-0.5000000000000071
VEV_6000,6000,0,177200,0.0,2.0,5243.5,0.3563498775565803,0.499999999999968,-0.499999999999968
VEV_6000,6000,0,181700,0.0,4.0,5237.0,0.35929024205675963,0.5000000000000107,-0.5000000000000107
VEV_6000,6000,0,184900,0.0,2.0,5237.5,0.3590640039274152,0.4999999999999929,-0.4999999999999929
VEV_6000,6000,0,186600,0.0,3.0,5239.5,0.35815914548260464,0.4999999999999325,-0.4999999999999325
VEV_6000,6000,0,190100,0.0,4.0,5237.5,0.3590640039274152,0.4999999999999929,-0.4999999999999929
VEV_6000,6000,0,193000,0.0,2.0,5230.5,0.3622322005413379,0.5000000000000178,-0.5000000000000178
VEV_6000,6000,0,198200,0.0,5.0,5228.0,0.3633641531965819,0.49999999999999645,-0.49999999999999645
VEV_6000,6000,0,212900,0.0,2.0,5221.5,0.36630836325634497,0.4999999999999929,-0.4999999999999929
VEV_6000,6000,0,220100,0.0,5.0,5225.5,0.36449634717095086,0.5000000000000249,-0.5000000000000249
VEV_6000,6000,0,230000,0.0,5.0,5233.5,0.3608741737504717,0.5000000000000213,-0.5000000000000213
VEV_6000,6000,0,231000,0.0,3.0,5234.5,0.36042157443098194,0.499999999999968,-0.499999999999968
VEV_6000,6000,0,235100,0.0,3.0,5239.5,0.35815914548260464,0.4999999999999325,-0.4999999999999325
VEV_6000,6000,0,256500,0.0,4.0,5238.5,0.35861155591528826,0.4999999999999716,-0.4999999999999716
VEV_6000,6000,0,257800,0.0,4.0,5239.0,0.35838534600772315,0.5,-0.5
VEV_6000,6000,0,263400,0.0,2.0,5241.5,0.35725443695801073,0.5000000000000071,-0.5000000000000071
VEV_6000,6000,0,277200,0.0,3.0,5251.5,0.3527331151322804,0.5000000000000142,-0.5000000000000142
VEV_6000,6000,0,290700,0.0,5.0,5244.5,0.35589765352713026,0.500000000000032,-0.500000000000032
VEV_6000,6000,0,292800,0.0,3.0,5247.5,0.35454120291948304,0.5000000000000036,-0.5000000000000036
VEV_6000,6000,0,316700,0.0,5.0,5263.5,0.3473123077059343,0.49999999999946,-0.49999999999946
VEV_6000,6000,0,317600,0.0,2.0,5263.5,0.3473123077059343,0.49999999999946,-0.49999999999946
VEV_6000,6000,0,332300,0.0,4.0,5270.0,0.34437815494222995,0.4999999999999716,-0.4999999999999716
VEV_6000,6000,0,360000,0.0,4.0,5283.0,0.33851417434439063,0.49999999999834444,-0.49999999999834444
VEV_6000,6000,0,402100,0.0,3.0,5263.0,0.34753807271132037,0.4999999999993747,-0.4999999999993747
VEV_6000,6000,0,420400,0.0,3.0,5263.5,0.3473123077059343,0.49999999999946,-0.49999999999946
VEV_6000,6000,0,447800,0.0,5.0,5250.5,0.35318508241595425,0.5000000000000107,-0.5000000000000107
VEV_6000,6000,0,449700,0.0,5.0,5245.5,0.35544546647816705,0.5000000000000036,-0.5000000000000036
VEV_6000,6000,0,453100,0.0,3.0,5238.5,0.35861155591528826,0.4999999999999716,-0.4999999999999716
VEV_6000,6000,0,479200,0.0,2.0,5236.5,0.35951648961813176,0.5000000000000107,-0.5000000000000107
VEV_6000,6000,0,486200,0.0,4.0,5244.5,0.35589765352713026,0.500000000000032,-0.500000000000032
VEV_6000,6000,0,490300,0.0,2.0,5238.5,0.35861155591528826,0.4999999999999716,-0.4999999999999716
VEV_6000,6000,0,505700,0.0,4.0,5239.5,0.35815914548260464,0.4999999999999325,-0.4999999999999325
VEV_6000,6000,0,534700,0.0,5.0,5254.0,0.3516033553936617,0.5000000000044231,-0.5000000000044231
VEV_6000,6000,0,554500,0.0,4.0,5242.0,0.35702828315856144,0.5000000000000533,-0.5000000000000533
VEV_6000,6000,0,568800,0.0,3.0,5252.0,0.3525071450990804,0.4999999999999716,-0.4999999999999716
VEV_6000,6000,0,575000,0.0,5.0,5241.0,0.3574806000776754,0.5000000000000036,-0.5000000000000036
VEV_6000,6000,0,585000,0.0,4.0,5242.5,0.3568021386668358,0.4999999999999716,-0.4999999999999716
VEV_6000,6000,0,591100,0.0,2.0,5241.5,0.35725443695801073,0.5000000000000071,-0.5000000000000071
VEV_6000,6000,0,593300,0.0,2.0,5246.5,0.35499331630918735,0.5000000000000142,-0.5000000000000142
VEV_6000,6000,0,603000,0.0,2.0,5242.5,0.3568021386668358,0.4999999999999716,-0.4999999999999716
VEV_6000,6000,0,613300,0.0,5.0,5232.5,0.36132681114325405,0.5000000000000178,-0.5000000000000178
VEV_6000,6000,0,626500,0.0,2.0,5221.5,0.36630836325634497,0.4999999999999929,-0.4999999999999929
VEV_6000,6000,0,631900,0.0,4.0,5220.5,0.36676146513616203,0.4999999999999716,-0.4999999999999716
VEV_6000,6000,0,640300,0.0,5.0,5231.5,0.3617794867075352,0.5000000000000213,-0.5000000000000213
VEV_6000,6000,0,655800,0.0,5.0,5232.0,0.3615531441478237,0.4999999999999716,-0.4999999999999716
VEV_6000,6000,0,655900,0.0,3.0,5231.5,0.3617794867075352,0.5000000000000213,-0.5000000000000213
VEV_6000,6000,0,693200,0.0,2.0,5248.5,0.3540891262081448,0.49999999999998224,-0.49999999999998224
VEV_6000,6000,0,695000,0.0,2.0,5248.5,0.3540891262081448,0.49999999999998224,-0.49999999999998224
VEV_6000,6000,0,711600,0.0,2.0,5247.0,0.3547672550232289,0.5000000000000284,-0.5000000000000284
VEV_6000,6000,0,715000,0.0,3.0,5250.0,0.35341107969185886,0.5000000000000355,-0.5000000000000355
VEV_6000,6000,0,722600,0.0,3.0,5255.5,0.3509256077043139,0.49999999999431566,-0.49999999999431566
VEV_6000,6000,0,729100,0.0,3.0,5269.5,0.34460380710219907,0.4999999999999041,-0.4999999999999041
VEV_6000,6000,0,736700,0.0,2.0,5269.0,0.34482946786369667,0.49999999999989697,-0.49999999999989697
VEV_6000,6000,0,736800,0.0,2.0,5270.0,0.34437815494222995,0.4999999999999716,-0.4999999999999716
VEV_6000,6000,0,757300,0.0,5.0,5268.5,0.3450551372399183,0.4999999999998437,-0.4999999999998437
VEV_6000,6000,0,769300,0.0,5.0,5257.5,0.35002206958318655,0.4999999999967173,-0.4999999999967173
VEV_6000,6000,0,779600,0.0,4.0,5250.5,0.35318508241595425,0.5000000000000107,-0.5000000000000107
VEV_6000,6000,0,791300,0.0,3.0,5243.5,0.3563498775565803,0.499999999999968,-0.499999999999968
VEV_6000,6000,0,810000,0.0,5.0,5246.5,0.35499331630918735,0.5000000000000142,-0.5000000000000142
VEV_6000,6000,0,835500,0.0,5.0,5254.0,0.3516033553936617,0.5000000000044231,-0.5000000000044231
VEV_6000,6000,0,842900,0.0,5.0,5253.5,0.3518292892814777,0.5000000000032685,-0.5000000000032685
VEV_6000,6000,0,845100,0.0,5.0,5255.0,0.351151514618383,0.5000000000063523,-0.5000000000063523
VEV_6000,6000,0,859100,0.0,2.0,5252.0,0.3525071450990804,0.4999999999999716,-0.4999999999999716
VEV_6000,6000,0,859300,0.0,2.0,5254.5,0.3513774305102262,0.5000000000054214,-0.5000000000054214
VEV_6000,6000,0,862500,0.0,2.0,5247.5,0.35454120291948304,0.5000000000000036,-0.5000000000000036
VEV_6000,6000,0,873700,0.0,4.0,5263.0,0.34753807271132037,0.4999999999993747,-0.4999999999993747
VEV_6000,6000,0,884000,0.0,5.0,5250.5,0.35318508241595425,0.5000000000000107,-0.5000000000000107
VEV_6000,6000,0,895800,0.0,3.0,5260.5,0.34866702957906626,0.49999999999858247,-0.49999999999858247
VEV_6000,6000,0,912400,0.0,4.0,5260.0,0.3488928474117382,0.4999999999983906,-0.4999999999983906
VEV_6000,6000,0,919500,0.0,4.0,5255.5,0.3509256077043139,0.49999999999431566,-0.49999999999431566
VEV_6000,6000,0,941200,0.0,2.0,5250.5,0.35318508241595425,0.5000000000000107,-0.5000000000000107
VEV_6000,6000,0,946600,0.0,4.0,5242.5,0.3568021386668358,0.4999999999999716,-0.4999999999999716
VEV_6000,6000,0,947800,0.0,5.0,5246.0,0.35521938678997145,0.500000000000032,-0.500000000000032
VEV_6000,6000,0,948900,0.0,3.0,5242.5,0.3568021386668358,0.4999999999999716,-0.4999999999999716
VEV_6000,6000,0,950000,0.0,4.0,5239.0,0.35838534600772315,0.5,-0.5
VEV_6000,6000,0,994300,0.0,3.0,5244.5,0.35589765352713026,0.500000000000032,-0.500000000000032
VEV_6000,6000,1,4500,0.0,2.0,5254.5,0.3756382738321456,0.49999999999952394,-0.49999999999952394
VEV_6000,6000,1,9600,0.0,4.0,5246.5,0.3795038183494035,0.4999999999974669,-0.4999999999974669
VEV_6000,6000,1,11800,0.0,4.0,5241.5,0.38192105800096166,0.5000000000056026,-0.5000000000056026
VEV_6000,6000,1,14800,0.0,4.0,5234.5,0.3853068703778255,0.5,-0.5
VEV_6000,6000,1,16700,0.0,2.0,5231.5,0.3867585396635809,0.5000000000000071,-0.5000000000000071
VEV_6000,6000,1,38500,0.0,5.0,5231.5,0.3867585396635809,0.5000000000000071,-0.5000000000000071
VEV_6000,6000,1,40400,0.0,4.0,5233.5,0.38579071940268406,0.49999999999998224,-0.49999999999998224
VEV_6000,6000,1,43400,0.0,5.0,5231.5,0.3867585396635809,0.5000000000000071,-0.5000000000000071
VEV_6000,6000,1,50700,0.0,5.0,5244.0,0.38071231446421205,0.49999999999600675,-0.49999999999600675
VEV_6000,6000,1,52800,0.0,3.0,5247.5,0.3790204888053692,0.499999999997911,-0.499999999997911
VEV_6000,6000,1,53400,0.0,2.0,5242.5,0.3814375307879902,0.4999999999947775,-0.4999999999947775
VEV_6000,6000,1,74100,0.0,3.0,5235.5,0.38482306194984073,0.5000000000000142,-0.5000000000000142
VEV_6000,6000,1,85300,0.0,2.0,5235.0,0.3850649610958062,0.5000000000000249,-0.5000000000000249
VEV_6000,6000,1,86100,0.0,5.0,5237.0,0.38409742519642076,0.5000000000000178,-0.5000000000000178
VEV_6000,6000,1,89800,0.0,4.0,5243.5,0.38095404332408156,0.4999999999956515,-0.4999999999956515
VEV_6000,6000,1,120300,0.0,4.0,5257.5,0.3741893320544887,0.49999999999971223,-0.49999999999971223
VEV_6000,6000,1,127200,0.0,3.0,5264.0,0.3710511311767535,0.4999999999999183,-0.4999999999999183
VEV_6000,6000,1,135900,0.0,3.0,5263.0,0.37153382769876037,0.49999999999995026,-0.49999999999995026
VEV_6000,6000,1,145500,0.0,2.0,5261.5,0.37225794284932595,0.49999999999994316,-0.49999999999994316
VEV_6000,6000,1,150600,0.0,2.0,5265.5,0.37032715648246933,0.49999999999995737,-0.49999999999995737
VEV_6000,6000,1,153000,0.0,4.0,5256.5,0.3746722743802062,0.4999999999996376,-0.4999999999996376
VEV_6000,6000,1,170400,0.0,5.0,5249.5,0.3780539472416702,0.4999999999985434,-0.4999999999985434
VEV_6000,6000,1,170500,0.0,3.0,5248.5,0.3785371984721518,0.49999999999824496,-0.49999999999824496
VEV_6000,6000,1,172500,0.0,5.0,5249.5,0.3780539472416702,0.4999999999985434,-0.4999999999985434
VEV_6000,6000,1,190100,0.0,3.0,5238.5,0.38337187919238613,0.500000000001414,-0.500000000001414
VEV_6000,6000,1,195600,0.0,3.0,5235.5,0.38482306194984073,0.5000000000000142,-0.5000000000000142
VEV_6000,6000,1,206200,0.0,3.0,5244.5,0.38047059550120654,0.4999999999963727,-0.4999999999963727
VEV_6000,6000,1,235300,0.0,3.0,5245.5,0.3799871872121291,0.4999999999969482,-0.4999999999969482
VEV_6000,6000,1,252500,0.0,2.0,5264.5,0.37080979694746197,0.49999999999997513,-0.49999999999997513
VEV_6000,6000,1,304000,0.0,3.0,5266.0,0.3700858502188048,0.49999999999998224,-0.49999999999998224
VEV_6000,6000,1,310100,0.0,5.0,5268.5,0.36887945802802113,0.4999999999999787,-0.4999999999999787
VEV_6000,6000,1,322000,0.0,2.0,5252.5,0.3766044270825327,0.4999999999991971,-0.4999999999991971
VEV_6000,6000,1,322600,0.0,4.0,5253.5,0.37612133117780894,0.4999999999993783,-0.4999999999993783
VEV_6000,6000,1,350300,0.0,4.0,5246.5,0.3795038183494035,0.4999999999974669,-0.4999999999974669
VEV_6000,6000,1,376600,0.0,5.0,5246.5,0.3795038183494035,0.4999999999974669,-0.4999999999974669
VEV_6000,6000,1,377900,0.0,2.0,5248.5,0.3785371984721518,0.49999999999824496,-0.49999999999824496
VEV_6000,6000,1,399700,0.0,5.0,5240.5,0.3824046250678107,0.5000000000044054,-0.5000000000044054
VEV_6000,6000,1,410400,0.0,3.0,5235.5,0.38482306194984073,0.5000000000000142,-0.5000000000000142
VEV_6000,6000,1,428000,0.0,2.0,5232.5,0.3862746091296056,0.5000000000000036,-0.5000000000000036
VEV_6000,6000,1,437100,0.0,4.0,5233.5,0.38579071940268406,0.49999999999998224,-0.49999999999998224
VEV_6000,6000,1,455700,0.0,4.0,5247.5,0.3790204888053692,0.499999999997911,-0.499999999997911
VEV_6000,6000,1,460400,0.0,3.0,5250.5,0.3775707350056205,0.4999999999988063,-0.4999999999988063
VEV_6000,6000,1,476500,0.0,2.0,5256.5,0.3746722743802062,0.4999999999996376,-0.4999999999996376
VEV_6000,6000,1,489700,0.0,4.0,5239.5,0.382888232096152,0.5000000000030234,-0.5000000000030234
VEV_6000,6000,1,502700,0.0,2.0,5249.5,0.3780539472416702,0.4999999999985434,-0.4999999999985434
VEV_6000,6000,1,519500,0.0,4.0,5258.5,0.3737064278489373,0.49999999999978684,-0.49999999999978684
VEV_6000,6000,1,524000,0.0,4.0,5259.5,0.37322356165326653,0.4999999999998259,-0.4999999999998259
VEV_6000,6000,1,547600,0.0,4.0,5231.5,0.3867585396635809,0.5000000000000071,-0.5000000000000071
VEV_6000,6000,1,548400,0.0,5.0,5232.5,0.3862746091296056,0.5000000000000036,-0.5000000000000036
VEV_6000,6000,1,553100,0.0,4.0,5229.5,0.3877265235716307,0.4999999999999858,-0.4999999999999858
VEV_6000,6000,1,564300,0.0,2.0,5232.0,0.38651656928915806,0.5000000000000071,-0.5000000000000071
VEV_6000,6000,1,567200,0.0,2.0,5234.0,0.3855487898090667,0.5000000000000142,-0.5000000000000142
VEV_6000,6000,1,568900,0.0,4.0,5240.5,0.3824046250678107,0.5000000000044054,-0.5000000000044054
VEV_6000,6000,1,574800,0.0,2.0,5233.0,0.3860326591718209,0.5000000000000107,-0.5000000000000107
VEV_6000,6000,1,575800,0.0,5.0,5234.0,0.3855487898090667,0.5000000000000142,-0.5000000000000142
VEV_6000,6000,1,588200,0.0,4.0,5245.5,0.3799871872121291,0.4999999999969482,-0.4999999999969482
VEV_6000,6000,1,604600,0.0,5.0,5229.0,0.3879685452165445,0.5000000000000213,-0.5000000000000213
VEV_6000,6000,1,617900,0.0,2.0,5234.0,0.3855487898090667,0.5000000000000142,-0.5000000000000142
VEV_6000,6000,1,618300,0.0,2.0,5233.0,0.3860326591718209,0.5000000000000107,-0.5000000000000107
VEV_6000,6000,1,624400,0.0,2.0,5238.5,0.38337187919238613,0.500000000001414,-0.500000000001414
VEV_6000,6000,1,631700,0.0,3.0,5220.5,0.3920844986319325,0.5000000000033182,-0.5000000000033182
VEV_6000,6000,1,636100,0.0,4.0,5223.5,0.3906314655224049,0.5000000000000568,-0.5000000000000568
VEV_6000,6000,1,642100,0.0,4.0,5214.5,0.39499170300269065,0.4999999999963123,-0.4999999999963123
VEV_6000,6000,1,654200,0.0,2.0,5206.5,0.39887036841003587,0.500000000000032,-0.500000000000032
VEV_6000,6000,1,674000,0.0,3.0,5223.5,0.3906314655224049,0.5000000000000568,-0.5000000000000568
VEV_6000,6000,1,684000,0.0,5.0,5229.0,0.3879685452165445,0.5000000000000213,-0.5000000000000213
VEV_6000,6000,1,701200,0.0,2.0,5242.5,0.3814375307879902,0.4999999999947775,-0.4999999999947775
VEV_6000,6000,1,703200,0.0,5.0,5250.5,0.3775707350056205,0.4999999999988063,-0.4999999999988063
VEV_6000,6000,1,710500,0.0,5.0,5256.5,0.3746722743802062,0.4999999999996376,-0.4999999999996376
VEV_6000,6000,1,715000,0.0,5.0,5269.5,0.36839696581553777,0.49999999999997513,-0.49999999999997513
VEV_6000,6000,1,720500,0.0,2.0,5266.5,0.3698445532490172,0.49999999999995737,-0.49999999999995737
VEV_6000,6000,1,725000,0.0,4.0,5266.5,0.3698445532490172,0.49999999999995737,-0.49999999999995737
VEV_6000,6000,1,735100,0.0,4.0,5281.5,0.36260989572733215,0.5000000000000071,-0.5000000000000071
VEV_6000,6000,1,741900,0.0,4.0,5265.5,0.37032715648246933,0.49999999999995737,-0.49999999999995737
VEV_6000,6000,1,746300,0.0,4.0,5277.0,0.3647794388062609,0.5000000000000533,-0.5000000000000533
VEV_6000,6000,1,754200,0.0,3.0,5260.5,0.37274073335697194,0.4999999999998437,-0.4999999999998437
VEV_6000,6000,1,760000,0.0,2.0,5276.5,0.3650205438664275,0.4999999999999787,-0.4999999999999787
VEV_6000,6000,1,785800,0.0,3.0,5254.5,0.3756382738321456,0.49999999999952394,-0.49999999999952394
VEV_6000,6000,1,798100,0.0,4.0,5255.5,0.3751552549361507,0.49999999999960565,-0.49999999999960565
VEV_6000,6000,1,800400,0.0,3.0,5249.5,0.3780539472416702,0.4999999999985434,-0.4999999999985434
VEV_6000,6000,1,801800,0.0,2.0,5247.5,0.3790204888053692,0.499999999997911,-0.499999999997911
VEV_6000,6000,1,807800,0.0,3.0,5249.0,0.378295567975832,0.49999999999841904,-0.49999999999841904
VEV_6000,6000,1,812600,0.0,4.0,5235.0,0.3850649610958062,0.5000000000000249,-0.5000000000000249
VEV_6000,6000,1,813000,0.0,3.0,5231.5,0.3867585396635809,0.5000000000000071,-0.5000000000000071
VEV_6000,6000,1,824800,0.0,5.0,5250.5,0.3775707350056205,0.4999999999988063,-0.4999999999988063
VEV_6000,6000,1,848900,0.0,5.0,5264.5,0.37080979694746197,0.49999999999997513,-0.49999999999997513
VEV_6000,6000,1,851200,0.0,3.0,5260.5,0.37274073335697194,0.4999999999998437,-0.4999999999998437
VEV_6000,6000,1,865400,0.0,5.0,5254.0,0.37587979769192786,0.4999999999994742,-0.4999999999994742
VEV_6000,6000,1,868800,0.0,2.0,5248.5,0.3785371984721518,0.49999999999824496,-0.49999999999824496
VEV_6000,6000,1,901100,0.0,4.0,5251.0,0.3773291434766041,0.4999999999989342,-0.4999999999989342
VEV_6000,6000,1,921000,0.0,4.0,5269.5,0.36839696581553777,0.49999999999997513,-0.49999999999997513
VEV_6000,6000,1,928400,0.0,3.0,5280.5,0.3630919540751029,0.5000000000000462,-0.5000000000000462
VEV_6000,6000,1,937300,0.0,4.0,5260.0,0.3729821427746151,0.4999999999998437,-0.4999999999998437
VEV_6000,6000,1,943100,0.0,4.0,5246.5,0.3795038183494035,0.4999999999974669,-0.4999999999974669
VEV_6000,6000,1,948500,0.0,4.0,5249.5,0.3780539472416702,0.4999999999985434,-0.4999999999985434
VEV_6000,6000,1,950300,0.0,5.0,5253.5,0.37612133117780894,0.4999999999993783,-0.4999999999993783
VEV_6000,6000,1,988100,0.0,5.0,5253.5,0.37612133117780894,0.4999999999993783,-0.4999999999993783
VEV_6000,6000,1,990300,0.0,5.0,5258.5,0.3737064278489373,0.49999999999978684,-0.49999999999978684
VEV_6000,6000,2,13100,0.0,3.0,5266.0,0.3997384052358633,0.4999999999949125,-0.4999999999949125
VEV_6000,6000,2,20900,0.0,5.0,5270.5,0.3973930901644765,0.5000000000033964,-0.5000000000033964
VEV_6000,6000,2,23500,0.0,2.0,5264.0,0.40078102783428154,0.49999999999660716,-0.49999999999660716
VEV_6000,6000,2,29500,0.0,2.0,5266.5,0.39947777472041157,0.499999999994472,-0.499999999994472
VEV_6000,6000,2,41900,0.0,2.0,5250.5,0.4078230048132221,0.500000000000032,-0.500000000000032
VEV_6000,6000,2,42900,0.0,4.0,5253.5,0.406257469750619,0.4999999999999787,-0.4999999999999787
VEV_6000,6000,2,45100,0.0,5.0,5258.0,0.4039098689750522,0.5,-0.5
VEV_6000,6000,2,52900,0.0,5.0,5261.0,0.40234526500128015,0.4999999999999254,-0.4999999999999254
VEV_6000,6000,2,75200,0.0,4.0,5255.5,0.40521398814774745,0.4999999999999645,-0.4999999999999645
VEV_6000,6000,2,79300,0.0,5.0,5257.5,0.4041706721926197,0.5,-0.5
VEV_6000,6000,2,102600,0.0,2.0,5265.0,0.40025969639751224,0.4999999999957261,-0.4999999999957261
VEV_6000,6000,2,105500,0.0,5.0,5258.5,0.4036490760362226,0.49999999999997513,-0.49999999999997513
VEV_6000,6000,2,129700,0.0,4.0,5255.0,0.4054748429819631,0.499999999999968,-0.499999999999968
VEV_6000,6000,2,169000,0.0,3.0,5271.5,0.3968720183467647,0.5000000000029381,-0.5000000000029381
VEV_6000,6000,2,171800,0.0,5.0,5272.5,0.39635098601307067,0.5000000000000107,-0.5000000000000107
VEV_6000,6000,2,189100,0.0,4.0,5259.0,0.4033882933612399,0.4999999999999787,-0.4999999999999787
VEV_6000,6000,2,204400,0.0,5.0,5260.5,0.40260600677016845,0.5000000000000071,-0.5000000000000071
VEV_6000,6000,2,225500,0.0,5.0,5267.5,0.39895654374553613,0.5000000000050981,-0.5000000000050981
VEV_6000,6000,2,239400,0.0,2.0,5261.5,0.40208453342147565,0.49999999999929656,-0.49999999999929656
VEV_6000,6000,2,253000,0.0,3.0,5267.5,0.39895654374553613,0.5000000000050981,-0.5000000000050981
VEV_6000,6000,2,268900,0.0,4.0,5280.5,0.3921841340064952,0.5000000000000178,-0.5000000000000178
VEV_6000,6000,2,272000,0.0,3.0,5279.5,0.392704854903062,0.5,-0.5
VEV_6000,6000,2,275200,0.0,5.0,5276.5,0.3942672490650215,0.4999999999999929,-0.4999999999999929
VEV_6000,6000,2,287100,0.0,2.0,5276.5,0.3942672490650215,0.4999999999999929,-0.4999999999999929
VEV_6000,6000,2,287600,0.0,2.0,5277.5,0.39374641230797375,0.5000000000000284,-0.5000000000000284
VEV_6000,6000,2,289300,0.0,2.0,5273.5,0.3958299930412363,0.49999999999995737,-0.49999999999995737
VEV_6000,6000,2,294600,0.0,2.0,5268.0,0.3986959432547692,0.5000000000047429,-0.5000000000047429
VEV_6000,6000,2,316700,0.0,3.0,5275.5,0.3947881246905056,0.5000000000000142,-0.5000000000000142
VEV_6000,6000,2,317500,0.0,3.0,5275.5,0.3947881246905056,0.5000000000000142,-0.5000000000000142
VEV_6000,6000,2,320800,0.0,5.0,5274.5,0.39530903930810085,0.5000000000000213,-0.5000000000000213
VEV_6000,6000,2,321600,0.0,4.0,5270.5,0.3973930901644765,0.5000000000033964,-0.5000000000033964
VEV_6000,6000,2,341400,0.0,4.0,5270.5,0.3973930901644765,0.5000000000033964,-0.5000000000033964
VEV_6000,6000,2,347800,0.0,4.0,5265.0,0.40025969639751224,0.4999999999957261,-0.4999999999957261
VEV_6000,6000,2,350700,0.0,4.0,5263.0,0.40130239966688835,0.49999999999755573,-0.49999999999755573
VEV_6000,6000,2,358500,0.0,2.0,5263.0,0.40130239966688835,0.49999999999755573,-0.49999999999755573
VEV_6000,6000,2,362600,0.0,5.0,5262.5,0.4015631007692936,0.4999999999981313,-0.4999999999981313
VEV_6000,6000,2,365600,0.0,4.0,5258.5,0.4036490760362226,0.49999999999997513,-0.49999999999997513
VEV_6000,6000,2,373800,0.0,4.0,5251.0,0.40756205613746344,0.49999999999999645,-0.49999999999999645
VEV_6000,6000,2,376300,0.0,5.0,5254.5,0.4057357081839851,0.4999999999999538,-0.4999999999999538
VEV_6000,6000,2,389000,0.0,2.0,5239.0,0.41382775198235305,0.49999999999999645,-0.49999999999999645
VEV_6000,6000,2,390300,0.0,3.0,5239.5,0.4135665581142225,0.5000000000000284,-0.5000000000000284
VEV_6000,6000,2,398200,0.0,2.0,5234.0,0.41644028888958357,0.49999999999998224,-0.49999999999998224
VEV_6000,6000,2,410200,0.0,5.0,5228.5,0.4193153478198027,0.4999999999999716,-0.4999999999999716
VEV_6000,6000,2,414900,0.0,3.0,5226.5,0.4203611567684497,0.49999999999999645,-0.49999999999999645
VEV_6000,6000,2,415500,0.0,4.0,5228.5,0.4193153478198027,0.4999999999999716,-0.4999999999999716
VEV_6000,6000,2,423800,0.0,5.0,5232.5,0.41722426335796897,0.49999999999997513,-0.49999999999997513
VEV_6000,6000,2,433100,0.0,2.0,5239.0,0.41382775198235305,0.49999999999999645,-0.49999999999999645
VEV_6000,6000,2,443600,0.0,4.0,5237.5,0.41461139864759683,0.5000000000000036,-0.5000000000000036
VEV_6000,6000,2,456200,0.0,2.0,5237.5,0.41461139864759683,0.5000000000000036,-0.5000000000000036
VEV_6000,6000,2,461200,0.0,3.0,5235.5,0.41565641321071006,0.5000000000000036,-0.5000000000000036
VEV_6000,6000,2,483400,0.0,5.0,5246.0,0.4101720171691285,0.4999999999999929,-0.4999999999999929
VEV_6000,6000,2,495700,0.0,5.0,5242.5,0.41199962161346615,0.49999999999999645,-0.49999999999999645
VEV_6000,6000,2,501900,0.0,3.0,5242.0,0.412260750779809,0.49999999999998224,-0.49999999999998224
VEV_6000,6000,2,508800,0.0,5.0,5235.5,0.41565641321071006,0.5000000000000036,-0.5000000000000036
VEV_6000,6000,2,519600,0.0,5.0,5247.5,0.4093889178887572,0.500000000000032,-0.500000000000032
VEV_6000,6000,2,548600,0.0,2.0,5238.0,0.41435017223471715,0.5000000000000178,-0.5000000000000178
VEV_6000,6000,2,554600,0.0,5.0,5242.5,0.41199962161346615,0.49999999999999645,-0.49999999999999645
VEV_6000,6000,2,555700,0.0,3.0,5241.5,0.41252189069378936,0.5,-0.5
VEV_6000,6000,2,566700,0.0,2.0,5231.0,0.4180083369987755,0.4999999999999929,-0.4999999999999929
VEV_6000,6000,2,575100,0.0,4.0,5231.5,0.41774696807575856,0.4999999999999858,-0.4999999999999858
VEV_6000,6000,2,587100,0.0,4.0,5212.5,0.4276868815531255,0.4999999999999716,-0.4999999999999716
VEV_6000,6000,2,588500,0.0,4.0,5214.5,0.42663980086417264,0.49999999999999645,-0.49999999999999645
VEV_6000,6000,2,593000,0.0,5.0,5219.5,0.42402290365502543,0.5000000000000284,-0.5000000000000284
VEV_6000,6000,2,604100,0.0,2.0,5243.5,0.411477395465963,0.49999999999998224,-0.49999999999998224
VEV_6000,6000,2,622600,0.0,4.0,5234.5,0.41617898603895326,0.4999999999999716,-0.4999999999999716
VEV_6000,6000,2,642400,0.0,2.0,5243.5,0.411477395465963,0.49999999999998224,-0.49999999999998224
VEV_6000,6000,2,644500,0.0,4.0,5246.0,0.4101720171691285,0.4999999999999929,-0.4999999999999929
VEV_6000,6000,2,666500,0.0,2.0,5255.0,0.4054748429819631,0.499999999999968,-0.499999999999968
VEV_6000,6000,2,688600,0.0,2.0,5274.5,0.39530903930810085,0.5000000000000213,-0.5000000000000213
VEV_6000,6000,2,691100,0.0,5.0,5271.5,0.3968720183467647,0.5000000000029381,-0.5000000000029381
VEV_6000,6000,2,695800,0.0,5.0,5268.5,0.3984353527418677,0.5000000000044658,-0.5000000000044658
VEV_6000,6000,2,711900,0.0,3.0,5258.5,0.4036490760362226,0.49999999999997513,-0.49999999999997513
VEV_6000,6000,2,726600,0.0,2.0,5230.0,0.41853110804369387,0.5000000000000213,-0.5000000000000213
VEV_6000,6000,2,733200,0.0,4.0,5230.5,0.41826971698337856,0.4999999999999467,-0.4999999999999467
VEV_6000,6000,2,748500,0.0,2.0,5214.5,0.42663980086417264,0.49999999999999645,-0.49999999999999645
VEV_6000,6000,2,763500,0.0,5.0,5222.5,0.42245331259044605,0.49999999999997513,-0.49999999999997513
VEV_6000,6000,2,764000,0.0,3.0,5227.5,0.4198382299739054,0.5000000000000178,-0.5000000000000178
VEV_6000,6000,2,779200,0.0,4.0,5243.5,0.411477395465963,0.49999999999998224,-0.49999999999998224
VEV_6000,6000,2,793900,0.0,2.0,5242.0,0.412260750779809,0.49999999999998224,-0.49999999999998224
VEV_6000,6000,2,808800,0.0,4.0,5260.0,0.4028667587431487,0.5000000000000071,-0.5000000000000071
VEV_6000,6000,2,825900,0.0,2.0,5256.5,0.40469230952350377,0.49999999999997513,-0.49999999999997513
VEV_6000,6000,2,826400,0.0,4.0,5255.5,0.40521398814774745,0.4999999999999645,-0.4999999999999645
VEV_6000,6000,2,836300,0.0,4.0,5256.5,0.40469230952350377,0.49999999999997513,-0.49999999999997513
VEV_6000,6000,2,872600,0.0,2.0,5248.5,0.40886690466678854,0.500000000000032,-0.500000000000032
VEV_6000,6000,2,876500,0.0,3.0,5244.5,0.4109552121356905,0.5000000000000178,-0.5000000000000178
VEV_6000,6000,2,898600,0.0,2.0,5280.5,0.3921841340064952,0.5000000000000178,-0.5000000000000178
VEV_6000,6000,2,910900,0.0,4.0,5277.5,0.39374641230797375,0.5000000000000284,-0.5000000000000284
VEV_6000,6000,2,924200,0.0,5.0,5286.5,0.38906061003243114,0.5000000000000036,-0.5000000000000036
VEV_6000,6000,2,934900,0.0,5.0,5279.5,0.392704854903062,0.5,-0.5
VEV_6000,6000,2,948000,0.0,4.0,5276.5,0.3942672490650215,0.4999999999999929,-0.4999999999999929
VEV_6000,6000,2,948500,0.0,5.0,5275.5,0.3947881246905056,0.5000000000000142,-0.5000000000000142
VEV_6000,6000,2,972800,0.0,2.0,5269.5,0.39791420158880275,0.5000000000039151,-0.5000000000039151
VEV_6000,6000,2,977300,0.0,4.0,5269.5,0.39791420158880275,0.5000000000039151,-0.5000000000039151
VEV_6000,6000,2,977500,0.0,2.0,5269.5,0.39791420158880275,0.5000000000039151,-0.5000000000039151
VEV_6000,6000,2,993800,0.0,5.0,5280.5,0.3921841340064952,0.5000000000000178,-0.5000000000000178
VEV_6500,6500,0,2900,0.0,3.0,5246.5,0.5369740514846416,0.4999999999999716,-0.4999999999999716
VEV_6500,6500,0,15200,0.0,5.0,5243.5,0.5382771228716445,0.5000000000000178,-0.5000000000000178
VEV_6500,6500,0,31700,0.0,5.0,5230.5,0.5439298081592502,0.5000000000000391,-0.5000000000000391
VEV_6500,6500,0,45100,0.0,2.0,5234.5,0.5421894709350155,0.49999999999998224,-0.49999999999998224
VEV_6500,6500,0,68400,0.0,5.0,5232.5,0.54305952257542,0.5,-0.5
VEV_6500,6500,0,69500,0.0,5.0,5241.5,0.5391461267207065,0.4999999999999716,-0.4999999999999716
VEV_6500,6500,0,87400,0.0,3.0,5240.5,0.5395807156730958,0.5,-0.5
VEV_6500,6500,0,88900,0.0,4.0,5236.5,0.541319652838068,0.5000000000000071,-0.5000000000000071
VEV_6500,6500,0,109700,0.0,4.0,5224.5,0.5465420725666785,0.5000000000000249,-0.5000000000000249
VEV_6500,6500,0,110600,0.0,3.0,5225.5,0.546106548243524,0.5000000000000391,-0.5000000000000391
VEV_6500,6500,0,125700,0.0,4.0,5236.5,0.541319652838068,0.5000000000000071,-0.5000000000000071
VEV_6500,6500,0,157400,0.0,2.0,5243.5,0.5382771228716445,0.5000000000000178,-0.5000000000000178
VEV_6500,6500,0,160800,0.0,4.0,5251.5,0.5348034208550142,0.5000000000000142,-0.5000000000000142
VEV_6500,6500,0,169900,0.0,5.0,5254.5,0.5335017332733052,0.49999999999998934,-0.49999999999998934
VEV_6500,6500,0,173700,0.0,2.0,5247.5,0.5365398099912178,0.5000000000000213,-0.5000000000000213
VEV_6500,6500,0,176000,0.0,3.0,5241.5,0.5391461267207065,0.4999999999999716,-0.4999999999999716
VEV_6500,6500,0,177200,0.0,2.0,5243.5,0.5382771228716445,0.5000000000000178,-0.5000000000000178
VEV_6500,6500,0,181700,0.0,4.0,5237.0,0.541102234758093,0.5000000000000355,-0.5000000000000355
VEV_6500,6500,0,184900,0.0,2.0,5237.5,0.5408848312433098,0.49999999999999645,-0.49999999999999645
VEV_6500,6500,0,186600,0.0,3.0,5239.5,0.5400153627109165,0.5000000000000213,-0.5000000000000213
VEV_6500,6500,0,190100,0.0,4.0,5237.5,0.5408848312433098,0.49999999999999645,-0.49999999999999645
VEV_6500,6500,0,193000,0.0,2.0,5230.5,0.5439298081592502,0.5000000000000391,-0.5000000000000391
VEV_6500,6500,0,198200,0.0,5.0,5228.0,0.5450179947308456,0.5000000000000178,-0.5000000000000178
VEV_6500,6500,0,212900,0.0,2.0,5221.5,0.5478489990460935,0.5000000000000533,-0.5000000000000533
VEV_6500,6500,0,220100,0.0,5.0,5225.5,0.546106548243524,0.5000000000000391,-0.5000000000000391
VEV_6500,6500,0,230000,0.0,5.0,5233.5,0.5426244675372837,0.5000000000000391,-0.5000000000000391
VEV_6500,6500,0,231000,0.0,3.0,5234.5,0.5421894709350155,0.49999999999998224,-0.49999999999998224
VEV_6500,6500,0,235100,0.0,3.0,5239.5,0.5400153627109165,0.5000000000000213,-0.5000000000000213
VEV_6500,6500,0,256500,0.0,4.0,5238.5,0.5404500678842856,0.5000000000000142,-0.5000000000000142
VEV_6500,6500,0,257800,0.0,4.0,5239.0,0.5402327080275272,0.5000000000000249,-0.5000000000000249
VEV_6500,6500,0,263400,0.0,2.0,5241.5,0.5391461267207065,0.4999999999999716,-0.4999999999999716
VEV_6500,6500,0,277200,0.0,3.0,5251.5,0.5348034208550142,0.5000000000000142,-0.5000000000000142
VEV_6500,6500,0,290700,0.0,5.0,5244.5,0.5378427078746266,0.4999999999999716,-0.4999999999999716
VEV_6500,6500,0,292800,0.0,3.0,5247.5,0.5365398099912178,0.5000000000000213,-0.5000000000000213
VEV_6500,6500,0,316700,0.0,5.0,5263.5,0.5295997636874784,0.5000000000000284,-0.5000000000000284
VEV_6500,6500,0,317600,0.0,2.0,5263.5,0.5295997636874784,0.5000000000000284,-0.5000000000000284
VEV_6500,6500,0,332300,0.0,4.0,5270.0,0.5267845443628579,0.5000000000000249,-0.5000000000000249
VEV_6500,6500,0,360000,0.0,4.0,5283.0,0.5211612655026318,0.5000000000000107,-0.5000000000000107
VEV_6500,6500,0,402100,0.0,3.0,5263.0,0.5298164184653079,0.5000000000000071,-0.5000000000000071
VEV_6500,6500,0,420400,0.0,3.0,5263.5,0.5295997636874784,0.5000000000000284,-0.5000000000000284
VEV_6500,6500,0,447800,0.0,5.0,5250.5,0.5352374317140383,0.5000000000000213,-0.5000000000000213
VEV_6500,6500,0,449700,0.0,5.0,5245.5,0.53740835076237,0.5000000000000249,-0.5000000000000249
VEV_6500,6500,0,453100,0.0,3.0,5238.5,0.5404500678842856,0.5000000000000142,-0.5000000000000142
VEV_6500,6500,0,479200,0.0,2.0,5236.5,0.541319652838068,0.5000000000000071,-0.5000000000000071
VEV_6500,6500,0,486200,0.0,4.0,5244.5,0.5378427078746266,0.4999999999999716,-0.4999999999999716
VEV_6500,6500,0,490300,0.0,2.0,5238.5,0.5404500678842856,0.5000000000000142,-0.5000000000000142
VEV_6500,6500,0,505700,0.0,4.0,5239.5,0.5400153627109165,0.5000000000000213,-0.5000000000000213
VEV_6500,6500,0,534700,0.0,5.0,5254.0,0.5337186453033048,0.5000000000000284,-0.5000000000000284
VEV_6500,6500,0,554500,0.0,4.0,5242.0,0.538928854010881,0.49999999999997513,-0.49999999999997513
VEV_6500,6500,0,568800,0.0,3.0,5252.0,0.5345864370034514,0.5000000000000178,-0.5000000000000178
VEV_6500,6500,0,575000,0.0,5.0,5241.0,0.5393634139393566,0.5,-0.5
VEV_6500,6500,0,585000,0.0,4.0,5242.5,0.538711595803611,0.5000000000000142,-0.5000000000000142
VEV_6500,6500,0,591100,0.0,2.0,5241.5,0.5391461267207065,0.4999999999999716,-0.4999999999999716
VEV_6500,6500,0,593300,0.0,2.0,5246.5,0.5369740514846416,0.4999999999999716,-0.4999999999999716
VEV_6500,6500,0,603000,0.0,2.0,5242.5,0.538711595803611,0.5000000000000142,-0.5000000000000142
VEV_6500,6500,0,613300,0.0,5.0,5232.5,0.54305952257542,0.5,-0.5
VEV_6500,6500,0,626500,0.0,2.0,5221.5,0.5478489990460935,0.5000000000000533,-0.5000000000000533
VEV_6500,6500,0,631900,0.0,4.0,5220.5,0.5482847592085718,0.5000000000000497,-0.5000000000000497
VEV_6500,6500,0,640300,0.0,5.0,5231.5,0.543494636099418,0.500000000000032,-0.500000000000032
VEV_6500,6500,0,655800,0.0,5.0,5232.0,0.5432770720235621,0.5000000000000178,-0.5000000000000178
VEV_6500,6500,0,655900,0.0,3.0,5231.5,0.543494636099418,0.500000000000032,-0.500000000000032
VEV_6500,6500,0,693200,0.0,2.0,5248.5,0.5361056262318299,0.5000000000000071,-0.5000000000000071
VEV_6500,6500,0,695000,0.0,2.0,5248.5,0.5361056262318299,0.5000000000000071,-0.5000000000000071
VEV_6500,6500,0,711600,0.0,2.0,5247.0,0.5367569235180328,0.5000000000000036,-0.5000000000000036
VEV_6500,6500,0,715000,0.0,3.0,5250.0,0.5354544587340804,0.4999999999999929,-0.4999999999999929
VEV_6500,6500,0,722600,0.0,3.0,5255.5,0.5330679522432568,0.5000000000000426,-0.5000000000000426
VEV_6500,6500,0,729100,0.0,3.0,5269.5,0.5270010146214907,0.5000000000000249,-0.5000000000000249
VEV_6500,6500,0,736700,0.0,2.0,5269.0,0.5272174990358846,0.5,-0.5
VEV_6500,6500,0,736800,0.0,2.0,5270.0,0.5267845443628579,0.5000000000000249,-0.5000000000000249
VEV_6500,6500,0,757300,0.0,5.0,5268.5,0.5274339976123886,0.5000000000000142,-0.5000000000000142
VEV_6500,6500,0,769300,0.0,5.0,5257.5,0.5322005621264203,0.5,-0.5
VEV_6500,6500,0,779600,0.0,4.0,5250.5,0.5352374317140383,0.5000000000000213,-0.5000000000000213
VEV_6500,6500,0,791300,0.0,3.0,5243.5,0.5382771228716445,0.5000000000000178,-0.5000000000000178
VEV_6500,6500,0,810000,0.0,5.0,5246.5,0.5369740514846416,0.4999999999999716,-0.4999999999999716
VEV_6500,6500,0,835500,0.0,5.0,5254.0,0.5337186453033048,0.5000000000000284,-0.5000000000000284
VEV_6500,6500,0,842900,0.0,5.0,5253.5,0.53393557168502,0.5000000000000071,-0.5000000000000071
VEV_6500,6500,0,845100,0.0,5.0,5255.0,0.5332848355887233,0.5,-0.5
VEV_6500,6500,0,859100,0.0,2.0,5252.0,0.5345864370034514,0.5000000000000178,-0.5000000000000178
VEV_6500,6500,0,859300,0.0,2.0,5254.5,0.5335017332733052,0.49999999999998934,-0.49999999999998934
VEV_6500,6500,0,862500,0.0,2.0,5247.5,0.5365398099912178,0.5000000000000213,-0.5000000000000213
VEV_6500,6500,0,873700,0.0,4.0,5263.0,0.5298164184653079,0.5000000000000071,-0.5000000000000071
VEV_6500,6500,0,884000,0.0,5.0,5250.5,0.5352374317140383,0.5000000000000213,-0.5000000000000213
VEV_6500,6500,0,895800,0.0,3.0,5260.5,0.5308999060523806,0.5000000000000036,-0.5000000000000036
VEV_6500,6500,0,912400,0.0,4.0,5260.0,0.5311166463536212,0.49999999999997513,-0.49999999999997513
VEV_6500,6500,0,919500,0.0,4.0,5255.5,0.5330679522432568,0.5000000000000426,-0.5000000000000426
VEV_6500,6500,0,941200,0.0,2.0,5250.5,0.5352374317140383,0.5000000000000213,-0.5000000000000213
VEV_6500,6500,0,946600,0.0,4.0,5242.5,0.538711595803611,0.5000000000000142,-0.5000000000000142
VEV_6500,6500,0,947800,0.0,5.0,5246.0,0.5371911938973293,0.5000000000000142,-0.5000000000000142
VEV_6500,6500,0,948900,0.0,3.0,5242.5,0.538711595803611,0.5000000000000142,-0.5000000000000142
VEV_6500,6500,0,950000,0.0,4.0,5239.0,0.5402327080275272,0.5000000000000249,-0.5000000000000249
VEV_6500,6500,0,994300,0.0,3.0,5244.5,0.5378427078746266,0.4999999999999716,-0.4999999999999716
VEV_6500,6500,1,4500,0.0,2.0,5254.5,0.5703373431881928,0.49999999999974776,-0.49999999999974776
VEV_6500,6500,1,9600,0.0,4.0,5246.5,0.5740494074981185,0.4999999999999325,-0.4999999999999325
VEV_6500,6500,1,11800,0.0,4.0,5241.5,0.576371453598593,0.499999999999968,-0.499999999999968
VEV_6500,6500,1,14800,0.0,4.0,5234.5,0.5796249254157315,0.49999999999998224,-0.49999999999998224
VEV_6500,6500,1,16700,0.0,2.0,5231.5,0.5810202056666824,0.49999999999998934,-0.49999999999998934
VEV_6500,6500,1,38500,0.0,5.0,5231.5,0.5810202056666824,0.49999999999998934,-0.49999999999998934
VEV_6500,6500,1,40400,0.0,4.0,5233.5,0.580089956344327,0.5000000000000178,-0.5000000000000178
VEV_6500,6500,1,43400,0.0,5.0,5231.5,0.5810202056666824,0.49999999999998934,-0.49999999999998934
VEV_6500,6500,1,50700,0.0,5.0,5244.0,0.5752102370851367,0.49999999999994316,-0.49999999999994316
VEV_6500,6500,1,52800,0.0,3.0,5247.5,0.5735851838148244,0.4999999999999005,-0.4999999999999005
VEV_6500,6500,1,53400,0.0,2.0,5242.5,0.5759069205083825,0.4999999999999609,-0.4999999999999609
VEV_6500,6500,1,74100,0.0,3.0,5235.5,0.5791599569042535,0.49999999999998224,-0.49999999999998224
VEV_6500,6500,1,85300,0.0,2.0,5235.0,0.5793924333611928,0.49999999999998224,-0.49999999999998224
VEV_6500,6500,1,86100,0.0,5.0,5237.0,0.5784626210521381,0.49999999999998224,-0.49999999999998224
VEV_6500,6500,1,89800,0.0,4.0,5243.5,0.5754424494068808,0.4999999999999467,-0.4999999999999467
VEV_6500,6500,1,120300,0.0,4.0,5257.5,0.568946332721551,0.49999999999966604,-0.49999999999966604
VEV_6500,6500,1,127200,0.0,3.0,5264.0,0.5659343637529209,0.49999999999919,-0.49999999999919
VEV_6500,6500,1,135900,0.0,3.0,5263.0,0.5663975759384426,0.4999999999993072,-0.4999999999993072
VEV_6500,6500,1,145500,0.0,2.0,5261.5,0.5670925083923698,0.4999999999994351,-0.4999999999994351
VEV_6500,6500,1,150600,0.0,2.0,5265.5,0.5652396595150434,0.4999999999990372,-0.4999999999990372
VEV_6500,6500,1,153000,0.0,4.0,5256.5,0.5694099416233768,0.49999999999970157,-0.49999999999970157
VEV_6500,6500,1,170400,0.0,5.0,5249.5,0.5726569215553402,0.4999999999999041,-0.4999999999999041
VEV_6500,6500,1,170500,0.0,3.0,5248.5,0.5731210218518196,0.4999999999999325,-0.4999999999999325
VEV_6500,6500,1,172500,0.0,5.0,5249.5,0.5726569215553402,0.4999999999999041,-0.4999999999999041
VEV_6500,6500,1,190100,0.0,3.0,5238.5,0.5777654253376315,0.4999999999999716,-0.4999999999999716
VEV_6500,6500,1,195600,0.0,3.0,5235.5,0.5791599569042535,0.49999999999998224,-0.49999999999998224
VEV_6500,6500,1,206200,0.0,3.0,5244.5,0.5749780402404506,0.4999999999999467,-0.4999999999999467
VEV_6500,6500,1,235300,0.0,3.0,5245.5,0.5745136929554245,0.49999999999994316,-0.49999999999994316
VEV_6500,6500,1,252500,0.0,2.0,5264.5,0.5657027804750117,0.4999999999992184,-0.4999999999992184
VEV_6500,6500,1,304000,0.0,3.0,5266.0,0.5650081218194623,0.49999999999899103,-0.49999999999899103
VEV_6500,6500,1,310100,0.0,5.0,5268.5,0.5638506609147343,0.4999999999986713,-0.4999999999986713
VEV_6500,6500,1,322000,0.0,2.0,5252.5,0.5712649901272857,0.4999999999998046,-0.4999999999998046
VEV_6500,6500,1,322600,0.0,4.0,5253.5,0.570801135959013,0.49999999999982947,-0.49999999999982947
VEV_6500,6500,1,350300,0.0,4.0,5246.5,0.5740494074981185,0.4999999999999325,-0.4999999999999325
VEV_6500,6500,1,376600,0.0,5.0,5246.5,0.5740494074981185,0.4999999999999325,-0.4999999999999325
VEV_6500,6500,1,377900,0.0,2.0,5248.5,0.5731210218518196,0.4999999999999325,-0.4999999999999325
VEV_6500,6500,1,399700,0.0,5.0,5240.5,0.5768360487311426,0.4999999999999787,-0.4999999999999787
VEV_6500,6500,1,410400,0.0,3.0,5235.5,0.5791599569042535,0.49999999999998224,-0.49999999999998224
VEV_6500,6500,1,428000,0.0,2.0,5232.5,0.5805550497434956,0.4999999999999787,-0.4999999999999787
VEV_6500,6500,1,437100,0.0,4.0,5233.5,0.580089956344327,0.5000000000000178,-0.5000000000000178
VEV_6500,6500,1,455700,0.0,4.0,5247.5,0.5735851838148244,0.4999999999999005,-0.4999999999999005
VEV_6500,6500,1,460400,0.0,3.0,5250.5,0.5721928828716234,0.49999999999985434,-0.49999999999985434
VEV_6500,6500,1,476500,0.0,2.0,5256.5,0.5694099416233768,0.49999999999970157,-0.49999999999970157
VEV_6500,6500,1,489700,0.0,4.0,5239.5,0.5773007059596293,0.4999999999999858,-0.4999999999999858
VEV_6500,6500,1,502700,0.0,2.0,5249.5,0.5726569215553402,0.4999999999999041,-0.4999999999999041
VEV_6500,6500,1,519500,0.0,4.0,5258.5,0.5684827850015204,0.49999999999962697,-0.49999999999962697
VEV_6500,6500,1,524000,0.0,4.0,5259.5,0.5680192984093135,0.4999999999995737,-0.4999999999995737
VEV_6500,6500,1,547600,0.0,4.0,5231.5,0.5810202056666824,0.49999999999998934,-0.49999999999998934
VEV_6500,6500,1,548400,0.0,5.0,5232.5,0.5805550497434956,0.4999999999999787,-0.4999999999999787
VEV_6500,6500,1,553100,0.0,4.0,5229.5,0.5819507052987648,0.4999999999999929,-0.4999999999999929
VEV_6500,6500,1,564300,0.0,2.0,5232.0,0.5807876198862466,0.49999999999995737,-0.49999999999995737
VEV_6500,6500,1,567200,0.0,2.0,5234.0,0.5798574330745458,0.49999999999998934,-0.49999999999998934
VEV_6500,6500,1,568900,0.0,4.0,5240.5,0.5768360487311426,0.4999999999999787,-0.4999999999999787
VEV_6500,6500,1,574800,0.0,2.0,5233.0,0.5803224952317476,0.4999999999999787,-0.4999999999999787
VEV_6500,6500,1,575800,0.0,5.0,5234.0,0.5798574330745458,0.49999999999998934,-0.49999999999998934
VEV_6500,6500,1,588200,0.0,4.0,5245.5,0.5745136929554245,0.49999999999994316,-0.49999999999994316
VEV_6500,6500,1,604600,0.0,5.0,5229.0,0.5821833693677422,0.5000000000000142,-0.5000000000000142
VEV_6500,6500,1,617900,0.0,2.0,5234.0,0.5798574330745458,0.49999999999998934,-0.49999999999998934
VEV_6500,6500,1,618300,0.0,2.0,5233.0,0.5803224952317476,0.4999999999999787,-0.4999999999999787
VEV_6500,6500,1,624400,0.0,2.0,5238.5,0.5777654253376315,0.4999999999999716,-0.4999999999999716
VEV_6500,6500,1,631700,0.0,3.0,5220.5,0.5861410626709491,0.5000000000000107,-0.5000000000000107
VEV_6500,6500,1,636100,0.0,4.0,5223.5,0.5847437103230276,0.499999999999968,-0.499999999999968
VEV_6500,6500,1,642100,0.0,4.0,5214.5,0.5889374742242203,0.5,-0.5
VEV_6500,6500,1,654200,0.0,2.0,5206.5,0.5926695799686701,0.499999999999968,-0.499999999999968
VEV_6500,6500,1,674000,0.0,3.0,5223.5,0.5847437103230276,0.499999999999968,-0.499999999999968
VEV_6500,6500,1,684000,0.0,5.0,5229.0,0.5821833693677422,0.5000000000000142,-0.5000000000000142
VEV_6500,6500,1,701200,0.0,2.0,5242.5,0.5759069205083825,0.4999999999999609,-0.4999999999999609
VEV_6500,6500,1,703200,0.0,5.0,5250.5,0.5721928828716234,0.49999999999985434,-0.49999999999985434
VEV_6500,6500,1,710500,0.0,5.0,5256.5,0.5694099416233768,0.49999999999970157,-0.49999999999970157
VEV_6500,6500,1,715000,0.0,5.0,5269.5,0.5633877826272206,0.49999999999855405,-0.49999999999855405
VEV_6500,6500,1,720500,0.0,2.0,5266.5,0.5647765993044556,0.4999999999989875,-0.4999999999989875
VEV_6500,6500,1,725000,0.0,4.0,5266.5,0.5647765993044556,0.4999999999989875,-0.4999999999989875
VEV_6500,6500,1,735100,0.0,4.0,5281.5,0.5578379491855989,0.5000000000000107,-0.5000000000000107
VEV_6500,6500,1,741900,0.0,4.0,5265.5,0.5652396595150434,0.4999999999990372,-0.4999999999990372
VEV_6500,6500,1,746300,0.0,4.0,5277.0,0.5599181211984043,0.5000000000000249,-0.5000000000000249
VEV_6500,6500,1,754200,0.0,3.0,5260.5,0.5675558728909321,0.49999999999947065,-0.49999999999947065
VEV_6500,6500,1,760000,0.0,2.0,5276.5,0.5601493264876513,0.4999999999999787,-0.4999999999999787
VEV_6500,6500,1,785800,0.0,3.0,5254.5,0.5703373431881928,0.49999999999974776,-0.49999999999974776
VEV_6500,6500,1,798100,0.0,4.0,5255.5,0.5698736117609497,0.49999999999973,-0.49999999999973
VEV_6500,6500,1,800400,0.0,3.0,5249.5,0.5726569215553402,0.4999999999999041,-0.4999999999999041
VEV_6500,6500,1,801800,0.0,2.0,5247.5,0.5735851838148244,0.4999999999999005,-0.4999999999999005
VEV_6500,6500,1,807800,0.0,3.0,5249.0,0.5728889639986205,0.49999999999986855,-0.49999999999986855
VEV_6500,6500,1,812600,0.0,4.0,5235.0,0.5793924333611928,0.49999999999998224,-0.49999999999998224
VEV_6500,6500,1,813000,0.0,3.0,5231.5,0.5810202056666824,0.49999999999998934,-0.49999999999998934
VEV_6500,6500,1,824800,0.0,5.0,5250.5,0.5721928828716234,0.49999999999985434,-0.49999999999985434
VEV_6500,6500,1,848900,0.0,5.0,5264.5,0.5657027804750117,0.4999999999992184,-0.4999999999992184
VEV_6500,6500,1,851200,0.0,3.0,5260.5,0.5675558728909321,0.49999999999947065,-0.49999999999947065
VEV_6500,6500,1,865400,0.0,5.0,5254.0,0.5705692319022864,0.4999999999998117,-0.4999999999998117
VEV_6500,6500,1,868800,0.0,2.0,5248.5,0.5731210218518196,0.4999999999999325,-0.4999999999999325
VEV_6500,6500,1,901100,0.0,4.0,5251.0,0.5719608866177444,0.49999999999985434,-0.49999999999985434
VEV_6500,6500,1,921000,0.0,4.0,5269.5,0.5633877826272206,0.49999999999855405,-0.49999999999855405
VEV_6500,6500,1,928400,0.0,3.0,5280.5,0.5583001046681575,0.5000000000000036,-0.5000000000000036
VEV_6500,6500,1,937300,0.0,4.0,5260.0,0.5677875780192706,0.4999999999995133,-0.4999999999995133
VEV_6500,6500,1,943100,0.0,4.0,5246.5,0.5740494074981185,0.4999999999999325,-0.4999999999999325
VEV_6500,6500,1,948500,0.0,4.0,5249.5,0.5726569215553402,0.4999999999999041,-0.4999999999999041
VEV_6500,6500,1,950300,0.0,5.0,5253.5,0.570801135959013,0.49999999999982947,-0.49999999999982947
VEV_6500,6500,1,988100,0.0,5.0,5253.5,0.570801135959013,0.49999999999982947,-0.49999999999982947
VEV_6500,6500,1,990300,0.0,5.0,5258.5,0.5684827850015204,0.49999999999962697,-0.49999999999962697
VEV_6500,6500,2,13100,0.0,3.0,5266.0,0.610278521667853,0.5000000000000036,-0.5000000000000036
VEV_6500,6500,2,20900,0.0,5.0,5270.5,0.6080284549998229,0.5000000000000107,-0.5000000000000107
VEV_6500,6500,2,23500,0.0,2.0,5264.0,0.6112789773002892,0.5000000000000462,-0.5000000000000462
VEV_6500,6500,2,29500,0.0,2.0,5266.5,0.610028448770257,0.5000000000000178,-0.5000000000000178
VEV_6500,6500,2,41900,0.0,2.0,5250.5,0.618038950560926,0.5,-0.5
VEV_6500,6500,2,42900,0.0,4.0,5253.5,0.616535692084524,0.4999999999999787,-0.4999999999999787
VEV_6500,6500,2,45100,0.0,5.0,5258.0,0.6142819229746913,0.49999999999722533,-0.49999999999722533
VEV_6500,6500,2,52900,0.0,5.0,5261.0,0.6127801536788745,0.49999999999999645,-0.49999999999999645
VEV_6500,6500,2,75200,0.0,4.0,5255.5,0.6155338514480084,0.49999999999999645,-0.49999999999999645
VEV_6500,6500,2,79300,0.0,5.0,5257.5,0.614532275612834,0.49999999999771916,-0.49999999999771916
VEV_6500,6500,2,102600,0.0,2.0,5265.0,0.6107787166610397,0.5000000000000355,-0.5000000000000355
VEV_6500,6500,2,105500,0.0,5.0,5258.5,0.6140315868502197,0.49999999999658584,-0.49999999999658584
VEV_6500,6500,2,129700,0.0,4.0,5255.0,0.6157842867637915,0.5000000000000249,-0.5000000000000249
VEV_6500,6500,2,169000,0.0,3.0,5271.5,0.6075286200138739,0.49999999999998224,-0.49999999999998224
VEV_6500,6500,2,171800,0.0,5.0,5272.5,0.6070288502933723,0.4999999999999609,-0.4999999999999609
VEV_6500,6500,2,189100,0.0,4.0,5259.0,0.6137812672331311,0.5000000000037765,-0.5000000000037765
VEV_6500,6500,2,204400,0.0,5.0,5260.5,0.6130304073442232,0.5000000000003624,-0.5000000000003624
VEV_6500,6500,2,225500,0.0,5.0,5267.5,0.6095283521365008,0.49999999999998934,-0.49999999999998934
VEV_6500,6500,2,239400,0.0,2.0,5261.5,0.6125299164835101,0.5000000000000284,-0.5000000000000284
VEV_6500,6500,2,253000,0.0,3.0,5267.5,0.6095283521365008,0.49999999999998934,-0.49999999999998934
VEV_6500,6500,2,268900,0.0,4.0,5280.5,0.6030330350413816,0.5000000000000178,-0.5000000000000178
VEV_6500,6500,2,272000,0.0,3.0,5279.5,0.6035322847521052,0.5000000000000426,-0.5000000000000426
VEV_6500,6500,2,275200,0.0,5.0,5276.5,0.6050304228923763,0.4999999999999609,-0.4999999999999609
VEV_6500,6500,2,287100,0.0,2.0,5276.5,0.6050304228923763,0.4999999999999609,-0.4999999999999609
VEV_6500,6500,2,287600,0.0,2.0,5277.5,0.6045309786187699,0.49999999999999645,-0.49999999999999645
VEV_6500,6500,2,289300,0.0,2.0,5273.5,0.6065291457796712,0.4999999999999929,-0.4999999999999929
VEV_6500,6500,2,294600,0.0,2.0,5268.0,0.6092783283857058,0.5,-0.5
VEV_6500,6500,2,316700,0.0,3.0,5275.5,0.6055299321378913,0.4999999999999538,-0.4999999999999538
VEV_6500,6500,2,317500,0.0,3.0,5275.5,0.6055299321378913,0.4999999999999538,-0.4999999999999538
VEV_6500,6500,2,320800,0.0,5.0,5274.5,0.6060295064140804,0.5,-0.5
VEV_6500,6500,2,321600,0.0,4.0,5270.5,0.6080284549998229,0.5000000000000107,-0.5000000000000107
VEV_6500,6500,2,341400,0.0,4.0,5270.5,0.6080284549998229,0.5000000000000107,-0.5000000000000107
VEV_6500,6500,2,347800,0.0,4.0,5265.0,0.6107787166610397,0.5000000000000355,-0.5000000000000355
VEV_6500,6500,2,350700,0.0,4.0,5263.0,0.6117793036440548,0.5,-0.5
VEV_6500,6500,2,358500,0.0,2.0,5263.0,0.6117793036440548,0.5,-0.5
VEV_6500,6500,2,362600,0.0,5.0,5262.5,0.6120294914733969,0.4999999999999929,-0.4999999999999929
VEV_6500,6500,2,365600,0.0,4.0,5258.5,0.6140315868502197,0.49999999999658584,-0.49999999999658584
VEV_6500,6500,2,373800,0.0,4.0,5251.0,0.6177883659668603,0.5000000000000213,-0.5000000000000213
VEV_6500,6500,2,376300,0.0,5.0,5254.5,0.6160347386369501,0.49999999999997513,-0.49999999999997513
VEV_6500,6500,2,389000,0.0,2.0,5239.0,0.6238069988094662,0.5,-0.5
VEV_6500,6500,2,390300,0.0,3.0,5239.5,0.6235560300553603,0.5,-0.5
VEV_6500,6500,2,398200,0.0,2.0,5234.0,0.6263176109664231,0.49999999999737454,-0.49999999999737454
VEV_6500,6500,2,410200,0.0,5.0,5228.5,0.6290812321503038,0.49999999999992895,-0.49999999999992895
VEV_6500,6500,2,414900,0.0,3.0,5226.5,0.6300866930359121,0.49999999999998934,-0.49999999999998934
VEV_6500,6500,2,415500,0.0,4.0,5228.5,0.6290812321503038,0.49999999999992895,-0.49999999999992895
VEV_6500,6500,2,423800,0.0,5.0,5232.5,0.6270711230896808,0.49999999999895195,-0.49999999999895195
VEV_6500,6500,2,433100,0.0,2.0,5239.0,0.6238069988094662,0.5,-0.5
VEV_6500,6500,2,443600,0.0,4.0,5237.5,0.6245600058378168,0.49999999999995737,-0.49999999999995737
VEV_6500,6500,2,456200,0.0,2.0,5237.5,0.6245600058378168,0.49999999999995737,-0.49999999999995737
VEV_6500,6500,2,461200,0.0,3.0,5235.5,0.6255642505997916,0.5000000000015881,-0.5000000000015881
VEV_6500,6500,2,483400,0.0,5.0,5246.0,0.6202949608058372,0.4999999999999929,-0.4999999999999929
VEV_6500,6500,2,495700,0.0,5.0,5242.5,0.6220505697055738,0.5000000000000071,-0.5000000000000071
VEV_6500,6500,2,501900,0.0,3.0,5242.0,0.6223014378744768,0.49999999999998224,-0.49999999999998224
VEV_6500,6500,2,508800,0.0,5.0,5235.5,0.6255642505997916,0.5000000000015881,-0.5000000000015881
VEV_6500,6500,2,519600,0.0,5.0,5247.5,0.619542807458759,0.4999999999999858,-0.4999999999999858
VEV_6500,6500,2,548600,0.0,2.0,5238.0,0.624308986693463,0.49999999999999645,-0.49999999999999645
VEV_6500,6500,2,554600,0.0,5.0,5242.5,0.6220505697055738,0.5000000000000071,-0.5000000000000071
VEV_6500,6500,2,555700,0.0,3.0,5241.5,0.6225523227894908,0.5000000000000071,-0.5000000000000071
VEV_6500,6500,2,566700,0.0,2.0,5231.0,0.6278247871635404,0.4999999999995808,-0.4999999999995808
VEV_6500,6500,2,575100,0.0,4.0,5231.5,0.6275735489101614,0.49999999999946354,-0.49999999999946354
VEV_6500,6500,2,587100,0.0,4.0,5212.5,0.6371325475091577,0.4999999999999929,-0.4999999999999929
VEV_6500,6500,2,588500,0.0,4.0,5214.5,0.6361251763370199,0.49999999999961275,-0.49999999999961275
VEV_6500,6500,2,593000,0.0,5.0,5219.5,0.6336079473621734,0.49999999999999645,-0.49999999999999645
VEV_6500,6500,2,604100,0.0,2.0,5243.5,0.6215488835771209,0.5,-0.5
VEV_6500,6500,2,622600,0.0,4.0,5234.5,0.6260664739917758,0.4999999999964899,-0.4999999999964899
VEV_6500,6500,2,642400,0.0,2.0,5243.5,0.6215488835771209,0.5,-0.5
VEV_6500,6500,2,644500,0.0,4.0,5246.0,0.6202949608058372,0.4999999999999929,-0.4999999999999929
VEV_6500,6500,2,666500,0.0,2.0,5255.0,0.6157842867637915,0.5000000000000249,-0.5000000000000249
VEV_6500,6500,2,688600,0.0,2.0,5274.5,0.6060295064140804,0.5,-0.5
VEV_6500,6500,2,691100,0.0,5.0,5271.5,0.6075286200138739,0.49999999999998224,-0.49999999999998224
VEV_6500,6500,2,695800,0.0,5.0,5268.5,0.609028321002544,0.4999999999999787,-0.4999999999999787
VEV_6500,6500,2,711900,0.0,3.0,5258.5,0.6140315868502197,0.49999999999658584,-0.49999999999658584
VEV_6500,6500,2,726600,0.0,2.0,5230.0,0.6283273143926487,0.4999999999997762,-0.4999999999997762
VEV_6500,6500,2,733200,0.0,4.0,5230.5,0.6280760423219675,0.4999999999997158,-0.4999999999997158
VEV_6500,6500,2,748500,0.0,2.0,5214.5,0.6361251763370199,0.49999999999961275,-0.49999999999961275
VEV_6500,6500,2,763500,0.0,5.0,5222.5,0.632098429822045,0.5000000000000107,-0.5000000000000107
VEV_6500,6500,2,764000,0.0,3.0,5227.5,0.6295839286821364,0.4999999999999716,-0.4999999999999716
VEV_6500,6500,2,779200,0.0,4.0,5243.5,0.6215488835771209,0.5,-0.5
VEV_6500,6500,2,793900,0.0,2.0,5242.0,0.6223014378744768,0.49999999999998224,-0.49999999999998224
VEV_6500,6500,2,808800,0.0,4.0,5260.0,0.6132806774869276,0.5000000000017089,-0.5000000000017089
VEV_6500,6500,2,825900,0.0,2.0,5256.5,0.6150330304594822,0.5000000000000071,-0.5000000000000071
VEV_6500,6500,2,826400,0.0,4.0,5255.5,0.6155338514480084,0.49999999999999645,-0.49999999999999645
VEV_6500,6500,2,836300,0.0,4.0,5256.5,0.6150330304594822,0.5000000000000071,-0.5000000000000071
VEV_6500,6500,2,872600,0.0,2.0,5248.5,0.6190414552380376,0.4999999999999858,-0.4999999999999858
VEV_6500,6500,2,876500,0.0,3.0,5244.5,0.6210472643461885,0.5000000000000178,-0.5000000000000178
VEV_6500,6500,2,898600,0.0,2.0,5280.5,0.6030330350413816,0.5000000000000178,-0.5000000000000178
VEV_6500,6500,2,910900,0.0,4.0,5277.5,0.6045309786187699,0.49999999999999645,-0.49999999999999645
VEV_6500,6500,2,924200,0.0,5.0,5286.5,0.6000388941829605,0.5000000000000036,-0.5000000000000036
VEV_6500,6500,2,934900,0.0,5.0,5279.5,0.6035322847521052,0.5000000000000426,-0.5000000000000426
VEV_6500,6500,2,948000,0.0,4.0,5276.5,0.6050304228923763,0.4999999999999609,-0.4999999999999609
VEV_6500,6500,2,948500,0.0,5.0,5275.5,0.6055299321378913,0.4999999999999538,-0.4999999999999538
VEV_6500,6500,2,972800,0.0,2.0,5269.5,0.6085283553098441,0.5000000000000071,-0.5000000000000071
VEV_6500,6500,2,977300,0.0,4.0,5269.5,0.6085283553098441,0.5000000000000071,-0.5000000000000071
VEV_6500,6500,2,977500,0.0,2.0,5269.5,0.6085283553098441,0.5000000000000071,-0.5000000000000071
VEV_6500,6500,2,993800,0.0,5.0,5280.5,0.6030330350413816,0.5000000000000178,-0.5000000000000178
