day,timestamp,smile_r2
0,0,0.99735423470128
0,100,0.9892453192940507
0,200,0.9965248848040877
0,300,0.9971033959791007
0,400,0.9965248848040877
0,500,0.997765686851718
0,600,0.9979634655823236
0,700,0.9979634655823236
0,800,0.9978789004825506
0,900,0.998084881974943
0,1000,0.9971442849465704
0,1100,0.9889229720078301
0,1200,0.9979634655823236
0,1300,0.9975818067884306
0,1400,0.9978789004825506
0,1500,0.998084881974943
0,1600,0.9944984851840405
0,1700,0.9982360691392269
0,1800,0.998084881974943
0,1900,0.9971718993332378
0,2000,0.9975818067884306
0,2100,0.9971718993332378
0,2200,0.9971718993332378
0,2300,0.9888736733151778
0,2400,0.9976272080585744
0,2500,0.9978789004825506
0,2600,0.9884536789720405
0,2700,0.998084881974943
0,2800,0.9978004587484555
0,2900,0.9975480482053711
0,3000,0.9882531260631353
0,3100,0.998084881974943
0,3200,0.9884461758174165
0,3300,0.9944226580185401
0,3400,0.988084285723197
0,3500,0.988084285723197
0,3600,0.9879311318890028
0,3700,0.9980166557915863
0,3800,0.992123688731994
0,3900,0.9942784418322999
0,4000,0.99747087407592
0,4100,0.9888855605544539
0,4200,0.9965269036910198
0,4300,0.9964491169757902
0,4400,0.9964802253358604
0,4500,0.9968355869756172
0,4600,0.996591088648667
0,4700,0.997130581306836
0,4800,0.9971891405553519
0,4900,0.9968634268957706
0,5000,0.9968212880193396
0,5100,0.997207813981286
0,5200,0.9899712055316157
0,5300,0.997160082042108
0,5400,0.9894291508419852
0,5500,0.997207813981286
0,5600,0.9894291508419852
0,5700,0.9894291508419852
0,5800,0.9969053111715767
0,5900,0.9963701554842069
0,6000,0.9963701554842069
0,6100,0.9897824555857182
0,6200,0.9892606075232111
0,6300,0.9971794945510087
0,6400,0.9977544434592039
0,6500,0.9974628809664176
0,6600,0.9973426991365858
0,6700,0.9975445878413396
0,6800,0.9887816544594974
0,6900,0.9976125951336398
0,7000,0.9974158433076008
0,7100,0.9887816544594974
0,7200,0.9890743513129607
0,7300,0.997130581306836
0,7400,0.9894291508419852
0,7500,0.997160082042108
0,7600,0.9973082304113943
0,7700,0.9972018556516654
0,7800,0.997575764188818
0,7900,0.9883068895721433
0,8000,0.9968968748912663
0,8100,0.9968034736176812
0,8200,0.9970716338468726
0,8300,0.9954475338389098
0,8400,0.9959228783541528
0,8500,0.995604080974834
0,8600,0.9957855323733494
0,8700,0.9960995915000043
0,8800,0.9942089555983149
0,8900,0.9966190844274789
0,9000,0.9968034736176812
0,9100,0.9943402322968738
0,9200,0.9969650936549033
0,9300,0.9921884950670721
0,9400,0.9889876584295205
0,9500,0.9885300579631859
0,9600,0.9976662291347841
0,9700,0.9979548493946624
0,9800,0.9966190844274789
0,9900,0.9939970432565431
0,10000,0.9966190844274789
0,10100,0.9967048844803462
0,10200,0.9966190844274789
0,10300,0.9969885650386403
0,10400,0.9874913668118
0,10500,0.997332098907015
0,10600,0.9974413578804158
0,10700,0.9975445878413396
0,10800,0.9976125951336398
0,10900,0.9974529570050206
0,11000,0.9973082304113943
0,11100,0.9974529570050206
0,11200,0.9977544434592039
0,11300,0.9977544434592039
0,11400,0.990240350512553
0,11500,0.9892906253864534
0,11600,0.9973869777799781
0,11700,0.9973869777799781
0,11800,0.9972723770140132
0,11900,0.9973426991365858
0,12000,0.9973114850754246
0,12100,0.997207813981286
0,12200,0.9897926656107867
0,12300,0.9968212880193396
0,12400,0.9897926656107867
0,12500,0.9970481390804653
0,12600,0.9970054095857813
0,12700,0.9963701554842069
0,12800,0.997207813981286
0,12900,0.9968212880193396
0,13000,0.9968212880193396
0,13100,0.9968093126257984
0,13200,0.9899613046596641
0,13300,0.997160082042108
0,13400,0.9902056678318915
0,13500,0.9915603110960889
0,13600,0.9965269036910198
0,13700,0.9965441492026891
0,13800,0.9904349073001641
0,13900,0.9967806569752734
0,14000,0.9967019172355371
0,14100,0.9965269036910198
0,14200,0.9962593585848895
0,14300,0.9965269036910198
0,14400,0.9962593585848895
0,14500,0.9958923953662702
0,14600,0.997456605254582
0,14700,0.9906719334426788
0,14800,0.9958923953662702
0,14900,0.9964491169757902
0,15000,0.9962593585848895
0,15100,0.9885116234534198
0,15200,0.9962907830409338
0,15300,0.9974027536779168
0,15400,0.9954589931321277
0,15500,0.9881211485836765
0,15600,0.9974027536779168
0,15700,0.9881211485836765
0,15800,0.9881211485836765
0,15900,0.9906719334426788
0,16000,0.9958923953662702
0,16100,0.9871774558111311
0,16200,0.9965269036910198
0,16300,0.9968064239770881
0,16400,0.9906719334426788
0,16500,0.9965520049199421
0,16600,0.9958923953662702
0,16700,0.9901053668269105
0,16800,0.9967019172355371
0,16900,0.9965269036910198
0,17000,0.9912475967191727
0,17100,0.9967019172355371
0,17200,0.994066558995249
0,17300,0.9901053668269105
0,17400,0.9902056678318915
0,17500,0.9967019172355371
0,17600,0.9899613046596641
0,17700,0.9902502461446279
0,17800,0.9967806569752734
0,17900,0.9971194169141552
0,18000,0.9968212880193396
0,18100,0.9969231887218492
0,18200,0.9969540810906077
0,18300,0.997160082042108
0,18400,0.997160082042108
0,18500,0.9969586567947631
0,18600,0.9967118474936296
0,18700,0.9974762561094597
0,18800,0.997160082042108
0,18900,0.989479598754174
0,19000,0.9975135546337729
0,19100,0.9899905978860363
0,19200,0.997055020922912
0,19300,0.9965118257452394
0,19400,0.9875035941118397
0,19500,0.9965118257452394
0,19600,0.9969803547294938
0,19700,0.9964119624822223
0,19800,0.9973869777799781
0,19900,0.9969540810906077
0,20000,0.9900885854962413
0,20100,0.9894291508419852
0,20200,0.9894291508419852
0,20300,0.997160082042108
0,20400,0.9964119624822223
0,20500,0.9969803547294938
0,20600,0.9972723770140132
0,20700,0.9977544434592039
0,20800,0.9973869777799781
0,20900,0.9977544434592039
0,21000,0.9972723770140132
0,21100,0.9888894093282569
0,21200,0.992661555725893
0,21300,0.997332098907015
0,21400,0.9975443309083156
0,21500,0.9977152839956601
0,21600,0.9974529570050206
0,21700,0.9905408179321312
0,21800,0.997449337056073
0,21900,0.997449337056073
0,22000,0.9971213348165655
0,22100,0.9971213348165655
0,22200,0.9893250735614477
0,22300,0.9892606075232111
0,22400,0.9894291508419852
0,22500,0.9973869777799781
0,22600,0.9912742103532547
0,22700,0.997332098907015
0,22800,0.9975443309083156
0,22900,0.9971213348165655
0,23000,0.9975443309083156
0,23100,0.9968571683173563
0,23200,0.9969500414783012
0,23300,0.9887222009108969
0,23400,0.9977544434592039
0,23500,0.9969803547294938
0,23600,0.9968693677039036
0,23700,0.9894291508419852
0,23800,0.9971752710070756
0,23900,0.9892906253864534
0,24000,0.997332098907015
0,24100,0.9975443309083156
0,24200,0.9888894093282569
0,24300,0.9888894093282569
0,24400,0.9975443309083156
0,24500,0.9971213348165655
0,24600,0.9971213348165655
0,24700,0.997062878923648
0,24800,0.9888894093282569
0,24900,0.9971213348165655
0,25000,0.9976604538285146
0,25100,0.988124061240686
0,25200,0.9976604538285146
0,25300,0.9976187124287843
0,25400,0.9976450709526461
0,25500,0.9968908102742836
0,25600,0.9959426991358018
0,25700,0.9967048844803462
0,25800,0.9959426991358018
0,25900,0.9957217167396064
0,26000,0.9958856614141648
0,26100,0.9915564530630492
0,26200,0.9959923906831548
0,26300,0.9960622761710065
0,26400,0.9962755708063415
0,26500,0.9896102575107772
0,26600,0.9955584161423198
0,26700,0.9953808348840536
0,26800,0.9957217167396064
0,26900,0.989456092551085
0,27000,0.9959426991358018
0,27100,0.9895605345428821
0,27200,0.9967531393609675
0,27300,0.9967531393609675
0,27400,0.9967531393609675
0,27500,0.9967531393609675
0,27600,0.9976604538285146
0,27700,0.9967531393609675
0,27800,0.9966142114203821
0,27900,0.997569911114736
0,28000,0.9976604538285146
0,28100,0.9976604538285146
0,28200,0.9885421971980233
0,28300,0.9885421971980233
0,28400,0.9966633231737246
0,28500,0.9940105033169767
0,28600,0.9976604538285146
0,28700,0.9977101255210231
0,28800,0.9939673101895318
0,28900,0.9966450879564314
0,29000,0.9954366114316527
0,29100,0.9881225304455894
0,29200,0.9895605345428821
0,29300,0.9891766669381733
0,29400,0.9958780218338886
0,29500,0.9955676404470828
0,29600,0.9961130322770947
0,29700,0.9960432960556539
0,29800,0.9955584161423198
0,29900,0.9918933136756033
0,30000,0.9958124226839248
0,30100,0.9893858376033121
0,30200,0.996926076294741
0,30300,0.996926076294741
0,30400,0.9967048844803462
0,30500,0.9958124226839248
0,30600,0.9967048844803462
0,30700,0.9967048844803462
0,30800,0.9967994745659414
0,30900,0.9954366114316527
0,31000,0.9961130322770947
0,31100,0.9961809041199503
0,31200,0.9896102575107772
0,31300,0.9961196704152476
0,31400,0.9953808348840536
0,31500,0.9961130322770947
0,31600,0.9957091568664037
0,31700,0.9959596109592829
0,31800,0.9960427048286598
0,31900,0.9960427048286598
0,32000,0.9960427048286598
0,32100,0.9964593283499623
0,32200,0.9963147526954819
0,32300,0.9896102575107772
0,32400,0.9899619672317007
0,32500,0.9957091568664037
0,32600,0.9960995915000043
0,32700,0.9961196704152476
0,32800,0.9960427048286598
0,32900,0.9961730926767551
0,33000,0.991845961661956
0,33100,0.9959981232468419
0,33200,0.9958316584318319
0,33300,0.9961130322770947
0,33400,0.9900755005094121
0,33500,0.9961130322770947
0,33600,0.9961130322770947
0,33700,0.9960031629431793
0,33800,0.9942780136739198
0,33900,0.9896102575107772
0,34000,0.9963147526954819
0,34100,0.9965001106787543
0,34200,0.9960474837369642
0,34300,0.9895172500445215
0,34400,0.9963147526954819
0,34500,0.9960427048286598
0,34600,0.9960427048286598
0,34700,0.9960474837369642
0,34800,0.9891320948623481
0,34900,0.9916981763259837
0,35000,0.9961058318439608
0,35100,0.9957091568664037
0,35200,0.9903859748160319
0,35300,0.9958460771875928
0,35400,0.9881225304455894
0,35500,0.9887222009108969
0,35600,0.997332098907015
0,35700,0.9887816544594974
0,35800,0.9974923342354902
0,35900,0.9976604538285146
0,36000,0.9881225304455894
0,36100,0.9881225304455894
0,36200,0.996926076294741
0,36300,0.9967048844803462
0,36400,0.9967048844803462
0,36500,0.9967048844803462
0,36600,0.9961130322770947
0,36700,0.9886815931894841
0,36800,0.9943712189465039
0,36900,0.9967048844803462
0,37000,0.9967048844803462
0,37100,0.9881201513231732
0,37200,0.996926076294741
0,37300,0.9966799269042154
0,37400,0.9975443309083156
0,37500,0.9977544434592039
0,37600,0.997566905500391
0,37700,0.9887694683117156
0,37800,0.9974095485068828
0,37900,0.9977544434592039
0,38000,0.9977299971849606
0,38100,0.9964789002954672
0,38200,0.9975479955978891
0,38300,0.9884708230467694
0,38400,0.996926076294741
0,38500,0.9957272254307411
0,38600,0.9956022480652136
0,38700,0.997033061078343
0,38800,0.996926076294741
0,38900,0.9938820901239004
0,39000,0.996926076294741
0,39100,0.9916833200763965
0,39200,0.9959538125195367
0,39300,0.9972936040153053
0,39400,0.9917536818067918
0,39500,0.9960995915000043
0,39600,0.9958780218338886
0,39700,0.9925497675445004
0,39800,0.9967426923740148
0,39900,0.996926076294741
0,40000,0.9881201513231732
0,40100,0.9971825801398299
0,40200,0.9881201513231732
0,40300,0.9979868850611012
0,40400,0.9979899578944075
0,40500,0.9968962736231524
0,40600,0.9969179850785244
0,40700,0.9972829870674166
0,40800,0.9877196978952971
0,40900,0.9958551280169019
0,41000,0.9973055920303369
0,41100,0.9970452692301023
0,41200,0.9894434192465031
0,41300,0.9969433646569458
0,41400,0.9970452692301023
0,41500,0.9972936040153053
0,41600,0.9973055920303369
0,41700,0.9970778128631776
0,41800,0.9961070292745596
0,41900,0.9942933522957687
0,42000,0.9959484110517908
0,42100,0.9976651769170307
0,42200,0.9976651769170307
0,42300,0.9976651769170307
0,42400,0.9972936040153053
0,42500,0.9973055920303369
0,42600,0.9942596789442577
0,42700,0.9942596789442577
0,42800,0.9971465627178819
0,42900,0.9976651769170307
0,43000,0.9980824347093509
0,43100,0.9887222009108969
0,43200,0.9982125153571159
0,43300,0.9977406322496
0,43400,0.9881227121113931
0,43500,0.9976651769170307
0,43600,0.9881227121113931
0,43700,0.9977608570866049
0,43800,0.9976651769170307
0,43900,0.9891066505121018
0,44000,0.9978225832129891
0,44100,0.9980824347093509
0,44200,0.9980824347093509
0,44300,0.9980824347093509
0,44400,0.9979868850611012
0,44500,0.9881227121113931
0,44600,0.9976651769170307
0,44700,0.9979369372290141
0,44800,0.9976651769170307
0,44900,0.9976651769170307
0,45000,0.9977608570866049
0,45100,0.9975989500561179
0,45200,0.9887222009108969
0,45300,0.9974737676562155
0,45400,0.9978753291767972
0,45500,0.9973043970688307
0,45600,0.9935680601650966
0,45700,0.998049355159352
0,45800,0.9935680601650966
0,45900,0.9977330904502199
0,46000,0.9980256896149445
0,46100,0.9977321949571616
0,46200,0.9974434128931684
0,46300,0.9894243416093152
0,46400,0.9974074001619468
0,46500,0.9899605596742754
0,46600,0.9916060592114622
0,46700,0.9968220842901846
0,46800,0.9902274259699072
0,46900,0.99721881956778
0,47000,0.9973964702071436
0,47100,0.9894243416093152
0,47200,0.989372808795207
0,47300,0.9977291077495205
0,47400,0.9974434128931684
0,47500,0.997210125079045
0,47600,0.9897679539829196
0,47700,0.9975612108036734
0,47800,0.9977291077495205
0,47900,0.9977291077495205
0,48000,0.9974737378421533
0,48100,0.9891179929963804
0,48200,0.9890484506430819
0,48300,0.9890484506430819
0,48400,0.9976292058359499
0,48500,0.9973043970688307
0,48600,0.9890484506430819
0,48700,0.9977608570866049
0,48800,0.9877779254147424
0,48900,0.9881227121113931
0,49000,0.9976651769170307
0,49100,0.998049355159352
0,49200,0.9978697760142962
0,49300,0.9887222009108969
0,49400,0.9978697760142962
0,49500,0.9976653485696361
0,49600,0.9977291077495205
0,49700,0.989372808795207
0,49800,0.9977291077495205
0,49900,0.9899605596742754
0,50000,0.9974171059072869
0,50100,0.997177735901277
0,50200,0.9973568248129548
0,50300,0.997177735901277
0,50400,0.9904304726518902
0,50500,0.9970348720527746
0,50600,0.9902274259699072
0,50700,0.9900327440038604
0,50800,0.9899116012163751
0,50900,0.997426960580498
0,51000,0.9971346675822288
0,51100,0.9967807587825546
0,51200,0.9874672918503055
0,51300,0.9878829288124223
0,51400,0.9874672918503055
0,51500,0.997044772752852
0,51600,0.997044772752852
0,51700,0.9975256920262957
0,51800,0.997177735901277
0,51900,0.9975727897246286
0,52000,0.9976713673820969
0,52100,0.997774843998235
0,52200,0.9896150637422887
0,52300,0.9870506678172277
0,52400,0.9918312542611536
0,52500,0.9901429291040672
0,52600,0.9972744169413973
0,52700,0.9916483457007157
0,52800,0.9971162073514254
0,52900,0.9968955873800158
0,53000,0.9975727897246286
0,53100,0.9977291077495205
0,53200,0.9976310076716826
0,53300,0.9975612108036734
0,53400,0.9891179929963804
0,53500,0.9977544434592039
0,53600,0.9977291077495205
0,53700,0.997210125079045
0,53800,0.997674918067012
0,53900,0.9975444623358608
0,54000,0.997426960580498
0,54100,0.9902274259699072
0,54200,0.9971910176001755
0,54300,0.9905240487633252
0,54400,0.987454420612239
0,54500,0.9970705739289785
0,54600,0.989920642915283
0,54700,0.997177735901277
0,54800,0.9898814047250143
0,54900,0.989920642915283
0,55000,0.9919178118738576
0,55100,0.9974133587491067
0,55200,0.9972518270826011
0,55300,0.9974119594759803
0,55400,0.9974115611173617
0,55500,0.997177735901277
0,55600,0.9899605596742754
0,55700,0.9974264165241233
0,55800,0.9903014250127428
0,55900,0.9905240487633252
0,56000,0.9981377676912564
0,56100,0.9980953157206214
0,56200,0.988084060060078
0,56300,0.9984224959512872
0,56400,0.9982705207373727
0,56500,0.988088972404638
0,56600,0.9984610865232855
0,56700,0.9983629177814544
0,56800,0.9984610865232855
0,56900,0.9979535950415612
0,57000,0.9986117206446313
0,57100,0.9878662816741715
0,57200,0.9984610865232855
0,57300,0.988088972404638
0,57400,0.9943304472208546
0,57500,0.9878662816741715
0,57600,0.9880536143079801
0,57700,0.9943304472208546
0,57800,0.9980148212875065
0,57900,0.9977741018703539
0,58000,0.9976131596005391
0,58100,0.9979535950415612
0,58200,0.988084060060078
0,58300,0.9985525446764482
0,58400,0.9882142037864985
0,58500,0.9977741018703539
0,58600,0.9971901388248822
0,58700,0.9889048260023248
0,58800,0.9902804221668442
0,58900,0.9968174060632542
0,59000,0.9979197765137358
0,59100,0.9907738566666718
0,59200,0.9878489823564217
0,59300,0.9979576077312535
0,59400,0.9979137268824487
0,59500,0.9986117206446313
0,59600,0.9885446386130397
0,59700,0.9882385611215172
0,59800,0.9976865080508764
0,59900,0.9981157536174485
0,60000,0.9979197765137358
0,60100,0.9979137268824487
0,60200,0.9877658166856141
0,60300,0.9985258041746448
0,60400,0.9885446386130397
0,60500,0.9982249416154804
0,60600,0.9981157536174485
0,60700,0.9974788394401339
0,60800,0.9973626394061851
0,60900,0.9971901388248822
0,61000,0.9872213507706269
0,61100,0.9872213507706269
0,61200,0.9878489823564217
0,61300,0.9973626394061851
0,61400,0.997177735901277
0,61500,0.997426960580498
0,61600,0.9976164606018731
0,61700,0.9902804221668442
0,61800,0.9973083504535364
0,61900,0.997177735901277
0,62000,0.9904523454146592
0,62100,0.9899393667247921
0,62200,0.9977326525310537
0,62300,0.9975456408681863
0,62400,0.9973764091528591
0,62500,0.9977326525310537
0,62600,0.9895064784344774
0,62700,0.9977762834886641
0,62800,0.9975444623358608
0,62900,0.9896590832470714
0,63000,0.9978785012975033
0,63100,0.997426960580498
0,63200,0.9976164606018731
0,63300,0.9976164606018731
0,63400,0.9977230252307363
0,63500,0.9979332722650728
0,63600,0.9899393667247921
0,63700,0.9899393667247921
0,63800,0.997177735901277
0,63900,0.9976164606018731
0,64000,0.9971891882027127
0,64100,0.9976164606018731
0,64200,0.9977326525310537
0,64300,0.9979461066020333
0,64400,0.9980256896149445
0,64500,0.9980256896149445
0,64600,0.9982125153571159
0,64700,0.991190932012557
0,64800,0.9980256896149445
0,64900,0.9898324671962835
0,65000,0.9982125153571159
0,65100,0.998247299377825
0,65200,0.9983382083535662
0,65300,0.9981002619337239
0,65400,0.9881395820206694
0,65500,0.9980256896149445
0,65600,0.9980967320939353
0,65700,0.9891364053729422
0,65800,0.9936999752403634
0,65900,0.9979380087224679
0,66000,0.9889687766158579
0,66100,0.9975635690107103
0,66200,0.9978785012975033
0,66300,0.997774843998235
0,66400,0.9978475557426054
0,66500,0.9893138195258496
0,66600,0.9977326525310537
0,66700,0.9975235221505032
0,66800,0.9976384368689931
0,66900,0.9973764091528591
0,67000,0.9974119594759803
0,67100,0.9896590832470714
0,67200,0.9977600539303175
0,67300,0.9980256896149445
0,67400,0.9887413064387571
0,67500,0.997789119821176
0,67600,0.9978785012975033
0,67700,0.9979461066020333
0,67800,0.9891364053729422
0,67900,0.9915117821566014
0,68000,0.9920144926367311
0,68100,0.9979936364046246
0,68200,0.9982125153571159
0,68300,0.9979812399881254
0,68400,0.996268412526965
0,68500,0.9933005992753504
0,68600,0.9982061897448915
0,68700,0.9979380087224679
0,68800,0.9977710487937493
0,68900,0.9893182140003486
0,69000,0.9975219589478272
0,69100,0.9977230252307363
0,69200,0.9976164606018731
0,69300,0.9977762834886641
0,69400,0.9975777904854645
0,69500,0.9966121261422618
0,69600,0.9972632704540815
0,69700,0.9874802028357581
0,69800,0.9972182414654355
0,69900,0.9899393667247921
0,70000,0.9903803815091191
0,70100,0.9976164606018731
0,70200,0.9977230252307363
0,70300,0.9973811145076831
0,70400,0.9973811145076831
0,70500,0.9893182140003486
0,70600,0.9976384368689931
0,70700,0.9973068118054972
0,70800,0.9974465652114688
0,70900,0.99747589549943
0,71000,0.9975005509846853
0,71100,0.9901272529480956
0,71200,0.9972632704540815
0,71300,0.9981836866857542
0,71400,0.9981836866857542
0,71500,0.9876092620852341
0,71600,0.9981836866857542
0,71700,0.9981836866857542
0,71800,0.9918906990217212
0,71900,0.9872213507706269
0,72000,0.9872213507706269
0,72100,0.9981157536174485
0,72200,0.9872244756406683
0,72300,0.9981836866857542
0,72400,0.9981157536174485
0,72500,0.9982533689890241
0,72600,0.9981157536174485
0,72700,0.9979712040585623
0,72800,0.9944170110481256
0,72900,0.9988279708329532
0,73000,0.988088972404638
0,73100,0.9979712040585623
0,73200,0.9877658166856141
0,73300,0.9988279708329532
0,73400,0.9881151607532622
0,73500,0.9985952930559363
0,73600,0.9986832540202986
0,73700,0.9988279708329532
0,73800,0.9877658166856141
0,73900,0.9987239160586505
0,74000,0.9875538808558859
0,74100,0.9985578443612952
0,74200,0.9881151607532622
0,74300,0.988479659072776
0,74400,0.9985578443612952
0,74500,0.9982533689890241
0,74600,0.9976218016285213
0,74700,0.988854912955233
0,74800,0.9976947888743387
0,74900,0.9975588231875228
0,75000,0.9981836866857542
0,75100,0.9871925578310751
0,75200,0.987385496118689
0,75300,0.9981836866857542
0,75400,0.9976947888743387
0,75500,0.9869692673685464
0,75600,0.9976947888743387
0,75700,0.9981836866857542
0,75800,0.9982710475642801
0,75900,0.9973525246823572
0,76000,0.9976814970442932
0,76100,0.9940166825732318
0,76200,0.9981836866857542
0,76300,0.9989488261204374
0,76400,0.9987106505709819
0,76500,0.9988473596930487
0,76600,0.9986698551583013
0,76700,0.9988473596930487
0,76800,0.9867865892814365
0,76900,0.9981785827115779
0,77000,0.9982685995652003
0,77100,0.9981157536174485
0,77200,0.9989488261204374
0,77300,0.9919702382510481
0,77400,0.9981157536174485
0,77500,0.9988898146195794
0,77600,0.9877039334116462
0,77700,0.9877039334116462
0,77800,0.9989133359825988
0,77900,0.9989133359825988
0,78000,0.9880980294859336
0,78100,0.9985133196853483
0,78200,0.9989133359825988
0,78300,0.9986698551583013
0,78400,0.9980977923880446
0,78500,0.9987865720233825
0,78600,0.9886187319088815
0,78700,0.9987865720233825
0,78800,0.9886187319088815
0,78900,0.9879232351355508
0,79000,0.9881151607532622
0,79100,0.9985487528127666
0,79200,0.9886187319088815
0,79300,0.9984914753163008
0,79400,0.98879522384017
0,79500,0.9891583839419573
0,79600,0.9894897464685395
0,79700,0.9980938380365908
0,79800,0.9982651645864825
0,79900,0.9980938380365908
0,80000,0.9981360296443867
0,80100,0.9891583839419573
0,80200,0.9987865720233825
0,80300,0.9933087266652189
0,80400,0.9917183674143024
0,80500,0.997894195778998
0,80600,0.99399112577653
0,80700,0.9986329233946111
0,80800,0.99880403747793
0,80900,0.9981623554229135
0,81000,0.9898194752141777
0,81100,0.9987500095693836
0,81200,0.9940622881809541
0,81300,0.9883320739532045
0,81400,0.9987500095693836
0,81500,0.9941740788519652
0,81600,0.9869617995517725
0,81700,0.9884148847444684
0,81800,0.999183550651603
0,81900,0.9984864197548036
0,82000,0.9986329233946111
0,82100,0.99880403747793
0,82200,0.9981742849371712
0,82300,0.997894195778998
0,82400,0.9894897464685395
0,82500,0.9886723492973846
0,82600,0.9921780371240303
0,82700,0.9987865720233825
0,82800,0.9886723492973846
0,82900,0.9981182777493559
0,83000,0.9983948834698494
0,83100,0.9913612128734975
0,83200,0.9983948834698494
0,83300,0.9983549544937447
0,83400,0.9987865720233825
0,83500,0.9886723492973846
0,83600,0.9987865720233825
0,83700,0.9985487528127666
0,83800,0.9985689702703939
0,83900,0.9985487528127666
0,84000,0.9930190729531572
0,84100,0.9987389321358713
0,84200,0.9987106505709819
0,84300,0.9987239160586505
0,84400,0.9987383087630439
0,84500,0.9987239160586505
0,84600,0.9982874471667149
0,84700,0.9878743022404499
0,84800,0.987938253109041
0,84900,0.999013074268961
0,85000,0.9984032409668868
0,85100,0.9981959504092294
0,85200,0.9872372963253664
0,85300,0.9982998616264273
0,85400,0.9976947888743387
0,85500,0.9977621416786707
0,85600,0.9977621416786707
0,85700,0.9976218016285213
0,85800,0.9976218016285213
0,85900,0.9976947888743387
0,86000,0.9976218016285213
0,86100,0.9977567542133519
0,86200,0.9985463872200955
0,86300,0.9985463872200955
0,86400,0.9939865179754277
0,86500,0.9874802028357581
0,86600,0.9985463872200955
0,86700,0.9985463872200955
0,86800,0.9982998616264273
0,86900,0.9981836866857542
0,87000,0.9985463872200955
0,87100,0.9868531114831643
0,87200,0.9977680475189333
0,87300,0.9870939889008014
0,87400,0.9972368073673957
0,87500,0.9978662704628866
0,87600,0.9978067613971946
0,87700,0.9892256946180349
0,87800,0.9980967320939353
0,87900,0.9982393761214442
0,88000,0.9981828737983051
0,88100,0.9979884671663019
0,88200,0.9979884671663019
0,88300,0.9981577057235779
0,88400,0.998214261428125
0,88500,0.9979332722650728
0,88600,0.9892256946180349
0,88700,0.9979900811490713
0,88800,0.9982867997522894
0,88900,0.99827007738385
0,89000,0.9891727266443718
0,89100,0.9981577057235779
0,89200,0.9982502106331351
0,89300,0.9885868218209055
0,89400,0.9882967483158047
0,89500,0.9877053084425044
0,89600,0.9879076990741288
0,89700,0.9885868218209055
0,89800,0.9877053084425044
0,89900,0.9885868218209055
0,90000,0.9981748106356914
0,90100,0.9981577057235779
0,90200,0.9885868218209055
0,90300,0.9981828737983051
0,90400,0.9980967320939353
0,90500,0.9892229212833031
0,90600,0.998214261428125
0,90700,0.9982867997522894
0,90800,0.9889295208759743
0,90900,0.998214261428125
0,91000,0.9982213920121108
0,91100,0.9981828737983051
0,91200,0.9981764243125084
0,91300,0.998211790522375
0,91400,0.9981972837648235
0,91500,0.9984363965602504
0,91600,0.9882967483158047
0,91700,0.9879076990741288
0,91800,0.9984021466736026
0,91900,0.9984128285156217
0,92000,0.9932273606294817
0,92100,0.9909976723158689
0,92200,0.9984021466736026
0,92300,0.9893352856514058
0,92400,0.9978501783535569
0,92500,0.9986746031319812
0,92600,0.997981250732875
0,92700,0.9976961890704508
0,92800,0.9978725426548516
0,92900,0.9986746031319812
0,93000,0.9979531073738632
0,93100,0.9881147920846817
0,93200,0.9984799571663862
0,93300,0.9932768731144863
0,93400,0.9986746031319812
0,93500,0.9866745101626118
0,93600,0.9983896391423756
0,93700,0.991582029960721
0,93800,0.9983304042282549
0,93900,0.9934896795997752
0,94000,0.9982205982439278
0,94100,0.9984118532350131
0,94200,0.9984363965602504
0,94300,0.9984118532350131
0,94400,0.9982205982439278
0,94500,0.9983158031131083
0,94600,0.9982331897850855
0,94700,0.9981689174343675
0,94800,0.9982727317333286
0,94900,0.9983673968379161
0,95000,0.9984041076917428
0,95100,0.9984118532350131
0,95200,0.9938223015951907
0,95300,0.9983304042282549
0,95400,0.9888246066316951
0,95500,0.9981828737983051
0,95600,0.997951193277483
0,95700,0.9981828737983051
0,95800,0.9979550605622256
0,95900,0.989462259961513
0,96000,0.9978064736162212
0,96100,0.989462259961513
0,96200,0.9978064736162212
0,96300,0.9980349250840432
0,96400,0.9980349250840432
0,96500,0.9891727266443718
0,96600,0.989462259961513
0,96700,0.9978061413373904
0,96800,0.9978822521466187
0,96900,0.9980166720790141
0,97000,0.9981031740077727
0,97100,0.9980778819471323
0,97200,0.9979518987765124
0,97300,0.9981813370276199
0,97400,0.9941177710461744
0,97500,0.9893236193009531
0,97600,0.9980202419423186
0,97700,0.9894216468830122
0,97800,0.9979518987765124
0,97900,0.9983158031131083
0,98000,0.9893236193009531
0,98100,0.9983939983872503
0,98200,0.9940449419197808
0,98300,0.9871422636748032
0,98400,0.9897587871888962
0,98500,0.9979487626190101
0,98600,0.9870363450680715
0,98700,0.997921643513117
0,98800,0.997609708429824
0,98900,0.9985463872200955
0,99000,0.9979692779065227
0,99100,0.997609708429824
0,99200,0.9983357716610526
0,99300,0.9983387779583276
0,99400,0.9985463872200955
0,99500,0.9983588421857784
0,99600,0.9900509902863289
0,99700,0.9919284438778737
0,99800,0.9976548810148828
0,99900,0.9882717059242835
0,100000,0.9897587871888962
0,100100,0.9980821146021469
0,100200,0.9897587871888962
0,100300,0.9897587871888962
0,100400,0.9977141807937072
0,100500,0.9981552105303314
0,100600,0.9980932163546461
0,100700,0.9892229212833031
0,100800,0.9892229212833031
0,100900,0.9982205982439278
0,101000,0.9979380087224679
0,101100,0.9981206773192937
0,101200,0.9981206773192937
0,101300,0.9979380087224679
0,101400,0.9892229212833031
0,101500,0.9979487626190101
0,101600,0.9884325077993723
0,101700,0.9978176129176237
0,101800,0.997842094708129
0,101900,0.9977737487569369
0,102000,0.9912870131716799
0,102100,0.9977737487569369
0,102200,0.9899438597236749
0,102300,0.9978176129176237
0,102400,0.9984659709750704
0,102500,0.9984227780957821
0,102600,0.9978176129176237
0,102700,0.9976129256566866
0,102800,0.9976129256566866
0,102900,0.9976129256566866
0,103000,0.997842094708129
0,103100,0.9979884671663019
0,103200,0.9980202419423186
0,103300,0.9892229212833031
0,103400,0.9892229212833031
0,103500,0.9978941248138092
0,103600,0.989540976782719
0,103700,0.9977217398157635
0,103800,0.9976219393590818
0,103900,0.9979518987765124
0,104000,0.9980584382001415
0,104100,0.9981689174343675
0,104200,0.9901718935948057
0,104300,0.9979546487738727
0,104400,0.9982565134326439
0,104500,0.9984506643689579
0,104600,0.9980593577779875
0,104700,0.9979850046424705
0,104800,0.998222230251881
0,104900,0.9982565134326439
0,105000,0.9982199822940417
0,105100,0.997940667362027
0,105200,0.9918418370332963
0,105300,0.9937201584922387
0,105400,0.9981689174343675
0,105500,0.9977217398157635
0,105600,0.9910320624315823
0,105700,0.9979416024825635
0,105800,0.9979416024825635
0,105900,0.9893734251189993
0,106000,0.9977376479217309
0,106100,0.9893236193009531
0,106200,0.9938223015951907
0,106300,0.9982406666004499
0,106400,0.9888246066316951
0,106500,0.9979545518029852
0,106600,0.9893734251189993
0,106700,0.9982406666004499
0,106800,0.9979848210463899
0,106900,0.9982406666004499
0,107000,0.9982406666004499
0,107100,0.9982589862147346
0,107200,0.9983083828802118
0,107300,0.9984506643689579
0,107400,0.9979927313636163
0,107500,0.9983447571212756
0,107600,0.9877398499199931
0,107700,0.9980826734968931
0,107800,0.997949147304966
0,107900,0.9877398499199931
0,108000,0.9983895239215191
0,108100,0.9982500614052442
0,108200,0.9877398499199931
0,108300,0.9937585645831544
0,108400,0.9937585645831544
0,108500,0.9979000820125039
0,108600,0.997284592871558
0,108700,0.9979000820125039
0,108800,0.9886558129350873
0,108900,0.9970053851800506
0,109000,0.9940185891892088
0,109100,0.9896610647401448
0,109200,0.996801701781545
0,109300,0.9896610647401448
0,109400,0.9940185891892088
0,109500,0.996927393133502
0,109600,0.9973038182102173
0,109700,0.9975800733008479
0,109800,0.9973606151977104
0,109900,0.9973430962985901
0,110000,0.9901850286763744
0,110100,0.9974194967293215
0,110200,0.9974858498684785
0,110300,0.9969880042572455
0,110400,0.9972914748383302
0,110500,0.9974194967293215
0,110600,0.9971743347923193
0,110700,0.9973810335501581
0,110800,0.9972914748383302
0,110900,0.9969880042572455
0,111000,0.9926294996161549
0,111100,0.9969999966272698
0,111200,0.9973810335501581
0,111300,0.9916928903703484
0,111400,0.9974871174153956
0,111500,0.9974101000973083
0,111600,0.9972203271525827
0,111700,0.9972749459569691
0,111800,0.9972301652880744
0,111900,0.9973250726273052
0,112000,0.9973250726273052
0,112100,0.9972301652880744
0,112200,0.9972749459569691
0,112300,0.9972820871037738
0,112400,0.9971223005297729
0,112500,0.9977324231180376
0,112600,0.9975042763407234
0,112700,0.9975302467383103
0,112800,0.9976161132216914
0,112900,0.9935759839161844
0,113000,0.9972301652880744
0,113100,0.9971667024503074
0,113200,0.9873485278457911
0,113300,0.9972301652880744
0,113400,0.9974951923046472
0,113500,0.9974440919384484
0,113600,0.9911850055903421
0,113700,0.9977375363285558
0,113800,0.9975760848952551
0,113900,0.9977375363285558
0,114000,0.9977375363285558
0,114100,0.9975760848952551
0,114200,0.9865665195133371
0,114300,0.9975042763407234
0,114400,0.9972749459569691
0,114500,0.9972301652880744
0,114600,0.9975042763407234
0,114700,0.9975042763407234
0,114800,0.9972749459569691
0,114900,0.9976150971164435
0,115000,0.9971667024503074
0,115100,0.9934937507080508
0,115200,0.9972062258979261
0,115300,0.9975042763407234
0,115400,0.9975760848952551
0,115500,0.9975848333096979
0,115600,0.9972519831625654
0,115700,0.9932012953265679
0,115800,0.9966547052783296
0,115900,0.9967041893468392
0,116000,0.9970506920620282
0,116100,0.9967662665869895
0,116200,0.9966547052783296
0,116300,0.9967662665869895
0,116400,0.9975436318275075
0,116500,0.9966980036644515
0,116600,0.996732909533934
0,116700,0.9972764496003154
0,116800,0.993138983597088
0,116900,0.9972679433100308
0,117000,0.9972679433100308
0,117100,0.9973051465510087
0,117200,0.9930860078047997
0,117300,0.9973154086581852
0,117400,0.9978132095756336
0,117500,0.9973154086581852
0,117600,0.9973154086581852
0,117700,0.9975760848952551
0,117800,0.9975760848952551
0,117900,0.9972683897579782
0,118000,0.9975760848952551
0,118100,0.9975760848952551
0,118200,0.9975980918278774
0,118300,0.9975760848952551
0,118400,0.9924101444935589
0,118500,0.9972632656987682
0,118600,0.9973051465510087
0,118700,0.9972062258979261
0,118800,0.9971543552036264
0,118900,0.9972632656987682
0,119000,0.9969433776153284
0,119100,0.9930694737880861
0,119200,0.9930860078047997
0,119300,0.9973058299755041
0,119400,0.9974436627357922
0,119500,0.9973058299755041
0,119600,0.9972828558874552
0,119700,0.9974101000973083
0,119800,0.9974478141650925
0,119900,0.9933282828625879
0,120000,0.9973208290555947
0,120100,0.9976031544501608
0,120200,0.9973208290555947
0,120300,0.9969433776153284
0,120400,0.9975760848952551
0,120500,0.9973154086581852
0,120600,0.9971543552036264
0,120700,0.9972632656987682
0,120800,0.9972979862038338
0,120900,0.9973031966786284
0,121000,0.9969433776153284
0,121100,0.9931697267563858
0,121200,0.9972979862038338
0,121300,0.9932294168650726
0,121400,0.9972632656987682
0,121500,0.9910894157810562
0,121600,0.9971695382964876
0,121700,0.996927393133502
0,121800,0.996870459685235
0,121900,0.9936865518463195
0,122000,0.9967835149733781
0,122100,0.9974149688129239
0,122200,0.9938593418340759
0,122300,0.9982960691823671
0,122400,0.9984779080001203
0,122500,0.9973416516444434
0,122600,0.988144081302846
0,122700,0.9984779080001203
0,122800,0.9914415111550753
0,122900,0.9982706506276903
0,123000,0.9886883553720469
0,123100,0.9933667867181297
0,123200,0.9982701603976623
0,123300,0.9980826734968931
0,123400,0.9982701603976623
0,123500,0.9982960691823671
0,123600,0.997819192615833
0,123700,0.9976789887637181
0,123800,0.9979094634128267
0,123900,0.9890859617154713
0,124000,0.9977238349628603
0,124100,0.9979094634128267
0,124200,0.9982960691823671
0,124300,0.9885040482700437
0,124400,0.988144081302846
0,124500,0.9975745046048751
0,124600,0.9978277713156872
0,124700,0.9936270948571746
0,124800,0.9885549316249145
0,124900,0.9982266180135229
0,125000,0.9885549316249145
0,125100,0.9889754455490958
0,125200,0.9982068756503047
0,125300,0.9979837994198473
0,125400,0.9982029168409362
0,125500,0.9885549316249145
0,125600,0.9980346232960509
0,125700,0.9974972128882069
0,125800,0.9978262816058421
0,125900,0.997937062822048
0,126000,0.9896201193083637
0,126100,0.9896201193083637
0,126200,0.9884798937066339
0,126300,0.9977552968979586
0,126400,0.9976320984559001
0,126500,0.9977634699943496
0,126600,0.997933885803879
0,126700,0.997933885803879
0,126800,0.9870869416335579
0,126900,0.9870869416335579
0,127000,0.9977472490073854
0,127100,0.9974934971888966
0,127200,0.9977552968979586
0,127300,0.9977634699943496
0,127400,0.9978823281115072
0,127500,0.9979544379194053
0,127600,0.9921772054442921
0,127700,0.9976848630775683
0,127800,0.9977333331143605
0,127900,0.9978823281115072
0,128000,0.9978823281115072
0,128100,0.9983082223634594
0,128200,0.9982831916202478
0,128300,0.9874682244393352
0,128400,0.9982840300685919
0,128500,0.9982831916202478
0,128600,0.9877467128278238
0,128700,0.9982840300685919
0,128800,0.9982084123272719
0,128900,0.9984726624191851
0,129000,0.9985793286866197
0,129100,0.9875993039663101
0,129200,0.9987409685732271
0,129300,0.9983082223634594
0,129400,0.9978823281115072
0,129500,0.987390179776494
0,129600,0.9985542655567917
0,129700,0.9984317710553006
0,129800,0.9916748075029651
0,129900,0.9983264204621702
0,130000,0.9877268398207996
0,130100,0.9982831916202478
0,130200,0.9983082223634594
0,130300,0.9983082223634594
0,130400,0.9919129843809782
0,130500,0.9982094659104944
0,130600,0.9870869416335579
0,130700,0.9871441488927086
0,130800,0.9976320984559001
0,130900,0.9985542655567917
0,131000,0.9976848630775683
0,131100,0.9977937759572016
0,131200,0.9914487626655284
0,131300,0.9976848630775683
0,131400,0.9976320984559001
0,131500,0.9870869416335579
0,131600,0.9867076178861398
0,131700,0.9977453089810199
0,131800,0.9974934971888966
0,131900,0.9877268398207996
0,132000,0.9984873164393423
0,132100,0.9977159102613803
0,132200,0.9878282448677094
0,132300,0.9985536377826877
0,132400,0.9984455534410646
0,132500,0.9912353443431503
0,132600,0.988396112997903
0,132700,0.9983080398956228
0,132800,0.9984785124704482
0,132900,0.9984492896618016
0,133000,0.9985536377826877
0,133100,0.9985207866937914
0,133200,0.9984227780957821
0,133300,0.9868881672603158
0,133400,0.9987879094284783
0,133500,0.9983264204621702
0,133600,0.9984227780957821
0,133700,0.9872200484529087
0,133800,0.998359781953011
0,133900,0.9982831916202478
0,134000,0.9876747604619495
0,134100,0.9980147464589332
0,134200,0.9983264204621702
0,134300,0.9983264204621702
0,134400,0.9978525510304168
0,134500,0.9984311117261183
0,134600,0.9982034396480021
0,134700,0.9984311117261183
0,134800,0.9872200484529087
0,134900,0.9872200484529087
0,135000,0.9983264204621702
0,135100,0.9974934971888966
0,135200,0.9870869416335579
0,135300,0.9976070524955964
0,135400,0.9978920941978919
0,135500,0.9977937759572016
0,135600,0.9978607921610235
0,135700,0.9977807418649862
0,135800,0.9977807418649862
0,135900,0.9894142281298584
0,136000,0.9979088285498484
0,136100,0.9979453132439197
0,136200,0.9981199362300014
0,136300,0.988180414816502
0,136400,0.9981199362300014
0,136500,0.988180414816502
0,136600,0.9979349796765629
0,136700,0.9895871423761641
0,136800,0.9977590498230163
0,136900,0.9982269097223367
0,137000,0.9979848210463899
0,137100,0.99815379707922
0,137200,0.9980746221146212
0,137300,0.9978635920531991
0,137400,0.9980376432365005
0,137500,0.9877859693684811
0,137600,0.9968520895371111
0,137700,0.9968520895371111
0,137800,0.9976636242591307
0,137900,0.9872893508305676
0,138000,0.9972063232661191
0,138100,0.9969656441605533
0,138200,0.9968576251547737
0,138300,0.996870459685235
0,138400,0.9970833989950816
0,138500,0.9970986322671829
0,138600,0.9969751688674557
0,138700,0.9977095089495513
0,138800,0.9968520895371111
0,138900,0.9935233979908475
0,139000,0.9936865518463195
0,139100,0.9972063232661191
0,139200,0.9972063232661191
0,139300,0.9974181360742083
0,139400,0.9974181360742083
0,139500,0.9972943553762803
0,139600,0.9975212794176942
0,139700,0.9967856328438401
0,139800,0.9975212794176942
0,139900,0.9935233979908475
0,140000,0.9972063232661191
0,140100,0.996415892190848
0,140200,0.9970733786647653
0,140300,0.9968520895371111
0,140400,0.9936865518463195
0,140500,0.9913633613650537
0,140600,0.9970614850228529
0,140700,0.9976268085371899
0,140800,0.9982960691823671
0,140900,0.9982944278950244
0,141000,0.9984779080001203
0,141100,0.9979604099620653
0,141200,0.9982706506276903
0,141300,0.9981204383628588
0,141400,0.9981204383628588
0,141500,0.9876403582584077
0,141600,0.9905832981136626
0,141700,0.9984779080001203
0,141800,0.9982944278950244
0,141900,0.9977633718325848
0,142000,0.9979848210463899
0,142100,0.9977633718325848
0,142200,0.9977633718325848
0,142300,0.9978417556341382
0,142400,0.9978417556341382
0,142500,0.9982266180135229
0,142600,0.9978277713156872
0,142700,0.9981212773914602
0,142800,0.9983631651157155
0,142900,0.9981212773914602
0,143000,0.9889754455490958
0,143100,0.9981204383628588
0,143200,0.9982471411168056
0,143300,0.9975332613278781
0,143400,0.9976789887637181
0,143500,0.9977095089495513
0,143600,0.9979360319715793
0,143700,0.9977095089495513
0,143800,0.9977095089495513
0,143900,0.997572432552395
0,144000,0.9975332613278781
0,144100,0.9977095089495513
0,144200,0.9871840852047774
0,144300,0.9979360319715793
0,144400,0.9877859693684811
0,144500,0.9885112781796783
0,144600,0.9968520895371111
0,144700,0.9970986322671829
0,144800,0.9973467184148274
0,144900,0.9972489630531288
0,145000,0.9972063232661191
0,145100,0.9898238104094882
0,145200,0.9920025213941577
0,145300,0.9977095089495513
0,145400,0.9977095089495513
0,145500,0.9975337650218165
0,145600,0.9914395175979974
0,145700,0.9938128645131806
0,145800,0.9972489630531288
0,145900,0.9890812341256311
0,146000,0.9970944711756432
0,146100,0.994095228834095
0,146200,0.996870459685235
0,146300,0.9969569285886273
0,146400,0.9910422124461494
0,146500,0.9969331222615487
0,146600,0.9889577293102231
0,146700,0.9975423085664183
0,146800,0.9872893508305676
0,146900,0.9977095089495513
0,147000,0.9976636242591307
0,147100,0.9975423085664183
0,147200,0.9965877879061924
0,147300,0.9969656441605533
0,147400,0.9972828558874552
0,147500,0.9972828558874552
0,147600,0.9972828558874552
0,147700,0.9968936293716505
0,147800,0.9972674412244595
0,147900,0.996982449184189
0,148000,0.996982449184189
0,148100,0.996982449184189
0,148200,0.9972828558874552
0,148300,0.9968936293716505
0,148400,0.9909401482112259
0,148500,0.9969569285886273
0,148600,0.996870459685235
0,148700,0.9968936293716505
0,148800,0.9924772619639124
0,148900,0.9968619346353962
0,149000,0.9969569285886273
0,149100,0.9969569285886273
0,149200,0.9972828558874552
0,149300,0.9969569285886273
0,149400,0.9916331388625179
0,149500,0.9968576251547737
0,149600,0.9966580306750458
0,149700,0.9936865518463195
0,149800,0.9939456566301497
0,149900,0.9876387677232515
0,150000,0.9968520895371111
0,150100,0.9877859693684811
0,150200,0.9932154607180677
0,150300,0.9973776938913907
0,150400,0.9973776938913907
0,150500,0.9975726559007622
0,150600,0.9880304231637014
0,150700,0.9982706506276903
0,150800,0.9982706506276903
0,150900,0.9974231531142755
0,151000,0.9973776938913907
0,151100,0.9880304231637014
0,151200,0.9973493789827774
0,151300,0.9976045211610963
0,151400,0.9981556363493327
0,151500,0.9980376432365005
0,151600,0.9982944278950244
0,151700,0.9980519582061526
0,151800,0.9886883553720469
0,151900,0.9975323460363684
0,152000,0.9977633718325848
0,152100,0.9979604099620653
0,152200,0.9978608548482268
0,152300,0.9977633718325848
0,152400,0.9884539951555831
0,152500,0.9889754455490958
0,152600,0.9890787917548307
0,152700,0.9977354272081065
0,152800,0.9889754455490958
0,152900,0.9982944278950244
0,153000,0.9977183300177891
0,153100,0.9977183300177891
0,153200,0.9977183300177891
0,153300,0.988144081302846
0,153400,0.9982701603976623
0,153500,0.9909449614749818
0,153600,0.9886883553720469
0,153700,0.9976980500286661
0,153800,0.989031847685456
0,153900,0.9978262816058421
0,154000,0.997706783635902
0,154100,0.9886919807885907
0,154200,0.9975445500519182
0,154300,0.9973397751049284
0,154400,0.9975445500519182
0,154500,0.997653542597565
0,154600,0.9976320984559001
0,154700,0.9975509407178241
0,154800,0.9976484366440064
0,154900,0.9973311849776795
0,155000,0.9983106458819925
0,155100,0.9980679589657134
0,155200,0.9979732570260136
0,155300,0.9979732570260136
0,155400,0.998061222014812
0,155500,0.998061222014812
0,155600,0.988151796131619
0,155700,0.9977763310878315
0,155800,0.9879396538681204
0,155900,0.9878224329160729
0,156000,0.9971113060897863
0,156100,0.9878224329160729
0,156200,0.9972093111775542
0,156300,0.9973582183314228
0,156400,0.9974903795742184
0,156500,0.998061222014812
0,156600,0.9879396538681204
0,156700,0.9972195653621967
0,156800,0.9928267222417808
0,156900,0.9977763310878315
0,157000,0.9975525621017003
0,157100,0.998061222014812
0,157200,0.9878224329160729
0,157300,0.9879433911809968
0,157400,0.9963867068627347
0,157500,0.993095803379722
0,157600,0.998077996032364
0,157700,0.99829606691682
0,157800,0.9902801223933559
0,157900,0.997989840108031
0,158000,0.997989840108031
0,158100,0.997989840108031
0,158200,0.9883696610668937
0,158300,0.998077996032364
0,158400,0.9882801180224836
0,158500,0.9983390607595247
0,158600,0.9978920054156505
0,158700,0.9932826698059863
0,158800,0.9979837813480669
0,158900,0.9980596581737324
0,159000,0.9890626330423905
0,159100,0.9978759921034875
0,159200,0.997729716093166
0,159300,0.9981668456637318
0,159400,0.9940112677671635
0,159500,0.9940112677671635
0,159600,0.9876742196632147
0,159700,0.9864527999798299
0,159800,0.9978439704815629
0,159900,0.9978823013063626
0,160000,0.9942902051992699
0,160100,0.9868100918806415
0,160200,0.9872687962120317
0,160300,0.9883707135263391
0,160400,0.9897989246969547
0,160500,0.9883707135263391
0,160600,0.9980294936144996
0,160700,0.9985429409177681
0,160800,0.9975973016820462
0,160900,0.9872687962120317
0,161000,0.9979019969408159
0,161100,0.9868100918806415
0,161200,0.9978439704815629
0,161300,0.9978823013063626
0,161400,0.9868100918806415
0,161500,0.9885079273863289
0,161600,0.9864527999798299
0,161700,0.9979019969408159
0,161800,0.9942902051992699
0,161900,0.9977269502466827
0,162000,0.9980294936144996
0,162100,0.9868100918806415
0,162200,0.9981682200936063
0,162300,0.9982591803790842
0,162400,0.9979988322246949
0,162500,0.9979988322246949
0,162600,0.9871018772034097
0,162700,0.9978708054846315
0,162800,0.9980294936144996
0,162900,0.9871290286421004
0,163000,0.9977389307214148
0,163100,0.9979988322246949
0,163200,0.9983323263083432
0,163300,0.9982294255614841
0,163400,0.998481980289676
0,163500,0.9984977041112911
0,163600,0.9871018772034097
0,163700,0.9945532233729194
0,163800,0.9981682200936063
0,163900,0.9862738493507431
0,164000,0.9979219424428208
0,164100,0.9982591803790842
0,164200,0.9979094788003111
0,164300,0.9874045278307514
0,164400,0.9940112677671635
0,164500,0.9882735380484167
0,164600,0.9982591803790842
0,164700,0.9943590059277982
0,164800,0.9981668456637318
0,164900,0.9979094788003111
0,165000,0.9979094788003111
0,165100,0.9979094788003111
0,165200,0.998208818079361
0,165300,0.9985620780604353
0,165400,0.9940112677671635
0,165500,0.9882735380484167
0,165600,0.998081017130213
0,165700,0.9899214507286765
0,165800,0.9979094788003111
0,165900,0.9982171955384116
0,166000,0.9981447279644714
0,166100,0.9979094788003111
0,166200,0.9862738493507431
0,166300,0.9886575238850767
0,166400,0.9945532233729194
0,166500,0.9886575238850767
0,166600,0.9868100918806415
0,166700,0.9981447279644714
0,166800,0.9981447279644714
0,166900,0.9897013566851582
0,167000,0.998081017130213
0,167100,0.9897013566851582
0,167200,0.9981447279644714
0,167300,0.9886575238850767
0,167400,0.9979094788003111
0,167500,0.9980800480021743
0,167600,0.9977979123142096
0,167700,0.9979652814657032
0,167800,0.9978840456485683
0,167900,0.9869405858540864
0,168000,0.997668490972507
0,168100,0.9980834629973946
0,168200,0.997729716093166
0,168300,0.9977433052677247
0,168400,0.9881267962814011
0,168500,0.9981447279644714
0,168600,0.9980834629973946
0,168700,0.9941744417465076
0,168800,0.9941744417465076
0,168900,0.9979930984179809
0,169000,0.9979094788003111
0,169100,0.9980834629973946
0,169200,0.9899658596880465
0,169300,0.9979930984179809
0,169400,0.9885090921675534
0,169500,0.9978840456485683
0,169600,0.9899961935355666
0,169700,0.9984120070115832
0,169800,0.9877072596572303
0,169900,0.9969010713407807
0,170000,0.9878096477170625
0,170100,0.9973824024396087
0,170200,0.9982172692217587
0,170300,0.9873320744982493
0,170400,0.987545857682679
0,170500,0.9982172692217587
0,170600,0.9978048796635106
0,170700,0.9921363672300606
0,170800,0.9977724400297535
0,170900,0.9978840456485683
0,171000,0.9978840456485683
0,171100,0.9978840456485683
0,171200,0.9927026465907548
0,171300,0.9872088159712519
0,171400,0.9978840456485683
0,171500,0.9979930984179809
0,171600,0.9886166428882408
0,171700,0.9979094788003111
0,171800,0.9874198127935195
0,171900,0.9973824024396087
0,172000,0.9873320744982493
0,172100,0.9984183908975066
0,172200,0.9873320744982493
0,172300,0.9978840456485683
0,172400,0.9869405858540864
0,172500,0.9979094788003111
0,172600,0.9881267962814011
0,172700,0.9862738493507431
0,172800,0.9939156049575983
0,172900,0.9897984216445891
0,173000,0.9980834629973946
0,173100,0.9899214507286765
0,173200,0.9979094788003111
0,173300,0.9982963706614344
0,173400,0.9893439481849811
0,173500,0.9979094788003111
0,173600,0.9980834629973946
0,173700,0.997918861708283
0,173800,0.997843419286113
0,173900,0.9892873291332162
0,174000,0.9889324294921085
0,174100,0.9889324294921085
0,174200,0.9886205313526925
0,174300,0.998084205339436
0,174400,0.9973601628094441
0,174500,0.9883696610668937
0,174600,0.9976126601248727
0,174700,0.9982502657296168
0,174800,0.997387333653242
0,174900,0.9978433897261614
0,175000,0.988407696018174
0,175100,0.997828547081893
0,175200,0.988151796131619
0,175300,0.997828547081893
0,175400,0.9978337200157246
0,175500,0.998061222014812
0,175600,0.9978428595905068
0,175700,0.997828547081893
0,175800,0.9969438290676539
0,175900,0.998061222014812
0,176000,0.9972230942686218
0,176100,0.9894006643460505
0,176200,0.9971113060897863
0,176300,0.9879433911809968
0,176400,0.9879433911809968
0,176500,0.9880049491685137
0,176600,0.9976232379625287
0,176700,0.9881585685651016
0,176800,0.9876163917401333
0,176900,0.997828547081893
0,177000,0.988407696018174
0,177100,0.997828547081893
0,177200,0.9972169187917744
0,177300,0.9980212607621466
0,177400,0.997803645492846
0,177500,0.9879433911809968
0,177600,0.9974818671142842
0,177700,0.9974370593229364
0,177800,0.9877765381150564
0,177900,0.9888140976153065
0,178000,0.989735840554903
0,178100,0.9974279467192493
0,178200,0.997483097279248
0,178300,0.997730119280758
0,178400,0.9973753804425398
0,178500,0.987316804501432
0,178600,0.9974784737269958
0,178700,0.9974279467192493
0,178800,0.9970576577962973
0,178900,0.9877765381150564
0,179000,0.9975122288579982
0,179100,0.9922606335846368
0,179200,0.9975122288579982
0,179300,0.9881783339305868
0,179400,0.9970576577962973
0,179500,0.9974784737269958
0,179600,0.9974784737269958
0,179700,0.99742904701605
0,179800,0.9977893012286134
0,179900,0.9944610633131729
0,180000,0.9974784737269958
0,180100,0.9970576577962973
0,180200,0.987316804501432
0,180300,0.9970576577962973
0,180400,0.9905531880226004
0,180500,0.9973753804425398
0,180600,0.9893198048948662
0,180700,0.9893397970262212
0,180800,0.9976552479793618
0,180900,0.9977804770848514
0,181000,0.9977170283767721
0,181100,0.9977170283767721
0,181200,0.9974279467192493
0,181300,0.997570332373811
0,181400,0.9972777747273897
0,181500,0.9882786000469996
0,181600,0.9972748545240431
0,181700,0.9972013498827221
0,181800,0.9895105072519449
0,181900,0.9895105072519449
0,182000,0.9973753804425398
0,182100,0.9894949090434374
0,182200,0.9976227241136529
0,182300,0.9879433911809968
0,182400,0.9900237099879345
0,182500,0.9900237099879345
0,182600,0.9900237099879345
0,182700,0.9888140976153065
0,182800,0.9874173086858218
0,182900,0.9879433911809968
0,183000,0.9973397284426543
0,183100,0.9879433911809968
0,183200,0.9879433911809968
0,183300,0.9971263322623735
0,183400,0.9971263322623735
0,183500,0.9973477230300297
0,183600,0.9974279467192493
0,183700,0.9900237099879345
0,183800,0.989718566079039
0,183900,0.9974279467192493
0,184000,0.9973753804425398
0,184100,0.989718566079039
0,184200,0.989718566079039
0,184300,0.989718566079039
0,184400,0.9918045263315501
0,184500,0.9974784737269958
0,184600,0.9889998076330443
0,184700,0.9973051050108027
0,184800,0.9973753804425398
0,184900,0.9971883817157955
0,185000,0.9974850786485123
0,185100,0.9893397970262212
0,185200,0.9973999388783755
0,185300,0.9895105072519449
0,185400,0.987316804501432
0,185500,0.9971595414314834
0,185600,0.9970576577962973
0,185700,0.9973477230300297
0,185800,0.9910002102648778
0,185900,0.9970300404009727
0,186000,0.9884722509833322
0,186100,0.9970035727471893
0,186200,0.9970035727471893
0,186300,0.9884722509833322
0,186400,0.9974279467192493
0,186500,0.9974279467192493
0,186600,0.9968934208198555
0,186700,0.9973753804425398
0,186800,0.9974797543674015
0,186900,0.9972994671277676
0,187000,0.9973753804425398
0,187100,0.9977170283767721
0,187200,0.9973753804425398
0,187300,0.9970838512816826
0,187400,0.9896377906564502
0,187500,0.9896377906564502
0,187600,0.997383679785565
0,187700,0.9975359732287286
0,187800,0.9976173414241749
0,187900,0.9972994671277676
0,188000,0.9973691085327172
0,188100,0.9893397970262212
0,188200,0.9974797543674015
0,188300,0.9973482275122015
0,188400,0.9972173788042298
0,188500,0.9964491406051971
0,188600,0.9968401444997144
0,188700,0.9971107921120144
0,188800,0.9971592262106284
0,188900,0.9973482275122015
0,189000,0.9893397970262212
0,189100,0.9893397970262212
0,189200,0.9972994671277676
0,189300,0.997383679785565
0,189400,0.9972994671277676
0,189500,0.9972389298584143
0,189600,0.9972389298584143
0,189700,0.997383679785565
0,189800,0.9893397970262212
0,189900,0.9967788099293347
0,190000,0.9970878722327047
0,190100,0.9971883817157955
0,190200,0.9972659923759192
0,190300,0.997383679785565
0,190400,0.9972111476299818
0,190500,0.9909099521916519
0,190600,0.9919456872698924
0,190700,0.9967826675468752
0,190800,0.9970510948576138
0,190900,0.9969857631253393
0,191000,0.9968928579637921
0,191100,0.996752220604648
0,191200,0.9968401444997144
0,191300,0.9970510948576138
0,191400,0.9880364611657355
0,191500,0.9963176708315623
0,191600,0.996159319127147
0,191700,0.996159319127147
0,191800,0.9967826675468752
0,191900,0.9970404349636408
0,192000,0.9970404349636408
0,192100,0.9975569360081005
0,192200,0.9976173492411269
0,192300,0.9975536417690136
0,192400,0.9884741287696445
0,192500,0.997536653165214
0,192600,0.9937585563880322
0,192700,0.9973389429001561
0,192800,0.9977309287018495
0,192900,0.9968401444997144
0,193000,0.9970663167050366
0,193100,0.996159319127147
0,193200,0.9971571774246537
0,193300,0.9963525353904648
0,193400,0.9962842447196764
0,193500,0.9963998441079801
0,193600,0.9965353595458817
0,193700,0.9890386560829547
0,193800,0.9962923447616034
0,193900,0.9964694666315934
0,194000,0.9962654072435001
0,194100,0.9965353595458817
0,194200,0.9963998441079801
0,194300,0.9965353595458817
0,194400,0.9965353595458817
0,194500,0.9961376611034033
0,194600,0.9881114808065949
0,194700,0.9965353595458817
0,194800,0.9965353595458817
0,194900,0.9962382606952727
0,195000,0.9962923447616034
0,195100,0.9972727283002729
0,195200,0.9884741287696445
0,195300,0.9972099213336189
0,195400,0.9973691085327172
0,195500,0.988452991059043
0,195600,0.9885310098428182
0,195700,0.9968401444997144
0,195800,0.9967399697849697
0,195900,0.9970510948576138
0,196000,0.9970404349636408
0,196100,0.9884741287696445
0,196200,0.9970510948576138
0,196300,0.997270366965777
0,196400,0.9879450611634845
0,196500,0.9962923447616034
0,196600,0.9965353595458817
0,196700,0.9966331822562431
0,196800,0.9888675020037399
0,196900,0.9963141961143193
0,197000,0.9962241289847671
0,197100,0.996462896973892
0,197200,0.9966094028703626
0,197300,0.996543032830561
0,197400,0.9970903721103661
0,197500,0.993807723607052
0,197600,0.9917074591634538
0,197700,0.9939355350794736
0,197800,0.9962923447616034
0,197900,0.9962163717767982
0,198000,0.9965353595458817
0,198100,0.9965206513681527
0,198200,0.9962757208709717
0,198300,0.9965353595458817
0,198400,0.9965650847161575
0,198500,0.996671573333875
0,198600,0.9968060357275369
0,198700,0.9963141961143193
0,198800,0.9932179902128068
0,198900,0.9887559933720927
0,199000,0.9963829006490886
0,199100,0.9888172365272421
0,199200,0.996525537580595
0,199300,0.9963947997059088
0,199400,0.9962163717767982
0,199500,0.9874642761777399
0,199600,0.9887225101432943
0,199700,0.9962163717767982
0,199800,0.9933599461871927
0,199900,0.9881426070060589
0,200000,0.9959367254588551
0,200100,0.9915571249263231
0,200200,0.9972274255676759
0,200300,0.9884741287696445
0,200400,0.9972667163780963
0,200500,0.997441169255146
0,200600,0.9884543766585889
0,200700,0.9969147947399771
0,200800,0.9969147947399771
0,200900,0.9970711701203743
0,201000,0.9972274255676759
0,201100,0.9881426070060589
0,201200,0.997462719801143
0,201300,0.9969147947399771
0,201400,0.9970034636691596
0,201500,0.9972274255676759
0,201600,0.9882229305726132
0,201700,0.9884286651510706
0,201800,0.9914928010974052
0,201900,0.9973644263711932
0,202000,0.9883100288487782
0,202100,0.9971980764949994
0,202200,0.9972274255676759
0,202300,0.9884741287696445
0,202400,0.9969147947399771
0,202500,0.993571878587491
0,202600,0.9972274255676759
0,202700,0.9935511870619553
0,202800,0.9879935591915903
0,202900,0.9965765517115132
0,203000,0.9971980764949994
0,203100,0.9962163717767982
0,203200,0.9962163717767982
0,203300,0.9879999868385952
0,203400,0.9962163717767982
0,203500,0.9964540622128215
0,203600,0.9912252657551401
0,203700,0.9961104909000763
0,203800,0.9887951357339645
0,203900,0.9887951357339645
0,204000,0.9889178463551103
0,204100,0.9964468551257943
0,204200,0.9961104909000763
0,204300,0.9964468551257943
0,204400,0.9961093416737157
0,204500,0.9960150759366263
0,204600,0.9961104909000763
0,204700,0.9964234935089201
0,204800,0.9972274255676759
0,204900,0.994156038500103
0,205000,0.9960150759366263
0,205100,0.9888172365272421
0,205200,0.9966399654719647
0,205300,0.9962163717767982
0,205400,0.9962163717767982
0,205500,0.9875596199489828
0,205600,0.9965036923322325
0,205700,0.9960150759366263
0,205800,0.9961093416737157
0,205900,0.9887951357339645
0,206000,0.9965905933996213
0,206100,0.9965216810914642
0,206200,0.9964681577460669
0,206300,0.9964681577460669
0,206400,0.9966679309602243
0,206500,0.9965415042339639
0,206600,0.9967495384348123
0,206700,0.9968302314532136
0,206800,0.9964940757647601
0,206900,0.996671573333875
0,207000,0.9965216810914642
0,207100,0.9964118391602178
0,207200,0.9964468551257943
0,207300,0.9959626549806211
0,207400,0.996223225417426
0,207500,0.9889178463551103
0,207600,0.9938613094284459
0,207700,0.9963998441079801
0,207800,0.987485955194477
0,207900,0.9963947997059088
0,208000,0.9962163717767982
0,208100,0.9961709435196429
0,208200,0.9962241289847671
0,208300,0.9965353595458817
0,208400,0.9964468551257943
0,208500,0.9965494106892782
0,208600,0.9961709435196429
0,208700,0.9965353595458817
0,208800,0.9965239082623827
0,208900,0.9967399697849697
0,209000,0.9962163717767982
0,209100,0.9939651086281337
0,209200,0.9913691232446128
0,209300,0.9938718383024797
0,209400,0.9938718383024797
0,209500,0.9965353595458817
0,209600,0.9959626549806211
0,209700,0.9958993298372183
0,209800,0.9961210175220927
0,209900,0.9936099062775107
0,210000,0.9910863475679024
0,210100,0.9973070768433819
0,210200,0.9973516993033136
0,210300,0.9975185464247348
0,210400,0.9973070768433819
0,210500,0.9973516993033136
0,210600,0.9972884819372052
0,210700,0.9972884819372052
0,210800,0.996451465432369
0,210900,0.9940461641943706
0,211000,0.988452991059043
0,211100,0.9961210175220927
0,211200,0.9969499885688533
0,211300,0.9870121851411009
0,211400,0.9960986554122406
0,211500,0.9962241289847671
0,211600,0.996671573333875
0,211700,0.992593587831699
0,211800,0.9965905933996213
0,211900,0.9964940757647601
0,212000,0.993717578088472
0,212100,0.9967495384348123
0,212200,0.9968768521357964
0,212300,0.9964523176571948
0,212400,0.9960516133550733
0,212500,0.9962696345288297
0,212600,0.9960516133550733
0,212700,0.9936625810591154
0,212800,0.9960139055212381
0,212900,0.9972040344829485
0,213000,0.9963423459611808
0,213100,0.9964964102862569
0,213200,0.9933089150604102
0,213300,0.9966126238698125
0,213400,0.9924784579283883
0,213500,0.9968001703451049
0,213600,0.9903095196549119
0,213700,0.9964964102862569
0,213800,0.9964523176571948
0,213900,0.9930123619078247
0,214000,0.9964964102862569
0,214100,0.9933089150604102
0,214200,0.9960827279892862
0,214300,0.9960139055212381
0,214400,0.9960139055212381
0,214500,0.9929674237854674
0,214600,0.9959257498906584
0,214700,0.9963423459611808
0,214800,0.9963116005044788
0,214900,0.9963423459611808
0,215000,0.9963116005044788
0,215100,0.9959257498906584
0,215200,0.9960827279892862
0,215300,0.9972692049668895
0,215400,0.9965837356128361
0,215500,0.9971111442772946
0,215600,0.9971956620209189
0,215700,0.9934385190098869
0,215800,0.9889892373519291
0,215900,0.9967300300138009
0,216000,0.9969683732950032
0,216100,0.9962748023663679
0,216200,0.9969683732950032
0,216300,0.993717578088472
0,216400,0.9969683732950032
0,216500,0.993717578088472
0,216600,0.9965415042339639
0,216700,0.9969683732950032
0,216800,0.9966202118576799
0,216900,0.9964341201411597
0,217000,0.9965905933996213
0,217100,0.996668653868353
0,217200,0.9891055993104161
0,217300,0.9965381377566342
0,217400,0.9972493344969594
0,217500,0.9967053518878296
0,217600,0.9965905933996213
0,217700,0.9964341201411597
0,217800,0.9965415042339639
0,217900,0.9964715028564471
0,218000,0.9965837356128361
0,218100,0.9966202118576799
0,218200,0.9909277236437519
0,218300,0.9932613525050846
0,218400,0.9910094842660887
0,218500,0.9964971350112911
0,218600,0.9964964102862569
0,218700,0.9965837356128361
0,218800,0.9967251072644668
0,218900,0.996543032830561
0,219000,0.9969683732950032
0,219100,0.9967814543879149
0,219200,0.996668653868353
0,219300,0.9963141961143193
0,219400,0.9965650847161575
0,219500,0.9942108366906949
0,219600,0.9968060357275369
0,219700,0.9963141961143193
0,219800,0.9885360959244652
0,219900,0.9892771751533578
0,220000,0.9969683732950032
0,220100,0.9967724837257973
0,220200,0.9920031724605689
0,220300,0.9962241289847671
0,220400,0.9939604937777314
0,220500,0.996462896973892
0,220600,0.9966321041570235
0,220700,0.9965650847161575
0,220800,0.9923198859940044
0,220900,0.9959368350148682
0,221000,0.9965650847161575
0,221100,0.9963141961143193
0,221200,0.9958232913857851
0,221300,0.9959368350148682
0,221400,0.9964306451237017
0,221500,0.9939355350794736
0,221600,0.9889347677870358
0,221700,0.9962163717767982
0,221800,0.9961247958507671
0,221900,0.9961093416737157
0,222000,0.9899464093347523
0,222100,0.9879999868385952
0,222200,0.9965353595458817
0,222300,0.9965650847161575
0,222400,0.9965494106892782
0,222500,0.9958232913857851
0,222600,0.9961093416737157
0,222700,0.996462896973892
0,222800,0.9942108366906949
0,222900,0.9959127034357553
0,223000,0.9962163717767982
0,223100,0.9962163717767982
0,223200,0.9962163717767982
0,223300,0.9959208531100723
0,223400,0.9962163717767982
0,223500,0.9962397655418104
0,223600,0.9961093416737157
0,223700,0.9961093416737157
0,223800,0.9958895592608299
0,223900,0.9886582768617618
0,224000,0.9965650847161575
0,224100,0.9965650847161575
0,224200,0.9875989026409725
0,224300,0.9961093416737157
0,224400,0.9962923447616034
0,224500,0.9961093416737157
0,224600,0.9961093416737157
0,224700,0.9961093416737157
0,224800,0.9919178489812989
0,224900,0.9962291313760891
0,225000,0.9959367254588551
0,225100,0.9958160700970062
0,225200,0.9963947997059088
0,225300,0.9960072378741109
0,225400,0.9962669381160216
0,225500,0.9965575371883642
0,225600,0.9884741287696445
0,225700,0.9970510948576138
0,225800,0.9970510948576138
0,225900,0.9970510948576138
0,226000,0.9962669381160216
0,226100,0.9963790338809574
0,226200,0.9968401444997144
0,226300,0.986637569972833
0,226400,0.9967611221893811
0,226500,0.9967611221893811
0,226600,0.9883620253210208
0,226700,0.9971794543232425
0,226800,0.9964428509811208
0,226900,0.9971092090360606
0,227000,0.9972533158238277
0,227100,0.9969794183094179
0,227200,0.9964428509811208
0,227300,0.991468494630132
0,227400,0.9969639588142956
0,227500,0.9888558801955628
0,227600,0.9970878722327047
0,227700,0.9970905530935875
0,227800,0.9896392694968168
0,227900,0.9969756022754619
0,228000,0.9969212273724579
0,228100,0.9969109585157443
0,228200,0.9968530515278952
0,228300,0.9972111476299818
0,228400,0.9968410062919818
0,228500,0.9972272966844948
0,228600,0.9968806986947131
0,228700,0.9968806986947131
0,228800,0.9964428509811208
0,228900,0.996486857846523
0,229000,0.988899092459621
0,229100,0.9937496813402045
0,229200,0.9970510948576138
0,229300,0.9911574552900654
0,229400,0.9969639588142956
0,229500,0.9909822984929036
0,229600,0.9969109585157443
0,229700,0.9888558801955628
0,229800,0.988789102486111
0,229900,0.9967238438908771
0,230000,0.9974759065370834
0,230100,0.9970878722327047
0,230200,0.9888558801955628
0,230300,0.9969109585157443
0,230400,0.9966990440766506
0,230500,0.9968516301723841
0,230600,0.9969158645068467
0,230700,0.9941410029414649
0,230800,0.996722839399837
0,230900,0.9893816407725055
0,231000,0.9973430699078148
0,231100,0.997014854858533
0,231200,0.9965907332475761
0,231300,0.9888558801955628
0,231400,0.9888558801955628
0,231500,0.9964177003479838
0,231600,0.9892892563748333
0,231700,0.9898504525451767
0,231800,0.99697029238242
0,231900,0.9969413793042109
0,232000,0.9968316300135412
0,232100,0.9884840623022475
0,232200,0.9970699630318192
0,232300,0.9970699630318192
0,232400,0.9967041545885094
0,232500,0.9968316300135412
0,232600,0.9969212273724579
0,232700,0.9895204005937586
0,232800,0.9944616915643244
0,232900,0.9970699630318192
0,233000,0.9966272985249831
0,233100,0.996783212325816
0,233200,0.9874572480504605
0,233300,0.9967368416395889
0,233400,0.9967041545885094
0,233500,0.9967149179350652
0,233600,0.996783212325816
0,233700,0.9969732933229729
0,233800,0.996441633930984
0,233900,0.9964176821048385
0,234000,0.9974808897312242
0,234100,0.9965693460975511
0,234200,0.9968154591550675
0,234300,0.9968154591550675
0,234400,0.9964176821048385
0,234500,0.996371505231324
0,234600,0.996371505231324
0,234700,0.9970055113379718
0,234800,0.9891408914472535
0,234900,0.996441633930984
0,235000,0.996371505231324
0,235100,0.996276147863258
0,235200,0.9879829864786621
0,235300,0.996698593218883
0,235400,0.9971453826417583
0,235500,0.9913039305493639
0,235600,0.9971453826417583
0,235700,0.9965951680493105
0,235800,0.988668608699364
0,235900,0.9969794183094179
0,236000,0.9972667163780963
0,236100,0.9966802808824651
0,236200,0.9966990440766506
0,236300,0.9971092090360606
0,236400,0.9968102962078021
0,236500,0.9972250701183499
0,236600,0.995956054023616
0,236700,0.9961993149059333
0,236800,0.9954719987953453
0,236900,0.9954719987953453
0,237000,0.9957632060523197
0,237100,0.9958993298372183
0,237200,0.9952249543794175
0,237300,0.9954088146641062
0,237400,0.9886582768617618
0,237500,0.9959626549806211
0,237600,0.9879067295338566
0,237700,0.995932355654948
0,237800,0.9934465315969713
0,237900,0.9957632060523197
0,238000,0.9958034359861938
0,238100,0.9877082423164291
0,238200,0.9961093416737157
0,238300,0.995318965508207
0,238400,0.9940259436606653
0,238500,0.9951123778410185
0,238600,0.9956301001916
0,238700,0.9952228619928308
0,238800,0.9954295663389706
0,238900,0.9951462803753013
0,239000,0.9937652048472624
0,239100,0.9963294445024699
0,239200,0.9883620253210208
0,239300,0.9964439027815122
0,239400,0.9962832684143651
0,239500,0.9965637228962946
0,239600,0.9966802808824651
0,239700,0.995957881666728
0,239800,0.9965637228962946
0,239900,0.995957881666728
0,240000,0.9888558801955628
0,240100,0.9965496511971256
0,240200,0.9966990440766506
0,240300,0.9965637228962946
0,240400,0.9965496511971256
0,240500,0.9960652342119718
0,240600,0.9938518720104742
0,240700,0.9883376337616804
0,240800,0.9940336471402503
0,240900,0.9958090285825937
0,241000,0.9964439027815122
0,241100,0.995895748124129
0,241200,0.9952874510724014
0,241300,0.9920072452777394
0,241400,0.9961739296606384
0,241500,0.9965985477623451
0,241600,0.9965496511971256
0,241700,0.9960938039550966
0,241800,0.9883376337616804
0,241900,0.9965496511971256
0,242000,0.9963012763747672
0,242100,0.9888558801955628
0,242200,0.9964177003479838
0,242300,0.9962060136350485
0,242400,0.9961778424333521
0,242500,0.9884392404787383
0,242600,0.9890175486428879
0,242700,0.9962436023137611
0,242800,0.9964177003479838
0,242900,0.9961126073843972
0,243000,0.9966585241843361
0,243100,0.9964379178997635
0,243200,0.9872095562525441
0,243300,0.9961190543938332
0,243400,0.9960415161060093
0,243500,0.996371505231324
0,243600,0.9873718133818071
0,243700,0.9966450543621994
0,243800,0.9962641475490348
0,243900,0.9916856785315558
0,244000,0.9879132827198234
0,244100,0.9879132827198234
0,244200,0.9962641475490348
0,244300,0.9965296464261296
0,244400,0.9886095896834015
0,244500,0.9882055360167691
0,244600,0.9975343641394216
0,244700,0.9961661332011055
0,244800,0.9974610744006668
0,244900,0.9890955226319488
0,245000,0.9887389344778598
0,245100,0.9969374106414697
0,245200,0.9971926987005834
0,245300,0.9887389344778598
0,245400,0.9884591056137499
0,245500,0.9962635443472588
0,245600,0.9966470980560873
0,245700,0.9965133916595094
0,245800,0.9886095896834015
0,245900,0.9882055360167691
0,246000,0.9972327707107724
0,246100,0.9887389344778598
0,246200,0.9882055360167691
0,246300,0.9965296464261296
0,246400,0.9912557091744765
0,246500,0.9882055360167691
0,246600,0.9888290103266897
0,246700,0.9966470980560873
0,246800,0.9882055360167691
0,246900,0.9966930944723614
0,247000,0.9879919372259753
0,247100,0.9966930944723614
0,247200,0.9884591056137499
0,247300,0.9965296464261296
0,247400,0.9967146964263954
0,247500,0.9882055360167691
0,247600,0.9971992362455174
0,247700,0.9968455038675048
0,247800,0.9969443998041341
0,247900,0.9963549141474382
0,248000,0.9967359005350134
0,248100,0.9963549141474382
0,248200,0.9971670642054026
0,248300,0.9884591056137499
0,248400,0.9970338232097534
0,248500,0.9884591056137499
0,248600,0.9965296464261296
0,248700,0.9966191978351409
0,248800,0.9967121281632786
0,248900,0.9884898770228524
0,249000,0.9883878437794518
0,249100,0.9883878437794518
0,249200,0.9972197603422237
0,249300,0.9857279257640978
0,249400,0.9973818496643446
0,249500,0.9966179804467832
0,249600,0.9967391405011963
0,249700,0.9971097283469941
0,249800,0.9971097283469941
0,249900,0.9887485157063011
0,250000,0.9967746787838064
0,250100,0.9964494418608102
0,250200,0.9968413297157079
0,250300,0.9889191880989765
0,250400,0.9889191880989765
0,250500,0.9973818496643446
0,250600,0.9970833994783751
0,250700,0.9967391405011963
0,250800,0.9886433712589803
0,250900,0.9968916345443934
0,251000,0.9972197603422237
0,251100,0.9971097283469941
0,251200,0.9975343641394216
0,251300,0.9886433712589803
0,251400,0.9883878437794518
0,251500,0.9888702133987272
0,251600,0.9972021228209452
0,251700,0.993503828789942
0,251800,0.9971097283469941
0,251900,0.9887485157063011
0,252000,0.9972043717945887
0,252100,0.9971424860265774
0,252200,0.9967639851365611
0,252300,0.9939546391576659
0,252400,0.9878402745420971
0,252500,0.9969434860829199
0,252600,0.9881252509504289
0,252700,0.9941662641679001
0,252800,0.9973818496643446
0,252900,0.9881211587839668
0,253000,0.9862795005211076
0,253100,0.996801833966086
0,253200,0.9969434860829199
0,253300,0.9970833994783751
0,253400,0.9922499538857438
0,253500,0.9862795005211076
0,253600,0.98905528110278
0,253700,0.9971424860265774
0,253800,0.9894193351826337
0,253900,0.9972197603422237
0,254000,0.9972197603422237
0,254100,0.9971424860265774
0,254200,0.9969659457206227
0,254300,0.9894193351826337
0,254400,0.9973740071977705
0,254500,0.9972197603422237
0,254600,0.9937065154102864
0,254700,0.9937065154102864
0,254800,0.9975499396993774
0,254900,0.9971926987005834
0,255000,0.9968658977895181
0,255100,0.9886069400034472
0,255200,0.996324969451692
0,255300,0.9956130549487866
0,255400,0.9963036644723313
0,255500,0.9963036644723313
0,255600,0.9970338232097534
0,255700,0.9965442033171203
0,255800,0.9960467504771692
0,255900,0.9960467504771692
0,256000,0.9882706972899001
0,256100,0.9966160270665129
0,256200,0.9879466279800575
0,256300,0.9961708283284857
0,256400,0.996288667079815
0,256500,0.9957649108893665
0,256600,0.9960146249586818
0,256700,0.9966094628274048
0,256800,0.9875150958264052
0,256900,0.9965542401362348
0,257000,0.98818968867312
0,257100,0.9965364432307493
0,257200,0.9958863225894695
0,257300,0.9957985211880384
0,257400,0.9965364432307493
0,257500,0.9963615234529992
0,257600,0.9961708283284857
0,257700,0.9875150958264052
0,257800,0.9957754900787918
0,257900,0.9898930807467894
0,258000,0.9966094628274048
0,258100,0.9966094628274048
0,258200,0.9966094628274048
0,258300,0.9965372214292643
0,258400,0.9923170286939484
0,258500,0.9963991541959321
0,258600,0.9872562057393135
0,258700,0.9963991541959321
0,258800,0.9962036890852125
0,258900,0.9963409275076616
0,259000,0.9964103768965349
0,259100,0.9892525403743698
0,259200,0.9906273673483167
0,259300,0.9914517675767133
0,259400,0.9959420977495106
0,259500,0.9893060577753789
0,259600,0.9963991541959321
0,259700,0.9959965646816972
0,259800,0.9961187579153818
0,259900,0.9959965646816972
0,260000,0.9880382675944733
0,260100,0.9964103768965349
0,260200,0.9964974018444673
0,260300,0.9873457118259623
0,260400,0.9873457118259623
0,260500,0.9967221288332683
0,260600,0.9880079417966539
0,260700,0.9895867349155002
0,260800,0.9967683421386149
0,260900,0.9963409275076616
0,261000,0.9959420977495106
0,261100,0.9958267075192759
0,261200,0.9967683421386149
0,261300,0.9966094628274048
0,261400,0.9965372214292643
0,261500,0.996288667079815
0,261600,0.996288667079815
0,261700,0.9961518795669871
0,261800,0.996288667079815
0,261900,0.9961636508044311
0,262000,0.9875150958264052
0,262100,0.9956672934277764
0,262200,0.9963210441196565
0,262300,0.9958649765386806
0,262400,0.995879055652509
0,262500,0.9962641475490348
0,262600,0.995879055652509
0,262700,0.9965364432307493
0,262800,0.9961106903611284
0,262900,0.9965364432307493
0,263000,0.995879055652509
0,263100,0.9934793769540259
0,263200,0.9903458180181701
0,263300,0.9880140282911699
0,263400,0.9955739326753296
0,263500,0.9965364432307493
0,263600,0.9934793769540259
0,263700,0.988332720954819
0,263800,0.9887553708456566
0,263900,0.9890143935362549
0,264000,0.9894193351826337
0,264100,0.9878402745420971
0,264200,0.9966179804467832
0,264300,0.9888012522656634
0,264400,0.9878402745420971
0,264500,0.9941662641679001
0,264600,0.9967565171314084
0,264700,0.9970833994783751
0,264800,0.9970833994783751
0,264900,0.9967391405011963
0,265000,0.9966179804467832
0,265100,0.9887553708456566
0,265200,0.9875214065504664
0,265300,0.9959234882603598
0,265400,0.9962658628469859
0,265500,0.9956915653332835
0,265600,0.9965364432307493
0,265700,0.9934075220001353
0,265800,0.9886736113470556
0,265900,0.9960140176856443
0,266000,0.9956915653332835
0,266100,0.9965442033171203
0,266200,0.9887553708456566
0,266300,0.9887553708456566
0,266400,0.9972021228209452
0,266500,0.9856138372772957
0,266600,0.9968965464667018
0,266700,0.9960140176856443
0,266800,0.9965296464261296
0,266900,0.9965442033171203
0,267000,0.9934953189298393
0,267100,0.9886069400034472
0,267200,0.9902297699441682
0,267300,0.9882706972899001
0,267400,0.9884577495567518
0,267500,0.9961518795669871
0,267600,0.9879466279800575
0,267700,0.9880169184654263
0,267800,0.9954056476619756
0,267900,0.9963602514243507
0,268000,0.9880600775215982
0,268100,0.9960161562768497
0,268200,0.9880169184654263
0,268300,0.9880169184654263
0,268400,0.9966191978351409
0,268500,0.9880169184654263
0,268600,0.9954056476619756
0,268700,0.9961361326704207
0,268800,0.9884723556095988
0,268900,0.9884723556095988
0,269000,0.9964876692639286
0,269100,0.9954056476619756
0,269200,0.988241760440623
0,269300,0.9884723556095988
0,269400,0.9972197603422237
0,269500,0.9855960801488627
0,269600,0.987019957439188
0,269700,0.9970181558261633
0,269800,0.9970658961244412
0,269900,0.9966179804467832
0,270000,0.9966179804467832
0,270100,0.9920424747279777
0,270200,0.985618893542194
0,270300,0.9874798204219223
0,270400,0.9970353302801989
0,270500,0.9963889926671946
0,270600,0.9966739366718703
0,270700,0.9961361326704207
0,270800,0.9972204661975886
0,270900,0.9932189238572816
0,271000,0.9965292416507949
0,271100,0.9883480766327772
0,271200,0.9884723556095988
0,271300,0.996865374773576
0,271400,0.9878652918428514
0,271500,0.988017815810602
0,271600,0.9884723556095988
0,271700,0.9970842001259652
0,271800,0.9969837848065308
0,271900,0.9967004234345251
0,272000,0.9968577213693043
0,272100,0.9884723556095988
0,272200,0.9884723556095988
0,272300,0.9884723556095988
0,272400,0.9972204661975886
0,272500,0.9969205251328931
0,272600,0.985048837395694
0,272700,0.989073393186338
0,272800,0.9970448413515208
0,272900,0.9974269942788698
0,273000,0.9970750042843604
0,273100,0.9973517541936657
0,273200,0.986450759347476
0,273300,0.9942604553221771
0,273400,0.9970750042843604
0,273500,0.9967389944948525
0,273600,0.9974269942788698
0,273700,0.9862795005211076
0,273800,0.9941363985500923
0,273900,0.9868802806912919
0,274000,0.9973517541936657
0,274100,0.9865162436461644
0,274200,0.9972450205484197
0,274300,0.9975408249481109
0,274400,0.9865162436461644
0,274500,0.9970750042843604
0,274600,0.997612029810412
0,274700,0.9974269942788698
0,274800,0.9974269942788698
0,274900,0.9938262040286157
0,275000,0.9972808690123495
0,275100,0.9870152793380004
0,275200,0.9890407067202053
0,275300,0.9967389944948525
0,275400,0.9862795005211076
0,275500,0.9967389944948525
0,275600,0.9974269942788698
0,275700,0.9972808690123495
0,275800,0.9970750042843604
0,275900,0.9972673201594502
0,276000,0.9941363985500923
0,276100,0.9860695269455246
0,276200,0.9895059101030076
0,276300,0.9975408249481109
0,276400,0.9963518477469225
0,276500,0.9964981338735812
0,276600,0.9964981338735812
0,276700,0.9937767183000433
0,276800,0.9972529218751153
0,276900,0.9969042591604186
0,277000,0.9969042591604186
0,277100,0.9937767183000433
0,277200,0.9970356796363391
0,277300,0.9972529218751153
0,277400,0.9969470386331345
0,277500,0.9866133098767687
0,277600,0.9972529218751153
0,277700,0.9874026893659797
0,277800,0.9975408249481109
0,277900,0.9868802806912919
0,278000,0.9941363985500923
0,278100,0.9941363985500923
0,278200,0.9881073378803216
0,278300,0.9968526947184014
0,278400,0.9974269942788698
0,278500,0.9970833994783751
0,278600,0.9890407067202053
0,278700,0.996865374773576
0,278800,0.9968805919561267
0,278900,0.9882296098871606
0,279000,0.9880452549692545
0,279100,0.9873718133818071
0,279200,0.9875437084028652
0,279300,0.9965177109918407
0,279400,0.9966735934335509
0,279500,0.9969758867121323
0,279600,0.9965542401362348
0,279700,0.9965130567626704
0,279800,0.9872562057393135
0,279900,0.9969059465013017
0,280000,0.9872562057393135
0,280100,0.9967221288332683
0,280200,0.9867847471222341
0,280300,0.9965130567626704
0,280400,0.9964407832314975
0,280500,0.9965542401362348
0,280600,0.9965067576767899
0,280700,0.996314678687047
0,280800,0.990916113055249
0,280900,0.9965542401362348
0,281000,0.9966370189318203
0,281100,0.9872529618884973
0,281200,0.9876729695878486
0,281300,0.9966126106774567
0,281400,0.9877868931895809
0,281500,0.9968607586055752
0,281600,0.9961242930866608
0,281700,0.9880306719652495
0,281800,0.9969631353249104
0,281900,0.9969443998041341
0,282000,0.9967087821491118
0,282100,0.9961242930866608
0,282200,0.996236843980647
0,282300,0.9930414301297519
0,282400,0.9879466279800575
0,282500,0.9966450543621994
0,282600,0.9966160270665129
0,282700,0.9966160270665129
0,282800,0.9879466279800575
0,282900,0.9926078576437023
0,283000,0.9961323158062397
0,283100,0.9869533468363803
0,283200,0.9964086796540694
0,283300,0.9966309031559686
0,283400,0.9936860998812028
0,283500,0.9971124257361365
0,283600,0.9967409357220743
0,283700,0.9967409357220743
0,283800,0.9970047414009799
0,283900,0.9858461828029041
0,284000,0.9971636576031031
0,284100,0.9966911121596155
0,284200,0.9967409357220743
0,284300,0.9967409357220743
0,284400,0.9971124257361365
0,284500,0.9967409357220743
0,284600,0.9971124257361365
0,284700,0.9863021500302956
0,284800,0.9863150728235353
0,284900,0.9960847481181473
0,285000,0.9959954818266605
0,285100,0.9964377567931308
0,285200,0.9966911121596155
0,285300,0.9967942287043591
0,285400,0.9967409357220743
0,285500,0.9967409357220743
0,285600,0.9867231391948885
0,285700,0.9866376283500209
0,285800,0.9867750897567095
0,285900,0.9866224817445883
0,286000,0.9961577845993081
0,286100,0.9867750897567095
0,286200,0.9872529618884973
0,286300,0.9966094628274048
0,286400,0.995834713577942
0,286500,0.9967409357220743
0,286600,0.9967942287043591
0,286700,0.9963199747628476
0,286800,0.9959954818266605
0,286900,0.9965009866868042
0,287000,0.9965730090488972
0,287100,0.9964099654142248
0,287200,0.9959954818266605
0,287300,0.9960547561888713
0,287400,0.9863021500302956
0,287500,0.9962546538836674
0,287600,0.9875437084028652
0,287700,0.9960894623274066
0,287800,0.9962983417670478
0,287900,0.9875437084028652
0,288000,0.9961242930866608
0,288100,0.9930724486382181
0,288200,0.9931258796051865
0,288300,0.9965296464261296
0,288400,0.9884591056137499
0,288500,0.9970137516523928
0,288600,0.9850444204985895
0,288700,0.9969205251328931
0,288800,0.9884414240710768
0,288900,0.9965296464261296
0,289000,0.9969205251328931
0,289100,0.9966470980560873
0,289200,0.9962388488807586
0,289300,0.9972197603422237
0,289400,0.9968042287430952
0,289500,0.9967389944948525
0,289600,0.9968042287430952
0,289700,0.9968042287430952
0,289800,0.9967389944948525
0,289900,0.9938855954671901
0,290000,0.9967389944948525
0,290100,0.9967389944948525
0,290200,0.9966034595098607
0,290300,0.9968042287430952
0,290400,0.9972197603422237
0,290500,0.9972021228209452
0,290600,0.9888702133987272
0,290700,0.9966204907805363
0,290800,0.9884591056137499
0,290900,0.9878652918428514
0,291000,0.9882296098871606
0,291100,0.9879537143758446
0,291200,0.9873718133818071
0,291300,0.9961708283284857
0,291400,0.9921552217232595
0,291500,0.9878652918428514
0,291600,0.9884591056137499
0,291700,0.9958870361545771
0,291800,0.995956208311157
0,291900,0.988078208814416
0,292000,0.9882296098871606
0,292100,0.9884591056137499
0,292200,0.9878514516430341
0,292300,0.995956208311157
0,292400,0.9878652918428514
0,292500,0.9967981265575723
0,292600,0.9884591056137499
0,292700,0.9965936672446936
0,292800,0.9942709941751724
0,292900,0.9850148641056793
0,293000,0.9884591056137499
0,293100,0.9971468358355545
0,293200,0.9886069400034472
0,293300,0.9884591056137499
0,293400,0.9971992362455174
0,293500,0.9887389344778598
0,293600,0.9965936672446936
0,293700,0.9953977241877585
0,293800,0.9911166046640897
0,293900,0.9884591056137499
0,294000,0.9958177229100923
0,294100,0.9904699201723955
0,294200,0.9877031936677945
0,294300,0.9884591056137499
0,294400,0.9884591056137499
0,294500,0.9965296464261296
0,294600,0.9884591056137499
0,294700,0.9967073180667125
0,294800,0.9883117619210959
0,294900,0.9878776647972438
0,295000,0.9957665277814498
0,295100,0.9957665277814498
0,295200,0.9965296464261296
0,295300,0.9958177229100923
0,295400,0.9963980681815486
0,295500,0.9971468358355545
0,295600,0.9935945814954951
0,295700,0.9888290103266897
0,295800,0.9886069400034472
0,295900,0.9971468358355545
0,296000,0.995809574204924
0,296100,0.9971468358355545
0,296200,0.9882838024492827
0,296300,0.9886069400034472
0,296400,0.9854338573500466
0,296500,0.9873571809179659
0,296600,0.9969751765584839
0,296700,0.9969751765584839
0,296800,0.9934562081981912
0,296900,0.9967582895706911
0,297000,0.9867671497740941
0,297100,0.997071883618663
0,297200,0.9969751765584839
0,297300,0.993933560816384
0,297400,0.9968754416102482
0,297500,0.9968383510446366
0,297600,0.9967746787838064
0,297700,0.9968754416102482
0,297800,0.9862795005211076
0,297900,0.9901312373109139
0,298000,0.9866354284502461
0,298100,0.9970750042843604
0,298200,0.9934147389568986
0,298300,0.9861604672658532
0,298400,0.9966180782185331
0,298500,0.9875899098428824
0,298600,0.9875277187146335
0,298700,0.9879283851631091
0,298800,0.9971146730704881
0,298900,0.9971235725511638
0,299000,0.989553665451068
0,299100,0.9879407429974756
0,299200,0.9882520900903097
0,299300,0.9970943201008822
0,299400,0.9882520900903097
0,299500,0.9966318150947261
0,299600,0.9882520900903097
0,299700,0.9882520900903097
0,299800,0.9882500900635761
0,299900,0.9882520900903097
0,300000,0.9965560257245707
0,300100,0.9867402243215531
0,300200,0.9964208595593809
0,300300,0.9965560257245707
0,300400,0.9971235725511638
0,300500,0.9882520900903097
0,300600,0.9958696698289855
0,300700,0.996350690511549
0,300800,0.9962090788241335
0,300900,0.9964208595593809
0,301000,0.9970492218995018
0,301100,0.9880879925050099
0,301200,0.9962090788241335
0,301300,0.9964004983947948
0,301400,0.9958407780277317
0,301500,0.9958696698289855
0,301600,0.9886390294141658
0,301700,0.9886390294141658
0,301800,0.9865485129926962
0,301900,0.995869618814153
0,302000,0.9968378322206968
0,302100,0.9925610218663338
0,302200,0.9972945785302566
0,302300,0.9890516496639541
0,302400,0.9968017734492685
0,302500,0.9868880323636104
0,302600,0.9938084360753902
0,302700,0.9966119194354706
0,302800,0.9966808362992303
0,302900,0.9966119194354706
0,303000,0.9966119194354706
0,303100,0.9885740781764831
0,303200,0.9967555425481295
0,303300,0.9966119194354706
0,303400,0.9885740781764831
0,303500,0.9960357705487289
0,303600,0.9965560257245707
0,303700,0.9961794432815634
0,303800,0.9881044633577493
0,303900,0.9932492396625313
0,304000,0.9875277187146335
0,304100,0.9954109821741619
0,304200,0.9913791058197037
0,304300,0.9962639938524143
0,304400,0.9958260429365922
0,304500,0.9956126363503564
0,304600,0.9956126363503564
0,304700,0.996314283900555
0,304800,0.9875145458934116
0,304900,0.9965029719842421
0,305000,0.9876243223890625
0,305100,0.99150119611237
0,305200,0.996314283900555
0,305300,0.9956385730588898
0,305400,0.9873479755660791
0,305500,0.9869924770611155
0,305600,0.9957653667344756
0,305700,0.9881671671830676
0,305800,0.9958825241280249
0,305900,0.9881616369273029
0,306000,0.9875277187146335
0,306100,0.9918364402054565
0,306200,0.9957984682204859
0,306300,0.9869924770611155
0,306400,0.995528681449891
0,306500,0.9938241601744646
0,306600,0.9957984682204859
0,306700,0.996314283900555
0,306800,0.9961982455194951
0,306900,0.9930746708972402
0,307000,0.9958260429365922
0,307100,0.996314283900555
0,307200,0.9876243223890625
0,307300,0.9876243223890625
0,307400,0.9932492396625313
0,307500,0.9876243223890625
0,307600,0.9876243223890625
0,307700,0.9957653667344756
0,307800,0.9953936335940812
0,307900,0.9962090788241335
0,308000,0.9953317604057478
0,308100,0.9962063108231217
0,308200,0.9936302995741176
0,308300,0.9953317604057478
0,308400,0.9962090788241335
0,308500,0.9883655375676548
0,308600,0.9957213477284865
0,308700,0.9881671671830676
0,308800,0.9956536457384266
0,308900,0.9949543740100739
0,309000,0.9942487138400338
0,309100,0.9957653667344756
0,309200,0.9956960747852968
0,309300,0.9956960747852968
0,309400,0.9879940102337994
0,309500,0.9879940102337994
0,309600,0.995889585970363
0,309700,0.9959921755597304
0,309800,0.9879940102337994
0,309900,0.9957213477284865
0,310000,0.9959576043385647
0,310100,0.9957213477284865
0,310200,0.9876243223890625
0,310300,0.9950640233432653
0,310400,0.9957653667344756
0,310500,0.9950640233432653
0,310600,0.9953317604057478
0,310700,0.9936302995741176
0,310800,0.9885936059244649
0,310900,0.9936302995741176
0,311000,0.9887513111097439
0,311100,0.9949543740100739
0,311200,0.995835288777331
0,311300,0.995835288777331
0,311400,0.9956097149105535
0,311500,0.9949543740100739
0,311600,0.995419247173874
0,311700,0.9953317604057478
0,311800,0.9881671671830676
0,311900,0.9881671671830676
0,312000,0.9885812122055884
0,312100,0.9885936059244649
0,312200,0.9956536457384266
0,312300,0.9956536457384266
0,312400,0.9887513111097439
0,312500,0.9887167758072759
0,312600,0.9953888470124029
0,312700,0.9888948536245974
0,312800,0.9955188088043366
0,312900,0.9869894264801364
0,313000,0.9875504768788879
0,313100,0.9872412045648267
0,313200,0.9962295695023593
0,313300,0.9960702063330756
0,313400,0.9956162605249681
0,313500,0.9965686594435413
0,313600,0.9965686594435413
0,313700,0.9964692395747242
0,313800,0.996249724357267
0,313900,0.9965686594435413
0,314000,0.9962295695023593
0,314100,0.9858121783005311
0,314200,0.9965609162740591
0,314300,0.9943691261252049
0,314400,0.9965609162740591
0,314500,0.9872412045648267
0,314600,0.9925858083155111
0,314700,0.9962801467980495
0,314800,0.9955927333983727
0,314900,0.9961099035383465
0,315000,0.994220774953407
0,315100,0.995835288777331
0,315200,0.9946434624161749
0,315300,0.9952044693567408
0,315400,0.9938927605556953
0,315500,0.9926431273352394
0,315600,0.995835288777331
0,315700,0.9871834164645062
0,315800,0.9952275651313155
0,315900,0.9955927333983727
0,316000,0.9854558205139504
0,316100,0.9877513210628535
0,316200,0.9966109989353895
0,316300,0.9877513210628535
0,316400,0.9962801467980495
0,316500,0.9964337527666834
0,316600,0.9861616778040107
0,316700,0.9954330466178731
0,316800,0.9963838697428299
0,316900,0.9963098846478659
0,317000,0.9961819593328938
0,317100,0.9867965555367992
0,317200,0.9929295775903579
0,317300,0.986762045595044
0,317400,0.9867965555367992
0,317500,0.9959910208205074
0,317600,0.9954330466178731
0,317700,0.9965269685777761
0,317800,0.9953370224405558
0,317900,0.9963098846478659
0,318000,0.9865614414296496
0,318100,0.9961819593328938
0,318200,0.9965258172354897
0,318300,0.9959199120067747
0,318400,0.9957900442453026
0,318500,0.994212544756764
0,318600,0.9874507379496735
0,318700,0.9960597720737268
0,318800,0.9965851041377184
0,318900,0.9876665933920183
0,319000,0.9956669697306577
0,319100,0.9959910208205074
0,319200,0.9886262153178438
0,319300,0.9874507379496735
0,319400,0.9965851041377184
0,319500,0.9874507379496735
0,319600,0.9959190811726224
0,319700,0.9876665933920183
0,319800,0.9958702851818974
0,319900,0.9876665933920183
0,320000,0.9961357038780495
0,320100,0.9958516743875795
0,320200,0.9959910208205074
0,320300,0.9960430554891162
0,320400,0.9956967582707016
0,320500,0.9960878366776832
0,320600,0.9960702063330756
0,320700,0.9965686594435413
0,320800,0.9965686594435413
0,320900,0.9924827511327552
0,321000,0.9956967582707016
0,321100,0.988180604853508
0,321200,0.9922918201657948
0,321300,0.9871834164645062
0,321400,0.994597270847702
0,321500,0.9947452531646885
0,321600,0.9890866132137629
0,321700,0.9954640958074901
0,321800,0.9964101606255291
0,321900,0.9875409773981315
0,322000,0.9965554042408201
0,322100,0.9957398997818961
0,322200,0.9970365887314839
0,322300,0.9861484993945158
0,322400,0.9965686594435413
0,322500,0.9956967582707016
0,322600,0.9962305824550575
0,322700,0.9921883367022141
0,322800,0.9854558205139504
0,322900,0.9874244213102484
0,323000,0.9957398997818961
0,323100,0.9895934996781903
0,323200,0.9874244213102484
0,323300,0.9854558205139504
0,323400,0.9927655711056312
0,323500,0.9890866132137629
0,323600,0.9948267468815262
0,323700,0.9871834164645062
0,323800,0.9947962404733174
0,323900,0.990379869119517
0,324000,0.9960750944107665
0,324100,0.9954640958074901
0,324200,0.9954640958074901
0,324300,0.9874244213102484
0,324400,0.9951832397113378
0,324500,0.9947962404733174
0,324600,0.9892677940250583
0,324700,0.9942260702184439
0,324800,0.9877333588438301
0,324900,0.9877513210628535
0,325000,0.9967271053860451
0,325100,0.9958948596358617
0,325200,0.9951978758844917
0,325300,0.9961543292009296
0,325400,0.9961543292009296
0,325500,0.9962940876484798
0,325600,0.9957000915802414
0,325700,0.9958246421542652
0,325800,0.9957000915802414
0,325900,0.9960651245029115
0,326000,0.9960196125236082
0,326100,0.996698824807727
0,326200,0.996698824807727
0,326300,0.996698824807727
0,326400,0.9961357038780495
0,326500,0.9961760068698393
0,326600,0.988200820041659
0,326700,0.9961760068698393
0,326800,0.9967385610672366
0,326900,0.9963557632455251
0,327000,0.9964139437168675
0,327100,0.9962537431226866
0,327200,0.9962537431226866
0,327300,0.9964139437168675
0,327400,0.996522173161319
0,327500,0.9954175643065182
0,327600,0.9960703770149856
0,327700,0.9964185916989967
0,327800,0.9964139437168675
0,327900,0.9958398754360078
0,328000,0.9962537431226866
0,328100,0.9948037175298402
0,328200,0.9965712392491436
0,328300,0.996698824807727
0,328400,0.996698824807727
0,328500,0.9952123585595368
0,328600,0.9873959484705068
0,328700,0.9967565656501134
0,328800,0.9873959484705068
0,328900,0.9958246421542652
0,329000,0.9955956881255906
0,329100,0.9873959484705068
0,329200,0.9967565656501134
0,329300,0.9960196125236082
0,329400,0.9958246421542652
0,329500,0.9917470797221102
0,329600,0.9873058444912869
0,329700,0.9967565656501134
0,329800,0.9958246421542652
0,329900,0.9958246421542652
0,330000,0.9961543292009296
0,330100,0.9963514323448684
0,330200,0.9966130911963402
0,330300,0.9962102168321607
0,330400,0.9966776623839616
0,330500,0.9961543292009296
0,330600,0.9873058444912869
0,330700,0.9965869090980539
0,330800,0.996698824807727
0,330900,0.9947243848373755
0,331000,0.9971829996275537
0,331100,0.996698824807727
0,331200,0.9970660727708113
0,331300,0.9877927983057989
0,331400,0.9877927983057989
0,331500,0.9962440779581727
0,331600,0.9956713335216615
0,331700,0.9962440779581727
0,331800,0.9954751686286912
0,331900,0.9970660727708113
0,332000,0.9964404656576986
0,332100,0.9965712392491436
0,332200,0.9965712392491436
0,332300,0.9939435694876182
0,332400,0.9961291482925729
0,332500,0.9962440779581727
0,332600,0.9876665933920183
0,332700,0.9956713335216615
0,332800,0.9962440779581727
0,332900,0.9971829996275537
0,333000,0.994690686323055
0,333100,0.9957964970740031
0,333200,0.9962440779581727
0,333300,0.9961227301771611
0,333400,0.9953787396133972
0,333500,0.9872787414258349
0,333600,0.9874484418913136
0,333700,0.9965249772950715
0,333800,0.9874846017654015
0,333900,0.9961957481843642
0,334000,0.9961227301771611
0,334100,0.9961227301771611
0,334200,0.9961465391194966
0,334300,0.995809670925229
0,334400,0.9963313169066391
0,334500,0.9963313169066391
0,334600,0.9963211771487952
0,334700,0.9882665603018449
0,334800,0.9963211771487952
0,334900,0.9961957481843642
0,335000,0.9962535461356147
0,335100,0.9866475201405792
0,335200,0.9885360479633828
0,335300,0.9887999048041991
0,335400,0.9962102168321607
0,335500,0.9952243847675389
0,335600,0.9887999048041991
0,335700,0.9889234829331274
0,335800,0.9959971548639358
0,335900,0.9961957481843642
0,336000,0.9962102168321607
0,336100,0.9882970986558705
0,336200,0.9884914594938704
0,336300,0.9962102168321607
0,336400,0.9861026583978981
0,336500,0.9963211771487952
0,336600,0.9882970986558705
0,336700,0.9877513210628535
0,336800,0.9921571021862446
0,336900,0.9958488686838693
0,337000,0.996183861076203
0,337100,0.9942148379446004
0,337200,0.9876342656806527
0,337300,0.9958547762647522
0,337400,0.9963203472836276
0,337500,0.9958446353457825
0,337600,0.9876342656806527
0,337700,0.9963081832333032
0,337800,0.9954640958074901
0,337900,0.9963897616856874
0,338000,0.9873742269771842
0,338100,0.9954640958074901
0,338200,0.986938466356024
0,338300,0.9959491823572029
0,338400,0.9954640958074901
0,338500,0.9873626131627766
0,338600,0.9873626131627766
0,338700,0.9948983126720872
0,338800,0.9961998900250628
0,338900,0.9889032690112964
0,339000,0.9958801932078138
0,339100,0.9873626131627766
0,339200,0.9955290291362705
0,339300,0.9963081832333032
0,339400,0.9873742269771842
0,339500,0.9955290291362705
0,339600,0.9958801932078138
0,339700,0.9955406380674225
0,339800,0.9962241681059412
0,339900,0.99511536285326
0,340000,0.9959929966223231
0,340100,0.9886473094198642
0,340200,0.9952842178338603
0,340300,0.9885566716748655
0,340400,0.9952205904676822
0,340500,0.9956513795266033
0,340600,0.9964691706908295
0,340700,0.9956513795266033
0,340800,0.9959013352569558
0,340900,0.9963897616856874
0,341000,0.996183861076203
0,341100,0.9956387443162747
0,341200,0.9956387443162747
0,341300,0.99551149664513
0,341400,0.9962241681059412
0,341500,0.9948983126720872
0,341600,0.987012381324272
0,341700,0.9886473094198642
0,341800,0.9949960731908544
0,341900,0.9884961260711442
0,342000,0.9938563557642978
0,342100,0.99511536285326
0,342200,0.9952595982104007
0,342300,0.9953919926934653
0,342400,0.987732844832452
0,342500,0.9952222219028041
0,342600,0.99341668537384
0,342700,0.9954350829708005
0,342800,0.9878865237588257
0,342900,0.9877454421383391
0,343000,0.9930890557554851
0,343100,0.9959956616338579
0,343200,0.9873098409569097
0,343300,0.9955110962745803
0,343400,0.987732844832452
0,343500,0.9878865237588257
0,343600,0.9877454421383391
0,343700,0.9877454421383391
0,343800,0.9877454421383391
0,343900,0.9952705147499491
0,344000,0.9955513715902437
0,344100,0.9871497836659056
0,344200,0.9871497836659056
0,344300,0.9958200495830763
0,344400,0.995048039893254
0,344500,0.9871497836659056
0,344600,0.9866989303607124
0,344700,0.9871497836659056
0,344800,0.9951546758572364
0,344900,0.9867600976590224
0,345000,0.9871497836659056
0,345100,0.9951422647846694
0,345200,0.9946552798892503
0,345300,0.987732844832452
0,345400,0.9959956616338579
0,345500,0.9953302340897576
0,345600,0.9939770660904897
0,345700,0.9936475471741626
0,345800,0.9954986580989168
0,345900,0.987012381324272
0,346000,0.9884905175328629
0,346100,0.9954962637347209
0,346200,0.9952881687727051
0,346300,0.9958453581014982
0,346400,0.9875414437950769
0,346500,0.9861796500131557
0,346600,0.9956539820400335
0,346700,0.9956539820400335
0,346800,0.9953351116527492
0,346900,0.9859001148331918
0,347000,0.9958446353457825
0,347100,0.9962102168321607
0,347200,0.9869540039139818
0,347300,0.995848322088554
0,347400,0.9961957481843642
0,347500,0.9956539820400335
0,347600,0.9866475201405792
0,347700,0.9958399487305578
0,347800,0.9867575654540679
0,347900,0.995624322863723
0,348000,0.995648728486534
0,348100,0.9965649822821321
0,348200,0.9965649822821321
0,348300,0.994420391974664
0,348400,0.9876531398340866
0,348500,0.9956596822650485
0,348600,0.9960290029354569
0,348700,0.9959958287465407
0,348800,0.9919020840364469
0,348900,0.9958398754360078
0,349000,0.9956464193491736
0,349100,0.9959757624597816
0,349200,0.9968204476491017
0,349300,0.9962483815284107
0,349400,0.9929112823826556
0,349500,0.9953087225656391
0,349600,0.996296146994705
0,349700,0.9943666849691818
0,349800,0.9964075153401859
0,349900,0.9956596822650485
0,350000,0.9953087225656391
0,350100,0.9876528377695218
0,350200,0.9964177662548606
0,350300,0.9919163833535413
0,350400,0.9939823782334548
0,350500,0.9955745025857607
0,350600,0.9958866715814313
0,350700,0.9964787375013856
0,350800,0.9963113700064574
0,350900,0.9964787375013856
0,351000,0.9943757359681232
0,351100,0.9968648222389764
0,351200,0.9960804240239767
0,351300,0.9959010803026666
0,351400,0.9955745025857607
0,351500,0.9963113700064574
0,351600,0.9967874700866726
0,351700,0.99554850555502
0,351800,0.9963396755913762
0,351900,0.9964724266905712
0,352000,0.9964787375013856
0,352100,0.9958866715814313
0,352200,0.9958866715814313
0,352300,0.9956069903257125
0,352400,0.9964404656576986
0,352500,0.9959010803026666
0,352600,0.9859364479161866
0,352700,0.9955745025857607
0,352800,0.9943253175396873
0,352900,0.9950042885512393
0,353000,0.9955745025857607
0,353100,0.9955745025857607
0,353200,0.996560088781319
0,353300,0.9955745025857607
0,353400,0.9959010803026666
0,353500,0.9962555427705801
0,353600,0.9958398754360078
0,353700,0.9962537431226866
0,353800,0.9964177662548606
0,353900,0.9928395906690641
0,354000,0.9958866715814313
0,354100,0.9959010803026666
0,354200,0.9964139437168675
0,354300,0.9957471989190596
0,354400,0.9963602291167358
0,354500,0.9955558952105138
0,354600,0.9957353053315454
0,354700,0.9957353053315454
0,354800,0.9867073948719391
0,354900,0.9966039095281507
0,355000,0.9945596942444167
0,355100,0.9867073948719391
0,355200,0.9959010803026666
0,355300,0.9867073948719391
0,355400,0.9955155804424136
0,355500,0.9963140389912133
0,355600,0.9966039095281507
0,355700,0.9970971466626719
0,355800,0.9876612906217888
0,355900,0.996163673759642
0,356000,0.9967421499202945
0,356100,0.9961962981000577
0,356200,0.9958866715814313
0,356300,0.996560088781319
0,356400,0.9962537431226866
0,356500,0.9959958287465407
0,356600,0.9872552543407945
0,356700,0.9959958287465407
0,356800,0.9953087225656391
0,356900,0.9965712392491436
0,357000,0.9959434286815203
0,357100,0.9962537431226866
0,357200,0.9959589625351202
0,357300,0.9959010803026666
0,357400,0.9962537431226866
0,357500,0.9967703049555237
0,357600,0.9957471989190596
0,357700,0.9923958406584907
0,357800,0.9963671562473699
0,357900,0.9973476888497249
0,358000,0.9934192650345106
0,358100,0.9957463729988628
0,358200,0.99628109118812
0,358300,0.9961086256650074
0,358400,0.99628109118812
0,358500,0.99628109118812
0,358600,0.9966437404566871
0,358700,0.996046055302228
0,358800,0.9962090356198261
0,358900,0.9961409591749858
0,359000,0.9963356016207077
0,359100,0.9963356016207077
0,359200,0.9965441050177254
0,359300,0.996046055302228
0,359400,0.9970788019655732
0,359500,0.9959852447965005
0,359600,0.9963189962792263
0,359700,0.9972974447360545
0,359800,0.9965441050177254
0,359900,0.994228593578475
0,360000,0.9933522384767491
0,360100,0.9943243895308351
0,360200,0.9944244560190019
0,360300,0.9941784959089587
0,360400,0.9943565432368198
0,360500,0.9961535410008777
0,360600,0.9957045959302939
0,360700,0.9965284163850943
0,360800,0.9960496978909651
0,360900,0.9949366817668975
0,361000,0.9953736968760503
0,361100,0.996417565339329
0,361200,0.9948142540785714
0,361300,0.9961086256650074
0,361400,0.9952962218320481
0,361500,0.9957381667010327
0,361600,0.9958450878570743
0,361700,0.9959852447965005
0,361800,0.9970788019655732
0,361900,0.9961086256650074
0,362000,0.9955587257652835
0,362100,0.9961086256650074
0,362200,0.996676227208685
0,362300,0.9971578755478134
0,362400,0.9960496978909651
0,362500,0.9962239891345852
0,362600,0.9916035139153377
0,362700,0.9952893799595777
0,362800,0.9949010735018929
0,362900,0.9969580250662345
0,363000,0.9966564530693669
0,363100,0.9966564530693669
0,363200,0.9971578755478134
0,363300,0.9968394344628738
0,363400,0.9960593587207108
0,363500,0.9960496978909651
0,363600,0.9964543762900747
0,363700,0.9968394344628738
0,363800,0.9947143207092513
0,363900,0.9947143207092513
0,364000,0.9960496978909651
0,364100,0.9948400249785172
0,364200,0.9961198971859508
0,364300,0.9960048843303125
0,364400,0.9960048843303125
0,364500,0.9960048843303125
0,364600,0.9957463729988628
0,364700,0.9968158075818978
0,364800,0.9958881007197156
0,364900,0.9961086256650074
0,365000,0.9966564530693669
0,365100,0.9955491815059059
0,365200,0.9937945797861144
0,365300,0.9960496978909651
0,365400,0.9944683402403381
0,365500,0.9944683402403381
0,365600,0.9966564530693669
0,365700,0.9968394344628738
0,365800,0.9960048843303125
0,365900,0.9948400249785172
0,366000,0.9949650709925716
0,366100,0.9960048843303125
0,366200,0.9969559853424121
0,366300,0.9927974882805305
0,366400,0.995737554368699
0,366500,0.995737554368699
0,366600,0.9955587257652835
0,366700,0.9955587257652835
0,366800,0.9959276042956832
0,366900,0.994253628270965
0,367000,0.994339702690848
0,367100,0.9914615344751366
0,367200,0.9956014361797596
0,367300,0.9958314665692988
0,367400,0.99451190694517
0,367500,0.9954396936646128
0,367600,0.9965833147572912
0,367700,0.995737554368699
0,367800,0.9968738878295554
0,367900,0.9883602690770986
0,368000,0.9958111346238585
0,368100,0.9967421499202945
0,368200,0.9949580333485795
0,368300,0.9959452561444241
0,368400,0.9960345905227028
0,368500,0.9957353053315454
0,368600,0.9956834509883337
0,368700,0.996560088781319
0,368800,0.9957353053315454
0,368900,0.986271576953503
0,369000,0.9963303866737585
0,369100,0.9958903728317791
0,369200,0.9964407347333343
0,369300,0.9942977887615903
0,369400,0.9959452561444241
0,369500,0.9952864179838862
0,369600,0.9949691941007343
0,369700,0.9947264635530367
0,369800,0.9948400249785172
0,369900,0.9960048843303125
0,370000,0.9961691175649762
0,370100,0.9949846354399097
0,370200,0.9954661967225591
0,370300,0.9949010735018929
0,370400,0.9958881007197156
0,370500,0.9925458549610049
0,370600,0.9960733971447467
0,370700,0.9961450443917278
0,370800,0.9960593587207108
0,370900,0.9955883866611412
0,371000,0.9957690431352668
0,371100,0.995737554368699
0,371200,0.9954996749968674
0,371300,0.9960593587207108
0,371400,0.99628109118812
0,371500,0.9950685215061359
0,371600,0.9966564530693669
0,371700,0.9954996749968674
0,371800,0.9960593587207108
0,371900,0.9956693796350297
0,372000,0.9965833147572912
0,372100,0.9961450443917278
0,372200,0.9960496978909651
0,372300,0.9924334579515668
0,372400,0.9961535410008777
0,372500,0.9952802838908759
0,372600,0.9961535410008777
0,372700,0.9963410768609787
0,372800,0.995737554368699
0,372900,0.9930185547972178
0,373000,0.9961535410008777
0,373100,0.9958480950855555
0,373200,0.9961450443917278
0,373300,0.9878836791696463
0,373400,0.9954996749968674
0,373500,0.9957045959302939
0,373600,0.9961450443917278
0,373700,0.9961086256650074
0,373800,0.996353107730194
0,373900,0.995286815269688
0,374000,0.9961535410008777
0,374100,0.9968738878295554
0,374200,0.9955587257652835
0,374300,0.9954290143811726
0,374400,0.9946468800758111
0,374500,0.9953987833818932
0,374600,0.9970939042414976
0,374700,0.995177182247003
0,374800,0.9967350706864916
0,374900,0.9964956140241206
0,375000,0.9956478082912408
0,375100,0.9956478082912408
0,375200,0.9944546964568703
0,375300,0.9956093182193498
0,375400,0.9958103628145979
0,375500,0.9973336498002507
0,375600,0.9953631823197477
0,375700,0.9961351837976441
0,375800,0.9940479422288283
0,375900,0.995618510739136
0,376000,0.9960039299772936
0,376100,0.995177182247003
0,376200,0.9970693445440013
0,376300,0.9958103628145979
0,376400,0.9948554419415034
0,376500,0.9948554419415034
0,376600,0.9958103628145979
0,376700,0.9956478082912408
0,376800,0.996577322134082
0,376900,0.9967350706864916
0,377000,0.9958103628145979
0,377100,0.9936383942738202
0,377200,0.9958103628145979
0,377300,0.9961351837976441
0,377400,0.9960952089852829
0,377500,0.9963962713112722
0,377600,0.995177182247003
0,377700,0.9959276042956832
0,377800,0.9965833147572912
0,377900,0.996676227208685
0,378000,0.9955883866611412
0,378100,0.9955491815059059
0,378200,0.996163673759642
0,378300,0.9956363326441645
0,378400,0.9867073948719391
0,378500,0.9959475790709033
0,378600,0.9967290590295955
0,378700,0.9964469052233527
0,378800,0.9959278906814778
0,378900,0.987586639002248
0,379000,0.9956363326441645
0,379100,0.9956363326441645
0,379200,0.9871784842126679
0,379300,0.996163673759642
0,379400,0.9951133882293397
0,379500,0.989087903069587
0,379600,0.9961962981000577
0,379700,0.9871784842126679
0,379800,0.9961962981000577
0,379900,0.9956069903257125
0,380000,0.9965349164177619
0,380100,0.9854220804357292
0,380200,0.9959434286815203
0,380300,0.994825702349503
0,380400,0.9959434286815203
0,380500,0.9939823782334548
0,380600,0.9957353053315454
0,380700,0.995061545044194
0,380800,0.9955558952105138
0,380900,0.9962459012611373
0,381000,0.9964211435839605
0,381100,0.9954022861643109
0,381200,0.996025668960246
0,381300,0.996025668960246
0,381400,0.9964177662548606
0,381500,0.986271576953503
0,381600,0.9958606475428243
0,381700,0.9951729682402265
0,381800,0.9962303079510031
0,381900,0.9950943345049832
0,382000,0.9962333595694953
0,382100,0.996025668960246
0,382200,0.9964349354211134
0,382300,0.9865381094289337
0,382400,0.9964211435839605
0,382500,0.996163673759642
0,382600,0.9874542452100152
0,382700,0.9952727098860424
0,382800,0.9956203311939925
0,382900,0.9962279192500989
0,383000,0.9956203311939925
0,383100,0.9962279192500989
0,383200,0.995318770276866
0,383300,0.9958600510801429
0,383400,0.9956363326441645
0,383500,0.9963982446962388
0,383600,0.9945420737753933
0,383700,0.987586639002248
0,383800,0.9960932645822672
0,383900,0.9960932645822672
0,384000,0.9865381094289337
0,384100,0.9962201167843995
0,384200,0.9964349354211134
0,384300,0.9961962981000577
0,384400,0.9954022861643109
0,384500,0.9932423168392853
0,384600,0.9963971935621884
0,384700,0.9969074449634208
0,384800,0.9952015161005022
0,384900,0.989187353567202
0,385000,0.9962201167843995
0,385100,0.986447762837881
0,385200,0.986447762837881
0,385300,0.9965349164177619
0,385400,0.9957353053315454
0,385500,0.996025668960246
0,385600,0.9959943172906753
0,385700,0.9960300378984973
0,385800,0.9876741508253348
0,385900,0.9952622718110542
0,386000,0.9953983515764006
0,386100,0.9916116482151986
0,386200,0.9956149731989538
0,386300,0.9948508792181148
0,386400,0.9956149731989538
0,386500,0.995481704906534
0,386600,0.9878995759714524
0,386700,0.9962303079510031
0,386800,0.9960300378984973
0,386900,0.9878995759714524
0,387000,0.994825702349503
0,387100,0.996025668960246
0,387200,0.9956554807874025
0,387300,0.9881182106474511
0,387400,0.9959597482701096
0,387500,0.9962459012611373
0,387600,0.9954648173585963
0,387700,0.9959995951713411
0,387800,0.9964349354211134
0,387900,0.9954648173585963
0,388000,0.9954022861643109
0,388100,0.9954022861643109
0,388200,0.9942512011026702
0,388300,0.9928832486546649
0,388400,0.996025668960246
0,388500,0.9959943172906753
0,388600,0.9878375589892199
0,388700,0.9854220804357292
0,388800,0.9960290029354569
0,388900,0.9884124293078194
0,389000,0.9956640117944683
0,389100,0.9959943172906753
0,389200,0.9881182106474511
0,389300,0.9949382308913312
0,389400,0.9956640117944683
0,389500,0.9879486431090524
0,389600,0.9957033485822407
0,389700,0.996388385234191
0,389800,0.9871927954771845
0,389900,0.9956149731989538
0,390000,0.995277024276156
0,390100,0.9958116672771751
0,390200,0.9952323813935531
0,390300,0.994559086358696
0,390400,0.995277024276156
0,390500,0.9948190241577126
0,390600,0.9955917423087186
0,390700,0.9946513221631035
0,390800,0.9953712060711352
0,390900,0.9951281931567701
0,391000,0.9953712060711352
0,391100,0.9954649694183306
0,391200,0.9954316174077265
0,391300,0.9954316174077265
0,391400,0.9873430116119098
0,391500,0.9956149731989538
0,391600,0.9954649694183306
0,391700,0.9954649694183306
0,391800,0.9944035014323463
0,391900,0.9868776481129653
0,392000,0.9957817031777063
0,392100,0.9956401435192532
0,392200,0.9951718439809696
0,392300,0.9954649694183306
0,392400,0.9956149731989538
0,392500,0.9950714639487196
0,392600,0.9959784478787976
0,392700,0.9952037358403905
0,392800,0.99524700799252
0,392900,0.9952037358403905
0,393000,0.9957438209230962
0,393100,0.9857381099262315
0,393200,0.9871942959823701
0,393300,0.9871942959823701
0,393400,0.9853746576039797
0,393500,0.9957438209230962
0,393600,0.9956401435192532
0,393700,0.9864663540990714
0,393800,0.9948866747426612
0,393900,0.9955917423087186
0,394000,0.9868821146420612
0,394100,0.9948866747426612
0,394200,0.9864663540990714
0,394300,0.9957598771968991
0,394400,0.9857381099262315
0,394500,0.995644169546507
0,394600,0.9957598771968991
0,394700,0.9952301958434683
0,394800,0.9955129847801027
0,394900,0.9871942959823701
0,395000,0.9962837468341192
0,395100,0.9956280859139482
0,395200,0.9865951934391224
0,395300,0.9956401435192532
0,395400,0.9948866747426612
0,395500,0.9865951934391224
0,395600,0.9957817031777063
0,395700,0.9959784478787976
0,395800,0.9959784478787976
0,395900,0.9956401435192532
0,396000,0.9957817031777063
0,396100,0.9959784478787976
0,396200,0.9957438209230962
0,396300,0.9950530834239205
0,396400,0.9950530834239205
0,396500,0.9957598771968991
0,396600,0.9957438209230962
0,396700,0.99572233779517
0,396800,0.9959784478787976
0,396900,0.9921153992395381
0,397000,0.9957817031777063
0,397100,0.9877013630023266
0,397200,0.9958211330063911
0,397300,0.9957598771968991
0,397400,0.9958211330063911
0,397500,0.9957598771968991
0,397600,0.9957438209230962
0,397700,0.9863872830270949
0,397800,0.9948866747426612
0,397900,0.9956280859139482
0,398000,0.9957389049761608
0,398100,0.9957598771968991
0,398200,0.9933012950429074
0,398300,0.9857381099262315
0,398400,0.995644169546507
0,398500,0.995644169546507
0,398600,0.9884966575532746
0,398700,0.9959784478787976
0,398800,0.9955917423087186
0,398900,0.9957817031777063
0,399000,0.9952767054869056
0,399100,0.9959784478787976
0,399200,0.9957817031777063
0,399300,0.9955917423087186
0,399400,0.9957817031777063
0,399500,0.9959784478787976
0,399600,0.9958005480537054
0,399700,0.995644169546507
0,399800,0.995363423386925
0,399900,0.9952301958434683
0,400000,0.9957838243588925
0,400100,0.9940348189098521
0,400200,0.9955968125956935
0,400300,0.9871942959823701
0,400400,0.9877013630023266
0,400500,0.9957598771968991
0,400600,0.9962879116478166
0,400700,0.9962837468341192
0,400800,0.9958211330063911
0,400900,0.9887432966791895
0,401000,0.9854660677773754
0,401100,0.9962837468341192
0,401200,0.9961566359479029
0,401300,0.9961566359479029
0,401400,0.9961801482590716
0,401500,0.9955917423087186
0,401600,0.9955917423087186
0,401700,0.9955917423087186
0,401800,0.9958467671347025
0,401900,0.9956149731989538
0,402000,0.9955917423087186
0,402100,0.9938743000410534
0,402200,0.9953229428168174
0,402300,0.9883592290070691
0,402400,0.9954749917301
0,402500,0.9957438209230962
0,402600,0.9957438209230962
0,402700,0.9877013630023266
0,402800,0.9954319586442152
0,402900,0.9887085835595718
0,403000,0.9946506582582757
0,403100,0.9946506582582757
0,403200,0.994996234679449
0,403300,0.9885566716748655
0,403400,0.9960493837417221
0,403500,0.9954515857276329
0,403600,0.9948745193783999
0,403700,0.9877013630023266
0,403800,0.9916166885081532
0,403900,0.995644169546507
0,404000,0.99524700799252
0,404100,0.9863872830270949
0,404200,0.9957817031777063
0,404300,0.9954749917301
0,404400,0.9944238729801425
0,404500,0.9958005480537054
0,404600,0.986186176736969
0,404700,0.9952037358403905
0,404800,0.9957438209230962
0,404900,0.9957817031777063
0,405000,0.9957817031777063
0,405100,0.9885846662495313
0,405200,0.9957817031777063
0,405300,0.9954749917301
0,405400,0.9957817031777063
0,405500,0.986186176736969
0,405600,0.9957817031777063
0,405700,0.9957438209230962
0,405800,0.9957438209230962
0,405900,0.9956634245351833
0,406000,0.9868821146420612
0,406100,0.9955322379003163
0,406200,0.9956149731989538
0,406300,0.9868821146420612
0,406400,0.9956634245351833
0,406500,0.9956149731989538
0,406600,0.9948839406940787
0,406700,0.9948839406940787
0,406800,0.9873430116119098
0,406900,0.9948662200052736
0,407000,0.9958430287969569
0,407100,0.995481704906534
0,407200,0.9957033485822407
0,407300,0.9957472894704944
0,407400,0.9960300378984973
0,407500,0.9957472894704944
0,407600,0.9965382343209617
0,407700,0.9962201167843995
0,407800,0.9923279309360069
0,407900,0.9954442037479551
0,408000,0.9958606475428243
0,408100,0.9957472894704944
0,408200,0.9877430733972783
0,408300,0.9956647992799997
0,408400,0.9954026673898266
0,408500,0.9875931317332589
0,408600,0.9926378597377591
0,408700,0.9959943172906753
0,408800,0.9954876514845051
0,408900,0.9877430733972783
0,409000,0.9952358210932388
0,409100,0.9960345905227028
0,409200,0.9960335670405113
0,409300,0.9959995951713411
0,409400,0.9960335670405113
0,409500,0.9961342190398862
0,409600,0.9951712532502213
0,409700,0.9950895446243391
0,409800,0.9965577501053892
0,409900,0.9948202663168128
0,410000,0.9959943172906753
0,410100,0.995739668148121
0,410200,0.9963615776682715
0,410300,0.9963615776682715
0,410400,0.995692519145558
0,410500,0.987150748876187
0,410600,0.9961835099015143
0,410700,0.9867168648884828
0,410800,0.996025668960246
0,410900,0.9961342190398862
0,411000,0.9960984454329698
0,411100,0.9882842669119241
0,411200,0.9950506571707471
0,411300,0.9951712532502213
0,411400,0.9958066268429454
0,411500,0.9882842669119241
0,411600,0.9882842669119241
0,411700,0.9967194549749516
0,411800,0.9954648173585963
0,411900,0.9963615776682715
0,412000,0.9960335670405113
0,412100,0.996025668960246
0,412200,0.9963615776682715
0,412300,0.9960984454329698
0,412400,0.9960057381172754
0,412500,0.9960345905227028
0,412600,0.9882842669119241
0,412700,0.9958066268429454
0,412800,0.995987424444133
0,412900,0.9963615776682715
0,413000,0.9954442037479551
0,413100,0.9958066268429454
0,413200,0.9878995759714524
0,413300,0.9956208357056906
0,413400,0.9953686115667534
0,413500,0.9865951934391224
0,413600,0.9955322379003163
0,413700,0.9948839406940787
0,413800,0.9956401435192532
0,413900,0.9961037969663908
0,414000,0.9865951934391224
0,414100,0.995491051964116
0,414200,0.9954172501163333
0,414300,0.9868047049640409
0,414400,0.9961037969663908
0,414500,0.9864166829072771
0,414600,0.9956401435192532
0,414700,0.9957438209230962
0,414800,0.9957817031777063
0,414900,0.9956035639102636
0,415000,0.9868047049640409
0,415100,0.9873430116119098
0,415200,0.9950266035631461
0,415300,0.9946450655646792
0,415400,0.9868047049640409
0,415500,0.9954172501163333
0,415600,0.9957817031777063
0,415700,0.9883544226372676
0,415800,0.9861355057019769
0,415900,0.9962241033015549
0,416000,0.9883544226372676
0,416100,0.9962241033015549
0,416200,0.9963313169066391
0,416300,0.9957438209230962
0,416400,0.9884901772257553
0,416500,0.9959692094626093
0,416600,0.9958948213970543
0,416700,0.9870031134027238
0,416800,0.9868047049640409
0,416900,0.9868047049640409
0,417000,0.9928108199531677
0,417100,0.9961186098512748
0,417200,0.9943226921819733
0,417300,0.9960081853895054
0,417400,0.9863206536327193
0,417500,0.9960081853895054
0,417600,0.9953360283955216
0,417700,0.9959692094626093
0,417800,0.9959692094626093
0,417900,0.9873430116119098
0,418000,0.9961186098512748
0,418100,0.9959692094626093
0,418200,0.9953686115667534
0,418300,0.9953686115667534
0,418400,0.9961186098512748
0,418500,0.9959634317103662
0,418600,0.9952241361406242
0,418700,0.996301761700748
0,418800,0.996301761700748
0,418900,0.9953532042280938
0,419000,0.9956346129967267
0,419100,0.9961186098512748
0,419200,0.9959692094626093
0,419300,0.9962337891562133
0,419400,0.9961037969663908
0,419500,0.9958948213970543
0,419600,0.9955819902716376
0,419700,0.9962241033015549
0,419800,0.9957316947926618
0,419900,0.9960502808785364
0,420000,0.9860978955327906
0,420100,0.9957438209230962
0,420200,0.9897632940720926
0,420300,0.9957545871588045
0,420400,0.9928265568867075
0,420500,0.9954172501163333
0,420600,0.9961037969663908
0,420700,0.9960885419716163
0,420800,0.9955819902716376
0,420900,0.9958948213970543
0,421000,0.9957669016076615
0,421100,0.9872701623337916
0,421200,0.995945236540764
0,421300,0.9960771011779951
0,421400,0.9957669016076615
0,421500,0.9957669016076615
0,421600,0.9959692094626093
0,421700,0.9955669570608164
0,421800,0.9959641187481548
0,421900,0.9930108099650969
0,422000,0.9957033485822407
0,422100,0.9878215831909433
0,422200,0.9964936448328812
0,422300,0.9964936448328812
0,422400,0.9964936448328812
0,422500,0.9964936448328812
0,422600,0.9877378640141511
0,422700,0.9877378640141511
0,422800,0.9947703416507326
0,422900,0.9960771011779951
0,423000,0.9873430116119098
0,423100,0.9957907146148738
0,423200,0.9961070449637778
0,423300,0.9870031134027238
0,423400,0.9872701623337916
0,423500,0.9868742855289304
0,423600,0.9959898078827474
0,423700,0.9962241033015549
0,423800,0.9957817031777063
0,423900,0.9962241033015549
0,424000,0.9959610704183044
0,424100,0.9863206536327193
0,424200,0.9959898078827474
0,424300,0.9955147615209952
0,424400,0.9925081890014659
0,424500,0.9959634317103662
0,424600,0.9961186098512748
0,424700,0.9961070449637778
0,424800,0.9962337891562133
0,424900,0.9868047049640409
0,425000,0.9962241033015549
0,425100,0.9961070449637778
0,425200,0.9950034046856796
0,425300,0.99447947632152
0,425400,0.9959641187481548
0,425500,0.9959641187481548
0,425600,0.9959898078827474
0,425700,0.9961186098512748
0,425800,0.9959641187481548
0,425900,0.9958948213970543
0,426000,0.9961070449637778
0,426100,0.9959030061755528
0,426200,0.9868047049640409
0,426300,0.9962241033015549
0,426400,0.9863206536327193
0,426500,0.9961802739579514
0,426600,0.9881666744556077
0,426700,0.9957545871588045
0,426800,0.9954354789364949
0,426900,0.9874962333981708
0,427000,0.995202365882319
0,427100,0.9879764245800594
0,427200,0.9945341639430375
0,427300,0.9950377639832995
0,427400,0.9951581965131366
0,427500,0.9886423633091508
0,427600,0.9872043149673018
0,427700,0.9952305565413668
0,427800,0.9949575918917836
0,427900,0.9943930050777978
0,428000,0.9943930050777978
0,428100,0.9948338234528141
0,428200,0.9954444642761446
0,428300,0.9948533373295563
0,428400,0.9853705067430213
0,428500,0.9951581965131366
0,428600,0.9882363354569761
0,428700,0.9882363354569761
0,428800,0.9880709939414151
0,428900,0.9952444769197002
0,429000,0.9934473793578031
0,429100,0.98706968763813
0,429200,0.9870644467086221
0,429300,0.9870644467086221
0,429400,0.9870644467086221
0,429500,0.9929375302928748
0,429600,0.995055802053175
0,429700,0.9898937690148375
0,429800,0.9927576428975405
0,429900,0.9950279759249828
0,430000,0.9928722143261173
0,430100,0.9870644467086221
0,430200,0.9901249557312677
0,430300,0.9870644467086221
0,430400,0.9943741521566116
0,430500,0.9867664189024015
0,430600,0.9929375302928748
0,430700,0.9949560582000383
0,430800,0.9867664189024015
0,430900,0.9929375302928748
0,431000,0.9949560582000383
0,431100,0.9867739102041325
0,431200,0.9951544014790846
0,431300,0.994787310598112
0,431400,0.994787310598112
0,431500,0.9874436237147743
0,431600,0.9953127778278051
0,431700,0.9928104790980693
0,431800,0.9947667794096088
0,431900,0.9941538581707482
0,432000,0.9939457857956225
0,432100,0.9858162317059076
0,432200,0.9944935919298428
0,432300,0.9936237611735365
0,432400,0.9945299603148312
0,432500,0.9850524783839781
0,432600,0.9856316136828566
0,432700,0.9945594672532291
0,432800,0.9941006232835257
0,432900,0.9938123891549815
0,433000,0.9863130829890573
0,433100,0.9925273297779131
0,433200,0.9865064629271864
0,433300,0.9863130829890573
0,433400,0.9854909271883092
0,433500,0.9856316136828566
0,433600,0.994246348123328
0,433700,0.9936331113700388
0,433800,0.9936297768995895
0,433900,0.984853261680899
0,434000,0.984853261680899
0,434100,0.9936297768995895
0,434200,0.9936297768995895
0,434300,0.9935954876592655
0,434400,0.9882861195175967
0,434500,0.9868367948909457
0,434600,0.9946405234687019
0,434700,0.9942007588487115
0,434800,0.9942007588487115
0,434900,0.9946405234687019
0,435000,0.9946405234687019
0,435100,0.9942007588487115
0,435200,0.9860838724585574
0,435300,0.9859677320253832
0,435400,0.9860171626658696
0,435500,0.9938501813062095
0,435600,0.9945147901002322
0,435700,0.9938091717203611
0,435800,0.9865064629271864
0,435900,0.9865064629271864
0,436000,0.9865064629271864
0,436100,0.9944801869382878
0,436200,0.9915267324567905
0,436300,0.9864700343281582
0,436400,0.9866346782175424
0,436500,0.993342640518983
0,436600,0.9860838724585574
0,436700,0.9863130829890573
0,436800,0.9859301532418092
0,436900,0.9945594672532291
0,437000,0.9946405234687019
0,437100,0.9860171626658696
0,437200,0.9863130829890573
0,437300,0.9938660045553057
0,437400,0.9944935919298428
0,437500,0.9866693876902501
0,437600,0.9937726851061693
0,437700,0.9859677320253832
0,437800,0.9939812421806203
0,437900,0.9856753800367236
0,438000,0.994246348123328
0,438100,0.9946405234687019
0,438200,0.9942007588487115
0,438300,0.994246348123328
0,438400,0.9946405234687019
0,438500,0.9895295076441651
0,438600,0.9942921297219944
0,438700,0.9881610164308268
0,438800,0.9850524783839781
0,438900,0.9942921297219944
0,439000,0.9946302660623184
0,439100,0.9936331113700388
0,439200,0.9850524783839781
0,439300,0.992118462173376
0,439400,0.9850524783839781
0,439500,0.9938643966044891
0,439600,0.9948570421554822
0,439700,0.9948570421554822
0,439800,0.9942152060014062
0,439900,0.9948570421554822
0,440000,0.9945333291591334
0,440100,0.9855939691928698
0,440200,0.9856753800367236
0,440300,0.9945390711262859
0,440400,0.9945594672532291
0,440500,0.9856316136828566
0,440600,0.9946405234687019
0,440700,0.994246348123328
0,440800,0.994043644689881
0,440900,0.9884748089510442
0,441000,0.9938085296812454
0,441100,0.994246348123328
0,441200,0.9936297768995895
0,441300,0.994611742453546
0,441400,0.9942152060014062
0,441500,0.9946049237357982
0,441600,0.984853261680899
0,441700,0.9946049237357982
0,441800,0.9881610164308268
0,441900,0.9938643966044891
0,442000,0.9936165567681927
0,442100,0.9884416158721498
0,442200,0.9946405234687019
0,442300,0.9940586014922214
0,442400,0.994043644689881
0,442500,0.9942921297219944
0,442600,0.9868367948909457
0,442700,0.9882121552856132
0,442800,0.9882861195175967
0,442900,0.9876632387335236
0,443000,0.9946405234687019
0,443100,0.9943519118461098
0,443200,0.9945309306887242
0,443300,0.9946405234687019
0,443400,0.9859677320253832
0,443500,0.9858963392231709
0,443600,0.9862476683494961
0,443700,0.9943761732895045
0,443800,0.9865064629271864
0,443900,0.9865064629271864
0,444000,0.9939473399437897
0,444100,0.99376495578096
0,444200,0.9947126946603091
0,444300,0.9931491206269746
0,444400,0.9869837581432421
0,444500,0.9901934637512941
0,444600,0.9952760714241903
0,444700,0.9952326935275088
0,444800,0.9873092652353695
0,444900,0.9952509384743469
0,445000,0.9952509384743469
0,445100,0.993330026024922
0,445200,0.987091246639169
0,445300,0.9869956959460389
0,445400,0.9871134601338403
0,445500,0.9949629299505545
0,445600,0.9868329195829313
0,445700,0.9948970103467876
0,445800,0.9938902497468016
0,445900,0.9946405234687019
0,446000,0.9939876228458541
0,446100,0.9940793273402455
0,446200,0.9859677320253832
0,446300,0.9943737457916054
0,446400,0.9942733829532987
0,446500,0.9927079247565695
0,446600,0.9866693876902501
0,446700,0.9946785297497696
0,446800,0.9948568957033006
0,446900,0.9866693876902501
0,447000,0.9942320461733019
0,447100,0.9929029518629505
0,447200,0.9865064629271864
0,447300,0.9942320461733019
0,447400,0.9949629299505545
0,447500,0.9936221071073331
0,447600,0.9942320461733019
0,447700,0.993816114512881
0,447800,0.9922181369787005
0,447900,0.9927832765629857
0,448000,0.9865684788068445
0,448100,0.9928406152984893
0,448200,0.9865684788068445
0,448300,0.9865684788068445
0,448400,0.9943536467307162
0,448500,0.9928406152984893
0,448600,0.9942640003783703
0,448700,0.9942733829532987
0,448800,0.9948970103467876
0,448900,0.9946014662191416
0,449000,0.9927832765629857
0,449100,0.9859677320253832
0,449200,0.9941462800590465
0,449300,0.9946405234687019
0,449400,0.9948911805110042
0,449500,0.9946405234687019
0,449600,0.9852783411092705
0,449700,0.9937555351762399
0,449800,0.9943612147021825
0,449900,0.9943612147021825
0,450000,0.9873706460326439
0,450100,0.9943612147021825
0,450200,0.993915721877949
0,450300,0.9930906574105168
0,450400,0.993915721877949
0,450500,0.99047725144693
0,450600,0.9842577867005484
0,450700,0.987949398009911
0,450800,0.984853261680899
0,450900,0.9842577867005484
0,451000,0.9948570421554822
0,451100,0.9938643966044891
0,451200,0.9875361597927179
0,451300,0.9931215383387474
0,451400,0.9868125503267832
0,451500,0.9933276780747331
0,451600,0.9867958852163295
0,451700,0.9937056286190132
0,451800,0.9934312667192504
0,451900,0.9875361597927179
0,452000,0.9941836906594389
0,452100,0.9875361597927179
0,452200,0.9939378796340279
0,452300,0.9929572461500809
0,452400,0.9933102838775844
0,452500,0.9937428700350712
0,452600,0.9934661794649584
0,452700,0.9934661794649584
0,452800,0.9867958852163295
0,452900,0.993005969820155
0,453000,0.9866114330844844
0,453100,0.9933654666235319
0,453200,0.9867958852163295
0,453300,0.9931151410458664
0,453400,0.9929572461500809
0,453500,0.9867958852163295
0,453600,0.9931151410458664
0,453700,0.9932729416096928
0,453800,0.9936481699122607
0,453900,0.9898649355976068
0,454000,0.9866237856739465
0,454100,0.9933102838775844
0,454200,0.9867958852163295
0,454300,0.9928615076160405
0,454400,0.9873919839672726
0,454500,0.9937115505977885
0,454600,0.9875677902387769
0,454700,0.9945077929012145
0,454800,0.9941170033406654
0,454900,0.9878977893279219
0,455000,0.9848622968705342
0,455100,0.994453610416045
0,455200,0.994453610416045
0,455300,0.994453610416045
0,455400,0.9941513786483945
0,455500,0.9936331113700388
0,455600,0.9934440840306924
0,455700,0.994453610416045
0,455800,0.9941824125217438
0,455900,0.9944068299620838
0,456000,0.9940260618159347
0,456100,0.9941170033406654
0,456200,0.9941170033406654
0,456300,0.9946142749885842
0,456400,0.9869533705042851
0,456500,0.9865792896824382
0,456600,0.9931215383387474
0,456700,0.9934312667192504
0,456800,0.9942528024323019
0,456900,0.9940573703779435
0,457000,0.9934312667192504
0,457100,0.9865068429759786
0,457200,0.9942104894100573
0,457300,0.9866237856739465
0,457400,0.9936343331836827
0,457500,0.9898877425386889
0,457600,0.9928741559868766
0,457700,0.9871082963660286
0,457800,0.9941170033406654
0,457900,0.9941170033406654
0,458000,0.9931215383387474
0,458100,0.9934312667192504
0,458200,0.9869533705042851
0,458300,0.9937124720863135
0,458400,0.9929251904171167
0,458500,0.9921059653810682
0,458600,0.9940573703779435
0,458700,0.9940573703779435
0,458800,0.9940561179431221
0,458900,0.9937056286190132
0,459000,0.9866237856739465
0,459100,0.9926580141695723
0,459200,0.9912242770705122
0,459300,0.9933874437087951
0,459400,0.9866148120397288
0,459500,0.9934661794649584
0,459600,0.9857218114707148
0,459700,0.9934665903230072
0,459800,0.9934665903230072
0,459900,0.9934661794649584
0,460000,0.9859547737750772
0,460100,0.9932386509868824
0,460200,0.9929675427075725
0,460300,0.9931796566327988
0,460400,0.9935048784576745
0,460500,0.9934794689137354
0,460600,0.9935532821958708
0,460700,0.9937094590494732
0,460800,0.9937094590494732
0,460900,0.9942038982354251
0,461000,0.9936859487411567
0,461100,0.9934761171258755
0,461200,0.9940615762971937
0,461300,0.9872326877331224
0,461400,0.993364548106959
0,461500,0.9916332337355414
0,461600,0.993620929990664
0,461700,0.9932113462138247
0,461800,0.9932113462138247
0,461900,0.9936711753144187
0,462000,0.9864810903730731
0,462100,0.9936711753144187
0,462200,0.9895985832120394
0,462300,0.9934723836363029
0,462400,0.9934643998318403
0,462500,0.99321664664562
0,462600,0.9871396170935909
0,462700,0.9934998957489914
0,462800,0.9934656858852264
0,462900,0.9927404346950502
0,463000,0.9866018665275328
0,463100,0.9937082699095053
0,463200,0.9932198649669681
0,463300,0.9934723836363029
0,463400,0.9933513343906977
0,463500,0.9869667517971475
0,463600,0.9925929071313464
0,463700,0.9933709196553109
0,463800,0.9934179671791911
0,463900,0.9871396170935909
0,464000,0.9871396170935909
0,464100,0.9871396170935909
0,464200,0.992893749492683
0,464300,0.9928844235191386
0,464400,0.9928844235191386
0,464500,0.9928844235191386
0,464600,0.9933866928221172
0,464700,0.9935532821958708
0,464800,0.9928844235191386
0,464900,0.9935532821958708
0,465000,0.9928844235191386
0,465100,0.9928092516174277
0,465200,0.9931259709713219
0,465300,0.9872992829509785
0,465400,0.9927857215053199
0,465500,0.9927857215053199
0,465600,0.9934140635270275
0,465700,0.9925929071313464
0,465800,0.9929435609610869
0,465900,0.9929435609610869
0,466000,0.9929700700727051
0,466100,0.9932113462138247
0,466200,0.9936683079844869
0,466300,0.9935283205220579
0,466400,0.9927018977582086
0,466500,0.9876057958064551
0,466600,0.9930773966123527
0,466700,0.9933180489663727
0,466800,0.9864810903730731
0,466900,0.9898049823994406
0,467000,0.992652156899973
0,467100,0.9930773966123527
0,467200,0.9925929071313464
0,467300,0.99321664664562
0,467400,0.9933180489663727
0,467500,0.993364548106959
0,467600,0.9932113462138247
0,467700,0.9867363330110943
0,467800,0.9927953333029804
0,467900,0.9871645937554936
0,468000,0.9872992829509785
0,468100,0.9866814387385764
0,468200,0.9927857215053199
0,468300,0.992893749492683
0,468400,0.9866050456083324
0,468500,0.9933513343906977
0,468600,0.993620929990664
0,468700,0.9930624812978357
0,468800,0.9934723836363029
0,468900,0.9930773966123527
0,469000,0.9866814387385764
0,469100,0.993620929990664
0,469200,0.9875145250352628
0,469300,0.9932113462138247
0,469400,0.9921436312737714
0,469500,0.9928162811920397
0,469600,0.9866018665275328
0,469700,0.9866050456083324
0,469800,0.9927953333029804
0,469900,0.992652156899973
0,470000,0.9925929071313464
0,470100,0.9933180489663727
0,470200,0.9934723836363029
0,470300,0.9933180489663727
0,470400,0.9933180489663727
0,470500,0.9932879439302694
0,470600,0.9932879439302694
0,470700,0.9930607939945583
0,470800,0.9930607939945583
0,470900,0.9929435609610869
0,471000,0.9934723836363029
0,471100,0.9930607939945583
0,471200,0.9934723836363029
0,471300,0.9867363330110943
0,471400,0.9924484566575624
0,471500,0.992893749492683
0,471600,0.993411621502558
0,471700,0.9915076742746506
0,471800,0.9935532821958708
0,471900,0.9935532821958708
0,472000,0.9935532821958708
0,472100,0.9935532821958708
0,472200,0.9922871228438862
0,472300,0.9932280052147521
0,472400,0.9855464887333703
0,472500,0.9926582616106531
0,472600,0.9929730564516741
0,472700,0.9926582616106531
0,472800,0.9929730564516741
0,472900,0.9932594852402346
0,473000,0.9932594852402346
0,473100,0.9931531646086943
0,473200,0.9933140051497418
0,473300,0.9932594852402346
0,473400,0.9929620409708966
0,473500,0.9935532821958708
0,473600,0.993411621502558
0,473700,0.9870809335320485
0,473800,0.9929064588722364
0,473900,0.9935532821958708
0,474000,0.9934948503162506
0,474100,0.9935207800261868
0,474200,0.9932280052147521
0,474300,0.98637779758632
0,474400,0.9925698497441608
0,474500,0.9935207800261868
0,474600,0.9896085677917448
0,474700,0.9936463940892559
0,474800,0.9933403263347423
0,474900,0.993411621502558
0,475000,0.9932594852402346
0,475100,0.9935532821958708
0,475200,0.98637779758632
0,475300,0.9875435000664752
0,475400,0.992893749492683
0,475500,0.9872863508706707
0,475600,0.9933709196553109
0,475700,0.9927953333029804
0,475800,0.9931463566618909
0,475900,0.992893749492683
0,476000,0.9866951017246359
0,476100,0.9926582616106531
0,476200,0.9864488528108244
0,476300,0.9864488528108244
0,476400,0.9929251904171167
0,476500,0.9932386509868824
0,476600,0.9937124720863135
0,476700,0.9862279124539337
0,476800,0.9929251904171167
0,476900,0.9929251904171167
0,477000,0.9878177436181066
0,477100,0.9934661794649584
0,477200,0.9862279124539337
0,477300,0.9934661794649584
0,477400,0.9932280052147521
0,477500,0.9939149140693944
0,477600,0.9939149140693944
0,477700,0.9937094590494732
0,477800,0.993411621502558
0,477900,0.9933090367062198
0,478000,0.9878978056017337
0,478100,0.9866951017246359
0,478200,0.9935532821958708
0,478300,0.9933140051497418
0,478400,0.9931518741764548
0,478500,0.9870809335320485
0,478600,0.9926580820074289
0,478700,0.9934661794649584
0,478800,0.9934794689137354
0,478900,0.9934661794649584
0,479000,0.992926797545944
0,479100,0.9936395443244775
0,479200,0.9945115710193243
0,479300,0.994215044089578
0,479400,0.9936395443244775
0,479500,0.9946638163013384
0,479600,0.9866424094433558
0,479700,0.9942685142590569
0,479800,0.9907957794503014
0,479900,0.9938990642261915
0,480000,0.9941170033406654
0,480100,0.9941170033406654
0,480200,0.9937850395925306
0,480300,0.9875677902387769
0,480400,0.9874516902846457
0,480500,0.994453610416045
0,480600,0.987439511467918
0,480700,0.987439511467918
0,480800,0.9944068299620838
0,480900,0.9881586859270096
0,481000,0.994453610416045
0,481100,0.9881586859270096
0,481200,0.987439511467918
0,481300,0.9941414568833382
0,481400,0.9941170033406654
0,481500,0.987439511467918
0,481600,0.994453610416045
0,481700,0.994453610416045
0,481800,0.9878279195572985
0,481900,0.9939581241034026
0,482000,0.9939581241034026
0,482100,0.9938696996996979
0,482200,0.994222280312248
0,482300,0.994222280312248
0,482400,0.9857494659392791
0,482500,0.9944433834710976
0,482600,0.9939232353323314
0,482700,0.9857961238255772
0,482800,0.9954164220164028
0,482900,0.9948593764050686
0,483000,0.9948593764050686
0,483100,0.9950785735973888
0,483200,0.9871847722277358
0,483300,0.9950785735973888
0,483400,0.9947416136850552
0,483500,0.9857494659392791
0,483600,0.9857494659392791
0,483700,0.9948031993410195
0,483800,0.9936156002108051
0,483900,0.9940495982932896
0,484000,0.985642999604574
0,484100,0.994364773233364
0,484200,0.9940495982932896
0,484300,0.9881586859270096
0,484400,0.9934440840306924
0,484500,0.9942689394016639
0,484600,0.9932056877066109
0,484700,0.9943964798199716
0,484800,0.9947435223633865
0,484900,0.9948894707548366
0,485000,0.9942521526752995
0,485100,0.9872898695195106
0,485200,0.9941414568833382
0,485300,0.994453610416045
0,485400,0.9865643265216202
0,485500,0.9944540942119381
0,485600,0.9946794257260021
0,485700,0.9944540942119381
0,485800,0.9940480571649147
0,485900,0.9881586859270096
0,486000,0.9944540942119381
0,486100,0.993915721877949
0,486200,0.9949863162869506
0,486300,0.9848516606654296
0,486400,0.9942689394016639
0,486500,0.9881586859270096
0,486600,0.9878977893279219
0,486700,0.9947941018025636
0,486800,0.9934440840306924
0,486900,0.9877998422278952
0,487000,0.9941414568833382
0,487100,0.9907801357778858
0,487200,0.994453610416045
0,487300,0.9942689394016639
0,487400,0.9941170033406654
0,487500,0.9875677902387769
0,487600,0.9941471752917597
0,487700,0.9932056877066109
0,487800,0.9943440198456128
0,487900,0.9941170033406654
0,488000,0.9943440198456128
0,488100,0.9880048769200502
0,488200,0.9932056877066109
0,488300,0.9942689394016639
0,488400,0.9872898695195106
0,488500,0.9934203830728925
0,488600,0.9937746604842199
0,488700,0.9926913715819499
0,488800,0.9937746604842199
0,488900,0.9938990642261915
0,489000,0.9948894707548366
0,489100,0.9872898695195106
0,489200,0.9948894707548366
0,489300,0.9872898695195106
0,489400,0.9937746604842199
0,489500,0.9938123441226829
0,489600,0.9942524565414372
0,489700,0.9866424094433558
0,489800,0.9945102060315076
0,489900,0.9947194561993231
0,490000,0.9947194561993231
0,490100,0.9951679725667762
0,490200,0.9864460978301701
0,490300,0.9949503293199901
0,490400,0.9866424094433558
0,490500,0.9947194561993231
0,490600,0.9947194561993231
0,490700,0.9949225819855597
0,490800,0.9864460978301701
0,490900,0.9941761168340936
0,491000,0.9931325609339038
0,491100,0.9941761168340936
0,491200,0.9933468764679065
0,491300,0.9892793177688175
0,491400,0.9856316605170812
0,491500,0.9935532821958708
0,491600,0.9853199552939965
0,491700,0.9933025300496895
0,491800,0.9941879036339042
0,491900,0.9944025575341956
0,492000,0.9940288261929828
0,492100,0.9941761168340936
0,492200,0.9941761168340936
0,492300,0.9860481374250823
0,492400,0.9860481374250823
0,492500,0.9936395443244775
0,492600,0.994271252979249
0,492700,0.9941204370450636
0,492800,0.9936395443244775
0,492900,0.9860481374250823
0,493000,0.9941761168340936
0,493100,0.9936395443244775
0,493200,0.9863251042187997
0,493300,0.9939179972390674
0,493400,0.9863251042187997
0,493500,0.9863251042187997
0,493600,0.9949225819855597
0,493700,0.9941761168340936
0,493800,0.9951679725667762
0,493900,0.9947194561993231
0,494000,0.9866424094433558
0,494100,0.9872898695195106
0,494200,0.9948894707548366
0,494300,0.9948894707548366
0,494400,0.9948894707548366
0,494500,0.9875677902387769
0,494600,0.9945573509336268
0,494700,0.9872898695195106
0,494800,0.9915829475838501
0,494900,0.9872898695195106
0,495000,0.9872898695195106
0,495100,0.9947194561993231
0,495200,0.9947194561993231
0,495300,0.9866424094433558
0,495400,0.9863837699837352
0,495500,0.986560268851495
0,495600,0.9947194561993231
0,495700,0.9941083229512638
0,495800,0.9940940354517047
0,495900,0.9941889092345284
0,496000,0.9896256458729844
0,496100,0.9867264531153888
0,496200,0.9944020245767481
0,496300,0.9944921960143815
0,496400,0.9942521526752995
0,496500,0.9944921960143815
0,496600,0.9881586859270096
0,496700,0.9934440840306924
0,496800,0.994453610416045
0,496900,0.9848516606654296
0,497000,0.9881586859270096
0,497100,0.9881586859270096
0,497200,0.9944540942119381
0,497300,0.993915721877949
0,497400,0.9881970442199742
0,497500,0.9937771792140284
0,497600,0.9881970442199742
0,497700,0.9947827089933278
0,497800,0.9849475487209105
0,497900,0.9868506119853312
0,498000,0.9942119803959849
0,498100,0.9944540942119381
0,498200,0.9881586859270096
0,498300,0.9881586859270096
0,498400,0.9937826015882878
0,498500,0.9944068299620838
0,498600,0.994453610416045
0,498700,0.9881586859270096
0,498800,0.9851713246550567
0,498900,0.9869481922957778
0,499000,0.9950831893102983
0,499100,0.9949311526295016
0,499200,0.9947634483305918
0,499300,0.9873422912800437
0,499400,0.9954566631359918
0,499500,0.9941136482982523
0,499600,0.9859363995653623
0,499700,0.9939234275839524
0,499800,0.9860955978577461
0,499900,0.9859363995653623
0,500000,0.9859363995653623
0,500100,0.9878204935546169
0,500200,0.9947827089933278
0,500300,0.9937984097820938
0,500400,0.9940480571649147
0,500500,0.9878977893279219
0,500600,0.9938671151974993
0,500700,0.9849945144626054
0,500800,0.9941405237052483
0,500900,0.994453610416045
0,501000,0.993915721877949
0,501100,0.9938428666560483
0,501200,0.9880535937191018
0,501300,0.9878977893279219
0,501400,0.9933971534775653
0,501500,0.9942521526752995
0,501600,0.9944068299620838
0,501700,0.9876221044813733
0,501800,0.9876221044813733
0,501900,0.9940936814205037
0,502000,0.9867448345364085
0,502100,0.9934203830728925
0,502200,0.9866424094433558
0,502300,0.9939741716040064
0,502400,0.9867448345364085
0,502500,0.9944279328991803
0,502600,0.9942341491154097
0,502700,0.9865792896824382
0,502800,0.9934203830728925
0,502900,0.9932145316229539
0,503000,0.9867503140956837
0,503100,0.9942679882525917
0,503200,0.9863249439873053
0,503300,0.9936881055661719
0,503400,0.9936881055661719
0,503500,0.9927484271102947
0,503600,0.9937746604842199
0,503700,0.986560268851495
0,503800,0.9936881055661719
0,503900,0.9871808104118382
0,504000,0.9866691067979986
0,504100,0.9863249439873053
0,504200,0.9949644851545483
0,504300,0.9942679882525917
0,504400,0.9863249439873053
0,504500,0.9863249439873053
0,504600,0.9945005058507392
0,504700,0.9863249439873053
0,504800,0.9942685142590569
0,504900,0.9863251042187997
0,505000,0.9866424094433558
0,505100,0.9865792896824382
0,505200,0.9865792896824382
0,505300,0.9947346587592157
0,505400,0.9875677902387769
0,505500,0.9908557846219392
0,505600,0.9865500352910511
0,505700,0.9941744003079624
0,505800,0.9947194561993231
0,505900,0.9942528024323019
0,506000,0.9872227235877901
0,506100,0.9934179055177654
0,506200,0.9952242706324467
0,506300,0.9930546477682664
0,506400,0.9941170033406654
0,506500,0.9865792896824382
0,506600,0.9872898695195106
0,506700,0.9946349714413539
0,506800,0.9942528024323019
0,506900,0.9950841290800573
0,507000,0.9943647751795107
0,507100,0.9942053535516748
0,507200,0.9935532821958708
0,507300,0.993411621502558
0,507400,0.9935532821958708
0,507500,0.993411621502558
0,507600,0.9853493012771133
0,507700,0.9941761168340936
0,507800,0.993411621502558
0,507900,0.9938067935849737
0,508000,0.9936859487411567
0,508100,0.9937094590494732
0,508200,0.9866600762243561
0,508300,0.9937094590494732
0,508400,0.9937082699095053
0,508500,0.9930607939945583
0,508600,0.9933513343906977
0,508700,0.993364548106959
0,508800,0.9864810903730731
0,508900,0.993364548106959
0,509000,0.9938615432502829
0,509100,0.993631191571093
0,509200,0.993631191571093
0,509300,0.9937586088021538
0,509400,0.993631191571093
0,509500,0.9932113462138247
0,509600,0.9936711753144187
0,509700,0.9930607939945583
0,509800,0.9932113462138247
0,509900,0.9864810903730731
0,510000,0.9930607939945583
0,510100,0.993364548106959
0,510200,0.9936711753144187
0,510300,0.9937586088021538
0,510400,0.9864810903730731
0,510500,0.9933105841762109
0,510600,0.9932113462138247
0,510700,0.9936711753144187
0,510800,0.9930773966123527
0,510900,0.9928358187637474
0,511000,0.9937586088021538
0,511100,0.993823840083001
0,511200,0.9937586088021538
0,511300,0.993631191571093
0,511400,0.9937586088021538
0,511500,0.9936711753144187
0,511600,0.9937188388233953
0,511700,0.9932113462138247
0,511800,0.9932113462138247
0,511900,0.993364548106959
0,512000,0.9934723836363029
0,512100,0.9933105841762109
0,512200,0.9936466734513659
0,512300,0.9937586088021538
0,512400,0.993631191571093
0,512500,0.9928358187637474
0,512600,0.9902968181759191
0,512700,0.9934723836363029
0,512800,0.9937595659666416
0,512900,0.9937586088021538
0,513000,0.9932383108637244
0,513100,0.9925098293714564
0,513200,0.9929656842721604
0,513300,0.9905259093572526
0,513400,0.9936783757114913
0,513500,0.9930937369974687
0,513600,0.9936783757114913
0,513700,0.993631191571093
0,513800,0.9937595659666416
0,513900,0.9926214921607253
0,514000,0.993364548106959
0,514100,0.9930773966123527
0,514200,0.9864810903730731
0,514300,0.9929656842721604
0,514400,0.9929854737048669
0,514500,0.9923759153103798
0,514600,0.9862599462129419
0,514700,0.993631191571093
0,514800,0.993631191571093
0,514900,0.9932499526323706
0,515000,0.9932499526323706
0,515100,0.9932499526323706
0,515200,0.9928542925283904
0,515300,0.9852613945529505
0,515400,0.9931832300684973
0,515500,0.989132689942649
0,515600,0.9926506692430228
0,515700,0.9929730126107946
0,515800,0.9940012885470685
0,515900,0.990537076298821
0,516000,0.9926681362986283
0,516100,0.9937586088021538
0,516200,0.9862599462129419
0,516300,0.993631191571093
0,516400,0.9928150163878156
0,516500,0.986492244744126
0,516600,0.993620929990664
0,516700,0.9925929071313464
0,516800,0.993364548106959
0,516900,0.9934723836363029
0,517000,0.993027087567185
0,517100,0.9925929071313464
0,517200,0.9925929071313464
0,517300,0.9925846394644088
0,517400,0.9929272863110493
0,517500,0.9930660393884135
0,517600,0.993411621502558
0,517700,0.9938067935849737
0,517800,0.9928449927966283
0,517900,0.9934431612236385
0,518000,0.9934223464044981
0,518100,0.9940594986514926
0,518200,0.994593316956762
0,518300,0.9943647751795107
0,518400,0.9942679882525917
0,518500,0.9947194561993231
0,518600,0.9945485318468175
0,518700,0.9949680980087371
0,518800,0.9938123441226829
0,518900,0.9871082963660286
0,519000,0.9912525786715255
0,519100,0.9944396209791545
0,519200,0.9941414568833382
0,519300,0.9946697251913278
0,519400,0.9933520070695532
0,519500,0.9929743431956696
0,519600,0.9932228154222676
0,519700,0.9901414291675591
0,519800,0.994453610416045
0,519900,0.993915721877949
0,520000,0.994453610416045
0,520100,0.9938714734858507
0,520200,0.9942237017312276
0,520300,0.9939581241034026
0,520400,0.9847182353940628
0,520500,0.9939581241034026
0,520600,0.9849685513691814
0,520700,0.993512728043446
0,520800,0.993512728043446
0,520900,0.9943017096721817
0,521000,0.9919880358844647
0,521100,0.9857218334381941
0,521200,0.9946413605495024
0,521300,0.9943017096721817
0,521400,0.994979054260586
0,521500,0.9947031142802857
0,521600,0.9859230766092214
0,521700,0.9944875630378844
0,521800,0.9859230766092214
0,521900,0.9947489577040646
0,522000,0.9859230766092214
0,522100,0.9947489577040646
0,522200,0.9860591033483168
0,522300,0.9950664785539962
0,522400,0.9947489577040646
0,522500,0.9947489577040646
0,522600,0.9937692462004105
0,522700,0.986784835612551
0,522800,0.9869956959460389
0,522900,0.985796329239025
0,523000,0.9869412232117665
0,523100,0.9942380978006833
0,523200,0.986784835612551
0,523300,0.9937692462004105
0,523400,0.9949715877299953
0,523500,0.9860591033483168
0,523600,0.994703279704153
0,523700,0.9942724934440347
0,523800,0.9859230766092214
0,523900,0.9859230766092214
0,524000,0.9949783494999637
0,524100,0.9926922059632552
0,524200,0.9937692462004105
0,524300,0.9942735358883661
0,524400,0.9942724934440347
0,524500,0.9860591033483168
0,524600,0.9942735358883661
0,524700,0.9931030982104327
0,524800,0.9944520895055962
0,524900,0.994859904856491
0,525000,0.9919764630923541
0,525100,0.994859904856491
0,525200,0.9870303906233235
0,525300,0.9867373261876575
0,525400,0.9945886097650608
0,525500,0.9945886097650608
0,525600,0.984578848417696
0,525700,0.9937530983377086
0,525800,0.9948823643577196
0,525900,0.9942380978006833
0,526000,0.9942143888367018
0,526100,0.9942143888367018
0,526200,0.9942143888367018
0,526300,0.9942683411988431
0,526400,0.9942683411988431
0,526500,0.9944367374569564
0,526600,0.9948670941015394
0,526700,0.9944367374569564
0,526800,0.994567879967487
0,526900,0.9942683411988431
0,527000,0.985796329239025
0,527100,0.9838996225621389
0,527200,0.9948670941015394
0,527300,0.9948131718075216
0,527400,0.9946240588354521
0,527500,0.9948131718075216
0,527600,0.9945927850751355
0,527700,0.9942740720178097
0,527800,0.994567879967487
0,527900,0.9941097410289932
0,528000,0.9941097410289932
0,528100,0.9955131678235326
0,528200,0.9948660302524324
0,528300,0.9940258778716706
0,528400,0.9944304418262401
0,528500,0.984134771393026
0,528600,0.9939449209508989
0,528700,0.9954047479900306
0,528800,0.9862173956673068
0,528900,0.9862361791892253
0,529000,0.9846549159099716
0,529100,0.9952909443366711
0,529200,0.9954047479900306
0,529300,0.9847658006758037
0,529400,0.994611508252
0,529500,0.9945230130978191
0,529600,0.9930099652202715
0,529700,0.984573601972991
0,529800,0.994611508252
0,529900,0.9948323120186676
0,530000,0.9941097410289932
0,530100,0.9948998690625555
0,530200,0.984963628234446
0,530300,0.9845629023642617
0,530400,0.9952909443366711
0,530500,0.9845629023642617
0,530600,0.9953182458476773
0,530700,0.9953341086402122
0,530800,0.9948323120186676
0,530900,0.9926122749012367
0,531000,0.9952669548480813
0,531100,0.9922549451492146
0,531200,0.9838514993928096
0,531300,0.9895195613867096
0,531400,0.9947854113665356
0,531500,0.9937100499109595
0,531600,0.9947945137284385
0,531700,0.9942683411988431
0,531800,0.9944304418262401
0,531900,0.9941322742548448
0,532000,0.9859185287837113
0,532100,0.9859185287837113
0,532200,0.9864611175280144
0,532300,0.984315669343083
0,532400,0.9947854113665356
0,532500,0.9947854113665356
0,532600,0.9942143888367018
0,532700,0.9942755269760092
0,532800,0.994859904856491
0,532900,0.9942755269760092
0,533000,0.9942143888367018
0,533100,0.9869412232117665
0,533200,0.9942143888367018
0,533300,0.9944520895055962
0,533400,0.9942143888367018
0,533500,0.9942755269760092
0,533600,0.9937692462004105
0,533700,0.9942222675845499
0,533800,0.9860955978577461
0,533900,0.9923657512409677
0,534000,0.9934124438586172
0,534100,0.9943086287135144
0,534200,0.9944688853050873
0,534300,0.9862520949001243
0,534400,0.9850986562479858
0,534500,0.993845638880575
0,534600,0.9931979482310151
0,534700,0.9921648654039762
0,534800,0.9937692462004105
0,534900,0.9937692462004105
0,535000,0.9926922059632552
0,535100,0.9869956959460389
0,535200,0.9862520949001243
0,535300,0.9937692462004105
0,535400,0.9867373261876575
0,535500,0.9942143888367018
0,535600,0.9942143888367018
0,535700,0.9942755269760092
0,535800,0.9942143888367018
0,535900,0.9899236880413302
0,536000,0.9943849778773557
0,536100,0.9861121346635349
0,536200,0.9949783494999637
0,536300,0.9951679826585699
0,536400,0.9946667867484893
0,536500,0.9947489577040646
0,536600,0.9944688853050873
0,536700,0.9938570624491483
0,536800,0.9949783494999637
0,536900,0.992375830866967
0,537000,0.9949783494999637
0,537100,0.9935179362779648
0,537200,0.994018686050842
0,537300,0.9943473200114352
0,537400,0.9920731592169099
0,537500,0.9943636594752661
0,537600,0.9943636594752661
0,537700,0.9935468494120475
0,537800,0.9853073475653648
0,537900,0.9849685513691814
0,538000,0.9936156002108051
0,538100,0.9930986319901772
0,538200,0.9936610161792357
0,538300,0.9933036795564733
0,538400,0.9936610161792357
0,538500,0.9935975920346417
0,538600,0.9934203830728925
0,538700,0.9942004537965927
0,538800,0.9867264531153888
0,538900,0.9865792896824382
0,539000,0.9940388891582046
0,539100,0.9858206681083396
0,539200,0.9927407235059741
0,539300,0.9858206681083396
0,539400,0.9908949434834243
0,539500,0.9940458921516784
0,539600,0.9933887270032095
0,539700,0.9942271861340098
0,539800,0.9870903068160743
0,539900,0.9935975920346417
0,540000,0.9875860997726924
0,540100,0.9875860997726924
0,540200,0.9840949257124354
0,540300,0.9931130632989045
0,540400,0.9940266371604906
0,540500,0.9877215775833977
0,540600,0.9936627003047863
0,540700,0.9937771792140284
0,540800,0.9849329488864736
0,540900,0.984563402865428
0,541000,0.9935977346893494
0,541100,0.9846212629639819
0,541200,0.9936214426849254
0,541300,0.9934896598804426
0,541400,0.986337213094397
0,541500,0.9938816791830601
0,541600,0.9846212629639819
0,541700,0.9936627003047863
0,541800,0.9846212629639819
0,541900,0.987439511467918
0,542000,0.9875860997726924
0,542100,0.9936610161792357
0,542200,0.9936627003047863
0,542300,0.9877215775833977
0,542400,0.9936610161792357
0,542500,0.9938816791830601
0,542600,0.9942926306012542
0,542700,0.9936627003047863
0,542800,0.9935975920346417
0,542900,0.9935975920346417
0,543000,0.9933974248729938
0,543100,0.9873844171244944
0,543200,0.9941414568833382
0,543300,0.9932692218391523
0,543400,0.9844950105880667
0,543500,0.9936610161792357
0,543600,0.9934203830728925
0,543700,0.9938277125686665
0,543800,0.9936641221755524
0,543900,0.9933887270032095
0,544000,0.9933716985500133
0,544100,0.994301769689344
0,544200,0.994301769689344
0,544300,0.9853722852689545
0,544400,0.9940594986514926
0,544500,0.9942050953692801
0,544600,0.9905279301263206
0,544700,0.990888495121898
0,544800,0.9930998071790584
0,544900,0.9938313297227303
0,545000,0.9855961303018272
0,545100,0.9857931453812105
0,545200,0.9930998071790584
0,545300,0.9926564702768296
0,545400,0.9852036593142102
0,545500,0.9937820360138232
0,545600,0.9934046669755916
0,545700,0.9851089359257534
0,545800,0.9942050953692801
0,545900,0.9857931453812105
0,546000,0.99443495913818
0,546100,0.9931903252587921
0,546200,0.9940166888095797
0,546300,0.9940629678941995
0,546400,0.9863837699837352
0,546500,0.9868477993874849
0,546600,0.9945767616140305
0,546700,0.9939440326178344
0,546800,0.9863837699837352
0,546900,0.9918913963096668
0,547000,0.9937746604842199
0,547100,0.9871882455227382
0,547200,0.9868477993874849
0,547300,0.9866424094433558
0,547400,0.9942524565414372
0,547500,0.9940940354517047
0,547600,0.9933716985500133
0,547700,0.993807477774742
0,547800,0.9934203830728925
0,547900,0.9867669936663882
0,548000,0.9870903068160743
0,548100,0.9943440198456128
0,548200,0.9844950105880667
0,548300,0.9872818364179801
0,548400,0.9933065011278834
0,548500,0.9935975920346417
0,548600,0.9936610161792357
0,548700,0.9943440198456128
0,548800,0.9915188638587097
0,548900,0.9913375682363722
0,549000,0.9937606274934285
0,549100,0.9942689394016639
0,549200,0.9943440198456128
0,549300,0.9875677902387769
0,549400,0.9875677902387769
0,549500,0.9935478613959807
0,549600,0.9872818364179801
0,549700,0.9943440198456128
0,549800,0.9944020245767481
0,549900,0.9933971534775653
0,550000,0.9841438874478836
0,550100,0.9933036795564733
0,550200,0.9935975920346417
0,550300,0.9851713246550567
0,550400,0.991370074389307
0,550500,0.9851713246550567
0,550600,0.9941191282633153
0,550700,0.9947235150313977
0,550800,0.9890792519042274
0,550900,0.9866694725552573
0,551000,0.9890792519042274
0,551100,0.9855195324117694
0,551200,0.9944567013576519
0,551300,0.9933036795564733
0,551400,0.9840225132438292
0,551500,0.9881586859270096
0,551600,0.9941513786483945
0,551700,0.9940650550990686
0,551800,0.9935478613959807
0,551900,0.9938708384182886
0,552000,0.9938708384182886
0,552100,0.9872818364179801
0,552200,0.9872818364179801
0,552300,0.984589101803584
0,552400,0.9944567013576519
0,552500,0.984589101803584
0,552600,0.994750029760391
0,552700,0.993915721877949
0,552800,0.993915721877949
0,552900,0.9847707814835842
0,553000,0.984589101803584
0,553100,0.9933036795564733
0,553200,0.9937325330856988
0,553300,0.9935975920346417
0,553400,0.9870903068160743
0,553500,0.9870903068160743
0,553600,0.9932695417477626
0,553700,0.9937325330856988
0,553800,0.9904432055949756
0,553900,0.9932695417477626
0,554000,0.9932695417477626
0,554100,0.9866390647830084
0,554200,0.9934203830728925
0,554300,0.9932695417477626
0,554400,0.9870903068160743
0,554500,0.9930108984988346
0,554600,0.9938123441226829
0,554700,0.9935121221841942
0,554800,0.99313646407052
0,554900,0.99313646407052
0,555000,0.9940940354517047
0,555100,0.9865792896824382
0,555200,0.9861587066858224
0,555300,0.9857496142976897
0,555400,0.9932313136866483
0,555500,0.9934134218988514
0,555600,0.9848884080468137
0,555700,0.9939579416367172
0,555800,0.9940915589706043
0,555900,0.9938123441226829
0,556000,0.9938123441226829
0,556100,0.9863837699837352
0,556200,0.9866390647830084
0,556300,0.9939081800844622
0,556400,0.9940629678941995
0,556500,0.9933716985500133
0,556600,0.9938218868955427
0,556700,0.9932514559412619
0,556800,0.9848884080468137
0,556900,0.9934293761794944
0,557000,0.9939661260525589
0,557100,0.9848884080468137
0,557200,0.9905505968583224
0,557300,0.9937060139126817
0,557400,0.9855514265883664
0,557500,0.9848286911758001
0,557600,0.9932313136866483
0,557700,0.9934376726681922
0,557800,0.9849027360709024
0,557900,0.9937960319270905
0,558000,0.9851003989361777
0,558100,0.9932313136866483
0,558200,0.9933336877279472
0,558300,0.9889615771243148
0,558400,0.9848884080468137
0,558500,0.9937060139126817
0,558600,0.9933336877279472
0,558700,0.9936998940663694
0,558800,0.9933336877279472
0,558900,0.9933336877279472
0,559000,0.993648299771091
0,559100,0.9909433906679834
0,559200,0.9934046669755916
0,559300,0.9939661260525589
0,559400,0.9933336877279472
0,559500,0.9851003989361777
0,559600,0.9851003989361777
0,559700,0.9851003989361777
0,559800,0.9868536646373999
0,559900,0.9941258381635167
0,560000,0.9934147627057021
0,560100,0.9933336877279472
0,560200,0.9933101288918151
0,560300,0.9926498987481119
0,560400,0.984889057110964
0,560500,0.9932093948511285
0,560600,0.9846730456065487
0,560700,0.9933813939220967
0,560800,0.9933336877279472
0,560900,0.9934046669755916
0,561000,0.9934046669755916
0,561100,0.9932910375205168
0,561200,0.9849941508283582
0,561300,0.9889615771243148
0,561400,0.9931497905964449
0,561500,0.9848884080468137
0,561600,0.993648299771091
0,561700,0.9848884080468137
0,561800,0.9935988498968188
0,561900,0.9933336877279472
0,562000,0.9930137394181784
0,562100,0.9934046669755916
0,562200,0.9933025300496895
0,562300,0.9853370139382069
0,562400,0.9856843358193914
0,562500,0.9933887270032095
0,562600,0.993648299771091
0,562700,0.9856843358193914
0,562800,0.9893132241914602
0,562900,0.9932986594522464
0,563000,0.9849941508283582
0,563100,0.993648299771091
0,563200,0.9940880595438322
0,563300,0.9853370139382069
0,563400,0.9935988498968188
0,563500,0.9930564208334661
0,563600,0.9853370139382069
0,563700,0.9936017694760347
0,563800,0.9938218868955427
0,563900,0.9929150783074688
0,564000,0.9938218868955427
0,564100,0.9942050953692801
0,564200,0.9940915589706043
0,564300,0.9933887270032095
0,564400,0.9938277125686665
0,564500,0.9930975060569411
0,564600,0.9929735752917487
0,564700,0.9929150783074688
0,564800,0.9938218868955427
0,564900,0.9859863714823464
0,565000,0.9937923130458388
0,565100,0.9939440326178344
0,565200,0.9940629678941995
0,565300,0.9863837699837352
0,565400,0.9938277125686665
0,565500,0.9860526216267512
0,565600,0.9935399800106528
0,565700,0.9863837699837352
0,565800,0.9860526216267512
0,565900,0.9939440326178344
0,566000,0.9935121221841942
0,566100,0.9932695417477626
0,566200,0.9935399800106528
0,566300,0.9923144463836303
0,566400,0.9933974248729938
0,566500,0.9936610161792357
0,566600,0.9936610161792357
0,566700,0.9844950105880667
0,566800,0.9938696996996979
0,566900,0.9939581241034026
0,567000,0.9846987363260196
0,567100,0.9936156002108051
0,567200,0.9846987363260196
0,567300,0.985063218214463
0,567400,0.9930266545315818
0,567500,0.993960563587792
0,567600,0.9846987363260196
0,567700,0.9846987363260196
0,567800,0.9933178323672656
0,567900,0.9934752646180034
0,568000,0.984563402865428
0,568100,0.9935353778520227
0,568200,0.9937149384500091
0,568300,0.9934902986971295
0,568400,0.9922363741601928
0,568500,0.9938821827685562
0,568600,0.9854898257752808
0,568700,0.9937692462004105
0,568800,0.9938578635832855
0,568900,0.9927736193233865
0,569000,0.9936874236429377
0,569100,0.9854898257752808
0,569200,0.9938082628524982
0,569300,0.9852866865415073
0,569400,0.9854898257752808
0,569500,0.9937149384500091
0,569600,0.9852866865415073
0,569700,0.9848618854063864
0,569800,0.9922363741601928
0,569900,0.9852866865415073
0,570000,0.9852866865415073
0,570100,0.9855778731174553
0,570200,0.9927736193233865
0,570300,0.9938821827685562
0,570400,0.9937149384500091
0,570500,0.985274203958195
0,570600,0.9935353778520227
0,570700,0.985274203958195
0,570800,0.984209277013268
0,570900,0.9939322543618596
0,571000,0.993960563587792
0,571100,0.9935566466140535
0,571200,0.9930986319901772
0,571300,0.9927640506881058
0,571400,0.9933974248729938
0,571500,0.9926829982730735
0,571600,0.986337213094397
0,571700,0.9844846623809428
0,571800,0.993960563587792
0,571900,0.9889516689574491
0,572000,0.985274203958195
0,572100,0.9941116939453226
0,572200,0.993960563587792
0,572300,0.9931375414869826
0,572400,0.9935992199253197
0,572500,0.993960563587792
0,572600,0.993960563587792
0,572700,0.993960563587792
0,572800,0.992927391596596
0,572900,0.992621243829326
0,573000,0.9930112387299644
0,573100,0.993031481183858
0,573200,0.9869095588588875
0,573300,0.9933974248729938
0,573400,0.9926829982730735
0,573500,0.9846212629639819
0,573600,0.9927640506881058
0,573700,0.9930007872529051
0,573800,0.9926829982730735
0,573900,0.9927640506881058
0,574000,0.9928543572875945
0,574100,0.9928543572875945
0,574200,0.9870903068160743
0,574300,0.9866390647830084
0,574400,0.9934203830728925
0,574500,0.9912476374304163
0,574600,0.9927841385708562
0,574700,0.9861587066858224
0,574800,0.9927841385708562
0,574900,0.99244703768537
0,575000,0.9922017250234269
0,575100,0.9938990642261915
0,575200,0.9870903068160743
0,575300,0.9898509686563471
0,575400,0.9932695417477626
0,575500,0.9926505397028034
0,575600,0.9869095588588875
0,575700,0.9870903068160743
0,575800,0.9931512981406736
0,575900,0.9870947835865025
0,576000,0.990051871649865
0,576100,0.9929837713582836
0,576200,0.9932290237359049
0,576300,0.9932721131399637
0,576400,0.9862244828162494
0,576500,0.9862496795731381
0,576600,0.9923999741764571
0,576700,0.9923643476561831
0,576800,0.9935498800438056
0,576900,0.9930655315927915
0,577000,0.9927841385708562
0,577100,0.9927841385708562
0,577200,0.9937733921048278
0,577300,0.9930655315927915
0,577400,0.9861587066858224
0,577500,0.9929995337722116
0,577600,0.9935498800438056
0,577700,0.9926242457100124
0,577800,0.9932721131399637
0,577900,0.9931279105617887
0,578000,0.9861587066858224
0,578100,0.9930655315927915
0,578200,0.9923643476561831
0,578300,0.9933744458887612
0,578400,0.99331398891037
0,578500,0.9927841385708562
0,578600,0.9879440603942435
0,578700,0.9863617033858804
0,578800,0.9867669936663882
0,578900,0.9870903068160743
0,579000,0.9924808036471439
0,579100,0.9936559068588547
0,579200,0.9932695417477626
0,579300,0.9932695417477626
0,579400,0.9870903068160743
0,579500,0.9869095588588875
0,579600,0.9935488603990454
0,579700,0.9929837713582836
0,579800,0.9870903068160743
0,579900,0.9857113466728354
0,580000,0.9871893722191242
0,580100,0.9934076352307231
0,580200,0.9934076882650003
0,580300,0.9871893722191242
0,580400,0.9927640506881058
0,580500,0.9872319511831114
0,580600,0.9927640506881058
0,580700,0.9927640506881058
0,580800,0.9928460824991857
0,580900,0.9927640506881058
0,581000,0.9929837713582836
0,581100,0.9841542529471168
0,581200,0.9871893722191242
0,581300,0.9924993279884039
0,581400,0.9929419090684449
0,581500,0.9929837713582836
0,581600,0.9936559068588547
0,581700,0.9932695417477626
0,581800,0.9932695417477626
0,581900,0.9936559068588547
0,582000,0.9935399800106528
0,582100,0.9927806873067417
0,582200,0.9931174450623028
0,582300,0.9863911311352983
0,582400,0.9926584847391209
0,582500,0.9895867616060404
0,582600,0.9860526216267512
0,582700,0.9923643476561831
0,582800,0.9932225595689396
0,582900,0.9853370139382069
0,583000,0.9930577905816801
0,583100,0.9928351271186824
0,583200,0.9927612719335577
0,583300,0.9930998071790584
0,583400,0.9930998071790584
0,583500,0.9852391912071823
0,583600,0.9927168699964006
0,583700,0.9852391912071823
0,583800,0.9929199722844355
0,583900,0.9927110314050634
0,584000,0.9925819924487577
0,584100,0.9854548661380548
0,584200,0.9931279105617887
0,584300,0.9920898146307817
0,584400,0.9923643476561831
0,584500,0.9925819924487577
0,584600,0.9852391912071823
0,584700,0.9928254691930097
0,584800,0.9917323855339111
0,584900,0.98621045971804
0,585000,0.99356089061676
0,585100,0.9930009714970978
0,585200,0.9929052983709931
0,585300,0.9933825705468613
0,585400,0.9929995337722116
0,585500,0.9923643476561831
0,585600,0.9929631482908835
0,585700,0.9928351271186824
0,585800,0.992343615416165
0,585900,0.9927612719335577
0,586000,0.9858206681083396
0,586100,0.9852413484682594
0,586200,0.9928221025138102
0,586300,0.9907346628449716
0,586400,0.9910987079161152
0,586500,0.9927110314050634
0,586600,0.9923999741764571
0,586700,0.9923999741764571
0,586800,0.9858997825901731
0,586900,0.9933085842636215
0,587000,0.9932695417477626
0,587100,0.9860717590473974
0,587200,0.9860717590473974
0,587300,0.9860717590473974
0,587400,0.9932721131399637
0,587500,0.9929995337722116
0,587600,0.9927841385708562
0,587700,0.9925523352222517
0,587800,0.9931114545835877
0,587900,0.9922371188694724
0,588000,0.9862244828162494
0,588100,0.9862244828162494
0,588200,0.9936023122842738
0,588300,0.9860717590473974
0,588400,0.9927186848346228
0,588500,0.9935488603990454
0,588600,0.9935488603990454
0,588700,0.9930833029756166
0,588800,0.9940208107534797
0,588900,0.9930009714970978
0,589000,0.9930009714970978
0,589100,0.9935488603990454
0,589200,0.9936023122842738
0,589300,0.9922757968541687
0,589400,0.9927640506881058
0,589500,0.9923992340743737
0,589600,0.9923992340743737
0,589700,0.9921774282184505
0,589800,0.9927640506881058
0,589900,0.9927640506881058
0,590000,0.9840448804126134
0,590100,0.9871893722191242
0,590200,0.9936454283779902
0,590300,0.9926584847391209
0,590400,0.9932721131399637
0,590500,0.9926962103687497
0,590600,0.9928254691930097
0,590700,0.9851084374756728
0,590800,0.9928254691930097
0,590900,0.9862244828162494
0,591000,0.9933085842636215
0,591100,0.9926368700796014
0,591200,0.9860623102626443
0,591300,0.9931530099989623
0,591400,0.9928254691930097
0,591500,0.9933550738708463
0,591600,0.9927640506881058
0,591700,0.9930986319901772
0,591800,0.9936150831241319
0,591900,0.992881874609993
0,592000,0.9872039510974394
0,592100,0.9850065997051975
0,592200,0.985383346662493
0,592300,0.9940651936237793
0,592400,0.9934026520747231
0,592500,0.9892645540590307
0,592600,0.9938066607381225
0,592700,0.9845671608002576
0,592800,0.985213250850896
0,592900,0.9855976701171559
0,593000,0.9854774605374165
0,593100,0.9934584145461071
0,593200,0.9847473765715337
0,593300,0.9932704762075321
0,593400,0.9932086606876209
0,593500,0.9847801387580503
0,593600,0.986426774623013
0,593700,0.9933276633333132
0,593800,0.9934584145461071
0,593900,0.9942729639607398
0,594000,0.9933463729806011
0,594100,0.9933276633333132
0,594200,0.9877424525094798
0,594300,0.9933276633333132
0,594400,0.992881874609993
0,594500,0.992881874609993
0,594600,0.9853940987466538
0,594700,0.985383346662493
0,594800,0.993438923028218
0,594900,0.9938517297522698
0,595000,0.985213250850896
0,595100,0.9929445308205733
0,595200,0.9934453547156966
0,595300,0.9934453547156966
0,595400,0.9941081459746833
0,595500,0.9851987178570508
0,595600,0.9937149384500091
0,595700,0.985167346810147
0,595800,0.9848618854063864
0,595900,0.9937149384500091
0,596000,0.9934383433351291
0,596100,0.9942729639607398
0,596200,0.9937149384500091
0,596300,0.9936783156424445
0,596400,0.9935871888320797
0,596500,0.993484432629211
0,596600,0.9849909850954768
0,596700,0.9930360037097729
0,596800,0.9938647948953304
0,596900,0.9939662200540456
0,597000,0.9929264388193716
0,597100,0.992881874609993
0,597200,0.9935871888320797
0,597300,0.9933276633333132
0,597400,0.9933276633333132
0,597500,0.9845671608002576
0,597600,0.992881874609993
0,597700,0.9935353778520227
0,597800,0.9929579940402588
0,597900,0.9850328894446825
0,598000,0.9850328894446825
0,598100,0.985213250850896
0,598200,0.9850065997051975
0,598300,0.9930621467733137
0,598400,0.9850328894446825
0,598500,0.9925423085943671
0,598600,0.9927404650708884
0,598700,0.992881874609993
0,598800,0.9934383433351291
0,598900,0.9931940711552467
0,599000,0.9934517727654917
0,599100,0.9927404650708884
0,599200,0.9934383433351291
0,599300,0.9867137873149012
0,599400,0.9932646370500614
0,599500,0.9932646370500614
0,599600,0.9930781932088502
0,599700,0.9846508107119717
0,599800,0.9933611019805838
0,599900,0.9923146213493476
0,600000,0.9926991056804237
0,600100,0.9925752711101509
0,600200,0.9934387607767468
0,600300,0.9910015898333393
0,600400,0.9847904468156768
0,600500,0.9925752711101509
0,600600,0.9926991056804237
0,600700,0.9840448804126134
0,600800,0.9842957048395788
0,600900,0.9842957048395788
0,601000,0.9921774282184505
0,601100,0.9870107195443333
0,601200,0.9863667476741556
0,601300,0.9929419090684449
0,601400,0.9926988646160783
0,601500,0.9935488603990454
0,601600,0.992315352751889
0,601700,0.9930697343711615
0,601800,0.992315352751889
0,601900,0.992315352751889
0,602000,0.9862244828162494
0,602100,0.9862244828162494
0,602200,0.9854201390810191
0,602300,0.9917709271831018
0,602400,0.9934368071888499
0,602500,0.9863911311352983
0,602600,0.9936559068588547
0,602700,0.9936559068588547
0,602800,0.9926584847391209
0,602900,0.9931512981406736
0,603000,0.9917679115150859
0,603100,0.9927182492990753
0,603200,0.9865209429500844
0,603300,0.9866324619859747
0,603400,0.9927293752074737
0,603500,0.9931800841186536
0,603600,0.9856229187849579
0,603700,0.9921071532658579
0,603800,0.9855748726149587
0,603900,0.992847889957328
0,604000,0.9928254691930097
0,604100,0.9925535479832602
0,604200,0.9925535479832602
0,604300,0.9854201390810191
0,604400,0.9926962103687497
0,604500,0.9924993402192589
0,604600,0.9921053166897403
0,604700,0.9854201390810191
0,604800,0.9932744061609978
0,604900,0.9916114460641055
0,605000,0.9858206681083396
0,605100,0.9930588592918921
0,605200,0.9849211852850039
0,605300,0.9924017730117868
0,605400,0.9923848645901382
0,605500,0.9849211852850039
0,605600,0.9849211852850039
0,605700,0.9928351271186824
0,605800,0.9849211852850039
0,605900,0.9891074024695179
0,606000,0.9933698170628797
0,606100,0.9926480317908548
0,606200,0.9932986594522464
0,606300,0.9931697211798848
0,606400,0.9877166100372711
0,606500,0.9858206681083396
0,606600,0.9858206681083396
0,606700,0.9930536409752856
0,606800,0.9930536409752856
0,606900,0.9928554024419625
0,607000,0.9929093560242281
0,607100,0.9929093560242281
0,607200,0.9925535479832602
0,607300,0.9858206681083396
0,607400,0.9850416507117977
0,607500,0.9858206681083396
0,607600,0.9928554024419625
0,607700,0.9918395235194739
0,607800,0.9930588592918921
0,607900,0.9858206681083396
0,608000,0.9931894752780576
0,608100,0.9928554024419625
0,608200,0.9923999741764571
0,608300,0.9923999741764571
0,608400,0.9854201390810191
0,608500,0.9926962103687497
0,608600,0.9927110314050634
0,608700,0.9926962103687497
0,608800,0.9858593856820769
0,608900,0.9851630751433779
0,609000,0.9928859687582858
0,609100,0.9851630751433779
0,609200,0.9856897488668408
0,609300,0.9930588592918921
0,609400,0.9931697211798848
0,609500,0.9920425562307791
0,609600,0.9930588592918921
0,609700,0.9930588592918921
0,609800,0.9858206681083396
0,609900,0.9927407235059741
0,610000,0.9858206681083396
0,610100,0.9927374245467582
0,610200,0.9854201390810191
0,610300,0.992946333874093
0,610400,0.9931894752780576
0,610500,0.9931503572796473
0,610600,0.9858206681083396
0,610700,0.9858206681083396
0,610800,0.9930588592918921
0,610900,0.9930588592918921
0,611000,0.9931697211798848
0,611100,0.9922411971072522
0,611200,0.993276382908477
0,611300,0.9854201390810191
0,611400,0.9855748726149587
0,611500,0.9930139924792537
0,611600,0.9858206681083396
0,611700,0.9913157237636961
0,611800,0.9922082229190045
0,611900,0.9922483785463297
0,612000,0.9920558644338866
0,612100,0.9921986998644733
0,612200,0.9923885824477618
0,612300,0.992558661259356
0,612400,0.9918228690447579
0,612500,0.9923885824477618
0,612600,0.9917204596941008
0,612700,0.9917762194335662
0,612800,0.9859200549700934
0,612900,0.9917204596941008
0,613000,0.9926371089093827
0,613100,0.9920787263580786
0,613200,0.985250291872128
0,613300,0.9932020111683048
0,613400,0.9919621297181521
0,613500,0.9919621297181521
0,613600,0.9917204596941008
0,613700,0.9926100952798462
0,613800,0.9919904933564305
0,613900,0.9917204596941008
0,614000,0.9934158845648982
0,614100,0.9918639675354228
0,614200,0.9920297105895582
0,614300,0.9920278726702957
0,614400,0.9920278726702957
0,614500,0.9926531122301218
0,614600,0.992301763088653
0,614700,0.9918415063558889
0,614800,0.9926335102268706
0,614900,0.9918415063558889
0,615000,0.9912842681726861
0,615100,0.9921364543918638
0,615200,0.9853824715573424
0,615300,0.9917383388751484
0,615400,0.9923401025175047
0,615500,0.9926531122301218
0,615600,0.9853824715573424
0,615700,0.9920510190347559
0,615800,0.99230861234034
0,615900,0.9918415063558889
0,616000,0.9849862478562735
0,616100,0.9919279612288285
0,616200,0.9920376885724389
0,616300,0.9930246567201968
0,616400,0.9922155806862624
0,616500,0.9919098301514315
0,616600,0.9906651939044159
0,616700,0.9914203977490793
0,616800,0.9926633010248537
0,616900,0.9914203977490793
0,617000,0.9918726023789852
0,617100,0.9926506692430228
0,617200,0.99230861234034
0,617300,0.9853824715573424
0,617400,0.9918233268658493
0,617500,0.9918639675354228
0,617600,0.9930612950296922
0,617700,0.9917452456644713
0,617800,0.9915447927911106
0,617900,0.9918639675354228
0,618000,0.9918639675354228
0,618100,0.9926230652497782
0,618200,0.9871422234124112
0,618300,0.9925104931164487
0,618400,0.9851995458775632
0,618500,0.9925963742095042
0,618600,0.9918415063558889
0,618700,0.9918415063558889
0,618800,0.9900675377525027
0,618900,0.9918415063558889
0,619000,0.9909589734091377
0,619100,0.9917383388751484
0,619200,0.9918415063558889
0,619300,0.9914075408131219
0,619400,0.9919279612288285
0,619500,0.9904040995273738
0,619600,0.9926506692430228
0,619700,0.9920592378844175
0,619800,0.992210882825909
0,619900,0.9920376885724389
0,620000,0.992210882825909
0,620100,0.99230861234034
0,620200,0.992210882825909
0,620300,0.9918415063558889
0,620400,0.9923499350328097
0,620500,0.9929474294509315
0,620600,0.9914203977490793
0,620700,0.9928128641456484
0,620800,0.9917028349568348
0,620900,0.9918726023789852
0,621000,0.9916617424603303
0,621100,0.9926848319585583
0,621200,0.9926506692430228
0,621300,0.9919411090704254
0,621400,0.9926528638481322
0,621500,0.9917028349568348
0,621600,0.9925150712939252
0,621700,0.9925514080501568
0,621800,0.9914203977490793
0,621900,0.9902254209839187
0,622000,0.9902254209839187
0,622100,0.9915617546336039
0,622200,0.9923294129243428
0,622300,0.992690083151409
0,622400,0.9902254209839187
0,622500,0.9902254209839187
0,622600,0.9920497985566213
0,622700,0.9902254209839187
0,622800,0.9907051535837604
0,622900,0.9912697772828872
0,623000,0.9906817757921746
0,623100,0.9912697772828872
0,623200,0.9909175060858809
0,623300,0.9907051535837604
0,623400,0.9907258343965349
0,623500,0.9923272512608867
0,623600,0.9910954751828734
0,623700,0.9912697772828872
0,623800,0.9910954751828734
0,623900,0.9910638339001282
0,624000,0.9910904620502246
0,624100,0.9910638339001282
0,624200,0.9910904620502246
0,624300,0.9907051535837604
0,624400,0.99020184718239
0,624500,0.9909175060858809
0,624600,0.9909361886347908
0,624700,0.9912697772828872
0,624800,0.991102668371343
0,624900,0.9909175060858809
0,625000,0.9908972267417934
0,625100,0.9908259957185765
0,625200,0.9908972267417934
0,625300,0.9902511106153745
0,625400,0.9908972267417934
0,625500,0.9918342825916164
0,625600,0.9903641908205062
0,625700,0.9906042105445335
0,625800,0.9906817757921746
0,625900,0.9906042105445335
0,626000,0.9926011863810611
0,626100,0.9912697772828872
0,626200,0.9910904620502246
0,626300,0.9907051535837604
0,626400,0.991102668371343
0,626500,0.9917267474808662
0,626600,0.9909175060858809
0,626700,0.9911534340002711
0,626800,0.9926011863810611
0,626900,0.9926011863810611
0,627000,0.9915369871877334
0,627100,0.9912215257436695
0,627200,0.9912215257436695
0,627300,0.9908231096916024
0,627400,0.9912215257436695
0,627500,0.9923967384587337
0,627600,0.9906148609038363
0,627700,0.9897806078782104
0,627800,0.992144219298235
0,627900,0.9923967384587337
0,628000,0.9896444411603321
0,628100,0.9901912032947329
0,628200,0.9901912032947329
0,628300,0.9912215257436695
0,628400,0.9907258343965349
0,628500,0.9905287799876022
0,628600,0.9909175060858809
0,628700,0.9906817757921746
0,628800,0.9910729301626977
0,628900,0.9921703126466878
0,629000,0.9905287799876022
0,629100,0.990696758073751
0,629200,0.9927770099936294
0,629300,0.9911797037932242
0,629400,0.9907051535837604
0,629500,0.9906817757921746
0,629600,0.9915005814234676
0,629700,0.9909038788420444
0,629800,0.9910975758779328
0,629900,0.9919721679889398
0,630000,0.9916125977165616
0,630100,0.9914950224390916
0,630200,0.9914950224390916
0,630300,0.9902511106153745
0,630400,0.9921703126466878
0,630500,0.9920048393429552
0,630600,0.9910541899983162
0,630700,0.9908216432615077
0,630800,0.9902511106153745
0,630900,0.9901708422372923
0,631000,0.9914306723296189
0,631100,0.991895394986622
0,631200,0.9905446936522185
0,631300,0.9914306723296189
0,631400,0.9903366752781733
0,631500,0.991062157127828
0,631600,0.9915718801716646
0,631700,0.9906042105445335
0,631800,0.9904411394737095
0,631900,0.9912460038508252
0,632000,0.9905381391838817
0,632100,0.9909175060858809
0,632200,0.9922532883281562
0,632300,0.9912905174150385
0,632400,0.9912390370727622
0,632500,0.9912390370727622
0,632600,0.9908231096916024
0,632700,0.99047275397594
0,632800,0.9923967384587337
0,632900,0.9906405462718568
0,633000,0.9869690789465231
0,633100,0.9912898256404777
0,633200,0.9909038788420444
0,633300,0.9912390370727622
0,633400,0.9908665960588495
0,633500,0.991062157127828
0,633600,0.9912898256404777
0,633700,0.9842745052073703
0,633800,0.9909933910705753
0,633900,0.986964453556207
0,634000,0.9853824715573424
0,634100,0.9909589734091377
0,634200,0.9851995458775632
0,634300,0.9909589734091377
0,634400,0.9907470500948746
0,634500,0.9909589734091377
0,634600,0.990659569098029
0,634700,0.9915009278885244
0,634800,0.9908359769239923
0,634900,0.9908359769239923
0,635000,0.9916112444436557
0,635100,0.9920048393429552
0,635200,0.9910541899983162
0,635300,0.9909933910705753
0,635400,0.9914306723296189
0,635500,0.9914950224390916
0,635600,0.9915009278885244
0,635700,0.9909589734091377
0,635800,0.9916315114434568
0,635900,0.9910973973554258
0,636000,0.9854092458268747
0,636100,0.9853824715573424
0,636200,0.9922155806862624
0,636300,0.9922852805425532
0,636400,0.9915965769052989
0,636500,0.9918415063558889
0,636600,0.9918415063558889
0,636700,0.9853824715573424
0,636800,0.9925963742095042
0,636900,0.9920027398602562
0,637000,0.9909589734091377
0,637100,0.9851995458775632
0,637200,0.9915627483164957
0,637300,0.9921723275649427
0,637400,0.9919889655003181
0,637500,0.9921723275649427
0,637600,0.9918639675354228
0,637700,0.9861294032877417
0,637800,0.9861294032877417
0,637900,0.9932023917800964
0,638000,0.9926531122301218
0,638100,0.9912842681726861
0,638200,0.9923025406502323
0,638300,0.9916306290222523
0,638400,0.992298951904034
0,638500,0.9921723275649427
0,638600,0.9909589734091377
0,638700,0.9918639675354228
0,638800,0.9915627483164957
0,638900,0.9918639675354228
0,639000,0.9915627483164957
0,639100,0.9920278726702957
0,639200,0.9912393759941424
0,639300,0.9850718615386781
0,639400,0.9914061709345914
0,639500,0.9915457572476665
0,639600,0.9841703289950489
0,639700,0.9915447927911106
0,639800,0.984987622694884
0,639900,0.9915447927911106
0,640000,0.9928325101911865
0,640100,0.984987622694884
0,640200,0.9890975774022421
0,640300,0.9910707096800301
0,640400,0.9932023917800964
0,640500,0.9912393759941424
0,640600,0.9920278726702957
0,640700,0.9914265627628679
0,640800,0.9931260973376796
0,640900,0.9915447927911106
0,641000,0.9914265627628679
0,641100,0.9912842681726861
0,641200,0.9861610191861212
0,641300,0.9925104931164487
0,641400,0.9923401025175047
0,641500,0.9926531122301218
0,641600,0.9915447927911106
0,641700,0.9921723275649427
0,641800,0.9918639675354228
0,641900,0.985671066962218
0,642000,0.9915447927911106
0,642100,0.9915447927911106
0,642200,0.9915447927911106
0,642300,0.9917031642346775
0,642400,0.9914265627628679
0,642500,0.9912689153234127
0,642600,0.9917452456644713
0,642700,0.9899821501534749
0,642800,0.9905520645214163
0,642900,0.9921723275649427
0,643000,0.9854092458268747
0,643100,0.9923604460740272
0,643200,0.9917452456644713
0,643300,0.9918639675354228
0,643400,0.9918639675354228
0,643500,0.991736347235457
0,643600,0.9918639675354228
0,643700,0.9920297105895582
0,643800,0.9914061709345914
0,643900,0.9918639675354228
0,644000,0.9914265627628679
0,644100,0.9912842681726861
0,644200,0.9909589734091377
0,644300,0.9853824715573424
0,644400,0.9909589734091377
0,644500,0.9909589734091377
0,644600,0.9912393759941424
0,644700,0.9919234820536729
0,644800,0.9914265627628679
0,644900,0.9912326127732919
0,645000,0.9920278726702957
0,645100,0.9850537403091907
0,645200,0.9849862478562735
0,645300,0.9918906098705911
0,645400,0.9921095226407391
0,645500,0.9909589734091377
0,645600,0.9918415063558889
0,645700,0.9919279612288285
0,645800,0.9924429850280575
0,645900,0.9924429850280575
0,646000,0.9919279612288285
0,646100,0.992301763088653
0,646200,0.990956688499968
0,646300,0.9918415063558889
0,646400,0.9919279612288285
0,646500,0.9912842681726861
0,646600,0.9909144907020895
0,646700,0.9918639675354228
0,646800,0.9909144907020895
0,646900,0.9912393759941424
0,647000,0.9914265627628679
0,647100,0.9910973973554258
0,647200,0.9919279612288285
0,647300,0.9912209953005299
0,647400,0.9853824715573424
0,647500,0.9920510190347559
0,647600,0.9919279612288285
0,647700,0.9922155806862624
0,647800,0.9920376885724389
0,647900,0.9922155806862624
0,648000,0.9922155806862624
0,648100,0.9922852805425532
0,648200,0.9914252961579237
0,648300,0.9922155806862624
0,648400,0.9915009278885244
0,648500,0.99230861234034
0,648600,0.9905536911436785
0,648700,0.9914950224390916
0,648800,0.9914252961579237
0,648900,0.9921519857079771
0,649000,0.9924664602775564
0,649100,0.9922852805425532
0,649200,0.9923499350328097
0,649300,0.9924664602775564
0,649400,0.9919279612288285
0,649500,0.9917383388751484
0,649600,0.9915627483164957
0,649700,0.9920201127522311
0,649800,0.9924664602775564
0,649900,0.9913859525677231
0,650000,0.9920278726702957
0,650100,0.9914061709345914
0,650200,0.9915447927911106
0,650300,0.9846235194317127
0,650400,0.9920297105895582
0,650500,0.9915447927911106
0,650600,0.9855607910366597
0,650700,0.9921723275649427
0,650800,0.9920278726702957
0,650900,0.9920278726702957
0,651000,0.9921723275649427
0,651100,0.9921723275649427
0,651200,0.9918639675354228
0,651300,0.9915447927911106
0,651400,0.9927432944987234
0,651500,0.9926100952798462
0,651600,0.992042457252035
0,651700,0.9915447927911106
0,651800,0.9918639675354228
0,651900,0.9855607910366597
0,652000,0.9919621297181521
0,652100,0.9919621297181521
0,652200,0.9923195237178113
0,652300,0.992329400906834
0,652400,0.9924646265567688
0,652500,0.9914061709345914
0,652600,0.9920297105895582
0,652700,0.991447683435255
0,652800,0.9919621297181521
0,652900,0.9856003665374213
0,653000,0.9913900678952481
0,653100,0.9843441789613602
0,653200,0.9916888399068506
0,653300,0.9915447927911106
0,653400,0.9915447927911106
0,653500,0.9855607910366597
0,653600,0.9934158845648982
0,653700,0.992329400906834
0,653800,0.991447683435255
0,653900,0.9844419963274104
0,654000,0.9919621297181521
0,654100,0.9919621297181521
0,654200,0.992042457252035
0,654300,0.9922845527747467
0,654400,0.9922845527747467
0,654500,0.9921962813481952
0,654600,0.9916888399068506
0,654700,0.9921008010621788
0,654800,0.9929825658350351
0,654900,0.9921962813481952
0,655000,0.9929825658350351
0,655100,0.992110427650216
0,655200,0.9919476447113589
0,655300,0.9921008010621788
0,655400,0.9922715528402614
0,655500,0.9922845527747467
0,655600,0.9915447927911106
0,655700,0.9919621297181521
0,655800,0.9902470508555716
0,655900,0.9910707096800301
0,656000,0.9910073249618448
0,656100,0.9858449045394924
0,656200,0.9926100952798462
0,656300,0.9915447927911106
0,656400,0.9915447927911106
0,656500,0.9915627483164957
0,656600,0.9858267104082892
0,656700,0.9923078555314736
0,656800,0.9919621297181521
0,656900,0.9928183022418177
0,657000,0.9921962813481952
0,657100,0.9920465649776715
0,657200,0.9837123125597861
0,657300,0.9921129917819382
0,657400,0.9927905369667954
0,657500,0.9918659377903334
0,657600,0.9918659377903334
0,657700,0.9917287258159744
0,657800,0.9843226066401709
0,657900,0.992110427650216
0,658000,0.992110427650216
0,658100,0.9843226066401709
0,658200,0.9927905369667954
0,658300,0.9847427025632759
0,658400,0.9921657166298066
0,658500,0.992599026985912
0,658600,0.9927260376385009
0,658700,0.98468793165704
0,658800,0.9920246272432662
0,658900,0.992246995819324
0,659000,0.9847427025632759
0,659100,0.9910905581612276
0,659200,0.9926103080346218
0,659300,0.9927260376385009
0,659400,0.9847427025632759
0,659500,0.9920246272432662
0,659600,0.9927446759488424
0,659700,0.9921657166298066
0,659800,0.9923488102731235
0,659900,0.9935375885343568
0,660000,0.9928254691930097
0,660100,0.9921657166298066
0,660200,0.9927965053155027
0,660300,0.9923875245889636
0,660400,0.9854201390810191
0,660500,0.9924922856466183
0,660600,0.9856591986657477
0,660700,0.9855659778432695
0,660800,0.9922013698885366
0,660900,0.9923875245889636
0,661000,0.9927987456362812
0,661100,0.9923875245889636
0,661200,0.9924276129237781
0,661300,0.9923181433223328
0,661400,0.9854201390810191
0,661500,0.9922013698885366
0,661600,0.9931258305097741
0,661700,0.9858701881891491
0,661800,0.9922943377688008
0,661900,0.9865154001289603
0,662000,0.991970372562593
0,662100,0.9931276659669702
0,662200,0.9871893722191242
0,662300,0.9839716173218389
0,662400,0.9930100043615138
0,662500,0.9930100043615138
0,662600,0.984161444040392
0,662700,0.99353073663496
0,662800,0.9932309705553413
0,662900,0.9929793690302043
0,663000,0.9927136630437986
0,663100,0.9928734072507714
0,663200,0.9864941932092264
0,663300,0.9876391091036943
0,663400,0.9923168207657899
0,663500,0.98732046764427
0,663600,0.9927136630437986
0,663700,0.9931258305097741
0,663800,0.9865154001289603
0,663900,0.9863080630487885
0,664000,0.9923681466634076
0,664100,0.9866069484490402
0,664200,0.9927136630437986
0,664300,0.9838025464246193
0,664400,0.9933201815750308
0,664500,0.9840448804126134
0,664600,0.9840721348199409
0,664700,0.9929769407333885
0,664800,0.9923843139449416
0,664900,0.9930928712194657
0,665000,0.9932620501175462
0,665100,0.9930928712194657
0,665200,0.9927640506881058
0,665300,0.9927640506881058
0,665400,0.9936559068588547
0,665500,0.993247278425197
0,665600,0.9863080630487885
0,665700,0.9929513564241353
0,665800,0.9929513564241353
0,665900,0.9877383262987328
0,666000,0.9871553189462564
0,666100,0.9932157161266078
0,666200,0.9927136630437986
0,666300,0.9927136630437986
0,666400,0.9932691305166449
0,666500,0.9928734072507714
0,666600,0.986651704941086
0,666700,0.9933201815750308
0,666800,0.9936461764489792
0,666900,0.9927136630437986
0,667000,0.9927136630437986
0,667100,0.9931276659669702
0,667200,0.9840448804126134
0,667300,0.9928290300721971
0,667400,0.9916277922939782
0,667500,0.9858331362492452
0,667600,0.9931258305097741
0,667700,0.993247278425197
0,667800,0.9927136630437986
0,667900,0.986651704941086
0,668000,0.9838025464246193
0,668100,0.9863080630487885
0,668200,0.986651704941086
0,668300,0.9865258237871465
0,668400,0.9918838169650956
0,668500,0.9928734072507714
0,668600,0.9863080630487885
0,668700,0.9865258237871465
0,668800,0.9856689715408762
0,668900,0.9856689715408762
0,669000,0.9927815848057229
0,669100,0.9927256066872712
0,669200,0.9855748726149587
0,669300,0.9927256066872712
0,669400,0.9858331362492452
0,669500,0.9933389428498347
0,669600,0.9941800889443224
0,669700,0.9932148289616607
0,669800,0.9931673108127445
0,669900,0.9926228481907221
0,670000,0.9936523170800436
0,670100,0.9900298807810386
0,670200,0.9889619988327208
0,670300,0.9848948724521178
0,670400,0.9932148289616607
0,670500,0.9855438110392465
0,670600,0.9931258305097741
0,670700,0.993037141710842
0,670800,0.9931829391501631
0,670900,0.98369620373425
0,671000,0.9865258237871465
0,671100,0.993358219671428
0,671200,0.9932620501175462
0,671300,0.987117801975738
0,671400,0.993358219671428
0,671500,0.9845806233084657
0,671600,0.9927977837247378
0,671700,0.993074350852432
0,671800,0.9847805200199139
0,671900,0.9927977837247378
0,672000,0.9933951678226576
0,672100,0.9932620501175462
0,672200,0.9932620501175462
0,672300,0.986755974283373
0,672400,0.9931829391501631
0,672500,0.9930504256143843
0,672600,0.9865258237871465
0,672700,0.9927305375588094
0,672800,0.9923875245889636
0,672900,0.9930674288358091
0,673000,0.9927256066872712
0,673100,0.9927305375588094
0,673200,0.9859650853767746
0,673300,0.9927305375588094
0,673400,0.9921090325103511
0,673500,0.9927569803036267
0,673600,0.9922686295883132
0,673700,0.985605534476128
0,673800,0.9931673108127445
0,673900,0.9856761099591802
0,674000,0.985605534476128
0,674100,0.9925400173994819
0,674200,0.9925400173994819
0,674300,0.9927626561843406
0,674400,0.9925400173994819
0,674500,0.9927626561843406
0,674600,0.9919339031842783
0,674700,0.9916648306041116
0,674800,0.9921344143360635
0,674900,0.9873938167349998
0,675000,0.9915310390529978
0,675100,0.9916648306041116
0,675200,0.9846750070195444
0,675300,0.9914241366415546
0,675400,0.9922668529404887
0,675500,0.9922053323112112
0,675600,0.9916648306041116
0,675700,0.9849719434967213
0,675800,0.99134275930762
0,675900,0.99134275930762
0,676000,0.9915602388276125
0,676100,0.9916648306041116
0,676200,0.9922053323112112
0,676300,0.9881751177893374
0,676400,0.9916648306041116
0,676500,0.9923781322667328
0,676600,0.9922053323112112
0,676700,0.9913350816087251
0,676800,0.9922053323112112
0,676900,0.9916648306041116
0,677000,0.9916648306041116
0,677100,0.9890768674754126
0,677200,0.991507128040168
0,677300,0.991507128040168
0,677400,0.9913016670666849
0,677500,0.9846866600854715
0,677600,0.9925400173994819
0,677700,0.9913610786944782
0,677800,0.9914138662812659
0,677900,0.9916648306041116
0,678000,0.9849719434967213
0,678100,0.9927237732524121
0,678200,0.9906998787672294
0,678300,0.9855748726149587
0,678400,0.9908261647572428
0,678500,0.9922876192861525
0,678600,0.9922064964690956
0,678700,0.9855497132497492
0,678800,0.9924600762735699
0,678900,0.9919333765020523
0,679000,0.9921322551249605
0,679100,0.9909758150414814
0,679200,0.9894800096704245
0,679300,0.9917283505692701
0,679400,0.9923875245889636
0,679500,0.9923875245889636
0,679600,0.9917694704143853
0,679700,0.9874558130526894
0,679800,0.9907151296343155
0,679900,0.9924126623473727
0,680000,0.9893914729664266
0,680100,0.99321218969517
0,680200,0.9923087149395506
0,680300,0.9858331362492452
0,680400,0.9924584519492319
0,680500,0.991985481397956
0,680600,0.9917790300858144
0,680700,0.9916090969471792
0,680800,0.9923875245889636
0,680900,0.9923875245889636
0,681000,0.9914079228311045
0,681100,0.9855977796647244
0,681200,0.9923875245889636
0,681300,0.9916053241010412
0,681400,0.9917790300858144
0,681500,0.9914869924094026
0,681600,0.9855977796647244
0,681700,0.9916090969471792
0,681800,0.9918936347291826
0,681900,0.9855977796647244
0,682000,0.9912732783419855
0,682100,0.9918936347291826
0,682200,0.9917790300858144
0,682300,0.991985481397956
0,682400,0.9858453860280406
0,682500,0.9924235018758859
0,682600,0.9914869924094026
0,682700,0.9854210491856591
0,682800,0.985348554662057
0,682900,0.9907014661384641
0,683000,0.9914138662812659
0,683100,0.985348554662057
0,683200,0.9855977796647244
0,683300,0.9851043209473094
0,683400,0.9916648306041116
0,683500,0.9846283621490529
0,683600,0.9850055622182013
0,683700,0.9913350816087251
0,683800,0.9846283621490529
0,683900,0.9910412189700819
0,684000,0.9916285127627187
0,684100,0.9917828553814988
0,684200,0.9917472808206277
0,684300,0.9854210491856591
0,684400,0.9917790300858144
0,684500,0.9923875245889636
0,684600,0.9925862236667571
0,684700,0.9860061163522382
0,684800,0.9838258929969252
0,684900,0.9926598627470714
0,685000,0.9911871507764048
0,685100,0.9888274205444111
0,685200,0.992767508666365
0,685300,0.992767508666365
0,685400,0.9921917749662652
0,685500,0.9913198297265571
0,685600,0.9926598627470714
0,685700,0.9915814988911273
0,685800,0.9917656677415797
0,685900,0.9842371097026941
0,686000,0.9918379197506241
0,686100,0.984142230287593
0,686200,0.9922273750094995
0,686300,0.9839885895445463
0,686400,0.9839885895445463
0,686500,0.992764751807889
0,686600,0.9917787872375211
0,686700,0.9917668306541397
0,686800,0.9921507613068181
0,686900,0.9922230114472093
0,687000,0.992532570771711
0,687100,0.9850483930914817
0,687200,0.9920937624376468
0,687300,0.9922230114472093
0,687400,0.9850483930914817
0,687500,0.9920937624376468
0,687600,0.9921917749662652
0,687700,0.9919240806055046
0,687800,0.9846319599446552
0,687900,0.9919384438465726
0,688000,0.9846319599446552
0,688100,0.9919384438465726
0,688200,0.9917656677415797
0,688300,0.9838258929969252
0,688400,0.9924895816571291
0,688500,0.9920350952750333
0,688600,0.9916610826814406
0,688700,0.9838258929969252
0,688800,0.9916875756828956
0,688900,0.9921461291522463
0,689000,0.9919982216256366
0,689100,0.9838258929969252
0,689200,0.9919748906675153
0,689300,0.9840009550243012
0,689400,0.984142230287593
0,689500,0.9840009550243012
0,689600,0.9922089148888272
0,689700,0.9922836211148967
0,689800,0.993356999672252
0,689900,0.9848199743586727
0,690000,0.9918021932031247
0,690100,0.9918021932031247
0,690200,0.9853798792297209
0,690300,0.9925070708607009
0,690400,0.9932835795584669
0,690500,0.9935605084600639
0,690600,0.9918048783868265
0,690700,0.9927178671166861
0,690800,0.9921917749662652
0,690900,0.992201881219266
0,691000,0.9924126077132954
0,691100,0.985731747612728
0,691200,0.9852311782396966
0,691300,0.9852311782396966
0,691400,0.991403426330721
0,691500,0.9852311782396966
0,691600,0.9919098269152204
0,691700,0.9915769602623067
0,691800,0.9848199743586727
0,691900,0.992532570771711
0,692000,0.9927881263670633
0,692100,0.9848199743586727
0,692200,0.9891937627536389
0,692300,0.9848199743586727
0,692400,0.992532570771711
0,692500,0.9852311782396966
0,692600,0.9920523508331102
0,692700,0.9927682667693399
0,692800,0.992201881219266
0,692900,0.9926761718970825
0,693000,0.992201881219266
0,693100,0.9878149424783659
0,693200,0.990932635391474
0,693300,0.992532570771711
0,693400,0.9925155842873091
0,693500,0.9931083403730381
0,693600,0.984979896808857
0,693700,0.992532570771711
0,693800,0.9922274807462791
0,693900,0.985731747612728
0,694000,0.992532570771711
0,694100,0.9930331116279635
0,694200,0.9922087047875747
0,694300,0.9922273750094995
0,694400,0.9922087047875747
0,694500,0.9922274807462791
0,694600,0.985731747612728
0,694700,0.9858707678581285
0,694800,0.9932064269068092
0,694900,0.985731747612728
0,695000,0.992858232854224
0,695100,0.9922274807462791
0,695200,0.9915329574027182
0,695300,0.9922144243347896
0,695400,0.9925684344460507
0,695500,0.9926650002000207
0,695600,0.9922516370221273
0,695700,0.9926761718970825
0,695800,0.9925155842873091
0,695900,0.9922274807462791
0,696000,0.9931077820061726
0,696100,0.9931077820061726
0,696200,0.9922274807462791
0,696300,0.9919592527273512
0,696400,0.9927839989420684
0,696500,0.992201881219266
0,696600,0.9926257775938133
0,696700,0.985731747612728
0,696800,0.985731747612728
0,696900,0.992532570771711
0,697000,0.9935135503206339
0,697100,0.9844809572062171
0,697200,0.9920390768127313
0,697300,0.9930351356027406
0,697400,0.9931001485034526
0,697500,0.9922144243347896
0,697600,0.9854636560191284
0,697700,0.992638609939464
0,697800,0.9854636560191284
0,697900,0.9925443310635819
0,698000,0.9933282459075767
0,698100,0.9930351356027406
0,698200,0.9931470203763099
0,698300,0.985907989515022
0,698400,0.9937970001253229
0,698500,0.9926077276943256
0,698600,0.9931470203763099
0,698700,0.9824249115692928
0,698800,0.985907989515022
0,698900,0.9842494508499137
0,699000,0.9929941873308687
0,699100,0.993418404545792
0,699200,0.9843147321462377
0,699300,0.9854636560191284
0,699400,0.9857392880380987
0,699500,0.9927084707911162
0,699600,0.9840063365510111
0,699700,0.9858822607163601
0,699800,0.9922144243347896
0,699900,0.9926947755991773
0,700000,0.992957387146159
0,700100,0.9931470203763099
0,700200,0.9932335309593995
0,700300,0.9939829022038863
0,700400,0.9837271815455457
0,700500,0.9855584109030392
0,700600,0.9931001485034526
0,700700,0.9928744528795608
0,700800,0.9817988222175836
0,700900,0.9927084707911162
0,701000,0.9931390218643703
0,701100,0.9821870989883402
0,701200,0.9820955510161841
0,701300,0.9934204748559103
0,701400,0.9933043398488358
0,701500,0.9934204748559103
0,701600,0.9933786912359088
0,701700,0.9839878472027062
0,701800,0.9931737395647102
0,701900,0.9933712828153616
0,702000,0.9933712828153616
0,702100,0.9938707894254406
0,702200,0.9933712828153616
0,702300,0.9933522652153594
0,702400,0.9933712828153616
0,702500,0.992321089420782
0,702600,0.9938707894254406
0,702700,0.9926935033525692
0,702800,0.9831947943786573
0,702900,0.9938707894254406
0,703000,0.9933712828153616
0,703100,0.9933786912359088
0,703200,0.9931878027556024
0,703300,0.9926601602067262
0,703400,0.9933712828153616
0,703500,0.9838290173994136
0,703600,0.9933522652153594
0,703700,0.9831947943786573
0,703800,0.9932055640104366
0,703900,0.9837635532719654
0,704000,0.9934204748559103
0,704100,0.9934204748559103
0,704200,0.9860195643508629
0,704300,0.9842494508499137
0,704400,0.9820955510161841
0,704500,0.9928744528795608
0,704600,0.9931501419988776
0,704700,0.9932884722397731
0,704800,0.992777510946606
0,704900,0.9842494508499137
0,705000,0.9931501419988776
0,705100,0.9924545248629938
0,705200,0.9830540136797289
0,705300,0.9937905360185268
0,705400,0.9935759814743722
0,705500,0.9841690671967425
0,705600,0.9934204748559103
0,705700,0.9934204748559103
0,705800,0.9841690671967425
0,705900,0.9842494508499137
0,706000,0.9931501419988776
0,706100,0.9841690671967425
0,706200,0.9931501419988776
0,706300,0.9934204748559103
0,706400,0.9934204748559103
0,706500,0.9931501419988776
0,706600,0.9887653058293105
0,706700,0.9821870989883402
0,706800,0.9821870989883402
0,706900,0.992777510946606
0,707000,0.9924813366065661
0,707100,0.9847871874633586
0,707200,0.993418404545792
0,707300,0.9930900080660277
0,707400,0.9936010594577751
0,707500,0.9936010594577751
0,707600,0.9932600966060441
0,707700,0.9922602283261746
0,707800,0.9854636560191284
0,707900,0.9854636560191284
0,708000,0.9932600966060441
0,708100,0.9926488810510746
0,708200,0.9936010594577751
0,708300,0.9932600966060441
0,708400,0.9857392880380987
0,708500,0.9929014112813815
0,708600,0.9822576695167335
0,708700,0.9937905360185268
0,708800,0.9937905360185268
0,708900,0.9831947943786573
0,709000,0.9937905360185268
0,709100,0.9833877580990953
0,709200,0.9932884722397731
0,709300,0.9821870989883402
0,709400,0.9857392880380987
0,709500,0.9936895194724709
0,709600,0.9923917512033763
0,709700,0.9857392880380987
0,709800,0.9929504771351559
0,709900,0.9851100268010001
0,710000,0.9931001485034526
0,710100,0.9931001485034526
0,710200,0.9862685181509055
0,710300,0.9854636560191284
0,710400,0.9926488810510746
0,710500,0.9930900080660277
0,710600,0.9854636560191284
0,710700,0.9926488810510746
0,710800,0.9855584109030392
0,710900,0.9854636560191284
0,711000,0.9854362922997704
0,711100,0.9929153797859489
0,711200,0.9931585775154892
0,711300,0.9851888947045168
0,711400,0.9851888947045168
0,711500,0.9850035979210349
0,711600,0.9929719897668648
0,711700,0.9927636942078937
0,711800,0.9851888947045168
0,711900,0.9925461945579193
0,712000,0.9854636560191284
0,712100,0.9849559894241986
0,712200,0.9926488810510746
0,712300,0.9891143411214299
0,712400,0.9924960595376316
0,712500,0.9931147130357576
0,712600,0.9928116938120293
0,712700,0.9845691043531843
0,712800,0.993213611709351
0,712900,0.9927636942078937
0,713000,0.9927636942078937
0,713100,0.9924960595376316
0,713200,0.9841881282151083
0,713300,0.9926598627470714
0,713400,0.9917163681881241
0,713500,0.9841881282151083
0,713600,0.9927614058739352
0,713700,0.9844106340148197
0,713800,0.9926440604832608
0,713900,0.9921628772004554
0,714000,0.9851888947045168
0,714100,0.9931295026227366
0,714200,0.9931001485034526
0,714300,0.9924798301967954
0,714400,0.9930507776200921
0,714500,0.9842494508499137
0,714600,0.9932884722397731
0,714700,0.985907989515022
0,714800,0.9933377364522609
0,714900,0.9821870989883402
0,715000,0.9943322666793433
0,715100,0.9931586121680593
0,715200,0.983370443330061
0,715300,0.9928744528795608
0,715400,0.9927084707911162
0,715500,0.9932802305778518
0,715600,0.9926889322143061
0,715700,0.981526644092571
0,715800,0.9924798301967954
0,715900,0.9851100268010001
0,716000,0.9926889322143061
0,716100,0.9933377364522609
0,716200,0.9842494508499137
0,716300,0.985907989515022
0,716400,0.9932884722397731
0,716500,0.9937905360185268
0,716600,0.9935759814743722
0,716700,0.9932993613831002
0,716800,0.9833877580990953
0,716900,0.9937905360185268
0,717000,0.9932993613831002
0,717100,0.99390618958677
0,717200,0.9836020624992802
0,717300,0.9935096098626597
0,717400,0.9885442678064867
0,717500,0.9937768016593008
0,717600,0.9837721285281542
0,717700,0.9939511405948732
0,717800,0.9836020624992802
0,717900,0.9937768016593008
0,718000,0.9929979328310228
0,718100,0.9933052591825928
0,718200,0.9843769287399673
0,718300,0.9823915698038741
0,718400,0.982063224299443
0,718500,0.9931586121680593
0,718600,0.9931586121680593
0,718700,0.9849408008669807
0,718800,0.9931586121680593
0,718900,0.9931586121680593
0,719000,0.985907989515022
0,719100,0.9929392014593131
0,719200,0.9835638977761645
0,719300,0.9933377364522609
0,719400,0.9851100268010001
0,719500,0.9851100268010001
0,719600,0.9903790771530204
0,719700,0.9857486083263455
0,719800,0.9931586121680593
0,719900,0.9840846197649172
0,720000,0.9933377364522609
0,720100,0.9823915698038741
0,720200,0.9823915698038741
0,720300,0.9933377364522609
0,720400,0.9933377364522609
0,720500,0.9935793615089766
0,720600,0.9932884722397731
0,720700,0.9840763150611342
0,720800,0.9936240095274275
0,720900,0.9937181198736523
0,721000,0.9927084707911162
0,721100,0.9929392014593131
0,721200,0.9905744885946564
0,721300,0.9937181198736523
0,721400,0.9927084707911162
0,721500,0.9940204952181346
0,721600,0.9940094921002604
0,721700,0.9851100268010001
0,721800,0.9854797640252465
0,721900,0.9933377364522609
0,722000,0.993315696078038
0,722100,0.993843279280267
0,722200,0.993224455340833
0,722300,0.993843279280267
0,722400,0.9938779009341069
0,722500,0.9850329975874854
0,722600,0.9915364441670346
0,722700,0.9933522652153594
0,722800,0.9931554165215403
0,722900,0.9932194889890085
0,723000,0.9932194889890085
0,723100,0.9944188989830495
0,723200,0.9942137854284719
0,723300,0.9942137854284719
0,723400,0.9937183778463524
0,723500,0.9930081374401009
0,723600,0.9942850898506057
0,723700,0.9938410665504285
0,723800,0.9938440412965113
0,723900,0.9940775509880543
0,724000,0.9935547877527384
0,724100,0.9843263944848587
0,724200,0.9880074270201099
0,724300,0.9938440412965113
0,724400,0.9938440412965113
0,724500,0.9843263944848587
0,724600,0.9890142275448803
0,724700,0.9845199765763507
0,724800,0.9944563690292431
0,724900,0.9942454642031504
0,725000,0.9945032518200964
0,725100,0.9933638826487813
0,725200,0.986422742628813
0,725300,0.9943042939775207
0,725400,0.9936920223806057
0,725500,0.9937611805123453
0,725600,0.9935547877527384
0,725700,0.9943279920267095
0,725800,0.9938350686011527
0,725900,0.993643917939036
0,726000,0.9943378098665988
0,726100,0.994178938608167
0,726200,0.9855861096391533
0,726300,0.9946118013809512
0,726400,0.9938432055434755
0,726500,0.9946118013809512
0,726600,0.9941435963629354
0,726700,0.9941435963629354
0,726800,0.9853928721911993
0,726900,0.993866716265934
0,727000,0.9941435963629354
0,727100,0.9941435963629354
0,727200,0.9943305653270591
0,727300,0.9943305653270591
0,727400,0.9921869412201351
0,727500,0.9912539555166674
0,727600,0.9939127495013601
0,727700,0.9946118013809512
0,727800,0.9946370991088835
0,727900,0.9850227952700267
0,728000,0.994044010514356
0,728100,0.9849218666937611
0,728200,0.9943305653270591
0,728300,0.9933805847023752
0,728400,0.9849218666937611
0,728500,0.9845199765763507
0,728600,0.9939989280812075
0,728700,0.9861775883386628
0,728800,0.9940094411855918
0,728900,0.993643917939036
0,729000,0.9946916756913283
0,729100,0.9927041684825056
0,729200,0.9936361589327106
0,729300,0.993428438965256
0,729400,0.993643917939036
0,729500,0.9936361589327106
0,729600,0.994423437527774
0,729700,0.9920265559460125
0,729800,0.9904732200539691
0,729900,0.9948981882819049
0,730000,0.994245677725608
0,730100,0.9942446867369479
0,730200,0.9946118013809512
0,730300,0.994245677725608
0,730400,0.9945995631066242
0,730500,0.9942446867369479
0,730600,0.9942041250984057
0,730700,0.994298840823642
0,730800,0.994245677725608
0,730900,0.9948981882819049
0,731000,0.993572692599712
0,731100,0.9943305653270591
0,731200,0.9946877756963035
0,731300,0.99428557497503
0,731400,0.9936674259344266
0,731500,0.994245677725608
0,731600,0.9937327141532056
0,731700,0.9936517169918145
0,731800,0.9845210483768089
0,731900,0.9939021763573386
0,732000,0.9948872208874984
0,732100,0.9940094411855918
0,732200,0.9939989280812075
0,732300,0.994423437527774
0,732400,0.9924967628469256
0,732500,0.9942663810374384
0,732600,0.9946707844754044
0,732700,0.9941008813533494
0,732800,0.9848235684878591
0,732900,0.994461968395155
0,733000,0.9948981882819049
0,733100,0.9943932517035886
0,733200,0.9943305653270591
0,733300,0.9938908126596309
0,733400,0.9943932517035886
0,733500,0.994263090970272
0,733600,0.9948872208874984
0,733700,0.9845199765763507
0,733800,0.9943932517035886
0,733900,0.9943932517035886
0,734000,0.9943932517035886
0,734100,0.9946707844754044
0,734200,0.9948872208874984
0,734300,0.994143436584548
0,734400,0.9944949774202235
0,734500,0.9943230182700891
0,734600,0.994143436584548
0,734700,0.993974098789556
0,734800,0.9942838194585464
0,734900,0.9942838194585464
0,735000,0.9918959755786535
0,735100,0.9940273909228124
0,735200,0.9946581166698577
0,735300,0.994143436584548
0,735400,0.9943279920267095
0,735500,0.9940094411855918
0,735600,0.9946916756913283
0,735700,0.99428557497503
0,735800,0.9950212770174006
0,735900,0.9943305653270591
0,736000,0.9936865194451714
0,736100,0.994947000898998
0,736200,0.994947000898998
0,736300,0.9852222298442599
0,736400,0.9938128157881636
0,736500,0.9946118013809512
0,736600,0.9945005630610794
0,736700,0.9951194766437729
0,736800,0.992700104789133
0,736900,0.9937803469849508
0,737000,0.994947000898998
0,737100,0.9948872208874984
0,737200,0.9847277392153215
0,737300,0.9946937933603043
0,737400,0.994143436584548
0,737500,0.994143436584548
0,737600,0.9945841960397904
0,737700,0.9943042939775207
0,737800,0.9946581166698577
0,737900,0.9947641345666572
0,738000,0.9861775883386628
0,738100,0.9947641345666572
0,738200,0.9946581166698577
0,738300,0.9946937933603043
0,738400,0.9864490107289915
0,738500,0.994143436584548
0,738600,0.9943279920267095
0,738700,0.994947000898998
0,738800,0.9949969350221461
0,738900,0.9952316195706531
0,739000,0.9949401483596697
0,739100,0.99428557497503
0,739200,0.9945319425327549
0,739300,0.9845199765763507
0,739400,0.994143436584548
0,739500,0.9948872208874984
0,739600,0.9948872208874984
0,739700,0.9844937385133209
0,739800,0.9917624848835057
0,739900,0.9945005630610794
0,740000,0.994947000898998
0,740100,0.9949555389415035
0,740200,0.9952316195706531
0,740300,0.9951612102653334
0,740400,0.9952921740938976
0,740500,0.9946581166698577
0,740600,0.9868443523403003
0,740700,0.9868443523403003
0,740800,0.9951704166239723
0,740900,0.9947485660987776
0,741000,0.9951222855009152
0,741100,0.9890598611028474
0,741200,0.995050560167175
0,741300,0.994947000898998
0,741400,0.9951207122314025
0,741500,0.9944918430636017
0,741600,0.9918836817343015
0,741700,0.9948834645224198
0,741800,0.9948834645224198
0,741900,0.9954617313872046
0,742000,0.9946907687556856
0,742100,0.9946810826906127
0,742200,0.9946581166698577
0,742300,0.9947641345666572
0,742400,0.9853284172056674
0,742500,0.994634507135994
0,742600,0.9949381768146456
0,742700,0.9947641345666572
0,742800,0.9947547792614807
0,742900,0.9950849167791361
0,743000,0.9947206989164076
0,743100,0.9946581166698577
0,743200,0.9941527914196918
0,743300,0.9950849167791361
0,743400,0.9947641345666572
0,743500,0.9943230182700891
0,743600,0.9943230182700891
0,743700,0.9945976406684063
0,743800,0.9945976406684063
0,743900,0.9951612102653334
0,744000,0.9941321817013555
0,744100,0.9865179880518979
0,744200,0.9938350686011527
0,744300,0.9862292825008206
0,744400,0.9947485660987776
0,744500,0.994143436584548
0,744600,0.994947000898998
0,744700,0.9946067231674005
0,744800,0.994947000898998
0,744900,0.984071092978127
0,745000,0.994947000898998
0,745100,0.9845199765763507
0,745200,0.9944761405748055
0,745300,0.9942919951135794
0,745400,0.9838301710879334
0,745500,0.9952893990357967
0,745600,0.9950903109669804
0,745700,0.9948981882819049
0,745800,0.9952893990357967
0,745900,0.9934913918904016
0,746000,0.9950903109669804
0,746100,0.9950348477586621
0,746200,0.9845210483768089
0,746300,0.9952893990357967
0,746400,0.9845472653872323
0,746500,0.9949448959814104
0,746600,0.993512802437398
0,746700,0.9953544078813158
0,746800,0.9952917394766017
0,746900,0.995302096328951
0,747000,0.9952917394766017
0,747100,0.9952917394766017
0,747200,0.9953544078813158
0,747300,0.9952178118670802
0,747400,0.9950903109669804
0,747500,0.9950903109669804
0,747600,0.9952917394766017
0,747700,0.9944924140914453
0,747800,0.9955272377940906
0,747900,0.9952319190825604
0,748000,0.9951379479586961
0,748100,0.9957696745538722
0,748200,0.9953668751182125
0,748300,0.9952319190825604
0,748400,0.9949438355253922
0,748500,0.9952319190825604
0,748600,0.9952319190825604
0,748700,0.9947306801151103
0,748800,0.9951136409561983
0,748900,0.9859409156255415
0,749000,0.9948049997311215
0,749100,0.9957696745538722
0,749200,0.9953525480066101
0,749300,0.9951828871874218
0,749400,0.9957696745538722
0,749500,0.9940530768247666
0,749600,0.9949386759193449
0,749700,0.9951257505164781
0,749800,0.9951586510721288
0,749900,0.9940556250732465
0,750000,0.9940556250732465
0,750100,0.9953525480066101
0,750200,0.99091879240409
0,750300,0.99568853963331
0,750400,0.9953525480066101
0,750500,0.9945716037535653
0,750600,0.9951586510721288
0,750700,0.9855756326249311
0,750800,0.9949386759193449
0,750900,0.9953525480066101
0,751000,0.9951747752751633
0,751100,0.9948220730413871
0,751200,0.9948220730413871
0,751300,0.9956841510202106
0,751400,0.9951830971564978
0,751500,0.9951303095146264
0,751600,0.9955257168192277
0,751700,0.9952832829341138
0,751800,0.995767932761524
0,751900,0.9955257168192277
0,752000,0.9961827984890582
0,752100,0.9957567350376473
0,752200,0.9953346206263975
0,752300,0.9916108206082624
0,752400,0.9956841510202106
0,752500,0.9949638361919172
0,752600,0.9951194031229278
0,752700,0.9948220730413871
0,752800,0.9952942679626771
0,752900,0.9958126017700776
0,753000,0.9957696745538722
0,753100,0.9950879744667473
0,753200,0.9950776660580929
0,753300,0.9955066849692191
0,753400,0.9951850024139701
0,753500,0.9880843390277289
0,753600,0.9858709809394919
0,753700,0.9950441371439394
0,753800,0.9914323461748187
0,753900,0.9937952181750095
0,754000,0.9950921425601672
0,754100,0.9955694163768607
0,754200,0.9842637539234242
0,754300,0.9952893990357967
0,754400,0.9952893990357967
0,754500,0.9942228240843406
0,754600,0.9950130040399329
0,754700,0.9950306242600013
0,754800,0.9952893990357967
0,754900,0.9950306242600013
0,755000,0.9957989448399146
0,755100,0.9948676348111556
0,755200,0.9948782227294912
0,755300,0.9950818591179512
0,755400,0.9951028618191318
0,755500,0.9948834645224198
0,755600,0.9957989448399146
0,755700,0.9951732723903248
0,755800,0.9949448959814104
0,755900,0.9952893990357967
0,756000,0.9952723356642206
0,756100,0.9911755035069526
0,756200,0.9952893990357967
0,756300,0.9952893990357967
0,756400,0.9948676348111556
0,756500,0.9954352436551814
0,756600,0.9950849167791361
0,756700,0.9950849167791361
0,756800,0.9947641345666572
0,756900,0.994949971157976
0,757000,0.9947641345666572
0,757100,0.9949321487725961
0,757200,0.9954551261312974
0,757300,0.9936801737548446
0,757400,0.9948782227294912
0,757500,0.9952547725834359
0,757600,0.9951564629137347
0,757700,0.9955562287438029
0,757800,0.9955562287438029
0,757900,0.9951028618191318
0,758000,0.9957989448399146
0,758100,0.9950262858538227
0,758200,0.9956257376820042
0,758300,0.9950995086065479
0,758400,0.9952104949857777
0,758500,0.9941218074579062
0,758600,0.9956257376820042
0,758700,0.9956555918370698
0,758800,0.9950306242600013
0,758900,0.9842176635783378
0,759000,0.9952893990357967
0,759100,0.9957989448399146
0,759200,0.9955894846135428
0,759300,0.9957989448399146
0,759400,0.9952547725834359
0,759500,0.9954352436551814
0,759600,0.99511441491216
0,759700,0.9949299791357188
0,759800,0.9951903192391879
0,759900,0.98491251863417
0,760000,0.9953750289547844
0,760100,0.9846308584122956
0,760200,0.9948972297254329
0,760300,0.9951816873810924
0,760400,0.9954105530575683
0,760500,0.9946735219458624
0,760600,0.9887472013661373
0,760700,0.9860787907109353
0,760800,0.9860787907109353
0,760900,0.9946548813635678
0,761000,0.9944422901855864
0,761100,0.9912264375370203
0,761200,0.995374476401241
0,761300,0.9953311484998802
0,761400,0.9854832495472511
0,761500,0.9934036678799962
0,761600,0.994564590134496
0,761700,0.9950563509503247
0,761800,0.9950172344505606
0,761900,0.9949156585498354
0,762000,0.9836345377504646
0,762100,0.9955429670797612
0,762200,0.99438229984771
0,762300,0.9852490147669051
0,762400,0.99491014532007
0,762500,0.9868309479795233
0,762600,0.9855431255984614
0,762700,0.9946974063037706
0,762800,0.9945336042786965
0,762900,0.9948596129232632
0,763000,0.9942510101266995
0,763100,0.9855140438943734
0,763200,0.9937151234082574
0,763300,0.994564590134496
0,763400,0.9941997265122913
0,763500,0.9854832495472511
0,763600,0.9942510101266995
0,763700,0.9890541977667897
0,763800,0.9854832495472511
0,763900,0.9854832495472511
0,764000,0.9943290826298401
0,764100,0.9868052031989182
0,764200,0.9950231666238433
0,764300,0.9868052031989182
0,764400,0.9836620315338332
0,764500,0.994826039567907
0,764600,0.9947950608613031
0,764700,0.9839514606857244
0,764800,0.994826039567907
0,764900,0.9946974063037706
0,765000,0.9834939032376292
0,765100,0.9946432330055227
0,765200,0.9951202349445786
0,765300,0.9945810571077867
0,765400,0.994885385926363
0,765500,0.9950117391720954
0,765600,0.9946420826199283
0,765700,0.9851327209209664
0,765800,0.9949365560595606
0,765900,0.9951903192391879
0,766000,0.9951868761685974
0,766100,0.9948409436407559
0,766200,0.994885385926363
0,766300,0.9953146096605089
0,766400,0.9838476368906475
0,766500,0.9859758627896361
0,766600,0.9946432330055227
0,766700,0.994473351168162
0,766800,0.994877540009605
0,766900,0.9950313251866616
0,767000,0.9947504329978534
0,767100,0.994473351168162
0,767200,0.9834457998493412
0,767300,0.9951202349445786
0,767400,0.9953146096605089
0,767500,0.9841610590103795
0,767600,0.9946432330055227
0,767700,0.9950313251866616
0,767800,0.984864790590658
0,767900,0.9848652639492667
0,768000,0.9944453106551532
0,768100,0.9868153607708675
0,768200,0.9952051665529554
0,768300,0.9848652639492667
0,768400,0.9912152790817971
0,768500,0.9944453106551532
0,768600,0.9944781434731795
0,768700,0.9944781434731795
0,768800,0.9950313251866616
0,768900,0.9950096151781762
0,769000,0.9950313251866616
0,769100,0.9950313251866616
0,769200,0.9843329395061747
0,769300,0.9948702804018026
0,769400,0.9852531423826475
0,769500,0.9889871702948456
0,769600,0.9951202349445786
0,769700,0.9955425019917227
0,769800,0.9914498735503037
0,769900,0.9844622599597039
0,770000,0.9958461601339342
0,770100,0.9958252259594552
0,770200,0.9953627731887357
0,770300,0.995679970423342
0,770400,0.9916442192588271
0,770500,0.9952924534960242
0,770600,0.9850624756939546
0,770700,0.9953627731887357
0,770800,0.9843860796721865
0,770900,0.9953376423978259
0,771000,0.9949291402253457
0,771100,0.9950940338828508
0,771200,0.9950940338828508
0,771300,0.9951903192391879
0,771400,0.995679970423342
0,771500,0.9951585986741471
0,771600,0.9955943198252755
0,771700,0.9848475417307381
0,771800,0.9956734585621348
0,771900,0.9956734585621348
0,772000,0.9874692533906947
0,772100,0.985918008898134
0,772200,0.9934192103450787
0,772300,0.9920075048617071
0,772400,0.9951202349445786
0,772500,0.9955425019917227
0,772600,0.9948796849178747
0,772700,0.9945810571077867
0,772800,0.9870891456487461
0,772900,0.9951202349445786
0,773000,0.9838476368906475
0,773100,0.9838476368906475
0,773200,0.9955425019917227
0,773300,0.9950186833203017
0,773400,0.9951202349445786
0,773500,0.9956734585621348
0,773600,0.9844622599597039
0,773700,0.994885385926363
0,773800,0.9958252259594552
0,773900,0.9958252259594552
0,774000,0.9954863723914547
0,774100,0.9952166099015834
0,774200,0.994885385926363
0,774300,0.9945810571077867
0,774400,0.9932149623040708
0,774500,0.9949257705864591
0,774600,0.9915472118275797
0,774700,0.9928921459757979
0,774800,0.9838476368906475
0,774900,0.9953146096605089
0,775000,0.9952404887694261
0,775100,0.9953484274178236
0,775200,0.9838479641002347
0,775300,0.9951202349445786
0,775400,0.9952404887694261
0,775500,0.9859758627896361
0,775600,0.9859758627896361
0,775700,0.9933783112104154
0,775800,0.9889498231542181
0,775900,0.9950313251866616
0,776000,0.9951494891761331
0,776100,0.9952164799459398
0,776200,0.9880354664559349
0,776300,0.9932235256251772
0,776400,0.9949965421264337
0,776500,0.9949967729627684
0,776600,0.994641720401474
0,776700,0.9853505463851006
0,776800,0.9861942319592741
0,776900,0.9940671862490682
0,777000,0.994202005952856
0,777100,0.9852955806548906
0,777200,0.9949452143465074
0,777300,0.994773032634005
0,777400,0.9861942319592741
0,777500,0.9929358360715846
0,777600,0.9929358360715846
0,777700,0.9861942319592741
0,777800,0.9948857293616473
0,777900,0.9940671862490682
0,778000,0.9946384080005581
0,778100,0.9852955806548906
0,778200,0.994604902980708
0,778300,0.995075458556305
0,778400,0.9853467920446806
0,778500,0.9851089984516233
0,778600,0.994773032634005
0,778700,0.994604902980708
0,778800,0.9924415916926106
0,778900,0.9950553357566173
0,779000,0.9861942319592741
0,779100,0.994202005952856
0,779200,0.9851089984516233
0,779300,0.9924415916926106
0,779400,0.9841336557657174
0,779500,0.9943281007187834
0,779600,0.9955067618994875
0,779700,0.994249999448224
0,779800,0.9946664818470654
0,779900,0.9948100082832595
0,780000,0.9950553357566173
0,780100,0.9949452143465074
0,780200,0.9850941201646103
0,780300,0.9947549732726335
0,780400,0.9843499670942617
0,780500,0.9940698063990504
0,780600,0.9843663611226972
0,780700,0.9843663611226972
0,780800,0.9947428404481955
0,780900,0.9947549732726335
0,781000,0.9944335530154117
0,781100,0.9940698063990504
0,781200,0.994249999448224
0,781300,0.9843579289548445
0,781400,0.9846288894698897
0,781500,0.9850941201646103
0,781600,0.9924415916926106
0,781700,0.9850941201646103
0,781800,0.9850941201646103
0,781900,0.9949658076709703
0,782000,0.9868678936691406
0,782100,0.9945493909197732
0,782200,0.9855261465824066
0,782300,0.9945493909197732
0,782400,0.9867782234902865
0,782500,0.9948219142728725
0,782600,0.9846091675503507
0,782700,0.9850941201646103
0,782800,0.9843663611226972
0,782900,0.9944781300048207
0,783000,0.9846091675503507
0,783100,0.994249999448224
0,783200,0.9888157614423799
0,783300,0.9851063570711894
0,783400,0.9936794636931519
0,783500,0.9842145326633518
0,783600,0.9884187866187308
0,783700,0.984365559774089
0,783800,0.9946318839752158
0,783900,0.9847245478422837
0,784000,0.9847245478422837
0,784100,0.9939752682829943
0,784200,0.9843663611226972
0,784300,0.9947549732726335
0,784400,0.9842145326633518
0,784500,0.9939752682829943
0,784600,0.9843771190596378
0,784700,0.9939752682829943
0,784800,0.984365559774089
0,784900,0.9938016974836598
0,785000,0.9842145326633518
0,785100,0.9843663611226972
0,785200,0.9838608144886863
0,785300,0.9946514178391589
0,785400,0.9939752682829943
0,785500,0.9947549732726335
0,785600,0.9945065060052102
0,785700,0.991993494316538
0,785800,0.9940698063990504
0,785900,0.9949259062667472
0,786000,0.9855261465824066
0,786100,0.994202005952856
0,786200,0.9940671862490682
0,786300,0.9861942319592741
0,786400,0.9947822379960402
0,786500,0.9841652902603367
0,786600,0.9856885460812825
0,786700,0.9855261465824066
0,786800,0.9943952874454164
0,786900,0.99466954483656
0,787000,0.9920389134367222
0,787100,0.993567402834355
0,787200,0.9920954203793972
0,787300,0.9936579629130695
0,787400,0.9842145326633518
0,787500,0.9843771190596378
0,787600,0.9941155649366314
0,787700,0.9843663611226972
0,787800,0.991993494316538
0,787900,0.9942632147353401
0,788000,0.9845319701786212
0,788100,0.9935508029993806
0,788200,0.9843771190596378
0,788300,0.9935508029993806
0,788400,0.9838608144886863
0,788500,0.9918135864595512
0,788600,0.9935508029993806
0,788700,0.9935508029993806
0,788800,0.9935508029993806
0,788900,0.993567402834355
0,789000,0.9843771190596378
0,789100,0.9844791892225183
0,789200,0.9916864243885313
0,789300,0.9930091071656711
0,789400,0.9859647018021369
0,789500,0.9931354913348297
0,789600,0.9908553933993389
0,789700,0.9834825529686139
0,789800,0.9934628013025737
0,789900,0.9939426546793054
0,790000,0.9939894152579902
0,790100,0.9859647018021369
0,790200,0.992992218205718
0,790300,0.9935285869169549
0,790400,0.993471497347142
0,790500,0.984262019665442
0,790600,0.9836046539586707
0,790700,0.9836046539586707
0,790800,0.9938114000262434
0,790900,0.9933190787972612
0,791000,0.9930091071656711
0,791100,0.9934624958694473
0,791200,0.9836046539586707
0,791300,0.9941494049113114
0,791400,0.992992218205718
0,791500,0.9930231218631014
0,791600,0.9931354913348297
0,791700,0.9834018857478497
0,791800,0.9834825529686139
0,791900,0.9931354913348297
0,792000,0.9929750484651879
0,792100,0.9931354913348297
0,792200,0.9929750484651879
0,792300,0.9862041219352743
0,792400,0.9934628013025737
0,792500,0.9934628013025737
0,792600,0.99322729651868
0,792700,0.9834825529686139
0,792800,0.992992218205718
0,792900,0.9842486827415722
0,793000,0.984262019665442
0,793100,0.9930091071656711
0,793200,0.9836046539586707
0,793300,0.9842486827415722
0,793400,0.9867264728233897
0,793500,0.9927647868547645
0,793600,0.9834825529686139
0,793700,0.9882804294233287
0,793800,0.9860637019067172
0,793900,0.9925040296463477
0,794000,0.9935435917454244
0,794100,0.9842596756914765
0,794200,0.9933139432194179
0,794300,0.9927647868547645
0,794400,0.9837536568609662
0,794500,0.9928233964731497
0,794600,0.9861385198332585
0,794700,0.9930069609674822
0,794800,0.9852645636558058
0,794900,0.9884736784536375
0,795000,0.9932354043544716
0,795100,0.9930069609674822
0,795200,0.9852645636558058
0,795300,0.9931904575458503
0,795400,0.9928333449290669
0,795500,0.9844609490723696
0,795600,0.9924877757624382
0,795700,0.9930512436622038
0,795800,0.9934186383356872
0,795900,0.9929968328962819
0,796000,0.9935137225518049
0,796100,0.9926403823147736
0,796200,0.9842709131325589
0,796300,0.9841451799707834
0,796400,0.9844609490723696
0,796500,0.9922479930009369
0,796600,0.9928687560095556
0,796700,0.9925601156667135
0,796800,0.9852645636558058
0,796900,0.9925610414601177
0,797000,0.9925610414601177
0,797100,0.9858446794138259
0,797200,0.9930379536804357
0,797300,0.9936991337257123
0,797400,0.9934966974210997
0,797500,0.9848063384789383
0,797600,0.9861224385976388
0,797700,0.9927820106893144
0,797800,0.9834825529686139
0,797900,0.9926288189203665
0,798000,0.9927647868547645
0,798100,0.9932091670024809
0,798200,0.992992218205718
0,798300,0.983702751347934
0,798400,0.9837508203636127
0,798500,0.9932671877568156
0,798600,0.9834825529686139
0,798700,0.9927647868547645
0,798800,0.992992218205718
0,798900,0.9927647868547645
0,799000,0.992286494184632
0,799100,0.9927647868547645
0,799200,0.984262019665442
0,799300,0.992835045209329
0,799400,0.9931897420655882
0,799500,0.9929018813981723
0,799600,0.9840091046353159
0,799700,0.9840091046353159
0,799800,0.9918477148206081
0,799900,0.9935508029993806
0,800000,0.9932599398333531
0,800100,0.9931897420655882
0,800200,0.9848098710590354
0,800300,0.9930871918069978
0,800400,0.9930871918069978
0,800500,0.9932600966060441
0,800600,0.9926243359976672
0,800700,0.9926243359976672
0,800800,0.9922164210357126
0,800900,0.9923292853848553
0,801000,0.9848098710590354
0,801100,0.9842360334334354
0,801200,0.991892813718788
0,801300,0.9925401773336371
0,801400,0.992503099569634
0,801500,0.9929617503268849
0,801600,0.9842360334334354
0,801700,0.9842360334334354
0,801800,0.9927261320090285
0,801900,0.984310871889944
0,802000,0.9923292853848553
0,802100,0.9924786305505683
0,802200,0.9927261320090285
0,802300,0.9851722079434129
0,802400,0.9929617503268849
0,802500,0.9851722079434129
0,802600,0.9930849528258944
0,802700,0.9851722079434129
0,802800,0.9932600966060441
0,802900,0.9922164210357126
0,803000,0.9842360334334354
0,803100,0.9848020169277234
0,803200,0.9847609073193874
0,803300,0.9848020169277234
0,803400,0.9919980619688684
0,803500,0.9848020169277234
0,803600,0.9926414159431437
0,803700,0.984310871889944
0,803800,0.9925566649155183
0,803900,0.9924786305505683
0,804000,0.9894646469019506
0,804100,0.9931472700118393
0,804200,0.9937905360185268
0,804300,0.9884706741266894
0,804400,0.9935594683099391
0,804500,0.9935594683099391
0,804600,0.9852275673372766
0,804700,0.9937905360185268
0,804800,0.9826500000056362
0,804900,0.9930166117866505
0,805000,0.9824885867751418
0,805100,0.9933004973623416
0,805200,0.993619226603355
0,805300,0.989199813458772
0,805400,0.9933004973623416
0,805500,0.9926390293560589
0,805600,0.9859132369497284
0,805700,0.9857392880380987
0,805800,0.9933004973623416
0,805900,0.9858924071370863
0,806000,0.985830973876847
0,806100,0.9933004973623416
0,806200,0.9927833635866619
0,806300,0.9925868655426593
0,806400,0.9928905779516074
0,806500,0.9839207330804265
0,806600,0.9932859950390209
0,806700,0.9838875419581362
0,806800,0.9844537556320775
0,806900,0.9915649312394659
0,807000,0.9837834747889622
0,807100,0.9919035516508647
0,807200,0.9917588438233202
0,807300,0.9837834747889622
0,807400,0.9927974084892951
0,807500,0.9918036389713887
0,807600,0.99265069903441
0,807700,0.9919894270766352
0,807800,0.9919894270766352
0,807900,0.9919894270766352
0,808000,0.9833802471362575
0,808100,0.9918955507243228
0,808200,0.9931354913348297
0,808300,0.9924472481449913
0,808400,0.9925575247327737
0,808500,0.9931354913348297
0,808600,0.9921982478170644
0,808700,0.9918668887029048
0,808800,0.9822160521571489
0,808900,0.9924142298770465
0,809000,0.9921082503994424
0,809100,0.9919953213399798
0,809200,0.9919953213399798
0,809300,0.9914596179997711
0,809400,0.9914935279864405
0,809500,0.9925481989944234
0,809600,0.992411807169386
0,809700,0.992411807169386
0,809800,0.9921479676874349
0,809900,0.9913833155988315
0,810000,0.9915787125549763
0,810100,0.9926170030010908
0,810200,0.991892813718788
0,810300,0.9842360334334354
0,810400,0.9911590016556259
0,810500,0.9922164210357126
0,810600,0.9922164210357126
0,810700,0.9928633048181165
0,810800,0.9927823856821069
0,810900,0.9926743032065672
0,811000,0.9926743032065672
0,811100,0.9916757078157701
0,811200,0.9920920104543364
0,811300,0.9833927440442324
0,811400,0.9920920104543364
0,811500,0.991892813718788
0,811600,0.98402459551007
0,811700,0.98402459551007
0,811800,0.9834371629585295
0,811900,0.9839166243344282
0,812000,0.9925992783676231
0,812100,0.9838875419581362
0,812200,0.9906049054268048
0,812300,0.9927823856821069
0,812400,0.9928633048181165
0,812500,0.98402459551007
0,812600,0.9920920104543364
0,812700,0.9931897420655882
0,812800,0.9931897420655882
0,812900,0.9917483840185725
0,813000,0.9831342233369872
0,813100,0.9830874370368958
0,813200,0.9927823856821069
0,813300,0.9928693371853197
0,813400,0.992107017945548
0,813500,0.98402459551007
0,813600,0.9864127194697736
0,813700,0.9924100804255177
0,813800,0.9842360334334354
0,813900,0.9922219215505714
0,814000,0.9925868655426593
0,814100,0.9850169111241966
0,814200,0.9924100804255177
0,814300,0.9927833635866619
0,814400,0.9915207450053548
0,814500,0.9842360334334354
0,814600,0.9922219215505714
0,814700,0.9850169111241966
0,814800,0.9931410967854326
0,814900,0.9925401773336371
0,815000,0.9921205272071847
0,815100,0.9922164210357126
0,815200,0.9842360334334354
0,815300,0.9933134753853805
0,815400,0.9922219215505714
0,815500,0.9927833635866619
0,815600,0.992814254558016
0,815700,0.98427727007589
0,815800,0.9934573956033926
0,815900,0.9860003448130634
0,816000,0.9931501419988776
0,816100,0.9931501419988776
0,816200,0.9931501419988776
0,816300,0.9933004973623416
0,816400,0.9851610436720314
0,816500,0.9931501419988776
0,816600,0.98427727007589
0,816700,0.98427727007589
0,816800,0.9928554464261404
0,816900,0.9881047180542808
0,817000,0.9826500000056362
0,817100,0.9928398105606695
0,817200,0.9937379872083703
0,817300,0.9822576695167335
0,817400,0.9926870607041018
0,817500,0.9937970001253229
0,817600,0.9929161391930816
0,817700,0.9933004973623416
0,817800,0.9927833635866619
0,817900,0.9926870607041018
0,818000,0.9926870607041018
0,818100,0.99331707932949
0,818200,0.9834628847119002
0,818300,0.992777510946606
0,818400,0.99331707932949
0,818500,0.99331707932949
0,818600,0.9928398105606695
0,818700,0.9931472700118393
0,818800,0.9934621958466616
0,818900,0.9834628847119002
0,819000,0.9937970001253229
0,819100,0.9921662503519685
0,819200,0.9927261320090285
0,819300,0.9833055267052455
0,819400,0.9927261320090285
0,819500,0.9910208981542455
0,819600,0.9908143900407498
0,819700,0.9929141650412281
0,819800,0.9933795190042649
0,819900,0.9933083000512445
0,820000,0.9933795190042649
0,820100,0.994051533121807
0,820200,0.9836473415858097
0,820300,0.9836473415858097
0,820400,0.9933868133846566
0,820500,0.9937905360185268
0,820600,0.9828189284107908
0,820700,0.9939214623561583
0,820800,0.9934057104126526
0,820900,0.9931251876987457
0,821000,0.9939894030761285
0,821100,0.9939702784204927
0,821200,0.9939214623561583
0,821300,0.9939214623561583
0,821400,0.9931490728150216
0,821500,0.9928398105606695
0,821600,0.9931501419988776
0,821700,0.9934533669238381
0,821800,0.9929161391930816
0,821900,0.9937787094778979
0,822000,0.9937905360185268
0,822100,0.98427727007589
0,822200,0.9934621958466616
0,822300,0.9930398015991031
0,822400,0.9822972380095523
0,822500,0.9822576695167335
0,822600,0.9833163744162482
0,822700,0.9884233716631114
0,822800,0.9822576695167335
0,822900,0.9933004973623416
0,823000,0.9843551670999018
0,823100,0.9934621958466616
0,823200,0.9824885867751418
0,823300,0.9937787094778979
0,823400,0.9937787094778979
0,823500,0.9822576695167335
0,823600,0.9937970001253229
0,823700,0.9929161391930816
0,823800,0.9933004973623416
0,823900,0.9937524218646179
0,824000,0.9930009386761756
0,824100,0.9932409177601903
0,824200,0.9839207330804265
0,824300,0.9931022685425028
0,824400,0.9846228406591626
0,824500,0.9908174915026186
0,824600,0.9933598940386321
0,824700,0.9844537556320775
0,824800,0.9844537556320775
0,824900,0.9850010399302143
0,825000,0.993245354824474
0,825100,0.9888755864265657
0,825200,0.9844537556320775
0,825300,0.9844537556320775
0,825400,0.9927393968322582
0,825500,0.9848020169277234
0,825600,0.9920669990121139
0,825700,0.9932409177601903
0,825800,0.9848020169277234
0,825900,0.9844537556320775
0,826000,0.9848256568913254
0,826100,0.9934168629633017
0,826200,0.9848020169277234
0,826300,0.9848098710590354
0,826400,0.9937524218646179
0,826500,0.9839534286384547
0,826600,0.9938780736421621
0,826700,0.9937524218646179
0,826800,0.994061415744098
0,826900,0.9843057067169176
0,827000,0.9940951496697463
0,827100,0.9929161391930816
0,827200,0.9940519439676586
0,827300,0.9831073271909707
0,827400,0.9866782955428776
0,827500,0.9937787094778979
0,827600,0.9843057067169176
0,827700,0.9934573956033926
0,827800,0.9843551670999018
0,827900,0.9940951496697463
0,828000,0.9937787094778979
0,828100,0.9934621958466616
0,828200,0.9937787094778979
0,828300,0.98427727007589
0,828400,0.9940951496697463
0,828500,0.9939491196899688
0,828600,0.9936485993455266
0,828700,0.9834920043435823
0,828800,0.9833048197264308
0,828900,0.9928029568764558
0,829000,0.9934837253107789
0,829100,0.9947271238432458
0,829200,0.9914600641063057
0,829300,0.9841503825525835
0,829400,0.9937053675914232
0,829500,0.9937053675914232
0,829600,0.9945537900846347
0,829700,0.9945537900846347
0,829800,0.9938195861065058
0,829900,0.9938643060980876
0,830000,0.9938643060980876
0,830100,0.9945537900846347
0,830200,0.9945537900846347
0,830300,0.9934837253107789
0,830400,0.9937022916876918
0,830500,0.9940775645420419
0,830600,0.9915178812823348
0,830700,0.9841072425337605
0,830800,0.9841072425337605
0,830900,0.9833130937580232
0,831000,0.9835004416507618
0,831100,0.9941240992649432
0,831200,0.9835004416507618
0,831300,0.9935161402001585
0,831400,0.9938764000112686
0,831500,0.9937577307024047
0,831600,0.9937905360185268
0,831700,0.9931490728150216
0,831800,0.9940318557472503
0,831900,0.9835342317725183
0,832000,0.9943250996105008
0,832100,0.9940318557472503
0,832200,0.9831073271909707
0,832300,0.9937787094778979
0,832400,0.9937577307024047
0,832500,0.9920788358262906
0,832600,0.9833130937580232
0,832700,0.9833130937580232
0,832800,0.993644936869616
0,832900,0.9834920043435823
0,833000,0.9940318557472503
0,833100,0.9927585858261445
0,833200,0.9833130937580232
0,833300,0.9834920043435823
0,833400,0.9941593452223431
0,833500,0.991176991128752
0,833600,0.9940649455235591
0,833700,0.9937577307024047
0,833800,0.9939214623561583
0,833900,0.9851133333806256
0,834000,0.9880685535543815
0,834100,0.9937787094778979
0,834200,0.9822972380095523
0,834300,0.9937970001253229
0,834400,0.9915600298093232
0,834500,0.98272562060934
0,834600,0.9941671634232611
0,834700,0.9937970001253229
0,834800,0.9933004973623416
0,834900,0.9822972380095523
0,835000,0.9841032789878744
0,835100,0.9940951496697463
0,835200,0.9831073271909707
0,835300,0.9925809066473372
0,835400,0.9937787094778979
0,835500,0.9937952137900009
0,835600,0.9938549285286935
0,835700,0.9940951496697463
0,835800,0.9943600007407629
0,835900,0.9841032789878744
0,836000,0.99331707932949
0,836100,0.9929161391930816
0,836200,0.9936722069423989
0,836300,0.9934167168311433
0,836400,0.9947087703219553
0,836500,0.9936722069423989
0,836600,0.9933063235424496
0,836700,0.9903620262660867
0,836800,0.993695718900562
0,836900,0.983747767511499
0,837000,0.9947508352814117
0,837100,0.9950013953883998
0,837200,0.9833761805398075
0,837300,0.9835368514641321
0,837400,0.9862050108787045
0,837500,0.9942121086344734
0,837600,0.9883993610030389
0,837700,0.9942387435351875
0,837800,0.9927585858261445
0,837900,0.9941593452223431
0,838000,0.9838243661116428
0,838100,0.9854616284087035
0,838200,0.992718915593084
0,838300,0.9942387435351875
0,838400,0.9911345814889877
0,838500,0.9905912007632801
0,838600,0.9941593452223431
0,838700,0.9941593452223431
0,838800,0.9832481562754865
0,838900,0.9941593452223431
0,839000,0.9947087703219553
0,839100,0.9834920043435823
0,839200,0.9926343313083622
0,839300,0.9943584549627842
0,839400,0.9838243661116428
0,839500,0.9943584549627842
0,839600,0.9834317737942848
0,839700,0.9940109219818494
0,839800,0.9839260734535338
0,839900,0.9937903014377594
0,840000,0.9941254679865471
0,840100,0.9945537900846347
0,840200,0.9844318680125628
0,840300,0.9946356328104937
0,840400,0.9939894030761285
0,840500,0.9904888816512668
0,840600,0.9906840899188063
0,840700,0.9900118210595129
0,840800,0.9945537900846347
0,840900,0.9941606297815682
0,841000,0.9846601876820372
0,841100,0.9887158746819297
0,841200,0.9836991635519663
0,841300,0.9939894030761285
0,841400,0.9904567490980888
0,841500,0.9943584549627842
0,841600,0.9946418749939923
0,841700,0.9941593452223431
0,841800,0.9943467238935775
0,841900,0.9945749727946315
0,842000,0.9833163744162482
0,842100,0.9943584549627842
0,842200,0.9927523318761555
0,842300,0.9943584549627842
0,842400,0.9838243661116428
0,842500,0.9933599603560801
0,842600,0.982168292907422
0,842700,0.9942030427759982
0,842800,0.9847815799495692
0,842900,0.9931832675045225
0,843000,0.9932520832646166
0,843100,0.9932520832646166
0,843200,0.9927632902897542
0,843300,0.9927632902897542
0,843400,0.9841032789878744
0,843500,0.9818247450768083
0,843600,0.9937524218646179
0,843700,0.9942241807575068
0,843800,0.9853598336504827
0,843900,0.9933993191300705
0,844000,0.9925135435567914
0,844100,0.9937970001253229
0,844200,0.9928674854562026
0,844300,0.9831073271909707
0,844400,0.9850317997635558
0,844500,0.9943250996105008
0,844600,0.9937787094778979
0,844700,0.9946489403208378
0,844800,0.9941671634232611
0,844900,0.9937787094778979
0,845000,0.9947087703219553
0,845100,0.992163730495229
0,845200,0.9945749727946315
0,845300,0.9941336489475879
0,845400,0.9943584549627842
0,845500,0.9926904819931522
0,845600,0.9947832404129678
0,845700,0.9946786734851311
0,845800,0.9945678346282745
0,845900,0.9836351661169542
0,846000,0.9843637955451674
0,846100,0.9948789935953001
0,846200,0.9843637955451674
0,846300,0.9886832345499118
0,846400,0.9948789935953001
0,846500,0.9946356328104937
0,846600,0.9948789935953001
0,846700,0.9846384541405189
0,846800,0.9942266586890821
0,846900,0.9850639017351606
0,847000,0.9948453579920667
0,847100,0.9945537900846347
0,847200,0.9945678346282745
0,847300,0.9921101446455111
0,847400,0.9945537900846347
0,847500,0.9946356328104937
0,847600,0.9901693462380233
0,847700,0.9947352084236204
0,847800,0.9869990389089147
0,847900,0.9942721818179338
0,848000,0.9945678346282745
0,848100,0.9948789935953001
0,848200,0.9836351661169542
0,848300,0.9945837439620536
0,848400,0.994673486991806
0,848500,0.9831929524483136
0,848600,0.9941593452223431
0,848700,0.9834791181864512
0,848800,0.9942358011660105
0,848900,0.993189349945304
0,849000,0.9937970001253229
0,849100,0.9937970001253229
0,849200,0.9929117861165064
0,849300,0.9838675613505353
0,849400,0.9949452143465074
0,849500,0.9943267946453924
0,849600,0.994119609755982
0,849700,0.9935957996632861
0,849800,0.9838675613505353
0,849900,0.9941344978687485
0,850000,0.9939441633057946
0,850100,0.9938780736421621
0,850200,0.9825926053089505
0,850300,0.9846383175093096
0,850400,0.9938395224312724
0,850500,0.9942241807575068
0,850600,0.9939441633057946
0,850700,0.9943600007407629
0,850800,0.9825926053089505
0,850900,0.9818247450768083
0,851000,0.9946807569978936
0,851100,0.9825926053089505
0,851200,0.9948028521654286
0,851300,0.9948028521654286
0,851400,0.9948028521654286
0,851500,0.9854384007093234
0,851600,0.994493443185005
0,851700,0.9834791181864512
0,851800,0.9916449403438696
0,851900,0.9948016644293151
0,852000,0.9834791181864512
0,852100,0.9826234360257872
0,852200,0.9826234360257872
0,852300,0.9941671634232611
0,852400,0.9948028521654286
0,852500,0.9948028521654286
0,852600,0.9948028521654286
0,852700,0.9825888390355445
0,852800,0.991142080346854
0,852900,0.9946489403208378
0,853000,0.9825888390355445
0,853100,0.9826234360257872
0,853200,0.9826234360257872
0,853300,0.9845607172186028
0,853400,0.9948028521654286
0,853500,0.9833286636661671
0,853600,0.9834920043435823
0,853700,0.9834791181864512
0,853800,0.9834791181864512
0,853900,0.992669580832824
0,854000,0.994493443185005
0,854100,0.9945749727946315
0,854200,0.994447653974417
0,854300,0.9947495643067938
0,854400,0.9944952358678737
0,854500,0.9949984762354571
0,854600,0.9946537618653633
0,854700,0.9941558047091309
0,854800,0.9941593452223431
0,854900,0.9949984762354571
0,855000,0.9838438336461652
0,855100,0.9946693784965418
0,855200,0.9949984762354571
0,855300,0.9838438336461652
0,855400,0.9841916151275266
0,855500,0.9915268922118465
0,855600,0.9949984762354571
0,855700,0.9949984762354571
0,855800,0.9844332431531069
0,855900,0.9923060679640827
0,856000,0.9949984762354571
0,856100,0.9945749727946315
0,856200,0.991158764859425
0,856300,0.992718915593084
0,856400,0.9945749727946315
0,856500,0.9944066199322549
0,856600,0.9950292848068306
0,856700,0.9841916151275266
0,856800,0.9944066199322549
0,856900,0.983609153929572
0,857000,0.9942387435351875
0,857100,0.992718915593084
0,857200,0.9945749727946315
0,857300,0.9833286636661671
0,857400,0.9829884202498315
0,857500,0.9826234360257872
0,857600,0.986061947911974
0,857700,0.9950839379232505
0,857800,0.9940654689670624
0,857900,0.9925135435567914
0,858000,0.986061947911974
0,858100,0.9853737482798764
0,858200,0.9928603710833879
0,858300,0.9946807569978936
0,858400,0.9928603710833879
0,858500,0.9949592680043647
0,858600,0.9942241807575068
0,858700,0.9838961768988749
0,858800,0.9946320638491002
0,858900,0.9943952874454164
0,859000,0.9947822379960402
0,859100,0.9945912489326959
0,859200,0.9949530566693703
0,859300,0.9940424826324468
0,859400,0.9931038468758883
0,859500,0.9949530566693703
0,859600,0.9942358011660105
0,859700,0.9943958800151684
0,859800,0.9946889686075988
0,859900,0.9828518933065592
0,860000,0.9946151700440786
0,860100,0.9946807569978936
0,860200,0.991637080813828
0,860300,0.9946807569978936
0,860400,0.9828518933065592
0,860500,0.9950676123333047
0,860600,0.9828518933065592
0,860700,0.9886355232099591
0,860800,0.9946807569978936
0,860900,0.9949530566693703
0,861000,0.9949530566693703
0,861100,0.9825888390355445
0,861200,0.9845921337493189
0,861300,0.9946807569978936
0,861400,0.9832037824150811
0,861500,0.9940705465960958
0,861600,0.9950056565555967
0,861700,0.9931330405766774
0,861800,0.9954150110433256
0,861900,0.9946807569978936
0,862000,0.9838409937062583
0,862100,0.9838409937062583
0,862200,0.9859262899796167
0,862300,0.9940226431116697
0,862400,0.9940316180369747
0,862500,0.9952640022573718
0,862600,0.9946320638491002
0,862700,0.9950258668652273
0,862800,0.9856269769640348
0,862900,0.9849736785744999
0,863000,0.9943321085928236
0,863100,0.9923075601912902
0,863200,0.9909429501949645
0,863300,0.9943698716547014
0,863400,0.9856269769640348
0,863500,0.9858689679803629
0,863600,0.9946320638491002
0,863700,0.9946807569978936
0,863800,0.9822652849804003
0,863900,0.9844615222301821
0,864000,0.995338128885379
0,864100,0.9952778264542744
0,864200,0.9838409937062583
0,864300,0.9840679656223046
0,864400,0.9947344990029996
0,864500,0.9945822504630881
0,864600,0.9858131553402951
0,864700,0.9943698716547014
0,864800,0.9856269769640348
0,864900,0.9858131553402951
0,865000,0.9950258668652273
0,865100,0.9949452143465074
0,865200,0.9945133344143504
0,865300,0.9946807569978936
0,865400,0.9845921337493189
0,865500,0.9949530566693703
0,865600,0.9933448808851106
0,865700,0.9843770833995837
0,865800,0.9845052496714355
0,865900,0.9946072597561882
0,866000,0.9948391041847146
0,866100,0.9840463441551911
0,866200,0.9949984762354571
0,866300,0.9846748105029979
0,866400,0.9840463441551911
0,866500,0.9955388803505293
0,866600,0.9954698116922773
0,866700,0.9954698116922773
0,866800,0.9923367668726477
0,866900,0.9949445670332592
0,867000,0.9856876703082903
0,867100,0.9955943198252755
0,867200,0.9950511310203601
0,867300,0.9850180551218095
0,867400,0.9850180551218095
0,867500,0.9952366469040493
0,867600,0.9952701309727694
0,867700,0.9852558121173522
0,867800,0.9954679497485374
0,867900,0.9952701309727694
0,868000,0.9859943879607089
0,868100,0.9951010896964371
0,868200,0.9956350360332439
0,868300,0.9951486841717634
0,868400,0.985908529763169
0,868500,0.9950511310203601
0,868600,0.9950712562870089
0,868700,0.9950511310203601
0,868800,0.9852558121173522
0,868900,0.9954636107844489
0,869000,0.9956439173415035
0,869100,0.9959277664485929
0,869200,0.9957628001470645
0,869300,0.9953535617962799
0,869400,0.9842656355908665
0,869500,0.9846376759376836
0,869600,0.995660991248984
0,869700,0.9952726620204062
0,869800,0.9958542283252915
0,869900,0.9958722542275977
0,870000,0.9956773518281963
0,870100,0.9953535617962799
0,870200,0.9958722542275977
0,870300,0.9959277664485929
0,870400,0.9842656355908665
0,870500,0.9846376759376836
0,870600,0.9959277664485929
0,870700,0.9958722542275977
0,870800,0.9955908097708086
0,870900,0.9956439173415035
0,871000,0.9955102806970848
0,871100,0.9959454430722402
0,871200,0.9893694945043926
0,871300,0.9943684320713807
0,871400,0.9952560422311315
0,871500,0.9955233674553585
0,871600,0.9950511310203601
0,871700,0.995092842027789
0,871800,0.9956455946352889
0,871900,0.9950192506913097
0,872000,0.9889191821236696
0,872100,0.9955147110133814
0,872200,0.9949445670332592
0,872300,0.9952404887694261
0,872400,0.9949445670332592
0,872500,0.9850180551218095
0,872600,0.995092842027789
0,872700,0.9853065189205394
0,872800,0.9950511310203601
0,872900,0.9950511310203601
0,873000,0.985908529763169
0,873100,0.9859943879607089
0,873200,0.9955233674553585
0,873300,0.9832672556120917
0,873400,0.9949243795264524
0,873500,0.9850180551218095
0,873600,0.9853065189205394
0,873700,0.9930425299889281
0,873800,0.9956350360332439
0,873900,0.9954679497485374
0,874000,0.9832672556120917
0,874100,0.9955102806970848
0,874200,0.9950898657524088
0,874300,0.9949116443835115
0,874400,0.9952799429417097
0,874500,0.9949243795264524
0,874600,0.9950712562870089
0,874700,0.9841031981116496
0,874800,0.9904996011329468
0,874900,0.9841698025754708
0,875000,0.9841698025754708
0,875100,0.9950050812551533
0,875200,0.9955128572434415
0,875300,0.9952587338934145
0,875400,0.9945678346282745
0,875500,0.9948892857667343
0,875600,0.9840463441551911
0,875700,0.9952147837333924
0,875800,0.9838476368906475
0,875900,0.9943797342763884
0,876000,0.994774670328123
0,876100,0.9945678346282745
0,876200,0.9840613135604374
0,876300,0.9831929524483136
0,876400,0.9949797732739737
0,876500,0.9838290173994136
0,876600,0.9946785289897039
0,876700,0.9942894527869565
0,876800,0.9942510101266995
0,876900,0.9946238041530051
0,877000,0.9944242342707316
0,877100,0.9952147837333924
0,877200,0.9838290173994136
0,877300,0.9938702412233524
0,877400,0.9946853215330754
0,877500,0.9941935774159529
0,877600,0.9840613135604374
0,877700,0.994678372698381
0,877800,0.9948892857667343
0,877900,0.9840613135604374
0,878000,0.9840463441551911
0,878100,0.9935930552948404
0,878200,0.9840463441551911
0,878300,0.9947770576095581
0,878400,0.9940504406693282
0,878500,0.994678372698381
0,878600,0.9840463441551911
0,878700,0.9942574218649568
0,878800,0.9947161546931704
0,878900,0.9946866985887421
0,879000,0.9946866985887421
0,879100,0.9946700612798122
0,879200,0.9868537569473045
0,879300,0.984342624910596
0,879400,0.9834939032376292
0,879500,0.9944242342707316
0,879600,0.9838166807973635
0,879700,0.9924200161657845
0,879800,0.9838166807973635
0,879900,0.9839305216727466
0,880000,0.9946460243796199
0,880100,0.9946460243796199
0,880200,0.9947531260169405
0,880300,0.9950427281470567
0,880400,0.9840413504277655
0,880500,0.9940330363643525
0,880600,0.9940330363643525
0,880700,0.9840413504277655
0,880800,0.9838166807973635
0,880900,0.9946460243796199
0,881000,0.9909308958326932
0,881100,0.9830347023981296
0,881200,0.9945739580957939
0,881300,0.9943958800151684
0,881400,0.9945739580957939
0,881500,0.9831892326424891
0,881600,0.9945725791652418
0,881700,0.9838166807973635
0,881800,0.9838166807973635
0,881900,0.9950231666238433
0,882000,0.9941957586163136
0,882100,0.9931101803465147
0,882200,0.9945739580957939
0,882300,0.9950231666238433
0,882400,0.9941957586163136
0,882500,0.9947822379960402
0,882600,0.9899441261321541
0,882700,0.9825888390355445
0,882800,0.9927144744754158
0,882900,0.9838409937062583
0,883000,0.9812574158414403
0,883100,0.9941947005875504
0,883200,0.9941942794040016
0,883300,0.9924043721829835
0,883400,0.9949452143465074
0,883500,0.9935938059562059
0,883600,0.9946320638491002
0,883700,0.9946320638491002
0,883800,0.9890238194132623
0,883900,0.9838961768988749
0,884000,0.9951106202570101
0,884100,0.9818535795342442
0,884200,0.994202005952856
0,884300,0.9838864276759146
0,884400,0.9947501639507279
0,884500,0.9815832363160383
0,884600,0.9833747348529573
0,884700,0.9946320638491002
0,884800,0.9945133344143504
0,884900,0.9838961768988749
0,885000,0.9947501639507279
0,885100,0.9940671862490682
0,885200,0.9937970001253229
0,885300,0.9838961768988749
0,885400,0.9937970001253229
0,885500,0.9927058255912165
0,885600,0.9946151700440786
0,885700,0.9828518933065592
0,885800,0.9937970001253229
0,885900,0.9937970001253229
0,886000,0.9816388911246924
0,886100,0.994202005952856
0,886200,0.9942366455096544
0,886300,0.9828518933065592
0,886400,0.9945799908001541
0,886500,0.9828955945620049
0,886600,0.9830347023981296
0,886700,0.9878763339159936
0,886800,0.9938415908292032
0,886900,0.994202005952856
0,887000,0.9941089258801726
0,887100,0.9818535795342442
0,887200,0.9875570186223069
0,887300,0.9924307359810189
0,887400,0.9946320638491002
0,887500,0.9859408726177109
0,887600,0.9835814385115016
0,887700,0.993521873234555
0,887800,0.9909615018304465
0,887900,0.9941942794040016
0,888000,0.9934565932338875
0,888100,0.9836482088233122
0,888200,0.9934565932338875
0,888300,0.9854626178525439
0,888400,0.9854626178525439
0,888500,0.9817567132187384
0,888600,0.9855261465824066
0,888700,0.9940094921002604
0,888800,0.9946151700440786
0,888900,0.9841652902603367
0,889000,0.9841652902603367
0,889100,0.9830347023981296
0,889200,0.9830540136797289
0,889300,0.985002757425668
0,889400,0.993831986297323
0,889500,0.9928847673917657
0,889600,0.9838166807973635
0,889700,0.9838166807973635
0,889800,0.9840413504277655
0,889900,0.983241921176345
0,890000,0.9830347023981296
0,890100,0.994502901695848
0,890200,0.985002757425668
0,890300,0.9939252277814268
0,890400,0.9939252277814268
0,890500,0.9830347023981296
0,890600,0.983241921176345
0,890700,0.9939847053865611
0,890800,0.9945739580957939
0,890900,0.9946151700440786
0,891000,0.9940729378566304
0,891100,0.9830347023981296
0,891200,0.9830946893353588
0,891300,0.9878346879351471
0,891400,0.9941523827127317
0,891500,0.9948375738244564
0,891600,0.9948892857667343
0,891700,0.9951305209757241
0,891800,0.9946439204525134
0,891900,0.9843020847133147
0,892000,0.9941161644148363
0,892100,0.9941161644148363
0,892200,0.9843034794480031
0,892300,0.9949128588780388
0,892400,0.9946385553750925
0,892500,0.9946439204525134
0,892600,0.9932071397161153
0,892700,0.9943669955671555
0,892800,0.9945534893020139
0,892900,0.9949748253325541
0,893000,0.9946508883120958
0,893100,0.9941161644148363
0,893200,0.984342624910596
0,893300,0.9840476435032136
0,893400,0.9913460832026061
0,893500,0.994544123975681
0,893600,0.9838166807973635
0,893700,0.9946460243796199
0,893800,0.9888902756659028
0,893900,0.994495235503364
0,894000,0.9946151700440786
0,894100,0.985002757425668
0,894200,0.9946151700440786
0,894300,0.9851973308781197
0,894400,0.9946856105973466
0,894500,0.983241921176345
0,894600,0.9838166807973635
0,894700,0.9941864156959943
0,894800,0.9840476435032136
0,894900,0.9842082382863616
0,895000,0.994544123975681
0,895100,0.988433684848427
0,895200,0.9941780693633953
0,895300,0.9842082382863616
0,895400,0.9931187189642197
0,895500,0.9941777276208303
0,895600,0.9935868265758756
0,895700,0.984342624910596
0,895800,0.992817969204576
0,895900,0.9945534893020139
0,896000,0.9861685259113584
0,896100,0.9942020484269577
0,896200,0.9945534893020139
0,896300,0.9843034794480031
0,896400,0.9941161644148363
0,896500,0.9940895259445574
0,896600,0.9843020847133147
0,896700,0.9939067807520671
0,896800,0.9933739717503832
0,896900,0.993832937408116
0,897000,0.984342624910596
0,897100,0.9942579964247362
0,897200,0.9846457096615583
0,897300,0.9945375218100245
0,897400,0.9941467912513577
0,897500,0.9947853480664927
0,897600,0.9941161644148363
0,897700,0.9945749990922079
0,897800,0.9945082758871722
0,897900,0.9949748253325541
0,898000,0.9940895259445574
0,898100,0.9945082758871722
0,898200,0.9847837642812798
0,898300,0.9908955476550045
0,898400,0.9847837642812798
0,898500,0.9847837642812798
0,898600,0.9943667509225995
0,898700,0.9846496253212076
0,898800,0.9946091752996676
0,898900,0.994243568423117
0,899000,0.9945082758871722
0,899100,0.9845183037648518
0,899200,0.994746875456167
0,899300,0.9942509286776177
0,899400,0.9942614604369614
0,899500,0.984342624910596
0,899600,0.9941523827127317
0,899700,0.9940272916878019
0,899800,0.9940272916878019
0,899900,0.9951305209757241
0,900000,0.9946026860369971
0,900100,0.9945518258168592
0,900200,0.9945518258168592
0,900300,0.9943057429379435
0,900400,0.994544123975681
0,900500,0.9943057429379435
0,900600,0.9946856105973466
0,900700,0.9937181198736523
0,900800,0.9832484159313615
0,900900,0.9832484159313615
0,901000,0.9934388846584253
0,901100,0.9941864156959943
0,901200,0.9945518258168592
0,901300,0.9943057429379435
0,901400,0.9948875463653245
0,901500,0.9937181198736523
0,901600,0.9939785136477787
0,901700,0.9937181198736523
0,901800,0.985002757425668
0,901900,0.9946856105973466
0,902000,0.9944788630267232
0,902100,0.9855261465824066
0,902200,0.9925778201503722
0,902300,0.9855261465824066
0,902400,0.993763554327103
0,902500,0.9941089258801726
0,902600,0.9838409937062583
0,902700,0.9854626178525439
0,902800,0.9853630523807452
0,902900,0.9939081508132249
0,903000,0.9910233387527373
0,903100,0.9839062855611646
0,903200,0.985111383980947
0,903300,0.9940018608276612
0,903400,0.9847964527247982
0,903500,0.994150286387383
0,903600,0.9847964527247982
0,903700,0.9922609443585105
0,903800,0.9843533712982226
0,903900,0.993962022690239
0,904000,0.9932568720420234
0,904100,0.983266332608926
0,904200,0.9938757793226127
0,904300,0.9937297403523037
0,904400,0.9938757793226127
0,904500,0.9936842467806086
0,904600,0.9830879187505172
0,904700,0.9935305130701104
0,904800,0.9938757793226127
0,904900,0.9922522983836152
0,905000,0.9927165735593377
0,905100,0.9929392280136765
0,905200,0.9927165735593377
0,905300,0.9939507688540739
0,905400,0.9935626365822782
0,905500,0.9938757793226127
0,905600,0.9830879187505172
0,905700,0.9830879187505172
0,905800,0.9934628013025737
0,905900,0.9933104751308245
0,906000,0.9938757793226127
0,906100,0.9938757793226127
0,906200,0.9933104751308245
0,906300,0.983266332608926
0,906400,0.9933104751308245
0,906500,0.9934628013025737
0,906600,0.9933104751308245
0,906700,0.9833503425238144
0,906800,0.9833503425238144
0,906900,0.9833503425238144
0,907000,0.9842252836775899
0,907100,0.9925223926376303
0,907200,0.9941732952607458
0,907300,0.9944595660757842
0,907400,0.9849736785744999
0,907500,0.9934596724841872
0,907600,0.985111383980947
0,907700,0.9941732952607458
0,907800,0.9842252836775899
0,907900,0.993208468121169
0,908000,0.9934432535015978
0,908100,0.9941732952607458
0,908200,0.9936502709139914
0,908300,0.9935002109200196
0,908400,0.993962022690239
0,908500,0.993370379709678
0,908600,0.9849736785744999
0,908700,0.9922726882013791
0,908800,0.9940018608276612
0,908900,0.9843495162719519
0,909000,0.9843495162719519
0,909100,0.9932565699910524
0,909200,0.9843337698324676
0,909300,0.9932565699910524
0,909400,0.9940018608276612
0,909500,0.9940018608276612
0,909600,0.993943459529728
0,909700,0.9935657116346216
0,909800,0.9935580520961408
0,909900,0.9927856591405033
0,910000,0.993542760769536
0,910100,0.9853630523807452
0,910200,0.9938719712644706
0,910300,0.9855604024661341
0,910400,0.9850518567493945
0,910500,0.9923469157687486
0,910600,0.9855604024661341
0,910700,0.993812173463389
0,910800,0.9820226997969934
0,910900,0.986651089514555
0,911000,0.9830347023981296
0,911100,0.9858328355784238
0,911200,0.986543479613801
0,911300,0.9944231424585742
0,911400,0.9941780693633953
0,911500,0.9941780693633953
0,911600,0.9840364797600026
0,911700,0.9873088348588743
0,911800,0.99390618958677
0,911900,0.9840476435032136
0,912000,0.9945534893020139
0,912100,0.984342624910596
0,912200,0.984342624910596
0,912300,0.9945534893020139
0,912400,0.9926675136001524
0,912500,0.9950951864978076
0,912600,0.9843034794480031
0,912700,0.9949689699012058
0,912800,0.9945375218100245
0,912900,0.995092842027789
0,913000,0.9940984421479129
0,913100,0.9854481685413372
0,913200,0.9946055570443472
0,913300,0.9857761178603868
0,913400,0.9944533028853502
0,913500,0.9950511310203601
0,913600,0.9945683509949846
0,913700,0.9948664883297462
0,913800,0.9943667509225995
0,913900,0.9938558200925464
0,914000,0.9886899534927861
0,914100,0.9947097197374282
0,914200,0.9943669955671555
0,914300,0.9939067807520671
0,914400,0.984342624910596
0,914500,0.9845798942476928
0,914600,0.9946346282230945
0,914700,0.9937688148921007
0,914800,0.9933739717503832
0,914900,0.9946346282230945
0,915000,0.9943669955671555
0,915100,0.9939067807520671
0,915200,0.9947770576095581
0,915300,0.9937829113801092
0,915400,0.99390618958677
0,915500,0.9940239223742956
0,915600,0.9836799587647693
0,915700,0.9941864156959943
0,915800,0.9939072614241271
0,915900,0.994544123975681
0,916000,0.9842082382863616
0,916100,0.9941386816951167
0,916200,0.9937905360185268
0,916300,0.9842082382863616
0,916400,0.9931554165215403
0,916500,0.9842049419884249
0,916600,0.99390618958677
0,916700,0.9941386816951167
0,916800,0.9842082382863616
0,916900,0.9941418624875462
0,917000,0.9941864156959943
0,917100,0.9928847673917657
0,917200,0.9951334801900396
0,917300,0.9947452770314189
0,917400,0.9946460243796199
0,917500,0.9939610177062937
0,917600,0.9931101803465147
0,917700,0.9941089258801726
0,917800,0.9932859964352674
0,917900,0.9848458243146956
0,918000,0.9821605414251042
0,918100,0.9821605414251042
0,918200,0.9856538721838253
0,918300,0.9838409937062583
0,918400,0.9821605414251042
0,918500,0.9940005338858149
0,918600,0.9869723041155904
0,918700,0.9941957586163136
0,918800,0.9945739580957939
0,918900,0.9940729378566304
0,919000,0.9933722960461185
0,919100,0.9933722960461185
0,919200,0.9946151700440786
0,919300,0.9948005405561753
0,919400,0.9870307456155222
0,919500,0.9942093013673708
0,919600,0.994544123975681
0,919700,0.994544123975681
0,919800,0.9952477388197583
0,919900,0.994720066744548
0,920000,0.984600034229044
0,920100,0.9951296022360842
0,920200,0.984342624910596
0,920300,0.9941963596578404
0,920400,0.994804635069057
0,920500,0.9951296022360842
0,920600,0.9845447342333171
0,920700,0.994962213348891
0,920800,0.984342624910596
0,920900,0.9949128588780388
0,921000,0.9847933476030091
0,921100,0.9845209449314245
0,921200,0.995092842027789
0,921300,0.9916968061708095
0,921400,0.995101770452703
0,921500,0.9850180551218095
0,921600,0.9850180551218095
0,921700,0.9949689699012058
0,921800,0.9945749990922079
0,921900,0.9949128588780388
0,922000,0.9853071000859049
0,922100,0.9855342466387734
0,922200,0.9838933375318778
0,922300,0.995232566090709
0,922400,0.9950712562870089
0,922500,0.995092842027789
0,922600,0.9951010896964371
0,922700,0.9953384689654375
0,922800,0.9845691548626857
0,922900,0.9952988746794313
0,923000,0.985357865965117
0,923100,0.9950929404114134
0,923200,0.9957224170619501
0,923300,0.9957224170619501
0,923400,0.9949551110296525
0,923500,0.9958050478276851
0,923600,0.9948462244677843
0,923700,0.9955414126298974
0,923800,0.9953385298080899
0,923900,0.9959909612120836
0,924000,0.9937043562545645
0,924100,0.9954368967864894
0,924200,0.9954368967864894
0,924300,0.9871904891742873
0,924400,0.9958433208035941
0,924500,0.9839319398513667
0,924600,0.9958433208035941
0,924700,0.9845060631011953
0,924800,0.9920394277794394
0,924900,0.9958550563196475
0,925000,0.9955128964352947
0,925100,0.9953974466020784
0,925200,0.9958550563196475
0,925300,0.9953974466020784
0,925400,0.9954377740355277
0,925500,0.9958872197421926
0,925600,0.990366182863109
0,925700,0.9932983420866898
0,925800,0.9956084189001428
0,925900,0.9954368967864894
0,926000,0.9954805414676413
0,926100,0.9954368967864894
0,926200,0.9954493422376316
0,926300,0.9956302989622275
0,926400,0.9951560759017458
0,926500,0.9955922754756383
0,926600,0.9961845037279307
0,926700,0.9961258718574759
0,926800,0.9959772004359991
0,926900,0.9951560759017458
0,927000,0.9956290220310214
0,927100,0.9958552924545467
0,927200,0.993562761616436
0,927300,0.9891759196467054
0,927400,0.9845060631011953
0,927500,0.9939090458394697
0,927600,0.9872430740046917
0,927700,0.9959056211154568
0,927800,0.9959056211154568
0,927900,0.9955529107703602
0,928000,0.9952972119071253
0,928100,0.9955529107703602
0,928200,0.9959056211154568
0,928300,0.9957030846417223
0,928400,0.9965272128914131
0,928500,0.9953974466020784
0,928600,0.993562761616436
0,928700,0.994907282687003
0,928800,0.9961258718574759
0,928900,0.9961636355919479
0,929000,0.996022154754588
0,929100,0.9957400649239341
0,929200,0.9932983420866898
0,929300,0.9954805414676413
0,929400,0.996022154754588
0,929500,0.9954368967864894
0,929600,0.9954084206648574
0,929700,0.9960090781378079
0,929800,0.9851326517549349
0,929900,0.9948462244677843
0,930000,0.9937678270213769
0,930100,0.9960090781378079
0,930200,0.9850533627799206
0,930300,0.9954505422134396
0,930400,0.995529524716773
0,930500,0.9959754692942566
0,930600,0.9950963722583637
0,930700,0.9958173016400036
0,930800,0.9958145833586292
0,930900,0.9952354758647167
0,931000,0.9958145833586292
0,931100,0.9958173016400036
0,931200,0.9955690424033776
0,931300,0.9956274457033886
0,931400,0.9950963722583637
0,931500,0.9958173016400036
0,931600,0.9952354758647167
0,931700,0.9955102806970848
0,931800,0.9837226144823359
0,931900,0.9930612596784903
0,932000,0.9838933375318778
0,932100,0.9955102806970848
0,932200,0.9844093575181289
0,932300,0.9952354758647167
0,932400,0.9909095365632858
0,932500,0.9838318985692971
0,932600,0.9945124842368785
0,932700,0.9959746597855458
0,932800,0.995810904099005
0,932900,0.9853697018194002
0,933000,0.9929084482938654
0,933100,0.995810904099005
0,933200,0.9836493946664719
0,933300,0.995232566090709
0,933400,0.9858004325046092
0,933500,0.9915380427853663
0,933600,0.9959746597855458
0,933700,0.9836493946664719
0,933800,0.9949934117053865
0,933900,0.9957134360465648
0,934000,0.9956087819908922
0,934100,0.9956087819908922
0,934200,0.9954487427293444
0,934300,0.9857543621607817
0,934400,0.9949934117053865
0,934500,0.9958518332406713
0,934600,0.9953599071026746
0,934700,0.9951086643335683
0,934800,0.9952002423329345
0,934900,0.9952002423329345
0,935000,0.9951654739045467
0,935100,0.9956087819908922
0,935200,0.9957819975871666
0,935300,0.9867553745226424
0,935400,0.9957003956109027
0,935500,0.9954516014753849
0,935600,0.9956087819908922
0,935700,0.9956087819908922
0,935800,0.9951086643335683
0,935900,0.9949885658431774
0,936000,0.985306890511618
0,936100,0.9954516014753849
0,936200,0.9950658470107326
0,936300,0.9849574552637206
0,936400,0.9947500670841514
0,936500,0.9849574552637206
0,936600,0.9947068681367702
0,936700,0.9890782240233158
0,936800,0.9864971865985364
0,936900,0.9952002423329345
0,937000,0.994442747485844
0,937100,0.9956014738300926
0,937200,0.9915820301987374
0,937300,0.9853071000859049
0,937400,0.9831038523816417
0,937500,0.984982376393433
0,937600,0.984982376393433
0,937700,0.9849574552637206
0,937800,0.9953621696633627
0,937900,0.9948606326103279
0,938000,0.985241466619368
0,938100,0.9953621696633627
0,938200,0.9951218090675917
0,938300,0.9949429313812419
0,938400,0.9953174530788121
0,938500,0.994720066744548
0,938600,0.9845447342333171
0,938700,0.9950102655682196
0,938800,0.9949429313812419
0,938900,0.9953174530788121
0,939000,0.9834626187839463
0,939100,0.9949034576300954
0,939200,0.995196851501258
0,939300,0.9833733571155167
0,939400,0.995196851501258
0,939500,0.9949600141364547
0,939600,0.9946266970862404
0,939700,0.9954150110433256
0,939800,0.9824808657974241
0,939900,0.98318421085999
0,940000,0.9866739639497187
0,940100,0.9954150110433256
0,940200,0.9824808657974241
0,940300,0.9942478938576839
0,940400,0.9824808657974241
0,940500,0.9954150110433256
0,940600,0.9833733571155167
0,940700,0.9824808657974241
0,940800,0.9949600141364547
0,940900,0.9944217526191259
0,941000,0.9949600141364547
0,941100,0.9824808657974241
0,941200,0.9942448974524922
0,941300,0.9918473170041708
0,941400,0.9927880002711873
0,941500,0.9946696312507118
0,941600,0.9944217526191259
0,941700,0.9946696312507118
0,941800,0.9893962196129852
0,941900,0.9940824464486164
0,942000,0.9945368532281186
0,942100,0.9943705526196353
0,942200,0.9927880002711873
0,942300,0.9947809754195992
0,942400,0.9863288939102839
0,942500,0.9946980553480015
0,942600,0.9844560625332077
0,942700,0.9938586320952328
0,942800,0.9947382717798291
0,942900,0.9926961302323924
0,943000,0.9943585022389193
0,943100,0.992918573583756
0,943200,0.9946696312507118
0,943300,0.984007628317267
0,943400,0.994604881348396
0,943500,0.9926929373490022
0,943600,0.982302790241917
0,943700,0.9942680724945867
0,943800,0.982302790241917
0,943900,0.9944217526191259
0,944000,0.9944217526191259
0,944100,0.9944217526191259
0,944200,0.9944217526191259
0,944300,0.984007628317267
0,944400,0.9939142006727648
0,944500,0.9943705526196353
0,944600,0.9941004381182004
0,944700,0.9937839146416397
0,944800,0.9941732952607458
0,944900,0.9845279912818906
0,945000,0.9939381464792479
0,945100,0.9853770770720556
0,945200,0.9937839146416397
0,945300,0.9941732952607458
0,945400,0.9936845444927556
0,945500,0.9939575033102468
0,945600,0.9944551737549058
0,945700,0.9943267417335796
0,945800,0.9921596962353428
0,945900,0.9847964527247982
0,946000,0.9937839146416397
0,946100,0.9856269769640348
0,946200,0.9853770770720556
0,946300,0.9946026325388981
0,946400,0.9936845444927556
0,946500,0.9942970638160034
0,946600,0.9934646675115109
0,946700,0.9941582222257711
0,946800,0.9949332847379124
0,946900,0.9942306750997378
0,947000,0.9846521524816477
0,947100,0.9918567656628972
0,947200,0.9946614291255893
0,947300,0.9944868893955221
0,947400,0.9841879524837583
0,947500,0.9896105169294853
0,947600,0.994449892158291
0,947700,0.9853770770720556
0,947800,0.9943090617183729
0,947900,0.9949856724353217
0,948000,0.9918956456851575
0,948100,0.9842581324576822
0,948200,0.9846521524816477
0,948300,0.9948025432439109
0,948400,0.9842826327188485
0,948500,0.9842581324576822
0,948600,0.9944739889255573
0,948700,0.9842581324576822
0,948800,0.9844893874874745
0,948900,0.9945510250922472
0,949000,0.9834221987752456
0,949100,0.9951415299666959
0,949200,0.9916794473112417
0,949300,0.9948186917007783
0,949400,0.9944868893955221
0,949500,0.9949332847379124
0,949600,0.983521999548382
0,949700,0.9946042042953861
0,949800,0.99477859143629
0,949900,0.9833554741483553
0,950000,0.9930569895864462
0,950100,0.99477859143629
0,950200,0.9834221987752456
0,950300,0.9916038722352664
0,950400,0.9948604372149573
0,950500,0.9842581324576822
0,950600,0.9948086721771588
0,950700,0.9842826327188485
0,950800,0.9944443199899691
0,950900,0.9915218131324528
0,951000,0.9835934806039004
0,951100,0.9936842467806086
0,951200,0.9943141565599983
0,951300,0.9942007186780346
0,951400,0.9936185060331094
0,951500,0.9940364622170461
0,951600,0.9943657728802915
0,951700,0.993978253287611
0,951800,0.9942007186780346
0,951900,0.9940364622170461
0,952000,0.9938589915725663
0,952100,0.9938589915725663
0,952200,0.9945509463331409
0,952300,0.9941837790667309
0,952400,0.99477859143629
0,952500,0.99477859143629
0,952600,0.9942375694407214
0,952700,0.994301226242948
0,952800,0.99477859143629
0,952900,0.9939732541603956
0,953000,0.99477859143629
0,953100,0.9938788692417081
0,953200,0.99477859143629
0,953300,0.9940579428957179
0,953400,0.9943657728802915
0,953500,0.9940088281218276
0,953600,0.9930001107689346
0,953700,0.9938539134514773
0,953800,0.9937146762323431
0,953900,0.9856134214673916
0,954000,0.9939288056721293
0,954100,0.9936750700632841
0,954200,0.9939267784262256
0,954300,0.9845076238799829
0,954400,0.9935826523465587
0,954500,0.9932799021172263
0,954600,0.9935826523465587
0,954700,0.9935826523465587
0,954800,0.9944069936333182
0,954900,0.9937454417131822
0,955000,0.9943429221316666
0,955100,0.9938169240881185
0,955200,0.9849871823076184
0,955300,0.993537277951317
0,955400,0.9943429221316666
0,955500,0.9940295367375038
0,955600,0.9835824184911068
0,955700,0.9928466710183503
0,955800,0.9937945703991633
0,955900,0.9937454417131822
0,956000,0.9928466710183503
0,956100,0.9939576496702676
0,956200,0.9939576496702676
0,956300,0.9929402354398049
0,956400,0.9934123122606009
0,956500,0.9937945703991633
0,956600,0.9937454417131822
0,956700,0.9939576496702676
0,956800,0.9937454417131822
0,956900,0.9929690603370422
0,957000,0.9929690603370422
0,957100,0.9941230955068481
0,957200,0.9941230955068481
0,957300,0.9937454417131822
0,957400,0.9849574608225118
0,957500,0.9931848931347083
0,957600,0.9945576480478486
0,957700,0.9931848931347083
0,957800,0.9835322411217373
0,957900,0.9945576480478486
0,958000,0.9938169240881185
0,958100,0.9931848931347083
0,958200,0.9843164536979471
0,958300,0.9943429221316666
0,958400,0.9936833734187221
0,958500,0.9937573744992291
0,958600,0.9847820666618052
0,958700,0.9847820666618052
0,958800,0.9935826523465587
0,958900,0.9846314342175635
0,959000,0.9936750700632841
0,959100,0.9942114271740948
0,959200,0.990869154973273
0,959300,0.9931992729888339
0,959400,0.9886115892054961
0,959500,0.9936750700632841
0,959600,0.9923652708933933
0,959700,0.994016458293543
0,959800,0.9935826523465587
0,959900,0.9937731012061912
0,960000,0.9911592694027703
0,960100,0.9934884146343483
0,960200,0.9931992729888339
0,960300,0.9942063388748775
0,960400,0.9941612712306667
0,960500,0.9854770281099062
0,960600,0.9931992729888339
0,960700,0.9943440607356134
0,960800,0.9928116876229588
0,960900,0.9931992729888339
0,961000,0.9937731012061912
0,961100,0.9925888351426388
0,961200,0.9937731012061912
0,961300,0.9855273621277537
0,961400,0.9936918702500588
0,961500,0.9935770153882645
0,961600,0.9936918702500588
0,961700,0.9940934230167435
0,961800,0.9936918702500588
0,961900,0.9939007815020922
0,962000,0.9945474349365974
0,962100,0.9941296710321527
0,962200,0.9860682740174382
0,962300,0.9940088281218276
0,962400,0.9943657728802915
0,962500,0.9867474866351277
0,962600,0.9938539134514773
0,962700,0.9855273621277537
0,962800,0.9854734837642511
0,962900,0.9938539134514773
0,963000,0.9945635364513351
0,963100,0.9846781534026484
0,963200,0.986355490783175
0,963300,0.9941779792289478
0,963400,0.9860628718976311
0,963500,0.9943657728802915
0,963600,0.9943621479227908
0,963700,0.9866031454665919
0,963800,0.9940579428957179
0,963900,0.99477859143629
0,964000,0.9914196261481327
0,964100,0.9833554741483553
0,964200,0.9948718925047321
0,964300,0.99477859143629
0,964400,0.99477859143629
0,964500,0.995174169870518
0,964600,0.9842581324576822
0,964700,0.983963633697212
0,964800,0.9861686269810612
0,964900,0.983963633697212
0,965000,0.995057198830426
0,965100,0.99477859143629
0,965200,0.99477859143629
0,965300,0.9953911716378719
0,965400,0.995357344746548
0,965500,0.99477859143629
0,965600,0.989334139507748
0,965700,0.9864378710452073
0,965800,0.986174285222921
0,965900,0.9948718925047321
0,966000,0.99477859143629
0,966100,0.986355490783175
0,966200,0.986355490783175
0,966300,0.9939952221538354
0,966400,0.9943657728802915
0,966500,0.9943657728802915
0,966600,0.9947089937747315
0,966700,0.9857130321313472
0,966800,0.9944156102634726
0,966900,0.9939584691817773
0,967000,0.994838860487405
0,967100,0.9936918702500588
0,967200,0.9938321369485184
0,967300,0.9940934230167435
0,967400,0.986206719812375
0,967500,0.9896641955493565
0,967600,0.9940934230167435
0,967700,0.9937731012061912
0,967800,0.9848934077550215
0,967900,0.9937989978966956
0,968000,0.9937116381545714
0,968100,0.9937989978966956
0,968200,0.9941486023164422
0,968300,0.994043993577819
0,968400,0.9941214370855709
0,968500,0.9943585489099614
0,968600,0.9945576480478486
0,968700,0.9945576480478486
0,968800,0.9906873086328257
0,968900,0.9841378655820894
0,969000,0.9936828698979251
0,969100,0.9940295367375038
0,969200,0.9940295367375038
0,969300,0.9934574696587127
0,969400,0.9835665392001555
0,969500,0.9924695513828395
0,969600,0.9940295367375038
0,969700,0.9940295367375038
0,969800,0.9940295367375038
0,969900,0.9925796892405737
0,970000,0.9940295367375038
0,970100,0.99326740646374
0,970200,0.9936195296400554
0,970300,0.9934451627033859
0,970400,0.9939951333028556
0,970500,0.9848921870634982
0,970600,0.993561874271797
0,970700,0.993561874271797
0,970800,0.9936425367750779
0,970900,0.9939951333028556
0,971000,0.9926980233257483
0,971100,0.9940410041832243
0,971200,0.9934561364996869
0,971300,0.9936195296400554
0,971400,0.99326740646374
0,971500,0.9936509356634687
0,971600,0.993594255626395
0,971700,0.9933669671796891
0,971800,0.9930741690332815
0,971900,0.9934176778693367
0,972000,0.9933669671796891
0,972100,0.9930436891491573
0,972200,0.99326740646374
0,972300,0.9937454417131822
0,972400,0.9938182813364764
0,972500,0.9940295367375038
0,972600,0.9851081707001851
0,972700,0.9835665392001555
0,972800,0.9938182813364764
0,972900,0.9936828698979251
0,973000,0.9841003559851312
0,973100,0.9936828698979251
0,973200,0.9935826523465587
0,973300,0.9930163136898298
0,973400,0.9930412894008568
0,973500,0.9937989978966956
0,973600,0.9935826523465587
0,973700,0.9935408751209326
0,973800,0.9930591280527605
0,973900,0.9848823256602756
0,974000,0.9848823256602756
0,974100,0.9937989978966956
0,974200,0.9848823256602756
0,974300,0.9845076238799829
0,974400,0.9935167423784366
0,974500,0.9930163136898298
0,974600,0.993225505698436
0,974700,0.9935826523465587
0,974800,0.9923431447486813
0,974900,0.9930412894008568
0,975000,0.9937989978966956
0,975100,0.9935408751209326
0,975200,0.9930163136898298
0,975300,0.9935770153882645
0,975400,0.9904574393501228
0,975500,0.993045236852713
0,975600,0.9926489415384606
0,975700,0.9930163136898298
0,975800,0.9936918702500588
0,975900,0.9938539134514773
0,976000,0.993225505698436
0,976100,0.9852564906765672
0,976200,0.9930591280527605
0,976300,0.9938321369485184
0,976400,0.9856151434949596
0,976500,0.9852564906765672
0,976600,0.993225505698436
0,976700,0.9930163136898298
0,976800,0.9939477596960742
0,976900,0.9939477596960742
0,977000,0.9939477596960742
0,977100,0.9935620109653116
0,977200,0.9938539134514773
0,977300,0.9856151434949596
0,977400,0.9935770153882645
0,977500,0.9939477596960742
0,977600,0.9852564906765672
0,977700,0.9852564906765672
0,977800,0.9939477596960742
0,977900,0.9938539134514773
0,978000,0.9939218727597455
0,978100,0.9889474262535403
0,978200,0.9941687783285094
0,978300,0.9943657728802915
0,978400,0.9858368884069881
0,978500,0.9944647091414709
0,978600,0.994393398723688
0,978700,0.9860109804929146
0,978800,0.9941800889443224
0,978900,0.9940122323375898
0,979000,0.9946446565667432
0,979100,0.9855758618238555
0,979200,0.9948711211381328
0,979300,0.9942007186780346
0,979400,0.9855758618238555
0,979500,0.9944957069119617
0,979600,0.9940122323375898
0,979700,0.99477859143629
0,979800,0.9925878958750993
0,979900,0.99477859143629
0,980000,0.9948718925047321
0,980100,0.983294248217893
0,980200,0.9943141565599983
0,980300,0.983294248217893
0,980400,0.9944836514414354
0,980500,0.9949332847379124
0,980600,0.9933941915939971
0,980700,0.9942306750997378
0,980800,0.994339849539887
0,980900,0.9952173119317538
0,981000,0.994339849539887
0,981100,0.9841879524837583
0,981200,0.9934175492844661
0,981300,0.9949332847379124
0,981400,0.9918858045674364
0,981500,0.9844113023292151
0,981600,0.994339849539887
0,981700,0.9952173119317538
0,981800,0.994339849539887
0,981900,0.994339849539887
0,982000,0.9844893874874745
0,982100,0.994339849539887
0,982200,0.9945476726712097
0,982300,0.994873551133649
0,982400,0.9942444508577742
0,982500,0.9943592633783156
0,982600,0.9943956836263766
0,982700,0.9949332847379124
0,982800,0.9942444508577742
0,982900,0.9842422938829212
0,983000,0.9943956836263766
0,983100,0.9943956836263766
0,983200,0.9947217447043463
0,983300,0.995007901023124
0,983400,0.9949332847379124
0,983500,0.995574770068887
0,983600,0.995357344746548
0,983700,0.9831878077840585
0,983800,0.9861895807881776
0,983900,0.9947123314142643
0,984000,0.9839680259740354
0,984100,0.9949332847379124
0,984200,0.995007901023124
0,984300,0.995007901023124
0,984400,0.9952687774263107
0,984500,0.9947217447043463
0,984600,0.9947123314142643
0,984700,0.995262679148427
0,984800,0.9952687774263107
0,984900,0.995057198830426
0,985000,0.9947758708722357
0,985100,0.9951915526347372
0,985200,0.995007901023124
0,985300,0.9839680259740354
0,985400,0.9947051632094348
0,985500,0.9911918842799586
0,985600,0.995262679148427
0,985700,0.9945478769592668
0,985800,0.9840739186227554
0,985900,0.9947123314142643
0,986000,0.9943956836263766
0,986100,0.9949332847379124
0,986200,0.9947217447043463
0,986300,0.9949332847379124
0,986400,0.9839680259740354
0,986500,0.9844113023292151
0,986600,0.9942444508577742
0,986700,0.9947051632094348
0,986800,0.9850150120608608
0,986900,0.9856486522869125
0,987000,0.9949771183954698
0,987100,0.9947409288164256
0,987200,0.9856486522869125
0,987300,0.995374954835356
0,987400,0.9853600188090664
0,987500,0.9948210880766527
0,987600,0.9910513279255759
0,987700,0.9855149152661135
0,987800,0.9950371814026326
0,987900,0.9952066833159748
0,988000,0.9946537783971033
0,988100,0.9949856724353217
0,988200,0.9952173119317538
0,988300,0.9850150120608608
0,988400,0.9855149152661135
0,988500,0.9871736552236794
0,988600,0.9947409288164256
0,988700,0.9944704760288962
0,988800,0.9921851055242823
0,988900,0.9949856724353217
0,989000,0.9842929337605739
0,989100,0.994339849539887
0,989200,0.9842929337605739
0,989300,0.9853770770720556
0,989400,0.9949171126464471
0,989500,0.9946537783971033
0,989600,0.9952173119317538
0,989700,0.9942306750997378
0,989800,0.9842929337605739
0,989900,0.9949332847379124
0,990000,0.994939741241022
0,990100,0.9842422938829212
0,990200,0.9944155223848026
0,990300,0.9944155223848026
0,990400,0.9942306750997378
0,990500,0.9945476726712097
0,990600,0.9839680259740354
0,990700,0.9932225604013405
0,990800,0.9948119311430295
0,990900,0.9949332847379124
0,991000,0.9942306750997378
0,991100,0.9916831441076052
0,991200,0.994418335193419
0,991300,0.9942306750997378
0,991400,0.9842929337605739
0,991500,0.9946537783971033
0,991600,0.9946518831915683
0,991700,0.9941877262268739
0,991800,0.994418335193419
0,991900,0.9950923935971272
0,992000,0.9941316879478468
0,992100,0.9834221987752456
0,992200,0.994939741241022
0,992300,0.9948378549678848
0,992400,0.9943660271404621
0,992500,0.994939741241022
0,992600,0.9839983970275895
0,992700,0.994939741241022
0,992800,0.9939468963234944
0,992900,0.9939468963234944
0,993000,0.9943914336346867
0,993100,0.9861895807881776
0,993200,0.9831854605261282
0,993300,0.9831854605261282
0,993400,0.9948378549678848
0,993500,0.9941743245478172
0,993600,0.9945651318922955
0,993700,0.9831854605261282
0,993800,0.9831854605261282
0,993900,0.9942677926938515
0,994000,0.9840798033691803
0,994100,0.9948354740322196
0,994200,0.9838711161291842
0,994300,0.994457455548326
0,994400,0.984619199783456
0,994500,0.9921851055242823
0,994600,0.9941562740426576
0,994700,0.9945519587509646
0,994800,0.995349114310963
0,994900,0.995374954835356
0,995000,0.9851884952969799
0,995100,0.9853600188090664
0,995200,0.9941877262268739
0,995300,0.9939069925367066
0,995400,0.9944196694795183
0,995500,0.9842929337605739
0,995600,0.9951811362333279
0,995700,0.994879573339954
0,995800,0.9832793232544876
0,995900,0.993887385731899
0,996000,0.9947010216073665
0,996100,0.9940797618774022
0,996200,0.9840172018314911
0,996300,0.994879573339954
0,996400,0.9949332847379124
0,996500,0.9940797618774022
0,996600,0.9927506245592875
0,996700,0.9946885497206982
0,996800,0.9949332847379124
0,996900,0.9941316879478468
0,997000,0.9832793232544876
0,997100,0.9930824683776577
0,997200,0.9932246856198332
0,997300,0.9841526517677103
0,997400,0.9943269049038949
0,997500,0.9946518831915683
0,997600,0.984619199783456
0,997700,0.9842929337605739
0,997800,0.9945710602519873
0,997900,0.994418335193419
0,998000,0.9842929337605739
0,998100,0.9938325607566723
0,998200,0.9939069925367066
0,998300,0.984619199783456
0,998400,0.9842929337605739
0,998500,0.9836784526418825
0,998600,0.9835660096382575
0,998700,0.9835660096382575
0,998800,0.9948354740322196
0,998900,0.9940907706865684
0,999000,0.9940797618774022
0,999100,0.9943237376286703
0,999200,0.9941316879478468
0,999300,0.9940797618774022
0,999400,0.9838711161291842
0,999500,0.9842929337605739
0,999600,0.9887107473812915
0,999700,0.9945710602519873
0,999800,0.9945710602519873
0,999900,0.9942631653449316
1,0,0.9943625093587356
1,100,0.9846191997835733
1,200,0.9938923134052399
1,300,0.9942045541374417
1,400,0.9942045541374417
1,500,0.9941984195921777
1,600,0.98873553616362
1,700,0.9944155223848662
1,800,0.9844557456540947
1,900,0.9944155223848662
1,1000,0.9944116296177385
1,1100,0.9941984195921777
1,1200,0.9856815087983963
1,1300,0.9946883930339384
1,1400,0.9944178735414572
1,1500,0.9857955939504494
1,1600,0.9950275332812152
1,1700,0.9946322986196185
1,1800,0.9854478038762031
1,1900,0.9854478038762031
1,2000,0.9950027102605645
1,2100,0.9949004297795837
1,2200,0.9858569864518706
1,2300,0.9946883930339384
1,2400,0.9950275332812152
1,2500,0.9955834585258408
1,2600,0.9949586552055235
1,2700,0.9850501133185617
1,2800,0.9858569864518706
1,2900,0.9948394138701588
1,3000,0.9925579166736518
1,3100,0.9856201647603255
1,3200,0.9928626368569219
1,3300,0.9953189635209033
1,3400,0.98268451901687
1,3500,0.9846555759472279
1,3600,0.995171079272175
1,3700,0.995540787066626
1,3800,0.9839935864854568
1,3900,0.9856201647603255
1,4000,0.9948757318945327
1,4100,0.9950361424383166
1,4200,0.9948757318945327
1,4300,0.9948757318945327
1,4400,0.9830066674099257
1,4500,0.9958390903932601
1,4600,0.9846555759472279
1,4700,0.9957937165149163
1,4800,0.985741302051053
1,4900,0.9949897322462983
1,5000,0.9956140738684642
1,5100,0.9926559135564696
1,5200,0.9914206811644476
1,5300,0.9846555759472279
1,5400,0.991851544629311
1,5500,0.9954794076178224
1,5600,0.9929780105274211
1,5700,0.9926822490644249
1,5800,0.9957300747706187
1,5900,0.9846555759472279
1,6000,0.9846555759472279
1,6100,0.9948757318945327
1,6200,0.9948757318945327
1,6300,0.9948757318945327
1,6400,0.995540787066626
1,6500,0.985816236725636
1,6600,0.9838292336484523
1,6700,0.9925579166736518
1,6800,0.9949810404379341
1,6900,0.9942045541374417
1,7000,0.99503718140267
1,7100,0.99503718140267
1,7200,0.9942045541374417
1,7300,0.9949075635309083
1,7400,0.9849349056381725
1,7500,0.9870007792230907
1,7600,0.9921851055243476
1,7700,0.9944704760289533
1,7800,0.9923290794716837
1,7900,0.9942045541374417
1,8000,0.9849349056381725
1,8100,0.9942045541374417
1,8200,0.9907057582690881
1,8300,0.9942045541374417
1,8400,0.9951879262056056
1,8500,0.9849349056381725
1,8600,0.9943625093587356
1,8700,0.9847107056808554
1,8800,0.9945710602520494
1,8900,0.9941877262269369
1,9000,0.9949075635309083
1,9100,0.9921851055243476
1,9200,0.9948255968791866
1,9300,0.994653778397178
1,9400,0.9915028594894416
1,9500,0.990041975657348
1,9600,0.9951472308863412
1,9700,0.9926340264877613
1,9800,0.9849349056381725
1,9900,0.9943625093587356
1,10000,0.9944196694795777
1,10100,0.9947120259218938
1,10200,0.9949332847379995
1,10300,0.9912399044609886
1,10400,0.9908941101112559
1,10500,0.9833676545825139
1,10600,0.9861899844884434
1,10700,0.9860486382306992
1,10800,0.9951915526348378
1,10900,0.995120473147327
1,11000,0.9942306750998158
1,11100,0.9945382805871136
1,11200,0.9842422938830784
1,11300,0.9949332847379995
1,11400,0.9842422938830784
1,11500,0.9860486382306992
1,11600,0.9861899844884434
1,11700,0.994202582320823
1,11800,0.9944807693042937
1,11900,0.9951915526348378
1,12000,0.9948795733400578
1,12100,0.9947758708721254
1,12200,0.9947758708721254
1,12300,0.9830586096789813
1,12400,0.9947758708721254
1,12500,0.9949140435650039
1,12600,0.9830586096789813
1,12700,0.9836177236894083
1,12800,0.9862784167176029
1,12900,0.9859445744472466
1,13000,0.9940922311681567
1,13100,0.9943146042989037
1,13200,0.9940303839592333
1,13300,0.9862784167176029
1,13400,0.993889353327235
1,13500,0.9861868716835815
1,13600,0.9854169478001706
1,13700,0.9938116156446632
1,13800,0.9938116156446632
1,13900,0.9935673353131897
1,14000,0.9939396085922527
1,14100,0.9935673353131897
1,14200,0.9938292282436905
1,14300,0.9943099042454303
1,14400,0.9844137093004548
1,14500,0.9852564906766641
1,14600,0.9932267628452223
1,14700,0.9941045847079164
1,14800,0.9945098461877533
1,14900,0.9934419800914768
1,15000,0.9936877064739591
1,15100,0.9934419800914768
1,15200,0.9935620109653212
1,15300,0.9844137093004548
1,15400,0.9937597840592792
1,15500,0.9943478102972064
1,15600,0.9943478102972064
1,15700,0.9943478102972064
1,15800,0.9939151510722366
1,15900,0.9935620109653212
1,16000,0.9937989978966938
1,16100,0.9923009980209183
1,16200,0.9940731287079214
1,16300,0.9903456875379996
1,16400,0.9942024415097852
1,16500,0.9938303538613397
1,16600,0.9943478102972064
1,16700,0.9950003740507113
1,16800,0.9840191937917565
1,16900,0.9938182813364422
1,17000,0.9848854903333593
1,17100,0.9902881174274165
1,17200,0.9938303538613397
1,17300,0.9841968089277124
1,17400,0.9897446137559147
1,17500,0.9938303538613397
1,17600,0.9937597840592792
1,17700,0.9935620109653212
1,17800,0.9908004093488672
1,17900,0.9938074112044569
1,18000,0.9843290673002028
1,18100,0.992187018939585
1,18200,0.9943478102972064
1,18300,0.9938900135625862
1,18400,0.9940273321221896
1,18500,0.9931238713958251
1,18600,0.9934518690726999
1,18700,0.9914522953239114
1,18800,0.9926981115611024
1,18900,0.992904243498154
1,19000,0.9930333741108496
1,19100,0.9938182813364422
1,19200,0.9926125595534357
1,19300,0.992904243498154
1,19400,0.992904243498154
1,19500,0.9854498004401558
1,19600,0.992923539999659
1,19700,0.9931891519740241
1,19800,0.992904243498154
1,19900,0.9929207699800595
1,20000,0.9924731858964396
1,20100,0.9926579617962824
1,20200,0.9926579617962824
1,20300,0.9929813567672086
1,20400,0.9926125595534357
1,20500,0.9931238713958251
1,20600,0.9929890677749964
1,20700,0.9931711962069328
1,20800,0.9932100624859042
1,20900,0.9932100624859042
1,21000,0.9927762161490633
1,21100,0.9931711962069328
1,21200,0.9932100624859042
1,21300,0.9926571946218948
1,21400,0.9936066005193048
1,21500,0.9938182813364422
1,21600,0.9938900135625862
1,21700,0.9913428593047149
1,21800,0.9848854903333593
1,21900,0.9930321209438092
1,22000,0.9931711962069328
1,22100,0.9838721346341424
1,22200,0.992773146935754
1,22300,0.9931375399627911
1,22400,0.9938182813364422
1,22500,0.9938900135625862
1,22600,0.9942076564150222
1,22700,0.9938900135625862
1,22800,0.9943478102972064
1,22900,0.9943146145799615
1,23000,0.9936066005193048
1,23100,0.9938900135625862
1,23200,0.994304863399236
1,23300,0.9943478102972064
1,23400,0.9900684375568469
1,23500,0.9839907041551303
1,23600,0.9940987584161807
1,23700,0.9943478102972064
1,23800,0.9938303538613397
1,23900,0.9938303538613397
1,24000,0.992325340071651
1,24100,0.989992190736423
1,24200,0.9849053222574954
1,24300,0.9933178214711088
1,24400,0.9931526600936605
1,24500,0.9930002309302489
1,24600,0.9931526600936605
1,24700,0.9933178214711088
1,24800,0.9842890883259611
1,24900,0.9943182744555944
1,25000,0.9838899203234162
1,25100,0.9943478102972064
1,25200,0.9940998738499939
1,25300,0.9940198547830383
1,25400,0.9906226684782452
1,25500,0.9844137093004548
1,25600,0.9938303538613397
1,25700,0.9934299004620113
1,25800,0.9939923030130683
1,25900,0.9936066005193048
1,26000,0.9942076564150222
1,26100,0.9938303538613397
1,26200,0.9842295950463545
1,26300,0.993273126281832
1,26400,0.993743406184546
1,26500,0.9931891519740241
1,26600,0.9931891519740241
1,26700,0.9936066005193048
1,26800,0.9848854903333593
1,26900,0.9934299004620113
1,27000,0.9939923030130683
1,27100,0.9938303538613397
1,27200,0.9938454026689243
1,27300,0.9930655085229726
1,27400,0.9939752730896093
1,27500,0.992777647810327
1,27600,0.9930453026115839
1,27700,0.9859599505602558
1,27800,0.9902027388145994
1,27900,0.9853982433996701
1,28000,0.9853982433996701
1,28100,0.9939685981985493
1,28200,0.9938931626182269
1,28300,0.9853982433996701
1,28400,0.9942431173517484
1,28500,0.9940303839592333
1,28600,0.9934818616737038
1,28700,0.9945529054001896
1,28800,0.994504980218813
1,28900,0.9940303839592333
1,29000,0.9860440210282326
1,29100,0.993423041544507
1,29200,0.9856121103630094
1,29300,0.993423041544507
1,29400,0.9938583604221743
1,29500,0.9941968624822184
1,29600,0.9861868716835815
1,29700,0.9841286267294436
1,29800,0.9940259439066985
1,29900,0.9940922311681567
1,30000,0.9942323517362465
1,30100,0.9853982433996701
1,30200,0.9853982433996701
1,30300,0.9937175180546998
1,30400,0.9936645758507213
1,30500,0.992777647810327
1,30600,0.9936645758507213
1,30700,0.9848055792921994
1,30800,0.9848055792921994
1,30900,0.9868119930010866
1,31000,0.9933178214711088
1,31100,0.9933178214711088
1,31200,0.9908507634395163
1,31300,0.9939221363022224
1,31400,0.9851414439801252
1,31500,0.9934299004620113
1,31600,0.9843290673002028
1,31700,0.9934419800914768
1,31800,0.9932267628452223
1,31900,0.9935773168218914
1,32000,0.9931988996129081
1,32100,0.9848055792921994
1,32200,0.9936028034680678
1,32300,0.9928270103260675
1,32400,0.9917665766723751
1,32500,0.9929586758053133
1,32600,0.9931627534508369
1,32700,0.9932215361452484
1,32800,0.9904712596389114
1,32900,0.9934967320116841
1,33000,0.9859445744472466
1,33100,0.9938699100810444
1,33200,0.9938699100810444
1,33300,0.9942449814021111
1,33400,0.9938583604221743
1,33500,0.9853982433996701
1,33600,0.9852978784043543
1,33700,0.992777647810327
1,33800,0.992777647810327
1,33900,0.985246192545609
1,34000,0.9932267628452223
1,34100,0.9901551925192089
1,34200,0.993699053613552
1,34300,0.9933178214711088
1,34400,0.9935223293056401
1,34500,0.9934234053860761
1,34600,0.9932823102443424
1,34700,0.9932823102443424
1,34800,0.992777647810327
1,34900,0.9932823102443424
1,35000,0.9934679847200378
1,35100,0.9937852407754003
1,35200,0.9938303538613397
1,35300,0.9938303538613397
1,35400,0.9939277200876081
1,35500,0.993699053613552
1,35600,0.9935223293056401
1,35700,0.9934757150584413
1,35800,0.9939997811629893
1,35900,0.9845285086657684
1,36000,0.9847136415088905
1,36100,0.9845285086657684
1,36200,0.9847136415088905
1,36300,0.9882467392954587
1,36400,0.9935223293056401
1,36500,0.9932852213611031
1,36600,0.9906226684782452
1,36700,0.9939507127238421
1,36800,0.9843290673002028
1,36900,0.9847136415088905
1,37000,0.9930340878918628
1,37100,0.9930718849735308
1,37200,0.9940198547830383
1,37300,0.9928872550552794
1,37400,0.9938303538613397
1,37500,0.9935784985686784
1,37600,0.9934172037571677
1,37700,0.98487985853541
1,37800,0.9849908911171873
1,37900,0.993287796699976
1,38000,0.9935784985686784
1,38100,0.9936066005193048
1,38200,0.9939047198425177
1,38300,0.9928872550552794
1,38400,0.9935784985686784
1,38500,0.9937095566887574
1,38600,0.9938303538613397
1,38700,0.993287796699976
1,38800,0.9938900135625862
1,38900,0.9942918422705801
1,39000,0.9940198547830383
1,39100,0.9843290673002028
1,39200,0.9934757150584413
1,39300,0.9934757150584413
1,39400,0.9908235902077532
1,39500,0.9847136415088905
1,39600,0.9934757150584413
1,39700,0.9933811568494607
1,39800,0.9932823102443424
1,39900,0.993363763738178
1,40000,0.9937516439548005
1,40100,0.9939507127238421
1,40200,0.9838269681375817
1,40300,0.9940380858739826
1,40400,0.9945724261478457
1,40500,0.9940198547830383
1,40600,0.9935777972918557
1,40700,0.9936832328395925
1,40800,0.9838269681375817
1,40900,0.9939674917726714
1,41000,0.9938900135625862
1,41100,0.9928485097542321
1,41200,0.993003876091675
1,41300,0.9926299390204415
1,41400,0.9926299390204415
1,41500,0.9931064594155201
1,41600,0.9908274779951662
1,41700,0.9932049183108507
1,41800,0.9931182515286243
1,41900,0.9932049183108507
1,42000,0.9931064594155201
1,42100,0.99342101226042
1,42200,0.9941247872061878
1,42300,0.9933502003612366
1,42400,0.9838269681375817
1,42500,0.9935784985686784
1,42600,0.9941247872061878
1,42700,0.9935784985686784
1,42800,0.9935784985686784
1,42900,0.9935784985686784
1,43000,0.9936666974110221
1,43100,0.9938083215875332
1,43200,0.9927062057580636
1,43300,0.9935006371488233
1,43400,0.9945492817235189
1,43500,0.992557769250204
1,43600,0.9838269681375817
1,43700,0.98442792216299
1,43800,0.9848104983539198
1,43900,0.9936103640561699
1,44000,0.9849954001055671
1,44100,0.9938663234650136
1,44200,0.9855057831222727
1,44300,0.9940369538855373
1,44400,0.9864966604570606
1,44500,0.9850173969340839
1,44600,0.9862113469144418
1,44700,0.9936556162790281
1,44800,0.9949511852657915
1,44900,0.9842861280512208
1,45000,0.9842861280512208
1,45100,0.995215099833113
1,45200,0.9837929695870461
1,45300,0.9863603924251384
1,45400,0.9892720555022223
1,45500,0.9942730059665255
1,45600,0.9882858747848764
1,45700,0.9948584690904301
1,45800,0.9845330863284927
1,45900,0.9852571156759039
1,46000,0.9852571156759039
1,46100,0.9944324400332517
1,46200,0.9944200889239913
1,46300,0.9946780276439653
1,46400,0.9918732706954075
1,46500,0.9949075635309083
1,46600,0.9929156660412907
1,46700,0.9890603374975371
1,46800,0.9948577714673966
1,46900,0.9845330863284927
1,47000,0.9944776700984893
1,47100,0.9946704858502662
1,47200,0.9946780276439653
1,47300,0.9946780276439653
1,47400,0.9921764030274063
1,47500,0.9849349056381725
1,47600,0.9849349056381725
1,47700,0.9884712157287505
1,47800,0.9940926567438327
1,47900,0.9945710602520494
1,48000,0.9845845901172618
1,48100,0.9946704858502662
1,48200,0.9845845901172618
1,48300,0.9946780276439653
1,48400,0.9946780276439653
1,48500,0.9948584690904301
1,48600,0.9946780276439653
1,48700,0.9947321319176251
1,48800,0.995222270415632
1,48900,0.9864297823644095
1,49000,0.9945029879325445
1,49100,0.995215099833113
1,49200,0.9847156551555158
1,49300,0.9847156551555158
1,49400,0.9946704858502662
1,49500,0.9949977705309385
1,49600,0.9845845901172618
1,49700,0.9945710602520494
1,49800,0.9849349056381725
1,49900,0.9950487667881306
1,50000,0.9950487667881306
1,50100,0.9949307193246237
1,50200,0.985268888968103
1,50300,0.9920533666509651
1,50400,0.994329080365509
1,50500,0.9945710602520494
1,50600,0.9845845901172618
1,50700,0.9957701905044387
1,50800,0.9939521068811339
1,50900,0.9939669511072149
1,51000,0.9943591380392703
1,51100,0.995215099833113
1,51200,0.9841826001415794
1,51300,0.9945710602520494
1,51400,0.9945127025041735
1,51500,0.9945127025041735
1,51600,0.995215099833113
1,51700,0.9945710602520494
1,51800,0.9948577714673966
1,51900,0.984566172246578
1,52000,0.9940926567438327
1,52100,0.984566172246578
1,52200,0.984566172246578
1,52300,0.99425705931496
1,52400,0.9946780276439653
1,52500,0.984566172246578
1,52600,0.9850633125018186
1,52700,0.9904356757823076
1,52800,0.9951806670195245
1,52900,0.9945710602520494
1,53000,0.9841826001415794
1,53100,0.9841826001415794
1,53200,0.9841826001415794
1,53300,0.9841826001415794
1,53400,0.9939375182156261
1,53500,0.994290405650761
1,53600,0.9843585362794172
1,53700,0.9949074980569842
1,53800,0.9912657770157821
1,53900,0.9840105515861154
1,54000,0.995215099833113
1,54100,0.9940926567438327
1,54200,0.9945684480528088
1,54300,0.9835346974647283
1,54400,0.995215099833113
1,54500,0.9835346974647283
1,54600,0.9835346974647283
1,54700,0.9843837945460756
1,54800,0.995215099833113
1,54900,0.9838494520522597
1,55000,0.9945710602520494
1,55100,0.9946179667350957
1,55200,0.9946780276439653
1,55300,0.9946780276439653
1,55400,0.9943359817009035
1,55500,0.9841826001415794
1,55600,0.9946522223257633
1,55700,0.9841826001415794
1,55800,0.9841826001415794
1,55900,0.9947502702572879
1,56000,0.9950921552897342
1,56100,0.9946780276439653
1,56200,0.9947321319176251
1,56300,0.9947321319176251
1,56400,0.9947321319176251
1,56500,0.9947502702572879
1,56600,0.9946780276439653
1,56700,0.9920533666509651
1,56800,0.9853022816303977
1,56900,0.984566172246578
1,57000,0.992305444391852
1,57100,0.9948577714673966
1,57200,0.99425705931496
1,57300,0.984566172246578
1,57400,0.9945994528677166
1,57500,0.9945127025041735
1,57600,0.9945127025041735
1,57700,0.9854396307096951
1,57800,0.995133356174125
1,57900,0.984566172246578
1,58000,0.9854396307096951
1,58100,0.9946464808605251
1,58200,0.9946179667350957
1,58300,0.9947321319176251
1,58400,0.9843508346688028
1,58500,0.9946780276439653
1,58600,0.9842861280512208
1,58700,0.995215099833113
1,58800,0.9842861280512208
1,58900,0.9845330863284927
1,59000,0.994379675819564
1,59100,0.9940926567438327
1,59200,0.992305444391852
1,59300,0.99425705931496
1,59400,0.994121645330758
1,59500,0.9940926567438327
1,59600,0.9941072488992675
1,59700,0.984566172246578
1,59800,0.994121645330758
1,59900,0.9854396307096951
1,60000,0.9946179667350957
1,60100,0.984566172246578
1,60200,0.9850633125018186
1,60300,0.9850633125018186
1,60400,0.9943187954822513
1,60500,0.9855098582786026
1,60600,0.9944200889239913
1,60700,0.9944595660758373
1,60800,0.9945994528677166
1,60900,0.984566172246578
1,61000,0.9944595660758373
1,61100,0.9845330863284927
1,61200,0.994329080365509
1,61300,0.9946780276439653
1,61400,0.984566172246578
1,61500,0.9948577714673966
1,61600,0.9948038748210123
1,61700,0.9954523020448461
1,61800,0.9945595489003558
1,61900,0.9916348185691124
1,62000,0.9845845901172618
1,62100,0.9947321319176251
1,62200,0.9838494520522597
1,62300,0.9942730059665255
1,62400,0.9843280070238392
1,62500,0.9942730059665255
1,62600,0.9942730059665255
1,62700,0.9939669511072149
1,62800,0.9942521645054386
1,62900,0.9945824282600666
1,63000,0.9945824282600666
1,63100,0.994308146779627
1,63200,0.9943794047356418
1,63300,0.9843280070238392
1,63400,0.9942730059665255
1,63500,0.995215099833113
1,63600,0.9947321319176251
1,63700,0.9842422938830784
1,63800,0.9943794047356418
1,63900,0.9943777451723853
1,64000,0.9837929695870461
1,64100,0.9938337638608736
1,64200,0.9943794047356418
1,64300,0.9843280070238392
1,64400,0.9845845901172618
1,64500,0.9944704860999712
1,64600,0.9843280070238392
1,64700,0.994758069209497
1,64800,0.9843280070238392
1,64900,0.9910531988890217
1,65000,0.9843280070238392
1,65100,0.995215099833113
1,65200,0.9844358894132393
1,65300,0.9842422938830784
1,65400,0.9947170678898234
1,65500,0.994758069209497
1,65600,0.9947013790556968
1,65700,0.9943794047356418
1,65800,0.9938337638608736
1,65900,0.9943794047356418
1,66000,0.9945824282600666
1,66100,0.9943467082234383
1,66200,0.994562337516362
1,66300,0.9834115397239693
1,66400,0.9930077125836645
1,66500,0.9945824282600666
1,66600,0.9945824282600666
1,66700,0.9837403702343727
1,66800,0.9947170678898234
1,66900,0.9882762592038694
1,67000,0.9950933612992325
1,67100,0.9950667132216405
1,67200,0.9940926567438327
1,67300,0.9917743701261451
1,67400,0.9947377425932479
1,67500,0.9941892971270596
1,67600,0.994329080365509
1,67700,0.9946265152505972
1,67800,0.9943215841819503
1,67900,0.9854396307096951
1,68000,0.9943359817009035
1,68100,0.984566172246578
1,68200,0.9947502702572879
1,68300,0.9844733358692802
1,68400,0.9948786120923137
1,68500,0.9949549155140243
1,68600,0.9844733358692802
1,68700,0.9946500362863568
1,68800,0.9920081453127783
1,68900,0.9844733358692802
1,69000,0.9843837945460756
1,69100,0.995215099833113
1,69200,0.9943576797794786
1,69300,0.9947321319176251
1,69400,0.995215099833113
1,69500,0.9836764559316171
1,69600,0.9943576797794786
1,69700,0.9943806676432857
1,69800,0.995215099833113
1,69900,0.994758069209497
1,70000,0.9943467082234383
1,70100,0.9945824282600666
1,70200,0.9835236956655966
1,70300,0.9945824282600666
1,70400,0.9834115397239693
1,70500,0.9944082468360553
1,70600,0.9837403702343727
1,70700,0.9945857938654491
1,70800,0.9949189095465223
1,70900,0.9834115397239693
1,71000,0.9835236956655966
1,71100,0.9935038704161053
1,71200,0.9942773178104892
1,71300,0.9937372384123416
1,71400,0.9836628027730129
1,71500,0.993743452539461
1,71600,0.9907351182848216
1,71700,0.993743452539461
1,71800,0.9907351182848216
1,71900,0.9945824282600666
1,72000,0.9945824282600666
1,72100,0.9945894591012908
1,72200,0.9943777451723853
1,72300,0.9943777451723853
1,72400,0.9937020460881436
1,72500,0.9940369538855373
1,72600,0.9937182170167616
1,72700,0.9938192310011107
1,72800,0.9939510119225372
1,72900,0.983096613558437
1,73000,0.9937384392689386
1,73100,0.9939515949150011
1,73200,0.9844882596073027
1,73300,0.9936990790422688
1,73400,0.9905911431655355
1,73500,0.9942766858155228
1,73600,0.9939510119225372
1,73700,0.9854242136234251
1,73800,0.993832210059411
1,73900,0.984694336268369
1,74000,0.9940537095923236
1,74100,0.9940993456974082
1,74200,0.9939510119225372
1,74300,0.9933035671992333
1,74400,0.9940032964897441
1,74500,0.9855688355301127
1,74600,0.9942773178104892
1,74700,0.9834785832474595
1,74800,0.9937372384123416
1,74900,0.9942773178104892
1,75000,0.9942773178104892
1,75100,0.9944616463820733
1,75200,0.9942773178104892
1,75300,0.9937557125412947
1,75400,0.9942773178104892
1,75500,0.9904817184061304
1,75600,0.9939510119225372
1,75700,0.994189670683099
1,75800,0.9855688355301127
1,75900,0.9936990790422688
1,76000,0.9843106299869373
1,76100,0.9942431173517484
1,76200,0.9935152284046029
1,76300,0.9942773178104892
1,76400,0.9855688355301127
1,76500,0.9907147231034105
1,76600,0.9855688355301127
1,76700,0.984694336268369
1,76800,0.9855062733755802
1,76900,0.9934218447311374
1,77000,0.9934218447311374
1,77100,0.9855688355301127
1,77200,0.9939515949150011
1,77300,0.9937182170167616
1,77400,0.9939515949150011
1,77500,0.9941306755165175
1,77600,0.994084874695681
1,77700,0.9937616315253055
1,77800,0.9934218447311374
1,77900,0.9931757669973894
1,78000,0.9937182170167616
1,78100,0.9942773178104892
1,78200,0.9942773178104892
1,78300,0.9942773178104892
1,78400,0.9884733874384737
1,78500,0.9936947463146213
1,78600,0.991137554579408
1,78700,0.9834785832474595
1,78800,0.9834785832474595
1,78900,0.9855688355301127
1,79000,0.9940369538855373
1,79100,0.9936990790422688
1,79200,0.9937182170167616
1,79300,0.9942773178104892
1,79400,0.9942773178104892
1,79500,0.9938083104646103
1,79600,0.9940369538855373
1,79700,0.9935152284046029
1,79800,0.9942773178104892
1,79900,0.9859599505602558
1,80000,0.9855688355301127
1,80100,0.9859599505602558
1,80200,0.9937182170167616
1,80300,0.9937210093142779
1,80400,0.9937210093142779
1,80500,0.9855688355301127
1,80600,0.9936990790422688
1,80700,0.9945222822616202
1,80800,0.9936761127948802
1,80900,0.9934537825357619
1,81000,0.9931807787372469
1,81100,0.9854242136234251
1,81200,0.9931757669973894
1,81300,0.9937616315253055
1,81400,0.9855688355301127
1,81500,0.9940022576441573
1,81600,0.9937616315253055
1,81700,0.9939510119225372
1,81800,0.9855688355301127
1,81900,0.9936990790422688
1,82000,0.994084874695681
1,82100,0.994189670683099
1,82200,0.9855688355301127
1,82300,0.9855688355301127
1,82400,0.9855465045239935
1,82500,0.9939510119225372
1,82600,0.9937616315253055
1,82700,0.9933486245306088
1,82800,0.9934537825357619
1,82900,0.9940198547830383
1,83000,0.9940198547830383
1,83100,0.9944745693418514
1,83200,0.9941922282547199
1,83300,0.9940071705567407
1,83400,0.994412903942065
1,83500,0.9934679847200378
1,83600,0.984694336268369
1,83700,0.9938373661848376
1,83800,0.9934679847200378
1,83900,0.9924195791552481
1,84000,0.9940198547830383
1,84100,0.9938083215875332
1,84200,0.9927232448797362
1,84300,0.9937942524240372
1,84400,0.9837280383347412
1,84500,0.9935777972918557
1,84600,0.9893997219934881
1,84700,0.9941922282547199
1,84800,0.984510835618936
1,84900,0.9934537825357619
1,85000,0.9938527415344178
1,85100,0.9931807787372469
1,85200,0.9846445512030838
1,85300,0.9944764177833412
1,85400,0.9939491197192267
1,85500,0.9943493606582318
1,85600,0.9940663267931754
1,85700,0.9939491197192267
1,85800,0.9926856687428764
1,85900,0.9934679847200378
1,86000,0.9939515949150011
1,86100,0.9947805854483374
1,86200,0.983628498499875
1,86300,0.994084874695681
1,86400,0.9938527415344178
1,86500,0.9935772426670743
1,86600,0.9935772426670743
1,86700,0.984694336268369
1,86800,0.9938527415344178
1,86900,0.9851118572758752
1,87000,0.994189670683099
1,87100,0.9939515949150011
1,87200,0.982660884247218
1,87300,0.9942773178104892
1,87400,0.9939174635036003
1,87500,0.9939174635036003
1,87600,0.9942180072299974
1,87700,0.9835562124226819
1,87800,0.9938175600173289
1,87900,0.9938175600173289
1,88000,0.9942180072299974
1,88100,0.9942180072299974
1,88200,0.9942106794939758
1,88300,0.9939174635036003
1,88400,0.9933409676801195
1,88500,0.9877633578556875
1,88600,0.9941590467361929
1,88700,0.9937050613512254
1,88800,0.9938175600173289
1,88900,0.9937050613512254
1,89000,0.9915513856745944
1,89100,0.983258034647655
1,89200,0.9914205067126692
1,89300,0.9835061562227002
1,89400,0.9836675869432743
1,89500,0.9944582302683631
1,89600,0.9931912488754973
1,89700,0.9945233486542718
1,89800,0.9943189910447705
1,89900,0.9945344381294235
1,90000,0.9935863752764416
1,90100,0.9937588913501789
1,90200,0.9944582302683631
1,90300,0.9944242592962184
1,90400,0.9838439100399605
1,90500,0.9946416910909105
1,90600,0.9939731825710572
1,90700,0.9935988835187087
1,90800,0.9931912488754973
1,90900,0.9916593939350032
1,91000,0.9935863752764416
1,91100,0.9833333611625071
1,91200,0.9935988835187087
1,91300,0.9938175600173289
1,91400,0.9939249047407922
1,91500,0.9935205751160893
1,91600,0.9938175600173289
1,91700,0.9831169457695826
1,91800,0.9938175600173289
1,91900,0.9834659935882392
1,92000,0.9939174635036003
1,92100,0.9834659935882392
1,92200,0.9935863752764416
1,92300,0.9828758019802672
1,92400,0.994213323074463
1,92500,0.9944582302683631
1,92600,0.9944242592962184
1,92700,0.9944242592962184
1,92800,0.9938175600173289
1,92900,0.9939697806865192
1,93000,0.994213323074463
1,93100,0.991829092627691
1,93200,0.9943359113622227
1,93300,0.9832579086645952
1,93400,0.9837894906083813
1,93500,0.9945344381294235
1,93600,0.9944582302683631
1,93700,0.9944582302683631
1,93800,0.9944582302683631
1,93900,0.9941941468287872
1,94000,0.995222270415632
1,94100,0.9956131069314103
1,94200,0.9941671910836786
1,94300,0.9942554320626842
1,94400,0.9836902016406189
1,94500,0.9837894906083813
1,94600,0.9948011419468099
1,94700,0.9840746219966047
1,94800,0.9948011419468099
1,94900,0.9880509968959401
1,95000,0.9837894906083813
1,95100,0.9943591380392703
1,95200,0.9944582302683631
1,95300,0.9944582302683631
1,95400,0.9943359113622227
1,95500,0.995215099833113
1,95600,0.9834709608567955
1,95700,0.983710708267883
1,95800,0.9938175600173289
1,95900,0.98929439789752
1,96000,0.983710708267883
1,96100,0.9938175600173289
1,96200,0.9937050613512254
1,96300,0.9836382890401715
1,96400,0.9944582302683631
1,96500,0.9944582302683631
1,96600,0.9944582302683631
1,96700,0.994800341664485
1,96800,0.9836382890401715
1,96900,0.9941671910836786
1,97000,0.9945887904841102
1,97100,0.9840263836669104
1,97200,0.9840263836669104
1,97300,0.9944582302683631
1,97400,0.9948011419468099
1,97500,0.9949740468440958
1,97600,0.9949489640615369
1,97700,0.994800341664485
1,97800,0.9840254570358179
1,97900,0.9840263836669104
1,98000,0.9945887904841102
1,98100,0.9956544182432189
1,98200,0.9949531089374437
1,98300,0.9955326516005824
1,98400,0.9905142014160442
1,98500,0.9841301900828039
1,98600,0.994804541301292
1,98700,0.9954523020448461
1,98800,0.9843101657353771
1,98900,0.9950921552897342
1,99000,0.9918912288882669
1,99100,0.9950484443783046
1,99200,0.9954671928912072
1,99300,0.9882892318409652
1,99400,0.9846203984061542
1,99500,0.9843101657353771
1,99600,0.9955326516005824
1,99700,0.9843101657353771
1,99800,0.9952632443232872
1,99900,0.9830967169159567
1,100000,0.9953136459517457
1,100100,0.9952742073567393
1,100200,0.9924585236329078
1,100300,0.9843101657353771
1,100400,0.9950921552897342
1,100500,0.9841572135517754
1,100600,0.9919961381635056
1,100700,0.9949938008421626
1,100800,0.9843101657353771
1,100900,0.9953136459517457
1,101000,0.9952742073567393
1,101100,0.9835287345211468
1,101200,0.9955719888085591
1,101300,0.9855770686313885
1,101400,0.9826819447045951
1,101500,0.9852577441127648
1,101600,0.9838060978725855
1,101700,0.9953136459517457
1,101800,0.9843101657353771
1,101900,0.9954671928912072
1,102000,0.9944891806743453
1,102100,0.9845962779479339
1,102200,0.9845962779479339
1,102300,0.9840746219966047
1,102400,0.9956544182432189
1,102500,0.9844733358692802
1,102600,0.9949531089374437
1,102700,0.9922497600227514
1,102800,0.9947860057881691
1,102900,0.9947641918240282
1,103000,0.9947641918240282
1,103100,0.9844733358692802
1,103200,0.9843101657353771
1,103300,0.9950921552897342
1,103400,0.9844733358692802
1,103500,0.9950921552897342
1,103600,0.9841301900828039
1,103700,0.9950921552897342
1,103800,0.9949938008421626
1,103900,0.9944823144203377
1,104000,0.9830967169159567
1,104100,0.9818657408384844
1,104200,0.994792501726503
1,104300,0.994792501726503
1,104400,0.9838060978725855
1,104500,0.981971989205643
1,104600,0.994792501726503
1,104700,0.9953136459517457
1,104800,0.9822272338368121
1,104900,0.9824785062267684
1,105000,0.9951018987567097
1,105100,0.9953385051532077
1,105200,0.9957662025440359
1,105300,0.9952223086984029
1,105400,0.9958049942799143
1,105500,0.9959477582328116
1,105600,0.9835936071851689
1,105700,0.9954522433671602
1,105800,0.9960573087576633
1,105900,0.9954006062527573
1,106000,0.995636385956484
1,106100,0.9954006062527573
1,106200,0.9960573087576633
1,106300,0.9843849105298724
1,106400,0.9922878663873896
1,106500,0.9841447489978975
1,106600,0.9954900184270906
1,106700,0.995723261898451
1,106800,0.9955466886089472
1,106900,0.9883466690453834
1,107000,0.995723261898451
1,107100,0.996249602323121
1,107200,0.9959046268972055
1,107300,0.9960396303460095
1,107400,0.9963576985706629
1,107500,0.9954411317558696
1,107600,0.9959126912652098
1,107700,0.9835241280860246
1,107800,0.9959671395172411
1,107900,0.99597985550293
1,108000,0.9835241280860246
1,108100,0.9850126992016844
1,108200,0.9956511168382747
1,108300,0.995985862686333
1,108400,0.9868691762663827
1,108500,0.9833276356738693
1,108600,0.9965496303154778
1,108700,0.9965496303154778
1,108800,0.995852184658518
1,108900,0.9962697351678371
1,109000,0.989656866375524
1,109100,0.9838029278759514
1,109200,0.9963696692922029
1,109300,0.9966272084886375
1,109400,0.9842994902038692
1,109500,0.9968176234969002
1,109600,0.9965840976793311
1,109700,0.9964229596941117
1,109800,0.9964855955875056
1,109900,0.9965840976793311
1,110000,0.9964896345527567
1,110100,0.9931259382495405
1,110200,0.9966851159247275
1,110300,0.9966851159247275
1,110400,0.9961061921142353
1,110500,0.9966851159247275
1,110600,0.9966493047891309
1,110700,0.9965359694737944
1,110800,0.9965361802592491
1,110900,0.9969249220333891
1,111000,0.9963338577261368
1,111100,0.9833276356738693
1,111200,0.9965359694737944
1,111300,0.9966851159247275
1,111400,0.9962697351678371
1,111500,0.9965496303154778
1,111600,0.9827639205388935
1,111700,0.9960841539101852
1,111800,0.9958866085206336
1,111900,0.9835241280860246
1,112000,0.9960841539101852
1,112100,0.9958866085206336
1,112200,0.9835241280860246
1,112300,0.9827639205388935
1,112400,0.9827639205388935
1,112500,0.9956269625862032
1,112600,0.995913375546601
1,112700,0.995675113295218
1,112800,0.9927353502118483
1,112900,0.9824788700729593
1,113000,0.9914285969478254
1,113100,0.9959410834890168
1,113200,0.9958541693270097
1,113300,0.996146700801514
1,113400,0.9829920699353618
1,113500,0.9953800491098937
1,113600,0.9959959742334609
1,113700,0.995985862686333
1,113800,0.9957448380187833
1,113900,0.9903660938883864
1,114000,0.99680341577825
1,114100,0.9960174183325905
1,114200,0.996063650948545
1,114300,0.996063650948545
1,114400,0.9962995698744592
1,114500,0.9829287503083358
1,114600,0.9954682061335759
1,114700,0.9956511168382747
1,114800,0.9834520990187645
1,114900,0.9956081077989197
1,115000,0.9960841539101852
1,115100,0.995206845564787
1,115200,0.9959959742334609
1,115300,0.995797815984563
1,115400,0.9959405815774951
1,115500,0.9956579981433994
1,115600,0.9954006062527573
1,115700,0.9831053031668902
1,115800,0.9953189756656128
1,115900,0.9919582148170606
1,116000,0.9953866767476492
1,116100,0.9831822390393665
1,116200,0.9955195338554104
1,116300,0.9827739760717401
1,116400,0.99551819698042
1,116500,0.9831053031668902
1,116600,0.9958603094392271
1,116700,0.9959139594813234
1,116800,0.9958603094392271
1,116900,0.9953772035784901
1,117000,0.9828518475323673
1,117100,0.9916141470197675
1,117200,0.9827739760717401
1,117300,0.9958049942799143
1,117400,0.9958603094392271
1,117500,0.9832298024528695
1,117600,0.9833451647841877
1,117700,0.9830888151304039
1,117800,0.99562584698003
1,117900,0.9833451647841877
1,118000,0.9954006062527573
1,118100,0.9959220563930711
1,118200,0.9955087194284887
1,118300,0.9827739760717401
1,118400,0.9960462993702076
1,118500,0.9953376356917905
1,118600,0.995299682439207
1,118700,0.9838436114839412
1,118800,0.9958311366429695
1,118900,0.995797815984563
1,119000,0.995299682439207
1,119100,0.9954006062527573
1,119200,0.9955084984223702
1,119300,0.9959051494184388
1,119400,0.9956679526271166
1,119500,0.99562584698003
1,119600,0.9833451647841877
1,119700,0.9830888151304039
1,119800,0.9923765309138347
1,119900,0.9838436114839412
1,120000,0.9838436114839412
1,120100,0.9956983526904645
1,120200,0.9957419318734162
1,120300,0.995166643145983
1,120400,0.9830888151304039
1,120500,0.9958645351746104
1,120600,0.9959689319010219
1,120700,0.9956801671481889
1,120800,0.9824788700729593
1,120900,0.982806258628693
1,121000,0.982806258628693
1,121100,0.9954411317558696
1,121200,0.9954411317558696
1,121300,0.9955132028492533
1,121400,0.9957448380187833
1,121500,0.9955174113925516
1,121600,0.9900479384442001
1,121700,0.995381602034923
1,121800,0.9959817569829529
1,121900,0.9833513966461629
1,122000,0.9812782979608984
1,122100,0.9961916229874213
1,122200,0.9956152339700675
1,122300,0.9956152339700675
1,122400,0.9957298689132903
1,122500,0.9957448380187833
1,122600,0.9956511168382747
1,122700,0.9835241280860246
1,122800,0.9835171359860735
1,122900,0.9956511168382747
1,123000,0.9958336947152665
1,123100,0.983102536581363
1,123200,0.9958748515734847
1,123300,0.983102536581363
1,123400,0.9961738734713907
1,123500,0.983202821340021
1,123600,0.9962995698744592
1,123700,0.9961916229874213
1,123800,0.9958336947152665
1,123900,0.9958336947152665
1,124000,0.9835171359860735
1,124100,0.9958142200480614
1,124200,0.9956511168382747
1,124300,0.9955132028492533
1,124400,0.996146700801514
1,124500,0.996146700801514
1,124600,0.9954411317558696
1,124700,0.9961705215688713
1,124800,0.995446195686703
1,124900,0.9956152339700675
1,125000,0.9958336947152665
1,125100,0.9860103875889752
1,125200,0.9951398737185255
1,125300,0.9960801400019366
1,125400,0.9954411317558696
1,125500,0.9961705215688713
1,125600,0.9833187056721093
1,125700,0.9957055359305154
1,125800,0.9954411317558696
1,125900,0.9957448380187833
1,126000,0.9958778493050632
1,126100,0.9957448380187833
1,126200,0.9956539629697718
1,126300,0.9962995698744592
1,126400,0.9834466412258582
1,126500,0.9836158754190949
1,126600,0.9962413167435742
1,126700,0.9812715628978208
1,126800,0.9812715628978208
1,126900,0.9962995698744592
1,127000,0.9958336947152665
1,127100,0.9958336947152665
1,127200,0.993833128106151
1,127300,0.9958336947152665
1,127400,0.9962995698744592
1,127500,0.9834466412258582
1,127600,0.9957490263404772
1,127700,0.9957490263404772
1,127800,0.9955944201007726
1,127900,0.9957490263404772
1,128000,0.9812715628978208
1,128100,0.9957285778428754
1,128200,0.9957448380187833
1,128300,0.9837412722764629
1,128400,0.9963576985706629
1,128500,0.9954411317558696
1,128600,0.9960801400019366
1,128700,0.9957285778428754
1,128800,0.9811016445437423
1,128900,0.9956539629697718
1,129000,0.9963576985706629
1,129100,0.9957285778428754
1,129200,0.9958336947152665
1,129300,0.9833345106317771
1,129400,0.9963576985706629
1,129500,0.9829876973069276
1,129600,0.9957285778428754
1,129700,0.9957285778428754
1,129800,0.9958336947152665
1,129900,0.9829876973069276
1,130000,0.982806258628693
1,130100,0.9961605771287828
1,130200,0.9829183033286553
1,130300,0.9953723659657608
1,130400,0.9957448380187833
1,130500,0.9909939547839908
1,130600,0.9953723659657608
1,130700,0.9961705215688713
1,130800,0.9833345106317771
1,130900,0.9811016445437423
1,131000,0.9963750766951694
1,131100,0.9965498717168807
1,131200,0.99637507211621
1,131300,0.9957895398450928
1,131400,0.9962995698744592
1,131500,0.9958336947152665
1,131600,0.9958336947152665
1,131700,0.9961605771287828
1,131800,0.9956510154441204
1,131900,0.982800204052439
1,132000,0.995681979301963
1,132100,0.9833187056721093
1,132200,0.982800204052439
1,132300,0.9956152339700675
1,132400,0.9833187056721093
1,132500,0.9958336947152665
1,132600,0.9898969388881828
1,132700,0.9956511168382747
1,132800,0.9958336947152665
1,132900,0.9956511168382747
1,133000,0.9958336947152665
1,133100,0.9835171359860735
1,133200,0.9963576985706629
1,133300,0.9958289693886687
1,133400,0.9955577339205162
1,133500,0.9812715628978208
1,133600,0.99637507211621
1,133700,0.9965088698054773
1,133800,0.9959968056062203
1,133900,0.9959139394473567
1,134000,0.9965088698054773
1,134100,0.9955577339205162
1,134200,0.9958336947152665
1,134300,0.9833187056721093
1,134400,0.982800204052439
1,134500,0.996146700801514
1,134600,0.996146700801514
1,134700,0.9847877252564683
1,134800,0.9961605771287828
1,134900,0.9831566484282668
1,135000,0.996146700801514
1,135100,0.9963380099585694
1,135200,0.9960434334423153
1,135300,0.9819174450358714
1,135400,0.98395366181884
1,135500,0.995723261898451
1,135600,0.9963624327056274
1,135700,0.9959959742334609
1,135800,0.9960159168793473
1,135900,0.9958335306147993
1,136000,0.9835241280860246
1,136100,0.9958336947152665
1,136200,0.9958336947152665
1,136300,0.9962252850455575
1,136400,0.9880118148497076
1,136500,0.9962446988486799
1,136600,0.9954411317558696
1,136700,0.9829819804494658
1,136800,0.9962252850455575
1,136900,0.9954411317558696
1,137000,0.9962446988486799
1,137100,0.9829819804494658
1,137200,0.9906452004786734
1,137300,0.996146700801514
1,137400,0.996146700801514
1,137500,0.995797815984563
1,137600,0.9963247972007228
1,137700,0.9963804949576976
1,137800,0.9915693251886818
1,137900,0.9962818536647428
1,138000,0.9835373078220506
1,138100,0.9838696811083398
1,138200,0.9902668268567562
1,138300,0.995753610715793
1,138400,0.9835373078220506
1,138500,0.9813349009555696
1,138600,0.9962756169673692
1,138700,0.9839030904433647
1,138800,0.995753610715793
1,138900,0.9813349009555696
1,139000,0.9962756169673692
1,139100,0.9958021480582397
1,139200,0.9819174450358714
1,139300,0.9962756169673692
1,139400,0.9878652838043936
1,139500,0.9957900111978119
1,139600,0.9962756169673692
1,139700,0.9878388516934667
1,139800,0.9815196674625678
1,139900,0.9833451647841877
1,140000,0.9815196674625678
1,140100,0.9958122289580886
1,140200,0.9958021480582397
1,140300,0.9835373078220506
1,140400,0.9958021480582397
1,140500,0.9835238588246675
1,140600,0.995471115730865
1,140700,0.9829970724820926
1,140800,0.9950966423515427
1,140900,0.9835238588246675
1,141000,0.9959853808986175
1,141100,0.98395366181884
1,141200,0.9958311366429695
1,141300,0.98395366181884
1,141400,0.9963042290858802
1,141500,0.98395366181884
1,141600,0.9962357583544946
1,141700,0.9962742087197092
1,141800,0.9962742087197092
1,141900,0.9963247972007228
1,142000,0.9843150332720721
1,142100,0.9958311366429695
1,142200,0.9960196506323074
1,142300,0.9959959742334609
1,142400,0.9955893762771821
1,142500,0.9829876973069276
1,142600,0.9955893762771821
1,142700,0.9959615628360363
1,142800,0.9955893762771821
1,142900,0.9962252850455575
1,143000,0.984011986923317
1,143100,0.9957397745350768
1,143200,0.9958336947152665
1,143300,0.9959615628360363
1,143400,0.9959615628360363
1,143500,0.9958834251675849
1,143600,0.9959069245328018
1,143700,0.9958689861556254
1,143800,0.9957433541041968
1,143900,0.9929127754484264
1,144000,0.9896842218584384
1,144100,0.9955282792904288
1,144200,0.9962032623323402
1,144300,0.9962032623323402
1,144400,0.9965269355446464
1,144500,0.9824788700729593
1,144600,0.9955893762771821
1,144700,0.996146700801514
1,144800,0.9825575652478867
1,144900,0.9824788700729593
1,145000,0.9960434334423153
1,145100,0.9962229308563496
1,145200,0.9958727634860007
1,145300,0.996146700801514
1,145400,0.9959959742334609
1,145500,0.995848158620675
1,145600,0.9963718303035302
1,145700,0.9807736762021262
1,145800,0.9963576985706629
1,145900,0.9962446988486799
1,146000,0.9958689861556254
1,146100,0.9962252850455575
1,146200,0.9961705215688713
1,146300,0.9962446988486799
1,146400,0.9963576985706629
1,146500,0.983609002650678
1,146600,0.9955893762771821
1,146700,0.9962446988486799
1,146800,0.9961705215688713
1,146900,0.9962252850455575
1,147000,0.9964874142875096
1,147100,0.9959615628360363
1,147200,0.9931597769866621
1,147300,0.996014131146742
1,147400,0.9817407679537605
1,147500,0.9924864489613221
1,147600,0.9966395761887984
1,147700,0.9966395761887984
1,147800,0.9966395761887984
1,147900,0.9961192457391078
1,148000,0.9964895375822108
1,148100,0.9964178954742127
1,148200,0.9959069245328018
1,148300,0.9957895398450928
1,148400,0.9813416459260648
1,148500,0.9957558904590331
1,148600,0.9959615628360363
1,148700,0.9959615628360363
1,148800,0.9916083732375309
1,148900,0.9959069245328018
1,149000,0.9963887079406556
1,149100,0.9961653728393636
1,149200,0.9818359268778216
1,149300,0.9818359268778216
1,149400,0.9958336947152665
1,149500,0.9959857922795192
1,149600,0.9959615628360363
1,149700,0.9965708248891381
1,149800,0.9931597769866621
1,149900,0.996032583678174
1,150000,0.9962019514801495
1,150100,0.9960388424197567
1,150200,0.9958834251675849
1,150300,0.9819403199998248
1,150400,0.9961299725656748
1,150500,0.9960441115204572
1,150600,0.995594940333385
1,150700,0.9960078197604905
1,150800,0.9818359268778216
1,150900,0.9961653728393636
1,151000,0.9962173282459038
1,151100,0.9959742650055834
1,151200,0.9819403199998248
1,151300,0.9813416459260648
1,151400,0.9813997511224367
1,151500,0.9961983898949244
1,151600,0.9825575652478867
1,151700,0.996657697831133
1,151800,0.996146700801514
1,151900,0.992525748904863
1,152000,0.9921647564904044
1,152100,0.9963042290858802
1,152200,0.9959689319010219
1,152300,0.9815196674625678
1,152400,0.9835373078220506
1,152500,0.9922535367559996
1,152600,0.9835373078220506
1,152700,0.9957900111978119
1,152800,0.9835373078220506
1,152900,0.9958021480582397
1,153000,0.9952957401359732
1,153100,0.9958021480582397
1,153200,0.9858342920922876
1,153300,0.9834805160384296
1,153400,0.9952170120348673
1,153500,0.9958144621876255
1,153600,0.9921194086869934
1,153700,0.995548343480131
1,153800,0.9830604415154207
1,153900,0.9954035014486533
1,154000,0.9953352595501646
1,154100,0.9831847976613155
1,154200,0.9954352098904002
1,154300,0.9830439720339238
1,154400,0.9956139819564883
1,154500,0.9879579781231365
1,154600,0.9954445470492073
1,154700,0.9951355797195297
1,154800,0.9863028875601492
1,154900,0.9830604415154207
1,155000,0.9830604415154207
1,155100,0.9955830331293799
1,155200,0.9954529907442323
1,155300,0.9911176313427592
1,155400,0.9952749857055443
1,155500,0.9956814212285677
1,155600,0.9814586873373798
1,155700,0.9814586873373798
1,155800,0.9957936076620404
1,155900,0.995112015081435
1,156000,0.981352270350352
1,156100,0.9953383507990569
1,156200,0.9820004283591891
1,156300,0.9960075554738218
1,156400,0.9814065569130881
1,156500,0.9922514228728501
1,156600,0.9960740597538881
1,156700,0.9950693066458121
1,156800,0.9945156775783637
1,156900,0.994790303773902
1,157000,0.9960740597538881
1,157100,0.9960740597538881
1,157200,0.9960740597538881
1,157300,0.9814586873373798
1,157400,0.9918830480646719
1,157500,0.9827053233690325
1,157600,0.9830439720339238
1,157700,0.9830439720339238
1,157800,0.9914903176040007
1,157900,0.9921326294967903
1,158000,0.990365199248674
1,158100,0.9919094153535103
1,158200,0.9956333857743913
1,158300,0.9835373078220506
1,158400,0.9957900111978119
1,158500,0.9956333857743913
1,158600,0.9921326294967903
1,158700,0.9836976809975353
1,158800,0.9836976809975353
1,158900,0.990151297668225
1,159000,0.9836976809975353
1,159100,0.9954445470492073
1,159200,0.9954445470492073
1,159300,0.9960283512629179
1,159400,0.9831847976613155
1,159500,0.9835178196544713
1,159600,0.9836976809975353
1,159700,0.9956333857743913
1,159800,0.9961835766719602
1,159900,0.9836976809975353
1,160000,0.9955764756414772
1,160100,0.9900626970496239
1,160200,0.9962788261449854
1,160300,0.9957745692653227
1,160400,0.9958144621876255
1,160500,0.9836976809975353
1,160600,0.9902994036716954
1,160700,0.9961835766719602
1,160800,0.9915967488295272
1,160900,0.9955239987886365
1,161000,0.983328926924063
1,161100,0.9955764756414772
1,161200,0.9954780409399417
1,161300,0.9962788261449854
1,161400,0.9836976809975353
1,161500,0.9957745692653227
1,161600,0.9836976809975353
1,161700,0.9961835766719602
1,161800,0.9960283512629179
1,161900,0.9954780409399417
1,162000,0.9962788261449854
1,162100,0.9835178196544713
1,162200,0.9956333857743913
1,162300,0.9836976809975353
1,162400,0.9836976809975353
1,162500,0.9838020160201836
1,162600,0.9956779786374923
1,162700,0.9835442401839468
1,162800,0.9830604415154207
1,162900,0.9829964784928296
1,163000,0.9838020160201836
1,163100,0.9961264603956527
1,163200,0.9838020160201836
1,163300,0.9879579781231365
1,163400,0.9962788261449854
1,163500,0.9954780409399417
1,163600,0.9954445470492073
1,163700,0.9836976809975353
1,163800,0.9921326294967903
1,163900,0.9962788261449854
1,164000,0.9954780409399417
1,164100,0.9913894681450318
1,164200,0.9957961748578614
1,164300,0.9826153141146157
1,164400,0.9903415696544791
1,164500,0.9831847976613155
1,164600,0.9954445470492073
1,164700,0.983328926924063
1,164800,0.9960283512629179
1,164900,0.9960283512629179
1,165000,0.995320718941201
1,165100,0.982861369051728
1,165200,0.9961451729869537
1,165300,0.9959191198978775
1,165400,0.9826426010059883
1,165500,0.9963900404320158
1,165600,0.9958058481910917
1,165700,0.9959191198978775
1,165800,0.9959191198978775
1,165900,0.9820302499570375
1,166000,0.9958058481910917
1,166100,0.9920400716328079
1,166200,0.9958792993469622
1,166300,0.983328926924063
1,166400,0.9955239987886365
1,166500,0.9961229110125612
1,166600,0.9825424550103242
1,166700,0.9960283512629179
1,166800,0.9957803427101027
1,166900,0.9838020160201836
1,167000,0.9960955528017685
1,167100,0.9961835766719602
1,167200,0.9830604415154207
1,167300,0.9830604415154207
1,167400,0.9955239987886365
1,167500,0.982861369051728
1,167600,0.9913618481350324
1,167700,0.983328926924063
1,167800,0.9961229110125612
1,167900,0.9961229110125612
1,168000,0.9960283512629179
1,168100,0.9962651230341176
1,168200,0.9826426010059883
1,168300,0.9954529907442323
1,168400,0.9958552736272578
1,168500,0.9858871587650188
1,168600,0.9958237593811682
1,168700,0.9962900285573888
1,168800,0.9962900285573888
1,168900,0.9962900285573888
1,169000,0.996191100614393
1,169100,0.9914618928520383
1,169200,0.9960842451502803
1,169300,0.9826153141146157
1,169400,0.9962788261449854
1,169500,0.9836670084945072
1,169600,0.9838020160201836
1,169700,0.9965751465011753
1,169800,0.983328926924063
1,169900,0.9959191198978775
1,170000,0.9958552736272578
1,170100,0.9920400716328079
1,170200,0.9816380347761717
1,170300,0.9962900285573888
1,170400,0.9968410310026082
1,170500,0.9952132867544305
1,170600,0.98168398182766
1,170700,0.9926723955736224
1,170800,0.9816380347761717
1,170900,0.9962900285573888
1,171000,0.996082489125966
1,171100,0.992397741510301
1,171200,0.9960138494415214
1,171300,0.9958552736272578
1,171400,0.9826426010059883
1,171500,0.995826150834494
1,171600,0.9922626912688391
1,171700,0.982334767884233
1,171800,0.9961737299741844
1,171900,0.982334767884233
1,172000,0.9963363318866971
1,172100,0.9822045764109363
1,172200,0.9958552736272578
1,172300,0.9961112509476056
1,172400,0.98168398182766
1,172500,0.996704187172801
1,172600,0.9961112509476056
1,172700,0.9924656009860721
1,172800,0.9962878021766223
1,172900,0.990644239450046
1,173000,0.9962229864707359
1,173100,0.9963790412753478
1,173200,0.9961629326139453
1,173300,0.9962878021766223
1,173400,0.9961629326139453
1,173500,0.9810566817564146
1,173600,0.9812288382168652
1,173700,0.9961112509476056
1,173800,0.9807214748858862
1,173900,0.9961629326139453
1,174000,0.9962985871124368
1,174100,0.9964926101958681
1,174200,0.9964926101958681
1,174300,0.9917516744729714
1,174400,0.9807481506348013
1,174500,0.9957519069107891
1,174600,0.9958844510268925
1,174700,0.9953797804138071
1,174800,0.9829455555561535
1,174900,0.9869420545499271
1,175000,0.9818095769452071
1,175100,0.9818095769452071
1,175200,0.9924437618553028
1,175300,0.9962786349001742
1,175400,0.9961572931248169
1,175500,0.9812288382168652
1,175600,0.9958059169454074
1,175700,0.9956251777832476
1,175800,0.9959834489632098
1,175900,0.9959935064728281
1,176000,0.9963265497911856
1,176100,0.9811056316761758
1,176200,0.9961572931248169
1,176300,0.9924656009860721
1,176400,0.9960572362656703
1,176500,0.9961629326139453
1,176600,0.9964926101958681
1,176700,0.9811056316761758
1,176800,0.9811056316761758
1,176900,0.9924656009860721
1,177000,0.9961629326139453
1,177100,0.9806564211703113
1,177200,0.9964926101958681
1,177300,0.9952188201098253
1,177400,0.9965599779667814
1,177500,0.9955410388366055
1,177600,0.9953797804138071
1,177700,0.995863116260647
1,177800,0.9958535449981556
1,177900,0.990644239450046
1,178000,0.9961629326139453
1,178100,0.9967277607634469
1,178200,0.9966144609472876
1,178300,0.9811221377282104
1,178400,0.9962900285573888
1,178500,0.9811806686737726
1,178600,0.9966472625352453
1,178700,0.9924414006141722
1,178800,0.9816380347761717
1,178900,0.9811806686737726
1,179000,0.9961629326139453
1,179100,0.9813495234136327
1,179200,0.9844610047700273
1,179300,0.9965599779667814
1,179400,0.984046865802971
1,179500,0.9839538239490571
1,179600,0.984046865802971
1,179700,0.9968717057198881
1,179800,0.984046865802971
1,179900,0.9957102602074966
1,180000,0.9957749868618266
1,180100,0.9959935064728281
1,180200,0.9844113522695995
1,180300,0.9961629326139453
1,180400,0.9962229864707359
1,180500,0.9844113522695995
1,180600,0.981194342234371
1,180700,0.9812288382168652
1,180800,0.981194342234371
1,180900,0.990644239450046
1,181000,0.9963790412753478
1,181100,0.9967277607634469
1,181200,0.9811056316761758
1,181300,0.9816456726382564
1,181400,0.9967277607634469
1,181500,0.9812288382168652
1,181600,0.9844615344866797
1,181700,0.9959935064728281
1,181800,0.995863116260647
1,181900,0.9956308183670696
1,182000,0.9840421894301049
1,182100,0.9956308183670696
1,182200,0.9839667415672247
1,182300,0.9956308183670696
1,182400,0.984046865802971
1,182500,0.9959935064728281
1,182600,0.9811056316761758
1,182700,0.9959935064728281
1,182800,0.9898874358348487
1,182900,0.9812288382168652
1,183000,0.9956954020860238
1,183100,0.9960943350026037
1,183200,0.9811056316761758
1,183300,0.9964926101958681
1,183400,0.9958195240462219
1,183500,0.9811750283108733
1,183600,0.9958195240462219
1,183700,0.9965599779667814
1,183800,0.9957749868618266
1,183900,0.995863116260647
1,184000,0.9956747961708488
1,184100,0.9956500131427926
1,184200,0.9956423732798014
1,184300,0.9833316853271205
1,184400,0.9950500152207411
1,184500,0.9955001151069154
1,184600,0.9835972695537388
1,184700,0.9835972695537388
1,184800,0.9887194353791215
1,184900,0.9957095591819313
1,185000,0.9956500131427926
1,185100,0.9955028575596248
1,185200,0.995555358410991
1,185300,0.9955164585134995
1,185400,0.9821127333349997
1,185500,0.9821127333349997
1,185600,0.9958368684856982
1,185700,0.9820488729037408
1,185800,0.9955164585134995
1,185900,0.995483606698701
1,186000,0.9957166951984957
1,186100,0.9868026407900041
1,186200,0.9950797445707805
1,186300,0.9915139407827237
1,186400,0.9956513702639254
1,186500,0.9954287040110247
1,186600,0.9954287040110247
1,186700,0.9956513702639254
1,186800,0.9959562931948599
1,186900,0.981491335962793
1,187000,0.995064717675882
1,187100,0.9954437101541229
1,187200,0.995064717675882
1,187300,0.9834495685136675
1,187400,0.9952630080881845
1,187500,0.9942624389652827
1,187600,0.9952630080881845
1,187700,0.9840603711429095
1,187800,0.9828355650065188
1,187900,0.9942624389652827
1,188000,0.9942624389652827
1,188100,0.9901218180172068
1,188200,0.9834495685136675
1,188300,0.9942624389652827
1,188400,0.9952942105302464
1,188500,0.995064717675882
1,188600,0.995064717675882
1,188700,0.9810682197249035
1,188800,0.9956724430721567
1,188900,0.995407315818575
1,189000,0.9959039378439178
1,189100,0.9950651361010991
1,189200,0.9954287040110247
1,189300,0.9952853836018438
1,189400,0.9955164585134995
1,189500,0.9826364949466309
1,189600,0.9954031009200924
1,189700,0.9949150564353363
1,189800,0.9952691164820932
1,189900,0.9956164547357912
1,190000,0.9957253671760333
1,190100,0.9963587190615192
1,190200,0.9956082227144498
1,190300,0.9951768985105401
1,190400,0.9953421392454397
1,190500,0.9955923559186836
1,190600,0.9954287040110247
1,190700,0.9954287040110247
1,190800,0.9820488729037408
1,190900,0.9953254235492347
1,191000,0.9872571154361337
1,191100,0.9951058752771433
1,191200,0.9951058752771433
1,191300,0.9954034812010362
1,191400,0.9955164585134995
1,191500,0.981836510270169
1,191600,0.9818731940952931
1,191700,0.995483606698701
1,191800,0.9950370072556393
1,191900,0.9960335002646001
1,192000,0.9826364949466309
1,192100,0.995483606698701
1,192200,0.9817407633409965
1,192300,0.9950651361010991
1,192400,0.995407315818575
1,192500,0.9955708693782275
1,192600,0.9955708693782275
1,192700,0.9955708693782275
1,192800,0.9950290796100982
1,192900,0.9954287040110247
1,193000,0.9955767864687729
1,193100,0.9950290796100982
1,193200,0.9812070503784153
1,193300,0.9947289577497792
1,193400,0.9954287040110247
1,193500,0.9817468687923596
1,193600,0.9959562931948599
1,193700,0.9951768985105401
1,193800,0.995483606698701
1,193900,0.9954287040110247
1,194000,0.995483606698701
1,194100,0.9954287040110247
1,194200,0.9825041674956795
1,194300,0.9955767864687729
1,194400,0.9954287040110247
1,194500,0.9951768985105401
1,194600,0.9950797445707805
1,194700,0.9947289577497792
1,194800,0.9812070503784153
1,194900,0.9955708693782275
1,195000,0.9921321351030158
1,195100,0.995407315818575
1,195200,0.9955708693782275
1,195300,0.9955708693782275
1,195400,0.9950880589498966
1,195500,0.9947289577497792
1,195600,0.9958363175991644
1,195700,0.995082947503739
1,195800,0.9947289577497792
1,195900,0.9826748803974474
1,196000,0.9954287040110247
1,196100,0.9809930981766647
1,196200,0.9950797445707805
1,196300,0.9915139407827237
1,196400,0.9952920883821488
1,196500,0.981491335962793
1,196600,0.9915139407827237
1,196700,0.9950797445707805
1,196800,0.9954287040110247
1,196900,0.9825041674956795
1,197000,0.9899605063380515
1,197100,0.9812070503784153
1,197200,0.995736206758091
1,197300,0.9956734649808826
1,197400,0.9818731940952931
1,197500,0.9825041674956795
1,197600,0.9891118522813258
1,197700,0.9955846961224215
1,197800,0.9957095591819313
1,197900,0.9955164585134995
1,198000,0.9950370072556393
1,198100,0.9826364949466309
1,198200,0.9957095591819313
1,198300,0.9948501740774042
1,198400,0.9840303372904686
1,198500,0.9835972695537388
1,198600,0.9959245073911572
1,198700,0.9945400370166253
1,198800,0.9950027837198622
1,198900,0.9833295907318096
1,199000,0.995002997723723
1,199100,0.995184009968485
1,199200,0.9951921334001924
1,199300,0.9826364949466309
1,199400,0.9952633175530401
1,199500,0.9831295699161025
1,199600,0.9886356490638083
1,199700,0.9954891863324842
1,199800,0.9826364949466309
1,199900,0.9955164585134995
1,200000,0.9955164585134995
1,200100,0.9906173513268027
1,200200,0.9912089075477429
1,200300,0.9833295907318096
1,200400,0.9831295699161025
1,200500,0.9833295907318096
1,200600,0.9833295907318096
1,200700,0.9840303372904686
1,200800,0.9837992377733018
1,200900,0.9840303372904686
1,201000,0.9878494756211943
1,201100,0.9833316853271205
1,201200,0.9840303372904686
1,201300,0.994816271434257
1,201400,0.995028748954117
1,201500,0.9837452300479267
1,201600,0.9839667415672247
1,201700,0.995122637765008
1,201800,0.9959834489632098
1,201900,0.995028748954117
1,202000,0.9952054228490488
1,202100,0.9946019889335173
1,202200,0.9837452300479267
1,202300,0.9900870439897307
1,202400,0.9837452300479267
1,202500,0.995028748954117
1,202600,0.9835301135844705
1,202700,0.9959466598090696
1,202800,0.9949474893948963
1,202900,0.995432981930844
1,203000,0.9945408470436066
1,203100,0.9899543391873099
1,203200,0.9947933878434815
1,203300,0.9832903928713864
1,203400,0.9950027837198622
1,203500,0.98281052348176
1,203600,0.9955380032752162
1,203700,0.9826364949466309
1,203800,0.9951058752771433
1,203900,0.9954031009200924
1,204000,0.9833316853271205
1,204100,0.9837992377733018
1,204200,0.9837452300479267
1,204300,0.9833833921446098
1,204400,0.9895788478689699
1,204500,0.9833833921446098
1,204600,0.9953531307591041
1,204700,0.9954750943383242
1,204800,0.9833147937544934
1,204900,0.995863116260647
1,205000,0.9956091233544143
1,205100,0.9953098318929359
1,205200,0.9947714316374001
1,205300,0.9837452300479267
1,205400,0.9887030300813981
1,205500,0.9839152252179167
1,205600,0.9958844510268925
1,205700,0.996171556960901
1,205800,0.9804818797605932
1,205900,0.9808988780265994
1,206000,0.9917516744729714
1,206100,0.995863116260647
1,206200,0.9959504344596386
1,206300,0.9833147937544934
1,206400,0.9833147937544934
1,206500,0.9833147937544934
1,206600,0.9918678072138252
1,206700,0.995863116260647
1,206800,0.9833147937544934
1,206900,0.9954260289390264
1,207000,0.996171556960901
1,207100,0.995599594244841
1,207200,0.9958844510268925
1,207300,0.9803182351564979
1,207400,0.9803182351564979
1,207500,0.9960138494415214
1,207600,0.9958607841844848
1,207700,0.9955973028846777
1,207800,0.9853393986310182
1,207900,0.9920981444464498
1,208000,0.9959132855668975
1,208100,0.9808988780265994
1,208200,0.9923096516558252
1,208300,0.9808988780265994
1,208400,0.9957608552774587
1,208500,0.9958693200720354
1,208600,0.9917516744729714
1,208700,0.9914082432266504
1,208800,0.9958844510268925
1,208900,0.9958059169454074
1,209000,0.9804818797605932
1,209100,0.9920981444464498
1,209200,0.9961717124658012
1,209300,0.9810566817564146
1,209400,0.9816406051118787
1,209500,0.9810566817564146
1,209600,0.9960138494415214
1,209700,0.9816406051118787
1,209800,0.9820302499570375
1,209900,0.9821588452276385
1,210000,0.9826426010059883
1,210100,0.9954861608483715
1,210200,0.9962242558270574
1,210300,0.9953006602570545
1,210400,0.9957862984259179
1,210500,0.9959984773036787
1,210600,0.9914490716932466
1,210700,0.9821588452276385
1,210800,0.9957961748578614
1,210900,0.982505214330101
1,211000,0.996222401559516
1,211100,0.9959984773036787
1,211200,0.9825010271806638
1,211300,0.9959105444226564
1,211400,0.9959984773036787
1,211500,0.9959984773036787
1,211600,0.9962500404811915
1,211700,0.9825010271806638
1,211800,0.9960621536783892
1,211900,0.9966173918437055
1,212000,0.9823065138124845
1,212100,0.98257225624809
1,212200,0.982397153469577
1,212300,0.9957774382796474
1,212400,0.9964480918690605
1,212500,0.9966173918437055
1,212600,0.996061934213937
1,212700,0.9965497765015681
1,212800,0.9831410797776511
1,212900,0.9963247972007228
1,213000,0.9831410797776511
1,213100,0.9828798620399974
1,213200,0.9815196674625678
1,213300,0.9966173918437055
1,213400,0.9823065138124845
1,213500,0.9828798620399974
1,213600,0.9966173918437055
1,213700,0.9966173918437055
1,213800,0.9965472957600536
1,213900,0.9823065138124845
1,214000,0.9962395628670547
1,214100,0.9966626883425881
1,214200,0.9962330166320402
1,214300,0.9823133103280413
1,214400,0.9952537931167869
1,214500,0.9952537931167869
1,214600,0.9823133103280413
1,214700,0.9959309446985392
1,214800,0.9957961748578614
1,214900,0.9910395238262408
1,215000,0.9957961748578614
1,215100,0.9826426010059883
1,215200,0.9953095670288953
1,215300,0.9823972838828583
1,215400,0.9952028301516763
1,215500,0.9829082264561916
1,215600,0.990459320353012
1,215700,0.9953006602570545
1,215800,0.9959309446985392
1,215900,0.9959309446985392
1,216000,0.9914490716932466
1,216100,0.9957961748578614
1,216200,0.9954374473144596
1,216300,0.9826426010059883
1,216400,0.9816390797187091
1,216500,0.9818462536497453
1,216600,0.9908454912943448
1,216700,0.9957961748578614
1,216800,0.9957961748578614
1,216900,0.9952537931167869
1,217000,0.9952537931167869
1,217100,0.9961206352797233
1,217200,0.995358833938522
1,217300,0.995358833938522
1,217400,0.9956579455676088
1,217500,0.9914490716932466
1,217600,0.9903497469067204
1,217700,0.995358833938522
1,217800,0.9914490716932466
1,217900,0.9959309446985392
1,218000,0.995358833938522
1,218100,0.9960621536783892
1,218200,0.9963343170542713
1,218300,0.9823133103280413
1,218400,0.9957291644523023
1,218500,0.9914490716932466
1,218600,0.9960705080259252
1,218700,0.9961756879302822
1,218800,0.9959309446985392
1,218900,0.9960128244029982
1,219000,0.9953006602570545
1,219100,0.9826426010059883
1,219200,0.9960705080259252
1,219300,0.9821588452276385
1,219400,0.9960128244029982
1,219500,0.9959191198978775
1,219600,0.9820302499570375
1,219700,0.9954374473144596
1,219800,0.9954049729623837
1,219900,0.9956329628492708
1,220000,0.9960138494415214
1,220100,0.9916199553923418
1,220200,0.9806654251124663
1,220300,0.9809139761381563
1,220400,0.9958844510268925
1,220500,0.9958059169454074
1,220600,0.9917516744729714
1,220700,0.9953093730658416
1,220800,0.9803803078906521
1,220900,0.9834692843843502
1,221000,0.995028748954117
1,221100,0.9800182343253707
1,221200,0.995269431018241
1,221300,0.9842339073899654
1,221400,0.9837677185728038
1,221500,0.9837931129381116
1,221600,0.9945002486727261
1,221700,0.9946655069581284
1,221800,0.995028748954117
1,221900,0.9945002486727261
1,222000,0.9946655069581284
1,222100,0.9947172339838828
1,222200,0.9801482440221261
1,222300,0.9954937769452844
1,222400,0.9809862941958272
1,222500,0.9957789833668338
1,222600,0.9957789833668338
1,222700,0.9954500061331505
1,222800,0.9952188201098253
1,222900,0.9802876165801584
1,223000,0.9922197548603098
1,223100,0.9825608504569329
1,223200,0.9904799103302562
1,223300,0.9954090984344813
1,223400,0.9809251088278171
1,223500,0.9807310614737312
1,223600,0.9951692613853204
1,223700,0.9806654251124663
1,223800,0.9922197548603098
1,223900,0.9960138494415214
1,224000,0.9806654251124663
1,224100,0.9810878994470392
1,224200,0.9806654251124663
1,224300,0.9952819235185303
1,224400,0.9951692613853204
1,224500,0.9956349732177752
1,224600,0.9956349732177752
1,224700,0.9812315930308271
1,224800,0.9955543595233389
1,224900,0.9820302499570375
1,225000,0.995150007431545
1,225100,0.9821588452276385
1,225200,0.982446885018302
1,225300,0.9812315930308271
1,225400,0.9955892055050787
1,225500,0.9954374473144596
1,225600,0.9953775980379297
1,225700,0.9957047523893956
1,225800,0.9957961748578614
1,225900,0.9823133103280413
1,226000,0.9823133103280413
1,226100,0.9956579455676088
1,226200,0.9955547472413596
1,226300,0.9959984773036787
1,226400,0.9956579455676088
1,226500,0.9955547472413596
1,226600,0.9823133103280413
1,226700,0.9823133103280413
1,226800,0.9823133103280413
1,226900,0.9956005441014271
1,227000,0.9956579455676088
1,227100,0.9917087768883338
1,227200,0.9825054244613459
1,227300,0.9830604415154207
1,227400,0.9830604415154207
1,227500,0.9810679595021035
1,227600,0.9960289158359429
1,227700,0.9960289158359429
1,227800,0.9830604415154207
1,227900,0.9954453839518657
1,228000,0.9954523135423263
1,228100,0.9956579455676088
1,228200,0.9823133103280413
1,228300,0.9823628237018648
1,228400,0.9958792993469622
1,228500,0.9812315930308271
1,228600,0.9906621483329862
1,228700,0.9955251684020389
1,228800,0.9952400327135794
1,228900,0.9956901343646702
1,229000,0.9895556161073077
1,229100,0.9918606223912756
1,229200,0.9958237593811682
1,229300,0.980960207071801
1,229400,0.9951223884717176
1,229500,0.9952400327135794
1,229600,0.9804807329426636
1,229700,0.9952400327135794
1,229800,0.9805036407277266
1,229900,0.9802749898232035
1,230000,0.9953422049186822
1,230100,0.9802749898232035
1,230200,0.9957975263649866
1,230300,0.9957761322143559
1,230400,0.9802749898232035
1,230500,0.995015091403605
1,230600,0.995015091403605
1,230700,0.9956091233544143
1,230800,0.9945002486727261
1,230900,0.994816271434257
1,231000,0.9956091233544143
1,231100,0.995028748954117
1,231200,0.9945002486727261
1,231300,0.9944824024660669
1,231400,0.9799645714912768
1,231500,0.995015091403605
1,231600,0.9949053430940629
1,231700,0.9816232503452643
1,231800,0.9918913957220217
1,231900,0.9942422908661255
1,232000,0.9956091233544143
1,232100,0.994956851991012
1,232200,0.9831329583641484
1,232300,0.995015091403605
1,232400,0.9836058133216785
1,232500,0.9904137801058683
1,232600,0.9838770899120854
1,232700,0.9950396935490758
1,232800,0.9949053430940629
1,232900,0.9956091233544143
1,233000,0.994816271434257
1,233100,0.9801482440221261
1,233200,0.9956091233544143
1,233300,0.9942422908661255
1,233400,0.9797465723538996
1,233500,0.9836058133216785
1,233600,0.9956091233544143
1,233700,0.9920054409317786
1,233800,0.9949053430940629
1,233900,0.9947997050718945
1,234000,0.9902516764536834
1,234100,0.9947997050718945
1,234200,0.9801482440221261
1,234300,0.9802749898232035
1,234400,0.9956901343646702
1,234500,0.9851403758536982
1,234600,0.9854280877665398
1,234700,0.9813212708493582
1,234800,0.9813212708493582
1,234900,0.9954890748017696
1,235000,0.9955226639331792
1,235100,0.9955030295995128
1,235200,0.9959605758247371
1,235300,0.9961445207313666
1,235400,0.9957576159855569
1,235500,0.9805036407277266
1,235600,0.9802749898232035
1,235700,0.9955030295995128
1,235800,0.9800489742340746
1,235900,0.9954508761609544
1,236000,0.9806654251124663
1,236100,0.9910865626832153
1,236200,0.9805036407277266
1,236300,0.9913270177159103
1,236400,0.9951785980028542
1,236500,0.9951785980028542
1,236600,0.9800489742340746
1,236700,0.9910865626832153
1,236800,0.9803182351564979
1,236900,0.9952400327135794
1,237000,0.9955543595233389
1,237100,0.9818115947312868
1,237200,0.9951980566029253
1,237300,0.9954711405566617
1,237400,0.9906388179299409
1,237500,0.9954711405566617
1,237600,0.9810284119634074
1,237700,0.9904056403899075
1,237800,0.9812315930308271
1,237900,0.9949949611074782
1,238000,0.9952656280833395
1,238100,0.9812315930308271
1,238200,0.9908454912943448
1,238300,0.9908454912943448
1,238400,0.9803225431004541
1,238500,0.9802326168171002
1,238600,0.9893376108690112
1,238700,0.9815703733543286
1,238800,0.9955508273890695
1,238900,0.9823133103280413
1,239000,0.9823133103280413
1,239100,0.9951330118060697
1,239200,0.9911216076189836
1,239300,0.982356827676823
1,239400,0.995358833938522
1,239500,0.9817961844667089
1,239600,0.9899422308315138
1,239700,0.9957273754528033
1,239800,0.9955123259415792
1,239900,0.9955123259415792
1,240000,0.9957273754528033
1,240100,0.9914763624460364
1,240200,0.9953513200129888
1,240300,0.9958241540342737
1,240400,0.9957273754528033
1,240500,0.9959137425743871
1,240600,0.9962697825512689
1,240700,0.9960621954472184
1,240800,0.9959117187538802
1,240900,0.9959117187538802
1,241000,0.9806874416617338
1,241100,0.9961961373044929
1,241200,0.9808351733630589
1,241300,0.9810714026105034
1,241400,0.9787392016568347
1,241500,0.9961393572158256
1,241600,0.9793314911497462
1,241700,0.9958727634860007
1,241800,0.9786564161178632
1,241900,0.9959403582886435
1,242000,0.9964075594779596
1,242100,0.9961265074994167
1,242200,0.9799285694568323
1,242300,0.9793488415398229
1,242400,0.9961961373044929
1,242500,0.99518808031334
1,242600,0.9786564161178632
1,242700,0.9959117187538802
1,242800,0.9775788750122971
1,242900,0.987494818784282
1,243000,0.9953513200129888
1,243100,0.9952256410742752
1,243200,0.9820270795284608
1,243300,0.9826059011333148
1,243400,0.9821780722836195
1,243500,0.9827856278209959
1,243600,0.9958502455782677
1,243700,0.9955123259415792
1,243800,0.9825287496891801
1,243900,0.9799764826536411
1,244000,0.9805167552429981
1,244100,0.9955123259415792
1,244200,0.9958502455782677
1,244300,0.9962515792096274
1,244400,0.9867387114753925
1,244500,0.9806047990926494
1,244600,0.9959308686929009
1,244700,0.9962697825512689
1,244800,0.9962697825512689
1,244900,0.9959308686929009
1,245000,0.9805167552429981
1,245100,0.9952256410742752
1,245200,0.9826059011333148
1,245300,0.9914057495098981
1,245400,0.9826059011333148
1,245500,0.9800214595481319
1,245600,0.9800214595481319
1,245700,0.9957886692876506
1,245800,0.9820270795284608
1,245900,0.9957273754528033
1,246000,0.9953232218142168
1,246100,0.9958784595302019
1,246200,0.9958784595302019
1,246300,0.9958422665913113
1,246400,0.9872129771736599
1,246500,0.9958422665913113
1,246600,0.9826059011333148
1,246700,0.9952835584731731
1,246800,0.9957886692876506
1,246900,0.9821780722836195
1,247000,0.9886051954647463
1,247100,0.9962697825512689
1,247200,0.9955199006996244
1,247300,0.9957962424587653
1,247400,0.9783233180759819
1,247500,0.9805167552429981
1,247600,0.9805167552429981
1,247700,0.9960621954472184
1,247800,0.9847846090372292
1,247900,0.9959117187538802
1,248000,0.9806874416617338
1,248100,0.9960621954472184
1,248200,0.9787392016568347
1,248300,0.9794429570361816
1,248400,0.9957383166520676
1,248500,0.9960660723818672
1,248600,0.995857511765923
1,248700,0.9900466426399519
1,248800,0.9953478027389674
1,248900,0.9804275136637762
1,249000,0.9801468308372218
1,249100,0.9960196305967889
1,249200,0.9960767275762974
1,249300,0.9959683593789984
1,249400,0.9809462261575465
1,249500,0.9804793615085367
1,249600,0.996266108574498
1,249700,0.9961826971179012
1,249800,0.9849713092583733
1,249900,0.9802518947087646
1,250000,0.9956966718637199
1,250100,0.995606530498049
1,250200,0.9960767275762974
1,250300,0.9962387110144626
1,250400,0.9960196305967889
1,250500,0.9806496658674458
1,250600,0.9960660723818672
1,250700,0.9957278107313919
1,250800,0.9806496658674458
1,250900,0.9957278107313919
1,251000,0.9957278107313919
1,251100,0.9957278107313919
1,251200,0.9804793615085367
1,251300,0.9957278107313919
1,251400,0.9806496658674458
1,251500,0.9957070714438764
1,251600,0.9964806071557913
1,251700,0.9960767275762974
1,251800,0.9962061498591482
1,251900,0.9888075350778599
1,252000,0.9960196305967889
1,252100,0.98055356337323
1,252200,0.9955406413200615
1,252300,0.9955365499210658
1,252400,0.9960196305967889
1,252500,0.9946461429841039
1,252600,0.9963670343043729
1,252700,0.9966059243988323
1,252800,0.9961826971179012
1,252900,0.9961826971179012
1,253000,0.9959390157984958
1,253100,0.98055356337323
1,253200,0.9800886201330711
1,253300,0.9957278107313919
1,253400,0.9808015131051091
1,253500,0.9957070714438764
1,253600,0.9954455682000489
1,253700,0.9804793615085367
1,253800,0.9958336947152665
1,253900,0.9957278107313919
1,254000,0.98055356337323
1,254100,0.9958223956556622
1,254200,0.9957278107313919
1,254300,0.9808015131051091
1,254400,0.9960767275762974
1,254500,0.9960196305967889
1,254600,0.9955558030313146
1,254700,0.988520148448661
1,254800,0.9959825517967983
1,254900,0.9804793615085367
1,255000,0.9954346219134619
1,255100,0.9954800976391183
1,255200,0.9954800976391183
1,255300,0.9954800976391183
1,255400,0.9954346219134619
1,255500,0.9799826444329468
1,255600,0.98055356337323
1,255700,0.9955467684025966
1,255800,0.9960196305967889
1,255900,0.9959390157984958
1,256000,0.9962061498591482
1,256100,0.9808664637762574
1,256200,0.9867188027439476
1,256300,0.996434328025341
1,256400,0.996434328025341
1,256500,0.9964178581823805
1,256600,0.9960767275762974
1,256700,0.9959825517967983
1,256800,0.9804793615085367
1,256900,0.9801122590876287
1,257000,0.9958945776775177
1,257100,0.9959390157984958
1,257200,0.9959390157984958
1,257300,0.9800366880959175
1,257400,0.9959390157984958
1,257500,0.9963806093708722
1,257600,0.9848073601309136
1,257700,0.9954346219134619
1,257800,0.9955041337380786
1,257900,0.9799285694568323
1,258000,0.9787392016568347
1,258100,0.9787392016568347
1,258200,0.9889720014949865
1,258300,0.9956983526904645
1,258400,0.9858556304853751
1,258500,0.9960621954472184
1,258600,0.9960621954472184
1,258700,0.991203901524128
1,258800,0.9783233180759819
1,258900,0.9954908095694216
1,259000,0.9917911967600039
1,259100,0.9955199006996244
1,259200,0.9954908095694216
1,259300,0.9861712015193003
1,259400,0.9956776664353036
1,259500,0.9961961373044929
1,259600,0.9774660921263054
1,259700,0.9962420998140507
1,259800,0.9771875742747236
1,259900,0.9853125838957371
1,260000,0.9950148332315529
1,260100,0.9771875742747236
1,260200,0.9958650653511429
1,260300,0.9947715965127731
1,260400,0.9796984636427158
1,260500,0.991203901524128
1,260600,0.9959609901379742
1,260700,0.9961251724325882
1,260800,0.9955929280867725
1,260900,0.9789273262131511
1,261000,0.9786564161178632
1,261100,0.9960621954472184
1,261200,0.9783233180759819
1,261300,0.9914522354607059
1,261400,0.9959929027432656
1,261500,0.9805167552429981
1,261600,0.9891561765811457
1,261700,0.9954413120858323
1,261800,0.9823150366153279
1,261900,0.9954413120858323
1,262000,0.9914763624460364
1,262100,0.9957472826019663
1,262200,0.9823133103280413
1,262300,0.9958650653511429
1,262400,0.9953760392774416
1,262500,0.9777719190192048
1,262600,0.9772632867911386
1,262700,0.9960621954472184
1,262800,0.9803069199574731
1,262900,0.9960621954472184
1,263000,0.9961938818690496
1,263100,0.9960621954472184
1,263200,0.9963476360113489
1,263300,0.9965587304209991
1,263400,0.9961787680253008
1,263500,0.9958650653511429
1,263600,0.981481136790023
1,263700,0.9955123259415792
1,263800,0.9945629719360228
1,263900,0.9957273754528033
1,264000,0.9900204424272342
1,264100,0.9948921844433563
1,264200,0.9951910151972092
1,264300,0.9951910151972092
1,264400,0.9951910151972092
1,264500,0.9803072659607858
1,264600,0.9948746485324937
1,264700,0.995362229548999
1,264800,0.9823133103280413
1,264900,0.9768977257916467
1,265000,0.9948746485324937
1,265100,0.9951910151972092
1,265200,0.9951910151972092
1,265300,0.9954873383114183
1,265400,0.9870466185694414
1,265500,0.9956296219455862
1,265600,0.9950613884438276
1,265700,0.989625448301705
1,265800,0.9812315930308271
1,265900,0.9949133279277703
1,266000,0.995533802087899
1,266100,0.9900204424272342
1,266200,0.9909107756325892
1,266300,0.9951910151972092
1,266400,0.9949133279277703
1,266500,0.9955543595233389
1,266600,0.9805617138520007
1,266700,0.9904056403899075
1,266800,0.9957225977325508
1,266900,0.9904056403899075
1,267000,0.995113512283539
1,267100,0.9954873383114183
1,267200,0.9821388276222863
1,267300,0.995362229548999
1,267400,0.9791566986570718
1,267500,0.9906388179299409
1,267600,0.9904056403899075
1,267700,0.9949518282662975
1,267800,0.9952400327135794
1,267900,0.9957406999999672
1,268000,0.995399093195114
1,268100,0.9954215768643583
1,268200,0.9960150308764136
1,268300,0.9955792179011378
1,268400,0.9955792179011378
1,268500,0.9800489742340746
1,268600,0.9806654251124663
1,268700,0.9959125729284581
1,268800,0.9800489742340746
1,268900,0.9801523995125746
1,269000,0.9953191375438026
1,269100,0.9955543595233389
1,269200,0.9955543595233389
1,269300,0.9812315930308271
1,269400,0.9961387786250191
1,269500,0.9955543595233389
1,269600,0.9820302499570375
1,269700,0.9954711405566617
1,269800,0.9909107756325892
1,269900,0.9898677822268543
1,270000,0.995358833938522
1,270100,0.9962602491801263
1,270200,0.9796984636427158
1,270300,0.9957689655757034
1,270400,0.9800901794913762
1,270500,0.9783233180759819
1,270600,0.9789273262131511
1,270700,0.9961196044448796
1,270800,0.9783233180759819
1,270900,0.9783233180759819
1,271000,0.9780945268301035
1,271100,0.9959609901379742
1,271200,0.9961251724325882
1,271300,0.9959609901379742
1,271400,0.9780945268301035
1,271500,0.9907035131328478
1,271600,0.9961196044448796
1,271700,0.9793488415398229
1,271800,0.9961196044448796
1,271900,0.9959732398397421
1,272000,0.9958644918346792
1,272100,0.9961961373044929
1,272200,0.9961961373044929
1,272300,0.9958052584451299
1,272400,0.9794429570361816
1,272500,0.9863423237853904
1,272600,0.9882751352409983
1,272700,0.9962087203466866
1,272800,0.9959219297980251
1,272900,0.9961265074994167
1,273000,0.9961265074994167
1,273100,0.9793488415398229
1,273200,0.9793488415398229
1,273300,0.9793488415398229
1,273400,0.9799285694568323
1,273500,0.9958727634860007
1,273600,0.9957024169746429
1,273700,0.9793488415398229
1,273800,0.9789123093637198
1,273900,0.9961961373044929
1,274000,0.9953973885097094
1,274100,0.9959732398397421
1,274200,0.9787392016568347
1,274300,0.9789123093637198
1,274400,0.9783233180759819
1,274500,0.9959929027432656
1,274600,0.996186760544978
1,274700,0.9960078837877682
1,274800,0.9783233180759819
1,274900,0.9901058009468249
1,275000,0.978074684116481
1,275100,0.978074684116481
1,275200,0.9964693396532405
1,275300,0.9956656119660696
1,275400,0.996186760544978
1,275500,0.9961961373044929
1,275600,0.9959732398397421
1,275700,0.9961961373044929
1,275800,0.996186760544978
1,275900,0.9959609901379742
1,276000,0.9780945268301035
1,276100,0.9960060148447427
1,276200,0.9913862190073334
1,276300,0.9803072659607858
1,276400,0.995358833938522
1,276500,0.994130602110776
1,276600,0.9778205309665229
1,276700,0.9803072659607858
1,276800,0.9948835323308747
1,276900,0.9812315930308271
1,277000,0.995362229548999
1,277100,0.9956898066271476
1,277200,0.9946388082765069
1,277300,0.9771440238022745
1,277400,0.9822069434674892
1,277500,0.9908554571695873
1,277600,0.9816999511311453
1,277700,0.9950768185037914
1,277800,0.9955861767888138
1,277900,0.9915442578715561
1,278000,0.9958502455782677
1,278100,0.9954011040531701
1,278200,0.9950779931081928
1,278300,0.9958095448014589
1,278400,0.9808074065599446
1,278500,0.9784387706024742
1,278600,0.9918624788179605
1,278700,0.9857973203275201
1,278800,0.9781761017048358
1,278900,0.9788333202590247
1,279000,0.9786517667433527
1,279100,0.9889283962590757
1,279200,0.9954011040531701
1,279300,0.9786517667433527
1,279400,0.9958399878915006
1,279500,0.987701136856639
1,279600,0.9956918296482351
1,279700,0.9958076991816716
1,279800,0.9961961373044929
1,279900,0.9909346261497749
1,280000,0.996051962436042
1,280100,0.9954988204128795
1,280200,0.978810221020113
1,280300,0.978810221020113
1,280400,0.995716197938788
1,280500,0.9784387706024742
1,280600,0.9889917940713007
1,280700,0.9954011040531701
1,280800,0.9784066157458896
1,280900,0.9784387706024742
1,281000,0.9784387706024742
1,281100,0.9945308253307316
1,281200,0.9778205309665229
1,281300,0.9783111059650785
1,281400,0.9901448313482191
1,281500,0.9788333202590247
1,281600,0.9783233180759819
1,281700,0.9956918296482351
1,281800,0.9954749645926684
1,281900,0.9959582763647614
1,282000,0.9904581789152787
1,282100,0.9794429570361816
1,282200,0.9953889932840794
1,282300,0.9903994012471546
1,282400,0.9956210728581618
1,282500,0.995996571552583
1,282600,0.9964505617456672
1,282700,0.996051962436042
1,282800,0.9955510322332322
1,282900,0.9909966082242898
1,283000,0.995716197938788
1,283100,0.9787392016568347
1,283200,0.9958399878915006
1,283300,0.9788051962466957
1,283400,0.9788333202590247
1,283500,0.9961561865753524
1,283600,0.9961561865753524
1,283700,0.9788051962466957
1,283800,0.9794429570361816
1,283900,0.9956210728581618
1,284000,0.9899885737672919
1,284100,0.979612203631997
1,284200,0.9953289982587825
1,284300,0.9954988204128795
1,284400,0.9794429570361816
1,284500,0.9799838532724692
1,284600,0.979979998037638
1,284700,0.9799838532724692
1,284800,0.9959219297980251
1,284900,0.9960060885056744
1,285000,0.9811804144433821
1,285100,0.9953709830487686
1,285200,0.9804275136637762
1,285300,0.9957024429598147
1,285400,0.9957024429598147
1,285500,0.9953709830487686
1,285600,0.995857511765923
1,285700,0.9957024429598147
1,285800,0.9959873045172712
1,285900,0.9894411392296674
1,286000,0.9845415969069987
1,286100,0.9804275136637762
1,286200,0.9801468308372218
1,286300,0.9960060885056744
1,286400,0.9804275136637762
1,286500,0.9817247264984492
1,286600,0.9963748325696367
1,286700,0.9961946446727898
1,286800,0.978943870324369
1,286900,0.9961126897226265
1,287000,0.9893555208367455
1,287100,0.9961126897226265
1,287200,0.9955276092097796
1,287300,0.9955806399242432
1,287400,0.9961294546128289
1,287500,0.9958013353364215
1,287600,0.9958013353364215
1,287700,0.9965230507114022
1,287800,0.9961946446727898
1,287900,0.9954038181173402
1,288000,0.9951094724724708
1,288100,0.9812820636860997
1,288200,0.9961294546128289
1,288300,0.9812820636860997
1,288400,0.9965230507114022
1,288500,0.9950055033278903
1,288600,0.9783343947795082
1,288700,0.9956685840788642
1,288800,0.9788728783463371
1,288900,0.9909650597734466
1,289000,0.995906260900561
1,289100,0.995906260900561
1,289200,0.9899902194848312
1,289300,0.9961946446727898
1,289400,0.9955806399242432
1,289500,0.9954820138801782
1,289600,0.9958953461601119
1,289700,0.9962300634247464
1,289800,0.9785865719532555
1,289900,0.9964650136331585
1,290000,0.9960447901412067
1,290100,0.9961335468651208
1,290200,0.996490124625273
1,290300,0.9960062213270763
1,290400,0.9962088998273538
1,290500,0.9963990081085053
1,290600,0.9865147580758027
1,290700,0.9961034475183238
1,290800,0.9963351423679955
1,290900,0.9917462827733918
1,291000,0.9961335468651208
1,291100,0.9944543356392326
1,291200,0.9963351423679955
1,291300,0.9958007491818731
1,291400,0.9894450072181845
1,291500,0.9953332243042222
1,291600,0.9960447901412067
1,291700,0.9960447901412067
1,291800,0.9898203930286993
1,291900,0.9955428364408593
1,292000,0.9854916950742769
1,292100,0.9800714273630355
1,292200,0.9958816309821691
1,292300,0.9960062213270763
1,292400,0.9961335468651208
1,292500,0.9800714273630355
1,292600,0.9960062213270763
1,292700,0.9953116502750254
1,292800,0.9916912311586774
1,292900,0.9958816309821691
1,293000,0.9960062213270763
1,293100,0.9916912311586774
1,293200,0.995565640591349
1,293300,0.9960447901412067
1,293400,0.9954510232290114
1,293500,0.9960447901412067
1,293600,0.9962669433784597
1,293700,0.995835022450468
1,293800,0.9959460371215337
1,293900,0.9960447901412067
1,294000,0.996396512266455
1,294100,0.9780012226222567
1,294200,0.996396512266455
1,294300,0.9959490995461594
1,294400,0.9959109816615641
1,294500,0.9960858416270424
1,294600,0.9952016971810659
1,294700,0.9964837282205121
1,294800,0.9954905662867477
1,294900,0.9960586651588998
1,295000,0.9957038056324672
1,295100,0.9779679291975932
1,295200,0.995364153744481
1,295300,0.995364153744481
1,295400,0.9956222467489013
1,295500,0.996426366176467
1,295600,0.9850210147229226
1,295700,0.9956527593929932
1,295800,0.9890650786279078
1,295900,0.995364153744481
1,296000,0.9960586651588998
1,296100,0.9957038056324672
1,296200,0.9958007491818731
1,296300,0.9956527593929932
1,296400,0.995364153744481
1,296500,0.995364153744481
1,296600,0.9959706617894594
1,296700,0.9956222467489013
1,296800,0.9957151327905407
1,296900,0.9955878445894052
1,297000,0.9953116502750254
1,297100,0.9957151327905407
1,297200,0.9920409896862048
1,297300,0.9957478599828672
1,297400,0.9805405092474334
1,297500,0.9916985449765159
1,297600,0.9962417835742259
1,297700,0.9953816073451658
1,297800,0.9953816073451658
1,297900,0.9960061509817908
1,298000,0.9960133644078341
1,298100,0.9884648022404834
1,298200,0.9793054152671955
1,298300,0.9954105339423225
1,298400,0.996083275032956
1,298500,0.9796367104466139
1,298600,0.9956736911723753
1,298700,0.9962659452546911
1,298800,0.9788728783463371
1,298900,0.995830429730811
1,299000,0.9952695642177155
1,299100,0.9911923533605661
1,299200,0.9956736911723753
1,299300,0.9961440077119044
1,299400,0.9953173887618791
1,299500,0.9959460371215337
1,299600,0.9962444623319575
1,299700,0.9959460371215337
1,299800,0.9957651128441971
1,299900,0.995835022450468
1,300000,0.9793054152671955
1,300100,0.9954320410431502
1,300200,0.9950414254014546
1,300300,0.9949947717278477
1,300400,0.9793054152671955
1,300500,0.99551862804031
1,300600,0.995835022450468
1,300700,0.9952301759380232
1,300800,0.9953816073451658
1,300900,0.9953816073451658
1,301000,0.9951417853029689
1,301100,0.995835022450468
1,301200,0.9914078549074736
1,301300,0.9952301759380232
1,301400,0.9884648022404834
1,301500,0.9959460371215337
1,301600,0.9959460371215337
1,301700,0.9951417853029689
1,301800,0.9952590537007802
1,301900,0.9951023240917232
1,302000,0.9959172752908965
1,302100,0.995830429730811
1,302200,0.9946278927689861
1,302300,0.9955456830889182
1,302400,0.99551862804031
1,302500,0.9949338679231349
1,302600,0.9952590537007802
1,302700,0.9795195926779022
1,302800,0.9947268389720914
1,302900,0.9913029125745844
1,303000,0.9956128365500824
1,303100,0.9950425703806524
1,303200,0.978943870324369
1,303300,0.9953534590559701
1,303400,0.9947484603035175
1,303500,0.9788083416831432
1,303600,0.9956821153223071
1,303700,0.9952473033295893
1,303800,0.978392624226163
1,303900,0.978329530518458
1,304000,0.9939325545441059
1,304100,0.9950414254014546
1,304200,0.994788227162412
1,304300,0.9953709830487686
1,304400,0.9953709830487686
1,304500,0.9956821153223071
1,304600,0.9946278927689861
1,304700,0.9959172752908965
1,304800,0.9846738356575726
1,304900,0.9951226891724351
1,305000,0.9953222554992117
1,305100,0.9777688341006701
1,305200,0.9947083952661254
1,305300,0.9777688341006701
1,305400,0.9957372769962816
1,305500,0.9810771452473215
1,305600,0.9950680675639422
1,305700,0.9953709830487686
1,305800,0.9950359315099079
1,305900,0.9947142716110707
1,306000,0.980980856763263
1,306100,0.9953534590559701
1,306200,0.9956143648353135
1,306300,0.9792296452405712
1,306400,0.9959088917513854
1,306500,0.9948490529024341
1,306600,0.9955156846688964
1,306700,0.9950762419216514
1,306800,0.9959088917513854
1,306900,0.9950762419216514
1,307000,0.9909890979888347
1,307100,0.9957703636933305
1,307200,0.9954913176526078
1,307300,0.9915303791330828
1,307400,0.9951646590575463
1,307500,0.996246946699114
1,307600,0.9957950550611516
1,307700,0.9961652308027551
1,307800,0.9956084168863666
1,307900,0.9960669750711574
1,308000,0.9954913176526078
1,308100,0.9885905572948396
1,308200,0.9957460412155084
1,308300,0.9960291221415524
1,308400,0.9961652308027551
1,308500,0.9961652308027551
1,308600,0.9955466853705188
1,308700,0.9792934822958094
1,308800,0.9909875468213858
1,308900,0.9952938065952113
1,309000,0.9955881698092255
1,309100,0.9954539685209178
1,309200,0.9957256692151044
1,309300,0.9947142716110707
1,309400,0.9959088917513854
1,309500,0.9947142716110707
1,309600,0.9783331667464554
1,309700,0.9950762419216514
1,309800,0.9950762419216514
1,309900,0.9795953454565024
1,310000,0.9947527078991746
1,310100,0.9943070873012648
1,310200,0.99524351361028
1,310300,0.9951160415816648
1,310400,0.9953425554361153
1,310500,0.9885469459263293
1,310600,0.9947411501386446
1,310700,0.9949385495946136
1,310800,0.9793061884735813
1,310900,0.9947142716110707
1,311000,0.9950361732870945
1,311100,0.9947484603035175
1,311200,0.988569317035678
1,311300,0.9947484603035175
1,311400,0.9778624105725681
1,311500,0.9947484603035175
1,311600,0.9792296452405712
1,311700,0.9911502930016979
1,311800,0.9950762419216514
1,311900,0.9956143648353135
1,312000,0.9792296452405712
1,312100,0.9809054474780384
1,312200,0.9956821153223071
1,312300,0.9793061884735813
1,312400,0.9947411501386446
1,312500,0.9782258810567321
1,312600,0.9954503090156024
1,312700,0.9950680675639422
1,312800,0.9947484603035175
1,312900,0.9954503090156024
1,313000,0.9947484603035175
1,313100,0.9806496658674458
1,313200,0.9947083952661254
1,313300,0.99498458325142
1,313400,0.9806496658674458
1,313500,0.979730622425491
1,313600,0.9801081727875203
1,313700,0.9801081727875203
1,313800,0.9948840403158009
1,313900,0.9947410407213177
1,314000,0.9939939219158007
1,314100,0.9947648214759979
1,314200,0.9944721257780811
1,314300,0.9945308253307316
1,314400,0.99485726032489
1,314500,0.995358833938522
1,314600,0.99424999824339
1,314700,0.9945830201301817
1,314800,0.9946219372518631
1,314900,0.9776666646171707
1,315000,0.9818016597594753
1,315100,0.9946219372518631
1,315200,0.979346244894865
1,315300,0.990473171687543
1,315400,0.9809493029209574
1,315500,0.9948835323308747
1,315600,0.9946219372518631
1,315700,0.9943231711840723
1,315800,0.9763035484770982
1,315900,0.9946498660801699
1,316000,0.9812648396533561
1,316100,0.9930062155393329
1,316200,0.9933373171000345
1,316300,0.994670652478438
1,316400,0.9908081534043184
1,316500,0.9930062155393329
1,316600,0.9905509822447628
1,316700,0.981132921066245
1,316800,0.9812496640345119
1,316900,0.9869812744313277
1,317000,0.9812496640345119
1,317100,0.993638479621908
1,317200,0.9811769678287856
1,317300,0.9937159560777203
1,317400,0.9930062155393329
1,317500,0.9930062155393329
1,317600,0.980975921939866
1,317700,0.9813730687161807
1,317800,0.9927194303857526
1,317900,0.994670652478438
1,318000,0.9812496640345119
1,318100,0.9930062155393329
1,318200,0.994670652478438
1,318300,0.9814999196733512
1,318400,0.9937817101965646
1,318500,0.9937817101965646
1,318600,0.9906620124058135
1,318700,0.9931832788759397
1,318800,0.9813730687161807
1,318900,0.9813730687161807
1,319000,0.9930062155393329
1,319100,0.9893375531127852
1,319200,0.9848074119251549
1,319300,0.9867456763798568
1,319400,0.9936029387263904
1,319500,0.9905509822447628
1,319600,0.980838476680185
1,319700,0.9803699001256201
1,319800,0.9936240993473232
1,319900,0.9796315977747763
1,320000,0.9938868607861443
1,320100,0.9941274787364663
1,320200,0.9942113898119771
1,320300,0.9938849198244577
1,320400,0.9935005813195158
1,320500,0.9936240993473232
1,320600,0.9848674368570562
1,320700,0.9930062155393329
1,320800,0.9813730687161807
1,320900,0.993213800161012
1,321000,0.993325804848995
1,321100,0.9927062586416435
1,321200,0.9803699001256201
1,321300,0.9930470506406897
1,321400,0.9930470506406897
1,321500,0.9937817101965646
1,321600,0.9766042551457828
1,321700,0.9940177730014111
1,321800,0.9942929749629518
1,321900,0.9775087670326913
1,322000,0.9939760726956807
1,322100,0.9940131452202663
1,322200,0.99424999824339
1,322300,0.9944554106232432
1,322400,0.9940131452202663
1,322500,0.977458609461176
1,322600,0.9907985203791274
1,322700,0.9940131452202663
1,322800,0.9946246573219931
1,322900,0.977458609461176
1,323000,0.977458609461176
1,323100,0.9931864958597284
1,323200,0.9944554106232432
1,323300,0.9767135799487602
1,323400,0.9776152873900514
1,323500,0.9945304879431924
1,323600,0.9943201115106165
1,323700,0.9944554106232432
1,323800,0.9944554106232432
1,323900,0.9794123420002865
1,324000,0.9937519721618711
1,324100,0.9766100234688638
1,324200,0.9938184022721827
1,324300,0.9764618074844991
1,324400,0.9935853088058669
1,324500,0.9935853088058669
1,324600,0.9814999196733512
1,324700,0.9840698259464394
1,324800,0.9775087670326913
1,324900,0.9907702129740874
1,325000,0.9935853088058669
1,325100,0.9935853088058669
1,325200,0.99248615952192
1,325300,0.9813730687161807
1,325400,0.976813871895883
1,325500,0.9940177730014111
1,325600,0.9814999196733512
1,325700,0.9814999196733512
1,325800,0.9935853088058669
1,325900,0.9935853088058669
1,326000,0.9941831515117688
1,326100,0.9940123264985447
1,326200,0.9935853088058669
1,326300,0.9935853088058669
1,326400,0.9937817101965646
1,326500,0.9935853088058669
1,326600,0.9907702129740874
1,326700,0.9771570595602966
1,326800,0.9945539408627639
1,326900,0.993788178434869
1,327000,0.9778355445816043
1,327100,0.9944554106232432
1,327200,0.993788178434869
1,327300,0.9944554106232432
1,327400,0.9944554106232432
1,327500,0.9941521077847075
1,327600,0.9771640398875621
1,327700,0.9907702129740874
1,327800,0.9907602425706595
1,327900,0.9776152873900514
1,328000,0.991461853698626
1,328100,0.9944554106232432
1,328200,0.9776152873900514
1,328300,0.9907602425706595
1,328400,0.9935853088058669
1,328500,0.9940123264985447
1,328600,0.993751017599447
1,328700,0.9940123264985447
1,328800,0.9935853088058669
1,328900,0.9790152923048729
1,329000,0.9769435902347612
1,329100,0.9922505827008861
1,329200,0.9930062155393329
1,329300,0.9926473347270605
1,329400,0.9936281244646135
1,329500,0.9931922139209773
1,329600,0.9933226823997444
1,329700,0.9926473347270605
1,329800,0.9926473347270605
1,329900,0.9926473347270605
1,330000,0.9922931568337233
1,330100,0.9803121475775508
1,330200,0.9903171040205322
1,330300,0.9929485914505342
1,330400,0.9802611654589076
1,330500,0.9927062586416435
1,330600,0.9930286069878019
1,330700,0.9803121475775508
1,330800,0.9803121475775508
1,330900,0.9890842326157644
1,331000,0.9804331382129348
1,331100,0.9929369936539323
1,331200,0.9884840314579757
1,331300,0.9927011278936267
1,331400,0.9793883525154362
1,331500,0.9790445188801714
1,331600,0.9788510023241744
1,331700,0.992517713588857
1,331800,0.992836157970279
1,331900,0.9935743536008922
1,332000,0.979411936000543
1,332100,0.9932476019929538
1,332200,0.9788510023241744
1,332300,0.9927324925346955
1,332400,0.9931325993460292
1,332500,0.9932639777028139
1,332600,0.9931325993460292
1,332700,0.9933060775313989
1,332800,0.992815867753347
1,332900,0.9925811198935901
1,333000,0.9895130684081639
1,333100,0.9778889938270872
1,333200,0.9785245277935507
1,333300,0.9931325993460292
1,333400,0.9790445188801714
1,333500,0.9931922139209773
1,333600,0.9803699001256201
1,333700,0.9931922139209773
1,333800,0.9900053098315511
1,333900,0.9925873435643038
1,334000,0.980838476680185
1,334100,0.9844655167536602
1,334200,0.9928858900901982
1,334300,0.9900328601837066
1,334400,0.9937820342542173
1,334500,0.9802611654589076
1,334600,0.980838476680185
1,334700,0.9930062155393329
1,334800,0.9930286069878019
1,334900,0.9870330123322758
1,335000,0.9789511412937831
1,335100,0.9942680938551334
1,335200,0.9925080307007708
1,335300,0.9813730687161807
1,335400,0.9922828020664065
1,335500,0.9862540668996201
1,335600,0.9934027492193619
1,335700,0.9842590441952065
1,335800,0.9925080307007708
1,335900,0.9935853088058669
1,336000,0.9792001282835381
1,336100,0.9769027304681286
1,336200,0.9764618074844991
1,336300,0.9767691790006887
1,336400,0.9776152873900514
1,336500,0.9768652134305946
1,336600,0.9779810005716574
1,336700,0.9779810005716574
1,336800,0.9937413524613042
1,336900,0.9776152873900514
1,337000,0.9939074248419292
1,337100,0.9933062908650094
1,337200,0.9776152873900514
1,337300,0.9945049333248328
1,337400,0.9775087670326913
1,337500,0.9936232657051066
1,337600,0.9933078205947959
1,337700,0.9775087670326913
1,337800,0.9933078205947959
1,337900,0.9936232657051066
1,338000,0.99424999824339
1,338100,0.994079504523595
1,338200,0.9769247712065886
1,338300,0.990899206451155
1,338400,0.9769435902347612
1,338500,0.9925080307007708
1,338600,0.9790919818416638
1,338700,0.9766042551457828
1,338800,0.98153815459975
1,338900,0.9925080307007708
1,339000,0.97675996320409
1,339100,0.9922505827008861
1,339200,0.9787562802547524
1,339300,0.991922540339426
1,339400,0.978363160592189
1,339500,0.9769435902347612
1,339600,0.9931832788759397
1,339700,0.9903171040205322
1,339800,0.9904419457549916
1,339900,0.9807994937456738
1,340000,0.990969053769125
1,340100,0.9940217963178744
1,340200,0.9929624873830595
1,340300,0.9942839858778229
1,340400,0.9941831515117688
1,340500,0.9896629035228662
1,340600,0.9935853088058669
1,340700,0.9939986623023502
1,340800,0.9939986623023502
1,340900,0.9944554106232432
1,341000,0.993751017599447
1,341100,0.9794576088161527
1,341200,0.9767973392445652
1,341300,0.9767973392445652
1,341400,0.9769435902347612
1,341500,0.9850862036786628
1,341600,0.9936985387091963
1,341700,0.9769435902347612
1,341800,0.9769435902347612
1,341900,0.9794576088161527
1,342000,0.9940123264985447
1,342100,0.9764618074844991
1,342200,0.9764618074844991
1,342300,0.9764618074844991
1,342400,0.9907702129740874
1,342500,0.9769435902347612
1,342600,0.9758413223394242
1,342700,0.9937257424613307
1,342800,0.9936232657051066
1,342900,0.9766100234688638
1,343000,0.9938184022721827
1,343100,0.9762772498983645
1,343200,0.9940123264985447
1,343300,0.9940123264985447
1,343400,0.9895892312127631
1,343500,0.9764618074844991
1,343600,0.9938184022721827
1,343700,0.9898278785789634
1,343800,0.9934057791562049
1,343900,0.9940123264985447
1,344000,0.9942212624096358
1,344100,0.9940177730014111
1,344200,0.993890590902903
1,344300,0.975802726083857
1,344400,0.9930286069878019
1,344500,0.9930062155393329
1,344600,0.9927091731176354
1,344700,0.9930062155393329
1,344800,0.9901442777533782
1,344900,0.9921258071365706
1,345000,0.9923482667960658
1,345100,0.9925218444048569
1,345200,0.9923482667960658
1,345300,0.9923482667960658
1,345400,0.9923482667960658
1,345500,0.9752153474010836
1,345600,0.9760584385425254
1,345700,0.9930062155393329
1,345800,0.9754594131740654
1,345900,0.9926473347270605
1,346000,0.9930062155393329
1,346100,0.9806474556650187
1,346200,0.9806474556650187
1,346300,0.978118714253653
1,346400,0.9930062155393329
1,346500,0.9756514220634802
1,346600,0.9930062155393329
1,346700,0.9806474556650187
1,346800,0.9927091731176354
1,346900,0.9931943835869931
1,347000,0.9934300306686507
1,347100,0.978118714253653
1,347200,0.9940400245305981
1,347300,0.9930062155393329
1,347400,0.9926508351815282
1,347500,0.9802167554580288
1,347600,0.9935467346123518
1,347700,0.9798846922038932
1,347800,0.993087789108364
1,347900,0.9865088646487048
1,348000,0.9926473347270605
1,348100,0.978118714253653
1,348200,0.9929079184739176
1,348300,0.9765205323745039
1,348400,0.9939940729978152
1,348500,0.9902963933455403
1,348600,0.9783710803923638
1,348700,0.992726334820071
1,348800,0.9931943835869931
1,348900,0.9927123951273311
1,349000,0.9931922139209773
1,349100,0.9923482667960658
1,349200,0.9798238789429482
1,349300,0.9802611654589076
1,349400,0.9936281244646135
1,349500,0.9936281244646135
1,349600,0.9901442777533782
1,349700,0.9844426476025657
1,349800,0.9764024945815709
1,349900,0.980782019935294
1,350000,0.9904474682861095
1,350100,0.9932091333712457
1,350200,0.9930062155393329
1,350300,0.9929196938554634
1,350400,0.9929293418278271
1,350500,0.9926948963663234
1,350600,0.9901442777533782
1,350700,0.9930062155393329
1,350800,0.9929485914505342
1,350900,0.9929485914505342
1,351000,0.979932965874399
1,351100,0.9929485914505342
1,351200,0.9929485914505342
1,351300,0.9929709258903183
1,351400,0.9796315977747763
1,351500,0.9936281244646135
1,351600,0.9798125690720703
1,351700,0.9931922139209773
1,351800,0.9929485914505342
1,351900,0.9935423238985097
1,352000,0.9934128226899364
1,352100,0.9801086728977766
1,352200,0.9929485914505342
1,352300,0.9929709258903183
1,352400,0.9929485914505342
1,352500,0.9798238789429482
1,352600,0.9926736887246828
1,352700,0.993028877025068
1,352800,0.9796485343885761
1,352900,0.9934128226899364
1,353000,0.9796315977747763
1,353100,0.993028877025068
1,353200,0.9801086728977766
1,353300,0.9924046998192475
1,353400,0.9929709258903183
1,353500,0.9796485343885761
1,353600,0.9798125690720703
1,353700,0.9929709258903183
1,353800,0.9929485914505342
1,353900,0.979646175906028
1,354000,0.9929485914505342
1,354100,0.9796315977747763
1,354200,0.9796315977747763
1,354300,0.9933588386759057
1,354400,0.993414626447888
1,354500,0.9925446850508878
1,354600,0.9934321958054317
1,354700,0.9892498891839209
1,354800,0.9933349867862412
1,354900,0.9792445453848295
1,355000,0.993414626447888
1,355100,0.9934321958054317
1,355200,0.9933219870776284
1,355300,0.9929828797662337
1,355400,0.9927841818936267
1,355500,0.9933219870776284
1,355600,0.9785933524950818
1,355700,0.993129640699286
1,355800,0.9933090316925054
1,355900,0.9779529666058959
1,356000,0.9932476019929538
1,356100,0.9785933524950818
1,356200,0.9932777226694455
1,356300,0.9936338451909752
1,356400,0.9935947891882316
1,356500,0.9792445453848295
1,356600,0.9931800100314111
1,356700,0.9796485343885761
1,356800,0.9925329895597795
1,356900,0.9929709258903183
1,357000,0.9929485914505342
1,357100,0.9792445453848295
1,357200,0.9796315977747763
1,357300,0.9799198182425488
1,357400,0.9796315977747763
1,357500,0.9934128226899364
1,357600,0.9934086560080034
1,357700,0.9921747384446498
1,357800,0.9799397196324082
1,357900,0.9925873435643038
1,358000,0.9752153474010836
1,358100,0.9939213469047887
1,358200,0.9932039797225007
1,358300,0.9805046302096033
1,358400,0.9938876342539802
1,358500,0.993567095455511
1,358600,0.9758861176440483
1,358700,0.9937302686313217
1,358800,0.9888886109933925
1,358900,0.987875285940591
1,359000,0.9766692231854133
1,359100,0.9757163402079613
1,359200,0.9942281482217944
1,359300,0.9789603904006169
1,359400,0.9901729950601861
1,359500,0.9789603904006169
1,359600,0.9890890853535032
1,359700,0.978641624442053
1,359800,0.9941612983972999
1,359900,0.9810630932935717
1,360000,0.9758861176440483
1,360100,0.9763855917732854
1,360200,0.9789603904006169
1,360300,0.9763855917732854
1,360400,0.978641624442053
1,360500,0.9942250150096111
1,360600,0.9902532474257231
1,360700,0.9942250150096111
1,360800,0.9932829673932059
1,360900,0.9942250150096111
1,361000,0.9940020274237552
1,361100,0.9763855917732854
1,361200,0.9942250150096111
1,361300,0.9802250332550004
1,361400,0.9942250150096111
1,361500,0.994109974826344
1,361600,0.994109974826344
1,361700,0.9906137084106185
1,361800,0.9944142482589281
1,361900,0.9907455174239764
1,362000,0.9763205191170565
1,362100,0.9786445027295766
1,362200,0.9907455174239764
1,362300,0.9943292581266951
1,362400,0.9937207155247147
1,362500,0.9944142482589281
1,362600,0.9942837502126523
1,362700,0.9942837502126523
1,362800,0.9755557039616735
1,362900,0.9938014200518005
1,363000,0.9765341505380608
1,363100,0.9937207155247147
1,363200,0.9943292581266951
1,363300,0.9941444584395362
1,363400,0.9940093832985846
1,363500,0.9779810005716574
1,363600,0.9934348338175697
1,363700,0.9940639595318418
1,363800,0.9783241442034581
1,363900,0.993423423426261
1,364000,0.9899004684942884
1,364100,0.9940093832985846
1,364200,0.99257263461535
1,364300,0.9779810005716574
1,364400,0.977458609461176
1,364500,0.9934963857643087
1,364600,0.9764618074844991
1,364700,0.990816050048718
1,364800,0.9939084967415899
1,364900,0.9941444584395362
1,365000,0.9937207155247147
1,365100,0.9945640438402643
1,365200,0.9768254982974478
1,365300,0.9900543609921876
1,365400,0.993788178434869
1,365500,0.9901025749953815
1,365600,0.9937207155247147
1,365700,0.9933422360201126
1,365800,0.9937207155247147
1,365900,0.9937207155247147
1,366000,0.9759643843140855
1,366100,0.9859981222976807
1,366200,0.9943863403089638
1,366300,0.9937954929784933
1,366400,0.990370880862236
1,366500,0.9935940554909696
1,366600,0.9937916062085409
1,366700,0.9758010880103344
1,366800,0.9761079010489085
1,366900,0.9935972409334384
1,367000,0.9942837502126523
1,367100,0.9789609908683283
1,367200,0.9762828476844776
1,367300,0.9759643843140855
1,367400,0.9907455174239764
1,367500,0.9935972409334384
1,367600,0.9936985387091963
1,367700,0.9942837502126523
1,367800,0.9902685813731172
1,367900,0.9850727415142786
1,368000,0.9936985387091963
1,368100,0.993751017599447
1,368200,0.9787055692853015
1,368300,0.97618465970919
1,368400,0.9934963857643087
1,368500,0.9758010880103344
1,368600,0.9895469263876253
1,368700,0.9936725640390108
1,368800,0.9761079010489085
1,368900,0.9935940554909696
1,369000,0.9761079010489085
1,369100,0.97618465970919
1,369200,0.97618465970919
1,369300,0.9836794315220091
1,369400,0.9756917530380499
1,369500,0.9761785729101958
1,369600,0.9936857444403114
1,369700,0.993751017599447
1,369800,0.990370880862236
1,369900,0.9933422360201126
1,370000,0.9939387611876481
1,370100,0.9898197586545558
1,370200,0.9768254982974478
1,370300,0.9922803614706307
1,370400,0.9933939115253603
1,370500,0.993751017599447
1,370600,0.9789108462392586
1,370700,0.9838536953642167
1,370800,0.9853148118605849
1,370900,0.9838536953642167
1,371000,0.9937207155247147
1,371100,0.9933389258307496
1,371200,0.9927520465560697
1,371300,0.9759643843140855
1,371400,0.9927520465560697
1,371500,0.9759643843140855
1,371600,0.9766194336717257
1,371700,0.97618465970919
1,371800,0.9916930936357008
1,371900,0.9933939115253603
1,372000,0.9934066776236022
1,372100,0.9936088200789439
1,372200,0.9769252803110101
1,372300,0.9934223704429034
1,372400,0.9933738144146161
1,372500,0.9933422360201126
1,372600,0.9936216237831491
1,372700,0.9765824140666458
1,372800,0.9898246570791931
1,372900,0.9765824140666458
1,373000,0.9940293581352139
1,373100,0.9771269559664669
1,373200,0.9936216237831491
1,373300,0.9932393896660816
1,373400,0.9771010289476602
1,373500,0.9774513023370813
1,373600,0.9929022203781979
1,373700,0.9774513023370813
1,373800,0.9898246570791931
1,373900,0.9774513023370813
1,374000,0.9774513023370813
1,374100,0.9941308152941299
1,374200,0.9941170110351425
1,374300,0.9774513023370813
1,374400,0.9773097531217535
1,374500,0.9898246570791931
1,374600,0.9898246570791931
1,374700,0.9936216237831491
1,374800,0.992951299306508
1,374900,0.9933422360201126
1,375000,0.9935887178139003
1,375100,0.9896309871254751
1,375200,0.9759643843140855
1,375300,0.9935887178139003
1,375400,0.9937436592067334
1,375500,0.9759643843140855
1,375600,0.9933939115253603
1,375700,0.9932940421059278
1,375800,0.9806103731783673
1,375900,0.9806103731783673
1,376000,0.9928025463463753
1,376100,0.9933111897168105
1,376200,0.9925128261013297
1,376300,0.9798284023508873
1,376400,0.9932039797225007
1,376500,0.979308640939413
1,376600,0.9920472027864093
1,376700,0.9806103731783673
1,376800,0.9865088646487048
1,376900,0.99214198220966
1,377000,0.9758092361880997
1,377100,0.99373818248805
1,377200,0.9902798074539698
1,377300,0.9932039797225007
1,377400,0.9928147211965848
1,377500,0.9782730912242258
1,377600,0.9925625357549925
1,377700,0.9787055692853015
1,377800,0.9925625357549925
1,377900,0.9905540604726429
1,378000,0.9906821843714702
1,378100,0.9907702129740874
1,378200,0.9933939115253603
1,378300,0.975645310354082
1,378400,0.9787055692853015
1,378500,0.993751017599447
1,378600,0.9925785411554304
1,378700,0.9938034555387077
1,378800,0.9938034555387077
1,378900,0.9933188077140797
1,379000,0.9928147211965848
1,379100,0.9806103731783673
1,379200,0.9922744431514554
1,379300,0.9933422360201126
1,379400,0.9851823835945154
1,379500,0.9945640438402643
1,379600,0.9927520465560697
1,379700,0.9907702129740874
1,379800,0.9763970045167691
1,379900,0.9933422360201126
1,380000,0.9930475549475264
1,380100,0.9933422360201126
1,380200,0.9937207155247147
1,380300,0.9936216237831491
1,380400,0.9896600905696629
1,380500,0.978414641663307
1,380600,0.9934963857643087
1,380700,0.9937357158724368
1,380800,0.9939084967415899
1,380900,0.9937357158724368
1,381000,0.9930157985070852
1,381100,0.9936216237831491
1,381200,0.9768254982974478
1,381300,0.9765824140666458
1,381400,0.9930443700995264
1,381500,0.9933738144146161
1,381600,0.978414641663307
1,381700,0.9928645163046252
1,381800,0.9927520465560697
1,381900,0.9905132644973064
1,382000,0.9905132644973064
1,382100,0.9763027140279361
1,382200,0.9937436592067334
1,382300,0.9937436592067334
1,382400,0.9939294037874963
1,382500,0.9933422360201126
1,382600,0.9807545478658959
1,382700,0.9933628522299703
1,382800,0.9934794821258907
1,382900,0.9763027140279361
1,383000,0.9934794821258907
1,383100,0.993751017599447
1,383200,0.9807545478658959
1,383300,0.9925617453458933
1,383400,0.992250040848392
1,383500,0.980490264307875
1,383600,0.9805479401194813
1,383700,0.992250040848392
1,383800,0.9851940835370698
1,383900,0.9763027140279361
1,384000,0.993751017599447
1,384100,0.9836948160993674
1,384200,0.9760698770761576
1,384300,0.992782378264204
1,384400,0.9758092361880997
1,384500,0.9925785411554304
1,384600,0.9924601809890301
1,384700,0.9928147211965848
1,384800,0.97618465970919
1,384900,0.98403072969208
1,385000,0.9925785411554304
1,385100,0.9925785411554304
1,385200,0.9928147211965848
1,385300,0.9925785411554304
1,385400,0.9805479401194813
1,385500,0.9925617453458933
1,385600,0.9925617453458933
1,385700,0.97618465970919
1,385800,0.9805479401194813
1,385900,0.9932039797225007
1,386000,0.9920444342817655
1,386100,0.993103324628765
1,386200,0.9930966381360227
1,386300,0.9925949566379909
1,386400,0.9878018393831222
1,386500,0.9929485914505342
1,386600,0.979646175906028
1,386700,0.9929485914505342
1,386800,0.9920444342817655
1,386900,0.9929485914505342
1,387000,0.9791004746632518
1,387100,0.9794818397348365
1,387200,0.9920444342817655
1,387300,0.9920444342817655
1,387400,0.9797680281594525
1,387500,0.9862026928790805
1,387600,0.9933111897168105
1,387700,0.9780136401857024
1,387800,0.9920444342817655
1,387900,0.9924171203657016
1,388000,0.9920444342817655
1,388100,0.9801455991890127
1,388200,0.9761785729101958
1,388300,0.975645310354082
1,388400,0.9896453396910466
1,388500,0.9928147211965848
1,388600,0.9928025463463753
1,388700,0.9929485914505342
1,388800,0.993103324628765
1,388900,0.993028877025068
1,389000,0.9936764780186303
1,389100,0.9790574527493087
1,389200,0.992911067770486
1,389300,0.9932833427193639
1,389400,0.9885565407670714
1,389500,0.9791401764363353
1,389600,0.9936764780186303
1,389700,0.9920429407846046
1,389800,0.9931291921950366
1,389900,0.9935373166889458
1,390000,0.9936764780186303
1,390100,0.9882599495529795
1,390200,0.9897969842542853
1,390300,0.9931291921950366
1,390400,0.9929485914505342
1,390500,0.9785613521116171
1,390600,0.993028877025068
1,390700,0.9928175547286094
1,390800,0.9927973597023643
1,390900,0.993103324628765
1,391000,0.9791004746632518
1,391100,0.989488480863533
1,391200,0.9929997301294716
1,391300,0.9791004746632518
1,391400,0.9930966381360227
1,391500,0.9933219870776284
1,391600,0.9927677926731574
1,391700,0.9927677926731574
1,391800,0.9927388493080376
1,391900,0.9860027737781395
1,392000,0.9931291921950366
1,392100,0.9791004746632518
1,392200,0.9795525256111697
1,392300,0.9925949566379909
1,392400,0.9925949566379909
1,392500,0.9936476433126629
1,392600,0.9791004746632518
1,392700,0.9925949566379909
1,392800,0.9934240916491451
1,392900,0.9791004746632518
1,393000,0.9791004746632518
1,393100,0.9931631876919802
1,393200,0.9791004746632518
1,393300,0.9920444342817655
1,393400,0.9928939041115379
1,393500,0.9926674763128931
1,393600,0.9922030273152421
1,393700,0.978972215415356
1,393800,0.9927973597023643
1,393900,0.9859914495943776
1,394000,0.9785520241454391
1,394100,0.9932833427193639
1,394200,0.9833382700311569
1,394300,0.9930374978777036
1,394400,0.9931166107110824
1,394500,0.9931139374596005
1,394600,0.977458111086002
1,394700,0.9928607258535159
1,394800,0.978129106366967
1,394900,0.978129106366967
1,395000,0.9920907738310647
1,395100,0.9896475610082289
1,395200,0.977458111086002
1,395300,0.99268664582808
1,395400,0.9931139374596005
1,395500,0.9932833427193639
1,395600,0.9785933524950818
1,395700,0.9928777374647967
1,395800,0.9928777374647967
1,395900,0.9785613521116171
1,396000,0.9927973597023643
1,396100,0.9927973597023643
1,396200,0.9785520241454391
1,396300,0.9933019028134195
1,396400,0.9785933524950818
1,396500,0.9785933524950818
1,396600,0.9785933524950818
1,396700,0.9928777374647967
1,396800,0.9920423398165372
1,396900,0.9932639777028139
1,397000,0.9920907738310647
1,397100,0.9894088779828661
1,397200,0.9928777374647967
1,397300,0.9932639777028139
1,397400,0.9929594180499096
1,397500,0.9932833427193639
1,397600,0.9929594180499096
1,397700,0.978129106366967
1,397800,0.9928583343573917
1,397900,0.9930374978777036
1,398000,0.9929594180499096
1,398100,0.9931166107110824
1,398200,0.9927986368756296
1,398300,0.9927986368756296
1,398400,0.9921149944627612
1,398500,0.9774514547279692
1,398600,0.9927986368756296
1,398700,0.992616035114787
1,398800,0.9774514547279692
1,398900,0.9774514547279692
1,399000,0.9930374978777036
1,399100,0.9929594180499096
1,399200,0.9920907738310647
1,399300,0.9932625366587358
1,399400,0.9916470191703751
1,399500,0.9923218353803349
1,399600,0.9926961262264506
1,399700,0.9922738077147858
1,399800,0.9923766878921724
1,399900,0.9785933524950818
1,400000,0.984225524909858
1,400100,0.9928777374647967
1,400200,0.9923766878921724
1,400300,0.9929371995155417
1,400400,0.9785613521116171
1,400500,0.9925446850508878
1,400600,0.9885895218111481
1,400700,0.9921104283683271
1,400800,0.993103324628765
1,400900,0.9931689785132597
1,401000,0.9922416619879777
1,401100,0.9928777374647967
1,401200,0.9892498891839209
1,401300,0.9933219870776284
1,401400,0.9925446850508878
1,401500,0.9925446850508878
1,401600,0.9922416619879777
1,401700,0.993103324628765
1,401800,0.9791004746632518
1,401900,0.9791004746632518
1,402000,0.9785613521116171
1,402100,0.9925446850508878
1,402200,0.9876957271646248
1,402300,0.9929594180499096
1,402400,0.9933019028134195
1,402500,0.9785933524950818
1,402600,0.9920423398165372
1,402700,0.9780573397997031
1,402800,0.9884342450589284
1,402900,0.9932665597830934
1,403000,0.9925446850508878
1,403100,0.9791401764363353
1,403200,0.9928175547286094
1,403300,0.9928175547286094
1,403400,0.9920423398165372
1,403500,0.9785933524950818
1,403600,0.9933019028134195
1,403700,0.9933019028134195
1,403800,0.9785520241454391
1,403900,0.9927973597023643
1,404000,0.9928175547286094
1,404100,0.9791004746632518
1,404200,0.9791004746632518
1,404300,0.9927973597023643
1,404400,0.9935373166889458
1,404500,0.9933019028134195
1,404600,0.9791401764363353
1,404700,0.9785613521116171
1,404800,0.9925949566379909
1,404900,0.993103324628765
1,405000,0.9929485914505342
1,405100,0.993103324628765
1,405200,0.9742238467331299
1,405300,0.9933219870776284
1,405400,0.9933019028134195
1,405500,0.9928175547286094
1,405600,0.9927973597023643
1,405700,0.9927973597023643
1,405800,0.9923646418247983
1,405900,0.9785520241454391
1,406000,0.9930026252798572
1,406100,0.9785520241454391
1,406200,0.9933019028134195
1,406300,0.9937946798899084
1,406400,0.9927973597023643
1,406500,0.9928175547286094
1,406600,0.9788543519840843
1,406700,0.9840146142697144
1,406800,0.9931470070406826
1,406900,0.9928175547286094
1,407000,0.9927973597023643
1,407100,0.9875559789783219
1,407200,0.9791374998423166
1,407300,0.9928755723174811
1,407400,0.9933219870776284
1,407500,0.9920423398165372
1,407600,0.9777038776529756
1,407700,0.9923904259115376
1,407800,0.9923659848379859
1,407900,0.9881089022177293
1,408000,0.9928666099555656
1,408100,0.9922838198941357
1,408200,0.9783364159630558
1,408300,0.9927178687442563
1,408400,0.9922838198941357
1,408500,0.977929692343568
1,408600,0.992012790918638
1,408700,0.9924655754379587
1,408800,0.9776597791407158
1,408900,0.9915551645248958
1,409000,0.9917098515359934
1,409100,0.9775450142096958
1,409200,0.9924655754379587
1,409300,0.9918656770392983
1,409400,0.9776779055050331
1,409500,0.9917098515359934
1,409600,0.9917355453294273
1,409700,0.9924508858608735
1,409800,0.9860284493471224
1,409900,0.9918662060760546
1,410000,0.991475525332579
1,410100,0.9920180143691271
1,410200,0.9918910972320332
1,410300,0.9918393806626838
1,410400,0.9922237398163748
1,410500,0.9917014973031141
1,410600,0.9776779055050331
1,410700,0.9917014973031141
1,410800,0.9766922369362143
1,410900,0.9917098515359934
1,411000,0.9918662060760546
1,411100,0.991475525332579
1,411200,0.9924508858608735
1,411300,0.9924508858608735
1,411400,0.9929842926981822
1,411500,0.991988115792622
1,411600,0.9918662060760546
1,411700,0.9921843166832326
1,411800,0.9925985981765085
1,411900,0.9924508858608735
1,412000,0.9924521125233355
1,412100,0.9917014973031141
1,412200,0.9919624077355405
1,412300,0.9918662060760546
1,412400,0.9918910972320332
1,412500,0.9918910972320332
1,412600,0.9775450142096958
1,412700,0.9775450142096958
1,412800,0.9840471444765685
1,412900,0.9918393806626838
1,413000,0.9914699331246138
1,413100,0.9915117783006095
1,413200,0.9922054752437044
1,413300,0.991988115792622
1,413400,0.991988115792622
1,413500,0.991475525332579
1,413600,0.9919624077355405
1,413700,0.991988115792622
1,413800,0.9917657154590056
1,413900,0.991458553098308
1,414000,0.9918910972320332
1,414100,0.991475525332579
1,414200,0.9921721322000918
1,414300,0.9778376698476089
1,414400,0.9918910972320332
1,414500,0.9918656770392983
1,414600,0.9920965637116118
1,414700,0.9892955525149126
1,414800,0.9918656770392983
1,414900,0.9772435211773405
1,415000,0.9775450142096958
1,415100,0.9766922369362143
1,415200,0.9852276055407133
1,415300,0.9922697440642294
1,415400,0.9922697440642294
1,415500,0.9922054752437044
1,415600,0.991988115792622
1,415700,0.991847169462766
1,415800,0.9925985981765085
1,415900,0.9924508858608735
1,416000,0.9924508858608735
1,416100,0.9920054763313478
1,416200,0.9924508858608735
1,416300,0.9924508858608735
1,416400,0.991988115792622
1,416500,0.991847169462766
1,416600,0.9922492872671892
1,416700,0.9929874925907367
1,416800,0.9761676939123882
1,416900,0.9885796316547719
1,417000,0.9917493881147491
1,417100,0.9766922369362143
1,417200,0.9918910972320332
1,417300,0.9918662060760546
1,417400,0.9921846147032772
1,417500,0.991847169462766
1,417600,0.991847169462766
1,417700,0.9922492872671892
1,417800,0.9929842926981822
1,417900,0.991847169462766
1,418000,0.9924356476077818
1,418100,0.9927439124935908
1,418200,0.9922482489683159
1,418300,0.9927439124935908
1,418400,0.976834764524443
1,418500,0.976834764524443
1,418600,0.9885796316547719
1,418700,0.991847169462766
1,418800,0.991847169462766
1,418900,0.9761676939123882
1,419000,0.9924508858608735
1,419100,0.9924508858608735
1,419200,0.9927997230141519
1,419300,0.9833810167582564
1,419400,0.9929842926981822
1,419500,0.9929842926981822
1,419600,0.9754534728162829
1,419700,0.9925538388295237
1,419800,0.9910856426323917
1,419900,0.9909928956270173
1,420000,0.9914802330182511
1,420100,0.9906414092122473
1,420200,0.9917992824617727
1,420300,0.9920463754178722
1,420400,0.9919649749184869
1,420500,0.98965277257961
1,420600,0.9784474883888129
1,420700,0.989508592698247
1,420800,0.990818022250955
1,420900,0.9768649550793286
1,421000,0.988992768273635
1,421100,0.9909928956270173
1,421200,0.9917992824617727
1,421300,0.9922107312327124
1,421400,0.9909928956270173
1,421500,0.9766662901949744
1,421600,0.9909928956270173
1,421700,0.9909928956270173
1,421800,0.9908494404091926
1,421900,0.9932127143722541
1,422000,0.9931413070603274
1,422100,0.992741296390375
1,422200,0.9849394192131598
1,422300,0.9932308753586966
1,422400,0.9890506298825049
1,422500,0.9772911492027836
1,422600,0.9920463754178722
1,422700,0.9918419151106183
1,422800,0.9924738418479863
1,422900,0.9918419151106183
1,423000,0.9869676452873518
1,423100,0.9918419151106183
1,423200,0.9918419151106183
1,423300,0.9772911492027836
1,423400,0.9772911492027836
1,423500,0.9923310529839545
1,423600,0.9936409541415528
1,423700,0.9931026593135347
1,423800,0.9927733851128833
1,423900,0.9763677637775636
1,424000,0.9763677637775636
1,424100,0.9927997230141519
1,424200,0.992598621178329
1,424300,0.9931026593135347
1,424400,0.9927436558081654
1,424500,0.9763677637775636
1,424600,0.9929842926981822
1,424700,0.9926244680111613
1,424800,0.9929842926981822
1,424900,0.9763677637775636
1,425000,0.977185554242676
1,425100,0.9875412939890768
1,425200,0.991988115792622
1,425300,0.9931346293348986
1,425400,0.9925845493550528
1,425500,0.9930500868449683
1,425600,0.9922903198995027
1,425700,0.9927012591384317
1,425800,0.9849926987134271
1,425900,0.9860284493471224
1,426000,0.9886742675545773
1,426100,0.9922697440642294
1,426200,0.9927012591384317
1,426300,0.9921934055621033
1,426400,0.9927076472123946
1,426500,0.977185554242676
1,426600,0.9923618065938861
1,426700,0.977185554242676
1,426800,0.9922697440642294
1,426900,0.9762364402143796
1,427000,0.977185554242676
1,427100,0.9925696567494036
1,427200,0.9925845493550528
1,427300,0.9891542828769961
1,427400,0.9927076472123946
1,427500,0.9927966305417314
1,427600,0.9773545347585232
1,427700,0.9930353637471042
1,427800,0.9927439124935908
1,427900,0.9763677637775636
1,428000,0.9926772845094188
1,428100,0.9829195377206563
1,428200,0.9931026593135347
1,428300,0.9929842926981822
1,428400,0.9931026593135347
1,428500,0.9930402776370124
1,428600,0.9865685618389598
1,428700,0.9936409541415528
1,428800,0.9934626760022635
1,428900,0.9927436558081654
1,429000,0.9927439124935908
1,429100,0.9932308753586966
1,429200,0.9936409541415528
1,429300,0.9936409541415528
1,429400,0.9779229901775665
1,429500,0.988992768273635
1,429600,0.9936409541415528
1,429700,0.9936409541415528
1,429800,0.9931026593135347
1,429900,0.9928354548056169
1,430000,0.9936409541415528
1,430100,0.989672260912571
1,430200,0.989672260912571
1,430300,0.9908276625368245
1,430400,0.9772911492027836
1,430500,0.9913802285612864
1,430600,0.989672260912571
1,430700,0.9907400616003081
1,430800,0.9907400616003081
1,430900,0.9786822965521228
1,431000,0.9928354548056169
1,431100,0.9928354548056169
1,431200,0.9928354548056169
1,431300,0.9932308753586966
1,431400,0.9893332501821319
1,431500,0.9922107312327124
1,431600,0.9929699874116779
1,431700,0.9926162793822536
1,431800,0.9749923562880832
1,431900,0.9928354548056169
1,432000,0.9931026593135347
1,432100,0.9756557238885099
1,432200,0.99170038570369
1,432300,0.9928354548056169
1,432400,0.993065492823307
1,432500,0.9891420558444776
1,432600,0.9913663403155278
1,432700,0.9923310529839545
1,432800,0.9923310529839545
1,432900,0.9930008230849462
1,433000,0.992605097609176
1,433100,0.9928354548056169
1,433200,0.992378588869938
1,433300,0.9766693342482684
1,433400,0.99170038570369
1,433500,0.9923355364326147
1,433600,0.9893657229409429
1,433700,0.9923355364326147
1,433800,0.9888823129415684
1,433900,0.9919331699524938
1,434000,0.9919827744820204
1,434100,0.9881700308819099
1,434200,0.993446338442209
1,434300,0.9929842926981822
1,434400,0.9930650829050929
1,434500,0.9772659860989787
1,434600,0.9928354548056169
1,434700,0.993446338442209
1,434800,0.9881700308819099
1,434900,0.9928354548056169
1,435000,0.9930008230849462
1,435100,0.9775178800833813
1,435200,0.9875337412530042
1,435300,0.9771570476279565
1,435400,0.981952348355064
1,435500,0.9932111507602384
1,435600,0.9934626760022635
1,435700,0.9936434241568003
1,435800,0.9756557238885099
1,435900,0.9929002045104348
1,436000,0.9928354548056169
1,436100,0.9756557238885099
1,436200,0.992928490227338
1,436300,0.9923698261430244
1,436400,0.9762364402143796
1,436500,0.9762364402143796
1,436600,0.9922697440642294
1,436700,0.9927291595593805
1,436800,0.9919044984840026
1,436900,0.9920054763313478
1,437000,0.9929842926981822
1,437100,0.9923619419193453
1,437200,0.9832338250647218
1,437300,0.9931736541349151
1,437400,0.9929842926981822
1,437500,0.9929842926981822
1,437600,0.9891641240403147
1,437700,0.9927011704832923
1,437800,0.9774831258019252
1,437900,0.9763677637775636
1,438000,0.9823109109944785
1,438100,0.9929842926981822
1,438200,0.992426432735169
1,438300,0.9929554137726199
1,438400,0.9918910972320332
1,438500,0.992369443465212
1,438600,0.9928613915166908
1,438700,0.992012790918638
1,438800,0.9920618877030151
1,438900,0.9776353420329741
1,439000,0.992437369126884
1,439100,0.992689431375377
1,439200,0.9776353420329741
1,439300,0.9921418471836926
1,439400,0.991955205794978
1,439500,0.9921418471836926
1,439600,0.992012790918638
1,439700,0.9769415751831055
1,439800,0.992012790918638
1,439900,0.9769415751831055
1,440000,0.9766152599321719
1,440100,0.9761089874424003
1,440200,0.9923698261430244
1,440300,0.9923698261430244
1,440400,0.9929483565479303
1,440500,0.9929842926981822
1,440600,0.9924508858608735
1,440700,0.9929483565479303
1,440800,0.9923698261430244
1,440900,0.9923698261430244
1,441000,0.9918910972320332
1,441100,0.9920618877030151
1,441200,0.9919251421165438
1,441300,0.9929483565479303
1,441400,0.9922697440642294
1,441500,0.989056986016176
1,441600,0.9927615823302604
1,441700,0.9929842926981822
1,441800,0.9924508858608735
1,441900,0.9922054752437044
1,442000,0.976834764524443
1,442100,0.9929483565479303
1,442200,0.9931736541349151
1,442300,0.9922054752437044
1,442400,0.9920970536280586
1,442500,0.992665555997185
1,442600,0.9924508858608735
1,442700,0.9929842926981822
1,442800,0.9924508858608735
1,442900,0.9925065642377648
1,443000,0.9925888779179931
1,443100,0.9918910972320332
1,443200,0.9919251421165438
1,443300,0.9917696876701126
1,443400,0.9775555586634352
1,443500,0.9776353420329741
1,443600,0.991703658703124
1,443700,0.9918763924953818
1,443800,0.9923785644556878
1,443900,0.992342491558666
1,444000,0.9779849378774438
1,444100,0.9913158880210104
1,444200,0.9785426248586597
1,444300,0.9785426248586597
1,444400,0.9930492304153246
1,444500,0.9916967873242953
1,444600,0.9916142082026909
1,444700,0.9922908182068921
1,444800,0.9925099669572962
1,444900,0.9927160402213537
1,445000,0.9924737951923548
1,445100,0.9936947738941054
1,445200,0.9941091445835076
1,445300,0.9941091445835076
1,445400,0.9936947738941054
1,445500,0.9788543519840843
1,445600,0.9895480326075264
1,445700,0.9742238467331299
1,445800,0.9931291921950366
1,445900,0.9931251916407068
1,446000,0.9928112739779481
1,446100,0.993092683159199
1,446200,0.9759987639000265
1,446300,0.9759987639000265
1,446400,0.9920524771005521
1,446500,0.9932741978239272
1,446600,0.9925657890662951
1,446700,0.9932009982378953
1,446800,0.9927125932423896
1,446900,0.9927125932423896
1,447000,0.9927125932423896
1,447100,0.9927125932423896
1,447200,0.9884885280653859
1,447300,0.9934016290369635
1,447400,0.9764322543249404
1,447500,0.9764322543249404
1,447600,0.9929306534816836
1,447700,0.993891511990548
1,447800,0.9887722887971261
1,447900,0.992746817051419
1,448000,0.9770491064577396
1,448100,0.9934016290369635
1,448200,0.9934016290369635
1,448300,0.9770491064577396
1,448400,0.9763970738329267
1,448500,0.9759987639000265
1,448600,0.9913957948980813
1,448700,0.9920985808994914
1,448800,0.9932692437107683
1,448900,0.9929096430197805
1,449000,0.9935266280498477
1,449100,0.9935266280498477
1,449200,0.9935772407168987
1,449300,0.9933348141116167
1,449400,0.9933348141116167
1,449500,0.9786832043407471
1,449600,0.974284231117555
1,449700,0.9935537390299038
1,449800,0.9935266280498477
1,449900,0.993432748829656
1,450000,0.9793568849035912
1,450100,0.9935537390299038
1,450200,0.9877184799014503
1,450300,0.9932692437107683
1,450400,0.9932692437107683
1,450500,0.9760718515277413
1,450600,0.9766268276063511
1,450700,0.9757491981045203
1,450800,0.9929233393150864
1,450900,0.9852343649781208
1,451000,0.989451739108155
1,451100,0.9932692437107683
1,451200,0.9932692437107683
1,451300,0.9757491981045203
1,451400,0.9757491981045203
1,451500,0.9927379227036546
1,451600,0.9929233393150864
1,451700,0.9932692437107683
1,451800,0.9890796599059825
1,451900,0.993092683159199
1,452000,0.9936478923933021
1,452100,0.9929233393150864
1,452200,0.9775643162111758
1,452300,0.9929096430197805
1,452400,0.9930963569499979
1,452500,0.975966950187159
1,452600,0.9761414693954303
1,452700,0.9929096430197805
1,452800,0.9786832043407471
1,452900,0.9928486392055167
1,453000,0.9938632091009645
1,453100,0.9927379227036546
1,453200,0.992711104599014
1,453300,0.9929233393150864
1,453400,0.9929096430197805
1,453500,0.9838832876736167
1,453600,0.9932692437107683
1,453700,0.9932400662945953
1,453800,0.9932741978239272
1,453900,0.9932741978239272
1,454000,0.993398816885185
1,454100,0.9932741978239272
1,454200,0.9936535345943581
1,454300,0.9932741978239272
1,454400,0.9766268276063511
1,454500,0.9761414693954303
1,454600,0.9752011603290051
1,454700,0.9752011603290051
1,454800,0.9927379227036546
1,454900,0.9752011603290051
1,455000,0.9752866241549537
1,455100,0.9752866241549537
1,455200,0.9936478923933021
1,455300,0.9795287327787582
1,455400,0.9935266280498477
1,455500,0.9898023012976813
1,455600,0.9902949429112572
1,455700,0.9931654476723137
1,455800,0.9775643162111758
1,455900,0.9752866241549537
1,456000,0.9937746548302484
1,456100,0.9752011603290051
1,456200,0.9902949429112572
1,456300,0.9935266280498477
1,456400,0.9935537390299038
1,456500,0.993128995712641
1,456600,0.9741164955693804
1,456700,0.9937847910579423
1,456800,0.9784592227630969
1,456900,0.9854403455430234
1,457000,0.992827362771204
1,457100,0.9917690426560508
1,457200,0.9916570359384006
1,457300,0.983548737150701
1,457400,0.9784592227630969
1,457500,0.9930014124527999
1,457600,0.9920607419179881
1,457700,0.9784592227630969
1,457800,0.9937280515543244
1,457900,0.9930014124527999
1,458000,0.9933348141116167
1,458100,0.9895519765706148
1,458200,0.9840296849464433
1,458300,0.974284231117555
1,458400,0.9744861794384847
1,458500,0.9784961526647107
1,458600,0.9784961526647107
1,458700,0.9939357040957064
1,458800,0.9939357040957064
1,458900,0.993432748829656
1,459000,0.9935266280498477
1,459100,0.9935266280498477
1,459200,0.9897308488718868
1,459300,0.9927840833678288
1,459400,0.9933384096104391
1,459500,0.9896696927110274
1,459600,0.9843462072305905
1,459700,0.9932934356442406
1,459800,0.9935909274968023
1,459900,0.9932692437107683
1,460000,0.9928669208583188
1,460100,0.9932692437107683
1,460200,0.9930451859028174
1,460300,0.9932692437107683
1,460400,0.9925495794696851
1,460500,0.9928685111237799
1,460600,0.9930451859028174
1,460700,0.9934016290369635
1,460800,0.9767545396696732
1,460900,0.9767545396696732
1,461000,0.9765077940282889
1,461100,0.9934016290369635
1,461200,0.9931427676511372
1,461300,0.9935821884076327
1,461400,0.9887779207366881
1,461500,0.9767545396696732
1,461600,0.9776854751083657
1,461700,0.9937907541493965
1,461800,0.9777949049349874
1,461900,0.9935929594500912
1,462000,0.9946176465434499
1,462100,0.9935929594500912
1,462200,0.9780476668155365
1,462300,0.993732934201241
1,462400,0.9946176465434499
1,462500,0.9935929594500912
1,462600,0.9893093709834913
1,462700,0.9776175101523434
1,462800,0.9946176465434499
1,462900,0.9835469517699471
1,463000,0.9933958980070208
1,463100,0.9767545396696732
1,463200,0.9926426071466363
1,463300,0.976856495353751
1,463400,0.9937593979466205
1,463500,0.9934016290369635
1,463600,0.9933958980070208
1,463700,0.9934575555493222
1,463800,0.9933777239057813
1,463900,0.9924266303384671
1,464000,0.9934294801600811
1,464100,0.9933958980070208
1,464200,0.976856495353751
1,464300,0.9924266303384671
1,464400,0.9778648937627684
1,464500,0.9772214918840486
1,464600,0.9772214918840486
1,464700,0.9935055134887288
1,464800,0.9924266303384671
1,464900,0.9889107637455342
1,465000,0.9934016290369635
1,465100,0.9934016290369635
1,465200,0.9937593979466205
1,465300,0.9933958980070208
1,465400,0.9772214918840486
1,465500,0.9774632024416574
1,465600,0.9771595253124348
1,465700,0.9774632024416574
1,465800,0.9774632024416574
1,465900,0.9772214918840486
1,466000,0.98911137733713
1,466100,0.9774632024416574
1,466200,0.9774632024416574
1,466300,0.9945362432764058
1,466400,0.9933175055292249
1,466500,0.9934575555493222
1,466600,0.9886838282620372
1,466700,0.9886838282620372
1,466800,0.9934575555493222
1,466900,0.9937422416722582
1,467000,0.976856495353751
1,467100,0.976856495353751
1,467200,0.9936424207489218
1,467300,0.9937593979466205
1,467400,0.9765671458469806
1,467500,0.9939871809223838
1,467600,0.9765671458469806
1,467700,0.9940463872369999
1,467800,0.993993279718651
1,467900,0.9763970738329267
1,468000,0.9763970738329267
1,468100,0.976856495353751
1,468200,0.9934016290369635
1,468300,0.9937593979466205
1,468400,0.9759408048674777
1,468500,0.9940463872369999
1,468600,0.9936984479020292
1,468700,0.9940463872369999
1,468800,0.976856495353751
1,468900,0.9774215203492362
1,469000,0.9768177048150937
1,469100,0.9850315717754566
1,469200,0.9949461917364116
1,469300,0.9774632024416574
1,469400,0.98911137733713
1,469500,0.9768177048150937
1,469600,0.9774632024416574
1,469700,0.9770520285004639
1,469800,0.9770520285004639
1,469900,0.976856495353751
1,470000,0.9943538595853562
1,470100,0.994286500470414
1,470200,0.9768177048150937
1,470300,0.98911137733713
1,470400,0.977145062705411
1,470500,0.9766050817714856
1,470600,0.9945362432764058
1,470700,0.98911137733713
1,470800,0.9931027090031439
1,470900,0.9937593979466205
1,471000,0.9936074279089996
1,471100,0.9895885943768568
1,471200,0.9940752245327082
1,471300,0.97571106694878
1,471400,0.9757931237795778
1,471500,0.9881085926164677
1,471600,0.9937593979466205
1,471700,0.9937593979466205
1,471800,0.9937593979466205
1,471900,0.9937637201456042
1,472000,0.9936984479020292
1,472100,0.9933958980070208
1,472200,0.994004877656236
1,472300,0.9934016290369635
1,472400,0.9933392332038083
1,472500,0.976856495353751
1,472600,0.993993279718651
1,472700,0.9933392332038083
1,472800,0.9935316047798515
1,472900,0.9897339166719975
1,473000,0.9937422416722582
1,473100,0.976856495353751
1,473200,0.9934016290369635
1,473300,0.976856495353751
1,473400,0.976856495353751
1,473500,0.9933296181005887
1,473600,0.9934016290369635
1,473700,0.9770520285004639
1,473800,0.9770520285004639
1,473900,0.9926426071466363
1,474000,0.9770520285004639
1,474100,0.9945362432764058
1,474200,0.9770036142475009
1,474300,0.994286500470414
1,474400,0.9945362432764058
1,474500,0.988246045294687
1,474600,0.9770601140263036
1,474700,0.9770520285004639
1,474800,0.9852517366785091
1,474900,0.9934575555493222
1,475000,0.9770520285004639
1,475100,0.9931682432552961
1,475200,0.9770520285004639
1,475300,0.9778648937627684
1,475400,0.9851724510833381
1,475500,0.9773716887512048
1,475600,0.9773716887512048
1,475700,0.9935929594500912
1,475800,0.9933890765321983
1,475900,0.9944294746051896
1,476000,0.9945115252330713
1,476100,0.9940354884380176
1,476200,0.9946176465434499
1,476300,0.9893262426807624
1,476400,0.977329228837301
1,476500,0.9942800190357892
1,476600,0.9770036142475009
1,476700,0.9770036142475009
1,476800,0.9893093709834913
1,476900,0.9936111095121376
1,477000,0.9944486579636136
1,477100,0.9852480213780226
1,477200,0.9774772409354009
1,477300,0.9757601523254338
1,477400,0.9938255281761208
1,477500,0.9940354884380176
1,477600,0.9836368478337028
1,477700,0.977329228837301
1,477800,0.9943322590137026
1,477900,0.9937184939706633
1,478000,0.9932738581853148
1,478100,0.9837432558273326
1,478200,0.9926359499641392
1,478300,0.976856495353751
1,478400,0.9933958980070208
1,478500,0.9772214918840486
1,478600,0.9937118603025269
1,478700,0.9936531135029502
1,478800,0.9763954714648151
1,478900,0.9936436221488614
1,479000,0.9932787307645343
1,479100,0.993677861673331
1,479200,0.9939871809223838
1,479300,0.9760799728675431
1,479400,0.9939871809223838
1,479500,0.9889887363045293
1,479600,0.975729468716605
1,479700,0.9937114034901704
1,479800,0.9939871809223838
1,479900,0.9762066237437155
1,480000,0.9884083175082192
1,480100,0.9847758822266378
1,480200,0.9939733500490683
1,480300,0.993432012408242
1,480400,0.9939190681817663
1,480500,0.9937114034901704
1,480600,0.9751243456006131
1,480700,0.993840785191148
1,480800,0.993432012408242
1,480900,0.975729468716605
1,481000,0.9939190681817663
1,481100,0.9940099307628935
1,481200,0.974929387463431
1,481300,0.97495873118422
1,481400,0.9746455564094278
1,481500,0.9789444605463011
1,481600,0.9750287002465551
1,481700,0.9783254936423935
1,481800,0.9895026160896658
1,481900,0.9786234989080145
1,482000,0.9933686493035898
1,482100,0.9926225936576687
1,482200,0.9924838024397805
1,482300,0.9924838024397805
1,482400,0.9939423735411047
1,482500,0.9933446928344775
1,482600,0.9790273268835716
1,482700,0.9933558915708496
1,482800,0.9789444605463011
1,482900,0.991933801511581
1,483000,0.991933801511581
1,483100,0.9777512303392887
1,483200,0.9926282370842465
1,483300,0.99299657173805
1,483400,0.9932148970733023
1,483500,0.992871625172973
1,483600,0.9875882194732091
1,483700,0.9929661617198564
1,483800,0.992526833812091
1,483900,0.9919369814845478
1,484000,0.9915821016808529
1,484100,0.9777512303392887
1,484200,0.9926225936576687
1,484300,0.9926225936576687
1,484400,0.9779576926872344
1,484500,0.9915821016808529
1,484600,0.9786636678966049
1,484700,0.9924838024397805
1,484800,0.9924838024397805
1,484900,0.9926282370842465
1,485000,0.9919369814845478
1,485100,0.9921626696998878
1,485200,0.9926282370842465
1,485300,0.9785323514869648
1,485400,0.9926225936576687
1,485500,0.9921626696998878
1,485600,0.9789918902442911
1,485700,0.988405822949612
1,485800,0.9855301988120841
1,485900,0.9926225936576687
1,486000,0.9915821016808529
1,486100,0.9783987229631819
1,486200,0.9924838024397805
1,486300,0.9916169965964411
1,486400,0.9924575480785593
1,486500,0.992651209504999
1,486600,0.9783349830606984
1,486700,0.9926672542925781
1,486800,0.9933149756649029
1,486900,0.9924645131526872
1,487000,0.9928566685042953
1,487100,0.9926484729207694
1,487200,0.9925825150610066
1,487300,0.9932148970733023
1,487400,0.9925825150610066
1,487500,0.9768022023752289
1,487600,0.9924645131526872
1,487700,0.9928566685042953
1,487800,0.9932148970733023
1,487900,0.9929661617198564
1,488000,0.993273263146794
1,488100,0.992871625172973
1,488200,0.977745315760775
1,488300,0.9926282370842465
1,488400,0.9926616308754732
1,488500,0.977745315760775
1,488600,0.977745315760775
1,488700,0.9931817170949196
1,488800,0.9783349830606984
1,488900,0.9924787092277623
1,489000,0.9918180956321176
1,489100,0.9787651597700825
1,489200,0.9783349830606984
1,489300,0.992651209504999
1,489400,0.9926029506461144
1,489500,0.992871625172973
1,489600,0.992871625172973
1,489700,0.9927089367183898
1,489800,0.992651209504999
1,489900,0.9925353013766366
1,490000,0.9919369814845478
1,490100,0.9919369814845478
1,490200,0.992526833812091
1,490300,0.9929514841273014
1,490400,0.992526833812091
1,490500,0.9926282370842465
1,490600,0.9787651597700825
1,490700,0.9924787092277623
1,490800,0.9919369814845478
1,490900,0.9926225936576687
1,491000,0.9926225936576687
1,491100,0.9926225936576687
1,491200,0.9926225936576687
1,491300,0.9786825506739252
1,491400,0.9786825506739252
1,491500,0.9931835275092771
1,491600,0.9934725036314886
1,491700,0.9786825506739252
1,491800,0.9934725036314886
1,491900,0.9937288053319104
1,492000,0.9926225936576687
1,492100,0.9926225936576687
1,492200,0.9928748445593609
1,492300,0.9940076143110756
1,492400,0.979302798411042
1,492500,0.9928748445593609
1,492600,0.9921294783938549
1,492700,0.9928748445593609
1,492800,0.9928748445593609
1,492900,0.9926225936576687
1,493000,0.992287567150363
1,493100,0.9924787092277623
1,493200,0.992651209504999
1,493300,0.9924575480785593
1,493400,0.9921626696998878
1,493500,0.992651209504999
1,493600,0.992526833812091
1,493700,0.977745315760775
1,493800,0.992871625172973
1,493900,0.977745315760775
1,494000,0.977745315760775
1,494100,0.99299657173805
1,494200,0.992871625172973
1,494300,0.9926029506461144
1,494400,0.9931739816263989
1,494500,0.9935662827751788
1,494600,0.9926484729207694
1,494700,0.9935662827751788
1,494800,0.9931242752657152
1,494900,0.9852966596143479
1,495000,0.9930097139265236
1,495100,0.9928691480944867
1,495200,0.9779295100071036
1,495300,0.9931248761332443
1,495400,0.9929853763482824
1,495500,0.9779295100071036
1,495600,0.9775778518745274
1,495700,0.9926672542925781
1,495800,0.992871625172973
1,495900,0.9926672542925781
1,496000,0.9926315601896136
1,496100,0.992526833812091
1,496200,0.9924787092277623
1,496300,0.9926315601896136
1,496400,0.977745315760775
1,496500,0.9924787092277623
1,496600,0.9926315601896136
1,496700,0.9883425475689608
1,496800,0.9923215916918141
1,496900,0.9926672542925781
1,497000,0.9783349830606984
1,497100,0.9925867956724227
1,497200,0.9931360615274885
1,497300,0.9925867956724227
1,497400,0.977745315760775
1,497500,0.9926029506461144
1,497600,0.9783349830606984
1,497700,0.977745315760775
1,497800,0.9928552286906306
1,497900,0.9926531063081154
1,498000,0.9929743492801173
1,498100,0.9923279461840081
1,498200,0.9879614850921092
1,498300,0.9924787092277623
1,498400,0.9926029506461144
1,498500,0.9791005455208869
1,498600,0.9854404663882729
1,498700,0.9929288475635184
1,498800,0.9792016414540661
1,498900,0.992287567150363
1,499000,0.9924787092277623
1,499100,0.9921260808929512
1,499200,0.979302798411042
1,499300,0.985884714247404
1,499400,0.9922503181550558
1,499500,0.9923279461840081
1,499600,0.9792016414540661
1,499700,0.9787759151662045
1,499800,0.9928748445593609
1,499900,0.9926225936576687
1,500000,0.9926225936576687
1,500100,0.9928748445593609
1,500200,0.9779576926872344
1,500300,0.9926388116378885
1,500400,0.9791746136701451
1,500500,0.9928748445593609
1,500600,0.993545114340182
1,500700,0.9840888488911536
1,500800,0.9795062536363259
1,500900,0.9933854801822621
1,501000,0.9793153855147769
1,501100,0.9930591859178801
1,501200,0.9933854801822621
1,501300,0.9795062536363259
1,501400,0.9793153855147769
1,501500,0.9933854801822621
1,501600,0.9933766100076888
1,501700,0.9799506243011588
1,501800,0.9943010137079155
1,501900,0.9943916645979705
1,502000,0.978063715595011
1,502100,0.9937593979466205
1,502200,0.9845694900826385
1,502300,0.994004877656236
1,502400,0.9762066237437155
1,502500,0.9770029483118164
1,502600,0.994004877656236
1,502700,0.9935361578951942
1,502800,0.9762066237437155
1,502900,0.9933958980070208
1,503000,0.9936808928365732
1,503100,0.9774215203492362
1,503200,0.9936808928365732
1,503300,0.976856495353751
1,503400,0.9762066237437155
1,503500,0.9762066237437155
1,503600,0.9937593979466205
1,503700,0.9937593979466205
1,503800,0.9762066237437155
1,503900,0.9939871809223838
1,504000,0.9936329084665556
1,504100,0.990862054562354
1,504200,0.9771058412717286
1,504300,0.994004877656236
1,504400,0.9932683080131054
1,504500,0.9936531135029502
1,504600,0.9935055134887288
1,504700,0.9936531135029502
1,504800,0.9772214918840486
1,504900,0.9772214918840486
1,505000,0.9937118603025269
1,505100,0.9936531135029502
1,505200,0.9936531135029502
1,505300,0.9885333865208709
1,505400,0.9933807168981776
1,505500,0.9939808917383929
1,505600,0.9931296009648249
1,505700,0.9933439564631309
1,505800,0.9938294367315069
1,505900,0.9780444925108004
1,506000,0.9784062154793413
1,506100,0.9784062154793413
1,506200,0.9930381451304764
1,506300,0.9774902721311435
1,506400,0.9935263705876157
1,506500,0.9781484568882256
1,506600,0.9780444925108004
1,506700,0.9788874008658993
1,506800,0.9943369081813053
1,506900,0.9942115060799527
1,507000,0.9941799043724538
1,507100,0.9949245953113851
1,507200,0.9947541837989545
1,507300,0.9941715216604609
1,507400,0.9783707313879197
1,507500,0.9943365297999442
1,507600,0.9943365297999442
1,507700,0.994479411115631
1,507800,0.9947541837989545
1,507900,0.9947541837989545
1,508000,0.9944345616525033
1,508100,0.9766791318009382
1,508200,0.9938639285848443
1,508300,0.9937567852049809
1,508400,0.9944383790527245
1,508500,0.9943473907285728
1,508600,0.9762070459474328
1,508700,0.9941715216604609
1,508800,0.994583784196992
1,508900,0.9943365297999442
1,509000,0.9946252808102782
1,509100,0.9851224950300791
1,509200,0.9947541837989545
1,509300,0.9940615642671943
1,509400,0.9942213928217689
1,509500,0.994479411115631
1,509600,0.9946252808102782
1,509700,0.9878584467555426
1,509800,0.9942213928217689
1,509900,0.9945235571016592
1,510000,0.9845778930619856
1,510100,0.9945235571016592
1,510200,0.9942213928217689
1,510300,0.9945750693059576
1,510400,0.9944345616525033
1,510500,0.9774249530944435
1,510600,0.9946582397092886
1,510700,0.9937567852049809
1,510800,0.9944345616525033
1,510900,0.994038578109512
1,511000,0.994202292329239
1,511100,0.9942138729711623
1,511200,0.994038578109512
1,511300,0.9942425664289275
1,511400,0.9773302024357293
1,511500,0.9935429565566394
1,511600,0.9941677923489863
1,511700,0.9942425664289275
1,511800,0.9935839736394988
1,511900,0.9941677923489863
1,512000,0.9938986897142019
1,512100,0.9941677923489863
1,512200,0.9933845234401941
1,512300,0.9940621690543202
1,512400,0.9774842086165867
1,512500,0.9941677923489863
1,512600,0.9784218003910555
1,512700,0.9780436429325308
1,512800,0.9784218003910555
1,512900,0.9938986897142019
1,513000,0.9938986897142019
1,513100,0.9941230682484343
1,513200,0.9939367977133887
1,513300,0.9946250638968654
1,513400,0.9939367977133887
1,513500,0.9774249530944435
1,513600,0.9938146998041638
1,513700,0.9774249530944435
1,513800,0.9946250638968654
1,513900,0.9946250638968654
1,514000,0.9946250638968654
1,514100,0.9939201354417876
1,514200,0.9946495815172535
1,514300,0.9938628004045351
1,514400,0.9907530355890515
1,514500,0.9939275373867034
1,514600,0.978497559875227
1,514700,0.9948959270541192
1,514800,0.9910578946818612
1,514900,0.9784218003910555
1,515000,0.9950259044788574
1,515100,0.9935383658404451
1,515200,0.9907530355890515
1,515300,0.9784003556161736
1,515400,0.9948178621740896
1,515500,0.9908217916395624
1,515600,0.9942138729711623
1,515700,0.9941677923489863
1,515800,0.9942599076111427
1,515900,0.9939275373867034
1,516000,0.9935721997476146
1,516100,0.9942138729711623
1,516200,0.9939275373867034
1,516300,0.9939275373867034
1,516400,0.9939275373867034
1,516500,0.9774414433783422
1,516600,0.9777866691030709
1,516700,0.9777866691030709
1,516800,0.9938146998041638
1,516900,0.9942213928217689
1,517000,0.9774249530944435
1,517100,0.9941230682484343
1,517200,0.9763160776588186
1,517300,0.9945750693059576
1,517400,0.9763160776588186
1,517500,0.994479411115631
1,517600,0.9850180210013124
1,517700,0.9947536430948685
1,517800,0.994951096128953
1,517900,0.9947536430948685
1,518000,0.9788874008658993
1,518100,0.9783707313879197
1,518200,0.9940992310671882
1,518300,0.9947536430948685
1,518400,0.9941799043724538
1,518500,0.9940698813441465
1,518600,0.9944021127539779
1,518700,0.9940992310671882
1,518800,0.9943365297999442
1,518900,0.9943369081813053
1,519000,0.9787188517295248
1,519100,0.9931809164024941
1,519200,0.9934994371370318
1,519300,0.9930381451304764
1,519400,0.9930537884395938
1,519500,0.9927919048142569
1,519600,0.9933439564631309
1,519700,0.9943369081813053
1,519800,0.9935805157913621
1,519900,0.9943369081813053
1,520000,0.9930976214610883
1,520100,0.9786887627483457
1,520200,0.9930537884395938
1,520300,0.9933439564631309
1,520400,0.9943142986266901
1,520500,0.9787188517295248
1,520600,0.9943365297999442
1,520700,0.9940593410295414
1,520800,0.9940593410295414
1,520900,0.9943365297999442
1,521000,0.9935805157913621
1,521100,0.9935300663622944
1,521200,0.9936877002066096
1,521300,0.9762070459474328
1,521400,0.9933439564631309
1,521500,0.9779878424036321
1,521600,0.9933617939714569
1,521700,0.9942721475757608
1,521800,0.9945235571016592
1,521900,0.9947541837989545
1,522000,0.9946582397092886
1,522100,0.9944387290560459
1,522200,0.9945235571016592
1,522300,0.9762070459474328
1,522400,0.9787188517295248
1,522500,0.9786887627483457
1,522600,0.9935300663622944
1,522700,0.9933439564631309
1,522800,0.9931137887734653
1,522900,0.9933439564631309
1,523000,0.9779878424036321
1,523100,0.9938111265324096
1,523200,0.9784062154793413
1,523300,0.9935300663622944
1,523400,0.9896624365643046
1,523500,0.9889805299171825
1,523600,0.9783650170314846
1,523700,0.9935300663622944
1,523800,0.9943365297999442
1,523900,0.9935733150100611
1,524000,0.9932902986610003
1,524100,0.9931137887734653
1,524200,0.9779878424036321
1,524300,0.9933439564631309
1,524400,0.9900471548266272
1,524500,0.9856413008969749
1,524600,0.994289496909057
1,524700,0.9941187792491446
1,524800,0.977993803175371
1,524900,0.9931137887734653
1,525000,0.994289496909057
1,525100,0.9900471548266272
1,525200,0.9931137887734653
1,525300,0.9784062154793413
1,525400,0.9933807168981776
1,525500,0.9901329462860557
1,525600,0.9931809164024941
1,525700,0.993068158759568
1,525800,0.9929034105729381
1,525900,0.9770601140263036
1,526000,0.993048338584178
1,526100,0.993048338584178
1,526200,0.9767760773731944
1,526300,0.9933584875069836
1,526400,0.9933584875069836
1,526500,0.9927729550826367
1,526600,0.9928661891915452
1,526700,0.9770601140263036
1,526800,0.9926359499641392
1,526900,0.9933584875069836
1,527000,0.9934575555493222
1,527100,0.9847294509083319
1,527200,0.9938959894774785
1,527300,0.9931487107266288
1,527400,0.9760379290696878
1,527500,0.9940953572607636
1,527600,0.9933036319904585
1,527700,0.9936808928365732
1,527800,0.976656422531936
1,527900,0.9936436221488614
1,528000,0.9902874747182516
1,528100,0.9770601140263036
1,528200,0.9935748606767393
1,528300,0.976656422531936
1,528400,0.9760379290696878
1,528500,0.976656422531936
1,528600,0.976656422531936
1,528700,0.9933958980070208
1,528800,0.9930262464528987
1,528900,0.988961286832882
1,529000,0.9770601140263036
1,529100,0.9926359499641392
1,529200,0.976656422531936
1,529300,0.9936808928365732
1,529400,0.9926359499641392
1,529500,0.9926359499641392
1,529600,0.9926359499641392
1,529700,0.9900921251544835
1,529800,0.9929571233357493
1,529900,0.9933036319904585
1,530000,0.9850429797041688
1,530100,0.9935092425526495
1,530200,0.9933584875069836
1,530300,0.9936985811238459
1,530400,0.9771145327498505
1,530500,0.9933036319904585
1,530600,0.9928635051887688
1,530700,0.9928635051887688
1,530800,0.977748714393393
1,530900,0.9928635051887688
1,531000,0.977748714393393
1,531100,0.9902775682417343
1,531200,0.9769245255200022
1,531300,0.9898890419593551
1,531400,0.9771145327498505
1,531500,0.9928635051887688
1,531600,0.9898890419593551
1,531700,0.9935125552114783
1,531800,0.976656422531936
1,531900,0.9757842081173186
1,532000,0.9758811285239675
1,532100,0.9768143566209667
1,532200,0.9932291427124867
1,532300,0.9758811285239675
1,532400,0.992505207059027
1,532500,0.9931528740403517
1,532600,0.9757842081173186
1,532700,0.9750896395245
1,532800,0.9931733005855015
1,532900,0.9929195440698815
1,533000,0.9930458097092234
1,533100,0.9935658006087085
1,533200,0.9750896395245
1,533300,0.985736246401915
1,533400,0.9758811285239675
1,533500,0.9749340107890017
1,533600,0.974929387463431
1,533700,0.9752783125209612
1,533800,0.9926555620753464
1,533900,0.9790632414935987
1,534000,0.9752783125209612
1,534100,0.9752783125209612
1,534200,0.989856294703035
1,534300,0.9889066752128054
1,534400,0.9926555620753464
1,534500,0.992166672059485
1,534600,0.9918700970545611
1,534700,0.9790632414935987
1,534800,0.9785607173961048
1,534900,0.9915681680063895
1,535000,0.9894895884365924
1,535100,0.9916520947328273
1,535200,0.9915681680063895
1,535300,0.9915262768694685
1,535400,0.9785607173961048
1,535500,0.9919172984745254
1,535600,0.9916033732672032
1,535700,0.9781892638712291
1,535800,0.9919369814845478
1,535900,0.9776355090499527
1,536000,0.991411000759598
1,536100,0.9782717427306459
1,536200,0.9911379565283204
1,536300,0.9917784017176342
1,536400,0.991895575648386
1,536500,0.9779132624353714
1,536600,0.991867063723332
1,536700,0.9914236523364447
1,536800,0.977174607989741
1,536900,0.9920371138653481
1,537000,0.9772335498052175
1,537100,0.9918281205624279
1,537200,0.9922443564972548
1,537300,0.9920480618742226
1,537400,0.9920480618742226
1,537500,0.9921199937702364
1,537600,0.9918281205624279
1,537700,0.9921204705951323
1,537800,0.9924926921976955
1,537900,0.9912855013608722
1,538000,0.9910237972730467
1,538100,0.9920480618742226
1,538200,0.9920371138653481
1,538300,0.9921693995435596
1,538400,0.992053757955323
1,538500,0.9919896311101616
1,538600,0.9767702253047396
1,538700,0.9766398771289538
1,538800,0.9919896311101616
1,538900,0.9915362541480573
1,539000,0.991259386858988
1,539100,0.9921204705951323
1,539200,0.9921204705951323
1,539300,0.9767702253047396
1,539400,0.9916599585170149
1,539500,0.9915362541480573
1,539600,0.9767702253047396
1,539700,0.9920129066400293
1,539800,0.9919896311101616
1,539900,0.9915362541480573
1,540000,0.9921693995435596
1,540100,0.9921204705951323
1,540200,0.9923057091348478
1,540300,0.9920371138653481
1,540400,0.9773501728178315
1,540500,0.9920371138653481
1,540600,0.9920371138653481
1,540700,0.9917784017176342
1,540800,0.9917784017176342
1,540900,0.9920371138653481
1,541000,0.9920371138653481
1,541100,0.9773501728178315
1,541200,0.9920371138653481
1,541300,0.9912915381066195
1,541400,0.9925236951371806
1,541500,0.9921708930539818
1,541600,0.9765362067336036
1,541700,0.9921693995435596
1,541800,0.9923607014827828
1,541900,0.9923057091348478
1,542000,0.9926011406346736
1,542100,0.9765362067336036
1,542200,0.9765362067336036
1,542300,0.9921204705951323
1,542400,0.9921204705951323
1,542500,0.9921204705951323
1,542600,0.9923607014827828
1,542700,0.9924720216553425
1,542800,0.9921204705951323
1,542900,0.9918347465586803
1,543000,0.9895432003684854
1,543100,0.9922745557071463
1,543200,0.9925327846298614
1,543300,0.9919896311101616
1,543400,0.9895432003684854
1,543500,0.9921204705951323
1,543600,0.9919038494360322
1,543700,0.9927796856603154
1,543800,0.9923607014827828
1,543900,0.9921909219164604
1,544000,0.9921204705951323
1,544100,0.9921708930539818
1,544200,0.9773501728178315
1,544300,0.9921708930539818
1,544400,0.9921204705951323
1,544500,0.9918347465586803
1,544600,0.9918347465586803
1,544700,0.9777443819854317
1,544800,0.9922443564972548
1,544900,0.9920561393950592
1,545000,0.9918281205624279
1,545100,0.9920371138653481
1,545200,0.9920561393950592
1,545300,0.9765362067336036
1,545400,0.977174607989741
1,545500,0.9772335498052175
1,545600,0.9839506823113784
1,545700,0.9922443564972548
1,545800,0.9921204705951323
1,545900,0.9919038494360322
1,546000,0.9923830133416865
1,546100,0.9922745557071463
1,546200,0.991848473792567
1,546300,0.9760913585814579
1,546400,0.991142941391679
1,546500,0.9921300451538887
1,546600,0.9760913585814579
1,546700,0.9912473447181253
1,546800,0.9772039008562814
1,546900,0.9913597101425283
1,547000,0.9907181145734201
1,547100,0.9904910343271932
1,547200,0.9772039008562814
1,547300,0.9873190927952239
1,547400,0.9912473447181253
1,547500,0.9893312281128178
1,547600,0.9904910343271932
1,547700,0.9910560901007014
1,547800,0.9911353802446471
1,547900,0.9766398771289538
1,548000,0.9910721423349348
1,548100,0.9892063041500121
1,548200,0.9913597101425283
1,548300,0.9921430372212324
1,548400,0.9907690963395529
1,548500,0.9908746393739931
1,548600,0.991214371336086
1,548700,0.990120003794673
1,548800,0.9835461748378773
1,548900,0.9901334947311439
1,549000,0.990120003794673
1,549100,0.991042000293831
1,549200,0.991105855376299
1,549300,0.9901261640257254
1,549400,0.9908883689276036
1,549500,0.9921430372212324
1,549600,0.9913295751545044
1,549700,0.9895432003684854
1,549800,0.9912473447181253
1,549900,0.9907735793139385
1,550000,0.9913295751545044
1,550100,0.9911353802446471
1,550200,0.9911353802446471
1,550300,0.991105855376299
1,550400,0.9877602125249566
1,550500,0.9908883689276036
1,550600,0.9912996205507291
1,550700,0.9910721423349348
1,550800,0.990144698345986
1,550900,0.9901261640257254
1,551000,0.9912473447181253
1,551100,0.9914771415626592
1,551200,0.9908883689276036
1,551300,0.9912473447181253
1,551400,0.9770901202080363
1,551500,0.9901257224514792
1,551600,0.9843009346279379
1,551700,0.9912473447181253
1,551800,0.9912473447181253
1,551900,0.9921300451538887
1,552000,0.991142941391679
1,552100,0.990044960232597
1,552200,0.9912473447181253
1,552300,0.9879305461608552
1,552400,0.9901261640257254
1,552500,0.9899725878807442
1,552600,0.9902535589769922
1,552700,0.9908883689276036
1,552800,0.9772729854956657
1,552900,0.9901261640257254
1,553000,0.9784461437915886
1,553100,0.9896314716069861
1,553200,0.9901223958893484
1,553300,0.9896191682080442
1,553400,0.9901223958893484
1,553500,0.9901223958893484
1,553600,0.9900177387229622
1,553700,0.9901223958893484
1,553800,0.9769729312175448
1,553900,0.9900140338739962
1,554000,0.9908978862019694
1,554100,0.9901334947311439
1,554200,0.9900140338739962
1,554300,0.9908978862019694
1,554400,0.9898963854017967
1,554500,0.9900140338739962
1,554600,0.9907854710087814
1,554700,0.9835474475370884
1,554800,0.9766183582056193
1,554900,0.9898963854017967
1,555000,0.9898963854017967
1,555100,0.9901261640257254
1,555200,0.9901261640257254
1,555300,0.9897233756454363
1,555400,0.9896176309830315
1,555500,0.9898928399756151
1,555600,0.9901223958893484
1,555700,0.9901223958893484
1,555800,0.9902802432265161
1,555900,0.987359725805443
1,556000,0.9903593950301455
1,556100,0.9902782854894212
1,556200,0.9903938226580615
1,556300,0.9902782854894212
1,556400,0.9904811467766477
1,556500,0.9902782854894212
1,556600,0.9899436638649775
1,556700,0.9870676696319143
1,556800,0.9902802432265161
1,556900,0.9899023754279672
1,557000,0.9901223958893484
1,557100,0.9906449913092152
1,557200,0.9906541128236356
1,557300,0.9890455413411479
1,557400,0.9901223958893484
1,557500,0.9908812699237477
1,557600,0.9904716259470112
1,557700,0.9910524378577013
1,557800,0.9904811467766477
1,557900,0.9912068399166485
1,558000,0.9913249472927264
1,558100,0.9904811467766477
1,558200,0.9904166343642471
1,558300,0.9913249472927264
1,558400,0.9912068399166485
1,558500,0.9904811467766477
1,558600,0.9907632702658639
1,558700,0.9904716259470112
1,558800,0.9903938226580615
1,558900,0.9903938226580615
1,559000,0.9900177387229622
1,559100,0.9902802432265161
1,559200,0.9901980305222929
1,559300,0.9778534169090947
1,559400,0.9835364431656533
1,559500,0.9908812699237477
1,559600,0.9903930879104103
1,559700,0.9898510788114607
1,559800,0.9906449913092152
1,559900,0.9901334947311439
1,560000,0.9908978862019694
1,560100,0.9901223958893484
1,560200,0.9907854710087814
1,560300,0.9897233756454363
1,560400,0.9912642100634158
1,560500,0.9897233756454363
1,560600,0.9896835337469969
1,560700,0.9901261640257254
1,560800,0.9792382494234835
1,560900,0.9767057082928295
1,561000,0.9792382494234835
1,561100,0.9901261640257254
1,561200,0.9911624468436048
1,561300,0.9901261640257254
1,561400,0.9901261640257254
1,561500,0.9897516194832012
1,561600,0.9893461962029176
1,561700,0.9899023754279672
1,561800,0.990120003794673
1,561900,0.9901261640257254
1,562000,0.9901261640257254
1,562100,0.9900604960956086
1,562200,0.9905515796104337
1,562300,0.9908978862019694
1,562400,0.9766183582056193
1,562500,0.9901334947311439
1,562600,0.9784461437915886
1,562700,0.9900140338739962
1,562800,0.9784461437915886
1,562900,0.9908978862019694
1,563000,0.9908978862019694
1,563100,0.990120003794673
1,563200,0.9908978862019694
1,563300,0.9903930879104103
1,563400,0.9895590144993157
1,563500,0.9893461962029176
1,563600,0.9901223958893484
1,563700,0.9898107726043716
1,563800,0.9784461437915886
1,563900,0.9900604960956086
1,564000,0.9866346994017983
1,564100,0.9899624808244609
1,564200,0.989627029742118
1,564300,0.9894058235721452
1,564400,0.9761464473214444
1,564500,0.9772729854956657
1,564600,0.9898104672517373
1,564700,0.976765693905545
1,564800,0.9897233756454363
1,564900,0.989627029742118
1,565000,0.9778319516344638
1,565100,0.989627029742118
1,565200,0.989627029742118
1,565300,0.9899624808244609
1,565400,0.9920408485598653
1,565500,0.9929242389637256
1,565600,0.9918347465586803
1,565700,0.9912175094292148
1,565800,0.9910934349260803
1,565900,0.9888861209565489
1,566000,0.9764115943233698
1,566100,0.9923204103135624
1,566200,0.9930697091185154
1,566300,0.9927796856603154
1,566400,0.9891349261355711
1,566500,0.992723160409765
1,566600,0.9764115943233698
1,566700,0.9764115943233698
1,566800,0.9922745557071463
1,566900,0.9929242389637256
1,567000,0.9923607014827828
1,567100,0.9845428649394188
1,567200,0.993184347137568
1,567300,0.9770616670842724
1,567400,0.9922745557071463
1,567500,0.9920408485598653
1,567600,0.9920129066400293
1,567700,0.9770915033801946
1,567800,0.9912175094292148
1,567900,0.9764115943233698
1,568000,0.9910934349260803
1,568100,0.9922295954869591
1,568200,0.9764115943233698
1,568300,0.9920408485598653
1,568400,0.9927796856603154
1,568500,0.9920371138653481
1,568600,0.9872711225779911
1,568700,0.9920371138653481
1,568800,0.9921751255360715
1,568900,0.9911502188876574
1,569000,0.9924926921976955
1,569100,0.9919938322626635
1,569200,0.9921708930539818
1,569300,0.9920689281319611
1,569400,0.9921204705951323
1,569500,0.9845238432474603
1,569600,0.9918347465586803
1,569700,0.9918347465586803
1,569800,0.9927796856603154
1,569900,0.9921204705951323
1,570000,0.976528738332812
1,570100,0.9921693995435596
1,570200,0.9845238432474603
1,570300,0.9918347465586803
1,570400,0.9778498038638818
1,570500,0.9919038494360322
1,570600,0.9921693995435596
1,570700,0.9885890580437968
1,570800,0.9925293132417916
1,570900,0.9920689281319611
1,571000,0.9920561393950592
1,571100,0.9765362067336036
1,571200,0.9921204705951323
1,571300,0.9765362067336036
1,571400,0.9879467508536912
1,571500,0.9773501728178315
1,571600,0.9920561393950592
1,571700,0.9920371138653481
1,571800,0.9923607014827828
1,571900,0.9879260675501391
1,572000,0.9921708930539818
1,572100,0.9921708930539818
1,572200,0.9919038494360322
1,572300,0.9921693995435596
1,572400,0.9923602103818727
1,572500,0.9922745557071463
1,572600,0.9922745557071463
1,572700,0.9903770623481668
1,572800,0.9901257224514792
1,572900,0.9922745557071463
1,573000,0.9922295954869591
1,573100,0.9910934349260803
1,573200,0.9918347465586803
1,573300,0.9767702253047396
1,573400,0.9920408485598653
1,573500,0.9927796856603154
1,573600,0.9767702253047396
1,573700,0.9767702253047396
1,573800,0.9922295954869591
1,573900,0.9910934349260803
1,574000,0.9922295954869591
1,574100,0.9890034130936326
1,574200,0.9922745557071463
1,574300,0.9919896311101616
1,574400,0.9764115943233698
1,574500,0.9912642100634158
1,574600,0.9873190927952239
1,574700,0.9912473447181253
1,574800,0.9920655862204225
1,574900,0.9903770623481668
1,575000,0.9912473447181253
1,575100,0.9898104672517373
1,575200,0.9846060294668385
1,575300,0.9892891482262121
1,575400,0.9909345578347747
1,575500,0.9922745557071463
1,575600,0.9759148037208248
1,575700,0.9921204705951323
1,575800,0.9913408842049783
1,575900,0.9764115943233698
1,576000,0.9921693995435596
1,576100,0.9921693995435596
1,576200,0.9766398771289538
1,576300,0.9918347465586803
1,576400,0.9762370942342954
1,576500,0.9888287847539792
1,576600,0.9919038494360322
1,576700,0.9764115943233698
1,576800,0.9903770623481668
1,576900,0.9764115943233698
1,577000,0.9901257224514792
1,577100,0.9922295954869591
1,577200,0.9918832378412796
1,577300,0.9760958785096339
1,577400,0.9919038494360322
1,577500,0.9916064895445071
1,577600,0.9918347465586803
1,577700,0.9919038494360322
1,577800,0.9922372672599142
1,577900,0.9916064895445071
1,578000,0.975471693739176
1,578100,0.975471693739176
1,578200,0.9925327846298614
1,578300,0.9755831118341205
1,578400,0.9845532808889751
1,578500,0.9919038494360322
1,578600,0.9912872742875449
1,578700,0.9757916943866458
1,578800,0.9919038494360322
1,578900,0.9919038494360322
1,579000,0.9888287847539792
1,579100,0.9763329200550884
1,579200,0.9765362067336036
1,579300,0.9765362067336036
1,579400,0.9918281205624279
1,579500,0.9766398771289538
1,579600,0.9907848438667347
1,579700,0.9912473447181253
1,579800,0.9901257224514792
1,579900,0.9911222207741426
1,580000,0.9901257224514792
1,580100,0.9907861881020645
1,580200,0.9772729854956657
1,580300,0.9772729854956657
1,580400,0.98955958865776
1,580500,0.9777292883028758
1,580600,0.991305895978094
1,580700,0.9834328200427306
1,580800,0.9919038494360322
1,580900,0.9917059199860494
1,581000,0.9920480618742226
1,581100,0.9918281205624279
1,581200,0.9918281205624279
1,581300,0.9918347465586803
1,581400,0.9912473447181253
1,581500,0.9908883689276036
1,581600,0.9778319516344638
1,581700,0.9910551377769794
1,581800,0.9766398771289538
1,581900,0.9920480618742226
1,582000,0.9919038494360322
1,582100,0.991638129878691
1,582200,0.9920480618742226
1,582300,0.9772335498052175
1,582400,0.9915907674790079
1,582500,0.9920480618742226
1,582600,0.9919038494360322
1,582700,0.9911990584520025
1,582800,0.9919038494360322
1,582900,0.9843390158118502
1,583000,0.9761783377114339
1,583100,0.9763329200550884
1,583200,0.9908942762441957
1,583300,0.9920371138653481
1,583400,0.9772335498052175
1,583500,0.9911327031718454
1,583600,0.9839630171426313
1,583700,0.9761708850265749
1,583800,0.9911327031718454
1,583900,0.9917807382893368
1,584000,0.991783492286313
1,584100,0.9772335498052175
1,584200,0.9761708850265749
1,584300,0.991114576926377
1,584400,0.991067313080944
1,584500,0.9910084007608229
1,584600,0.9918347465586803
1,584700,0.9908291704568167
1,584800,0.9919038494360322
1,584900,0.9759796198243212
1,585000,0.9908942762441957
1,585100,0.9919038494360322
1,585200,0.9761708850265749
1,585300,0.991638676661498
1,585400,0.9772335498052175
1,585500,0.9911286341853099
1,585600,0.9920371138653481
1,585700,0.9877793758090387
1,585800,0.9921708930539818
1,585900,0.9772335498052175
1,586000,0.991638129878691
1,586100,0.977174607989741
1,586200,0.9908713772964577
1,586300,0.9909975420817209
1,586400,0.9907292084875514
1,586500,0.9910321806695103
1,586600,0.9779156017957303
1,586700,0.9911071766364985
1,586800,0.9911071766364985
1,586900,0.9915209052418604
1,587000,0.976361245285886
1,587100,0.9791016529957703
1,587200,0.991304958915235
1,587300,0.991539242047711
1,587400,0.9914280673697574
1,587500,0.9788948018592251
1,587600,0.9908030764132476
1,587700,0.9899584292007986
1,587800,0.9908030764132476
1,587900,0.9908156861641527
1,588000,0.9746068658483062
1,588100,0.9914280673697574
1,588200,0.9902205843426237
1,588300,0.9904467059773122
1,588400,0.9779669619887996
1,588500,0.9911071766364985
1,588600,0.9908804516523066
1,588700,0.9908301155387935
1,588800,0.9906881333211067
1,588900,0.989349303255022
1,589000,0.9908301155387935
1,589100,0.991304958915235
1,589200,0.9788948018592251
1,589300,0.9749318754357469
1,589400,0.97813084209148
1,589500,0.974894802972918
1,589600,0.9911071766364985
1,589700,0.9911071766364985
1,589800,0.9911071766364985
1,589900,0.9779669619887996
1,590000,0.9904988387783255
1,590100,0.9910321806695103
1,590200,0.9910321806695103
1,590300,0.991065170171025
1,590400,0.9775506119928496
1,590500,0.991638129878691
1,590600,0.991783492286313
1,590700,0.991638676661498
1,590800,0.9776980683292164
1,590900,0.9777710452255306
1,591000,0.9906596313357404
1,591100,0.9779156017957303
1,591200,0.9777710452255306
1,591300,0.9909975420817209
1,591400,0.9905718604774846
1,591500,0.9910321806695103
1,591600,0.9783138923801389
1,591700,0.9909565184417222
1,591800,0.9779669619887996
1,591900,0.9774516696325137
1,592000,0.9911920137682894
1,592100,0.9906881333211067
1,592200,0.9907471157085734
1,592300,0.9751646814064372
1,592400,0.9896550174118108
1,592500,0.9909565184417222
1,592600,0.9777710452255306
1,592700,0.9777710452255306
1,592800,0.9910321806695103
1,592900,0.9910321806695103
1,593000,0.9910321806695103
1,593100,0.9909282563121978
1,593200,0.991638676661498
1,593300,0.9917419149944616
1,593400,0.9761708850265749
1,593500,0.9761708850265749
1,593600,0.9912965100215937
1,593700,0.984445442598088
1,593800,0.9917419149944616
1,593900,0.9761708850265749
1,594000,0.9832550314817313
1,594100,0.9917486977399554
1,594200,0.9917428245214953
1,594300,0.9770759598003156
1,594400,0.9770342636500559
1,594500,0.9770342636500559
1,594600,0.9917419149944616
1,594700,0.9835312961867982
1,594800,0.9908713772964577
1,594900,0.9917428245214953
1,595000,0.9839460190494271
1,595100,0.9770342636500559
1,595200,0.99067064544042
1,595300,0.9908713772964577
1,595400,0.9910321806695103
1,595500,0.9906334770789645
1,595600,0.9911015614531502
1,595700,0.9913154252265566
1,595800,0.9774516696325137
1,595900,0.9910321806695103
1,596000,0.9907713296850298
1,596100,0.9907713296850298
1,596200,0.9910321806695103
1,596300,0.9774516696325137
1,596400,0.9907470149011005
1,596500,0.9904988387783255
1,596600,0.9911801418541278
1,596700,0.9907470149011005
1,596800,0.9898525764898652
1,596900,0.9908713772964577
1,597000,0.977174607989741
1,597100,0.9770759598003156
1,597200,0.9917807382893368
1,597300,0.9921708930539818
1,597400,0.991734900488339
1,597500,0.991065170171025
1,597600,0.9920480618742226
1,597700,0.9912981656298778
1,597800,0.9920480618742226
1,597900,0.9772335498052175
1,598000,0.9770759598003156
1,598100,0.9917807382893368
1,598200,0.991638129878691
1,598300,0.9917506833489395
1,598400,0.991638129878691
1,598500,0.9772335498052175
1,598600,0.9771149778736484
1,598700,0.990447205376884
1,598800,0.990447205376884
1,598900,0.9907836689485092
1,599000,0.990447205376884
1,599100,0.9905815611737829
1,599200,0.9914171782322162
1,599300,0.9920480618742226
1,599400,0.9908942762441957
1,599500,0.9761708850265749
1,599600,0.9754476111992006
1,599700,0.9918347465586803
1,599800,0.9903082518957509
1,599900,0.9901877364415111
1,600000,0.9901257224514792
1,600100,0.989627029742118
1,600200,0.9897233756454363
1,600300,0.9766183582056193
1,600400,0.9894533307463956
1,600500,0.9899055528441012
1,600600,0.9897233756454363
1,600700,0.9873640962175917
1,600800,0.9897233756454363
1,600900,0.9892438060309476
1,601000,0.9892438060309476
1,601100,0.9755929204779241
1,601200,0.9899624808244609
1,601300,0.9909345578347747
1,601400,0.9898104672517373
1,601500,0.9755929204779241
1,601600,0.9899383569848662
1,601700,0.9901261640257254
1,601800,0.990061676188973
1,601900,0.990061676188973
1,602000,0.990061676188973
1,602100,0.977265261435853
1,602200,0.9901334947311439
1,602300,0.9891568021567032
1,602400,0.9901334947311439
1,602500,0.9891568021567032
1,602600,0.9891900781648205
1,602700,0.9900140338739962
1,602800,0.990061676188973
1,602900,0.9905515796104337
1,603000,0.9904910343271932
1,603100,0.9904910343271932
1,603200,0.9897843006420577
1,603300,0.9897843006420577
1,603400,0.9766183582056193
1,603500,0.9897233756454363
1,603600,0.9897843006420577
1,603700,0.9896885463243048
1,603800,0.9898107726043716
1,603900,0.990061676188973
1,604000,0.9898782852444934
1,604100,0.9761829762961172
1,604200,0.9889486449855674
1,604300,0.9889486449855674
1,604400,0.9767057082928295
1,604500,0.9899023754279672
1,604600,0.9901970540034275
1,604700,0.9897977732727058
1,604800,0.9901334947311439
1,604900,0.990061676188973
1,605000,0.9901334947311439
1,605100,0.9891900781648205
1,605200,0.9896276928433388
1,605300,0.9769777050922499
1,605400,0.9837104015249344
1,605500,0.9890223481655579
1,605600,0.9761829762961172
1,605700,0.977714155948765
1,605800,0.9769777050922499
1,605900,0.990061676188973
1,606000,0.9893461962029176
1,606100,0.9893461962029176
1,606200,0.9899633155260946
1,606300,0.9769729312175448
1,606400,0.9900177387229622
1,606500,0.9863658653095412
1,606600,0.9912422592045071
1,606700,0.9890532637578328
1,606800,0.9912422592045071
1,606900,0.9912422592045071
1,607000,0.9900521042985498
1,607100,0.9903557742616712
1,607200,0.9903557742616712
1,607300,0.9912068399166485
1,607400,0.9899436638649775
1,607500,0.9912279641445874
1,607600,0.9907754466142276
1,607700,0.9911542487130899
1,607800,0.9912068399166485
1,607900,0.9911023088687627
1,608000,0.9890658170330332
1,608100,0.9904263023748444
1,608200,0.9903333789273154
1,608300,0.9906557168940652
1,608400,0.9906477297604915
1,608500,0.9858866134824943
1,608600,0.988336382084928
1,608700,0.9908794695672886
1,608800,0.9885070426113258
1,608900,0.9901840719506635
1,609000,0.9908740425049506
1,609100,0.9911023088687627
1,609200,0.9913643561945067
1,609300,0.9913249472927264
1,609400,0.990971594224227
1,609500,0.9912422592045071
1,609600,0.9910524378577013
1,609700,0.9911287840683969
1,609800,0.9908564367117837
1,609900,0.9909767645106635
1,610000,0.991936135142313
1,610100,0.9912068399166485
1,610200,0.9911542487130899
1,610300,0.9916304821796215
1,610400,0.9912068399166485
1,610500,0.9912068399166485
1,610600,0.9909475826926571
1,610700,0.9911023505269487
1,610800,0.9911023505269487
1,610900,0.9909475826926571
1,611000,0.9909475826926571
1,611100,0.9892598019102579
1,611200,0.9910524378577013
1,611300,0.9912068399166485
1,611400,0.9917031011892354
1,611500,0.9912422592045071
1,611600,0.9909475826926571
1,611700,0.9889101871105064
1,611800,0.9889101871105064
1,611900,0.9862030425162951
1,612000,0.9894134226028475
1,612100,0.9909475826926571
1,612200,0.9911023088687627
1,612300,0.9894134226028475
1,612400,0.9889101871105064
1,612500,0.9911023088687627
1,612600,0.9909475826926571
1,612700,0.9912068399166485
1,612800,0.9911287840683969
1,612900,0.9865046385942987
1,613000,0.9912434892910515
1,613100,0.9889058568844988
1,613200,0.9897317948465714
1,613300,0.9775776409608616
1,613400,0.9910421519829273
1,613500,0.9909597182172101
1,613600,0.9897317948465714
1,613700,0.9897516335902954
1,613800,0.990120003794673
1,613900,0.9792382494234835
1,614000,0.977509638544415
1,614100,0.9906186037355685
1,614200,0.9899624808244609
1,614300,0.9899886979387376
1,614400,0.9899886979387376
1,614500,0.9772729854956657
1,614600,0.9897233756454363
1,614700,0.9900517532616503
1,614800,0.9906963109022444
1,614900,0.9909345578347747
1,615000,0.9899383569848662
1,615100,0.9900517532616503
1,615200,0.989857379104765
1,615300,0.9908063358941133
1,615400,0.9905609078968968
1,615500,0.9905090379789033
1,615600,0.9905090379789033
1,615700,0.9907653117053253
1,615800,0.9908978862019694
1,615900,0.990863233729261
1,616000,0.9905123779071583
1,616100,0.9903871545966939
1,616200,0.9773486097881223
1,616300,0.990061676188973
1,616400,0.9781140046403833
1,616500,0.9903183322251748
1,616600,0.9907828618751368
1,616700,0.989627029742118
1,616800,0.9903306176830705
1,616900,0.9902541896664906
1,617000,0.9896302763313097
1,617100,0.9907079889432446
1,617200,0.9906339365963555
1,617300,0.9759699301393987
1,617400,0.9896302763313097
1,617500,0.9895782090176437
1,617600,0.9899383569848662
1,617700,0.9895782090176437
1,617800,0.9896302763313097
1,617900,0.9913425572764091
1,618000,0.9767738633839234
1,618100,0.990927847327403
1,618200,0.9772729854956657
1,618300,0.9903658441623001
1,618400,0.9903306176830705
1,618500,0.9773486097881223
1,618600,0.9908063358941133
1,618700,0.9906339365963555
1,618800,0.9903183322251748
1,618900,0.987100868658099
1,619000,0.9908063358941133
1,619100,0.9906186037355685
1,619200,0.9892778945704431
1,619300,0.9908063358941133
1,619400,0.9908063358941133
1,619500,0.9871582380340944
1,619600,0.9896302763313097
1,619700,0.9899383569848662
1,619800,0.9896302763313097
1,619900,0.9910551377769794
1,620000,0.9907861881020645
1,620100,0.9762467073779169
1,620200,0.9903306176830705
1,620300,0.9892778945704431
1,620400,0.9906827416918069
1,620500,0.9903306176830705
1,620600,0.9903306176830705
1,620700,0.9772729854956657
1,620800,0.977509638544415
1,620900,0.9908978862019694
1,621000,0.9908978862019694
1,621100,0.9908063358941133
1,621200,0.9905515796104337
1,621300,0.9898708773649726
1,621400,0.9764099645864872
1,621500,0.989613437114228
1,621600,0.9907861881020645
1,621700,0.9907861881020645
1,621800,0.9907861881020645
1,621900,0.9912473447181253
1,622000,0.9907861881020645
1,622100,0.9927946902832121
1,622200,0.9767738633839234
1,622300,0.9924942018459791
1,622400,0.988417146426068
1,622500,0.9928280590632484
1,622600,0.9919038494360322
1,622700,0.9918347465586803
1,622800,0.9923632866557072
1,622900,0.9923632866557072
1,623000,0.9766387630084956
1,623100,0.9919038494360322
1,623200,0.9771882560688792
1,623300,0.9923632866557072
1,623400,0.9771882560688792
1,623500,0.9914588279450919
1,623600,0.9837630742827951
1,623700,0.9772335498052175
1,623800,0.9917428245214953
1,623900,0.9914588279450919
1,624000,0.9917807382893368
1,624100,0.9917807382893368
1,624200,0.9923632866557072
1,624300,0.9923632866557072
1,624400,0.9911512481085917
1,624500,0.991638129878691
1,624600,0.991905641984542
1,624700,0.9919938322626635
1,624800,0.9771882560688792
1,624900,0.9923632866557072
1,625000,0.975808291943003
1,625100,0.9923632866557072
1,625200,0.9913812189421438
1,625300,0.9927796856603154
1,625400,0.9927796856603154
1,625500,0.9771882560688792
1,625600,0.9919038494360322
1,625700,0.9771071902651092
1,625800,0.9920423298678643
1,625900,0.9918025807487555
1,626000,0.9871522122819884
1,626100,0.9897233756454363
1,626200,0.989627029742118
1,626300,0.9903306176830705
1,626400,0.9758432759796416
1,626500,0.9892778945704431
1,626600,0.988916025207337
1,626700,0.9906634215375819
1,626800,0.9905366739583029
1,626900,0.9908063358941133
1,627000,0.9767057082928295
1,627100,0.9908978862019694
1,627200,0.9783915668497495
1,627300,0.9907469801227231
1,627400,0.9908025381773872
1,627500,0.9775776409608616
1,627600,0.9907653117053253
1,627700,0.9896794141576535
1,627800,0.9905090379789033
1,627900,0.9909597182172101
1,628000,0.9768964722393938
1,628100,0.990863233729261
1,628200,0.9899633155260946
1,628300,0.9900177387229622
1,628400,0.9905500188759868
1,628500,0.9905500188759868
1,628600,0.9907555493995606
1,628700,0.9919067275762355
1,628800,0.9909475826926571
1,628900,0.9908740425049506
1,629000,0.9911023088687627
1,629100,0.9864712832175762
1,629200,0.9897050980490354
1,629300,0.9899481788536195
1,629400,0.9885047053464536
1,629500,0.9898318849924934
1,629600,0.9898318849924934
1,629700,0.9885417936254012
1,629800,0.9906547364303361
1,629900,0.9897040501013783
1,630000,0.9906547364303361
1,630100,0.9892246192256784
1,630200,0.990720771976983
1,630300,0.9911023088687627
1,630400,0.9911023088687627
1,630500,0.9866982582972279
1,630600,0.9884960067172782
1,630700,0.9907250266240103
1,630800,0.9842062032630935
1,630900,0.9911023088687627
1,631000,0.9881224153881769
1,631100,0.9911023088687627
1,631200,0.9908740425049506
1,631300,0.9866178617785859
1,631400,0.990541279799132
1,631500,0.9890536210733595
1,631600,0.9895386609863308
1,631700,0.9888794054192541
1,631800,0.9900409453029031
1,631900,0.9892575598667879
1,632000,0.9887175856793489
1,632100,0.9897040501013783
1,632200,0.9886932864166423
1,632300,0.9880784797682708
1,632400,0.9884542203756282
1,632500,0.9888379356277414
1,632600,0.9888379356277414
1,632700,0.9891643762000832
1,632800,0.9868889436116257
1,632900,0.9883354348346295
1,633000,0.988426984704476
1,633100,0.9889590841057094
1,633200,0.9895567450773638
1,633300,0.9891643762000832
1,633400,0.9884334181387654
1,633500,0.9889273050254724
1,633600,0.9889273050254724
1,633700,0.9887172738098936
1,633800,0.9883153572406536
1,633900,0.9884344206660975
1,634000,0.9886560986721576
1,634100,0.9886560986721576
1,634200,0.988344191331651
1,634300,0.9891643762000832
1,634400,0.9893448146387398
1,634500,0.9883741264837876
1,634600,0.9881893539603365
1,634700,0.9888898191990818
1,634800,0.9870726901268838
1,634900,0.9893448146387398
1,635000,0.9889273050254724
1,635100,0.9888898191990818
1,635200,0.9886071765360237
1,635300,0.9881893539603365
1,635400,0.9886367291562279
1,635500,0.9888898191990818
1,635600,0.9884108028978894
1,635700,0.9900242007731165
1,635800,0.9911023088687627
1,635900,0.9910161785489053
1,636000,0.9910161785489053
1,636100,0.9891232195339653
1,636200,0.9910161785489053
1,636300,0.9905215933156993
1,636400,0.9900476286456723
1,636500,0.9886860780182517
1,636600,0.9887081482579944
1,636700,0.9900242007731165
1,636800,0.9899481788536195
1,636900,0.9899481788536195
1,637000,0.9899481788536195
1,637100,0.9884108028978894
1,637200,0.9888898191990818
1,637300,0.9888898191990818
1,637400,0.9884542203756282
1,637500,0.9889273050254724
1,637600,0.9883153572406536
1,637700,0.9888405706787154
1,637800,0.9884304849654777
1,637900,0.9883552710579564
1,638000,0.9885417290113266
1,638100,0.9883199077848961
1,638200,0.9886118547591891
1,638300,0.9883589666572583
1,638400,0.9883552710579564
1,638500,0.9883753454323254
1,638600,0.9876391123423091
1,638700,0.9875212410884046
1,638800,0.9879895311689294
1,638900,0.9883753454323254
1,639000,0.9878588704436333
1,639100,0.9884966803736862
1,639200,0.9884610266176552
1,639300,0.9884966803736862
1,639400,0.9884610266176552
1,639500,0.9882765080379332
1,639600,0.9875888620655665
1,639700,0.9873986308722875
1,639800,0.9884610266176552
1,639900,0.9875212410884046
1,640000,0.9885552420852269
1,640100,0.9883552710579564
1,640200,0.9873986308722875
1,640300,0.9873326961353808
1,640400,0.9881956925823816
1,640500,0.9875212410884046
1,640600,0.9875212410884046
1,640700,0.9847468106315261
1,640800,0.9884253769256455
1,640900,0.988043576604501
1,641000,0.988312605050985
1,641100,0.988277745856007
1,641200,0.9888519731913289
1,641300,0.9886634993170096
1,641400,0.988312605050985
1,641500,0.9888519731913289
1,641600,0.9887315706283075
1,641700,0.9889658751111662
1,641800,0.9887793725256929
1,641900,0.9885530566401624
1,642000,0.988043576604501
1,642100,0.9876237730570804
1,642200,0.9876391123423091
1,642300,0.9875212410884046
1,642400,0.9879060085895347
1,642500,0.9886634993170096
1,642600,0.9885552420852269
1,642700,0.9886634993170096
1,642800,0.9888519731913289
1,642900,0.9883444654128702
1,643000,0.9875212410884046
1,643100,0.987812606793161
1,643200,0.9883440210666994
1,643300,0.9886634993170096
1,643400,0.9886959586925804
1,643500,0.9898746833526888
1,643600,0.9892009682145414
1,643700,0.9886603467425744
1,643800,0.988861906384387
1,643900,0.9887793725256929
1,644000,0.9885315942979712
1,644100,0.9887793725256929
1,644200,0.989236314838546
1,644300,0.9894818128953989
1,644400,0.9898746833526888
1,644500,0.9877763534034304
1,644600,0.9890161096488469
1,644700,0.9890342062685571
1,644800,0.9893147232501436
1,644900,0.9891969350003497
1,645000,0.9890161096488469
1,645100,0.9887671856269808
1,645200,0.9884251956664344
1,645300,0.9887797921758495
1,645400,0.9898746833526888
1,645500,0.9896279098016375
1,645600,0.9884443600782032
1,645700,0.9898746833526888
1,645800,0.9893808299083187
1,645900,0.9890161096488469
1,646000,0.9886376191705111
1,646100,0.9898612572347162
1,646200,0.989721350103647
1,646300,0.9887671856269808
1,646400,0.9893873895236085
1,646500,0.9895272586206667
1,646600,0.9887718341992277
1,646700,0.9885234397343292
1,646800,0.9885552414176619
1,646900,0.9882637882733116
1,647000,0.9875760325473174
1,647100,0.9878212148177582
1,647200,0.9882637882733116
1,647300,0.9877434229068506
1,647400,0.9875760325473174
1,647500,0.9885921103081732
1,647600,0.9885552414176619
1,647700,0.9885552414176619
1,647800,0.9767294467964718
1,647900,0.9885552414176619
1,648000,0.9758736575091053
1,648100,0.9881349343612199
1,648200,0.982626865500659
1,648300,0.9895272586206667
1,648400,0.9892574082433973
1,648500,0.9885921103081732
1,648600,0.9890281468251011
1,648700,0.9874366440526909
1,648800,0.9875057843969935
1,648900,0.9884856271439065
1,649000,0.9897097459733312
1,649100,0.990352246594817
1,649200,0.9882242918671971
1,649300,0.989625786899901
1,649400,0.9900936468688933
1,649500,0.976995517558091
1,649600,0.9898352524937023
1,649700,0.9878044317761268
1,649800,0.9773141452976648
1,649900,0.9898508295421733
1,650000,0.9898508295421733
1,650100,0.9898508295421733
1,650200,0.9881587220941495
1,650300,0.990352246594817
1,650400,0.9881587220941495
1,650500,0.9903962691091208
1,650600,0.976995517558091
1,650700,0.9898508295421733
1,650800,0.9896667498776601
1,650900,0.9768180268497058
1,651000,0.9902278203353118
1,651100,0.9882114756218819
1,651200,0.9877939805548411
1,651300,0.9903193705208002
1,651400,0.9879795721162218
1,651500,0.9755647708571584
1,651600,0.9879795721162218
1,651700,0.9877709405414445
1,651800,0.9880764499868404
1,651900,0.990352246594817
1,652000,0.9883916654567597
1,652100,0.9883350478659515
1,652200,0.990352246594817
1,652300,0.990352246594817
1,652400,0.990352246594817
1,652500,0.9906171173146698
1,652600,0.9878044317761268
1,652700,0.9773141452976648
1,652800,0.9773141452976648
1,652900,0.9897097459733312
1,653000,0.9883567938966558
1,653100,0.9897097459733312
1,653200,0.9896508104615076
1,653300,0.9880753157585973
1,653400,0.9875057843969935
1,653500,0.9886788097761721
1,653600,0.9878212148177582
1,653700,0.9767294467964718
1,653800,0.9886788097761721
1,653900,0.9875760325473174
1,654000,0.987649021359371
1,654100,0.9885921103081732
1,654200,0.9898422035673065
1,654300,0.9890327179119578
1,654400,0.9885123134112234
1,654500,0.9881640937524201
1,654600,0.983656614544196
1,654700,0.9884933218472122
1,654800,0.989649394799778
1,654900,0.9884933218472122
1,655000,0.9881237270648378
1,655100,0.9890327179119578
1,655200,0.9888216723601858
1,655300,0.9883546530152423
1,655400,0.9890575247586
1,655500,0.987649021359371
1,655600,0.9890575247586
1,655700,0.987649021359371
1,655800,0.9887581896576751
1,655900,0.9887664258473492
1,656000,0.9883546530152423
1,656100,0.9883546530152423
1,656200,0.9878212148177582
1,656300,0.9878212148177582
1,656400,0.9885167961040996
1,656500,0.9879735544478709
1,656600,0.9890327179119578
1,656700,0.9885570314846214
1,656800,0.9888039141874708
1,656900,0.9892974131317677
1,657000,0.9884933218472122
1,657100,0.9896380927324299
1,657200,0.9898746833526888
1,657300,0.9888917644950953
1,657400,0.989236314838546
1,657500,0.9896750058696899
1,657600,0.9891211893763457
1,657700,0.989236314838546
1,657800,0.9900335017806374
1,657900,0.989236314838546
1,658000,0.989236314838546
1,658100,0.9903099209532538
1,658200,0.9892974131317677
1,658300,0.9898797903313616
1,658400,0.9880457935900909
1,658500,0.9899634927962705
1,658600,0.9897435367030654
1,658700,0.9896380927324299
1,658800,0.9901410662094312
1,658900,0.9892254208375258
1,659000,0.9883498138974118
1,659100,0.9883498138974118
1,659200,0.9888076350005052
1,659300,0.9883725461141663
1,659400,0.9887260288819342
1,659500,0.9885089811130952
1,659600,0.9879865787721911
1,659700,0.9867607488416776
1,659800,0.9890701521408523
1,659900,0.9885867469652682
1,660000,0.9892254208375258
1,660100,0.9883498138974118
1,660200,0.9890369225188981
1,660300,0.9886309791839095
1,660400,0.9889306032527325
1,660500,0.9889306032527325
1,660600,0.9880626751778507
1,660700,0.9885433745742117
1,660800,0.988654725155074
1,660900,0.9890652080052186
1,661000,0.9887845033386716
1,661100,0.9885409166145429
1,661200,0.9884059036377901
1,661300,0.9884059036377901
1,661400,0.988654725155074
1,661500,0.9885736438283905
1,661600,0.9879204757123945
1,661700,0.9876216706686808
1,661800,0.9885568758624843
1,661900,0.9881379565157385
1,662000,0.9868405654161231
1,662100,0.9890652080052186
1,662200,0.9881379565157385
1,662300,0.9880626751778507
1,662400,0.9883444654128702
1,662500,0.9880626751778507
1,662600,0.9879204757123945
1,662700,0.9876216706686808
1,662800,0.9880626751778507
1,662900,0.9885020033263927
1,663000,0.9891211893763457
1,663100,0.9885020033263927
1,663200,0.9888086444523048
1,663300,0.9876994539757316
1,663400,0.9878529188500988
1,663500,0.9885409166145429
1,663600,0.9882781754747859
1,663700,0.988733555570931
1,663800,0.9887838339391855
1,663900,0.9878529188500988
1,664000,0.9876216706686808
1,664100,0.9884365327449336
1,664200,0.9880279110976014
1,664300,0.9886886830580351
1,664400,0.9880626751778507
1,664500,0.9883125501775284
1,664600,0.9863689162649476
1,664700,0.9876994539757316
1,664800,0.9877656107920586
1,664900,0.9882375392973759
1,665000,0.9885431434777358
1,665100,0.987727448433941
1,665200,0.9887519597018931
1,665300,0.9909354370958676
1,665400,0.990839115538374
1,665500,0.990474761722234
1,665600,0.9907982069943784
1,665700,0.9906305729885545
1,665800,0.990474761722234
1,665900,0.9901692106411241
1,666000,0.9867650900137068
1,666100,0.9906305729885545
1,666200,0.991049632798223
1,666300,0.990714194564412
1,666400,0.9901692106411241
1,666500,0.9904047958246897
1,666600,0.9898802557450289
1,666700,0.9901048769708628
1,666800,0.9906305729885545
1,666900,0.9903386210563142
1,667000,0.9893802457106547
1,667100,0.9896856265704305
1,667200,0.9904887755737876
1,667300,0.9908545537921
1,667400,0.9907711840118871
1,667500,0.9895158552135757
1,667600,0.9895480964458754
1,667700,0.9882592736505726
1,667800,0.9903393940612076
1,667900,0.9907194835688597
1,668000,0.9887519597018931
1,668100,0.9893799091577868
1,668200,0.987727448433941
1,668300,0.987727448433941
1,668400,0.9879179041792596
1,668500,0.9877668086466889
1,668600,0.9893799091577868
1,668700,0.9893799091577868
1,668800,0.9907444866029584
1,668900,0.9896637091190512
1,669000,0.9887390820259473
1,669100,0.9907194835688597
1,669200,0.9909354370958676
1,669300,0.9909354370958676
1,669400,0.9896637091190512
1,669500,0.9867364892608528
1,669600,0.9818521082084172
1,669700,0.9903019609877552
1,669800,0.988657361599437
1,669900,0.9892164502524022
1,670000,0.9899215772066703
1,670100,0.988657361599437
1,670200,0.9911339091724927
1,670300,0.9884312180583117
1,670400,0.9893799091577868
1,670500,0.9899215772066703
1,670600,0.9893799091577868
1,670700,0.9894528806205011
1,670800,0.9894528806205011
1,670900,0.9906785410272967
1,671000,0.9878222489744484
1,671100,0.987405594130554
1,671200,0.9905181247471314
1,671300,0.9908964256389645
1,671400,0.9909354370958676
1,671500,0.9887390820259473
1,671600,0.9893799091577868
1,671700,0.9911594383225945
1,671800,0.9887390820259473
1,671900,0.9911594383225945
1,672000,0.9894085465170529
1,672100,0.9919799807391957
1,672200,0.9911594383225945
1,672300,0.9893799091577868
1,672400,0.9893799091577868
1,672500,0.9885918400318466
1,672600,0.9895449440740972
1,672700,0.9893799091577868
1,672800,0.9904800833148598
1,672900,0.990839115538374
1,673000,0.9905215933156993
1,673100,0.9905215933156993
1,673200,0.9883173570419401
1,673300,0.9905215933156993
1,673400,0.9903393940612076
1,673500,0.9903572161622567
1,673600,0.9901692106411241
1,673700,0.9895208671835324
1,673800,0.9867189331619873
1,673900,0.9901692106411241
1,674000,0.9902724429448493
1,674100,0.9895480964458754
1,674200,0.9893595607340142
1,674300,0.9895377607663902
1,674400,0.9904128285476844
1,674500,0.989453933062856
1,674600,0.9897683183039115
1,674700,0.9893909976881237
1,674800,0.9762397498460161
1,674900,0.9893169673738592
1,675000,0.9896968135694749
1,675100,0.9893952363809959
1,675200,0.9900537949975581
1,675300,0.9896968135694749
1,675400,0.9893952363809959
1,675500,0.9893952363809959
1,675600,0.990054626969035
1,675700,0.9899845760106888
1,675800,0.9902159469758385
1,675900,0.9899845760106888
1,676000,0.9902159469758385
1,676100,0.9764774950575745
1,676200,0.9892842738374206
1,676300,0.9893952363809959
1,676400,0.9764774950575745
1,676500,0.9768398373441863
1,676600,0.989544612583707
1,676700,0.9894426907581597
1,676800,0.9893952363809959
1,676900,0.9762397498460161
1,677000,0.9893169673738592
1,677100,0.9897683183039115
1,677200,0.9830293880730601
1,677300,0.9905095851485715
1,677400,0.9902751607557896
1,677500,0.9768398373441863
1,677600,0.9893169673738592
1,677700,0.9903000775906922
1,677800,0.9893701711814642
1,677900,0.9893909976881237
1,678000,0.9900224465049574
1,678100,0.9893909976881237
1,678200,0.9893909976881237
1,678300,0.9902751607557896
1,678400,0.9893701711814642
1,678500,0.9894996218829735
1,678600,0.9901276919988217
1,678700,0.9893595607340142
1,678800,0.9893031932964149
1,678900,0.9893595607340142
1,679000,0.9893595607340142
1,679100,0.9898059778427728
1,679200,0.9906294498806426
1,679300,0.9775707569695473
1,679400,0.9893701711814642
1,679500,0.9901828568877692
1,679600,0.9889387227082196
1,679700,0.9895404661691458
1,679800,0.9901116874712573
1,679900,0.9890844546374404
1,680000,0.9894735876237852
1,680100,0.9896993690547659
1,680200,0.9898807407027765
1,680300,0.9885225878764851
1,680400,0.9828427168898606
1,680500,0.9910349640805566
1,680600,0.9903572161622567
1,680700,0.9903393940612076
1,680800,0.9883840225398894
1,680900,0.9905215933156993
1,681000,0.990701659722008
1,681100,0.9903117837685991
1,681200,0.9904047958246897
1,681300,0.9901623426805548
1,681400,0.9906305729885545
1,681500,0.9903572161622567
1,681600,0.9903572161622567
1,681700,0.9884378669278343
1,681800,0.9906305729885545
1,681900,0.9903386210563142
1,682000,0.9905796147912919
1,682100,0.9906305729885545
1,682200,0.9901623426805548
1,682300,0.9894735876237852
1,682400,0.9887568460260101
1,682500,0.9893595607340142
1,682600,0.989204945353972
1,682700,0.9892449309307089
1,682800,0.9767563723356716
1,682900,0.988998296436915
1,683000,0.9887568460260101
1,683100,0.9897377353400778
1,683200,0.9892449309307089
1,683300,0.9894996218829735
1,683400,0.9890663620086094
1,683500,0.9892325740749874
1,683600,0.9895204853803824
1,683700,0.9902169427365645
1,683800,0.990024706981257
1,683900,0.9766831029073738
1,684000,0.9912542741569935
1,684100,0.9894426907581597
1,684200,0.9894552137139273
1,684300,0.9867999010945108
1,684400,0.9892457452465989
1,684500,0.9902169427365645
1,684600,0.9867230546735954
1,684700,0.9901248918746107
1,684800,0.9874826209910247
1,684900,0.9893592939995991
1,685000,0.9906571595679327
1,685100,0.9868982289704189
1,685200,0.9905095851485715
1,685300,0.9905095851485715
1,685400,0.990542970476416
1,685500,0.9903303677564909
1,685600,0.9894552137139273
1,685700,0.9897429940219187
1,685800,0.989286675946325
1,685900,0.9772495846463576
1,686000,0.9896154714121673
1,686100,0.9896154714121673
1,686200,0.9895918361688644
1,686300,0.9894426907581597
1,686400,0.9892275815219802
1,686500,0.9892457452465989
1,686600,0.9894552137139273
1,686700,0.9894322952964696
1,686800,0.9753240165861987
1,686900,0.9753240165861987
1,687000,0.9750024468105878
1,687100,0.9896154714121673
1,687200,0.9902303618627083
1,687300,0.990349886008768
1,687400,0.9907786517632097
1,687500,0.9907786517632097
1,687600,0.9759985472962307
1,687700,0.990736611256706
1,687800,0.9908543304917418
1,687900,0.9869449895726085
1,688000,0.9902303618627083
1,688100,0.9896154714121673
1,688200,0.9907786517632097
1,688300,0.9908543304917418
1,688400,0.9909697335673072
1,688500,0.9911734083454875
1,688600,0.9911734083454875
1,688700,0.9911734083454875
1,688800,0.991667424994753
1,688900,0.9771161421407184
1,689000,0.9914494132844858
1,689100,0.9765648676062593
1,689200,0.9911734083454875
1,689300,0.9914980376536299
1,689400,0.9926771852583057
1,689500,0.9919356804263362
1,689600,0.9915449768710364
1,689700,0.9907521905756347
1,689800,0.990735847553484
1,689900,0.9918076572759392
1,690000,0.9829658739071945
1,690100,0.9918907753745377
1,690200,0.990562107850185
1,690300,0.9905392450150489
1,690400,0.9760175313209775
1,690500,0.992038569164629
1,690600,0.9766634894968926
1,690700,0.9907521905756347
1,690800,0.977687525619218
1,690900,0.9779849802429964
1,691000,0.9779849802429964
1,691100,0.9909637477536967
1,691200,0.977687525619218
1,691300,0.9759530911373724
1,691400,0.9906881395106056
1,691500,0.9908869538450492
1,691600,0.9766634894968926
1,691700,0.9918088594754187
1,691800,0.9906881395106056
1,691900,0.9916713727524448
1,692000,0.9765112493993565
1,692100,0.99200864874804
1,692200,0.9916745476800273
1,692300,0.9919356804263362
1,692400,0.9872209298926807
1,692500,0.9765339109796438
1,692600,0.9913845176916061
1,692700,0.9913845176916061
1,692800,0.9918723506082372
1,692900,0.9921685717670345
1,693000,0.9900499019331819
1,693100,0.9911637136676738
1,693200,0.9918462224482998
1,693300,0.9918723506082372
1,693400,0.9913845176916061
1,693500,0.9873926936365374
1,693600,0.9844012748351325
1,693700,0.9926241850354791
1,693800,0.9917555611140854
1,693900,0.9919134915105869
1,694000,0.9917671479183019
1,694100,0.991186790963035
1,694200,0.9910869069227553
1,694300,0.9913893296671453
1,694400,0.991186790963035
1,694500,0.9913893296671453
1,694600,0.9918011593303259
1,694700,0.9916247805712229
1,694800,0.974362156356079
1,694900,0.9767812200906048
1,695000,0.9918621765282477
1,695100,0.9912370934021247
1,695200,0.9746603772614245
1,695300,0.9914964109706226
1,695400,0.9914964109706226
1,695500,0.9916035274373466
1,695600,0.9767812200906048
1,695700,0.9914697487930724
1,695800,0.9914697487930724
1,695900,0.9907521905756347
1,696000,0.99199523377414
1,696100,0.991186790963035
1,696200,0.9913893296671453
1,696300,0.991186790963035
1,696400,0.9772589638404527
1,696500,0.9876976080159715
1,696600,0.9913893296671453
1,696700,0.991186790963035
1,696800,0.9766634894968926
1,696900,0.9916247805712229
1,697000,0.9915516374314371
1,697100,0.977687525619218
1,697200,0.991186790963035
1,697300,0.9870652434531414
1,697400,0.9918076572759392
1,697500,0.991604706811532
1,697600,0.9918076572759392
1,697700,0.991604706811532
1,697800,0.9766621584170734
1,697900,0.9765112493993565
1,698000,0.9916745476800273
1,698100,0.9765339109796438
1,698200,0.9916713727524448
1,698300,0.9765112493993565
1,698400,0.9916745476800273
1,698500,0.9908543304917418
1,698600,0.9926771852583057
1,698700,0.991604706811532
1,698800,0.9916745476800273
1,698900,0.9889393510802534
1,699000,0.9757218256616766
1,699100,0.9908573603208509
1,699200,0.9908543304917418
1,699300,0.9907786517632097
1,699400,0.9926241850354791
1,699500,0.991604706811532
1,699600,0.9771161421407184
1,699700,0.9771161421407184
1,699800,0.991604706811532
1,699900,0.990735847553484
1,700000,0.990735847553484
1,700100,0.9918076572759392
1,700200,0.9918076572759392
1,700300,0.9910426036150024
1,700400,0.9912352996386516
1,700500,0.9741194739177667
1,700600,0.9919482914788915
1,700700,0.9909575279369348
1,700800,0.9775840499367369
1,700900,0.9909575279369348
1,701000,0.9912352996386516
1,701100,0.9915461242750319
1,701200,0.9922768877515957
1,701300,0.9915461242750319
1,701400,0.9914964109706226
1,701500,0.9914964109706226
1,701600,0.9918621765282477
1,701700,0.9916035274373466
1,701800,0.9899995491635607
1,701900,0.9915461242750319
1,702000,0.9748837296569308
1,702100,0.9917413529892825
1,702200,0.9907470934479271
1,702300,0.9907283732995955
1,702400,0.9914896803068001
1,702500,0.9916303244519312
1,702600,0.9844483534651955
1,702700,0.975385327061442
1,702800,0.9881240797830481
1,702900,0.992104446555865
1,703000,0.976179340817151
1,703100,0.9842869321544955
1,703200,0.992452161036698
1,703300,0.9764674306499278
1,703400,0.9764674306499278
1,703500,0.9925850596067102
1,703600,0.9924316397227463
1,703700,0.9921036530584513
1,703800,0.992199051127697
1,703900,0.9886733262268049
1,704000,0.9926910122243225
1,704100,0.9922608725873613
1,704200,0.9916375717612643
1,704300,0.9836560162684017
1,704400,0.9921515817114513
1,704500,0.9775270351720207
1,704600,0.9754362557273839
1,704700,0.9919091476570374
1,704800,0.9919980387769647
1,704900,0.9888582956159596
1,705000,0.9924993376087772
1,705100,0.9917492404244304
1,705200,0.9893574327301727
1,705300,0.9922608725873613
1,705400,0.9778600114502977
1,705500,0.9890103256281056
1,705600,0.9752807889571663
1,705700,0.9753800492785967
1,705800,0.9920252321972353
1,705900,0.9921056140704926
1,706000,0.9903588358582791
1,706100,0.9917791116700311
1,706200,0.992190128359558
1,706300,0.992190128359558
1,706400,0.9759315727151174
1,706500,0.9729214947327384
1,706600,0.9919873352700703
1,706700,0.9927171362598263
1,706800,0.989869535275869
1,706900,0.9733902836899949
1,707000,0.992190128359558
1,707100,0.9918718545332249
1,707200,0.9907311267945705
1,707300,0.9916375717612643
1,707400,0.9910025359939157
1,707500,0.9916375717612643
1,707600,0.9762907614606261
1,707700,0.9765384250310187
1,707800,0.9760566495662679
1,707900,0.976179340817151
1,708000,0.9919583285270949
1,708100,0.9754912507407614
1,708200,0.992096866221332
1,708300,0.9922584773812515
1,708400,0.9764674306499278
1,708500,0.9921468216034472
1,708600,0.9754912507407614
1,708700,0.9924316397227463
1,708800,0.9918558115091206
1,708900,0.9758862550892549
1,709000,0.9921036530584513
1,709100,0.9921036530584513
1,709200,0.9919091476570374
1,709300,0.9920376216895254
1,709400,0.9892237357611033
1,709500,0.9919980387769647
1,709600,0.9760566495662679
1,709700,0.9921468216034472
1,709800,0.9892237357611033
1,709900,0.9768976755384194
1,710000,0.9913944995043598
1,710100,0.9744262808475892
1,710200,0.974628410160941
1,710300,0.9912253974064119
1,710400,0.9910025359939157
1,710500,0.9899632111898357
1,710600,0.9756964274221671
1,710700,0.9754719833293998
1,710800,0.9759315727151174
1,710900,0.9918365627482901
1,711000,0.992190128359558
1,711100,0.9919873352700703
1,711200,0.992190128359558
1,711300,0.9930316099176535
1,711400,0.9920642286090791
1,711500,0.9929347848729
1,711600,0.9930778842591623
1,711700,0.99318544268744
1,711800,0.9924285391151577
1,711900,0.9931511055378239
1,712000,0.9888187291681697
1,712100,0.99318544268744
1,712200,0.99318544268744
1,712300,0.99318544268744
1,712400,0.9740461878170598
1,712500,0.99228629087944
1,712600,0.9925318733313802
1,712700,0.9737386831916217
1,712800,0.9934137218033221
1,712900,0.9923642736228171
1,713000,0.9920210459257897
1,713100,0.9921597617496511
1,713200,0.9755458528570277
1,713300,0.9933732664501723
1,713400,0.9871082318698157
1,713500,0.9923131568882786
1,713600,0.9895163428362004
1,713700,0.9761443582147298
1,713800,0.9931633234407325
1,713900,0.9931633234407325
1,714000,0.9931633234407325
1,714100,0.9940170826540992
1,714200,0.9925020086934618
1,714300,0.9925020086934618
1,714400,0.9763773439634681
1,714500,0.9925020086934618
1,714600,0.9931594914344619
1,714700,0.992852937248786
1,714800,0.9931569628543276
1,714900,0.9921145205048431
1,715000,0.9892323242327058
1,715100,0.9928731218797493
1,715200,0.9926329713128225
1,715300,0.9931594914344619
1,715400,0.9926299112411465
1,715500,0.9940170826540992
1,715600,0.9931633234407325
1,715700,0.993013459116804
1,715800,0.9934478510543715
1,715900,0.9933039157934959
1,716000,0.9934525453727384
1,716100,0.9898823071259556
1,716200,0.9931864299378624
1,716300,0.9927955423206304
1,716400,0.9933863030688862
1,716500,0.9931633234407325
1,716600,0.9937809019023719
1,716700,0.9929521879195443
1,716800,0.9926299112411465
1,716900,0.9927391363545073
1,717000,0.9925636924446217
1,717100,0.9931594914344619
1,717200,0.9929897683115622
1,717300,0.9926493318058766
1,717400,0.9931594914344619
1,717500,0.9931594914344619
1,717600,0.9896174244999735
1,717700,0.9895075071941071
1,717800,0.9896088694033718
1,717900,0.9930011385006149
1,718000,0.9924506169776266
1,718100,0.9925490248598403
1,718200,0.9920210459257897
1,718300,0.9758133159125844
1,718400,0.9928350052800322
1,718500,0.9748467591978224
1,718600,0.9930078796546299
1,718700,0.9927503747863353
1,718800,0.9920460052639125
1,718900,0.9931165561791421
1,719000,0.9930011385006149
1,719100,0.9928491454020858
1,719200,0.9931165561791421
1,719300,0.9894129809769958
1,719400,0.9928350052800322
1,719500,0.9920210459257897
1,719600,0.9744956102702615
1,719700,0.992445351329763
1,719800,0.9931165561791421
1,719900,0.9927090245821999
1,720000,0.974733058213352
1,720100,0.9748467591978224
1,720200,0.9748467591978224
1,720300,0.9925398040138014
1,720400,0.9919832990588079
1,720500,0.9872039617327293
1,720600,0.9754270449703921
1,720700,0.9921597617496511
1,720800,0.9924185078851084
1,720900,0.9920210459257897
1,721000,0.9929181247284693
1,721100,0.9748467591978224
1,721200,0.9929181247284693
1,721300,0.9920210459257897
1,721400,0.9927090245821999
1,721500,0.9932794846613251
1,721600,0.9928761720761229
1,721700,0.9932993953266882
1,721800,0.9742456373673747
1,721900,0.9931578231268386
1,722000,0.9929571069204358
1,722100,0.9929778454610754
1,722200,0.9929430259820115
1,722300,0.99318544268744
1,722400,0.9929430259820115
1,722500,0.9928170672937402
1,722600,0.9742456373673747
1,722700,0.9925302705541185
1,722800,0.9929181247284693
1,722900,0.9928761720761229
1,723000,0.9929181247284693
1,723100,0.9927090245821999
1,723200,0.9928491454020858
1,723300,0.9927503747863353
1,723400,0.9752166392210535
1,723500,0.9929035538036599
1,723600,0.9927927656804185
1,723700,0.9929035538036599
1,723800,0.992852937248786
1,723900,0.9929897683115622
1,724000,0.9929202592283471
1,724100,0.9932721391018984
1,724200,0.9935083883500216
1,724300,0.9929035538036599
1,724400,0.99213682189397
1,724500,0.9909537552154368
1,724600,0.9757863021396618
1,724700,0.9930078796546299
1,724800,0.9928350052800322
1,724900,0.9880361426941393
1,725000,0.9914019123165969
1,725100,0.9926488848159141
1,725200,0.9926488848159141
1,725300,0.9932409237572201
1,725400,0.9931578231268386
1,725500,0.9932794846613251
1,725600,0.9932794846613251
1,725700,0.9932710843441451
1,725800,0.99318544268744
1,725900,0.9931764558782824
1,726000,0.9925518844155335
1,726100,0.9928711108652495
1,726200,0.9934813362185277
1,726300,0.993099046867031
1,726400,0.9740461878170598
1,726500,0.9760086156669882
1,726600,0.9933662185723273
1,726700,0.9925840175119497
1,726800,0.9892919136713461
1,726900,0.9726610773819976
1,727000,0.9754834909408493
1,727100,0.9762307404270769
1,727200,0.9927649375826075
1,727300,0.993245396557778
1,727400,0.9754834909408493
1,727500,0.976273639244762
1,727600,0.9923329311548396
1,727700,0.9922588303374323
1,727800,0.9925144870091144
1,727900,0.9927171362598263
1,728000,0.9929506684896834
1,728100,0.9754834909408493
1,728200,0.9840888513066115
1,728300,0.9754834909408493
1,728400,0.9925593753652507
1,728500,0.9927171362598263
1,728600,0.9784951162930352
1,728700,0.9925593753652507
1,728800,0.9934667444193529
1,728900,0.9759407694297942
1,729000,0.9934667444193529
1,729100,0.9925847866824049
1,729200,0.9762307404270769
1,729300,0.9927430716790175
1,729400,0.9929430259820115
1,729500,0.9931999873175172
1,729600,0.9777581279232351
1,729700,0.9748467591978224
1,729800,0.9748467591978224
1,729900,0.9924185078851084
1,730000,0.9923090744602262
1,730100,0.9930078796546299
1,730200,0.9927422334441643
1,730300,0.9925417121471275
1,730400,0.9926385238198062
1,730500,0.993026726418281
1,730600,0.9925147138183686
1,730700,0.9753948299365226
1,730800,0.9896830429384003
1,730900,0.9757535449613826
1,731000,0.9938285839325159
1,731100,0.9938882533694955
1,731200,0.9939865545147188
1,731300,0.9937645639732327
1,731400,0.9902059691602293
1,731500,0.9932969254667912
1,731600,0.9942813289796983
1,731700,0.9939165023354426
1,731800,0.9941529819354085
1,731900,0.9941037529561609
1,732000,0.9941037529561609
1,732100,0.994336641658493
1,732200,0.9945274171520484
1,732300,0.9944081731428981
1,732400,0.9927434266191059
1,732500,0.9944405947874713
1,732600,0.9875993028220507
1,732700,0.9937273019522085
1,732800,0.9933910493795453
1,732900,0.9933566697386059
1,733000,0.9941838065288339
1,733100,0.9937273019522085
1,733200,0.9942463260346013
1,733300,0.9944081731428981
1,733400,0.9945274171520484
1,733500,0.9944081731428981
1,733600,0.9941037529561609
1,733700,0.9945274171520484
1,733800,0.9935171444117558
1,733900,0.9943030040203243
1,734000,0.9945989856159724
1,734100,0.9901279059252638
1,734200,0.9944444879172009
1,734300,0.9940661438778948
1,734400,0.99395170646497
1,734500,0.99395170646497
1,734600,0.9945989856159724
1,734700,0.9895977109328232
1,734800,0.9945989856159724
1,734900,0.99395170646497
1,735000,0.9945022911448822
1,735100,0.991731022635345
1,735200,0.9896545747978476
1,735300,0.9940883807955253
1,735400,0.9937990068062853
1,735500,0.9941946282941629
1,735600,0.9941946282941629
1,735700,0.9896545747978476
1,735800,0.9937273019522085
1,735900,0.9941037529561609
1,736000,0.9941946282941629
1,736100,0.9937990068062853
1,736200,0.9868376066819716
1,736300,0.993708767108649
1,736400,0.9942003898133076
1,736500,0.9938113432032506
1,736600,0.9890205512910447
1,736700,0.9933566697386059
1,736800,0.9893286135148535
1,736900,0.9741005728901854
1,737000,0.9938882533694955
1,737100,0.9935855491392679
1,737200,0.9938882533694955
1,737300,0.9943574628937158
1,737400,0.9937645639732327
1,737500,0.9937645639732327
1,737600,0.9880340694636149
1,737700,0.9941586736408213
1,737800,0.9757535449613826
1,737900,0.993809599275518
1,738000,0.9941586736408213
1,738100,0.9757535449613826
1,738200,0.9757535449613826
1,738300,0.9941667074349323
1,738400,0.9900677567154808
1,738500,0.9940623472515627
1,738600,0.9939387286692112
1,738700,0.9941667074349323
1,738800,0.9942828608303175
1,738900,0.9933732664501723
1,739000,0.9937757310461113
1,739100,0.9935308219830278
1,739200,0.9944792188208913
1,739300,0.9940623472515627
1,739400,0.9760734601882697
1,739500,0.9935093477162749
1,739600,0.9931165561791421
1,739700,0.9938530953196051
1,739800,0.9932316172214202
1,739900,0.9746469422716648
1,740000,0.9932993953266882
1,740100,0.99318544268744
1,740200,0.993099046867031
1,740300,0.9736723557351276
1,740400,0.9760086156669882
1,740500,0.9935456196362847
1,740600,0.9932589153499011
1,740700,0.993994204191378
1,740800,0.9874200834272265
1,740900,0.9935456196362847
1,741000,0.993994204191378
1,741100,0.994115404061488
1,741200,0.9740683323412331
1,741300,0.9933710897614215
1,741400,0.9890152218319398
1,741500,0.9935166678531046
1,741600,0.9942359835241742
1,741700,0.9939891269503396
1,741800,0.9934224972569362
1,741900,0.9936056120767867
1,742000,0.9932993953266882
1,742100,0.9932794846613251
1,742200,0.9933509667675174
1,742300,0.9938250896080956
1,742400,0.9935166678531046
1,742500,0.9744956102702615
1,742600,0.9933710897614215
1,742700,0.9936129520178811
1,742800,0.9748396853678721
1,742900,0.9936391265258392
1,743000,0.9937415090579572
1,743100,0.9937415090579572
1,743200,0.9936129520178811
1,743300,0.9931165561791421
1,743400,0.9761951266810984
1,743500,0.9929903605739061
1,743600,0.9937757310461113
1,743700,0.9935093477162749
1,743800,0.9932539614537653
1,743900,0.9937757310461113
1,744000,0.9938020567407718
1,744100,0.9938285839325159
1,744200,0.9939865545147188
1,744300,0.994119971774793
1,744400,0.9942958800460026
1,744500,0.9938505946058611
1,744600,0.9923496476888151
1,744700,0.9936319619245761
1,744800,0.9940274913394366
1,744900,0.9892057395597537
1,745000,0.9940274913394366
1,745100,0.9938167453003846
1,745200,0.9896028416133738
1,745300,0.9937226490909374
1,745400,0.9892057395597537
1,745500,0.9940110299671497
1,745600,0.993895106323977
1,745700,0.993895106323977
1,745800,0.9936319619245761
1,745900,0.9942919416048224
1,746000,0.9944493123523601
1,746100,0.9942432823218786
1,746200,0.9942767361342828
1,746300,0.9866580796782964
1,746400,0.9940110299671497
1,746500,0.9946035723432053
1,746600,0.9938058337535669
1,746700,0.9891599204511918
1,746800,0.9939811634645983
1,746900,0.9942958800460026
1,747000,0.9945875851840712
1,747100,0.9881750491021202
1,747200,0.9936319619245761
1,747300,0.9944493123523601
1,747400,0.9940355530531925
1,747500,0.9943310328623627
1,747600,0.9945829395149591
1,747700,0.994269480907988
1,747800,0.9941313354261399
1,747900,0.9942828608303175
1,748000,0.9937103050681745
1,748100,0.9941313354261399
1,748200,0.9896830429384003
1,748300,0.9844461053160903
1,748400,0.9944609402521425
1,748500,0.9733828400139545
1,748600,0.9898548655337249
1,748700,0.9939313749977702
1,748800,0.9937121372371182
1,748900,0.993895106323977
1,749000,0.9937121372371182
1,749100,0.9902207424593504
1,749200,0.9939313749977702
1,749300,0.9941247367848415
1,749400,0.9943310328623627
1,749500,0.9939865545147188
1,749600,0.9940355530531925
1,749700,0.9940355530531925
1,749800,0.9940355530531925
1,749900,0.9934111042765876
1,750000,0.99368047121456
1,750100,0.99368047121456
1,750200,0.9763773439634681
1,750300,0.9936428902373798
1,750400,0.994269480907988
1,750500,0.9929789053985171
1,750600,0.9931569628543276
1,750700,0.9932539614537653
1,750800,0.9754452089475778
1,750900,0.9932002501430106
1,751000,0.9930987459991951
1,751100,0.9933901727693472
1,751200,0.9941801021098935
1,751300,0.9929479713815776
1,751400,0.9931165561791421
1,751500,0.9931165561791421
1,751600,0.9932844842815277
1,751700,0.9931491533411506
1,751800,0.9935997607108529
1,751900,0.9932002501430106
1,752000,0.9928258088680637
1,752100,0.994028037491647
1,752200,0.9927588873048497
1,752300,0.9929789053985171
1,752400,0.984563096502506
1,752500,0.9931491533411506
1,752600,0.9932002501430106
1,752700,0.9938807795058336
1,752800,0.9756325313533711
1,752900,0.9745552349294969
1,753000,0.9935926303579209
1,753100,0.9748092635159015
1,753200,0.9745552349294969
1,753300,0.9942267429329883
1,753400,0.9935167949782405
1,753500,0.9932993953266882
1,753600,0.9733918079399142
1,753700,0.9935456196362847
1,753800,0.9736679195248881
1,753900,0.9929493360327496
1,754000,0.9831880711940799
1,754100,0.9760107770332889
1,754200,0.991574305627415
1,754300,0.991952531701485
1,754400,0.9930316099176535
1,754500,0.9923969893435147
1,754600,0.9900450629902621
1,754700,0.9935456196362847
1,754800,0.9733918079399142
1,754900,0.9930691403363999
1,755000,0.9733918079399142
1,755100,0.993156193100856
1,755200,0.9924662614183197
1,755300,0.9765683376117307
1,755400,0.9762825758733362
1,755500,0.9733918079399142
1,755600,0.9933095953085403
1,755700,0.9760376059491251
1,755800,0.99318544268744
1,755900,0.9938284292351283
1,756000,0.9735823462161125
1,756100,0.9735823462161125
1,756200,0.9933509667675174
1,756300,0.9930478173384976
1,756400,0.9932940720985487
1,756500,0.9932993953266882
1,756600,0.9932993953266882
1,756700,0.9932993953266882
1,756800,0.9933141059381018
1,756900,0.9934224972569362
1,757000,0.9930078796546299
1,757100,0.9928629935859236
1,757200,0.9930218248449435
1,757300,0.9896488491908835
1,757400,0.9931491533411506
1,757500,0.9932002501430106
1,757600,0.9750244709957587
1,757700,0.9920244619107482
1,757800,0.9931569628543276
1,757900,0.9925151714261806
1,758000,0.9928151288501065
1,758100,0.9929400003551649
1,758200,0.9932973599465781
1,758300,0.98827789723122
1,758400,0.9931864299378624
1,758500,0.9930443642870357
1,758600,0.9930443642870357
1,758700,0.993895106323977
1,758800,0.9935435832051869
1,758900,0.9941247367848415
1,759000,0.9938329441463731
1,759100,0.9930443642870357
1,759200,0.9933605791247726
1,759300,0.9930443642870357
1,759400,0.993895106323977
1,759500,0.9934184562388603
1,759600,0.9933034948520167
1,759700,0.9929443723371459
1,759800,0.9929591492547463
1,759900,0.993895106323977
1,760000,0.9906048137163832
1,760100,0.9932969254667912
1,760200,0.9940355530531925
1,760300,0.9935530624628973
1,760400,0.9898566029352127
1,760500,0.9940355530531925
1,760600,0.9932670418826014
1,760700,0.9932670418826014
1,760800,0.9931612570271252
1,760900,0.9758027813103546
1,761000,0.9932670418826014
1,761100,0.989946979207549
1,761200,0.9937809019023719
1,761300,0.989946979207549
1,761400,0.9931612570271252
1,761500,0.9930443642870357
1,761600,0.9930506241574616
1,761700,0.9931612570271252
1,761800,0.9929310818872089
1,761900,0.9931280925523608
1,762000,0.9757708420275871
1,762100,0.9932973599465781
1,762200,0.9925636924446217
1,762300,0.9923266756338751
1,762400,0.9926789703052213
1,762500,0.9925636924446217
1,762600,0.9932973599465781
1,762700,0.9931280925523608
1,762800,0.9761171673497714
1,762900,0.9932670418826014
1,763000,0.9761171673497714
1,763100,0.9925715042506837
1,763200,0.992469734906622
1,763300,0.9931649500068749
1,763400,0.9925151714261806
1,763500,0.9925715042506837
1,763600,0.9929194385156807
1,763700,0.9920871772302586
1,763800,0.9752166392210535
1,763900,0.9931082554741398
1,764000,0.9931082554741398
1,764100,0.9924506169776266
1,764200,0.9926109739429385
1,764300,0.9924476335632115
1,764400,0.9924925729113087
1,764500,0.974803305249281
1,764600,0.9757908318529352
1,764700,0.9925715042506837
1,764800,0.9920871772302586
1,764900,0.9924506169776266
1,765000,0.9867071395689664
1,765100,0.9922966492283468
1,765200,0.9889827679515547
1,765300,0.9921813002949855
1,765400,0.9923914435550273
1,765500,0.9896344128271213
1,765600,0.9923914435550273
1,765700,0.9835969049450914
1,765800,0.9925715042506837
1,765900,0.9927543658626198
1,766000,0.9922169054476864
1,766100,0.9925636924446217
1,766200,0.9928151288501065
1,766300,0.9925583505019446
1,766400,0.9894667685268891
1,766500,0.9755410704528495
1,766600,0.9923914435550273
1,766700,0.9925636924446217
1,766800,0.9901240019830949
1,766900,0.9931864299378624
1,767000,0.9930744195460237
1,767100,0.9930469960928363
1,767200,0.9758027813103546
1,767300,0.9900811728251439
1,767400,0.9930744195460237
1,767500,0.9929439564937331
1,767600,0.9930443642870357
1,767700,0.9933605791247726
1,767800,0.9929439564937331
1,767900,0.9931864299378624
1,768000,0.9931864299378624
1,768100,0.9900616902280186
1,768200,0.9930443642870357
1,768300,0.9931864299378624
1,768400,0.9924809436490653
1,768500,0.9927543658626198
1,768600,0.9927543658626198
1,768700,0.992908442183217
1,768800,0.9927543658626198
1,768900,0.993013459116804
1,769000,0.992469734906622
1,769100,0.9898279417404076
1,769200,0.9925583505019446
1,769300,0.9925636924446217
1,769400,0.9931649500068749
1,769500,0.9925636924446217
1,769600,0.9925636924446217
1,769700,0.9924476335632115
1,769800,0.9922966492283468
1,769900,0.989387488305581
1,770000,0.992312438089227
1,770100,0.974803305249281
1,770200,0.974803305249281
1,770300,0.9924476335632115
1,770400,0.9919758055497121
1,770500,0.9753685990182939
1,770600,0.992312438089227
1,770700,0.9922966492283468
1,770800,0.9927900124140729
1,770900,0.9918423447290091
1,771000,0.992312438089227
1,771100,0.9924553736806035
1,771200,0.9933141059381018
1,771300,0.9927581284429842
1,771400,0.9924553736806035
1,771500,0.9730988743807104
1,771600,0.99228629087944
1,771700,0.9923969893435147
1,771800,0.9923969893435147
1,771900,0.9924060492341313
1,772000,0.9922704397527284
1,772100,0.9730988743807104
1,772200,0.9934338450041129
1,772300,0.9730988743807104
1,772400,0.9762748392728389
1,772500,0.9730988743807104
1,772600,0.99228629087944
1,772700,0.9923969893435147
1,772800,0.992269017751123
1,772900,0.991952531701485
1,773000,0.9910897787051236
1,773100,0.9927481760275961
1,773200,0.9913104385602619
1,773300,0.9915477928729073
1,773400,0.9758687519136616
1,773500,0.975727110465377
1,773600,0.9762681537571052
1,773700,0.9930316099176535
1,773800,0.9922674796975237
1,773900,0.9895855197034249
1,774000,0.993308087821689
1,774100,0.9933095953085403
1,774200,0.9921223129048047
1,774300,0.9734244929882576
1,774400,0.9917213760057695
1,774500,0.9742190180696988
1,774600,0.992618014517379
1,774700,0.992425390731283
1,774800,0.9922369996560032
1,774900,0.9917213760057695
1,775000,0.9933095953085403
1,775100,0.9921223129048047
1,775200,0.992269017751123
1,775300,0.992269017751123
1,775400,0.9923969893435147
1,775500,0.9760107770332889
1,775600,0.992618014517379
1,775700,0.9927481760275961
1,775800,0.9923969893435147
1,775900,0.9920115640496757
1,776000,0.9934338450041129
1,776100,0.9922566652103793
1,776200,0.9926860838277268
1,776300,0.9923679907750305
1,776400,0.9924553736806035
1,776500,0.9929728603701415
1,776600,0.9931082554741398
1,776700,0.9923158100860503
1,776800,0.9923158100860503
1,776900,0.993096880600144
1,777000,0.99243977230873
1,777100,0.9931795697631294
1,777200,0.9928286846132685
1,777300,0.9742604056833423
1,777400,0.9932993953266882
1,777500,0.9890267068880343
1,777600,0.992312438089227
1,777700,0.9931082554741398
1,777800,0.9927116265584388
1,777900,0.9931082554741398
1,778000,0.9931082554741398
1,778100,0.9922966492283468
1,778200,0.992312438089227
1,778300,0.9932844842815277
1,778400,0.9934768466274395
1,778500,0.9895085493902015
1,778600,0.9934218559686594
1,778700,0.9752342528383272
1,778800,0.9928489899706042
1,778900,0.9931569628543276
1,779000,0.9931165561791421
1,779100,0.993251079530289
1,779200,0.9745552349294969
1,779300,0.9934224972569362
1,779400,0.9934224972569362
1,779500,0.9745552349294969
1,779600,0.9735520312239114
1,779700,0.9933095953085403
1,779800,0.9895855197034249
1,779900,0.9925091684169952
1,780000,0.9903309862379217
1,780100,0.992190128359558
1,780200,0.9758687519136616
1,780300,0.9921900603409284
1,780400,0.9914933371078083
1,780500,0.992190128359558
1,780600,0.9920155479206416
1,780700,0.9750138115554329
1,780800,0.9750138115554329
1,780900,0.9922332145372151
1,781000,0.9921252596673447
1,781100,0.9920155479206416
1,781200,0.9843408922365267
1,781300,0.9924999247413533
1,781400,0.9922332145372151
1,781500,0.992190128359558
1,781600,0.9843858533247201
1,781700,0.9921056140704926
1,781800,0.9924318820347967
1,781900,0.9921900603409284
1,782000,0.9903309862379217
1,782100,0.9926454525327203
1,782200,0.973525373837026
1,782300,0.9761404718313833
1,782400,0.9914933371078083
1,782500,0.9764933997989333
1,782600,0.9919140818570795
1,782700,0.9775029428150162
1,782800,0.9778658170500452
1,782900,0.9755140541961724
1,783000,0.992331243414218
1,783100,0.9921090270756752
1,783200,0.9753709897581914
1,783300,0.9918487489165576
1,783400,0.991952531701485
1,783500,0.9764933997989333
1,783600,0.9921211958722481
1,783700,0.9914933371078083
1,783800,0.9919918473958125
1,783900,0.9914933371078083
1,784000,0.9919140818570795
1,784100,0.990781265383696
1,784200,0.9760107770332889
1,784300,0.9919906365050303
1,784400,0.9750138115554329
1,784500,0.9920155479206416
1,784600,0.9776405347766327
1,784700,0.9910025359939157
1,784800,0.9919125699468873
1,784900,0.9896328863559294
1,785000,0.9748369821811462
1,785100,0.9923362339576126
1,785200,0.992331243414218
1,785300,0.9924858318285169
1,785400,0.9924858318285169
1,785500,0.9923312059987655
1,785600,0.9927433599618278
1,785700,0.977290684390802
1,785800,0.9920542203020195
1,785900,0.9924183832598541
1,786000,0.9837592396093102
1,786100,0.987833681989911
1,786200,0.9912989961440749
1,786300,0.99160236151455
1,786400,0.9933380660860162
1,786500,0.9924183832598541
1,786600,0.9748369821811462
1,786700,0.9722968007706746
1,786800,0.9921900603409284
1,786900,0.992269017751123
1,787000,0.992190128359558
1,787100,0.9758687519136616
1,787200,0.9756964274221671
1,787300,0.9917750451472072
1,787400,0.9919906365050303
1,787500,0.9923029650176903
1,787600,0.9920601709155988
1,787700,0.9921090270756752
1,787800,0.992190128359558
1,787900,0.992190128359558
1,788000,0.9901647322651624
1,788100,0.9926433645029455
1,788200,0.9926433645029455
1,788300,0.9737583879644348
1,788400,0.9764933997989333
1,788500,0.9912975114296145
1,788600,0.9919918473958125
1,788700,0.9918373396425764
1,788800,0.9921787597384819
1,788900,0.9918373396425764
1,789000,0.9921900603409284
1,789100,0.9920809319750212
1,789200,0.9918373396425764
1,789300,0.9909032356791482
1,789400,0.9919918473958125
1,789500,0.9766626068757619
1,789600,0.9748039213719016
1,789700,0.9928546513490297
1,789800,0.992572491932658
1,789900,0.9933090992704665
1,790000,0.9932768056864917
1,790100,0.9922966492283468
1,790200,0.992311020403955
1,790300,0.9926597249879875
1,790400,0.9745552349294969
1,790500,0.989871669696761
1,790600,0.9928546513490297
1,790700,0.989871669696761
1,790800,0.9920247313008836
1,790900,0.9918533182673884
1,791000,0.9840857273980848
1,791100,0.9922760954073025
1,791200,0.9899262192302898
1,791300,0.9768024541423297
1,791400,0.9764933997989333
1,791500,0.9924999247413533
1,791600,0.9924999247413533
1,791700,0.9836540938761429
1,791800,0.9918487489165576
1,791900,0.9918487489165576
1,792000,0.9746234167588974
1,792100,0.9746234167588974
1,792200,0.9923596583017281
1,792300,0.9758687519136616
1,792400,0.9776344666672163
1,792500,0.9929969226660386
1,792600,0.9923459911864432
1,792700,0.9776344666672163
1,792800,0.9921056140704926
1,792900,0.9921090270756752
1,793000,0.9776344666672163
1,793100,0.9923674728841313
1,793200,0.9755140541961724
1,793300,0.9776190642937743
1,793400,0.9928717186066868
1,793500,0.9751904220128622
1,793600,0.9922174959056753
1,793700,0.9931862825099933
1,793800,0.9766670241984707
1,793900,0.9766670241984707
1,794000,0.9923312059987655
1,794100,0.9891808138537252
1,794200,0.9779881424753916
1,794300,0.9924858318285169
1,794400,0.9925372028051993
1,794500,0.9925772580485499
1,794600,0.9923312059987655
1,794700,0.9928717186066868
1,794800,0.993048136345848
1,794900,0.993172436439818
1,795000,0.9763344821527584
1,795100,0.9932410883154656
1,795200,0.9744262808475892
1,795300,0.9928780854628629
1,795400,0.9891808138537252
1,795500,0.9896489082362958
1,795600,0.9846024319871542
1,795700,0.9830696754022152
1,795800,0.9924858318285169
1,795900,0.9751904220128622
1,796000,0.9891808138537252
1,796100,0.9924275915306975
1,796200,0.9924858318285169
1,796300,0.9934313792005868
1,796400,0.9925797184105078
1,796500,0.9921945993376869
1,796600,0.9931291263688181
1,796700,0.9766670241984707
1,796800,0.9924858318285169
1,796900,0.9922174959056753
1,797000,0.9744262808475892
1,797100,0.9925797184105078
1,797200,0.9923312059987655
1,797300,0.9896489082362958
1,797400,0.9924858318285169
1,797500,0.9929969226660386
1,797600,0.9929969226660386
1,797700,0.9922902851851634
1,797800,0.99252802563755
1,797900,0.9924858318285169
1,798000,0.9766670241984707
1,798100,0.9928348694988833
1,798200,0.9929969226660386
1,798300,0.9929969226660386
1,798400,0.9929969226660386
1,798500,0.9926670076907095
1,798600,0.992836003603864
1,798700,0.9923312059987655
1,798800,0.9844483886110712
1,798900,0.9921945993376869
1,799000,0.9763344821527584
1,799100,0.992533667142825
1,799200,0.9769199495606873
1,799300,0.9914946685917633
1,799400,0.9893049722844248
1,799500,0.9927116630902262
1,799600,0.9927116630902262
1,799700,0.9762548513932041
1,799800,0.9771368634766209
1,799900,0.9918838814091355
1,800000,0.9765189658778095
1,800100,0.991853653682527
1,800200,0.9917238222267293
1,800300,0.9919272136074689
1,800400,0.9890158811038373
1,800500,0.9917744572463285
1,800600,0.9914189590201539
1,800700,0.9913343013916046
1,800800,0.9909230453493357
1,800900,0.9911791956084804
1,801000,0.9761942207277831
1,801100,0.9844438570112486
1,801200,0.9909876540624974
1,801300,0.9914322835596211
1,801400,0.9887716242265908
1,801500,0.9906853127684183
1,801600,0.9906853127684183
1,801700,0.9907281140271563
1,801800,0.9915003386436821
1,801900,0.9910388131349713
1,802000,0.9887895147847389
1,802100,0.9910388131349713
1,802200,0.9915905922581978
1,802300,0.9752880266707876
1,802400,0.9914366830461342
1,802500,0.990923311074236
1,802600,0.9730668097565189
1,802700,0.991812387382651
1,802800,0.9773351749577226
1,802900,0.9760781530826578
1,803000,0.990726070301862
1,803100,0.9913112201644415
1,803200,0.991812387382651
1,803300,0.9730668097565189
1,803400,0.9847986021109951
1,803500,0.9919277493231208
1,803600,0.9919277493231208
1,803700,0.9742159750296527
1,803800,0.990923311074236
1,803900,0.990923311074236
1,804000,0.9738299580829339
1,804100,0.9772797671972816
1,804200,0.9917168881484566
1,804300,0.9910604182637696
1,804400,0.9916369631570277
1,804500,0.9731503999580572
1,804600,0.9912983142700449
1,804700,0.9772797671972816
1,804800,0.9912730741153889
1,804900,0.9909475283118905
1,805000,0.991812387382651
1,805100,0.9908709689284639
1,805200,0.9912730741153889
1,805300,0.9738299580829339
1,805400,0.990923311074236
1,805500,0.9907103570342102
1,805600,0.9893986670163146
1,805700,0.9872627955500183
1,805800,0.9757531199772954
1,805900,0.9905785302004786
1,806000,0.9905785302004786
1,806100,0.975354793289238
1,806200,0.9755604412326085
1,806300,0.9761942207277831
1,806400,0.9902520141232227
1,806500,0.991099120819406
1,806600,0.991099120819406
1,806700,0.9759289092567929
1,806800,0.9762274848841145
1,806900,0.9906853127684183
1,807000,0.9887716242265908
1,807100,0.9761942207277831
1,807200,0.9887716242265908
1,807300,0.9908576762191917
1,807400,0.9892139407266738
1,807500,0.9763069963366724
1,807600,0.9768185913969702
1,807700,0.9906853127684183
1,807800,0.9905073762937247
1,807900,0.9755604412326085
1,808000,0.9909230453493357
1,808100,0.9906853127684183
1,808200,0.9909224292669225
1,808300,0.9911047733031698
1,808400,0.9839217949953734
1,808500,0.991853653682527
1,808600,0.9911047733031698
1,808700,0.9764489024423358
1,808800,0.9907304086991546
1,808900,0.9908782853175924
1,809000,0.9907304086991546
1,809100,0.9764991854563457
1,809200,0.9906853127684183
1,809300,0.9909230453493357
1,809400,0.9755604412326085
1,809500,0.9759289092567929
1,809600,0.9908096760585883
1,809700,0.9909418964319999
1,809800,0.991092436731316
1,809900,0.9918017116211613
1,810000,0.9908131538998937
1,810100,0.9761166660949862
1,810200,0.9761166660949862
1,810300,0.9741285591342581
1,810400,0.977388965830991
1,810500,0.9768087039061596
1,810600,0.9752047472725848
1,810700,0.990923311074236
1,810800,0.9752047472725848
1,810900,0.9771422587442018
1,811000,0.9895024254564863
1,811100,0.9771781583928004
1,811200,0.9889891079205965
1,811300,0.9886948187177614
1,811400,0.988940148376368
1,811500,0.9888321422975813
1,811600,0.9771781583928004
1,811700,0.990258904281376
1,811800,0.9893074156407079
1,811900,0.9899239308288502
1,812000,0.9887870859782487
1,812100,0.9888321422975813
1,812200,0.9900106142603754
1,812300,0.9888323666866558
1,812400,0.9892447513578705
1,812500,0.9867605615087259
1,812600,0.9897073890865784
1,812700,0.9764714620733064
1,812800,0.9767232185396193
1,812900,0.9862183787923541
1,813000,0.9899008327438414
1,813100,0.9896681375836236
1,813200,0.9896681375836236
1,813300,0.9896681375836236
1,813400,0.9867440904507293
1,813500,0.9893680701789115
1,813600,0.9896681375836236
1,813700,0.9893680701789115
1,813800,0.9882810098613757
1,813900,0.9891270696260513
1,814000,0.9899539846376131
1,814100,0.9891270696260513
1,814200,0.9891270696260513
1,814300,0.9898690145259611
1,814400,0.9765612596968765
1,814500,0.9889156488747806
1,814600,0.9890011304058939
1,814700,0.9898690145259611
1,814800,0.9899539846376131
1,814900,0.9764224640034908
1,815000,0.9886376498039211
1,815100,0.9898943575093219
1,815200,0.9899539846376131
1,815300,0.9899539846376131
1,815400,0.9889156488747806
1,815500,0.9889156488747806
1,815600,0.9899626015328552
1,815700,0.9899013574196617
1,815800,0.9761318478596235
1,815900,0.9892661849179802
1,816000,0.9761318478596235
1,816100,0.9896681375836236
1,816200,0.9888039340366331
1,816300,0.9742222939291338
1,816400,0.9889156488747806
1,816500,0.9895108304193319
1,816600,0.9889844921267626
1,816700,0.9899013574196617
1,816800,0.9893480675098093
1,816900,0.990168720483453
1,817000,0.9761318478596235
1,817100,0.9761318478596235
1,817200,0.9767232185396193
1,817300,0.990168720483453
1,817400,0.9890754049220096
1,817500,0.9830234659003203
1,817600,0.9761318478596235
1,817700,0.9887487625471029
1,817800,0.9893680701789115
1,817900,0.9895196515015491
1,818000,0.9879700596193651
1,818100,0.9896681375836236
1,818200,0.9896681375836236
1,818300,0.9751359759390554
1,818400,0.9899013574196617
1,818500,0.9897031870332625
1,818600,0.9897031870332625
1,818700,0.9899013574196617
1,818800,0.9904297176025341
1,818900,0.9893480675098093
1,819000,0.9889424006945988
1,819100,0.989588722439072
1,819200,0.9889844921267626
1,819300,0.9761318478596235
1,819400,0.9758799027202987
1,819500,0.9902507699678341
1,819600,0.9888881309905686
1,819700,0.9761845089438803
1,819800,0.9898089716903982
1,819900,0.9892447513578705
1,820000,0.9889891079205965
1,820100,0.9887870859782487
1,820200,0.9889224617990829
1,820300,0.989086513088722
1,820400,0.9883689819963577
1,820500,0.9909386223515906
1,820600,0.9908731575826101
1,820700,0.9900927390827003
1,820800,0.9900927390827003
1,820900,0.9751851432871204
1,821000,0.990923311074236
1,821100,0.9731503999580572
1,821200,0.9904257317531023
1,821300,0.9901627110565355
1,821400,0.9743429500442204
1,821500,0.9903377215726346
1,821600,0.9908551877748722
1,821700,0.9909549111366426
1,821800,0.9909549111366426
1,821900,0.9910798477254624
1,822000,0.9907522917394109
1,822100,0.9911070202815577
1,822200,0.9900927390827003
1,822300,0.9897604145417142
1,822400,0.9900927390827003
1,822500,0.9852905501734001
1,822600,0.9907522917394109
1,822700,0.9912317315534797
1,822800,0.9907815131674984
1,822900,0.9918955246494382
1,823000,0.9909418964319999
1,823100,0.9908096760585883
1,823200,0.9909418964319999
1,823300,0.9905220773304454
1,823400,0.9759289092567929
1,823500,0.9759289092567929
1,823600,0.9900714399671159
1,823700,0.9758497772394588
1,823800,0.9899843671981676
1,823900,0.9906817366787132
1,824000,0.9758497772394588
1,824100,0.9911097846251036
1,824200,0.9758497772394588
1,824300,0.9900795148999287
1,824400,0.990838686498922
1,824500,0.9909608385903385
1,824600,0.9911097846251036
1,824700,0.9908576762191917
1,824800,0.9898734684127567
1,824900,0.9911097846251036
1,825000,0.9911097846251036
1,825100,0.9768185913969702
1,825200,0.990838686498922
1,825300,0.9911097846251036
1,825400,0.9768185913969702
1,825500,0.9909123349271574
1,825600,0.9905220773304454
1,825700,0.9768185913969702
1,825800,0.9892139407266738
1,825900,0.9758497772394588
1,826000,0.9910814522691775
1,826100,0.9899843671981676
1,826200,0.9899843671981676
1,826300,0.9914421805620327
1,826400,0.9909930613003808
1,826500,0.991099120819406
1,826600,0.9910931453488314
1,826700,0.9877523559361739
1,826800,0.9909418964319999
1,826900,0.975100692090871
1,827000,0.9749220351599214
1,827100,0.9757531199772954
1,827200,0.9752247193918364
1,827300,0.9910002732442426
1,827400,0.9747923093355823
1,827500,0.991092436731316
1,827600,0.9911954869773065
1,827700,0.9738299580829339
1,827800,0.990923311074236
1,827900,0.990703978087707
1,828000,0.9731945392281042
1,828100,0.9762153296638442
1,828200,0.9910540495735893
1,828300,0.9842220915079708
1,828400,0.9758143894880537
1,828500,0.9897802291829803
1,828600,0.9761845089438803
1,828700,0.9891748230147156
1,828800,0.9771780986816676
1,828900,0.9762320492346694
1,829000,0.9888108047531428
1,829100,0.9901423578443034
1,829200,0.9761164711683256
1,829300,0.991879412377216
1,829400,0.990923311074236
1,829500,0.9872119113580736
1,829600,0.9778071000509831
1,829700,0.9920465943818432
1,829800,0.9922352462327277
1,829900,0.992423207087353
1,830000,0.9880999759834369
1,830100,0.9880999759834369
1,830200,0.987547082661246
1,830300,0.9918813255637302
1,830400,0.9920465943818432
1,830500,0.9731503999580572
1,830600,0.9911065371217238
1,830700,0.990923311074236
1,830800,0.990923311074236
1,830900,0.9923067038386951
1,831000,0.9731503999580572
1,831100,0.9738299580829339
1,831200,0.9907789386300968
1,831300,0.9920964174794796
1,831400,0.9919318428044278
1,831500,0.9919528708632798
1,831600,0.9920964174794796
1,831700,0.9916369631570277
1,831800,0.9907789386300968
1,831900,0.990923311074236
1,832000,0.9738299580829339
1,832100,0.990923311074236
1,832200,0.9738299580829339
1,832300,0.990923311074236
1,832400,0.990923311074236
1,832500,0.9740790262051723
1,832600,0.9919528708632798
1,832700,0.98864921533985
1,832800,0.9912730741153889
1,832900,0.9919277493231208
1,833000,0.990923311074236
1,833100,0.9917664211270729
1,833200,0.9751448821149424
1,833300,0.9752031749863607
1,833400,0.9883778311749108
1,833500,0.975354793289238
1,833600,0.9909418964319999
1,833700,0.991099120819406
1,833800,0.99037718380406
1,833900,0.9752880266707876
1,834000,0.9918984336066189
1,834100,0.9918017116211613
1,834200,0.9750604852748295
1,834300,0.975354793289238
1,834400,0.9917744572463285
1,834500,0.9762764502345157
1,834600,0.9909418964319999
1,834700,0.9918955246494382
1,834800,0.9918955246494382
1,834900,0.9918955246494382
1,835000,0.9908211947626006
1,835100,0.9909756197874415
1,835200,0.9917797282600683
1,835300,0.9762274848841145
1,835400,0.9908782853175924
1,835500,0.9762274848841145
1,835600,0.9762764502345157
1,835700,0.9917744572463285
1,835800,0.9909756197874415
1,835900,0.9914416227378029
1,836000,0.975354793289238
1,836100,0.9911461751954093
1,836200,0.9762764502345157
1,836300,0.9762764502345157
1,836400,0.9908782853175924
1,836500,0.9766035637555361
1,836600,0.9919477256459248
1,836700,0.9908782853175924
1,836800,0.9907400770738668
1,836900,0.9759002814434574
1,837000,0.991853653682527
1,837100,0.9923450585872481
1,837200,0.9923450585872481
1,837300,0.9923347338499746
1,837400,0.992533667142825
1,837500,0.9890504948066332
1,837600,0.9925797184105078
1,837700,0.9923312059987655
1,837800,0.9747841236102635
1,837900,0.9763344821527584
1,838000,0.9923347338499746
1,838100,0.9747841236102635
1,838200,0.9921945993376869
1,838300,0.9713725455281484
1,838400,0.991853653682527
1,838500,0.988867401730519
1,838600,0.9932410883154656
1,838700,0.9880238682068594
1,838800,0.992153958525477
1,838900,0.9716482504457107
1,839000,0.976844051022227
1,839100,0.974463405530006
1,839200,0.9756586796122307
1,839300,0.974463405530006
1,839400,0.9935249467951008
1,839500,0.993172436439818
1,839600,0.9840130986703864
1,839700,0.9719735571659688
1,839800,0.9723155689730364
1,839900,0.9754822016321822
1,840000,0.9934196964879919
1,840100,0.9934313792005868
1,840200,0.9934313792005868
1,840300,0.9721442895950945
1,840400,0.9931002627400247
1,840500,0.9931002627400247
1,840600,0.9755587900312876
1,840700,0.9933180831533098
1,840800,0.9721442895950945
1,840900,0.9934186769224062
1,841000,0.993172436439818
1,841100,0.9933380660860162
1,841200,0.9933380660860162
1,841300,0.9931002627400247
1,841400,0.9930094566291148
1,841500,0.9924227729078509
1,841600,0.9924227729078509
1,841700,0.9932715811623646
1,841800,0.9736373480547913
1,841900,0.9733051973286988
1,842000,0.9932715811623646
1,842100,0.9736373480547913
1,842200,0.972287384329941
1,842300,0.9930094566291148
1,842400,0.9922499851916375
1,842500,0.9923674728841313
1,842600,0.9727966989904528
1,842700,0.9923674728841313
1,842800,0.9934340151947476
1,842900,0.9922499851916375
1,843000,0.9929004552155084
1,843100,0.9923674728841313
1,843200,0.9934340151947476
1,843300,0.9730839807167155
1,843400,0.9924227729078509
1,843500,0.9922499851916375
1,843600,0.9730839807167155
1,843700,0.9898091367094733
1,843800,0.9730839807167155
1,843900,0.9730839807167155
1,844000,0.9928490586141521
1,844100,0.9929742992054535
1,844200,0.9742865895631526
1,844300,0.9835818706665116
1,844400,0.9924999247413533
1,844500,0.9931924323323154
1,844600,0.9730839807167155
1,844700,0.9924227729078509
1,844800,0.9730839807167155
1,844900,0.9739900042596178
1,845000,0.9923674728841313
1,845100,0.9933434375026597
1,845200,0.9759131141572419
1,845300,0.9923674728841313
1,845400,0.9884341710889499
1,845500,0.9898091367094733
1,845600,0.9925420022856764
1,845700,0.9933434375026597
1,845800,0.9734701490331674
1,845900,0.9740871700320015
1,846000,0.9923406972733495
1,846100,0.9923382636045953
1,846200,0.9929148059319303
1,846300,0.9922593204507967
1,846400,0.9926377871030082
1,846500,0.9921483062791342
1,846600,0.9919921243477257
1,846700,0.9929571413194682
1,846800,0.9920962811750299
1,846900,0.9835818706665116
1,847000,0.9919918473958125
1,847100,0.974318871240778
1,847200,0.9743839198187898
1,847300,0.9743839198187898
1,847400,0.9928490586141521
1,847500,0.9929742992054535
1,847600,0.9929742992054535
1,847700,0.9924999247413533
1,847800,0.9928345119551288
1,847900,0.9832968332881692
1,848000,0.992899469974293
1,848100,0.9929567746070092
1,848200,0.9923406972733495
1,848300,0.9930706477069933
1,848400,0.9842574008686833
1,848500,0.9934892451543961
1,848600,0.9749148119813795
1,848700,0.9934892451543961
1,848800,0.9746016294950001
1,848900,0.9885107741024227
1,849000,0.9942789646428873
1,849100,0.993675865347524
1,849200,0.993675865347524
1,849300,0.9933884519187739
1,849400,0.9756146774102064
1,849500,0.9939973123346812
1,849600,0.9933884519187739
1,849700,0.9938098151655498
1,849800,0.9932443092232941
1,849900,0.9931534426085323
1,850000,0.9745698028432954
1,850100,0.9745698028432954
1,850200,0.9935549030462075
1,850300,0.9891716922250551
1,850400,0.9923291929689875
1,850500,0.9743839198187898
1,850600,0.9841808269133626
1,850700,0.9922593204507967
1,850800,0.9922593204507967
1,850900,0.9745040220159588
1,851000,0.9921483062791342
1,851100,0.993054514753969
1,851200,0.9916330954444341
1,851300,0.9928490586141521
1,851400,0.9929738987583127
1,851500,0.9743839198187898
1,851600,0.9929497659579338
1,851700,0.9922593204507967
1,851800,0.9931534426085323
1,851900,0.9938793512069334
1,852000,0.9932367070473817
1,852100,0.9930319044447792
1,852200,0.9934874423975182
1,852300,0.9753238326958755
1,852400,0.9935688167579447
1,852500,0.9934882946228561
1,852600,0.9935688167579447
1,852700,0.9866135545728454
1,852800,0.993378892745499
1,852900,0.9844480147403845
1,853000,0.9746672013412112
1,853100,0.9893749164532424
1,853200,0.9930435002104321
1,853300,0.9932236913004888
1,853400,0.9933727059854577
1,853500,0.9935009905489558
1,853600,0.9932979106214898
1,853700,0.9930445556989167
1,853800,0.9738488561856875
1,853900,0.9928786498855042
1,854000,0.9937345190463301
1,854100,0.9936276062558917
1,854200,0.9934818008730324
1,854300,0.9932345102544817
1,854400,0.9941874994432721
1,854500,0.9937527586618874
1,854600,0.9937123366263634
1,854700,0.9939014594257037
1,854800,0.9879128214836899
1,854900,0.9943948487037532
1,855000,0.9936276062558917
1,855100,0.9944604464436954
1,855200,0.9829676503495891
1,855300,0.9943948487037532
1,855400,0.9937123366263634
1,855500,0.9936276062558917
1,855600,0.9936196765021075
1,855700,0.9934538960210537
1,855800,0.9935622665722336
1,855900,0.9932979106214898
1,856000,0.9931664728513794
1,856100,0.9933992198766922
1,856200,0.9928786498855042
1,856300,0.9937395846692687
1,856400,0.9935009905489558
1,856500,0.993166655466055
1,856600,0.993166655466055
1,856700,0.992866068051418
1,856800,0.9738488561856875
1,856900,0.9928786498855042
1,857000,0.9935622665722336
1,857100,0.9932979106214898
1,857200,0.9941548226596326
1,857300,0.993928812054617
1,857400,0.9936633136241116
1,857500,0.9942789646428873
1,857600,0.9933480253912419
1,857700,0.9745698028432954
1,857800,0.9935549030462075
1,857900,0.9745040220159588
1,858000,0.9917483657574699
1,858100,0.9934892451543961
1,858200,0.9889031445270391
1,858300,0.9927469248109967
1,858400,0.9917483657574699
1,858500,0.9745698028432954
1,858600,0.9925680509528938
1,858700,0.992572491932658
1,858800,0.9932946199905246
1,858900,0.9934892451543961
1,859000,0.9932946199905246
1,859100,0.9920205004678401
1,859200,0.9922593204507967
1,859300,0.9922593204507967
1,859400,0.974318871240778
1,859500,0.9750805010635846
1,859600,0.9749660099946272
1,859700,0.9920962811750299
1,859800,0.9925267941845607
1,859900,0.9934733689390107
1,860000,0.9922760954073025
1,860100,0.9925710255311619
1,860200,0.9923291929689875
1,860300,0.9922740950777322
1,860400,0.9921941486531676
1,860500,0.986867059916473
1,860600,0.986867059916473
1,860700,0.9920679629103716
1,860800,0.9739900042596178
1,860900,0.9924999247413533
1,861000,0.9928342756314837
1,861100,0.9923804114176855
1,861200,0.9924227729078509
1,861300,0.9926340845645599
1,861400,0.9923674728841313
1,861500,0.9920679629103716
1,861600,0.9928342756314837
1,861700,0.9739900042596178
1,861800,0.9739900042596178
1,861900,0.9730839807167155
1,862000,0.9933957276512042
1,862100,0.9755587900312876
1,862200,0.9722827605536867
1,862300,0.9925313066518686
1,862400,0.9930272022491506
1,862500,0.9896128444768826
1,862600,0.9922388487210559
1,862700,0.9722827605536867
1,862800,0.9928925759213685
1,862900,0.9930624602794986
1,863000,0.9922388487210559
1,863100,0.9719911203616772
1,863200,0.9755587900312876
1,863300,0.988225332603794
1,863400,0.9922388487210559
1,863500,0.9722827605536867
1,863600,0.9896128444768826
1,863700,0.9746009982492743
1,863800,0.9746009982492743
1,863900,0.9924688965351172
1,864000,0.9722827605536867
1,864100,0.9931775623338555
1,864200,0.9744780999793126
1,864300,0.9928925759213685
1,864400,0.9722827605536867
1,864500,0.9722352684306609
1,864600,0.9922388487210559
1,864700,0.9730999999662292
1,864800,0.9923705747277266
1,864900,0.9922388487210559
1,865000,0.9922388487210559
1,865100,0.9744780999793126
1,865200,0.9895240548278441
1,865300,0.9931775623338555
1,865400,0.9929320210883864
1,865500,0.9893346520679808
1,865600,0.9714611806678386
1,865700,0.9714611806678386
1,865800,0.9741286774637103
1,865900,0.9741286774637103
1,866000,0.9928925759213685
1,866100,0.9928925759213685
1,866200,0.9722827605536867
1,866300,0.9919850127033609
1,866400,0.9744780999793126
1,866500,0.9919850127033609
1,866600,0.9741286774637103
1,866700,0.9747372188472079
1,866800,0.9915372012359166
1,866900,0.991646077832533
1,867000,0.9918546059518635
1,867100,0.9920709400531488
1,867200,0.9917529837737392
1,867300,0.976359516102064
1,867400,0.9919477256459248
1,867500,0.976642605861896
1,867600,0.988825607790488
1,867700,0.9915389621454271
1,867800,0.9745293652965886
1,867900,0.9765849256357106
1,868000,0.9765849256357106
1,868100,0.9921409709731986
1,868200,0.9765849256357106
1,868300,0.9920709400531488
1,868400,0.9921839321734247
1,868500,0.9915389621454271
1,868600,0.9889760007318901
1,868700,0.9758051798993641
1,868800,0.9917157587541573
1,868900,0.9754766379760245
1,869000,0.9921215298705154
1,869100,0.9754100858068082
1,869200,0.9925952967695931
1,869300,0.9920830816955972
1,869400,0.9754100858068082
1,869500,0.9928022238617988
1,869600,0.9918107892762865
1,869700,0.991872680678357
1,869800,0.9754100858068082
1,869900,0.9915711742067552
1,870000,0.991872680678357
1,870100,0.991872680678357
1,870200,0.9754766379760245
1,870300,0.9754100858068082
1,870400,0.9920830816955972
1,870500,0.9918107892762865
1,870600,0.9919218005044509
1,870700,0.9919218005044509
1,870800,0.9928022238617988
1,870900,0.9747351609939285
1,871000,0.9920800667218428
1,871100,0.9867393633687015
1,871200,0.9918107892762865
1,871300,0.9919375396717324
1,871400,0.9834459432223925
1,871500,0.9744806356127136
1,871600,0.9920599814886317
1,871700,0.9920234328087998
1,871800,0.9915087390516295
1,871900,0.9879292746325513
1,872000,0.9918107892762865
1,872100,0.9914089159020726
1,872200,0.992143031366607
1,872300,0.9925335823560646
1,872400,0.9744806356127136
1,872500,0.9744806356127136
1,872600,0.9744806356127136
1,872700,0.991177457278271
1,872800,0.9916233424857681
1,872900,0.9921545905997359
1,873000,0.9744806356127136
1,873100,0.9918107892762865
1,873200,0.9918107892762865
1,873300,0.991177457278271
1,873400,0.991177457278271
1,873500,0.9911606253142324
1,873600,0.991151713370498
1,873700,0.9918749505874063
1,873800,0.9730832072233147
1,873900,0.9916233424857681
1,874000,0.973425983703065
1,874100,0.9737939583947
1,874200,0.9918107892762865
1,874300,0.9747351609939285
1,874400,0.9918474240920989
1,874500,0.991177457278271
1,874600,0.9918948480682032
1,874700,0.9918749505874063
1,874800,0.9918474240920989
1,874900,0.9747351609939285
1,875000,0.9736737863022671
1,875100,0.9903147877461201
1,875200,0.9738093057173451
1,875300,0.9738093057173451
1,875400,0.9912716073393302
1,875500,0.9754520558986588
1,875600,0.9907192920423961
1,875700,0.9915502446959912
1,875800,0.9739918410561882
1,875900,0.9744570438882509
1,876000,0.9737285766634672
1,876100,0.9915456498236015
1,876200,0.991151713370498
1,876300,0.9738093057173451
1,876400,0.9899618983690412
1,876500,0.9902928529675878
1,876600,0.990258904281376
1,876700,0.9884826119288418
1,876800,0.990258904281376
1,876900,0.9899239308288502
1,877000,0.9911300384820976
1,877100,0.9905253144285328
1,877200,0.9757221378213671
1,877300,0.990258904281376
1,877400,0.990258904281376
1,877500,0.9900774073665681
1,877600,0.9900774073665681
1,877700,0.9900774073665681
1,877800,0.9902150033301607
1,877900,0.989853411157523
1,878000,0.9751554515765164
1,878100,0.9899239308288502
1,878200,0.990225579086499
1,878300,0.9747466242604432
1,878400,0.9753210914708998
1,878500,0.9757221378213671
1,878600,0.990258904281376
1,878700,0.9901134266867763
1,878800,0.989853411157523
1,878900,0.973314017071122
1,879000,0.9757221378213671
1,879100,0.973314017071122
1,879200,0.973314017071122
1,879300,0.9898304454210345
1,879400,0.9907994309045278
1,879500,0.9899469312405195
1,879600,0.9909224669334383
1,879700,0.9863295421377997
1,879800,0.9740606238561477
1,879900,0.9907994309045278
1,880000,0.9908698418351017
1,880100,0.9907994309045278
1,880200,0.9907994309045278
1,880300,0.990258904281376
1,880400,0.9741432662934811
1,880500,0.9741432662934811
1,880600,0.989853411157523
1,880700,0.973314017071122
1,880800,0.990258904281376
1,880900,0.9901424284331358
1,881000,0.9908698418351017
1,881100,0.9740606238561477
1,881200,0.9740606238561477
1,881300,0.9909224669334383
1,881400,0.9902633249732974
1,881500,0.9911636911854264
1,881600,0.9744806356127136
1,881700,0.9918530078393646
1,881800,0.9924610406188689
1,881900,0.9922312720326761
1,882000,0.9744516663219859
1,882100,0.9924610406188689
1,882200,0.975457185342354
1,882300,0.9920912526805634
1,882400,0.9754886024467972
1,882500,0.9889125244354345
1,882600,0.983952986862481
1,882700,0.971805535742071
1,882800,0.9833292431920748
1,882900,0.9887955720886519
1,883000,0.992190224259544
1,883100,0.9918623916272252
1,883200,0.9920558177582901
1,883300,0.9755475130303544
1,883400,0.9910780212675663
1,883500,0.9911097846251036
1,883600,0.9916744510941033
1,883700,0.971704404501432
1,883800,0.9888016888713934
1,883900,0.9910360991860754
1,884000,0.9912412387474503
1,884100,0.991203455806748
1,884200,0.9924283807812755
1,884300,0.9752299899145213
1,884400,0.992445797269805
1,884500,0.9925135970975066
1,884600,0.9728495060720199
1,884700,0.992445797269805
1,884800,0.9728495060720199
1,884900,0.9729588953636693
1,885000,0.9920359308248383
1,885100,0.9920359308248383
1,885200,0.991502740349507
1,885300,0.9925135970975066
1,885400,0.9925135970975066
1,885500,0.973443142311625
1,885600,0.9917814889108328
1,885700,0.9909765229832259
1,885800,0.9772237411761505
1,885900,0.9912412387474503
1,886000,0.9888837833353431
1,886100,0.991879389476367
1,886200,0.9727379539339128
1,886300,0.9925135970975066
1,886400,0.9936808672937381
1,886500,0.9727379539339128
1,886600,0.992191783334966
1,886700,0.9920359308248383
1,886800,0.9727379539339128
1,886900,0.992191783334966
1,887000,0.9896732730578015
1,887100,0.9927641243488764
1,887200,0.9727379539339128
1,887300,0.9727379539339128
1,887400,0.9751709814977224
1,887500,0.9720176216275872
1,887600,0.9720176216275872
1,887700,0.9912412387474503
1,887800,0.9918403677170808
1,887900,0.9752176535226617
1,888000,0.971704404501432
1,888100,0.9891721152964642
1,888200,0.971704404501432
1,888300,0.9912287420580473
1,888400,0.9912650974010618
1,888500,0.9733895514903783
1,888600,0.9889125244354345
1,888700,0.9912650974010618
1,888800,0.971704404501432
1,888900,0.9912650974010618
1,889000,0.9914224170773187
1,889100,0.9914224170773187
1,889200,0.9912561652321872
1,889300,0.9889125244354345
1,889400,0.9754886024467972
1,889500,0.9913660152936574
1,889600,0.9754861845792635
1,889700,0.9924844003579256
1,889800,0.9883943388760786
1,889900,0.9924610406188689
1,890000,0.9922289531181231
1,890100,0.9751599960745567
1,890200,0.9739991603118183
1,890300,0.9908113133045219
1,890400,0.9918530078393646
1,890500,0.9912466981018987
1,890600,0.9755309532782963
1,890700,0.9754766379760245
1,890800,0.9754766379760245
1,890900,0.9754861845792635
1,891000,0.9914416227378029
1,891100,0.9910780212675663
1,891200,0.9914224170773187
1,891300,0.9713509855939321
1,891400,0.9912561652321872
1,891500,0.9914224170773187
1,891600,0.9912650974010618
1,891700,0.9920130410029627
1,891800,0.9891721152964642
1,891900,0.9764086020605649
1,892000,0.988726463290794
1,892100,0.9912650974010618
1,892200,0.9764763746102394
1,892300,0.9743399239102094
1,892400,0.9911097846251036
1,892500,0.9912650974010618
1,892600,0.9911097846251036
1,892700,0.9911097846251036
1,892800,0.9912650974010618
1,892900,0.9752176535226617
1,893000,0.9725705496110336
1,893100,0.9911976788311533
1,893200,0.9912561652321872
1,893300,0.9911976788311533
1,893400,0.991715114939683
1,893500,0.9920359308248383
1,893600,0.9729588953636693
1,893700,0.9904588315841989
1,893800,0.9912412387474503
1,893900,0.9727622099336407
1,894000,0.9911514754083516
1,894100,0.9910360991860754
1,894200,0.9912412387474503
1,894300,0.9885558240103633
1,894400,0.9891286925706473
1,894500,0.991502740349507
1,894600,0.9727622099336407
1,894700,0.9725924495386002
1,894800,0.9917255587178975
1,894900,0.9923228409198162
1,895000,0.9743399239102094
1,895100,0.9891721152964642
1,895200,0.9917255587178975
1,895300,0.9914505840921034
1,895400,0.971704404501432
1,895500,0.983161475291573
1,895600,0.9763846682631543
1,895700,0.9921232476108823
1,895800,0.9889125244354345
1,895900,0.9760833265697102
1,896000,0.9763846682631543
1,896100,0.9912287420580473
1,896200,0.9917238222267293
1,896300,0.9764086020605649
1,896400,0.9911097846251036
1,896500,0.9912561652321872
1,896600,0.9743699590847292
1,896700,0.9916744510941033
1,896800,0.9733895514903783
1,896900,0.9875335392139524
1,897000,0.9914224170773187
1,897100,0.9909552117076192
1,897200,0.986165551156645
1,897300,0.9921232476108823
1,897400,0.9821152722616873
1,897500,0.9917898718312027
1,897600,0.9910780212675663
1,897700,0.9707293967756891
1,897800,0.9760833265697102
1,897900,0.9760389879775037
1,898000,0.9911426110802484
1,898100,0.9910780212675663
1,898200,0.9920912526805634
1,898300,0.9763846682631543
1,898400,0.9760833265697102
1,898500,0.9911426110802484
1,898600,0.9754861845792635
1,898700,0.9707293967756891
1,898800,0.975993259004485
1,898900,0.9910780212675663
1,899000,0.9760833265697102
1,899100,0.9911318939253461
1,899200,0.9717249040963554
1,899300,0.97606314778802
1,899400,0.9911097846251036
1,899500,0.97606314778802
1,899600,0.9911097846251036
1,899700,0.9739339020438497
1,899800,0.9764086020605649
1,899900,0.9714676671735547
1,900000,0.9714676671735547
1,900100,0.9911097846251036
1,900200,0.9908966307356969
1,900300,0.9909896892046007
1,900400,0.9743399239102094
1,900500,0.9908966307356969
1,900600,0.9909896892046007
1,900700,0.9742662445035322
1,900800,0.9912650974010618
1,900900,0.9890609514167636
1,901000,0.991715114939683
1,901100,0.9922859970706237
1,901200,0.9909761627121553
1,901300,0.9916042446449997
1,901400,0.9720106239875885
1,901500,0.9899302150303044
1,901600,0.9727622099336407
1,901700,0.972427182317307
1,901800,0.9906627191988899
1,901900,0.9911599773256129
1,902000,0.9911599773256129
1,902100,0.9731340481769556
1,902200,0.9915995111019297
1,902300,0.9911599773256129
1,902400,0.9723843538413979
1,902500,0.9922101221925527
1,902600,0.9728495060720199
1,902700,0.9915995111019297
1,902800,0.9731340481769556
1,902900,0.9728495060720199
1,903000,0.9728495060720199
1,903100,0.9738827743205973
1,903200,0.9913219471119302
1,903300,0.9921050327236122
1,903400,0.9903023905022207
1,903500,0.9873958520073508
1,903600,0.9921861434473057
1,903700,0.9741907790546875
1,903800,0.9738827743205973
1,903900,0.9738827743205973
1,904000,0.9926340845645599
1,904100,0.9926340845645599
1,904200,0.9741907790546875
1,904300,0.9921941486531676
1,904400,0.9922375106072956
1,904500,0.9855957525159217
1,904600,0.9730839807167155
1,904700,0.9924750021622616
1,904800,0.992457855126991
1,904900,0.9926007002767931
1,905000,0.9819104266700823
1,905100,0.9730839807167155
1,905200,0.9916487231198834
1,905300,0.992465872973245
1,905400,0.9926862885255717
1,905500,0.9923674728841313
1,905600,0.9724838478582852
1,905700,0.9724838478582852
1,905800,0.9917057750904517
1,905900,0.9730839807167155
1,906000,0.9928951505319247
1,906100,0.992445797269805
1,906200,0.9732922608885305
1,906300,0.9726884815637457
1,906400,0.9903171869612909
1,906500,0.991043196619265
1,906600,0.9907203848225243
1,906700,0.9911097846251036
1,906800,0.9911097846251036
1,906900,0.9725260180960379
1,907000,0.9725260180960379
1,907100,0.9909144817205837
1,907200,0.9908970557712532
1,907300,0.9903171869612909
1,907400,0.9899247424284413
1,907500,0.9910360991860754
1,907600,0.9903171869612909
1,907700,0.9909170544180097
1,907800,0.9909170544180097
1,907900,0.9917057750904517
1,908000,0.9915995111019297
1,908100,0.9886591942776818
1,908200,0.9899498339128814
1,908300,0.991058702037004
1,908400,0.992445797269805
1,908500,0.9724838478582852
1,908600,0.9923674728841313
1,908700,0.9924750021622616
1,908800,0.9730839807167155
1,908900,0.9923674728841313
1,909000,0.992445797269805
1,909100,0.9724838478582852
1,909200,0.9738827743205973
1,909300,0.9921861434473057
1,909400,0.9921033383781461
1,909500,0.9921861434473057
1,909600,0.9921861434473057
1,909700,0.9924945747275488
1,909800,0.9913219471119302
1,909900,0.9913219471119302
1,910000,0.9919660519089862
1,910100,0.9913219471119302
1,910200,0.9913219471119302
1,910300,0.9913219471119302
1,910400,0.9921033383781461
1,910500,0.9914519358275571
1,910600,0.9914519358275571
1,910700,0.9914612659957613
1,910800,0.9928203880441762
1,910900,0.991287519659703
1,911000,0.9914519358275571
1,911100,0.991287519659703
1,911200,0.99096240084548
1,911300,0.9919183288871188
1,911400,0.9924945747275488
1,911500,0.9745976988768212
1,911600,0.9924945747275488
1,911700,0.9914612659957613
1,911800,0.9915883305905124
1,911900,0.9741936177745207
1,912000,0.9919183288871188
1,912100,0.9752132185773548
1,912200,0.991716776111227
1,912300,0.9916033604037721
1,912400,0.9748047937876351
1,912500,0.9912489592599313
1,912600,0.9923629140296363
1,912700,0.991287519659703
1,912800,0.9914612659957613
1,912900,0.9751509877438767
1,913000,0.9914519358275571
1,913100,0.9914612659957613
1,913200,0.9916298183630642
1,913300,0.9745040220159588
1,913400,0.9920205004678401
1,913500,0.9916298183630642
1,913600,0.9923629140296363
1,913700,0.9912489592599313
1,913800,0.9914762451605134
1,913900,0.9911334468650886
1,914000,0.9752132185773548
1,914100,0.9751583417486412
1,914200,0.9916033604037721
1,914300,0.9911334468650886
1,914400,0.9752132185773548
1,914500,0.991716776111227
1,914600,0.9748047937876351
1,914700,0.9841905242853447
1,914800,0.9914621492232958
1,914900,0.9914621492232958
1,915000,0.9909192414069956
1,915100,0.9913533229835956
1,915200,0.991716776111227
1,915300,0.9922358450003792
1,915400,0.9909192414069956
1,915500,0.9909993262692152
1,915600,0.9911334468650886
1,915700,0.9921600393659296
1,915800,0.9918768394749562
1,915900,0.9909192414069956
1,916000,0.9914762451605134
1,916100,0.9914612659957613
1,916200,0.991287519659703
1,916300,0.9921861434473057
1,916400,0.9921427767231751
1,916500,0.973885222649438
1,916600,0.9738089928774805
1,916700,0.9916487231198834
1,916800,0.9888606852316596
1,916900,0.9913219471119302
1,917000,0.973885222649438
1,917100,0.9921427767231751
1,917200,0.9743841428303847
1,917300,0.9915883305905124
1,917400,0.9923941753643194
1,917500,0.9916298183630642
1,917600,0.9915636841561668
1,917700,0.9915636841561668
1,917800,0.9751509877438767
1,917900,0.9911715745704601
1,918000,0.975480245558404
1,918100,0.990520868811923
1,918200,0.9909192414069956
1,918300,0.9748047937876351
1,918400,0.9913070123746303
1,918500,0.9913070123746303
1,918600,0.9913070123746303
1,918700,0.9833842273161076
1,918800,0.9728142913271834
1,918900,0.9894334493084983
1,919000,0.9923047540359461
1,919100,0.9925101111110751
1,919200,0.9923047540359461
1,919300,0.9925658279058514
1,919400,0.9835569107872949
1,919500,0.9924179915053366
1,919600,0.9926714543656626
1,919700,0.9923047540359461
1,919800,0.9730275550802544
1,919900,0.9822367927137442
1,920000,0.9926714543656626
1,920100,0.9930532798456275
1,920200,0.9928786498855042
1,920300,0.9929130012076142
1,920400,0.9929130012076142
1,920500,0.9919711747417616
1,920600,0.9887776238323444
1,920700,0.992418106703324
1,920800,0.992418106703324
1,920900,0.9732377384143647
1,921000,0.9888968059788839
1,921100,0.9925658279058514
1,921200,0.993012061275549
1,921300,0.9925276787091923
1,921400,0.9922388229910973
1,921500,0.9924671072430896
1,921600,0.9736494365808311
1,921700,0.9920222269051843
1,921800,0.9932242331193473
1,921900,0.9890483055049003
1,922000,0.9929934648973229
1,922100,0.984284783948153
1,922200,0.9926084922027626
1,922300,0.9927088980055353
1,922400,0.9927712266712584
1,922500,0.9927679027840601
1,922600,0.9889628490085485
1,922700,0.9889628490085485
1,922800,0.9922388229910973
1,922900,0.9927320418764585
1,923000,0.9927679027840601
1,923100,0.989163240361567
1,923200,0.9895788861957022
1,923300,0.9928382804567623
1,923400,0.9935131862038137
1,923500,0.9736494365808311
1,923600,0.9922388229910973
1,923700,0.9927320418764585
1,923800,0.9929130012076142
1,923900,0.9923818956400788
1,924000,0.9929309306074541
1,924100,0.9928853861362169
1,924200,0.9924940425814459
1,924300,0.9865456437960054
1,924400,0.9739485182852827
1,924500,0.9922178317306585
1,924600,0.9917628321551862
1,924700,0.9926084922027626
1,924800,0.991453960144474
1,924900,0.9924837378298234
1,925000,0.9927287193929255
1,925100,0.9924665734391692
1,925200,0.9928699344673639
1,925300,0.9922178317306585
1,925400,0.9743055735852703
1,925500,0.9922274501296477
1,925600,0.9922274501296477
1,925700,0.9922194394827577
1,925800,0.9918741412578774
1,925900,0.9925791754263275
1,926000,0.9922522978822242
1,926100,0.9922274501296477
1,926200,0.9922274501296477
1,926300,0.9928699344673639
1,926400,0.9743055735852703
1,926500,0.9922522978822242
1,926600,0.9922274501296477
1,926700,0.9925791754263275
1,926800,0.9874871064334082
1,926900,0.9894736412072854
1,927000,0.9925791754263275
1,927100,0.9872362451624798
1,927200,0.9919928083240941
1,927300,0.9922522978822242
1,927400,0.9920340645611873
1,927500,0.9922262447872645
1,927600,0.9920956736299021
1,927700,0.9920340645611873
1,927800,0.9929895160483249
1,927900,0.9920956736299021
1,928000,0.9920956736299021
1,928100,0.9933544289901522
1,928200,0.9930841120393972
1,928300,0.9928375738580704
1,928400,0.9930050974728177
1,928500,0.992854778285415
1,928600,0.9933498554642523
1,928700,0.9928678161425128
1,928800,0.9922262447872645
1,928900,0.9923527403741346
1,929000,0.9922522978822242
1,929100,0.9923754859235552
1,929200,0.9922125834292591
1,929300,0.9895729369818804
1,929400,0.9924655353671986
1,929500,0.9925791754263275
1,929600,0.9922194394827577
1,929700,0.9746586420104609
1,929800,0.9925365037386069
1,929900,0.9923599037600281
1,930000,0.9925365037386069
1,930100,0.9923599037600281
1,930200,0.9923599037600281
1,930300,0.9922388229910973
1,930400,0.9925276787091923
1,930500,0.9929309306074541
1,930600,0.9934098288537104
1,930700,0.9924940425814459
1,930800,0.9867393077521448
1,930900,0.992609641837903
1,931000,0.9935131862038137
1,931100,0.9923599037600281
1,931200,0.9891551525175083
1,931300,0.9925548661924158
1,931400,0.9892956745938489
1,931500,0.989745610172881
1,931600,0.9922286606552335
1,931700,0.9924665734391692
1,931800,0.9918741412578774
1,931900,0.9927287193929255
1,932000,0.9923526228006604
1,932100,0.9924837378298234
1,932200,0.9892477771511126
1,932300,0.9926742922031794
1,932400,0.9925276787091923
1,932500,0.988967130892999
1,932600,0.9926742922031794
1,932700,0.9923526228006604
1,932800,0.9924837378298234
1,932900,0.9833959793723933
1,933000,0.9923859836653515
1,933100,0.9925008855792744
1,933200,0.9929130012076142
1,933300,0.992418106703324
1,933400,0.9920507601820774
1,933500,0.992382194063849
1,933600,0.9925276787091923
1,933700,0.992418106703324
1,933800,0.9921243045108527
1,933900,0.9729872134071688
1,934000,0.990520868811923
1,934100,0.9909964090228907
1,934200,0.991682985124025
1,934300,0.9915543461874899
1,934400,0.9914621492232958
1,934500,0.9751583417486412
1,934600,0.9916960449597566
1,934700,0.9910475566001274
1,934800,0.975029482131519
1,934900,0.9912489592599313
1,935000,0.9912047896533007
1,935100,0.9909192414069956
1,935200,0.9909192414069956
1,935300,0.9909964090228907
1,935400,0.9909169201817896
1,935500,0.9757455041260972
1,935600,0.9892795522425758
1,935700,0.9914621492232958
1,935800,0.9914621492232958
1,935900,0.9913262049843131
1,936000,0.9910070106674916
1,936100,0.9911615723438908
1,936200,0.9906002215034325
1,936300,0.9750591612833758
1,936400,0.9906305246024708
1,936500,0.9913262049843131
1,936600,0.9912489592599313
1,936700,0.9891109715771367
1,936800,0.990811546674523
1,936900,0.9744767473440304
1,937000,0.9911121936241961
1,937100,0.9907951762966369
1,937200,0.9914341437342191
1,937300,0.98948926456219
1,937400,0.9738089928774805
1,937500,0.989118067052286
1,937600,0.9916487231198834
1,937700,0.991673656236226
1,937800,0.991287519659703
1,937900,0.9914519358275571
1,938000,0.9912478240205513
1,938100,0.989108604727392
1,938200,0.9912478240205513
1,938300,0.9744767473440304
1,938400,0.9744767473440304
1,938500,0.9911628057411082
1,938600,0.9899740926500308
1,938700,0.9914519358275571
1,938800,0.991287519659703
1,938900,0.9915619139466701
1,939000,0.9917438237767014
1,939100,0.975029482131519
1,939200,0.9914621492232958
1,939300,0.9913262049843131
1,939400,0.9909434435067043
1,939500,0.9750591612833758
1,939600,0.9915828903257393
1,939700,0.9911615723438908
1,939800,0.9747535281666031
1,939900,0.9911615723438908
1,940000,0.9911121936241961
1,940100,0.9740584090660527
1,940200,0.9913461106005567
1,940300,0.9733615235645817
1,940400,0.9740584090660527
1,940500,0.9913020860377213
1,940600,0.9740584090660527
1,940700,0.9914519358275571
1,940800,0.9910111346268815
1,940900,0.9916487231198834
1,941000,0.9736770873644336
1,941100,0.9729008377042895
1,941200,0.9726095123427335
1,941300,0.989892377299336
1,941400,0.989892377299336
1,941500,0.9895745712889115
1,941600,0.9718940276150689
1,941700,0.9748515549238754
1,941800,0.9901224438455476
1,941900,0.9899247424284413
1,942000,0.9722994664391904
1,942100,0.9900217281810308
1,942200,0.9724184876937476
1,942300,0.9724184876937476
1,942400,0.9744643872224316
1,942500,0.9717701757262618
1,942600,0.9707236736754311
1,942700,0.9763069963366724
1,942800,0.9703796929972406
1,942900,0.9903131570633628
1,943000,0.9903131570633628
1,943100,0.9903359351916514
1,943200,0.9746698698896914
1,943300,0.9743250250089885
1,943400,0.9907721185034266
1,943500,0.9742791704465624
1,943600,0.991085001555427
1,943700,0.991085001555427
1,943800,0.9733428566943856
1,943900,0.9889793419255567
1,944000,0.9737954192962497
1,944100,0.9737954192962497
1,944200,0.9887695808842174
1,944300,0.9893069951739527
1,944400,0.9890817893827288
1,944500,0.9893586002033173
1,944600,0.985951046625887
1,944700,0.990244769655164
1,944800,0.990244769655164
1,944900,0.9730742724011101
1,945000,0.9891587397486626
1,945100,0.9904304535736332
1,945200,0.9747032528787651
1,945300,0.9747032528787651
1,945400,0.9743877339083045
1,945500,0.9904304535736332
1,945600,0.9904304535736332
1,945700,0.9901627110565355
1,945800,0.9742884473558349
1,945900,0.9901627110565355
1,946000,0.9813869804205787
1,946100,0.9907721185034266
1,946200,0.9737546619561898
1,946300,0.9914077120996759
1,946400,0.9908581520099453
1,946500,0.9743877339083045
1,946600,0.9747032528787651
1,946700,0.9746698698896914
1,946800,0.9912377135472913
1,946900,0.991085001555427
1,947000,0.991085001555427
1,947100,0.9911594087899293
1,947200,0.9883655846541387
1,947300,0.9911461751954093
1,947400,0.9911461751954093
1,947500,0.9731377737608289
1,947600,0.990423348742983
1,947700,0.990423348742983
1,947800,0.990423348742983
1,947900,0.9907190846032925
1,948000,0.9903131570633628
1,948100,0.9753742916979553
1,948200,0.9885080865057554
1,948300,0.9708296050412467
1,948400,0.9757011313627988
1,948500,0.9901830383048158
1,948600,0.9908782853175924
1,948700,0.9843259923498758
1,948800,0.9899558857496942
1,948900,0.9703518573604192
1,949000,0.9912650974010618
1,949100,0.9889925471621615
1,949200,0.9708296050412467
1,949300,0.990423348742983
1,949400,0.9860813116234721
1,949500,0.971182772273994
1,949600,0.9912650974010618
1,949700,0.9708296050412467
1,949800,0.969864085874947
1,949900,0.9708296050412467
1,950000,0.9892300448540933
1,950100,0.990653501882206
1,950200,0.9718940276150689
1,950300,0.9894035138985884
1,950400,0.9913424786123742
1,950500,0.9718940276150689
1,950600,0.9718940276150689
1,950700,0.9910360991860754
1,950800,0.9727397049619297
1,950900,0.9727397049619297
1,951000,0.9910156598877148
1,951100,0.9910156598877148
1,951200,0.9726095123427335
1,951300,0.9923225978020788
1,951400,0.9888876165225479
1,951500,0.9916487231198834
1,951600,0.991679432880242
1,951700,0.991679432880242
1,951800,0.9922406421426251
1,951900,0.9727311252754411
1,952000,0.9732105590514508
1,952100,0.991673656236226
1,952200,0.9733759741597009
1,952300,0.9913457653395891
1,952400,0.9916487231198834
1,952500,0.9727311252754411
1,952600,0.991679432880242
1,952700,0.972972430010856
1,952800,0.9730839807167155
1,952900,0.9886184193943407
1,953000,0.9919095256355286
1,953100,0.9923674728841313
1,953200,0.9730839807167155
1,953300,0.9888876165225479
1,953400,0.991679432880242
1,953500,0.9916487231198834
1,953600,0.9732105590514508
1,953700,0.9834862646667589
1,953800,0.991673656236226
1,953900,0.9919660519089862
1,954000,0.9741736880077955
1,954100,0.9917240608811948
1,954200,0.9921427767231751
1,954300,0.9917438237767014
1,954400,0.9914519358275571
1,954500,0.991436759992453
1,954600,0.9911334468650886
1,954700,0.9913070123746303
1,954800,0.9882493587887595
1,954900,0.9837256115394035
1,955000,0.9751583417486412
1,955100,0.9750591612833758
1,955200,0.9911334468650886
1,955300,0.9912489592599313
1,955400,0.9916960449597566
1,955500,0.9752132185773548
1,955600,0.9916033604037721
1,955700,0.9752132185773548
1,955800,0.9913262049843131
1,955900,0.9868226687354446
1,956000,0.9911334468650886
1,956100,0.9914300167049429
1,956200,0.9909993262692152
1,956300,0.974392243755134
1,956400,0.9914762451605134
1,956500,0.9752132185773548
1,956600,0.9912489592599313
1,956700,0.9922587859368263
1,956800,0.9919831096802949
1,956900,0.9919596171631478
1,957000,0.9751583417486412
1,957100,0.9750542739221479
1,957200,0.9923941753643194
1,957300,0.974392243755134
1,957400,0.9751583417486412
1,957500,0.9879626376281205
1,957600,0.9757455041260972
1,957700,0.9911334468650886
1,957800,0.9752132185773548
1,957900,0.9913262049843131
1,958000,0.9911334468650886
1,958100,0.9914639274986302
1,958200,0.984298645962882
1,958300,0.9750542739221479
1,958400,0.9909085207421652
1,958500,0.9914306591409013
1,958600,0.9916960449597566
1,958700,0.9840858217078231
1,958800,0.991287519659703
1,958900,0.9741936177745207
1,959000,0.9922760954073025
1,959100,0.9924035371210536
1,959200,0.9917438237767014
1,959300,0.9917438237767014
1,959400,0.9917438237767014
1,959500,0.9922593204507967
1,959600,0.9837946526163109
1,959700,0.9922760954073025
1,959800,0.9918734567561527
1,959900,0.9922760954073025
1,960000,0.9914519358275571
1,960100,0.9917240608811948
1,960200,0.9917240608811948
1,960300,0.9737875118376419
1,960400,0.9926554692493141
1,960500,0.991673656236226
1,960600,0.989320427662718
1,960700,0.991673656236226
1,960800,0.9737875118376419
1,960900,0.9737875118376419
1,961000,0.9737875118376419
1,961100,0.9918734567561527
1,961200,0.9920122485490315
1,961300,0.9916033604037721
1,961400,0.9913262049843131
1,961500,0.974392243755134
1,961600,0.991712133387082
1,961700,0.9919596171631478
1,961800,0.9913262049843131
1,961900,0.9917412080643988
1,962000,0.9909085207421652
1,962100,0.9757455041260972
1,962200,0.9916251631453333
1,962300,0.9912047896533007
1,962400,0.9886730587957568
1,962500,0.9756659986320682
1,962600,0.9756283998780066
1,962700,0.9920333261410378
1,962800,0.9753723764652451
1,962900,0.9926754798370686
1,963000,0.9913089568236075
1,963100,0.9920436238561243
1,963200,0.990499546470019
1,963300,0.992935766079022
1,963400,0.9928299151647915
1,963500,0.9929401869733216
1,963600,0.9876010965483093
1,963700,0.9927562944496139
1,963800,0.9735225108837525
1,963900,0.9925438094349666
1,964000,0.9924837378298234
1,964100,0.9926084922027626
1,964200,0.9924217092061697
1,964300,0.9924837378298234
1,964400,0.992053120178744
1,964500,0.9922952688682908
1,964600,0.9878641584630904
1,964700,0.9918683384802138
1,964800,0.9876674100332619
1,964900,0.9924148511456199
1,965000,0.9890225826271041
1,965100,0.9921915949613367
1,965200,0.9923738391747111
1,965300,0.9890225826271041
1,965400,0.9739485182852827
1,965500,0.9924837378298234
1,965600,0.9921884713890244
1,965700,0.9927679027840601
1,965800,0.9736494365808311
1,965900,0.9923598276000167
1,966000,0.9925276787091923
1,966100,0.9927320418764585
1,966200,0.9730432087721917
1,966300,0.9733155713121443
1,966400,0.9924837378298234
1,966500,0.9922178317306585
1,966600,0.9916904096097044
1,966700,0.9916904096097044
1,966800,0.9927765349786197
1,966900,0.9919384891175086
1,967000,0.9891782838626726
1,967100,0.9914541095601521
1,967200,0.9914234588275448
1,967300,0.992134942783963
1,967400,0.9916904096097044
1,967500,0.9891775552242619
1,967600,0.9920320294911091
1,967700,0.9923266966250995
1,967800,0.9918284456476624
1,967900,0.9923266966250995
1,968000,0.9915865497373855
1,968100,0.9888481605441257
1,968200,0.9925276787091923
1,968300,0.9919226826652612
1,968400,0.9922809393534888
1,968500,0.9919123692065337
1,968600,0.9732338156542558
1,968700,0.9919226826652612
1,968800,0.9923598276000167
1,968900,0.9925438094349666
1,969000,0.992256091288064
1,969100,0.9918284456476624
1,969200,0.9733036959817029
1,969300,0.9884587400314214
1,969400,0.9922809393534888
1,969500,0.9919198323862833
1,969600,0.9724694822895164
1,969700,0.972515212905046
1,969800,0.9915675323115609
1,969900,0.975480245558404
1,970000,0.9913070123746303
1,970100,0.9906531223548046
1,970200,0.9752132185773548
1,970300,0.9921600393659296
1,970400,0.9919854152518492
1,970500,0.9921530762277961
1,970600,0.9728944555553153
1,970700,0.9921600393659296
1,970800,0.9920436238561243
1,970900,0.9925658279058514
1,971000,0.9928299151647915
1,971100,0.992771100271342
1,971200,0.9728944555553153
1,971300,0.9728944555553153
1,971400,0.9911696281196445
1,971500,0.975480245558404
1,971600,0.9912047896533007
1,971700,0.9920333261410378
1,971800,0.9920436238561243
1,971900,0.992771100271342
1,972000,0.9915675323115609
1,972100,0.9760753304426026
1,972200,0.991850709194005
1,972300,0.9752132185773548
1,972400,0.9913262049843131
1,972500,0.9741936177745207
1,972600,0.991673656236226
1,972700,0.9926136860540676
1,972800,0.9919544065672831
1,972900,0.9916487231198834
1,973000,0.9916487231198834
1,973100,0.9916487231198834
1,973200,0.9924750021622616
1,973300,0.9926007002767931
1,973400,0.973155450608755
1,973500,0.973155450608755
1,973600,0.9925882451314
1,973700,0.9919190872210984
1,973800,0.9732922608885305
1,973900,0.9925882451314
1,974000,0.9926340845645599
1,974100,0.9875836994707591
1,974200,0.9922175366185594
1,974300,0.9920524615542005
1,974400,0.9922175366185594
1,974500,0.9738089928774805
1,974600,0.9919660519089862
1,974700,0.9917438237767014
1,974800,0.9918734567561527
1,974900,0.9919660519089862
1,975000,0.9926340845645599
1,975100,0.9909844799272156
1,975200,0.9887703640453018
1,975300,0.9927509808514277
1,975400,0.973155450608755
1,975500,0.9913687696796931
1,975600,0.973155450608755
1,975700,0.9891496153223607
1,975800,0.9926007002767931
1,975900,0.9924750021622616
1,976000,0.9928077652948447
1,976100,0.9728497596276223
1,976200,0.9732922608885305
1,976300,0.9928077652948447
1,976400,0.9916487231198834
1,976500,0.9919544065672831
1,976600,0.9922175366185594
1,976700,0.9732105590514508
1,976800,0.9924750021622616
1,976900,0.9921563626352462
1,977000,0.9928989785716091
1,977100,0.9887703640453018
1,977200,0.9921843632541365
1,977300,0.9730839807167155
1,977400,0.9919154629062616
1,977500,0.9926007002767931
1,977600,0.9728497596276223
1,977700,0.973155450608755
1,977800,0.9927328688833799
1,977900,0.9925151074726365
1,978000,0.991679432880242
1,978100,0.9927057605353307
1,978200,0.9741736880077955
1,978300,0.992793775319406
1,978400,0.9921033383781461
1,978500,0.9927057605353307
1,978600,0.992793775319406
1,978700,0.9894281910090877
1,978800,0.9921033383781461
1,978900,0.9921427767231751
1,979000,0.9880070774549201
1,979100,0.9927057605353307
1,979200,0.9728868833880759
1,979300,0.9916526922216948
1,979400,0.992793775319406
1,979500,0.9927057605353307
1,979600,0.9923504665664624
1,979700,0.9734701490331674
1,979800,0.992793775319406
1,979900,0.9734701490331674
1,980000,0.9734701490331674
1,980100,0.9916487231198834
1,980200,0.992793775319406
1,980300,0.9926340845645599
1,980400,0.9860952996078777
1,980500,0.9926656186331648
1,980600,0.9926383122216893
1,980700,0.992776142681737
1,980800,0.9728497596276223
1,980900,0.992776142681737
1,981000,0.9928951505319247
1,981100,0.9928989785716091
1,981200,0.9928989785716091
1,981300,0.9727379539339128
1,981400,0.9885158278415899
1,981500,0.9727379539339128
1,981600,0.9904728552756547
1,981700,0.9837085137025755
1,981800,0.9904728552756547
1,981900,0.972347932803534
1,982000,0.9904728552756547
1,982100,0.9904728552756547
1,982200,0.9888423651263257
1,982300,0.972347932803534
1,982400,0.989418946773294
1,982500,0.9721899407465318
1,982600,0.9913424786123742
1,982700,0.9727622099336407
1,982800,0.9729597310284039
1,982900,0.9920359308248383
1,983000,0.9829766558613078
1,983100,0.9919160697432579
1,983200,0.9910360991860754
1,983300,0.9920903023865298
1,983400,0.9722279893618052
1,983500,0.991265938443834
1,983600,0.9910284768627523
1,983700,0.9729597310284039
1,983800,0.9910360991860754
1,983900,0.9913424786123742
1,984000,0.9919272136074689
1,984100,0.9914322835596211
1,984200,0.9915670660292553
1,984300,0.971004694809214
1,984400,0.9916682530102241
1,984500,0.9922539382971872
1,984600,0.9913424786123742
1,984700,0.9845875526217072
1,984800,0.9765833429570978
1,984900,0.9717347394810325
1,985000,0.9922539382971872
1,985100,0.9744643872224316
1,985200,0.9910360991860754
1,985300,0.9910360991860754
1,985400,0.9913424786123742
1,985500,0.9720891832296276
1,985600,0.986041132205656
1,985700,0.9913097002403506
1,985800,0.9920045147746492
1,985900,0.9913097002403506
1,986000,0.9919160697432579
1,986100,0.9898183917425536
1,986200,0.9919160697432579
1,986300,0.98613147626351
1,986400,0.9896138287358811
1,986500,0.991658704139641
1,986600,0.9723779784164509
1,986700,0.9729272937564691
1,986800,0.9928254792084183
1,986900,0.9925697418764897
1,987000,0.9925697418764897
1,987100,0.9929575013462658
1,987200,0.993031077146451
1,987300,0.9736347477971641
1,987400,0.9732546871528389
1,987500,0.9841517979858707
1,987600,0.9913097002403506
1,987700,0.9898183917425536
1,987800,0.9913097002403506
1,987900,0.9723695396137874
1,988000,0.9913097002403506
1,988100,0.9888796674623261
1,988200,0.9727491651167833
1,988300,0.9913233563085823
1,988400,0.9720891832296276
1,988500,0.9913424786123742
1,988600,0.9913233563085823
1,988700,0.9922539382971872
1,988800,0.9726560333658736
1,988900,0.9748611283120473
1,989000,0.9831381968831492
1,989100,0.9910648344573275
1,989200,0.991658704139641
1,989300,0.9829325352018651
1,989400,0.9723236577517688
1,989500,0.9728101204196247
1,989600,0.9730990719381645
1,989700,0.9918071644469052
1,989800,0.9730468618960099
1,989900,0.9730468618960099
1,990000,0.9739296543055531
1,990100,0.9920881823428512
1,990200,0.9920881823428512
1,990300,0.9897365271122768
1,990400,0.9918339181244936
1,990500,0.992793775319406
1,990600,0.9919451341105753
1,990700,0.9927057605353307
1,990800,0.9925851063812503
1,990900,0.9735955942677672
1,991000,0.9923596583017281
1,991100,0.9735955942677672
1,991200,0.986242955001093
1,991300,0.9927057605353307
1,991400,0.9742643980698913
1,991500,0.9926308236514505
1,991600,0.9928749345812752
1,991700,0.993183177694861
1,991800,0.9921427767231751
1,991900,0.9928749345812752
1,992000,0.9925034049029274
1,992100,0.9745040220159588
1,992200,0.9927447747760867
1,992300,0.9925034049029274
1,992400,0.9926403059026858
1,992500,0.9923784934117359
1,992600,0.9923629140296363
1,992700,0.9923629140296363
1,992800,0.9916033604037721
1,992900,0.9928749345812752
1,993000,0.9923596583017281
1,993100,0.9927057605353307
1,993200,0.9921427767231751
1,993300,0.9742643980698913
1,993400,0.9921427767231751
1,993500,0.9922223410159382
1,993600,0.9745040220159588
1,993700,0.9925034049029274
1,993800,0.9921038210606079
1,993900,0.9925034049029274
1,994000,0.9921347909574882
1,994100,0.9916033604037721
1,994200,0.9919340714346255
1,994300,0.9840985208862423
1,994400,0.9924455003889143
1,994500,0.9912489592599313
1,994600,0.9725767687812374
1,994700,0.9915334918249098
1,994800,0.9915334918249098
1,994900,0.991409458349263
1,995000,0.9725767687812374
1,995100,0.9916051775517926
1,995200,0.9920597004850835
1,995300,0.9908006917928149
1,995400,0.9725767687812374
1,995500,0.9920802218618534
1,995600,0.9915334918249098
1,995700,0.9754343036838415
1,995800,0.991166779818242
1,995900,0.9918783604383209
1,996000,0.9918079070817936
1,996100,0.9916033604037721
1,996200,0.9916033604037721
1,996300,0.9922869407631286
1,996400,0.9920802218618534
1,996500,0.9725388910158035
1,996600,0.9918712924864489
1,996700,0.9725388910158035
1,996800,0.991850709194005
1,996900,0.9900235419978292
1,997000,0.9926633216552819
1,997100,0.9932497930214274
1,997200,0.9932784335346324
1,997300,0.9925438094349666
1,997400,0.9926714543656626
1,997500,0.9859867641277554
1,997600,0.9922436545174141
1,997700,0.9923436201306122
1,997800,0.9930903666129389
1,997900,0.9921530762277961
1,998000,0.9727577619816223
1,998100,0.9733234467646499
1,998200,0.9928793775976023
1,998300,0.9885067977390062
1,998400,0.9923436201306122
1,998500,0.9922436545174141
1,998600,0.9921530762277961
1,998700,0.9928845893762688
1,998800,0.991409458349263
1,998900,0.991850709194005
1,999000,0.991166779818242
1,999100,0.9922436545174141
1,999200,0.9921530762277961
1,999300,0.993454657337231
1,999400,0.9930194179826192
1,999500,0.9922436545174141
1,999600,0.992279695168202
1,999700,0.9928845893762688
1,999800,0.9725767687812374
1,999900,0.9925994528772486
2,0,0.9914893645303045
2,100,0.9923665887478863
2,200,0.9754495090802224
2,300,0.9918712924865779
2,400,0.975213218577531
2,500,0.9923629140297032
2,600,0.9840475690383896
2,700,0.9927583384235472
2,800,0.9745040220160246
2,900,0.9839911726035467
2,1000,0.9745040220160246
2,1100,0.9749001615785455
2,1200,0.9928749345813161
2,1300,0.9926584819662083
2,1400,0.9923784934118139
2,1500,0.9745199191818011
2,1600,0.9745199191818011
2,1700,0.9918507091941271
2,1800,0.9725388910160414
2,1900,0.9918712924865779
2,2000,0.9919721175042325
2,2100,0.9922436545173333
2,2200,0.9919721175042325
2,2300,0.9921530762277267
2,2400,0.9927114624727775
2,2500,0.9935131862037964
2,2600,0.9931890858883657
2,2700,0.9933555798519619
2,2800,0.9924181067032501
2,2900,0.9922436545173333
2,3000,0.9927114624727775
2,3100,0.9935131862037964
2,3200,0.9931121175698631
2,3300,0.9926084922027425
2,3400,0.9922178317306432
2,3500,0.9929991581112185
2,3600,0.9927765349786026
2,3700,0.9928853861361998
2,3800,0.9888446517085863
2,3900,0.9927765349786026
2,4000,0.9887823626726042
2,4100,0.9926084922027425
2,4200,0.9923457001428238
2,4300,0.9923457001428238
2,4400,0.9935131862037964
2,4500,0.9935131862037964
2,4600,0.9732751453739532
2,4700,0.9932497930213475
2,4800,0.9924090832081857
2,4900,0.9886200627636093
2,5000,0.9927088980055162
2,5100,0.9927088980055162
2,5200,0.9927088980055162
2,5300,0.9928853861361998
2,5400,0.9927088980055162
2,5500,0.989460471140301
2,5600,0.9922194394827443
2,5700,0.9922194394827443
2,5800,0.9922178317306432
2,5900,0.9924713355969634
2,6000,0.9930426381208945
2,6100,0.9909161460497299
2,6200,0.9930426381208945
2,6300,0.9894159459322939
2,6400,0.9929871445896817
2,6500,0.9928853861361998
2,6600,0.9930747116052384
2,6700,0.9935131862037964
2,6800,0.9932242331193306
2,6900,0.9928853861361998
2,7000,0.9862641468188552
2,7100,0.9927114624727775
2,7200,0.9741732285748519
2,7300,0.9924984357815531
2,7400,0.9738436364971848
2,7500,0.9924746958241203
2,7600,0.9928808148543318
2,7700,0.9927088980055162
2,7800,0.9838082602566159
2,7900,0.9925438094348757
2,8000,0.9920210521365714
2,8100,0.9927114624727775
2,8200,0.9918880879833595
2,8300,0.9920295423580489
2,8400,0.9930205888684343
2,8500,0.9915782820089678
2,8600,0.9924090832081857
2,8700,0.9913780973032842
2,8800,0.9734985592282306
2,8900,0.9920456220437421
2,9000,0.9911667798181547
2,9100,0.9874058499990334
2,9200,0.9918507091941271
2,9300,0.9920802218619644
2,9400,0.9916609239212989
2,9500,0.9923629140297032
2,9600,0.9745040220160246
2,9700,0.9922593204508497
2,9800,0.9922593204508497
2,9900,0.9915583548269241
2,10000,0.9745040220160246
2,10100,0.992394175364388
2,10200,0.991873456756196
2,10300,0.9741736880078959
2,10400,0.991873456756196
2,10500,0.9924945747275536
2,10600,0.9923596583017174
2,10700,0.9922593204508497
2,10800,0.9923596583017174
2,10900,0.9924945747275536
2,11000,0.9745040220160246
2,11100,0.9921926068628227
2,11200,0.9716150966049937
2,11300,0.9914883511656009
2,11400,0.9757337945151016
2,11500,0.9911667798181547
2,11600,0.9919759869784125
2,11700,0.9894611509415654
2,11800,0.9754495090802224
2,11900,0.992129404882782
2,12000,0.9918489397554178
2,12100,0.9878146313329922
2,12200,0.9915655010654469
2,12300,0.9915655010654469
2,12400,0.9757337945151016
2,12500,0.9911667798181547
2,12600,0.9757337945151016
2,12700,0.9874058499990334
2,12800,0.9725388910160414
2,12900,0.9922657699694521
2,13000,0.9920802218619644
2,13100,0.9891883253489641
2,13200,0.9911667798181547
2,13300,0.9734985592282306
2,13400,0.991626366211837
2,13500,0.9911334468651883
2,13600,0.9920802218619644
2,13700,0.991116003523166
2,13800,0.9754495090802224
2,13900,0.9920624423317833
2,14000,0.9922657699694521
2,14100,0.9920624423317833
2,14200,0.9924321644933944
2,14300,0.992129404882782
2,14400,0.9923371033119117
2,14500,0.9920802218619644
2,14600,0.9921926068628227
2,14700,0.9922657699694521
2,14800,0.991626366211837
2,14900,0.9922056312922514
2,15000,0.9924321644933944
2,15100,0.9920771872827118
2,15200,0.9927410374922041
2,15300,0.9925377383483529
2,15400,0.9917042762993399
2,15500,0.9920771872827118
2,15600,0.9934546573371498
2,15700,0.9926350114884703
2,15800,0.9920295423580489
2,15900,0.9934876980566005
2,16000,0.9927856273443302
2,16100,0.9928022736841682
2,16200,0.9933420199048201
2,16300,0.993613190909276
2,16400,0.9930747116052384
2,16500,0.9926096418378823
2,16600,0.9933651572235721
2,16700,0.9930747116052384
2,16800,0.9931971485965215
2,16900,0.9928853861361998
2,17000,0.9929871445896817
2,17100,0.9928853861361998
2,17200,0.9931147036090712
2,17300,0.9934258089245185
2,17400,0.9928613293039797
2,17500,0.9928613293039797
2,17600,0.9934683630413919
2,17700,0.9933176888392748
2,17800,0.9932393098166805
2,17900,0.9933176888392748
2,18000,0.9934683630413919
2,18100,0.9931147036090712
2,18200,0.9749084037476556
2,18300,0.9749084037476556
2,18400,0.9933651572235721
2,18500,0.9933176888392748
2,18600,0.9931389443190264
2,18700,0.9934692143092712
2,18800,0.9934546573371498
2,18900,0.9929163182733757
2,19000,0.9736543200247177
2,19100,0.9839182057087432
2,19200,0.9926526488968549
2,19300,0.9897652988001222
2,19400,0.9930103354736917
2,19500,0.9731483538239494
2,19600,0.992874780798343
2,19700,0.986956380726725
2,19800,0.9760931040448331
2,19900,0.9759612312091343
2,20000,0.9923942743177397
2,20100,0.9927410374922041
2,20200,0.9922183584921028
2,20300,0.9927410374922041
2,20400,0.9930103354736917
2,20500,0.9927410374922041
2,20600,0.9924958173550662
2,20700,0.9924958007605879
2,20800,0.9926526488968549
2,20900,0.9908348596178453
2,21000,0.9935032652811892
2,21100,0.992874780798343
2,21200,0.9926773023793737
2,21300,0.9936204026218074
2,21400,0.9936204026218074
2,21500,0.9931389443190264
2,21600,0.9837343147132834
2,21700,0.9732822855434059
2,21800,0.9877964659717691
2,21900,0.9933310119255427
2,22000,0.9929051131588923
2,22100,0.9736596578357839
2,22200,0.9926714543655983
2,22300,0.9910619058511747
2,22400,0.9923942743177397
2,22500,0.9926773023793737
2,22600,0.9926504914682137
2,22700,0.9927410374922041
2,22800,0.9922734674795436
2,22900,0.9922734674795436
2,23000,0.9917072816637859
2,23100,0.991626366211837
2,23200,0.9924321644933944
2,23300,0.9749218947322928
2,23400,0.9926403059027541
2,23500,0.9913213668168087
2,23600,0.9745040220160246
2,23700,0.9921926068628227
2,23800,0.9751777218204463
2,23900,0.9917412080644996
2,24000,0.9914883511656009
2,24100,0.9918517092033429
2,24200,0.9913521649674899
2,24300,0.9908627695534397
2,24400,0.9922657699694521
2,24500,0.9922657699694521
2,24600,0.9842918584120277
2,24700,0.9922233267488261
2,24800,0.9922233267488261
2,24900,0.9922080637209494
2,25000,0.9913070123747451
2,25100,0.9922233267488261
2,25200,0.9915504325429416
2,25300,0.9913070123747451
2,25400,0.9924321644933944
2,25500,0.9922657699694521
2,25600,0.9760931040448331
2,25700,0.9922657699694521
2,25800,0.9922233267488261
2,25900,0.9760931040448331
2,26000,0.9763600868896091
2,26100,0.9917900061357916
2,26200,0.9754495090802224
2,26300,0.9754495090802224
2,26400,0.9924321644933944
2,26500,0.9924321644933944
2,26600,0.9924321644933944
2,26700,0.9917900061357916
2,26800,0.9917900061357916
2,26900,0.9922734674795436
2,27000,0.9922657699694521
2,27100,0.9922233267488261
2,27200,0.9752846297866473
2,27300,0.9920402330282933
2,27400,0.9921926068628227
2,27500,0.992119841988332
2,27600,0.9754495090802224
2,27700,0.9754495090802224
2,27800,0.9923363345980565
2,27900,0.9751777218204463
2,28000,0.9928797637926235
2,28100,0.9924170146274225
2,28200,0.9760931040448331
2,28300,0.9920624423317833
2,28400,0.9760931040448331
2,28500,0.9732195502926753
2,28600,0.9919713029861761
2,28700,0.9760931040448331
2,28800,0.9754495090802224
2,28900,0.9754495090802224
2,29000,0.991714800724545
2,29100,0.9922657699694521
2,29200,0.9920624423317833
2,29300,0.9922869407632494
2,29400,0.9924321644933944
2,29500,0.9895029331501282
2,29600,0.9924514219483118
2,29700,0.9759549533888509
2,29800,0.9759549533888509
2,29900,0.991714800724545
2,30000,0.9922205767712035
2,30100,0.9923363345980565
2,30200,0.9926403059027541
2,30300,0.9826857459924356
2,30400,0.9926017150952254
2,30500,0.9748731093708675
2,30600,0.9924945747275536
2,30700,0.993028752844296
2,30800,0.9923923291192033
2,30900,0.9922087335683987
2,31000,0.9918210472741513
2,31100,0.9732752827122351
2,31200,0.9896788631437933
2,31300,0.9922087335683987
2,31400,0.9923596583017174
2,31500,0.9925851063812561
2,31600,0.9924351277855634
2,31700,0.9928797637926235
2,31800,0.9929039845105944
2,31900,0.9922172231737859
2,32000,0.9923363345980565
2,32100,0.9924514219483118
2,32200,0.9924514219483118
2,32300,0.9924321644933944
2,32400,0.9922657699694521
2,32500,0.9874975383374294
2,32600,0.9924321644933944
2,32700,0.9924321644933944
2,32800,0.9760931040448331
2,32900,0.9917339132925707
2,33000,0.9918489397554178
2,33100,0.9891262707328614
2,33200,0.9921234181108026
2,33300,0.9920656395802773
2,33400,0.9875741503144241
2,33500,0.9918489397554178
2,33600,0.9921759369501044
2,33700,0.9918489397554178
2,33800,0.992874780798343
2,33900,0.9923459514552424
2,34000,0.9923459514552424
2,34100,0.9736426630235161
2,34200,0.9741966664756286
2,34300,0.992894729827231
2,34400,0.9933424133353499
2,34500,0.9931389443190264
2,34600,0.9920585761355877
2,34700,0.9923459514552424
2,34800,0.9918489397554178
2,34900,0.9915655010654469
2,35000,0.9922657699694521
2,35100,0.9919713029861761
2,35200,0.9837266291257893
2,35300,0.9920043557134088
2,35400,0.992874780798343
2,35500,0.9919998293606461
2,35600,0.9928534393345427
2,35700,0.9920043557134088
2,35800,0.9924321644933944
2,35900,0.9918869872701788
2,36000,0.9876403696797329
2,36100,0.9924464225051434
2,36200,0.9924464225051434
2,36300,0.9920624423317833
2,36400,0.9920656395802773
2,36500,0.9917042762993399
2,36600,0.9918489397554178
2,36700,0.9921234181108026
2,36800,0.9916582790233449
2,36900,0.9916582790233449
2,37000,0.9921744309167789
2,37100,0.9760931040448331
2,37200,0.9741956237791474
2,37300,0.9919254236778974
2,37400,0.9896447042615215
2,37500,0.991516734828454
2,37600,0.9919624665080925
2,37700,0.9911484053524187
2,37800,0.9760931040448331
2,37900,0.9874706805544545
2,38000,0.9760931040448331
2,38100,0.9760931040448331
2,38200,0.9733390127494878
2,38300,0.9921234181108026
2,38400,0.9919254236778974
2,38500,0.9918838667670493
2,38600,0.9919713029861761
2,38700,0.9920043557134088
2,38800,0.9919713029861761
2,38900,0.9908873668431712
2,39000,0.9918869872701788
2,39100,0.9919713029861761
2,39200,0.9916582790233449
2,39300,0.9836493719322806
2,39400,0.9759549533888509
2,39500,0.992026148167724
2,39600,0.9921926068628227
2,39700,0.9743246734828225
2,39800,0.9836695513422028
2,39900,0.9924995710449493
2,40000,0.9924945747275536
2,40100,0.9926345244166093
2,40200,0.9739564997296972
2,40300,0.9915199112250997
2,40400,0.9741398098027079
2,40500,0.9923269892429017
2,40600,0.9908792493123608
2,40700,0.9728174926943842
2,40800,0.9907847845772609
2,40900,0.9916608102487269
2,41000,0.9909765229832306
2,41100,0.975286563909528
2,41200,0.9727760842164322
2,41300,0.9916608102487269
2,41400,0.9899131093745189
2,41500,0.9908966307356751
2,41600,0.9915426515909539
2,41700,0.9911976788311319
2,41800,0.9894996150277817
2,41900,0.9913670284540832
2,42000,0.9912561652321534
2,42100,0.9893562744075373
2,42200,0.9728679618638298
2,42300,0.9912412387474548
2,42400,0.9729212406655867
2,42500,0.9731369658735101
2,42600,0.9912412387474548
2,42700,0.9913440763652547
2,42800,0.9757672210632156
2,42900,0.9901884397456353
2,43000,0.9758593438092378
2,43100,0.9913440763652547
2,43200,0.9913440763652547
2,43300,0.9758593438092378
2,43400,0.9908888391824501
2,43500,0.9908933068234219
2,43600,0.9919198146482886
2,43700,0.971811265646578
2,43800,0.9910262993776187
2,43900,0.9770500847464908
2,44000,0.9911976788311319
2,44100,0.9916024742895092
2,44200,0.9756377989512257
2,44300,0.9912412387474548
2,44400,0.9907847845772609
2,44500,0.973639732735864
2,44600,0.9908792493123608
2,44700,0.9743152016272163
2,44800,0.9894977967646578
2,44900,0.9888901832322365
2,45000,0.992413432319064
2,45100,0.9910034588998313
2,45200,0.9909780993652707
2,45300,0.973639732735864
2,45400,0.990594184664537
2,45500,0.9913644503341793
2,45600,0.9905716303382204
2,45700,0.9908811087932726
2,45800,0.9908811087932726
2,45900,0.9908811087932726
2,46000,0.9908811087932726
2,46100,0.9733600604113096
2,46200,0.973639732735864
2,46300,0.9737449677468442
2,46400,0.9745104532808998
2,46500,0.9913126645857828
2,46600,0.9741182250293559
2,46700,0.9914632950601534
2,46800,0.9917580530140978
2,46900,0.9916547161088645
2,47000,0.9744673554622402
2,47100,0.9924804358936643
2,47200,0.9928150839494181
2,47300,0.9915193166727269
2,47400,0.9747098413837543
2,47500,0.9739564997296972
2,47600,0.9925269891289734
2,47700,0.9921944766969781
2,47800,0.9916073550657496
2,47900,0.9744673554622402
2,48000,0.9923261196151811
2,48100,0.9916547161088645
2,48200,0.9739564997296972
2,48300,0.9921944766969781
2,48400,0.9836726364640709
2,48500,0.99219622158655
2,48600,0.9926784548771069
2,48700,0.9924804358936643
2,48800,0.9916073550657496
2,48900,0.9894020722027764
2,49000,0.9838841306561528
2,49100,0.9916073550657496
2,49200,0.9740182431217541
2,49300,0.9742322785545031
2,49400,0.9739564997296972
2,49500,0.9747730886989078
2,49600,0.9916073550657496
2,49700,0.9916684709372929
2,49800,0.9747730886989078
2,49900,0.9924995710449493
2,50000,0.9924995710449493
2,50100,0.9745606691894536
2,50200,0.9926784548771069
2,50300,0.9916793395190262
2,50400,0.9926345244166093
2,50500,0.9739564997296972
2,50600,0.9922388488546952
2,50700,0.9921314019137317
2,50800,0.9919757598478873
2,50900,0.9925617605206685
2,51000,0.9919757598478873
2,51100,0.9919757598478873
2,51200,0.9922399102370227
2,51300,0.9918346833833842
2,51400,0.9918346833833842
2,51500,0.9749766848800816
2,51600,0.9918432640213479
2,51700,0.9912573320046751
2,51800,0.9912184524811202
2,51900,0.9921314019137317
2,52000,0.9922388488546952
2,52100,0.9913835126629285
2,52200,0.9747052340878223
2,52300,0.9916763181480295
2,52400,0.9920636736478031
2,52500,0.9924995710449493
2,52600,0.9923429162530575
2,52700,0.99165513193339
2,52800,0.99165513193339
2,52900,0.9923894376246845
2,53000,0.9742338096302144
2,53100,0.9924995710449493
2,53200,0.9922388488546952
2,53300,0.9743969936317957
2,53400,0.9921314019137317
2,53500,0.9745606691894536
2,53600,0.9736389927523691
2,53700,0.9921033338390863
2,53800,0.9924028631032628
2,53900,0.9908767077042853
2,54000,0.9741879713798784
2,54100,0.9916073550657496
2,54200,0.9736389927523691
2,54300,0.9917993703189848
2,54400,0.9917993703189848
2,54500,0.9872782994792692
2,54600,0.9919447497736973
2,54700,0.9742322785545031
2,54800,0.9742322785545031
2,54900,0.9904994740965734
2,55000,0.9736891905327207
2,55100,0.9742322785545031
2,55200,0.990134029483646
2,55300,0.9910938057394671
2,55400,0.9894723203503135
2,55500,0.9905716303382204
2,55600,0.973639732735864
2,55700,0.9904537085121173
2,55800,0.9888564922792029
2,55900,0.9909775633642337
2,56000,0.9732133276250801
2,56100,0.9731685144167982
2,56200,0.9908271699384082
2,56300,0.990563888587529
2,56400,0.9903467706713851
2,56500,0.9903144805885205
2,56600,0.9838930619626134
2,56700,0.9893364096934691
2,56800,0.9901754889398265
2,56900,0.9725348044740298
2,57000,0.9910203776829791
2,57100,0.9713353258296238
2,57200,0.9905157070435764
2,57300,0.9740488591588802
2,57400,0.9714359900898585
2,57500,0.9919776559839091
2,57600,0.9916552859052978
2,57700,0.9714359900898585
2,57800,0.9916109395354731
2,57900,0.9714359900898585
2,58000,0.9757772479773384
2,58100,0.9761040738317464
2,58200,0.9892214830165962
2,58300,0.9916109395354731
2,58400,0.9911800790513733
2,58500,0.9911693904768845
2,58600,0.9911693904768845
2,58700,0.9908043806766264
2,58800,0.9892830404605183
2,58900,0.9897462897326241
2,59000,0.9896798222524835
2,59100,0.9888783062566766
2,59200,0.9897181137293574
2,59300,0.9896798222524835
2,59400,0.9897462897326241
2,59500,0.9889770900006202
2,59600,0.989968236770582
2,59700,0.989968236770582
2,59800,0.9897462897326241
2,59900,0.9743862163003987
2,60000,0.9892830404605183
2,60100,0.9749554392809232
2,60200,0.9749554392809232
2,60300,0.9888783062566766
2,60400,0.9908417346557262
2,60500,0.9909290580375749
2,60600,0.9908043806766264
2,60700,0.9908043806766264
2,60800,0.9906281767566536
2,60900,0.9911510194713771
2,61000,0.9911510194713771
2,61100,0.9911693904768845
2,61200,0.9714359900898585
2,61300,0.9907122985693025
2,61400,0.9831970385356923
2,61500,0.9757772479773384
2,61600,0.9911693904768845
2,61700,0.9714359900898585
2,61800,0.9916520006814864
2,61900,0.9714676671735257
2,62000,0.9761040738317464
2,62100,0.9891072898032129
2,62200,0.9916552859052978
2,62300,0.9909873445275726
2,62400,0.9757772479773384
2,62500,0.9919584121534655
2,62600,0.9916520006814864
2,62700,0.9743942578370793
2,62800,0.9917913593209068
2,62900,0.9917913593209068
2,63000,0.9917913593209068
2,63100,0.9892420582130943
2,63200,0.9899219664214565
2,63300,0.9887578364135475
2,63400,0.9726381123261496
2,63500,0.991095232131616
2,63600,0.991095232131616
2,63700,0.9909281373071205
2,63800,0.9726890898946807
2,63900,0.9721616422275986
2,64000,0.991400201032254
2,64100,0.9915517130093376
2,64200,0.9730117100648652
2,64300,0.991400201032254
2,64400,0.9906731187578105
2,64500,0.9908271699384082
2,64600,0.9915850511732681
2,64700,0.991095232131616
2,64800,0.9726890898946807
2,64900,0.9911723440187716
2,65000,0.9714676671735257
2,65100,0.9721616422275986
2,65200,0.9747093965982935
2,65300,0.9827380510946925
2,65400,0.9908920439627962
2,65500,0.9749071149306129
2,65600,0.9897874535224892
2,65700,0.9908271699384082
2,65800,0.9726381123261496
2,65900,0.9830357214376872
2,66000,0.990563888587529
2,66100,0.9726381123261496
2,66200,0.991095232131616
2,66300,0.9894996150277817
2,66400,0.976697358641721
2,66500,0.9908920439627962
2,66600,0.9908271699384082
2,66700,0.9731685144167982
2,66800,0.9909775633642337
2,66900,0.9731685144167982
2,67000,0.9900342115708612
2,67100,0.9891679443432477
2,67200,0.991482165491304
2,67300,0.973639732735864
2,67400,0.9737870901792506
2,67500,0.9926710177863768
2,67600,0.9923917230282586
2,67700,0.9742703144966577
2,67800,0.9926786753189477
2,67900,0.9926786753189477
2,68000,0.9742703144966577
2,68100,0.9919397772757851
2,68200,0.9742338096302144
2,68300,0.9923091317320392
2,68400,0.9918514325407064
2,68500,0.9737870901792506
2,68600,0.9732070597852169
2,68700,0.9908811087932726
2,68800,0.9759492904155432
2,68900,0.9908271699384082
2,69000,0.9761700890000016
2,69100,0.9915427017985254
2,69200,0.98331222228886
2,69300,0.9912135124514128
2,69400,0.9908271699384082
2,69500,0.9908811087932726
2,69600,0.9743275681889919
2,69700,0.991372574840438
2,69800,0.9737870901792506
2,69900,0.9740182431217541
2,70000,0.9734830195387012
2,70100,0.991372574840438
2,70200,0.991482165491304
2,70300,0.9914045761129269
2,70400,0.9740182431217541
2,70500,0.985907465259953
2,70600,0.9905716303382204
2,70700,0.9737870901792506
2,70800,0.9903009324982118
2,70900,0.9903507274911674
2,71000,0.9731685144167982
2,71100,0.9737004311793579
2,71200,0.9902989546324478
2,71300,0.9893361222452601
2,71400,0.991400201032254
2,71500,0.9920085530102387
2,71600,0.9915227341740369
2,71700,0.991095232131616
2,71800,0.9912135124514128
2,71900,0.9904907306132297
2,72000,0.9761700890000016
2,72100,0.9733700226972698
2,72200,0.9922079174208435
2,72300,0.9882570314996685
2,72400,0.9896164504196169
2,72500,0.9916073550657496
2,72600,0.9909961914942059
2,72700,0.9742322785545031
2,72800,0.983988085858322
2,72900,0.9740182431217541
2,73000,0.9914045761129269
2,73100,0.9742322785545031
2,73200,0.989507316779757
2,73300,0.9905716303382204
2,73400,0.9733700226972698
2,73500,0.9900342115708612
2,73600,0.973639732735864
2,73700,0.9904537085121173
2,73800,0.9905716303382204
2,73900,0.989507316779757
2,74000,0.9908811087932726
2,74100,0.9905716303382204
2,74200,0.9905716303382204
2,74300,0.9906764951279372
2,74400,0.9741879713798784
2,74500,0.9905716303382204
2,74600,0.9905716303382204
2,74700,0.9903507274911674
2,74800,0.9908811087932726
2,74900,0.973639732735864
2,75000,0.9905716303382204
2,75100,0.9737004311793579
2,75200,0.9895288910021274
2,75300,0.9915427017985254
2,75400,0.9904537085121173
2,75500,0.9905716303382204
2,75600,0.9905716303382204
2,75700,0.9908811087932726
2,75800,0.9908811087932726
2,75900,0.9758535940137287
2,76000,0.9757780464091675
2,76100,0.9757780464091675
2,76200,0.9910294059664948
2,76300,0.9758535940137287
2,76400,0.990594184664537
2,76500,0.9900342115708612
2,76600,0.990594184664537
2,76700,0.990594184664537
2,76800,0.9915024164202739
2,76900,0.9908271699384082
2,77000,0.9908271699384082
2,77100,0.991095232131616
2,77200,0.9915227341740369
2,77300,0.9906591122683985
2,77400,0.9726890898946807
2,77500,0.9908271699384082
2,77600,0.9908271699384082
2,77700,0.9908271699384082
2,77800,0.9912135124514128
2,77900,0.9908811087932726
2,78000,0.9734723147744789
2,78100,0.9905716303382204
2,78200,0.973639732735864
2,78300,0.9913684606743188
2,78400,0.9912135124514128
2,78500,0.9914429934125569
2,78600,0.9908271699384082
2,78700,0.9734723147744789
2,78800,0.9842595609926652
2,78900,0.9903507274911674
2,79000,0.9903507274911674
2,79100,0.973639732735864
2,79200,0.9905716303382204
2,79300,0.9912431565053145
2,79400,0.9740182431217541
2,79500,0.9906764951279372
2,79600,0.9916547161088645
2,79700,0.9904537085121173
2,79800,0.990795728875114
2,79900,0.9838841306561528
2,80000,0.9927622263810746
2,80100,0.9747052340878223
2,80200,0.9745606691894536
2,80300,0.9745606691894536
2,80400,0.9921260565961306
2,80500,0.9749766848800816
2,80600,0.9749766848800816
2,80700,0.9916763181480295
2,80800,0.9755511553578886
2,80900,0.9755511553578886
2,81000,0.9926322439132053
2,81100,0.9756082674173163
2,81200,0.9921581708031488
2,81300,0.9924498435917981
2,81400,0.9759549533888509
2,81500,0.9920843313729194
2,81600,0.9920843313729194
2,81700,0.9917976492636684
2,81800,0.9759071489405906
2,81900,0.9913458580294155
2,82000,0.9925687649626345
2,82100,0.98742135322121
2,82200,0.9925326222662678
2,82300,0.9925326222662678
2,82400,0.992792276551235
2,82500,0.9927012338822876
2,82600,0.9737445189994399
2,82700,0.9746830649775149
2,82800,0.9925425033012748
2,82900,0.9919426495271042
2,83000,0.9919426495271042
2,83100,0.9915044975250306
2,83200,0.9921943000817327
2,83300,0.9759071489405906
2,83400,0.9914801427735147
2,83500,0.9916890497346906
2,83600,0.9765894834179748
2,83700,0.9915044975250306
2,83800,0.9917464097860987
2,83900,0.9917441953095663
2,84000,0.9916890497346906
2,84100,0.9926441537137083
2,84200,0.9922222025790164
2,84300,0.9918852455155067
2,84400,0.99001407511533
2,84500,0.988960998871129
2,84600,0.9881407397465318
2,84700,0.993035053600005
2,84800,0.9928411519576578
2,84900,0.9931215755154026
2,85000,0.9922352066658642
2,85100,0.9917618674967839
2,85200,0.9917441953095663
2,85300,0.9917441953095663
2,85400,0.9917618674967839
2,85500,0.9926666277358
2,85600,0.9926666277358
2,85700,0.9926870621054171
2,85800,0.9922352066658642
2,85900,0.9916890497346906
2,86000,0.977417273035559
2,86100,0.9738297921388125
2,86200,0.993009302406092
2,86300,0.9875824821203422
2,86400,0.9925583355870432
2,86500,0.9918599120002334
2,86600,0.9926441537137083
2,86700,0.9899177687473057
2,86800,0.9920043557134088
2,86900,0.9923871319517956
2,87000,0.9770392317407844
2,87100,0.9925300762700744
2,87200,0.9738297921388125
2,87300,0.9926400754088294
2,87400,0.9927012338822876
2,87500,0.9927012338822876
2,87600,0.9901963874727296
2,87700,0.9926666277358
2,87800,0.9926666277358
2,87900,0.9917401243792617
2,88000,0.9926666277358
2,88100,0.9915908593556787
2,88200,0.9900750319109438
2,88300,0.991585108393952
2,88400,0.991585108393952
2,88500,0.993009302406092
2,88600,0.9766034390317186
2,88700,0.9839489805882767
2,88800,0.9766034390317186
2,88900,0.9927012338822876
2,89000,0.9914137466564877
2,89100,0.9917441953095663
2,89200,0.9925583355870432
2,89300,0.9918730854119182
2,89400,0.991584785554867
2,89500,0.9900750319109438
2,89600,0.9916890497346906
2,89700,0.976160011381822
2,89800,0.9913458580294155
2,89900,0.9917618674967839
2,90000,0.9917441953095663
2,90100,0.991903280328187
2,90200,0.9917618674967839
2,90300,0.991585108393952
2,90400,0.9915908593556787
2,90500,0.9740812989403935
2,90600,0.990997889166808
2,90700,0.9913458580294155
2,90800,0.9759071489405906
2,90900,0.991985564218164
2,91000,0.9918118283116956
2,91100,0.9918387815465869
2,91200,0.9918387815465869
2,91300,0.9911659551009879
2,91400,0.9916890497346906
2,91500,0.9913458580294155
2,91600,0.991585108393952
2,91700,0.9912528215644676
2,91800,0.976160011381822
2,91900,0.9920843313729194
2,92000,0.9917441953095663
2,92100,0.9913180387127596
2,92200,0.9916890497346906
2,92300,0.9911920927145488
2,92400,0.9916530783240932
2,92500,0.9761518600249762
2,92600,0.9916890497346906
2,92700,0.9917441953095663
2,92800,0.9925583355870432
2,92900,0.9923713242816328
2,93000,0.9901963874727296
2,93100,0.9921663176597962
2,93200,0.9918730854119182
2,93300,0.9918736165383804
2,93400,0.9916890497346906
2,93500,0.9917441953095663
2,93600,0.9765894834179748
2,93700,0.9916468464633449
2,93800,0.9741456872555023
2,93900,0.9921663176597962
2,94000,0.9925583355870432
2,94100,0.9891977358705673
2,94200,0.9917618674967839
2,94300,0.9917441953095663
2,94400,0.9767804525705506
2,94500,0.9871256382915837
2,94600,0.9916530783240932
2,94700,0.991827736617826
2,94800,0.9921789599796208
2,94900,0.9872212689457599
2,95000,0.9926781126604779
2,95100,0.975384549211187
2,95200,0.991771645994453
2,95300,0.9921245394306206
2,95400,0.991771645994453
2,95500,0.9923325075614093
2,95600,0.9841408615337331
2,95700,0.9752778720697539
2,95800,0.9921314019137317
2,95900,0.9747052340878223
2,96000,0.9921314019137317
2,96100,0.991771645994453
2,96200,0.9918247871269831
2,96300,0.9924498435917981
2,96400,0.9759071489405906
2,96500,0.9920986371739923
2,96600,0.9923836390875985
2,96700,0.9748631582975246
2,96800,0.9923836390875985
2,96900,0.9921789599796208
2,97000,0.9916872278598183
2,97100,0.9916763181480295
2,97200,0.9914845739362548
2,97300,0.9921314019137317
2,97400,0.9739063432054109
2,97500,0.9921314019137317
2,97600,0.9746066117055854
2,97700,0.9923641193506431
2,97800,0.9921245394306206
2,97900,0.9923641193506431
2,98000,0.9923325075614093
2,98100,0.9928813053141566
2,98200,0.9759071489405906
2,98300,0.9919624665080925
2,98400,0.9928813053141566
2,98500,0.9920986371739923
2,98600,0.9759071489405906
2,98700,0.9921292095918938
2,98800,0.9920986371739923
2,98900,0.9751108601463635
2,99000,0.9918387815465869
2,99100,0.9920719237269358
2,99200,0.9919757598478873
2,99300,0.9888208210280365
2,99400,0.9920986371739923
2,99500,0.9919757598478873
2,99600,0.9748631582975246
2,99700,0.9752778720697539
2,99800,0.9919757598478873
2,99900,0.9919757598478873
2,100000,0.9916872278598183
2,100100,0.9918247871269831
2,100200,0.9923325075614093
2,100300,0.9746066117055854
2,100400,0.992220173155102
2,100500,0.993012238390203
2,100600,0.9920585973011845
2,100700,0.9911637262782467
2,100800,0.9833894955661237
2,100900,0.9739776050898932
2,101000,0.9909331743369513
2,101100,0.9920585973011845
2,101200,0.9877226004098022
2,101300,0.9928894272732328
2,101400,0.9739063432054109
2,101500,0.9921314019137317
2,101600,0.9752778720697539
2,101700,0.9918247871269831
2,101800,0.9744648911446823
2,101900,0.9919226210349258
2,102000,0.9742965741177644
2,102100,0.9919226210349258
2,102200,0.9916872278598183
2,102300,0.9871448339804689
2,102400,0.9916872278598183
2,102500,0.9918892249621633
2,102600,0.9921906826327704
2,102700,0.9919757598478873
2,102800,0.9918247871269831
2,102900,0.9749766848800816
2,103000,0.9921789599796208
2,103100,0.9921789599796208
2,103200,0.9918387815465869
2,103300,0.9921789599796208
2,103400,0.9917577539973363
2,103500,0.9759071489405906
2,103600,0.9752558870884706
2,103700,0.9921292095918938
2,103800,0.9923836390875985
2,103900,0.9923353074876153
2,104000,0.9836263016743549
2,104100,0.9739063432054109
2,104200,0.9744648911446823
2,104300,0.9918441848097599
2,104400,0.9748631582975246
2,104500,0.9925567246934591
2,104600,0.9923641193506431
2,104700,0.9744648911446823
2,104800,0.9919226210349258
2,104900,0.9747052340878223
2,105000,0.9748631582975246
2,105100,0.9923641193506431
2,105200,0.9921189347352581
2,105300,0.9921189347352581
2,105400,0.9924771089073868
2,105500,0.9902420373347057
2,105600,0.9914074083434868
2,105700,0.9744118907256313
2,105800,0.9930306485692142
2,105900,0.9920585973011845
2,106000,0.9923641193506431
2,106100,0.9926270405304035
2,106200,0.9744118907256313
2,106300,0.9744118907256313
2,106400,0.991771645994453
2,106500,0.9919447497736973
2,106600,0.9744118907256313
2,106700,0.993012238390203
2,106800,0.992802118895713
2,106900,0.9921245394306206
2,107000,0.9916528724291866
2,107100,0.9739063432054109
2,107200,0.9739776050898932
2,107300,0.9911637262782467
2,107400,0.9919447497736973
2,107500,0.991771645994453
2,107600,0.9916763181480295
2,107700,0.9916763181480295
2,107800,0.9921314019137317
2,107900,0.9838813687106044
2,108000,0.9866375004462968
2,108100,0.9909813218284521
2,108200,0.9916494628406476
2,108300,0.9924803036320123
2,108400,0.991771645994453
2,108500,0.992220173155102
2,108600,0.9923641193506431
2,108700,0.9919340229028344
2,108800,0.9919447497736973
2,108900,0.9923641193506431
2,109000,0.9909487165706587
2,109100,0.9913229571435492
2,109200,0.9919757598478873
2,109300,0.9915291935245871
2,109400,0.9915291935245871
2,109500,0.9916763181480295
2,109600,0.9916763181480295
2,109700,0.9916470748516168
2,109800,0.9921789599796208
2,109900,0.9746734650563162
2,110000,0.9744648911446823
2,110100,0.9739063432054109
2,110200,0.9913205859241988
2,110300,0.9739776050898932
2,110400,0.9913205859241988
2,110500,0.9741671835509794
2,110600,0.9739063432054109
2,110700,0.9739776050898932
2,110800,0.9916547161088645
2,110900,0.9899141245300309
2,111000,0.9894450007571756
2,111100,0.9916547161088645
2,111200,0.9913205859241988
2,111300,0.9914290664377062
2,111400,0.9911476369083244
2,111500,0.9923641193506431
2,111600,0.9902807572591257
2,111700,0.9914093146387726
2,111800,0.9914845739362548
2,111900,0.9912119472748164
2,112000,0.9921245394306206
2,112100,0.9744804176156422
2,112200,0.9739776050898932
2,112300,0.9894450007571756
2,112400,0.9901795815403476
2,112500,0.9901795815403476
2,112600,0.9882709688378011
2,112700,0.9739776050898932
2,112800,0.9738204844452408
2,112900,0.9899141245300309
2,113000,0.9911637262782467
2,113100,0.9898956883412834
2,113200,0.9738204844452408
2,113300,0.9905845103915049
2,113400,0.9733700226972698
2,113500,0.9741320540565184
2,113600,0.9916220358567814
2,113700,0.9741879713798784
2,113800,0.9901326328534682
2,113900,0.9741320540565184
2,114000,0.9900984055465092
2,114100,0.9903516390571104
2,114200,0.9741320540565184
2,114300,0.9741320540565184
2,114400,0.9901649191069141
2,114500,0.9902289956824434
2,114600,0.9901326328534682
2,114700,0.9902289956824434
2,114800,0.9879886241045883
2,114900,0.9736802059581283
2,115000,0.9741320540565184
2,115100,0.9739698969121111
2,115200,0.9739698969121111
2,115300,0.9732107208990401
2,115400,0.9723542628493292
2,115500,0.9726803486605293
2,115600,0.9726803486605293
2,115700,0.9726803486605293
2,115800,0.9908271699384082
2,115900,0.9726923553731608
2,116000,0.9908271699384082
2,116100,0.9911581922571654
2,116200,0.9911581922571654
2,116300,0.9732107208990401
2,116400,0.9906591394604931
2,116500,0.9741320540565184
2,116600,0.974281102569817
2,116700,0.9741320540565184
2,116800,0.9901326328534682
2,116900,0.9899141245300309
2,117000,0.9905426168101169
2,117100,0.9909245358500356
2,117200,0.9905710454832098
2,117300,0.9747842634430097
2,117400,0.9923641193506431
2,117500,0.991532071213675
2,117600,0.9913205859241988
2,117700,0.9747842634430097
2,117800,0.9902969004371587
2,117900,0.9902969004371587
2,118000,0.9890163146139757
2,118100,0.9901326328534682
2,118200,0.9906591394604931
2,118300,0.9915248093914115
2,118400,0.9908271699384082
2,118500,0.9904588021399802
2,118600,0.9726803486605293
2,118700,0.9726923553731608
2,118800,0.9908271699384082
2,118900,0.9722098526692661
2,119000,0.9908886042235073
2,119100,0.9716532111100464
2,119200,0.991621466124176
2,119300,0.971974212442979
2,119400,0.9757205558895288
2,119500,0.973702888939877
2,119600,0.989259310640117
2,119700,0.9718367432256381
2,119800,0.9906761063946243
2,119900,0.9905523478064646
2,120000,0.9901828243479011
2,120100,0.9721459501797836
2,120200,0.9725298551761529
2,120300,0.9905567842612141
2,120400,0.9736283437677614
2,120500,0.9903595543675192
2,120600,0.9905716303382204
2,120700,0.9910001970766186
2,120800,0.9736283437677614
2,120900,0.9905716303382204
2,121000,0.9915065484871932
2,121100,0.9877644685807755
2,121200,0.989906658473487
2,121300,0.9741320540565184
2,121400,0.9899141245300309
2,121500,0.9741320540565184
2,121600,0.9911684881140812
2,121700,0.9911684881140812
2,121800,0.9913205859241988
2,121900,0.9741671835509794
2,122000,0.9743938813783892
2,122100,0.9913202192667224
2,122200,0.9917062420453363
2,122300,0.9914509967779049
2,122400,0.990654539706162
2,122500,0.9912446161027544
2,122600,0.9923641193506431
2,122700,0.9918571923377912
2,122800,0.9746066117055854
2,122900,0.992220173155102
2,123000,0.9885316790302391
2,123100,0.9915291935245871
2,123200,0.9742965741177644
2,123300,0.9717335676191315
2,123400,0.9920719237269358
2,123500,0.9831288651326164
2,123600,0.991221444631044
2,123700,0.991221444631044
2,123800,0.991221444631044
2,123900,0.9918108825773999
2,124000,0.9919226210349258
2,124100,0.9742965741177644
2,124200,0.991262861052802
2,124300,0.9918571923377912
2,124400,0.991678352307059
2,124500,0.991262861052802
2,124600,0.9913202192667224
2,124700,0.9914659061383588
2,124800,0.9914659061383588
2,124900,0.9914659061383588
2,125000,0.9913202192667224
2,125100,0.9735797000298391
2,125200,0.9838394603004388
2,125300,0.991771645994453
2,125400,0.991771645994453
2,125500,0.9909487165706587
2,125600,0.9909487165706587
2,125700,0.9911014286067714
2,125800,0.9724673220281589
2,125900,0.9910006429154247
2,126000,0.9911642452969629
2,126100,0.9908081080929373
2,126200,0.9919226210349258
2,126300,0.9919226210349258
2,126400,0.9909619940286153
2,126500,0.97411027399194
2,126600,0.9745816010451127
2,126700,0.9914659061383588
2,126800,0.9914659061383588
2,126900,0.99133223352019
2,127000,0.9914225408027941
2,127100,0.9738812069070778
2,127200,0.9913202192667224
2,127300,0.9905514495600438
2,127400,0.9904192808227728
2,127500,0.9899350038437278
2,127600,0.9733203846205951
2,127700,0.9730491435773808
2,127800,0.9905577495427776
2,127900,0.9724534586747883
2,128000,0.9894311073809077
2,128100,0.9902459560732869
2,128200,0.9733203846205951
2,128300,0.9901795815403476
2,128400,0.9902459560732869
2,128500,0.9741320540565184
2,128600,0.9899141245300309
2,128700,0.9882647224823343
2,128800,0.9736283437677614
2,128900,0.9901795815403476
2,129000,0.9733772753751779
2,129100,0.9732107208990401
2,129200,0.9723542628493292
2,129300,0.9834442772529628
2,129400,0.9876530341300893
2,129500,0.989475906987166
2,129600,0.9901326328534682
2,129700,0.9908008547723037
2,129800,0.9733772753751779
2,129900,0.9887159439553183
2,130000,0.9854942668515508
2,130100,0.9723542628493292
2,130200,0.9906676511672499
2,130300,0.9728560289073438
2,130400,0.9894047490988865
2,130500,0.9905682049875272
2,130600,0.9898776970765469
2,130700,0.9905577495427776
2,130800,0.9897886489486858
2,130900,0.9741320540565184
2,131000,0.974281102569817
2,131100,0.974281102569817
2,131200,0.9902289956824434
2,131300,0.9738614203991941
2,131400,0.989681455323035
2,131500,0.9906631751329515
2,131600,0.9905032425649833
2,131700,0.9909629544947669
2,131800,0.9905577495427776
2,131900,0.9896020995099364
2,132000,0.9736283437677614
2,132100,0.9741320540565184
2,132200,0.9897886489486858
2,132300,0.9734359853419623
2,132400,0.9869569608149567
2,132500,0.9728560289073438
2,132600,0.9894923642376585
2,132700,0.990841162859874
2,132800,0.9897886489486858
2,132900,0.9733203846205951
2,133000,0.9906631751329515
2,133100,0.9733203846205951
2,133200,0.9897071538430252
2,133300,0.9897886489486858
2,133400,0.9733203846205951
2,133500,0.9734359853419623
2,133600,0.9906676511672499
2,133700,0.987588433754911
2,133800,0.9897886489486858
2,133900,0.9728560289073438
2,134000,0.9722710722738329
2,134100,0.9906676511672499
2,134200,0.9898679951046133
2,134300,0.9869759216599499
2,134400,0.989681455323035
2,134500,0.9897291395014658
2,134600,0.989681455323035
2,134700,0.9836532256202238
2,134800,0.9908242305069324
2,134900,0.9900718176545235
2,135000,0.9900561816321573
2,135100,0.9737925285986763
2,135200,0.9886786879293893
2,135300,0.9897784375684552
2,135400,0.9902563869306641
2,135500,0.9901760123506954
2,135600,0.9878444480064514
2,135700,0.989681455323035
2,135800,0.9738204844452408
2,135900,0.9733203846205951
2,136000,0.9896205377081785
2,136100,0.989625554178414
2,136200,0.9902259057886121
2,136300,0.9897460832600323
2,136400,0.9908242305069324
2,136500,0.9897784375684552
2,136600,0.9895391151400862
2,136700,0.9740769193065301
2,136800,0.9895391151400862
2,136900,0.9895391151400862
2,137000,0.9900718176545235
2,137100,0.9895391151400862
2,137200,0.973842389843928
2,137300,0.9900614916026302
2,137400,0.9911566221586573
2,137500,0.9903489597924424
2,137600,0.973842389843928
2,137700,0.989048686878682
2,137800,0.989048686878682
2,137900,0.9899141245300309
2,138000,0.9738204844452408
2,138100,0.9733203846205951
2,138200,0.9897784375684552
2,138300,0.9833032212158346
2,138400,0.9873505751958815
2,138500,0.9900561816321573
2,138600,0.9738204844452408
2,138700,0.9900561816321573
2,138800,0.9741320540565184
2,138900,0.9897784375684552
2,139000,0.9906676511672499
2,139100,0.9906932204120047
2,139200,0.9728560289073438
2,139300,0.9723542628493292
2,139400,0.9902434830960761
2,139500,0.9730123047669298
2,139600,0.9728560289073438
2,139700,0.990040339636107
2,139800,0.9739856262850948
2,139900,0.9738614203991941
2,140000,0.9897886489486858
2,140100,0.9907552430040115
2,140200,0.9902289956824434
2,140300,0.9741879713798784
2,140400,0.9909629544947669
2,140500,0.9836608674119196
2,140600,0.974401898843143
2,140700,0.9901666000292842
2,140800,0.9901649191069141
2,140900,0.9738614203991941
2,141000,0.9898059128631582
2,141100,0.989681455323035
2,141200,0.9738614203991941
2,141300,0.9901666000292842
2,141400,0.974281102569817
2,141500,0.9898339607337872
2,141600,0.974281102569817
2,141700,0.9901666000292842
2,141800,0.9904980438372747
2,141900,0.9901649191069141
2,142000,0.9901666000292842
2,142100,0.97461057864219
2,142200,0.9907552430040115
2,142300,0.9738614203991941
2,142400,0.9739856262850948
2,142500,0.9912132176182117
2,142600,0.9746609467370053
2,142700,0.9902831361032284
2,142800,0.9897784375684552
2,142900,0.9906631751329515
2,143000,0.9904980438372747
2,143100,0.9901649191069141
2,143200,0.9904081978036448
2,143300,0.973842389843928
2,143400,0.9906571017919911
2,143500,0.99153817249308
2,143600,0.9740019238818561
2,143700,0.9743735664019066
2,143800,0.9827907036705474
2,143900,0.9723060268353819
2,144000,0.9919730237866761
2,144100,0.9922118202099125
2,144200,0.9914168257381545
2,144300,0.9834274121445485
2,144400,0.9919177077042498
2,144500,0.9723375603285845
2,144600,0.9891722944281782
2,144700,0.991524920738702
2,144800,0.9913909944391593
2,144900,0.9909545627734665
2,145000,0.9915887211669864
2,145100,0.9903529546341835
2,145200,0.9914361364042483
2,145300,0.9899963190401868
2,145400,0.989466423542564
2,145500,0.9911689066449616
2,145600,0.9911696052078968
2,145700,0.9915887211669864
2,145800,0.9910748260146959
2,145900,0.9741575489196225
2,146000,0.9911689066449616
2,146100,0.9909308543226715
2,146200,0.990491372222484
2,146300,0.9909805661745295
2,146400,0.9919965442376832
2,146500,0.9909805661745295
2,146600,0.974899493713843
2,146700,0.9908434504262406
2,146800,0.9911301847118721
2,146900,0.9911301847118721
2,147000,0.9919730237866761
2,147100,0.9723060268353819
2,147200,0.9743735664019066
2,147300,0.991262861052802
2,147400,0.9915468916104062
2,147500,0.9915468916104062
2,147600,0.9919730237866761
2,147700,0.9919730237866761
2,147800,0.9912262140006728
2,147900,0.991524920738702
2,148000,0.9907900401996761
2,148100,0.9908996242495038
2,148200,0.9913228204596867
2,148300,0.9907900401996761
2,148400,0.9913228204596867
2,148500,0.9906339750810363
2,148600,0.9728559777398316
2,148700,0.991221444631044
2,148800,0.9899821347842851
2,148900,0.9912262140006728
2,149000,0.991524920738702
2,149100,0.9913228204596867
2,149200,0.9728559777398316
2,149300,0.9841593787513275
2,149400,0.9918670375820473
2,149500,0.9911689066449616
2,149600,0.990697950571363
2,149700,0.9914361364042483
2,149800,0.990604704200875
2,149900,0.9912909564597255
2,150000,0.9885965346171258
2,150100,0.9909308543226715
2,150200,0.9739078336469945
2,150300,0.9915238403067089
2,150400,0.9909308543226715
2,150500,0.9909308543226715
2,150600,0.9733164683159624
2,150700,0.9912909564597255
2,150800,0.9910047237292562
2,150900,0.991291651473354
2,151000,0.9921838189177179
2,151100,0.9920546798106097
2,151200,0.9714762028332332
2,151300,0.9916502680786028
2,151400,0.9916074556058092
2,151500,0.991768573314269
2,151600,0.9913468570590214
2,151700,0.9920546798106097
2,151800,0.9920546798106097
2,151900,0.9920655287912646
2,152000,0.970878615004871
2,152100,0.9920546798106097
2,152200,0.9918473455862981
2,152300,0.9925726783068471
2,152400,0.9711920438071703
2,152500,0.9926058665278147
2,152600,0.9926058665278147
2,152700,0.9922286442829812
2,152800,0.9918847011145046
2,152900,0.991746182029174
2,153000,0.9918473455862981
2,153100,0.9920655287912646
2,153200,0.9920655287912646
2,153300,0.9907740777039663
2,153400,0.9911632120796535
2,153500,0.9907435278290365
2,153600,0.991759544562833
2,153700,0.9887693247952883
2,153800,0.9911271753031448
2,153900,0.9912909564597255
2,154000,0.9912909564597255
2,154100,0.9912539754061545
2,154200,0.9911632120796535
2,154300,0.9907740777039663
2,154400,0.991291651473354
2,154500,0.9913598447291941
2,154600,0.9865525920290558
2,154700,0.9920655287912646
2,154800,0.9925726783068471
2,154900,0.9920655287912646
2,155000,0.9916748285129725
2,155100,0.9922843674801728
2,155200,0.9915759574562502
2,155300,0.9915828286380364
2,155400,0.9915967606603828
2,155500,0.9924122656467921
2,155600,0.9913468570590214
2,155700,0.9921800168718304
2,155800,0.9915747768542417
2,155900,0.9925726783068471
2,156000,0.9915759574562502
2,156100,0.992009676940322
2,156200,0.9866514416162632
2,156300,0.9919185756132131
2,156400,0.9915065936360629
2,156500,0.9920494653472757
2,156600,0.9880927504328282
2,156700,0.9919412993875132
2,156800,0.9922286442829812
2,156900,0.9925726783068471
2,157000,0.9918847011145046
2,157100,0.991467846931592
2,157200,0.9916748285129725
2,157300,0.9865869712486398
2,157400,0.9861866090196308
2,157500,0.9925726783068471
2,157600,0.9878894068816966
2,157700,0.9915759574562502
2,157800,0.9924073709148902
2,157900,0.9873079913389069
2,158000,0.9915759574562502
2,158100,0.991743404469828
2,158200,0.9915759574562502
2,158300,0.9915759574562502
2,158400,0.9915759574562502
2,158500,0.9926058665278147
2,158600,0.9918860135717074
2,158700,0.9918981254614232
2,158800,0.9918981254614232
2,158900,0.991743404469828
2,159000,0.991743404469828
2,159100,0.9918981254614232
2,159200,0.9915759574562502
2,159300,0.9913468570590214
2,159400,0.9925726783068471
2,159500,0.9914895985292368
2,159600,0.9925726783068471
2,159700,0.9914895985292368
2,159800,0.9918847011145046
2,159900,0.9924122656467921
2,160000,0.9920972158877642
2,160100,0.9922489391016278
2,160200,0.9926058665278147
2,160300,0.9891881845815724
2,160400,0.983126113376574
2,160500,0.9920546798106097
2,160600,0.9905491605619066
2,160700,0.9914299415357711
2,160800,0.9911632120796535
2,160900,0.9743562566406478
2,161000,0.9887469530149038
2,161100,0.99174785837677
2,161200,0.9868048514459116
2,161300,0.9918289143966571
2,161400,0.9897081361151611
2,161500,0.9902212715201
2,161600,0.9912909564597255
2,161700,0.9911164599901213
2,161800,0.9738455491314665
2,161900,0.9919939764655669
2,162000,0.9913079719166372
2,162100,0.9914916582642832
2,162200,0.9915887211669864
2,162300,0.9913079719166372
2,162400,0.991065700750924
2,162500,0.991681465319297
2,162600,0.9909287094621991
2,162700,0.9739734415050105
2,162800,0.9911164599901213
2,162900,0.9739734415050105
2,163000,0.9746570674919808
2,163100,0.9744753517990549
2,163200,0.9868542872505979
2,163300,0.9924073709148902
2,163400,0.9914251255903914
2,163500,0.9924073709148902
2,163600,0.9924073709148902
2,163700,0.9923152270262202
2,163800,0.9919185756132131
2,163900,0.9921801483851138
2,164000,0.9917219448996009
2,164100,0.9884388066488927
2,164200,0.9917704681411394
2,164300,0.9905494331399283
2,164400,0.9922603103807636
2,164500,0.9919963122737261
2,164600,0.9923495002825878
2,164700,0.9917704681411394
2,164800,0.9917704681411394
2,164900,0.9918796555921483
2,165000,0.992266624527835
2,165100,0.992014564856594
2,165200,0.992014564856594
2,165300,0.9926567132435601
2,165400,0.992079638807371
2,165500,0.9920494653472757
2,165600,0.9719889491762963
2,165700,0.9865593876545943
2,165800,0.992689038041768
2,165900,0.9924122656467921
2,166000,0.9872021562251286
2,166100,0.9927622529812308
2,166200,0.9924122656467921
2,166300,0.9919595299227403
2,166400,0.9912909564597255
2,166500,0.9905929154270149
2,166600,0.991467846931592
2,166700,0.991467846931592
2,166800,0.9921606581239365
2,166900,0.9889681581908819
2,167000,0.9914780336022715
2,167100,0.9921409793430509
2,167200,0.9916502680786028
2,167300,0.991467846931592
2,167400,0.9746570674919808
2,167500,0.9912909564597255
2,167600,0.9918195438119082
2,167700,0.9918195438119082
2,167800,0.9914299415357711
2,167900,0.9909102166437083
2,168000,0.9735476498308663
2,168100,0.9740063197700349
2,168200,0.9867685231483664
2,168300,0.9909102166437083
2,168400,0.9920344874054844
2,168500,0.9920344874054844
2,168600,0.9863384066063041
2,168700,0.9912909564597255
2,168800,0.9920344874054844
2,168900,0.9886130784738769
2,169000,0.9855309849599114
2,169100,0.9889542846072606
2,169200,0.9921606581239365
2,169300,0.9914299415357711
2,169400,0.9914299415357711
2,169500,0.9919792958718195
2,169600,0.9921606581239365
2,169700,0.9912539754061545
2,169800,0.9912909564597255
2,169900,0.9866981777133143
2,170000,0.9877401742962663
2,170100,0.9740569728172024
2,170200,0.9740569728172024
2,170300,0.9915650185039785
2,170400,0.991681465319297
2,170500,0.9746570674919808
2,170600,0.9918195438119082
2,170700,0.9886723041053007
2,170800,0.9912909564597255
2,170900,0.9838547636608469
2,171000,0.9912539754061545
2,171100,0.9921409793430509
2,171200,0.9891881845815724
2,171300,0.9922297459514471
2,171400,0.9890215067668968
2,171500,0.9929668720687668
2,171600,0.9929668720687668
2,171700,0.9926058665278147
2,171800,0.9916606461283823
2,171900,0.9932141283028253
2,172000,0.9932141283028253
2,172100,0.9921606581239365
2,172200,0.9886130784738769
2,172300,0.9923292839552068
2,172400,0.9902237017639011
2,172500,0.9889542846072606
2,172600,0.9929668720687668
2,172700,0.992932916542646
2,172800,0.9927617417294062
2,172900,0.9927093621897622
2,173000,0.9926610125287221
2,173100,0.9926610125287221
2,173200,0.9927622529812308
2,173300,0.9873034659228325
2,173400,0.9924084006999511
2,173500,0.9926058665278147
2,173600,0.9748966441753623
2,173700,0.9925726783068471
2,173800,0.9922863861823028
2,173900,0.9927051835274593
2,174000,0.9893585619822938
2,174100,0.9926610125287221
2,174200,0.9921928129455143
2,174300,0.9926567132435601
2,174400,0.9923938452574841
2,174500,0.9921650638700669
2,174600,0.9875384974490162
2,174700,0.9921650638700669
2,174800,0.9926674676923065
2,174900,0.9926567132435601
2,175000,0.9927622529812308
2,175100,0.9719524541874875
2,175200,0.9924696560921832
2,175300,0.9876723940878036
2,175400,0.9924824668810204
2,175500,0.9921650638700669
2,175600,0.9924824668810204
2,175700,0.9926567132435601
2,175800,0.9928536717929914
2,175900,0.9928536717929914
2,176000,0.9928536717929914
2,176100,0.9924824668810204
2,176200,0.9928977788803753
2,176300,0.9921613512866483
2,176400,0.9924500733069999
2,176500,0.9923274645130089
2,176600,0.9925281581942271
2,176700,0.9928977788803753
2,176800,0.9886834181706678
2,176900,0.9926826705254491
2,177000,0.992290112781226
2,177100,0.9925781169625254
2,177200,0.992812744865235
2,177300,0.9882842050092592
2,177400,0.9926567132435601
2,177500,0.9921650638700669
2,177600,0.9921650638700669
2,177700,0.9927051835274593
2,177800,0.9927650265597208
2,177900,0.9933219788545236
2,178000,0.9924122656467921
2,178100,0.986969505856976
2,178200,0.9930543157384729
2,178300,0.9927051835274593
2,178400,0.9924122656467921
2,178500,0.9932282937560469
2,178600,0.9930423038911201
2,178700,0.9933872290343612
2,178800,0.9936336717794017
2,178900,0.9930423038911201
2,179000,0.9924122656467921
2,179100,0.993634588127329
2,179200,0.9872491866437242
2,179300,0.9927066824997388
2,179400,0.993352354332816
2,179500,0.9914522323690103
2,179600,0.992814569213692
2,179700,0.9744309273425572
2,179800,0.9926489246308983
2,179900,0.9925363683611245
2,180000,0.9919939764655669
2,180100,0.991681465319297
2,180200,0.9885111163941219
2,180300,0.9924147131298969
2,180400,0.9737416597594448
2,180500,0.9925363683611245
2,180600,0.9925363683611245
2,180700,0.9923534650187176
2,180800,0.9923534650187176
2,180900,0.9735335532647167
2,181000,0.9919939764655669
2,181100,0.9924147131298969
2,181200,0.987367966468939
2,181300,0.9920052632075446
2,181400,0.9923718087760109
2,181500,0.9727929112795484
2,181600,0.9733767898772788
2,181700,0.9913869825266158
2,181800,0.9884958433942895
2,181900,0.9922157969507013
2,182000,0.9922157969507013
2,182100,0.9918670375820473
2,182200,0.9924355132065358
2,182300,0.9920959875182381
2,182400,0.9914916582642832
2,182500,0.9915238403067089
2,182600,0.973051774559915
2,182700,0.9917461274067056
2,182800,0.9914466665005603
2,182900,0.9923718087760109
2,183000,0.9923718087760109
2,183100,0.9919385378548514
2,183200,0.9917984285516337
2,183300,0.9917984285516337
2,183400,0.9754445691313759
2,183500,0.9920959875182381
2,183600,0.9923718087760109
2,183700,0.9923718087760109
2,183800,0.991524920738702
2,183900,0.9867675338737852
2,184000,0.9720119085606729
2,184100,0.9720119085606729
2,184200,0.9744654860014426
2,184300,0.9924807616897398
2,184400,0.9919572005176447
2,184500,0.9886613038523182
2,184600,0.9919572005176447
2,184700,0.9744654860014426
2,184800,0.9926464218287964
2,184900,0.9926311530106832
2,185000,0.9920549471424315
2,185100,0.9922500611724274
2,185200,0.9923399604503657
2,185300,0.992431606925428
2,185400,0.9919572005176447
2,185500,0.9917440362470675
2,185600,0.9919283112167885
2,185700,0.991915162941247
2,185800,0.9922493897238435
2,185900,0.9744654860014426
2,186000,0.9927091137668785
2,186100,0.9743631619837347
2,186200,0.9917440362470675
2,186300,0.9829677052311703
2,186400,0.9915181411165868
2,186500,0.9733941185592545
2,186600,0.9922618515859084
2,186700,0.9896412634488286
2,186800,0.9908035796843709
2,186900,0.9733631413176281
2,187000,0.9905889807353451
2,187100,0.9921660365715862
2,187200,0.9741404335605681
2,187300,0.9905145296283615
2,187400,0.9918187577305418
2,187500,0.9920230744236966
2,187600,0.9921660365715862
2,187700,0.9739686814893019
2,187800,0.9739686814893019
2,187900,0.9733941185592545
2,188000,0.9881191122587267
2,188100,0.9905376347581254
2,188200,0.9925714004312806
2,188300,0.9917846665837835
2,188400,0.9918694821834811
2,188500,0.992476507839035
2,188600,0.9733941185592545
2,188700,0.9737544455058539
2,188800,0.9929098470033845
2,188900,0.9743715258238067
2,189000,0.991661076644156
2,189100,0.9911882662509779
2,189200,0.9915181411165868
2,189300,0.9929098470033845
2,189400,0.9919572005176447
2,189500,0.9929098470033845
2,189600,0.9929098470033845
2,189700,0.9743715258238067
2,189800,0.9926786753189477
2,189900,0.9927326282880637
2,190000,0.9929098470033845
2,190100,0.9743715258238067
2,190200,0.9737544455058539
2,190300,0.9925714004312806
2,190400,0.9922618515859084
2,190500,0.9923653739619642
2,190600,0.9923956676714742
2,190700,0.9923956676714742
2,190800,0.9921318763150101
2,190900,0.9737544455058539
2,191000,0.9927326282880637
2,191100,0.9920944405929768
2,191200,0.9743631619837347
2,191300,0.9719398619769526
2,191400,0.9743631619837347
2,191500,0.9743631619837347
2,191600,0.9915181411165868
2,191700,0.991661076644156
2,191800,0.9915181411165868
2,191900,0.9927326282880637
2,192000,0.9919398627809815
2,192100,0.9922579687017685
2,192200,0.9920549471424315
2,192300,0.9922479154158985
2,192400,0.9866481595006196
2,192500,0.99173690438287
2,192600,0.9926311530106832
2,192700,0.99173690438287
2,192800,0.9917984285516337
2,192900,0.9727929112795484
2,193000,0.9924239167090362
2,193100,0.9925698550105273
2,193200,0.9922479154158985
2,193300,0.9920549471424315
2,193400,0.9886613038523182
2,193500,0.9922479154158985
2,193600,0.9922479154158985
2,193700,0.9928781136951467
2,193800,0.9919177077042498
2,193900,0.9919932938375686
2,194000,0.9727929112795484
2,194100,0.99173690438287
2,194200,0.9928781136951467
2,194300,0.99173690438287
2,194400,0.99173690438287
2,194500,0.991938642476434
2,194600,0.9917984285516337
2,194700,0.9840121997484769
2,194800,0.9747736547529121
2,194900,0.9927326282880637
2,195000,0.9917440362470675
2,195100,0.9919398627809815
2,195200,0.9917440362470675
2,195300,0.9927594003712102
2,195400,0.9925331956884041
2,195500,0.9719398619769526
2,195600,0.992431606925428
2,195700,0.9926029101792753
2,195800,0.99173690438287
2,195900,0.991938642476434
2,196000,0.9919932938375686
2,196100,0.9926818329999739
2,196200,0.9916914781384537
2,196300,0.9750649107255787
2,196400,0.9924239167090362
2,196500,0.9753985947808544
2,196600,0.9926029101792753
2,196700,0.9921967702499219
2,196800,0.9919177077042498
2,196900,0.9864392304510464
2,197000,0.9929291733302708
2,197100,0.9925698550105273
2,197200,0.9922479154158985
2,197300,0.9926311530106832
2,197400,0.9926311530106832
2,197500,0.9928781136951467
2,197600,0.9747621865762152
2,197700,0.9730447013952429
2,197800,0.9917984285516337
2,197900,0.9730447013952429
2,198000,0.9928268673957553
2,198100,0.991938642476434
2,198200,0.9923718087760109
2,198300,0.9730447013952429
2,198400,0.9926468345322019
2,198500,0.991938642476434
2,198600,0.9917984285516337
2,198700,0.9923399604503657
2,198800,0.9917984285516337
2,198900,0.9747621865762152
2,199000,0.9926311530106832
2,199100,0.9747736547529121
2,199200,0.9926311530106832
2,199300,0.9928781136951467
2,199400,0.9863685913383133
2,199500,0.99173690438287
2,199600,0.9753985947808544
2,199700,0.9723375603285845
2,199800,0.9926029101792753
2,199900,0.9929839218263795
2,200000,0.9924807616897398
2,200100,0.9922479154158985
2,200200,0.9922562110625275
2,200300,0.9929839218263795
2,200400,0.992431606925428
2,200500,0.992431606925428
2,200600,0.9720119085606729
2,200700,0.992431606925428
2,200800,0.9929328167976184
2,200900,0.9927326282880637
2,201000,0.9931119377854121
2,201100,0.9926786753189477
2,201200,0.9743631619837347
2,201300,0.9926737526457126
2,201400,0.9931072520301865
2,201500,0.974013632539549
2,201600,0.9867434757894141
2,201700,0.9739686814893019
2,201800,0.9924207002541938
2,201900,0.9738278539909367
2,202000,0.9739686814893019
2,202100,0.9743505464095679
2,202200,0.9926967640843473
2,202300,0.9926737526457126
2,202400,0.9922562110625275
2,202500,0.9859014099683433
2,202600,0.9926885546757139
2,202700,0.9931827797139642
2,202800,0.9929098470033845
2,202900,0.9927326282880637
2,203000,0.9929542184817961
2,203100,0.9923934495882557
2,203200,0.9931827797139642
2,203300,0.9743873760116593
2,203400,0.9922579687017685
2,203500,0.9884794346272959
2,203600,0.9927326282880637
2,203700,0.9737544455058539
2,203800,0.9743631619837347
2,203900,0.9929098470033845
2,204000,0.9737544455058539
2,204100,0.9929098470033845
2,204200,0.9923934495882557
2,204300,0.9920371015143924
2,204400,0.9910327982037853
2,204500,0.9929098470033845
2,204600,0.9936314643359264
2,204700,0.9927091137668785
2,204800,0.9828579085094258
2,204900,0.9925698550105273
2,205000,0.9917526071103044
2,205100,0.97532909604781
2,205200,0.991938642476434
2,205300,0.9730447013952429
2,205400,0.992765271554339
2,205500,0.9926311530106832
2,205600,0.974748593354633
2,205700,0.9926464218287964
2,205800,0.9922349210743167
2,205900,0.9726281450098233
2,206000,0.9925425660730524
2,206100,0.9885960181112181
2,206200,0.9730447013952429
2,206300,0.9730555454004048
2,206400,0.9925540423020057
2,206500,0.9886440272863485
2,206600,0.974064318708729
2,206700,0.9865909635714568
2,206800,0.992661931101241
2,206900,0.9928002237039574
2,207000,0.9867495930990096
2,207100,0.9929459641319192
2,207200,0.9935862303432641
2,207300,0.9937461365784729
2,207400,0.9920244442116045
2,207500,0.9731438382976214
2,207600,0.9928002237039574
2,207700,0.9737340602968828
2,207800,0.9922605017335596
2,207900,0.9932398505029133
2,208000,0.9932398505029133
2,208100,0.9833111205789704
2,208200,0.9922605017335596
2,208300,0.9922605017335596
2,208400,0.992767193025122
2,208500,0.9732857353921998
2,208600,0.9732857353921998
2,208700,0.9925268168160997
2,208800,0.9926583364918287
2,208900,0.9926583364918287
2,209000,0.9733711318230353
2,209100,0.9926583364918287
2,209200,0.9926583364918287
2,209300,0.9923901674613753
2,209400,0.9886440272863485
2,209500,0.9926583364918287
2,209600,0.9732857353921998
2,209700,0.9925385777675759
2,209800,0.9925385777675759
2,209900,0.9926583364918287
2,210000,0.9926583364918287
2,210100,0.9730555454004048
2,210200,0.9865994614247094
2,210300,0.974748593354633
2,210400,0.9883838619810885
2,210500,0.9928781136951467
2,210600,0.9930335944508277
2,210700,0.992333300956846
2,210800,0.9867898757588952
2,210900,0.9925425660730524
2,211000,0.9924693568028993
2,211100,0.9735912114073042
2,211200,0.9925385777675759
2,211300,0.9834320697990139
2,211400,0.9735912114073042
2,211500,0.9924693568028993
2,211600,0.9932841657918052
2,211700,0.9925540423020057
2,211800,0.9736777019711481
2,211900,0.9925425660730524
2,212000,0.974064318708729
2,212100,0.9924680399043047
2,212200,0.9838447810607773
2,212300,0.9884288771849674
2,212400,0.9924011411056567
2,212500,0.9884288771849674
2,212600,0.992637937024227
2,212700,0.9735912114073042
2,212800,0.992790318127859
2,212900,0.9922605017335596
2,213000,0.9922605017335596
2,213100,0.974064318708729
2,213200,0.992382175264251
2,213300,0.9926583364918287
2,213400,0.9926583364918287
2,213500,0.9926583364918287
2,213600,0.9730555454004048
2,213700,0.992637937024227
2,213800,0.9926869690104979
2,213900,0.9735912114073042
2,214000,0.974064318708729
2,214100,0.9928112271619717
2,214200,0.974064318708729
2,214300,0.9924682548390392
2,214400,0.9926583364918287
2,214500,0.9926583364918287
2,214600,0.99300428345438
2,214700,0.9926583364918287
2,214800,0.9935350324976392
2,214900,0.9924011411056567
2,215000,0.992765271554339
2,215100,0.9925425660730524
2,215200,0.9930335944508277
2,215300,0.9928268673957553
2,215400,0.9923718087760109
2,215500,0.9923042548455528
2,215600,0.9931917295015915
2,215700,0.9930104451913326
2,215800,0.97532909604781
2,215900,0.9932339227057536
2,216000,0.9735912114073042
2,216100,0.9932339227057536
2,216200,0.9935350324976392
2,216300,0.9935350324976392
2,216400,0.9935350324976392
2,216500,0.9864006562828768
2,216600,0.9928715357625858
2,216700,0.9928268673957553
2,216800,0.9927660105846706
2,216900,0.9930335944508277
2,217000,0.9930335944508277
2,217100,0.974748593354633
2,217200,0.9931917295015915
2,217300,0.9755960599593961
2,217400,0.9926464218287964
2,217500,0.9935412930929559
2,217600,0.9925698550105273
2,217700,0.9925698550105273
2,217800,0.9927312232038173
2,217900,0.9928781136951467
2,218000,0.9930335944508277
2,218100,0.9930335944508277
2,218200,0.9723905316362087
2,218300,0.9930335944508277
2,218400,0.9934250141296483
2,218500,0.9934250141296483
2,218600,0.9730447013952429
2,218700,0.9931411446924309
2,218800,0.9728537350497497
2,218900,0.9925698550105273
2,219000,0.9930446485864032
2,219100,0.9926464218287964
2,219200,0.9928781136951467
2,219300,0.9936564222020869
2,219400,0.9930335944508277
2,219500,0.9868206045474368
2,219600,0.9931411446924309
2,219700,0.9931411446924309
2,219800,0.9930104451913326
2,219900,0.9935350324976392
2,220000,0.9930104451913326
2,220100,0.9934250141296483
2,220200,0.9928715357625858
2,220300,0.9928268673957553
2,220400,0.9931411446924309
2,220500,0.9934250141296483
2,220600,0.9925698550105273
2,220700,0.9935809825384485
2,220800,0.9928671011598531
2,220900,0.9927312232038173
2,221000,0.9927312232038173
2,221100,0.9930816433859473
2,221200,0.9935412930929559
2,221300,0.9879709105037191
2,221400,0.973331627943824
2,221500,0.973331627943824
2,221600,0.9739686814893019
2,221700,0.9743072609077565
2,221800,0.9930576732124988
2,221900,0.9930576732124988
2,222000,0.9743072609077565
2,222100,0.9929863392894196
2,222200,0.9930285720870868
2,222300,0.9743072609077565
2,222400,0.9740268622948434
2,222500,0.9933902163923701
2,222600,0.9934862297326265
2,222700,0.993217902714126
2,222800,0.9939149754597211
2,222900,0.9740268622948434
2,223000,0.9939149754597211
2,223100,0.9746440143119441
2,223200,0.9746444554713523
2,223300,0.9866070905164368
2,223400,0.9742688290293571
2,223500,0.9742688290293571
2,223600,0.9742688290293571
2,223700,0.993961217463833
2,223800,0.9742688290293571
2,223900,0.9935412930929559
2,224000,0.9933902163923701
2,224100,0.9934235607185963
2,224200,0.9933902163923701
2,224300,0.9746440143119441
2,224400,0.9861059865837736
2,224500,0.9928671011598531
2,224600,0.9840514049905753
2,224700,0.9930611650616341
2,224800,0.9726995375159426
2,224900,0.9889536455537866
2,225000,0.9882192042504698
2,225100,0.9933414471865014
2,225200,0.973858585778252
2,225300,0.974064318708729
2,225400,0.9925385777675759
2,225500,0.990960001215398
2,225600,0.9732414673300025
2,225700,0.9932554011143699
2,225800,0.9934317524497658
2,225900,0.9927312232038173
2,226000,0.9721635963388199
2,226100,0.9932554011143699
2,226200,0.9926396600058978
2,226300,0.9927312232038173
2,226400,0.9931411446924309
2,226500,0.9930104451913326
2,226600,0.9934250141296483
2,226700,0.9930515310373054
2,226800,0.9932888901313827
2,226900,0.9928268673957553
2,227000,0.9931411446924309
2,227100,0.9926464218287964
2,227200,0.9935809825384485
2,227300,0.9935809825384485
2,227400,0.974748593354633
2,227500,0.9928781136951467
2,227600,0.9719252945619885
2,227700,0.9746440143119441
2,227800,0.9928765297570681
2,227900,0.9740268622948434
2,228000,0.9736455209398279
2,228100,0.9936798179925465
2,228200,0.9929244001013926
2,228300,0.9928274980009048
2,228400,0.9919085026960344
2,228500,0.973331627943824
2,228600,0.9939149754597211
2,228700,0.9934966689632564
2,228800,0.9928961636259442
2,228900,0.9926396600058978
2,229000,0.9746440143119441
2,229100,0.9933902163923701
2,229200,0.9853683421909789
2,229300,0.9933154035628143
2,229400,0.9926464218287964
2,229500,0.9935192532371511
2,229600,0.9936564222020869
2,229700,0.9725490775183026
2,229800,0.9722999610220978
2,229900,0.9931411446924309
2,230000,0.9935715447247342
2,230100,0.9930104451913326
2,230200,0.9935715447247342
2,230300,0.9931676994015597
2,230400,0.9932888901313827
2,230500,0.9932888901313827
2,230600,0.9889536455537866
2,230700,0.973858585778252
2,230800,0.9930261226515154
2,230900,0.9926583364918287
2,231000,0.9934707615678677
2,231100,0.9735185213157092
2,231200,0.9926883786513504
2,231300,0.9932507678439981
2,231400,0.9935350324976392
2,231500,0.9728477145124621
2,231600,0.9932554011143699
2,231700,0.9936564222020869
2,231800,0.9928671011598531
2,231900,0.9934250141296483
2,232000,0.9934250141296483
2,232100,0.9934250141296483
2,232200,0.9936564222020869
2,232300,0.9935412930929559
2,232400,0.9935236780484601
2,232500,0.9934235607185963
2,232600,0.9931003070831943
2,232700,0.9724861375842485
2,232800,0.9721635963388199
2,232900,0.9939650531193811
2,233000,0.9731083119901336
2,233100,0.9934250141296483
2,233200,0.9856380226228181
2,233300,0.9731083119901336
2,233400,0.9722999610220978
2,233500,0.9932888901313827
2,233600,0.9935350324976392
2,233700,0.9935350324976392
2,233800,0.9935350324976392
2,233900,0.9932888901313827
2,234000,0.994114485717108
2,234100,0.9938308762571727
2,234200,0.9731083119901336
2,234300,0.9732414673300025
2,234400,0.9935350324976392
2,234500,0.9929170855818231
2,234600,0.9936080490374151
2,234700,0.9939505779119815
2,234800,0.9938600568938345
2,234900,0.9946004618060099
2,235000,0.9939808006971865
2,235100,0.9947446447369693
2,235200,0.9947446447369693
2,235300,0.994044089445819
2,235400,0.9941600440798958
2,235500,0.9942622300855527
2,235600,0.9943811244331705
2,235700,0.9942622300855527
2,235800,0.9943811244331705
2,235900,0.993639132500451
2,236000,0.994044089445819
2,236100,0.9945189029858001
2,236200,0.9940568203830467
2,236300,0.9947446447369693
2,236400,0.9736290810293498
2,236500,0.9935875202728089
2,236600,0.9735185213157092
2,236700,0.9929853164231344
2,236800,0.9884939086869946
2,236900,0.9929853164231344
2,237000,0.988790403366981
2,237100,0.9918928798337759
2,237200,0.9742351788443401
2,237300,0.9947446447369693
2,237400,0.9939837557953929
2,237500,0.9740143235739779
2,237600,0.9861793647666321
2,237700,0.9883628076713447
2,237800,0.9940568203830467
2,237900,0.9736290810293498
2,238000,0.9933168116643993
2,238100,0.9930944288900636
2,238200,0.9935875202728089
2,238300,0.9935350324976392
2,238400,0.9732414673300025
2,238500,0.9724790287162479
2,238600,0.9934250141296483
2,238700,0.9752373575819289
2,238800,0.9938022400757346
2,238900,0.9938022400757346
2,239000,0.9936564222020869
2,239100,0.9937566186563548
2,239200,0.9935412930929559
2,239300,0.9933694961317847
2,239400,0.9916766528804886
2,239500,0.9938022400757346
2,239600,0.9934427949219293
2,239700,0.9939803182495475
2,239800,0.9939347079759161
2,239900,0.9731083119901336
2,240000,0.9934250141296483
2,240100,0.9724790287162479
2,240200,0.9935350324976392
2,240300,0.9934227042466399
2,240400,0.993963768749854
2,240500,0.9741845816806867
2,240600,0.9884939086869946
2,240700,0.9926291854960754
2,240800,0.993963768749854
2,240900,0.9938600568938345
2,241000,0.9939837557953929
2,241100,0.9943576455980987
2,241200,0.9944798188178952
2,241300,0.9736565555102598
2,241400,0.9946304221070102
2,241500,0.9892022544033805
2,241600,0.9942232249246223
2,241700,0.9940478739961753
2,241800,0.9860996812883864
2,241900,0.9944059921514736
2,242000,0.9892022544033805
2,242100,0.9892022544033805
2,242200,0.994267922391851
2,242300,0.9943811244331705
2,242400,0.9943811244331705
2,242500,0.9943811244331705
2,242600,0.9933275859047996
2,242700,0.9943626050068934
2,242800,0.9942835255798892
2,242900,0.9945478987484151
2,243000,0.9942909210785469
2,243100,0.9709688013944281
2,243200,0.9939445406853037
2,243300,0.9946004618060099
2,243400,0.9740143235739779
2,243500,0.9939445406853037
2,243600,0.9943811244331705
2,243700,0.99425835781997
2,243800,0.9875860199885272
2,243900,0.99425835781997
2,244000,0.9945751172206876
2,244100,0.9942383727243329
2,244200,0.9879451912107202
2,244300,0.9875860199885272
2,244400,0.9942909210785469
2,244500,0.994505055045209
2,244600,0.994133755053425
2,244700,0.9946304221070102
2,244800,0.9888941303413145
2,244900,0.9943811244331705
2,245000,0.9946304221070102
2,245100,0.9888941303413145
2,245200,0.9944798188178952
2,245300,0.9946304221070102
2,245400,0.9949115059838755
2,245500,0.994044089445819
2,245600,0.9947446447369693
2,245700,0.9946969333810962
2,245800,0.9942622300855527
2,245900,0.9943811244331705
2,246000,0.9942044185781548
2,246100,0.9892022544033805
2,246200,0.994505055045209
2,246300,0.9879175685611832
2,246400,0.9950164611736325
2,246500,0.9940521933854662
2,246600,0.9883997913720457
2,246700,0.9947143697479469
2,246800,0.9941906322624287
2,246900,0.9942572155907631
2,247000,0.9884423237536286
2,247100,0.9940521933854662
2,247200,0.9943037311409126
2,247300,0.9846686286901083
2,247400,0.9940021100560592
2,247500,0.9950164611736325
2,247600,0.993774643116116
2,247700,0.9939445435628431
2,247800,0.9939445435628431
2,247900,0.9944720637648294
2,248000,0.9934704764135146
2,248100,0.9938204897705532
2,248200,0.9939445435628431
2,248300,0.9939855387760621
2,248400,0.9943423556478992
2,248500,0.9940969716089754
2,248600,0.9836275479520925
2,248700,0.9867122745959855
2,248800,0.9885736011073272
2,248900,0.9946304221070102
2,249000,0.9946304221070102
2,249100,0.9943811244331705
2,249200,0.9712401777982671
2,249300,0.9943423556478992
2,249400,0.9945210738775766
2,249500,0.9940521933854662
2,249600,0.9873390463061398
2,249700,0.9939445435628431
2,249800,0.9950164611736325
2,249900,0.9946597512049598
2,250000,0.9947552719483218
2,250100,0.9946597512049598
2,250200,0.9943661151450502
2,250300,0.9939445435628431
2,250400,0.985589872552105
2,250500,0.9881714862757655
2,250600,0.9881714862757655
2,250700,0.9833370185890677
2,250800,0.9944686474440287
2,250900,0.9943811244331705
2,251000,0.9942049182549372
2,251100,0.9710031133921575
2,251200,0.9943811244331705
2,251300,0.9940805522777137
2,251400,0.9940969716089754
2,251500,0.9717543298300855
2,251600,0.9944686474440287
2,251700,0.9942835255798892
2,251800,0.9717543298300855
2,251900,0.9943811244331705
2,252000,0.9741223604638366
2,252100,0.994468586681505
2,252200,0.9938963931099004
2,252300,0.9945189029858001
2,252400,0.9945189029858001
2,252500,0.9943491354597686
2,252600,0.9943815894277405
2,252700,0.9940115681196133
2,252800,0.9940510387722371
2,252900,0.9863355481972352
2,253000,0.9927136392105679
2,253100,0.9935350324976392
2,253200,0.9935350324976392
2,253300,0.9935350324976392
2,253400,0.9935350324976392
2,253500,0.9932727184231872
2,253600,0.9936492504835129
2,253700,0.9882479065610106
2,253800,0.9935350324976392
2,253900,0.9829766119610108
2,254000,0.9935744557659312
2,254100,0.9939505779119815
2,254200,0.994516919388761
2,254300,0.9931300892992879
2,254400,0.994516919388761
2,254500,0.9940510387722371
2,254600,0.9936152371837893
2,254700,0.9937621273684919
2,254800,0.9732414673300025
2,254900,0.9756388251839406
2,255000,0.9943117757098655
2,255100,0.9932727184231872
2,255200,0.9936152371837893
2,255300,0.9732042800614142
2,255400,0.994508079145234
2,255500,0.9937621273684919
2,255600,0.9935350324976392
2,255700,0.9732042800614142
2,255800,0.994390426172202
2,255900,0.9736643693096143
2,256000,0.994390426172202
2,256100,0.994390426172202
2,256200,0.9935744557659312
2,256300,0.9941883561379219
2,256400,0.9935744557659312
2,256500,0.9732816883859097
2,256600,0.9861708845558306
2,256700,0.9942968510091607
2,256800,0.9935350324976392
2,256900,0.9732414673300025
2,257000,0.9936317458994217
2,257100,0.9935350324976392
2,257200,0.9942968510091607
2,257300,0.9736290810293498
2,257400,0.9728833394976372
2,257500,0.9881841983932163
2,257600,0.9884959292001795
2,257700,0.9945189029858001
2,257800,0.9739003804068388
2,257900,0.9947306799007138
2,258000,0.9859378242249112
2,258100,0.9943811244331705
2,258200,0.9944686474440287
2,258300,0.9944888912325723
2,258400,0.9720972536102677
2,258500,0.9945091617435947
2,258600,0.9879526194756824
2,258700,0.9945091617435947
2,258800,0.9944686474440287
2,258900,0.9945091617435947
2,259000,0.9945910740559175
2,259100,0.9945751172206876
2,259200,0.9942835255798892
2,259300,0.9940969716089754
2,259400,0.9945479362918762
2,259500,0.9943423556478992
2,259600,0.9939445435628431
2,259700,0.9943424918356776
2,259800,0.9939445435628431
2,259900,0.9942232249246223
2,260000,0.9947143697479469
2,260100,0.9884423237536286
2,260200,0.9940521933854662
2,260300,0.9881714862757655
2,260400,0.9941223032186951
2,260500,0.9950164611736325
2,260600,0.9947143697479469
2,260700,0.9941906322624287
2,260800,0.9943019623768758
2,260900,0.988511612531908
2,261000,0.9943661151450502
2,261100,0.9950164611736325
2,261200,0.9886978183422876
2,261300,0.988507063076947
2,261400,0.9886978183422876
2,261500,0.988507063076947
2,261600,0.9951240564544676
2,261700,0.9955510193766332
2,261800,0.9949450727316496
2,261900,0.9951910892602428
2,262000,0.986583290706752
2,262100,0.9951882988036246
2,262200,0.9949032513590981
2,262300,0.994633897156992
2,262400,0.9951882988036246
2,262500,0.9901041787464132
2,262600,0.9880310673052779
2,262700,0.9948899122419457
2,262800,0.9948223375234082
2,262900,0.994458001789949
2,263000,0.9947499684115589
2,263100,0.994458001789949
2,263200,0.9884039939768299
2,263300,0.9950410306378746
2,263400,0.9950410306378746
2,263500,0.994393003088099
2,263600,0.9949506044350868
2,263700,0.9950410306378746
2,263800,0.9951882988036246
2,263900,0.9949247393099528
2,264000,0.9947876757498654
2,264100,0.9953962401705402
2,264200,0.9945282095606234
2,264300,0.993232008796777
2,264400,0.9949128479293733
2,264500,0.9951059819767001
2,264600,0.99476702326965
2,264700,0.99476702326965
2,264800,0.9950419372502493
2,264900,0.9947314750505181
2,265000,0.9897989247979272
2,265100,0.9948656124970677
2,265200,0.9951336198940388
2,265300,0.9953538600509961
2,265400,0.9953538600509961
2,265500,0.9826483168595109
2,265600,0.9946634321568129
2,265700,0.9837675900847359
2,265800,0.9953538600509961
2,265900,0.9947825537006019
2,266000,0.9952598803014874
2,266100,0.9950074225332617
2,266200,0.9957642070421725
2,266300,0.9954046921141931
2,266400,0.9947078442565863
2,266500,0.9949370398137278
2,266600,0.9897129839688531
2,266700,0.9841964385829667
2,266800,0.9951059819767001
2,266900,0.99476702326965
2,267000,0.9949741226982801
2,267100,0.9950590158394405
2,267200,0.9950364120974438
2,267300,0.99476702326965
2,267400,0.9950590158394405
2,267500,0.9948482755487111
2,267600,0.99476702326965
2,267700,0.9895429223045387
2,267800,0.994633897156992
2,267900,0.9947876757498654
2,268000,0.995215547837666
2,268100,0.9900095205167094
2,268200,0.9951882988036246
2,268300,0.9943491175689796
2,268400,0.9948482755487111
2,268500,0.9953686638347838
2,268600,0.9948482755487111
2,268700,0.9951269148458521
2,268800,0.9953686638347838
2,268900,0.99540300689509
2,269000,0.987344325661192
2,269100,0.9948223375234082
2,269200,0.9946185994066474
2,269300,0.9947666071412807
2,269400,0.9950164611736325
2,269500,0.9939933271858661
2,269600,0.9944609591839704
2,269700,0.9943574414049627
2,269800,0.9944609591839704
2,269900,0.9939933271858661
2,270000,0.9940542382099766
2,270100,0.9938635846777671
2,270200,0.9945283323810471
2,270300,0.9948223375234082
2,270400,0.9952937914020982
2,270500,0.9952937914020982
2,270600,0.9948223375234082
2,270700,0.988511612531908
2,270800,0.9939933271858661
2,270900,0.9940542382099766
2,271000,0.9882770449433567
2,271100,0.9950164611736325
2,271200,0.9941424431658863
2,271300,0.9943961568598616
2,271400,0.9945441262514714
2,271500,0.9952937914020982
2,271600,0.9952937914020982
2,271700,0.9952937914020982
2,271800,0.9951240564544676
2,271900,0.9952937914020982
2,272000,0.9895591964045373
2,272100,0.9950164611736325
2,272200,0.9950164611736325
2,272300,0.9950164611736325
2,272400,0.9940804038566037
2,272500,0.9948899122419457
2,272600,0.9950164611736325
2,272700,0.9948223375234082
2,272800,0.9950164611736325
2,272900,0.9948223375234082
2,273000,0.9948899122419457
2,273100,0.994707454352424
2,273200,0.994458001789949
2,273300,0.9939933271858661
2,273400,0.9946614443543375
2,273500,0.9950164611736325
2,273600,0.9945441262514714
2,273700,0.9947854296901277
2,273800,0.994707454352424
2,273900,0.994458001789949
2,274000,0.9946614443543375
2,274100,0.9949159460228234
2,274200,0.9950164611736325
2,274300,0.9936100734320089
2,274400,0.9950164611736325
2,274500,0.9941424431658863
2,274600,0.9941733050367655
2,274700,0.9941384819127306
2,274800,0.9944888912325723
2,274900,0.9942973181882262
2,275000,0.9942973181882262
2,275100,0.9933925741230462
2,275200,0.9949439419111212
2,275300,0.9941384819127306
2,275400,0.9940969716089754
2,275500,0.9943626050068934
2,275600,0.9936873670978977
2,275700,0.9940359114673532
2,275800,0.9935368780120925
2,275900,0.9874184449980792
2,276000,0.9943811244331705
2,276100,0.9714235858322706
2,276200,0.994716017440304
2,276300,0.9944518817579832
2,276400,0.9943811244331705
2,276500,0.9942049182549372
2,276600,0.994267922391851
2,276700,0.9943811244331705
2,276800,0.9940359114673532
2,276900,0.9944798188178952
2,277000,0.9942070904921865
2,277100,0.9943811244331705
2,277200,0.9886817460315405
2,277300,0.9946459366450219
2,277400,0.9937714651397349
2,277500,0.9937714651397349
2,277600,0.9945189029858001
2,277700,0.9943815894277405
2,277800,0.994508079145234
2,277900,0.972557517059339
2,278000,0.9945337442101201
2,278100,0.9859414531782448
2,278200,0.9881841983932163
2,278300,0.9727595094584395
2,278400,0.9727595094584395
2,278500,0.9943156670554197
2,278600,0.9692483297387454
2,278700,0.9947306799007138
2,278800,0.9943811244331705
2,278900,0.9940588798285678
2,279000,0.9935368780120925
2,279100,0.9940359114673532
2,279200,0.9935368780120925
2,279300,0.9833812582167246
2,279400,0.9947306799007138
2,279500,0.9855845321136715
2,279600,0.994508079145234
2,279700,0.9881841983932163
2,279800,0.9944231200132031
2,279900,0.9936502265869948
2,280000,0.9941732270122043
2,280100,0.993672495279508
2,280200,0.9940396547298936
2,280300,0.9946004618060099
2,280400,0.9946004618060099
2,280500,0.9947425544654638
2,280600,0.9944217452540404
2,280700,0.9940396547298936
2,280800,0.994508079145234
2,280900,0.9935744557659312
2,281000,0.993426157187808
2,281100,0.9938752070097853
2,281200,0.9726085304811333
2,281300,0.9696610740004505
2,281400,0.9860058188903608
2,281500,0.994508079145234
2,281600,0.9936502265869948
2,281700,0.994418257010517
2,281800,0.9935350324976392
2,281900,0.9943511634353761
2,282000,0.9935546901319169
2,282100,0.9944231200132031
2,282200,0.9937892470849501
2,282300,0.9726899159443618
2,282400,0.9944231200132031
2,282500,0.994057619831148
2,282600,0.9931822479408077
2,282700,0.9944231200132031
2,282800,0.9945631135565721
2,282900,0.9942572729844407
2,283000,0.9942676872372718
2,283100,0.9886817460315405
2,283200,0.9943877610497329
2,283300,0.9943692814689046
2,283400,0.9944217452540404
2,283500,0.9947306799007138
2,283600,0.9944798188178952
2,283700,0.9732669140794726
2,283800,0.9939838185881535
2,283900,0.9939838185881535
2,284000,0.9944798188178952
2,284100,0.9939459310934793
2,284200,0.9938298674688678
2,284300,0.987215565325329
2,284400,0.9943877610497329
2,284500,0.9940018306896053
2,284600,0.9939135838373035
2,284700,0.9940018306896053
2,284800,0.9873421073614062
2,284900,0.9937822443420179
2,285000,0.9940018306896053
2,285100,0.994535684763008
2,285200,0.9937887422390644
2,285300,0.9939035153844344
2,285400,0.9937305229883358
2,285500,0.9941384819127306
2,285600,0.9941384819127306
2,285700,0.9941384819127306
2,285800,0.9871287009016338
2,285900,0.9948725321965578
2,286000,0.9945576302184759
2,286100,0.9934327316918158
2,286200,0.9943194236068738
2,286300,0.9879856609438357
2,286400,0.9939685323335506
2,286500,0.9931174213104127
2,286600,0.9941384819127306
2,286700,0.9948725321965578
2,286800,0.9940804038566037
2,286900,0.9728227666813783
2,287000,0.986840489183533
2,287100,0.9941027060043635
2,287200,0.9943194236068738
2,287300,0.9945210936804623
2,287400,0.9939933271858661
2,287500,0.9943194236068738
2,287600,0.9955898378919179
2,287700,0.993893552367647
2,287800,0.9939685323335506
2,287900,0.9941424431658863
2,288000,0.9882770449433567
2,288100,0.9942232249246223
2,288200,0.9878823819082905
2,288300,0.9936431149071535
2,288400,0.9887287353626073
2,288500,0.993785814117518
2,288600,0.9942232249246223
2,288700,0.9941384819127306
2,288800,0.9941384819127306
2,288900,0.9935368780120925
2,289000,0.9711653921228831
2,289100,0.9929918032120035
2,289200,0.9924137903074264
2,289300,0.994027948010378
2,289400,0.9942066693938163
2,289500,0.993893552367647
2,289600,0.9936431149071535
2,289700,0.9939135838373035
2,289800,0.9942066693938163
2,289900,0.9888950695020299
2,290000,0.9942049182549372
2,290100,0.9943692814689046
2,290200,0.9886817460315405
2,290300,0.9938902078039272
2,290400,0.9947306799007138
2,290500,0.9944798188178952
2,290600,0.9941369219605732
2,290700,0.9697151658941632
2,290800,0.9943877610497329
2,290900,0.9886817460315405
2,291000,0.9939986288977402
2,291100,0.9705954300090321
2,291200,0.9941738947389516
2,291300,0.9943692814689046
2,291400,0.9937128721657397
2,291500,0.994508079145234
2,291600,0.9939838185881535
2,291700,0.9941322987553953
2,291800,0.9937389201517238
2,291900,0.9939986288977402
2,292000,0.9947306799007138
2,292100,0.9940265610976904
2,292200,0.9936407782452493
2,292300,0.9942961225572408
2,292400,0.9886817460315405
2,292500,0.9942049182549372
2,292600,0.9943877610497329
2,292700,0.9882644653154088
2,292800,0.994442526660267
2,292900,0.9938886788320871
2,293000,0.9938298674688678
2,293100,0.9947306799007138
2,293200,0.9827371259513344
2,293300,0.9939986288977402
2,293400,0.9939459310934793
2,293500,0.9938298674688678
2,293600,0.9938298674688678
2,293700,0.9881381486466425
2,293800,0.9939986288977402
2,293900,0.9882644653154088
2,294000,0.9728063706431286
2,294100,0.9936125327054229
2,294200,0.9942572729844407
2,294300,0.9942572729844407
2,294400,0.9936791051463052
2,294500,0.9726549317852347
2,294600,0.9900419879631388
2,294700,0.994508079145234
2,294800,0.9939838185881535
2,294900,0.9732669140794726
2,295000,0.9943692814689046
2,295100,0.9944798188178952
2,295200,0.9943692814689046
2,295300,0.9943692814689046
2,295400,0.9942961225572408
2,295500,0.9939459310934793
2,295600,0.9936997018422765
2,295700,0.9939459310934793
2,295800,0.9937128721657397
2,295900,0.9943877610497329
2,296000,0.9943692814689046
2,296100,0.9942961225572408
2,296200,0.9943692814689046
2,296300,0.9942961225572408
2,296400,0.9943877610497329
2,296500,0.9939162039782231
2,296600,0.9943877610497329
2,296700,0.9933952705282681
2,296800,0.9938298674688678
2,296900,0.9940078843219626
2,297000,0.9853464311264858
2,297100,0.9880197320581833
2,297200,0.9940078843219626
2,297300,0.9883652427305893
2,297400,0.9940078843219626
2,297500,0.9856819008678731
2,297600,0.9726549317852347
2,297700,0.9940078843219626
2,297800,0.9726549317852347
2,297900,0.9937389201517238
2,298000,0.9936791051463052
2,298100,0.9727763329988925
2,298200,0.9933952705282681
2,298300,0.9945442759715681
2,298400,0.9708390316811302
2,298500,0.9936736453346648
2,298600,0.9942049182549372
2,298700,0.9942049182549372
2,298800,0.9936407782452493
2,298900,0.9936407782452493
2,299000,0.9936407782452493
2,299100,0.9943877610497329
2,299200,0.9943877610497329
2,299300,0.9940018306896053
2,299400,0.9864968313810103
2,299500,0.9708390316811302
2,299600,0.9943692814689046
2,299700,0.9942961225572408
2,299800,0.9858865922666604
2,299900,0.9943692814689046
2,300000,0.994150338833612
2,300100,0.9940078843219626
2,300200,0.9943126862905378
2,300300,0.9936125327054229
2,300400,0.994150338833612
2,300500,0.9852065434522307
2,300600,0.9936125327054229
2,300700,0.9937389201517238
2,300800,0.9936930110827029
2,300900,0.9937389201517238
2,301000,0.9940078843219626
2,301100,0.9940016390680807
2,301200,0.9934737905750726
2,301300,0.9937265843569199
2,301400,0.9726085304811333
2,301500,0.9938752070097853
2,301600,0.9934223086103108
2,301700,0.988280514789575
2,301800,0.9937265843569199
2,301900,0.9892362741722579
2,302000,0.9720267562316892
2,302100,0.99263952890428
2,302200,0.9727587481966757
2,302300,0.9720267562316892
2,302400,0.99263952890428
2,302500,0.9930238686919868
2,302600,0.9930238686919868
2,302700,0.9924377490237987
2,302800,0.9936175634838377
2,302900,0.9829485743162232
2,303000,0.9930073067986085
2,303100,0.9933721073704626
2,303200,0.9937646967104421
2,303300,0.9724089656616826
2,303400,0.9931616768839325
2,303500,0.992612689645156
2,303600,0.9941603871313607
2,303700,0.988172104881028
2,303800,0.9732818631149828
2,303900,0.9936997018422765
2,304000,0.9939838185881535
2,304100,0.9939838185881535
2,304200,0.9834550111502213
2,304300,0.9933952705282681
2,304400,0.9934040621195712
2,304500,0.9931781214886899
2,304600,0.9947483579289756
2,304700,0.9724501041567738
2,304800,0.9931295271670192
2,304900,0.9933247495113366
2,305000,0.9724089656616826
2,305100,0.9724501041567738
2,305200,0.9938752070097853
2,305300,0.9937265843569199
2,305400,0.9934737905750726
2,305500,0.992612689645156
2,305600,0.9880197320581833
2,305700,0.9939838185881535
2,305800,0.9934947061335638
2,305900,0.9885703477423499
2,306000,0.9736837287756309
2,306100,0.9943877610497329
2,306200,0.9942049182549372
2,306300,0.9939756100354684
2,306400,0.9889473953671037
2,306500,0.9939838185881535
2,306600,0.9939756100354684
2,306700,0.9885703477423499
2,306800,0.9935195784357366
2,306900,0.9942049182549372
2,307000,0.9943877610497329
2,307100,0.9936997018422765
2,307200,0.9939986288977402
2,307300,0.9937128721657397
2,307400,0.993336383614124
2,307500,0.994150338833612
2,307600,0.9931781214886899
2,307700,0.9937128721657397
2,307800,0.9935195784357366
2,307900,0.9732669140794726
2,308000,0.9937128721657397
2,308100,0.9732669140794726
2,308200,0.9730167796750201
2,308300,0.9935195784357366
2,308400,0.9734931591268973
2,308500,0.9939162039782231
2,308600,0.9943877610497329
2,308700,0.9727911906126707
2,308800,0.9936134703703061
2,308900,0.9939162039782231
2,309000,0.9727911906126707
2,309100,0.9943877610497329
2,309200,0.9936736453346648
2,309300,0.9939162039782231
2,309400,0.9936407782452493
2,309500,0.9943877610497329
2,309600,0.9938058254752284
2,309700,0.9937274439262459
2,309800,0.9936664800113417
2,309900,0.9935495899646198
2,310000,0.9941656457780348
2,310100,0.9940018306896053
2,310200,0.9933219336878369
2,310300,0.9939233714300107
2,310400,0.9937128721657397
2,310500,0.9935463128364701
2,310600,0.993336383614124
2,310700,0.994150338833612
2,310800,0.9725933559671922
2,310900,0.9936125327054229
2,311000,0.9937389201517238
2,311100,0.9724501041567738
2,311200,0.9938752070097853
2,311300,0.9944510254766418
2,311400,0.9724501041567738
2,311500,0.9936125327054229
2,311600,0.9937389201517238
2,311700,0.9919990058029764
2,311800,0.9944510254766418
2,311900,0.9937389201517238
2,312000,0.9724089656616826
2,312100,0.993906521185933
2,312200,0.9933245787562368
2,312300,0.985267438914959
2,312400,0.9943635662236556
2,312500,0.9943508687605336
2,312600,0.9943877610497329
2,312700,0.9939756100354684
2,312800,0.9865791932620912
2,312900,0.993766503633146
2,313000,0.9941659897677417
2,313100,0.9939756100354684
2,313200,0.9943635662236556
2,313300,0.993336383614124
2,313400,0.9939132158336669
2,313500,0.9940900085745127
2,313600,0.9932394854620337
2,313700,0.9937923712349075
2,313800,0.9943525351068903
2,313900,0.9930744731864001
2,314000,0.9853115693038874
2,314100,0.9875335275871567
2,314200,0.9725933559671922
2,314300,0.9939949903468899
2,314400,0.9937389201517238
2,314500,0.9725933559671922
2,314600,0.9939756100354684
2,314700,0.9737591965517154
2,314800,0.9939162039782231
2,314900,0.9939891658084146
2,315000,0.988599737383613
2,315100,0.993766503633146
2,315200,0.993766503633146
2,315300,0.993766503633146
2,315400,0.9939162039782231
2,315500,0.9938305277240149
2,315600,0.9887204859706996
2,315700,0.9941656457780348
2,315800,0.9941656457780348
2,315900,0.9887204859706996
2,316000,0.9932671247423909
2,316100,0.9933540970413877
2,316200,0.9715225754428096
2,316300,0.9867578768434918
2,316400,0.9715225754428096
2,316500,0.9933540970413877
2,316600,0.9940226980907544
2,316700,0.993900054712562
2,316800,0.9863840433134032
2,316900,0.9933540970413877
2,317000,0.9934786443466719
2,317100,0.9940754840515967
2,317200,0.9878823819082905
2,317300,0.9890053546074602
2,317400,0.9933540970413877
2,317500,0.9941770351145761
2,317600,0.9937274439262459
2,317700,0.9938206158222757
2,317800,0.9715225754428096
2,317900,0.9935495899646198
2,318000,0.994311505677466
2,318100,0.9938058254752284
2,318200,0.9937128721657397
2,318300,0.994245608425089
2,318400,0.9932612785164542
2,318500,0.9932612785164542
2,318600,0.971680967388228
2,318700,0.9939129001615759
2,318800,0.9887439739540029
2,318900,0.993336383614124
2,319000,0.9881666727496033
2,319100,0.9715225754428096
2,319200,0.9746078517651608
2,319300,0.9933540970413877
2,319400,0.9933540970413877
2,319500,0.9941954697301876
2,319600,0.9934645168595617
2,319700,0.9937214830096004
2,319800,0.9937307160905928
2,319900,0.9940426048593218
2,320000,0.9938167830626825
2,320100,0.9945306810496157
2,320200,0.9929713729051233
2,320300,0.9945306810496157
2,320400,0.9935968336147745
2,320500,0.9934645168595617
2,320600,0.9938291610976027
2,320700,0.9932224752797095
2,320800,0.9889598299065774
2,320900,0.9939191291110663
2,321000,0.9930994684553286
2,321100,0.9933957784628539
2,321200,0.9730208216086622
2,321300,0.9927169086479782
2,321400,0.9936134703703061
2,321500,0.9940312280221806
2,321600,0.989113570647539
2,321700,0.972815105898128
2,321800,0.9939430257099123
2,321900,0.9945471763498944
2,322000,0.9940312280221806
2,322100,0.993682259789355
2,322200,0.994310746518755
2,322300,0.993988199990646
2,322400,0.9704921792653531
2,322500,0.988813453282672
2,322600,0.9933540970413877
2,322700,0.9942950923128261
2,322800,0.9937050127383616
2,322900,0.9932346403206113
2,323000,0.9939743307572401
2,323100,0.9934061332846699
2,323200,0.9939628583920418
2,323300,0.993682259789355
2,323400,0.9935015447437074
2,323500,0.9856581054622916
2,323600,0.9937571184703584
2,323700,0.9939129001615759
2,323800,0.993640347614144
2,323900,0.9927701544699723
2,324000,0.9932435394940029
2,324100,0.9933764656510569
2,324200,0.9933764656510569
2,324300,0.9940520629376525
2,324400,0.972815105898128
2,324500,0.993336383614124
2,324600,0.973241263456216
2,324700,0.9935015447437074
2,324800,0.969868965473359
2,324900,0.993336383614124
2,325000,0.9882374455688712
2,325100,0.9939129001615759
2,325200,0.99331585919081
2,325300,0.9932435394940029
2,325400,0.9932556352675348
2,325500,0.9730897065512657
2,325600,0.9939129001615759
2,325700,0.9939114251868826
2,325800,0.9736044438923688
2,325900,0.9929577036594757
2,326000,0.9925314711976432
2,326100,0.9924089831123213
2,326200,0.9927527269656917
2,326300,0.9726338857329452
2,326400,0.9889690799947317
2,326500,0.9925649205295232
2,326600,0.9885446353793363
2,326700,0.9929603785669162
2,326800,0.9934246555153229
2,326900,0.993195998233064
2,327000,0.9922877499653526
2,327100,0.993195998233064
2,327200,0.9934704341892854
2,327300,0.9937324647893265
2,327400,0.9922877499653526
2,327500,0.9927580850020182
2,327600,0.9751541534991173
2,327700,0.9928421811983117
2,327800,0.9926179846199993
2,327900,0.9925314711976432
2,328000,0.9927059597055765
2,328100,0.9939114251868826
2,328200,0.9880285893457397
2,328300,0.9723456122190104
2,328400,0.9927059597055765
2,328500,0.9929219827525508
2,328600,0.9727831633082223
2,328700,0.9727831633082223
2,328800,0.9929577036594757
2,328900,0.9926179846199993
2,329000,0.9882595170729692
2,329100,0.993195998233064
2,329200,0.993195998233064
2,329300,0.9934704341892854
2,329400,0.9926179846199993
2,329500,0.9726338857329452
2,329600,0.9726338857329452
2,329700,0.9718946214124433
2,329800,0.9922877499653526
2,329900,0.9934704341892854
2,330000,0.9930048578269305
2,330100,0.9927580850020182
2,330200,0.9927327261924767
2,330300,0.9932685254406527
2,330400,0.9879494432832566
2,330500,0.9931916059054045
2,330600,0.99350716417014
2,330700,0.9927580850020182
2,330800,0.993195998233064
2,330900,0.9728708554302349
2,331000,0.9919773922468413
2,331100,0.9727831633082223
2,331200,0.9728708554302349
2,331300,0.9934011984899586
2,331400,0.993906521185933
2,331500,0.9721974298019701
2,331600,0.994202813511074
2,331700,0.9934919915283844
2,331800,0.9934919915283844
2,331900,0.994041465477184
2,332000,0.9880285893457397
2,332100,0.973241263456216
2,332200,0.9938901576289341
2,332300,0.99382945243249
2,332400,0.972815105898128
2,332500,0.9943453986664089
2,332600,0.9934339428857668
2,332700,0.9936134703703061
2,332800,0.9935195784357366
2,332900,0.993766503633146
2,333000,0.973241263456216
2,333100,0.993336383614124
2,333200,0.9867834686204122
2,333300,0.993640347614144
2,333400,0.9933365230072217
2,333500,0.9934339428857668
2,333600,0.9939129001615759
2,333700,0.9723250872694247
2,333800,0.9880285893457397
2,333900,0.99382945243249
2,334000,0.9937571184703584
2,334100,0.9937571184703584
2,334200,0.9939114251868826
2,334300,0.993640347614144
2,334400,0.99382945243249
2,334500,0.9936134703703061
2,334600,0.9936134703703061
2,334700,0.993336383614124
2,334800,0.973241263456216
2,334900,0.993336383614124
2,335000,0.993336383614124
2,335100,0.9723456122190104
2,335200,0.9936997018422765
2,335300,0.9940520629376525
2,335400,0.9939234550948813
2,335500,0.9880285893457397
2,335600,0.994310746518755
2,335700,0.9731056459262548
2,335800,0.993640347614144
2,335900,0.993336383614124
2,336000,0.994245608425089
2,336100,0.993640347614144
2,336200,0.994245608425089
2,336300,0.9939129001615759
2,336400,0.9939743290985529
2,336500,0.994310746518755
2,336600,0.993640347614144
2,336700,0.9943860801829156
2,336800,0.994150338833612
2,336900,0.9860659617343969
2,337000,0.9858236557482208
2,337100,0.9941659897677417
2,337200,0.993682259789355
2,337300,0.993766503633146
2,337400,0.9939743307572401
2,337500,0.9939743307572401
2,337600,0.993687968223454
2,337700,0.9821863283569725
2,337800,0.973241263456216
2,337900,0.994310746518755
2,338000,0.9934339428857668
2,338100,0.99382945243249
2,338200,0.9935359635271919
2,338300,0.9729510378909924
2,338400,0.993370000859693
2,338500,0.9928207647778039
2,338600,0.993607743135098
2,338700,0.9935363277764415
2,338800,0.993236134596065
2,338900,0.9929219827525508
2,339000,0.9940520629376525
2,339100,0.9934769961215687
2,339200,0.9938432279117942
2,339300,0.9940520629376525
2,339400,0.9934887086381421
2,339500,0.9935151349484945
2,339600,0.9738822164769739
2,339700,0.9738822164769739
2,339800,0.9928039653185455
2,339900,0.9933668123325172
2,340000,0.9928207647778039
2,340100,0.9929577036594757
2,340200,0.9720267562316892
2,340300,0.9925556068624644
2,340400,0.9729510378909924
2,340500,0.9925015003729116
2,340600,0.9935151349484945
2,340700,0.9738822164769739
2,340800,0.9935359635271919
2,340900,0.9935359635271919
2,341000,0.9733945862121023
2,341100,0.9933379643703687
2,341200,0.9932543495541332
2,341300,0.9734808138876289
2,341400,0.9927285624642441
2,341500,0.9934437642546383
2,341600,0.9941659897677417
2,341700,0.994245608425089
2,341800,0.9929194872932271
2,341900,0.9929267991694262
2,342000,0.994245608425089
2,342100,0.993766503633146
2,342200,0.9944413519867711
2,342300,0.9737591965517154
2,342400,0.9936134703703061
2,342500,0.9740149756661509
2,342600,0.9886387701675622
2,342700,0.9887517785959056
2,342800,0.9932543495541332
2,342900,0.9935198852424443
2,343000,0.9941659897677417
2,343100,0.9942106198706131
2,343200,0.9936134703703061
2,343300,0.9942540405452931
2,343400,0.9943877610497329
2,343500,0.9947742141906547
2,343600,0.9936134703703061
2,343700,0.9937229719079448
2,343800,0.9738682747129219
2,343900,0.9936134703703061
2,344000,0.9882746101648022
2,344100,0.9932543495541332
2,344200,0.9932543495541332
2,344300,0.988511728645187
2,344400,0.973130479034687
2,344500,0.973130479034687
2,344600,0.993370000859693
2,344700,0.9936085592862872
2,344800,0.9928630805611097
2,344900,0.973130479034687
2,345000,0.9934118545240412
2,345100,0.9933194610730902
2,345200,0.9928207647778039
2,345300,0.9933668123325172
2,345400,0.9928272790055092
2,345500,0.9929219827525508
2,345600,0.9928272790055092
2,345700,0.9931206589957291
2,345800,0.9929577036594757
2,345900,0.9929577036594757
2,346000,0.9931835082713538
2,346100,0.9936102841354366
2,346200,0.9725013957998899
2,346300,0.9926331074916593
2,346400,0.9937324647893265
2,346500,0.9932411479229714
2,346600,0.9937265843569199
2,346700,0.9929577036594757
2,346800,0.9931509312667304
2,346900,0.9729806585337488
2,347000,0.9933668123325172
2,347100,0.993398692128876
2,347200,0.9935151349484945
2,347300,0.973130479034687
2,347400,0.9933668123325172
2,347500,0.9933668123325172
2,347600,0.9929740745326999
2,347700,0.9929524286940756
2,347800,0.9928363270391388
2,347900,0.9933194610730902
2,348000,0.9933668123325172
2,348100,0.9934118545240412
2,348200,0.9935151349484945
2,348300,0.973130479034687
2,348400,0.9935151349484945
2,348500,0.9933668123325172
2,348600,0.9933477890116799
2,348700,0.9725013957998899
2,348800,0.9929577036594757
2,348900,0.9929740745326999
2,349000,0.9933194610730902
2,349100,0.9933477890116799
2,349200,0.994065823935877
2,349300,0.9933023802567544
2,349400,0.9929577036594757
2,349500,0.9932700392614369
2,349600,0.9937324647893265
2,349700,0.9937324647893265
2,349800,0.9937324647893265
2,349900,0.9937324647893265
2,350000,0.9886602082981152
2,350100,0.9930237192827396
2,350200,0.9932602953729242
2,350300,0.9932411479229714
2,350400,0.9937324647893265
2,350500,0.9937324647893265
2,350600,0.9718946214124433
2,350700,0.9930153629281935
2,350800,0.9740678585183458
2,350900,0.9933984558260384
2,351000,0.9933813922198977
2,351100,0.9920394038958922
2,351200,0.9735479461657469
2,351300,0.9828073402067853
2,351400,0.9932723682271118
2,351500,0.9922803202586032
2,351600,0.988158668598079
2,351700,0.9728357259003065
2,351800,0.9932844212268135
2,351900,0.9929347161428067
2,352000,0.9932844212268135
2,352100,0.9920734836206841
2,352200,0.9929347161428067
2,352300,0.9916064348951269
2,352400,0.9916064348951269
2,352500,0.9728357259003065
2,352600,0.9921710412809643
2,352700,0.9728357259003065
2,352800,0.9732102641366358
2,352900,0.9732102641366358
2,353000,0.9929533671433534
2,353100,0.9917705886333464
2,353200,0.9732102641366358
2,353300,0.9916064348951269
2,353400,0.9728357259003065
2,353500,0.9735479461657469
2,353600,0.973543631631675
2,353700,0.9931519985467059
2,353800,0.9930834633120585
2,353900,0.9931519985467059
2,354000,0.9740834552536224
2,354100,0.9730895260836863
2,354200,0.9928002138999591
2,354300,0.9927524460177487
2,354400,0.9926973772293187
2,354500,0.9926973772293187
2,354600,0.9731949397078884
2,354700,0.9940655054500098
2,354800,0.9934735604187727
2,354900,0.9879494432832566
2,355000,0.9935305367031129
2,355100,0.9930237192827396
2,355200,0.9934982927944369
2,355300,0.9934246960786841
2,355400,0.9712149006808831
2,355500,0.9930237192827396
2,355600,0.9740678585183458
2,355700,0.9941089899327633
2,355800,0.9933652096587151
2,355900,0.9820864272212719
2,356000,0.9942179895045291
2,356100,0.9936731666720008
2,356200,0.9930834633120585
2,356300,0.9927524460177487
2,356400,0.9933652096587151
2,356500,0.9933518693641374
2,356600,0.9708746345246412
2,356700,0.9708746345246412
2,356800,0.9936170041945869
2,356900,0.9733006109219436
2,357000,0.9938543079706876
2,357100,0.9712149006808831
2,357200,0.9936102841354366
2,357300,0.9737065368471931
2,357400,0.9929577036594757
2,357500,0.9929577036594757
2,357600,0.9939137373497232
2,357700,0.9931445455415917
2,357800,0.9933477890116799
2,357900,0.9929577036594757
2,358000,0.9939140608688841
2,358100,0.9934845621005829
2,358200,0.9930683393187538
2,358300,0.9940991114181993
2,358400,0.9936102841354366
2,358500,0.9930153629281935
2,358600,0.993905126176972
2,358700,0.9741800154903162
2,358800,0.9932514121172984
2,358900,0.9934735604187727
2,359000,0.9712149006808831
2,359100,0.9935717398841339
2,359200,0.9936209379794942
2,359300,0.9712149006808831
2,359400,0.9936102841354366
2,359500,0.9938581960486622
2,359600,0.9932517047932103
2,359700,0.9932517047932103
2,359800,0.9712149006808831
2,359900,0.9937324647893265
2,360000,0.9935472473550693
2,360100,0.9940991114181993
2,360200,0.9938581960486622
2,360300,0.9930674882171582
2,360400,0.9940991114181993
2,360500,0.9931744535887959
2,360600,0.9879639656988147
2,360700,0.9925273097562165
2,360800,0.9719867444118502
2,360900,0.9929577036594757
2,361000,0.9721127865841072
2,361100,0.9931621951790603
2,361200,0.9932442008620266
2,361300,0.9931835082713538
2,361400,0.9718946214124433
2,361500,0.9935472473550693
2,361600,0.9935304156361695
2,361700,0.9935304156361695
2,361800,0.9940991114181993
2,361900,0.9710224738796657
2,362000,0.9931177005377256
2,362100,0.9931177005377256
2,362200,0.9710224738796657
2,362300,0.9713438162428218
2,362400,0.9739135046944855
2,362500,0.9927326168680016
2,362600,0.9926929463472038
2,362700,0.9935472473550693
2,362800,0.9927988498002777
2,362900,0.9931835082713538
2,363000,0.9935719099818858
2,363100,0.9940991114181993
2,363200,0.9933989212251125
2,363300,0.9716164053671413
2,363400,0.9938581960486622
2,363500,0.9927580850020182
2,363600,0.9730516101392713
2,363700,0.9932517047932103
2,363800,0.9924307739468164
2,363900,0.9737632852378852
2,364000,0.9917772890299988
2,364100,0.9923854924943091
2,364200,0.9928419917892373
2,364300,0.9733006109219436
2,364400,0.9733006109219436
2,364500,0.9924178468673962
2,364600,0.9923854924943091
2,364700,0.9854761741529499
2,364800,0.991877218244166
2,364900,0.9828704803515713
2,365000,0.9915337103646267
2,365100,0.9923854924943091
2,365200,0.9924307739468164
2,365300,0.9924307739468164
2,365400,0.9886877022148796
2,365500,0.9870847156264208
2,365600,0.9917618415699483
2,365700,0.9884121731036379
2,365800,0.9926891947265326
2,365900,0.9728458829098625
2,366000,0.9737632852378852
2,366100,0.9728458829098625
2,366200,0.9830317247600652
2,366300,0.9916216333992413
2,366400,0.9741085472506193
2,366500,0.9916216333992413
2,366600,0.9916216333992413
2,366700,0.9922822264532004
2,366800,0.9919834253908555
2,366900,0.9719182153261456
2,367000,0.974001343828867
2,367100,0.9920537894368295
2,367200,0.991690623595265
2,367300,0.9922110541389234
2,367400,0.9924699116994318
2,367500,0.992078527884871
2,367600,0.97308117994509
2,367700,0.9925289416017152
2,367800,0.974001343828867
2,367900,0.992078527884871
2,368000,0.9918622519081566
2,368100,0.9923628782508294
2,368200,0.9919834253908555
2,368300,0.9919834253908555
2,368400,0.9919834253908555
2,368500,0.9930755361774655
2,368600,0.9917993153901973
2,368700,0.9884121731036379
2,368800,0.9922691191547196
2,368900,0.9837710005813529
2,369000,0.9928506902006405
2,369100,0.9922803202586032
2,369200,0.973543631631675
2,369300,0.9928720254521574
2,369400,0.972931576800986
2,369500,0.987913759922268
2,369600,0.9877414211584296
2,369700,0.9877414211584296
2,369800,0.9725111501682809
2,369900,0.9719181050967929
2,370000,0.9930690451079852
2,370100,0.9715847406916931
2,370200,0.9709684855605578
2,370300,0.9922711210879939
2,370400,0.9709684855605578
2,370500,0.9715847406916931
2,370600,0.9922711210879939
2,370700,0.9715847406916931
2,370800,0.992019389369524
2,370900,0.9918840188933841
2,371000,0.9932032972516639
2,371100,0.9709684855605578
2,371200,0.9709684855605578
2,371300,0.9816721292474202
2,371400,0.9715847406916931
2,371500,0.9923682008224171
2,371600,0.9925667037923457
2,371700,0.9927056909510142
2,371800,0.971991116454391
2,371900,0.9920434617444955
2,372000,0.9928494997934654
2,372100,0.9720097141841102
2,372200,0.9918840188933841
2,372300,0.9872431382620199
2,372400,0.9927056909510142
2,372500,0.9720097141841102
2,372600,0.9925667037923457
2,372700,0.992019389369524
2,372800,0.9918416808382724
2,372900,0.9916942017365684
2,373000,0.9719906959831501
2,373100,0.972645673928142
2,373200,0.981963651670114
2,373300,0.9871748322894961
2,373400,0.9715847406916931
2,373500,0.9720097141841102
2,373600,0.9920932821699058
2,373700,0.988221235634268
2,373800,0.992526221117248
2,373900,0.9807779723823633
2,374000,0.9920932821699058
2,374100,0.9709684855605578
2,374200,0.9715847406916931
2,374300,0.9930690451079852
2,374400,0.9881912661673966
2,374500,0.9718099248054912
2,374600,0.9720097141841102
2,374700,0.9712543123974459
2,374800,0.9917956318620446
2,374900,0.9709684855605578
2,375000,0.9718099248054912
2,375100,0.9917956318620446
2,375200,0.9924959156656443
2,375300,0.9917500738759314
2,375400,0.9924959156656443
2,375500,0.9712543123974459
2,375600,0.9918840188933841
2,375700,0.9924307413737407
2,375800,0.9925667037923457
2,375900,0.9719181050967929
2,376000,0.9918840188933841
2,376100,0.9930848628682158
2,376200,0.9719181050967929
2,376300,0.9920156700152305
2,376400,0.9918840188933841
2,376500,0.9719181050967929
2,376600,0.9719181050967929
2,376700,0.9923682008224171
2,376800,0.9930588672271253
2,376900,0.9718099248054912
2,377000,0.9709684855605578
2,377100,0.9928879847893252
2,377200,0.9927794394007095
2,377300,0.9927794394007095
2,377400,0.9932831798830853
2,377500,0.9927794394007095
2,377600,0.9931461518912176
2,377700,0.9702601839447683
2,377800,0.9928903771139177
2,377900,0.9872628456451724
2,378000,0.9702601839447683
2,378100,0.9888742986175735
2,378200,0.9928903771139177
2,378300,0.9920780783676327
2,378400,0.9814026204995184
2,378500,0.9922711210879939
2,378600,0.9870329817702566
2,378700,0.9720097141841102
2,378800,0.9918840188933841
2,378900,0.972645673928142
2,379000,0.9720097141841102
2,379100,0.9932032972516639
2,379200,0.9878043142644496
2,379300,0.9922711210879939
2,379400,0.9720097141841102
2,379500,0.9922447726886369
2,379600,0.993448484774159
2,379700,0.9927794394007095
2,379800,0.9922711210879939
2,379900,0.9709684855605578
2,380000,0.9718099248054912
2,380100,0.9923682008224171
2,380200,0.9720097141841102
2,380300,0.9930296620034731
2,380400,0.9720097141841102
2,380500,0.9720097141841102
2,380600,0.9920932821699058
2,380700,0.9813418496538618
2,380800,0.9702601839447683
2,380900,0.9887220334044541
2,381000,0.9921850707976676
2,381100,0.9928702728033867
2,381200,0.9931461518912176
2,381300,0.9709684855605578
2,381400,0.9922711210879939
2,381500,0.9872628456451724
2,381600,0.9917012431408064
2,381700,0.9922602990746502
2,381800,0.992024235885708
2,381900,0.9698408089205958
2,382000,0.9928702728033867
2,382100,0.9700267596238829
2,382200,0.9922711210879939
2,382300,0.9878412197843672
2,382400,0.9709684855605578
2,382500,0.9712543123974459
2,382600,0.9923682008224171
2,382700,0.9923682008224171
2,382800,0.9867487527568508
2,382900,0.9927794394007095
2,383000,0.9927794394007095
2,383100,0.9718479568965835
2,383200,0.9930690451079852
2,383300,0.9718099248054912
2,383400,0.9922447726886369
2,383500,0.9720097141841102
2,383600,0.9929336516138364
2,383700,0.9718479568965835
2,383800,0.9934926259297131
2,383900,0.9878412197843672
2,384000,0.9709684855605578
2,384100,0.9709684855605578
2,384200,0.9923682008224171
2,384300,0.9719181050967929
2,384400,0.9927056909510142
2,384500,0.9923682008224171
2,384600,0.9720097141841102
2,384700,0.9923682008224171
2,384800,0.9928081571810129
2,384900,0.9928903771139177
2,385000,0.9917663494930957
2,385100,0.9869292827370271
2,385200,0.9710827090453972
2,385300,0.9749848626636206
2,385400,0.9710827090453972
2,385500,0.9710827090453972
2,385600,0.9919971157732642
2,385700,0.9885072218304642
2,385800,0.9711038921094944
2,385900,0.9914883487184476
2,386000,0.9914123205037888
2,386100,0.9711996679023692
2,386200,0.9740752615261562
2,386300,0.9908736411853626
2,386400,0.9903130853803209
2,386500,0.9849113748712356
2,386600,0.9882070599604451
2,386700,0.9915754140967992
2,386800,0.9914960417922439
2,386900,0.9879715136605951
2,387000,0.9876095676634266
2,387100,0.9734196878724971
2,387200,0.9911724310346747
2,387300,0.9915659280363919
2,387400,0.9915542913576765
2,387500,0.9918590555525659
2,387600,0.9739678447850751
2,387700,0.9918590555525659
2,387800,0.9739678447850751
2,387900,0.9918590555525659
2,388000,0.9728140360909926
2,388100,0.9909703138616472
2,388200,0.9915543993882965
2,388300,0.9915212131976944
2,388400,0.9919909684223952
2,388500,0.9915212131976944
2,388600,0.9917311144698331
2,388700,0.991340409556851
2,388800,0.9856561418492842
2,388900,0.9915212131976944
2,389000,0.9927485394755561
2,389100,0.9734196878724971
2,389200,0.9909703138616472
2,389300,0.9914076228409641
2,389400,0.9718410604345163
2,389500,0.9730700355067557
2,389600,0.9931624340738006
2,389700,0.990882174986399
2,389800,0.990882174986399
2,389900,0.9914680331269015
2,390000,0.9922278812253037
2,390100,0.9922278812253037
2,390200,0.9914680331269015
2,390300,0.992936312843879
2,390400,0.9734196878724971
2,390500,0.9911724310346747
2,390600,0.9726660875034251
2,390700,0.9906526802788838
2,390800,0.9877447477745528
2,390900,0.9732554833874926
2,391000,0.9879715136605951
2,391100,0.9907600398057527
2,391200,0.991697227405558
2,391300,0.991120733583375
2,391400,0.9715443179680483
2,391500,0.9918039367976005
2,391600,0.9909971601376968
2,391700,0.99160563807682
2,391800,0.9909971601376968
2,391900,0.9702968514019102
2,392000,0.9918248950665046
2,392100,0.9918248950665046
2,392200,0.974179918620683
2,392300,0.971137723742814
2,392400,0.9916601473503993
2,392500,0.9912259152607975
2,392600,0.9702661746152142
2,392700,0.9918039367976005
2,392800,0.9741153456856468
2,392900,0.9702661746152142
2,393000,0.991120733583375
2,393100,0.9735259946798124
2,393200,0.9741153456856468
2,393300,0.9923567917748218
2,393400,0.9918039367976005
2,393500,0.9911592792241466
2,393600,0.991120733583375
2,393700,0.9726660875034251
2,393800,0.9735316132576458
2,393900,0.9918232255279996
2,394000,0.9911592792241466
2,394100,0.9913243451475544
2,394200,0.9911592792241466
2,394300,0.9704601364223205
2,394400,0.9918634885705033
2,394500,0.9914883487184476
2,394600,0.9917003419871911
2,394700,0.9704601364223205
2,394800,0.9911596872265519
2,394900,0.9912259152607975
2,395000,0.9704601364223205
2,395100,0.9918248950665046
2,395200,0.9911596872265519
2,395300,0.9918039367976005
2,395400,0.9913243451475544
2,395500,0.9911592792241466
2,395600,0.9918232255279996
2,395700,0.9735316132576458
2,395800,0.9913243451475544
2,395900,0.9918232255279996
2,396000,0.9702661746152142
2,396100,0.9735316132576458
2,396200,0.9911592792241466
2,396300,0.9911596872265519
2,396400,0.9732731784466381
2,396500,0.9913243451475544
2,396600,0.9906526802788838
2,396700,0.9914699956353731
2,396800,0.9912598870517592
2,396900,0.9920899959852104
2,397000,0.992422074960144
2,397100,0.9931997617440319
2,397200,0.990966895579968
2,397300,0.991962311608649
2,397400,0.9913676958178771
2,397500,0.9911273018394466
2,397600,0.9898904012030624
2,397700,0.9715186382830052
2,397800,0.9920419383066799
2,397900,0.9708067964473344
2,398000,0.9911273018394466
2,398100,0.9911273018394466
2,398200,0.993533233144687
2,398300,0.9919549939229635
2,398400,0.9816311677322727
2,398500,0.9911273018394466
2,398600,0.9903747029171136
2,398700,0.9718212781244979
2,398800,0.9728067127045841
2,398900,0.9911956641043507
2,399000,0.991304383581468
2,399100,0.9855831802099285
2,399200,0.9911273018394466
2,399300,0.9911273018394466
2,399400,0.9910027601704072
2,399500,0.9718410604345163
2,399600,0.9917744741102922
2,399700,0.9724543555136559
2,399800,0.9718410604345163
2,399900,0.9911152574352778
2,400000,0.9915986321048474
2,400100,0.992293863018354
2,400200,0.9915669690279989
2,400300,0.9708067964473344
2,400400,0.9721301703287711
2,400500,0.9909830051255076
2,400600,0.9919549939229635
2,400700,0.9903747029171136
2,400800,0.9714981951729221
2,400900,0.9872378390852511
2,401000,0.9911956641043507
2,401100,0.9868972932269393
2,401200,0.9894287722382082
2,401300,0.9888585041867228
2,401400,0.9894287722382082
2,401500,0.9888585041867228
2,401600,0.9893524457677213
2,401700,0.9893524457677213
2,401800,0.9889530190308314
2,401900,0.9885677827596938
2,402000,0.9900644378675011
2,402100,0.9885677827596938
2,402200,0.9893524457677213
2,402300,0.9895174610321164
2,402400,0.9872077621820229
2,402500,0.9894910856028356
2,402600,0.9889938716550303
2,402700,0.9887823754611023
2,402800,0.9889938716550303
2,402900,0.9894292582967967
2,403000,0.9889938716550303
2,403100,0.9887823754611023
2,403200,0.9887823754611023
2,403300,0.9893524457677213
2,403400,0.9900644378675011
2,403500,0.9722876459018654
2,403600,0.990030117600069
2,403700,0.9898904012030624
2,403800,0.9897974116193436
2,403900,0.9903747029171136
2,404000,0.9903747029171136
2,404100,0.9911273018394466
2,404200,0.9903747029171136
2,404300,0.9903747029171136
2,404400,0.9842516132838701
2,404500,0.9903747029171136
2,404600,0.9923057045765753
2,404700,0.9911273018394466
2,404800,0.9911273018394466
2,404900,0.9904689358164145
2,405000,0.9904455400690314
2,405100,0.9873657523868149
2,405200,0.9720881607622885
2,405300,0.9915911266839702
2,405400,0.9907509973322647
2,405500,0.9907509973322647
2,405600,0.9904689358164145
2,405700,0.9911956641043507
2,405800,0.9904689358164145
2,405900,0.9844687411622003
2,406000,0.9913676958178771
2,406100,0.9903747029171136
2,406200,0.9898904012030624
2,406300,0.9902459774564722
2,406400,0.9731700508772595
2,406500,0.9893524457677213
2,406600,0.9891968622396515
2,406700,0.9898416100975904
2,406800,0.9894292582967967
2,406900,0.9889938716550303
2,407000,0.9889938716550303
2,407100,0.9891968622396515
2,407200,0.9894292582967967
2,407300,0.9900302174692188
2,407400,0.9894292582967967
2,407500,0.9900302174692188
2,407600,0.9870345175345876
2,407700,0.9891621887347728
2,407800,0.9898416100975904
2,407900,0.9870713204804431
2,408000,0.9894292582967967
2,408100,0.9731710622536749
2,408200,0.9899610296415915
2,408300,0.9895400361121188
2,408400,0.9731598830233529
2,408500,0.9898416100975904
2,408600,0.9900406145009444
2,408700,0.9898416100975904
2,408800,0.9894416819922952
2,408900,0.9903492248358614
2,409000,0.9898416100975904
2,409100,0.9891621887347728
2,409200,0.9885342544502937
2,409300,0.9885342544502937
2,409400,0.9862454708564371
2,409500,0.9891968622396515
2,409600,0.9869046436684548
2,409700,0.9899315445572436
2,409800,0.9903492248358614
2,409900,0.9896147320509456
2,410000,0.9736824143820416
2,410100,0.9893524457677213
2,410200,0.9911729356291682
2,410300,0.9889938716550303
2,410400,0.9895400361121188
2,410500,0.9895174610321164
2,410600,0.9895174610321164
2,410700,0.9870703039408703
2,410800,0.9895400361121188
2,410900,0.9869046436684548
2,411000,0.9870703039408703
2,411100,0.9901935620937393
2,411200,0.9899610296415915
2,411300,0.9891968622396515
2,411400,0.9903492248358614
2,411500,0.9818253259616031
2,411600,0.9893789168459326
2,411700,0.9903492248358614
2,411800,0.9911962132067925
2,411900,0.9908481487712117
2,412000,0.9846135155822946
2,412100,0.9902450630742125
2,412200,0.981502171306761
2,412300,0.9900406145009444
2,412400,0.9900316988134908
2,412500,0.9891621887347728
2,412600,0.9893702023892963
2,412700,0.9849205802872304
2,412800,0.9900406145009444
2,412900,0.9900406145009444
2,413000,0.9898416100975904
2,413100,0.9893702023892963
2,413200,0.9726117436385683
2,413300,0.9906555910047473
2,413400,0.9902121598303673
2,413500,0.9902121598303673
2,413600,0.9844706948852129
2,413700,0.988963772918762
2,413800,0.9868991388454782
2,413900,0.9893869990329046
2,414000,0.9898416100975904
2,414100,0.9898416100975904
2,414200,0.9900406145009444
2,414300,0.9911395497588239
2,414400,0.9909806652050447
2,414500,0.990037821606734
2,414600,0.9900406145009444
2,414700,0.9893789168459326
2,414800,0.9893789168459326
2,414900,0.9900064820008396
2,415000,0.9816421167259726
2,415100,0.9893789168459326
2,415200,0.9897386871498608
2,415300,0.9895174610321164
2,415400,0.9891968622396515
2,415500,0.9919852964872579
2,415600,0.9887777601459377
2,415700,0.9891968622396515
2,415800,0.9904355373755849
2,415900,0.9896933993384912
2,416000,0.9896933993384912
2,416100,0.9914520680603565
2,416200,0.991452190626365
2,416300,0.9917900588509938
2,416400,0.9914122488957814
2,416500,0.9911212045947763
2,416600,0.9920611665428289
2,416700,0.971501057695344
2,416800,0.9913500285660629
2,416900,0.9711874780749028
2,417000,0.9909493224687094
2,417100,0.9923443202354092
2,417200,0.9914948271690567
2,417300,0.971501057695344
2,417400,0.991304383581468
2,417500,0.991304383581468
2,417600,0.991304383581468
2,417700,0.991304383581468
2,417800,0.9912644071040816
2,417900,0.9730809081803803
2,418000,0.9912644071040816
2,418100,0.9914650180407064
2,418200,0.991304383581468
2,418300,0.9914122488957814
2,418400,0.9708680302386526
2,418500,0.9868386971339652
2,418600,0.9912644071040816
2,418700,0.9916543938912856
2,418800,0.9914650180407064
2,418900,0.991304383581468
2,419000,0.9916543938912856
2,419100,0.9912159512733749
2,419200,0.9814875841672172
2,419300,0.9912644071040816
2,419400,0.9912644071040816
2,419500,0.9728220865395022
2,419600,0.991304383581468
2,419700,0.991452190626365
2,419800,0.991452190626365
2,419900,0.9914122488957814
2,420000,0.9912644071040816
2,420100,0.9708680302386526
2,420200,0.991304383581468
2,420300,0.991304383581468
2,420400,0.991304383581468
2,420500,0.9912159512733749
2,420600,0.9910280026487913
2,420700,0.9811335779951511
2,420800,0.9837969236504387
2,420900,0.972178295699176
2,421000,0.9724844548977909
2,421100,0.9914520680603565
2,421200,0.9894085739044991
2,421300,0.9908053581858524
2,421400,0.9914520680603565
2,421500,0.9908053581858524
2,421600,0.9895874359481592
2,421700,0.9895874359481592
2,421800,0.9895874359481592
2,421900,0.9893869324342414
2,422000,0.9894672737670773
2,422100,0.9914520680603565
2,422200,0.990062418153909
2,422300,0.9910898573950782
2,422400,0.9908377042957015
2,422500,0.991452190626365
2,422600,0.991452190626365
2,422700,0.9708680302386526
2,422800,0.9714640114106633
2,422900,0.9894672737670773
2,423000,0.9916543938912856
2,423100,0.9912644071040816
2,423200,0.9914520680603565
2,423300,0.9721898612431914
2,423400,0.9910898573950782
2,423500,0.9724844548977909
2,423600,0.9910898573950782
2,423700,0.9918106453684126
2,423800,0.9926580066066153
2,423900,0.9701475001090342
2,424000,0.991304383581468
2,424100,0.9701987275030013
2,424200,0.9928505428127316
2,424300,0.9914122488957814
2,424400,0.9864095404488958
2,424500,0.991304383581468
2,424600,0.981420032111579
2,424700,0.9912157812139185
2,424800,0.991304383581468
2,424900,0.991304383581468
2,425000,0.9917855665161205
2,425100,0.9711874780749028
2,425200,0.9914948271690567
2,425300,0.9711874780749028
2,425400,0.9911812070272038
2,425500,0.9726954428019219
2,425600,0.9915328427242932
2,425700,0.9915328427242932
2,425800,0.992293863018354
2,425900,0.9919147491667947
2,426000,0.9912223536896705
2,426100,0.9701475001090342
2,426200,0.9922891312968556
2,426300,0.9857839997558945
2,426400,0.9707907473633433
2,426500,0.9711874780749028
2,426600,0.9931165355089593
2,426700,0.9915328427242932
2,426800,0.9935507702275784
2,426900,0.9915328427242932
2,427000,0.9718410604345163
2,427100,0.9916929511752175
2,427200,0.9864077702528165
2,427300,0.9922613031453491
2,427400,0.971282149075839
2,427500,0.9728008529878619
2,427600,0.9925149493351414
2,427700,0.9919147491667947
2,427800,0.9917715462217375
2,427900,0.9911812070272038
2,428000,0.9911812070272038
2,428100,0.9813929352535159
2,428200,0.9718410604345163
2,428300,0.9922613031453491
2,428400,0.9916880040147096
2,428500,0.992293863018354
2,428600,0.9916929511752175
2,428700,0.9912223536896705
2,428800,0.9919147491667947
2,428900,0.9911273018394466
2,429000,0.9917855665161205
2,429100,0.9909323335626723
2,429200,0.9911273018394466
2,429300,0.9707907473633433
2,429400,0.9915911266839702
2,429500,0.9711874780749028
2,429600,0.9911812070272038
2,429700,0.9916155162716106
2,429800,0.990690808315612
2,429900,0.9908282433285869
2,430000,0.9916155162716106
2,430100,0.9922278812253037
2,430200,0.9917715462217375
2,430300,0.992293863018354
2,430400,0.9728008529878619
2,430500,0.9719497926335807
2,430600,0.9728140360909926
2,430700,0.9917897183585426
2,430800,0.9916880040147096
2,430900,0.9911812070272038
2,431000,0.9919147491667947
2,431100,0.9902117958784218
2,431200,0.990535420734525
2,431300,0.9907509973322647
2,431400,0.9861384414576443
2,431500,0.9915382702081657
2,431600,0.97144136444317
2,431700,0.9900146268835154
2,431800,0.9909206751189091
2,431900,0.9916155162716106
2,432000,0.9919147491667947
2,432100,0.9714609975132935
2,432200,0.97144136444317
2,432300,0.9909206751189091
2,432400,0.9718410604345163
2,432500,0.9922613031453491
2,432600,0.9726954428019219
2,432700,0.9913750792535541
2,432800,0.9912146128210392
2,432900,0.9922278812253037
2,433000,0.9920899959852104
2,433100,0.9924747886666484
2,433200,0.9920899959852104
2,433300,0.9727289400146434
2,433400,0.9922278812253037
2,433500,0.9728008529878619
2,433600,0.9728008529878619
2,433700,0.9920108204191088
2,433800,0.991008399093215
2,433900,0.9720854305594666
2,434000,0.992293863018354
2,434100,0.971282149075839
2,434200,0.9915032180239276
2,434300,0.993220682409126
2,434400,0.9907070370928533
2,434500,0.9920108204191088
2,434600,0.9920108204191088
2,434700,0.9922613031453491
2,434800,0.971282149075839
2,434900,0.984332722930193
2,435000,0.9921863743966556
2,435100,0.9726913316440133
2,435200,0.971282149075839
2,435300,0.9928827689117542
2,435400,0.9913520851458275
2,435500,0.9725872941437733
2,435600,0.9725872941437733
2,435700,0.9725872941437733
2,435800,0.9912204465093473
2,435900,0.9912204465093473
2,436000,0.9920899959852104
2,436100,0.9922278812253037
2,436200,0.9915032180239276
2,436300,0.9719497926335807
2,436400,0.9922278812253037
2,436500,0.9922613031453491
2,436600,0.9728140360909926
2,436700,0.9720869618528902
2,436800,0.9715662537685825
2,436900,0.9846916677186529
2,437000,0.9921863743966556
2,437100,0.9927651120047634
2,437200,0.9922613031453491
2,437300,0.991850135380855
2,437400,0.9911812070272038
2,437500,0.9726913316440133
2,437600,0.9927651120047634
2,437700,0.9916880040147096
2,437800,0.9922613031453491
2,437900,0.9920995858683178
2,438000,0.9726954428019219
2,438100,0.9730636420930712
2,438200,0.9872604949412531
2,438300,0.9865692770477438
2,438400,0.9915169581080261
2,438500,0.9913750792535541
2,438600,0.9927651120047634
2,438700,0.9847131248547502
2,438800,0.9920899959852104
2,438900,0.9718112184455121
2,439000,0.9913520851458275
2,439100,0.9719562079685239
2,439200,0.9719497926335807
2,439300,0.9922278812253037
2,439400,0.9924735159728094
2,439500,0.9922613031453491
2,439600,0.9918980542420721
2,439700,0.9719562079685239
2,439800,0.971282149075839
2,439900,0.9913750792535541
2,440000,0.9715662537685825
2,440100,0.9927699521327537
2,440200,0.9916880040147096
2,440300,0.9927651120047634
2,440400,0.9918980542420721
2,440500,0.9916880040147096
2,440600,0.9916837493588866
2,440700,0.9718112184455121
2,440800,0.9726954428019219
2,440900,0.9726954428019219
2,441000,0.9916837493588866
2,441100,0.9927651120047634
2,441200,0.9924491881878058
2,441300,0.9719653429467364
2,441400,0.9925149493351414
2,441500,0.9917715462217375
2,441600,0.9927226909740497
2,441700,0.992293863018354
2,441800,0.9934164693676879
2,441900,0.993220682409126
2,442000,0.9723587939771033
2,442100,0.9913750792535541
2,442200,0.9918980542420721
2,442300,0.9922278812253037
2,442400,0.9726954428019219
2,442500,0.9864077702528165
2,442600,0.9917715462217375
2,442700,0.9863918798212351
2,442800,0.9837302068315279
2,442900,0.9891862994612275
2,443000,0.9914951995083987
2,443100,0.9717938705364658
2,443200,0.9911003441596936
2,443300,0.9723041487876658
2,443400,0.9911812070272038
2,443500,0.992024638265457
2,443600,0.9934378652794837
2,443700,0.9913750792535541
2,443800,0.9726954428019219
2,443900,0.992422074960144
2,444000,0.9730636420930712
2,444100,0.9918980542420721
2,444200,0.9919219992135783
2,444300,0.991697227405558
2,444400,0.9920899959852104
2,444500,0.9714884032552553
2,444600,0.992067484239801
2,444700,0.9823623096657752
2,444800,0.9917505456268841
2,444900,0.9718093279940683
2,445000,0.9919176763862958
2,445100,0.9918248950665046
2,445200,0.9814299595715066
2,445300,0.9910912700114914
2,445400,0.9914774129957998
2,445500,0.9914241527215368
2,445600,0.9912624476955909
2,445700,0.971246519476392
2,445800,0.9720603608408164
2,445900,0.9870175307184735
2,446000,0.9914241527215368
2,446100,0.9713623167870481
2,446200,0.9910853308667108
2,446300,0.9912337674266302
2,446400,0.987931816020012
2,446500,0.9923817565796674
2,446600,0.9921949255326367
2,446700,0.971246519476392
2,446800,0.9910853308667108
2,446900,0.9713227662862622
2,447000,0.9713623167870481
2,447100,0.9918547233589938
2,447200,0.9909017039538641
2,447300,0.9706176242954815
2,447400,0.9914241527215368
2,447500,0.9914241527215368
2,447600,0.9914241527215368
2,447700,0.9706176242954815
2,447800,0.9713227662862622
2,447900,0.9909017039538641
2,448000,0.9877179082907233
2,448100,0.9903473535430685
2,448200,0.9697496958850765
2,448300,0.9704619749285673
2,448400,0.9706176242954815
2,448500,0.9714846363160398
2,448600,0.9917223339660424
2,448700,0.9914241527215368
2,448800,0.9914241527215368
2,448900,0.984472698839281
2,449000,0.9918547233589938
2,449100,0.9915063383841348
2,449200,0.9720603608408164
2,449300,0.9918714487000909
2,449400,0.9710366040434195
2,449500,0.9713623167870481
2,449600,0.9717914393890952
2,449700,0.9919345612194763
2,449800,0.9917764783257701
2,449900,0.9873684723796318
2,450000,0.9720603608408164
2,450100,0.9918547233589938
2,450200,0.9916240844069768
2,450300,0.9914883487184476
2,450400,0.9918248950665046
2,450500,0.9697909581084347
2,450600,0.9919904765284483
2,450700,0.9697909581084347
2,450800,0.9918248950665046
2,450900,0.9697761312793433
2,451000,0.9701181460845065
2,451100,0.9925531219606101
2,451200,0.9694367010721912
2,451300,0.9920899959852104
2,451400,0.9922278812253037
2,451500,0.9922278812253037
2,451600,0.9912204465093473
2,451700,0.972589688996589
2,451800,0.9919227776189898
2,451900,0.9920899959852104
2,452000,0.9920899959852104
2,452100,0.972589688996589
2,452200,0.9719497926335807
2,452300,0.9915659280363919
2,452400,0.992499179422122
2,452500,0.972589688996589
2,452600,0.9915169581080261
2,452700,0.9922278812253037
2,452800,0.9920899959852104
2,452900,0.9726954428019219
2,453000,0.9914072860400639
2,453100,0.9919697688531162
2,453200,0.9924491881878058
2,453300,0.9908811692880279
2,453400,0.9919697688531162
2,453500,0.9919705950840597
2,453600,0.9730636420930712
2,453700,0.9916684843957962
2,453800,0.992422074960144
2,453900,0.9916684843957962
2,454000,0.972662980333321
2,454100,0.9919697688531162
2,454200,0.9924491881878058
2,454300,0.9914771714022325
2,454400,0.9911214342503762
2,454500,0.9924929197207093
2,454600,0.9924491881878058
2,454700,0.9917889059617871
2,454800,0.9911214342503762
2,454900,0.9903692225576947
2,455000,0.9894179876671108
2,455100,0.9912720531931711
2,455200,0.9925149493351414
2,455300,0.9927651120047634
2,455400,0.9925149493351414
2,455500,0.9927651120047634
2,455600,0.9921863743966556
2,455700,0.992422074960144
2,455800,0.9922278812253037
2,455900,0.9876443339356411
2,456000,0.9919219992135783
2,456100,0.972589688996589
2,456200,0.9934378652794837
2,456300,0.9913520851458275
2,456400,0.9718112184455121
2,456500,0.9726954428019219
2,456600,0.9726954428019219
2,456700,0.9924491881878058
2,456800,0.9813508404796393
2,456900,0.9935507702275784
2,457000,0.972366264574903
2,457100,0.9919697688531162
2,457200,0.9924491881878058
2,457300,0.9922555312670779
2,457400,0.9927651120047634
2,457500,0.9921863743966556
2,457600,0.9727235135351107
2,457700,0.9928009283125301
2,457800,0.9845065120316402
2,457900,0.9719562079685239
2,458000,0.9928009283125301
2,458100,0.9701874700246568
2,458200,0.9920899959852104
2,458300,0.972589688996589
2,458400,0.9920899959852104
2,458500,0.9919219992135783
2,458600,0.9729445332753853
2,458700,0.9919219992135783
2,458800,0.9920899959852104
2,458900,0.9708688918071046
2,459000,0.9877301529587723
2,459100,0.9919219992135783
2,459200,0.9917266288871524
2,459300,0.9920899959852104
2,459400,0.9920899959852104
2,459500,0.9919219992135783
2,459600,0.9919219992135783
2,459700,0.9719562079685239
2,459800,0.9921863743966556
2,459900,0.9926403715526071
2,460000,0.9929798685653726
2,460100,0.9925149493351414
2,460200,0.9914771714022325
2,460300,0.9907117400677337
2,460400,0.9913244890896955
2,460500,0.9720407616878172
2,460600,0.9931165355089593
2,460700,0.9925149493351414
2,460800,0.9925149493351414
2,460900,0.9914771714022325
2,461000,0.9902915883151086
2,461100,0.9913244890896955
2,461200,0.9909081323290182
2,461300,0.9897899505223319
2,461400,0.9914072860400639
2,461500,0.9921863743966556
2,461600,0.9718112184455121
2,461700,0.9929798685653726
2,461800,0.9902915883151086
2,461900,0.9891756128392538
2,462000,0.9892541511590143
2,462100,0.991579201763522
2,462200,0.9897899505223319
2,462300,0.9900253160915514
2,462400,0.9892541511590143
2,462500,0.9890253179672963
2,462600,0.9729622257009933
2,462700,0.9929798685653726
2,462800,0.9723587939771033
2,462900,0.9912216174259217
2,463000,0.9729627509941419
2,463100,0.9729627509941419
2,463200,0.9930863308165958
2,463300,0.9925583899961161
2,463400,0.9927651120047634
2,463500,0.9718112184455121
2,463600,0.9855749847136375
2,463700,0.9920899959852104
2,463800,0.9921863743966556
2,463900,0.9921863743966556
2,464000,0.992422074960144
2,464100,0.9913289611042984
2,464200,0.972366264574903
2,464300,0.989368601224214
2,464400,0.9729627509941419
2,464500,0.990101963206175
2,464600,0.9913289611042984
2,464700,0.9818119185660543
2,464800,0.992422074960144
2,464900,0.9925583899961161
2,465000,0.9729627509941419
2,465100,0.9934559335203337
2,465200,0.9906553093329981
2,465300,0.9906553093329981
2,465400,0.9860583210906939
2,465500,0.9718112184455121
2,465600,0.9920899959852104
2,465700,0.9718112184455121
2,465800,0.9907318675797623
2,465900,0.989368601224214
2,466000,0.9725546485057419
2,466100,0.9723782643500849
2,466200,0.9896274736158409
2,466300,0.9902112979591353
2,466400,0.9861433365727122
2,466500,0.9845253035181609
2,466600,0.9711708513020536
2,466700,0.9896274736158409
2,466800,0.987104168216263
2,466900,0.9886617376001328
2,467000,0.9887969844917178
2,467100,0.9892772728345399
2,467200,0.9894277461367033
2,467300,0.9894277461367033
2,467400,0.9900335865043862
2,467500,0.989416819446703
2,467600,0.9902112979591353
2,467700,0.9904176290159739
2,467800,0.9711708513020536
2,467900,0.9902537274984806
2,468000,0.9714827380742801
2,468100,0.9902537274984806
2,468200,0.971816448147942
2,468300,0.9904198868787405
2,468400,0.9905584950096175
2,468500,0.9728565786295431
2,468600,0.9904198868787405
2,468700,0.9920398899392149
2,468800,0.9806554880306209
2,468900,0.9728565786295431
2,469000,0.9904207680619359
2,469100,0.9898521287263442
2,469200,0.9898521287263442
2,469300,0.9894583289508411
2,469400,0.9725549243463049
2,469500,0.9900189001459493
2,469600,0.9905752270944891
2,469700,0.9900640247602375
2,469800,0.9921675556147163
2,469900,0.9728539060254741
2,470000,0.9900640247602375
2,470100,0.9728565786295431
2,470200,0.9914941482644815
2,470300,0.9914941482644815
2,470400,0.982096318076126
2,470500,0.9731480546999512
2,470600,0.9914941482644815
2,470700,0.9872461423265216
2,470800,0.9732057967822987
2,470900,0.9893841878787228
2,471000,0.9901507377867381
2,471100,0.9724181426076529
2,471200,0.9890138636171211
2,471300,0.9717939913630707
2,471400,0.9903109470232067
2,471500,0.9890138636171211
2,471600,0.9896222747100871
2,471700,0.9719619199463351
2,471800,0.9725549243463049
2,471900,0.990207242996097
2,472000,0.9921675556147163
2,472100,0.9732057967822987
2,472200,0.9817013395053651
2,472300,0.9871758972994802
2,472400,0.9728014304279667
2,472500,0.9921675556147163
2,472600,0.9915008800651345
2,472700,0.9732057967822987
2,472800,0.9725622694961265
2,472900,0.9895847064673395
2,473000,0.990207242996097
2,473100,0.9732057967822987
2,473200,0.9727640880620183
2,473300,0.9725622694961265
2,473400,0.9907830579363356
2,473500,0.9898671634829718
2,473600,0.9898671634829718
2,473700,0.9904763709791564
2,473800,0.9900263229755795
2,473900,0.990207242996097
2,474000,0.9903109470232067
2,474100,0.9900253160915514
2,474200,0.9856100031868715
2,474300,0.9725622694961265
2,474400,0.990207242996097
2,474500,0.9895847064673395
2,474600,0.9895847064673395
2,474700,0.9905584950096175
2,474800,0.9900189001459493
2,474900,0.9928129910970771
2,475000,0.9922780423447295
2,475100,0.9920270191923607
2,475200,0.9921643008065908
2,475300,0.9733858022960415
2,475400,0.9928815920661338
2,475500,0.9928815920661338
2,475600,0.9925442294417939
2,475700,0.9722989429638509
2,475800,0.9742965875578604
2,475900,0.9925495394522322
2,476000,0.9920377614489353
2,476100,0.9925495394522322
2,476200,0.9844879278193133
2,476300,0.9925442294417939
2,476400,0.9925495394522322
2,476500,0.9927413750720868
2,476600,0.9914915616433051
2,476700,0.9724849874167053
2,476800,0.9918678973230229
2,476900,0.9742262029761553
2,477000,0.9915441313380764
2,477100,0.9704983129261475
2,477200,0.9922058453766521
2,477300,0.9704983129261475
2,477400,0.9704983129261475
2,477500,0.9918678973230229
2,477600,0.9915441313380764
2,477700,0.971165186236055
2,477800,0.9887762168031192
2,477900,0.9914774129957998
2,478000,0.9915441313380764
2,478100,0.9811747412007225
2,478200,0.9925495394522322
2,478300,0.9922202489221525
2,478400,0.9697909581084347
2,478500,0.9927122747155098
2,478600,0.9918678973230229
2,478700,0.9910955747545832
2,478800,0.9697909581084347
2,478900,0.9923958657235181
2,479000,0.9921385662464683
2,479100,0.9737470861930646
2,479200,0.9921196208858444
2,479300,0.9725553056289968
2,479400,0.9809139359696828
2,479500,0.9921196208858444
2,479600,0.9845829977036058
2,479700,0.973335075341737
2,479800,0.973335075341737
2,479900,0.9921385662464683
2,480000,0.974248340231677
2,480100,0.9739555520090836
2,480200,0.9926687253395665
2,480300,0.9921037016144162
2,480400,0.9926687253395665
2,480500,0.9926856145300444
2,480600,0.9877301529587723
2,480700,0.9916681695271765
2,480800,0.972589688996589
2,480900,0.9920168218503427
2,481000,0.9925226112143325
2,481100,0.9734998535837224
2,481200,0.9883241248985591
2,481300,0.9697909581084347
2,481400,0.9918678973230229
2,481500,0.97049726742525
2,481600,0.9887762168031192
2,481700,0.9915441313380764
2,481800,0.9918678973230229
2,481900,0.9887762168031192
2,482000,0.9887671876667401
2,482100,0.9720113027087175
2,482200,0.9919546869505388
2,482300,0.9913039583401214
2,482400,0.9720113027087175
2,482500,0.9919058155611009
2,482600,0.9920233353127672
2,482700,0.9720169597604075
2,482800,0.9720169597604075
2,482900,0.9914674810162989
2,483000,0.9921565660398409
2,483100,0.9704983129261475
2,483200,0.9815275424353714
2,483300,0.9918678973230229
2,483400,0.9930866558019908
2,483500,0.9703396176440796
2,483600,0.9923958657235181
2,483700,0.9917336051323382
2,483800,0.9925495394522322
2,483900,0.9925495394522322
2,484000,0.9724849874167053
2,484100,0.974248340231677
2,484200,0.974248340231677
2,484300,0.9919176763862958
2,484400,0.9919176763862958
2,484500,0.9920233261921206
2,484600,0.9918265733936088
2,484700,0.9925082222936797
2,484800,0.9919176763862958
2,484900,0.9925495394522322
2,485000,0.9919886362381742
2,485100,0.9918265733936088
2,485200,0.9927225443431128
2,485300,0.9918265733936088
2,485400,0.9925226112143325
2,485500,0.9925226112143325
2,485600,0.9912369958416447
2,485700,0.9915090980031747
2,485800,0.9731437285268305
2,485900,0.9921849504969537
2,486000,0.9724175471015991
2,486100,0.9928135533192124
2,486200,0.9923947912030585
2,486300,0.9940623376260634
2,486400,0.9931523177292422
2,486500,0.9931523177292422
2,486600,0.9925011984863047
2,486700,0.9931523177292422
2,486800,0.9936244682129503
2,486900,0.991289148723785
2,487000,0.9907866509927545
2,487100,0.9914754303024063
2,487200,0.9936244682129503
2,487300,0.9920184014732655
2,487400,0.9728672011975893
2,487500,0.9910045297316334
2,487600,0.9907866509927545
2,487700,0.9723041487876658
2,487800,0.9723041487876658
2,487900,0.9914754303024063
2,488000,0.9723637464859325
2,488100,0.986866362900802
2,488200,0.9904043934377278
2,488300,0.9914754303024063
2,488400,0.9895847064673395
2,488500,0.9914607918330208
2,488600,0.9914607918330208
2,488700,0.9907866509927545
2,488800,0.9907866509927545
2,488900,0.9929542663282633
2,489000,0.9728672011975893
2,489100,0.9907866509927545
2,489200,0.9914607918330208
2,489300,0.9910045297316334
2,489400,0.9868986920384096
2,489500,0.9897828049129206
2,489600,0.9914607918330208
2,489700,0.9722890516553564
2,489800,0.9728672011975893
2,489900,0.992594529650718
2,490000,0.9875699280550991
2,490100,0.9921643008065908
2,490200,0.9927775588789596
2,490300,0.9928135533192124
2,490400,0.972589688996589
2,490500,0.9915090980031747
2,490600,0.9819026581655107
2,490700,0.9921037016144162
2,490800,0.9727951137995692
2,490900,0.9912369958416447
2,491000,0.9739555520090836
2,491100,0.9921037016144162
2,491200,0.9921037016144162
2,491300,0.9914794822386725
2,491400,0.9921643008065908
2,491500,0.9936181783550355
2,491600,0.9920691512367101
2,491700,0.9705452144861396
2,491800,0.9925082222936797
2,491900,0.974248340231677
2,492000,0.9924584498759873
2,492100,0.9925082222936797
2,492200,0.9739555520090836
2,492300,0.9912369958416447
2,492400,0.9731437285268305
2,492500,0.9919476483609991
2,492600,0.973016874193163
2,492700,0.973016874193163
2,492800,0.9926172947294619
2,492900,0.9931795830525578
2,493000,0.9862064867546575
2,493100,0.9916729064102826
2,493200,0.9917815390977766
2,493300,0.9925082222936797
2,493400,0.992269673120978
2,493500,0.9912369958416447
2,493600,0.992689132492121
2,493700,0.9912369958416447
2,493800,0.9923908031992406
2,493900,0.9919476483609991
2,494000,0.992269673120978
2,494100,0.9927775588789596
2,494200,0.9916679035968189
2,494300,0.9915242681772823
2,494400,0.9927961210140115
2,494500,0.9927775588789596
2,494600,0.9916679035968189
2,494700,0.9916679035968189
2,494800,0.9916679035968189
2,494900,0.9912369958416447
2,495000,0.9739555520090836
2,495100,0.9928401963191094
2,495200,0.9882735035937802
2,495300,0.9740790515861522
2,495400,0.9918345497161268
2,495500,0.9739555520090836
2,495600,0.9740790515861522
2,495700,0.9939651551384384
2,495800,0.9726311311845964
2,495900,0.9925288611638113
2,496000,0.9918265733936088
2,496100,0.9703979903230814
2,496200,0.9923958657235181
2,496300,0.9748034602276017
2,496400,0.9744837555062218
2,496500,0.9724849874167053
2,496600,0.970356777975794
2,496700,0.991851232878746
2,496800,0.992541880301245
2,496900,0.9748034602276017
2,497000,0.9738309258105484
2,497100,0.9723421354832071
2,497200,0.9740705662394284
2,497300,0.9923958657235181
2,497400,0.9918345497161268
2,497500,0.9925082222936797
2,497600,0.9925082222936797
2,497700,0.9918265733936088
2,497800,0.9930710936362483
2,497900,0.9925082222936797
2,498000,0.9744240819856905
2,498100,0.9828180556307959
2,498200,0.9738309258105484
2,498300,0.9923958657235181
2,498400,0.97049726742525
2,498500,0.9746162555508535
2,498600,0.9746162555508535
2,498700,0.970356777975794
2,498800,0.9936403807752461
2,498900,0.9925082222936797
2,499000,0.9923958657235181
2,499100,0.970356777975794
2,499200,0.9710086331150787
2,499300,0.9738636775062686
2,499400,0.9922107222775624
2,499500,0.991851232878746
2,499600,0.992541880301245
2,499700,0.970356777975794
2,499800,0.9922107222775624
2,499900,0.9923958657235181
2,500000,0.970356777975794
2,500100,0.970356777975794
2,500200,0.9922107222775624
2,500300,0.9710086331150787
2,500400,0.9914923930550599
2,500500,0.9717797681016188
2,500600,0.971165186236055
2,500700,0.9913768213643619
2,500800,0.9917856093197723
2,500900,0.9916537067701864
2,501000,0.9886867522982529
2,501100,0.992541880301245
2,501200,0.970356777975794
2,501300,0.9885255971406546
2,501400,0.9736910209365373
2,501500,0.9919476483609991
2,501600,0.9906208924119482
2,501700,0.9729961737929953
2,501800,0.9906208924119482
2,501900,0.9934130470452842
2,502000,0.9917138955312178
2,502100,0.9919997869308418
2,502200,0.9815780809170425
2,502300,0.9732417729328756
2,502400,0.9925082222936797
2,502500,0.9925082222936797
2,502600,0.9918558269969379
2,502700,0.9739004085566889
2,502800,0.9924087900615615
2,502900,0.9906208924119482
2,503000,0.9914794822386725
2,503100,0.9924571373916794
2,503200,0.9918558269969379
2,503300,0.9927115290500014
2,503400,0.9907519693033197
2,503500,0.9904816688074108
2,503600,0.9721558075367381
2,503700,0.9910763429541734
2,503800,0.9721558075367381
2,503900,0.9731233804233995
2,504000,0.9731233804233995
2,504100,0.9899901144147345
2,504200,0.98914086559104
2,504300,0.9899901144147345
2,504400,0.9823281852086797
2,504500,0.9895688746987477
2,504600,0.9906449601379023
2,504700,0.9900075309832048
2,504800,0.9900075309832048
2,504900,0.9893308218107945
2,505000,0.989169517079298
2,505100,0.9816147298639556
2,505200,0.990208243092678
2,505300,0.9893841878787228
2,505400,0.9914452304292969
2,505500,0.9727962462648069
2,505600,0.9893308218107945
2,505700,0.9723637464859325
2,505800,0.9893308218107945
2,505900,0.9914452304292969
2,506000,0.9728672011975893
2,506100,0.9893308218107945
2,506200,0.9895688746987477
2,506300,0.9846736553650168
2,506400,0.9914452304292969
2,506500,0.9920410166940408
2,506600,0.9901519134959296
2,506700,0.9906740954205808
2,506800,0.9919409617830145
2,506900,0.9720445372684328
2,507000,0.9721496616172653
2,507100,0.9735534488279302
2,507200,0.9907866509927545
2,507300,0.99137185076763
2,507400,0.9843086114959358
2,507500,0.99137185076763
2,507600,0.9903677697823335
2,507700,0.9734054543808448
2,507800,0.9894290985987727
2,507900,0.99137185076763
2,508000,0.9721496616172653
2,508100,0.9929800067573616
2,508200,0.9923149239892269
2,508300,0.9918370537640573
2,508400,0.9728672011975893
2,508500,0.9893841878787228
2,508600,0.9893151115499946
2,508700,0.9893308218107945
2,508800,0.9919973102933024
2,508900,0.9900628213383816
2,509000,0.9893151115499946
2,509100,0.9893308218107945
2,509200,0.9895688746987477
2,509300,0.9895688746987477
2,509400,0.9723637464859325
2,509500,0.9895688746987477
2,509600,0.9896258263659685
2,509700,0.971797476179864
2,509800,0.9897442814795089
2,509900,0.9895688746987477
2,510000,0.9723975874883309
2,510100,0.989169517079298
2,510200,0.98947221292186
2,510300,0.9895688746987477
2,510400,0.9723640872173469
2,510500,0.9726561848898745
2,510600,0.9726657439054249
2,510700,0.9900186904580294
2,510800,0.9893151115499946
2,510900,0.986866362900802
2,511000,0.9907866509927545
2,511100,0.9726561848898745
2,511200,0.9816415708199533
2,511300,0.9893308218107945
2,511400,0.9893308218107945
2,511500,0.9893308218107945
2,511600,0.971797476179864
2,511700,0.9899452323452241
2,511800,0.9895688746987477
2,511900,0.985130078746386
2,512000,0.9869312521426602
2,512100,0.9734054543808448
2,512200,0.9917388305565611
2,512300,0.9724175471015991
2,512400,0.9815233436819979
2,512500,0.9729961737929953
2,512600,0.9729961737929953
2,512700,0.9923908031992406
2,512800,0.9918558269969379
2,512900,0.9923908031992406
2,513000,0.9923908031992406
2,513100,0.9922369355726209
2,513200,0.9917333113176038
2,513300,0.9923908031992406
2,513400,0.9818353766928353
2,513500,0.9915227966500049
2,513600,0.9735341139139881
2,513700,0.9744240819856905
2,513800,0.9922107222775624
2,513900,0.970356777975794
2,514000,0.991851232878746
2,514100,0.9928196167007037
2,514200,0.9929881383192698
2,514300,0.991851232878746
2,514400,0.9921367387518941
2,514500,0.9742657405297405
2,514600,0.9914244730210886
2,514700,0.9915508879554512
2,514800,0.970356777975794
2,514900,0.992541880301245
2,515000,0.9922107222775624
2,515100,0.9864306489177839
2,515200,0.9922107222775624
2,515300,0.970356777975794
2,515400,0.992541880301245
2,515500,0.9699142150010207
2,515600,0.992541880301245
2,515700,0.992541880301245
2,515800,0.9879728033931457
2,515900,0.9922107222775624
2,516000,0.9922107222775624
2,516100,0.9922107222775624
2,516200,0.9914923930550599
2,516300,0.9717797681016188
2,516400,0.9918785249443819
2,516500,0.9923856148272034
2,516600,0.9724909404645097
2,516700,0.991483774655432
2,516800,0.9904060256336706
2,516900,0.9717797681016188
2,517000,0.9717797681016188
2,517100,0.9812933681362354
2,517200,0.9743782507655279
2,517300,0.9922107222775624
2,517400,0.992541880301245
2,517500,0.9886751728907189
2,517600,0.991851232878746
2,517700,0.970356777975794
2,517800,0.970356777975794
2,517900,0.9922107222775624
2,518000,0.971165186236055
2,518100,0.9717797681016188
2,518200,0.9913768213643619
2,518300,0.991713007202673
2,518400,0.9915441313380764
2,518500,0.9922107222775624
2,518600,0.9877102391505197
2,518700,0.971165186236055
2,518800,0.9914244730210886
2,518900,0.9914244730210886
2,519000,0.9743782507655279
2,519100,0.991189398048623
2,519200,0.9922107222775624
2,519300,0.9743782507655279
2,519400,0.971165186236055
2,519500,0.971165186236055
2,519600,0.9927260318739605
2,519700,0.9743782507655279
2,519800,0.970356777975794
2,519900,0.992541880301245
2,520000,0.992541880301245
2,520100,0.9710086331150787
2,520200,0.9703369230761679
2,520300,0.992541880301245
2,520400,0.9695838783898841
2,520500,0.970356777975794
2,520600,0.9916050078615881
2,520700,0.9925288611638113
2,520800,0.9739021426429675
2,520900,0.9936403807752461
2,521000,0.9710086331150787
2,521100,0.9738309258105484
2,521200,0.9922107222775624
2,521300,0.9710086331150787
2,521400,0.9739021426429675
2,521500,0.9933287746079584
2,521600,0.970356777975794
2,521700,0.9849979417831473
2,521800,0.9739021426429675
2,521900,0.9695838783898841
2,522000,0.992541880301245
2,522100,0.992541880301245
2,522200,0.9914244730210886
2,522300,0.9913768213643619
2,522400,0.9884223787358157
2,522500,0.99059745727645
2,522600,0.9745648460027448
2,522700,0.9729413298683658
2,522800,0.9916537067701864
2,522900,0.99059745727645
2,523000,0.9926946328438323
2,523100,0.9913768213643619
2,523200,0.971165186236055
2,523300,0.9927278604885095
2,523400,0.9717797681016188
2,523500,0.991082229753349
2,523600,0.9713017447238145
2,523700,0.9720169597604075
2,523800,0.9720169597604075
2,523900,0.9717797681016188
2,524000,0.9913768213643619
2,524100,0.9920870908172178
2,524200,0.971165186236055
2,524300,0.972474302692873
2,524400,0.9922107222775624
2,524500,0.9740705662394284
2,524600,0.9866690008374112
2,524700,0.9922107222775624
2,524800,0.9717797681016188
2,524900,0.991704009618002
2,525000,0.9731153033337531
2,525100,0.9713017447238145
2,525200,0.9892163738563476
2,525300,0.9717797681016188
2,525400,0.9713017447238145
2,525500,0.9879872808883251
2,525600,0.9713017447238145
2,525700,0.991713007202673
2,525800,0.9913768213643619
2,525900,0.991704009618002
2,526000,0.9717913336789956
2,526100,0.9887671876667401
2,526200,0.9913768213643619
2,526300,0.991713007202673
2,526400,0.9912348993973126
2,526500,0.9720031927394305
2,526600,0.9715525795285067
2,526700,0.991082229753349
2,526800,0.971165186236055
2,526900,0.9738309258105484
2,527000,0.9929881383192698
2,527100,0.9740705662394284
2,527200,0.9922107222775624
2,527300,0.9923958657235181
2,527400,0.9936066231968473
2,527500,0.992541880301245
2,527600,0.9922107222775624
2,527700,0.9710086331150787
2,527800,0.9921473475379751
2,527900,0.9914244730210886
2,528000,0.992541880301245
2,528100,0.991851232878746
2,528200,0.992541880301245
2,528300,0.992541880301245
2,528400,0.9914244730210886
2,528500,0.9866789140091058
2,528600,0.992541880301245
2,528700,0.970356777975794
2,528800,0.970356777975794
2,528900,0.991851232878746
2,529000,0.992541880301245
2,529100,0.9738309258105484
2,529200,0.9922107222775624
2,529300,0.9738309258105484
2,529400,0.992541880301245
2,529500,0.9710086331150787
2,529600,0.9921120368072776
2,529700,0.9922107222775624
2,529800,0.9710086331150787
2,529900,0.991189398048623
2,530000,0.9933968449324948
2,530100,0.9710086331150787
2,530200,0.9738309258105484
2,530300,0.9922107222775624
2,530400,0.9711589461320939
2,530500,0.9921120368072776
2,530600,0.9825261596465162
2,530700,0.9922107222775624
2,530800,0.9922107222775624
2,530900,0.9710086331150787
2,531000,0.9743782507655279
2,531100,0.9711589461320939
2,531200,0.9923492248107706
2,531300,0.9921120368072776
2,531400,0.9921120368072776
2,531500,0.9921120368072776
2,531600,0.991871114903939
2,531700,0.9717797681016188
2,531800,0.9921245642902968
2,531900,0.9711589461320939
2,532000,0.9886903745787332
2,532100,0.992541880301245
2,532200,0.992541880301245
2,532300,0.9742657405297405
2,532400,0.9923170255767796
2,532500,0.9701243812312835
2,532600,0.9703369230761679
2,532700,0.9703369230761679
2,532800,0.9743586240531371
2,532900,0.9925082222936797
2,533000,0.9924538876511833
2,533100,0.9751328831676227
2,533200,0.9925288611638113
2,533300,0.9851391127502523
2,533400,0.9920949924609335
2,533500,0.9925446823688442
2,533600,0.9920691512367101
2,533700,0.9920691512367101
2,533800,0.9925446823688442
2,533900,0.9915227966500049
2,534000,0.9919702579848256
2,534100,0.9729389484093579
2,534200,0.9922577639460151
2,534300,0.9922545802812955
2,534400,0.9932473325723743
2,534500,0.9911897219219047
2,534600,0.9879799772420617
2,534700,0.9729389484093579
2,534800,0.9729389484093579
2,534900,0.9729389484093579
2,535000,0.9919702579848256
2,535100,0.9925446823688442
2,535200,0.9925082222936797
2,535300,0.9919426195549869
2,535400,0.9926521679361763
2,535500,0.9920308121610236
2,535600,0.9733582083514949
2,535700,0.9733582083514949
2,535800,0.9825718831259828
2,535900,0.9729389484093579
2,536000,0.9729389484093579
2,536100,0.9729389484093579
2,536200,0.9925959821822881
2,536300,0.9917333113176038
2,536400,0.9925959821822881
2,536500,0.9915227966500049
2,536600,0.9881897376465846
2,536700,0.9744240819856905
2,536800,0.9923170255767796
2,536900,0.9746215794682638
2,537000,0.9886751728907189
2,537100,0.9916274703381912
2,537200,0.992541880301245
2,537300,0.9936403807752461
2,537400,0.9923170255767796
2,537500,0.9744240819856905
2,537600,0.9925082222936797
2,537700,0.9917814027494829
2,537800,0.9871441549763078
2,537900,0.9918558269969379
2,538000,0.9735341139139881
2,538100,0.9916284674770045
2,538200,0.9922525070599046
2,538300,0.9922525070599046
2,538400,0.9925082222936797
2,538500,0.9935951106516491
2,538600,0.9924538876511833
2,538700,0.9923170255767796
2,538800,0.9744240819856905
2,538900,0.9736910209365373
2,539000,0.9925446823688442
2,539100,0.9735341139139881
2,539200,0.9735341139139881
2,539300,0.9925288611638113
2,539400,0.9735341139139881
2,539500,0.9920221605714393
2,539600,0.9735341139139881
2,539700,0.9916284674770045
2,539800,0.9920980459839122
2,539900,0.9919702579848256
2,540000,0.9925446823688442
2,540100,0.9916284674770045
2,540200,0.9911662576652411
2,540300,0.982230410079481
2,540400,0.9923655105392368
2,540500,0.9916284674770045
2,540600,0.9739653352597497
2,540700,0.9925082222936797
2,540800,0.9926521679361763
2,540900,0.9916284674770045
2,541000,0.9729389484093579
2,541100,0.9915713358863714
2,541200,0.9729389484093579
2,541300,0.9729389484093579
2,541400,0.9729389484093579
2,541500,0.9740311708687244
2,541600,0.9923655105392368
2,541700,0.9916284674770045
2,541800,0.9735341139139881
2,541900,0.9735341139139881
2,542000,0.9735341139139881
2,542100,0.9921911772906253
2,542200,0.9929523853094561
2,542300,0.9910450068320905
2,542400,0.9719777656046145
2,542500,0.9727145996203008
2,542600,0.9719777656046145
2,542700,0.9915840952673702
2,542800,0.9719777656046145
2,542900,0.9918973879571461
2,543000,0.9910450068320905
2,543100,0.9918973879571461
2,543200,0.9920779086254173
2,543300,0.9719777656046145
2,543400,0.9916531746805282
2,543500,0.9729389484093579
2,543600,0.9735341139139881
2,543700,0.9918502770959396
2,543800,0.9876701373214577
2,543900,0.9909266736711677
2,544000,0.9734726397468689
2,544100,0.9918068634079727
2,544200,0.9935663498400527
2,544300,0.9922940310713501
2,544400,0.9729389484093579
2,544500,0.9921736173209219
2,544600,0.9926892810481079
2,544700,0.9927775588789596
2,544800,0.9933456711223803
2,544900,0.9725588743891526
2,545000,0.9721496616172653
2,545100,0.9928739966822985
2,545200,0.9927775588789596
2,545300,0.9725588743891526
2,545400,0.972009462825673
2,545500,0.9901543044708943
2,545600,0.9892312384702447
2,545700,0.99137185076763
2,545800,0.9890743780711397
2,545900,0.9728920633101676
2,546000,0.9728920633101676
2,546100,0.9890743780711397
2,546200,0.9904816688074108
2,546300,0.9933456711223803
2,546400,0.9920779086254173
2,546500,0.9919462592429676
2,546600,0.9943471650978752
2,546700,0.9725588743891526
2,546800,0.99269778833452
2,546900,0.9904816688074108
2,547000,0.9911331230274293
2,547100,0.9860755858524252
2,547200,0.9911331230274293
2,547300,0.9927775588789596
2,547400,0.9911636923164189
2,547500,0.9721496616172653
2,547600,0.9727211121425992
2,547700,0.99269778833452
2,547800,0.99269778833452
2,547900,0.9920779086254173
2,548000,0.9913320994186285
2,548100,0.9911331230274293
2,548200,0.9915866340398336
2,548300,0.9921736173209219
2,548400,0.9724765175665199
2,548500,0.9719185914193108
2,548600,0.9911896927357564
2,548700,0.9920779086254173
2,548800,0.9920779086254173
2,548900,0.9909062771381518
2,549000,0.99137185076763
2,549100,0.9728192850100841
2,549200,0.9727211121425992
2,549300,0.9901543044708943
2,549400,0.9890743780711397
2,549500,0.9728192850100841
2,549600,0.9889473092210738
2,549700,0.9723640872173469
2,549800,0.9913689364041149
2,549900,0.9894565544267752
2,550000,0.9723640872173469
2,550100,0.990274272101035
2,550200,0.9904336042727454
2,550300,0.9897567589185147
2,550400,0.9898210308340487
2,550500,0.990172587093753
2,550600,0.9904816688074108
2,550700,0.9728192850100841
2,550800,0.9896663039573724
2,550900,0.9725588743891526
2,551000,0.9725588743891526
2,551100,0.9918973879571461
2,551200,0.9719777656046145
2,551300,0.9723644590942115
2,551400,0.992699821461951
2,551500,0.9919702579848256
2,551600,0.9929290327756403
2,551700,0.9918973879571461
2,551800,0.9906179760854783
2,551900,0.9713360121234484
2,552000,0.9922531694607479
2,552100,0.9918973879571461
2,552200,0.9933456711223803
2,552300,0.9926892810481079
2,552400,0.9911331230274293
2,552500,0.9902604320060172
2,552600,0.993136326053313
2,552700,0.9894345911122898
2,552800,0.9728920633101676
2,552900,0.9913689364041149
2,553000,0.9723293105635583
2,553100,0.9901911533410855
2,553200,0.9911331230274293
2,553300,0.9922531694607479
2,553400,0.9719777656046145
2,553500,0.9925292713399747
2,553600,0.99269778833452
2,553700,0.9914748447932279
2,553800,0.9812579274294859
2,553900,0.9932473325723743
2,554000,0.9915866340398336
2,554100,0.9922522348037173
2,554200,0.9914748447932279
2,554300,0.9921789911460169
2,554400,0.9914748447932279
2,554500,0.9817285550223225
2,554600,0.9941235255022345
2,554700,0.9920691512367101
2,554800,0.9912515160421606
2,554900,0.9736111666008419
2,555000,0.9881101716413747
2,555100,0.9743273315880473
2,555200,0.9736111666008419
2,555300,0.9734726397468689
2,555400,0.98763355721557
2,555500,0.9923645537789505
2,555600,0.9920691512367101
2,555700,0.9943238631279157
2,555800,0.9909663149906918
2,555900,0.9928953258581079
2,556000,0.9923645537789505
2,556100,0.9916227794904372
2,556200,0.9918929075694805
2,556300,0.9736111666008419
2,556400,0.9920060209117549
2,556500,0.9922369355726209
2,556600,0.992699821461951
2,556700,0.9911897219219047
2,556800,0.993801886587225
2,556900,0.9921789911460169
2,557000,0.9876701373214577
2,557100,0.9734726397468689
2,557200,0.9734726397468689
2,557300,0.992699821461951
2,557400,0.9925292713399747
2,557500,0.9935270816074687
2,557600,0.9719185914193108
2,557700,0.9911331230274293
2,557800,0.9904816688074108
2,557900,0.9911331230274293
2,558000,0.9719185914193108
2,558100,0.9929172524256318
2,558200,0.9904816688074108
2,558300,0.9728192850100841
2,558400,0.9902604320060172
2,558500,0.9904816688074108
2,558600,0.9900241381378498
2,558700,0.9904816688074108
2,558800,0.9719185914193108
2,558900,0.9719185914193108
2,559000,0.9933456711223803
2,559100,0.9923803307191996
2,559200,0.9923803307191996
2,559300,0.9933456711223803
2,559400,0.9724765175665199
2,559500,0.9928739966822985
2,559600,0.9933456711223803
2,559700,0.9921789911460169
2,559800,0.9926110202216318
2,559900,0.9719185914193108
2,560000,0.9933456711223803
2,560100,0.9848757461936684
2,560200,0.9915626515552126
2,560300,0.9902604320060172
2,560400,0.9730058321632834
2,560500,0.9900241381378498
2,560600,0.9899732690969981
2,560700,0.9902604320060172
2,560800,0.9904816688074108
2,560900,0.9909062771381518
2,561000,0.9909062771381518
2,561100,0.9902604320060172
2,561200,0.9902641936698661
2,561300,0.9912008627591201
2,561400,0.9902604320060172
2,561500,0.991401948451446
2,561600,0.9728920633101676
2,561700,0.9909062771381518
2,561800,0.9906580155002023
2,561900,0.9730058321632834
2,562000,0.9901543044708943
2,562100,0.9906580155002023
2,562200,0.9846907431719374
2,562300,0.9900241381378498
2,562400,0.991509486458449
2,562500,0.991509486458449
2,562600,0.9920779086254173
2,562700,0.9925625000164529
2,562800,0.9925625000164529
2,562900,0.9919009683247505
2,563000,0.9926110202216318
2,563100,0.9919009683247505
2,563200,0.9918183987602309
2,563300,0.9922531694607479
2,563400,0.9719777656046145
2,563500,0.9922531694607479
2,563600,0.9722849526009527
2,563700,0.9912808554989041
2,563800,0.9912808554989041
2,563900,0.9912008627591201
2,564000,0.9924665296428029
2,564100,0.9730058321632834
2,564200,0.9923593217457288
2,564300,0.971522495702125
2,564400,0.9924665296428029
2,564500,0.9902915524098176
2,564600,0.9910226832062418
2,564700,0.9910226832062418
2,564800,0.9730058321632834
2,564900,0.9908444787374822
2,565000,0.9906695877030994
2,565100,0.9906586443368454
2,565200,0.9730058321632834
2,565300,0.9912008627591201
2,565400,0.9910226832062418
2,565500,0.9910226832062418
2,565600,0.9924063946318364
2,565700,0.991927215981613
2,565800,0.9910226832062418
2,565900,0.9727320772231418
2,566000,0.9902604320060172
2,566100,0.9894345911122898
2,566200,0.9864603490452949
2,566300,0.9912744645893105
2,566400,0.9904336042727454
2,566500,0.9903724472253564
2,566600,0.9902839089730624
2,566700,0.9927092474934577
2,566800,0.9902839089730624
2,566900,0.9901697121911659
2,567000,0.9910499260866248
2,567100,0.9910499260866248
2,567200,0.9723754223192145
2,567300,0.9910499260866248
2,567400,0.99056694815656
2,567500,0.9902839089730624
2,567600,0.9720602607338853
2,567700,0.9910499260866248
2,567800,0.9866429427906578
2,567900,0.9914180213357369
2,568000,0.986812857490251
2,568100,0.9902266943444061
2,568200,0.9721948904999683
2,568300,0.9912208394098057
2,568400,0.9901688052919355
2,568500,0.9904713058799083
2,568600,0.9898085048644373
2,568700,0.9898085048644373
2,568800,0.9903095722744771
2,568900,0.9838686038425825
2,569000,0.9904713058799083
2,569100,0.9865395597437269
2,569200,0.9912208394098057
2,569300,0.9866188314260363
2,569400,0.9906931027509303
2,569500,0.9902266943444061
2,569600,0.9910015796324777
2,569700,0.9901688052919355
2,569800,0.9906712931610565
2,569900,0.9905734870554244
2,570000,0.9900769823709203
2,570100,0.9724355363268009
2,570200,0.9899747106735668
2,570300,0.9899945470418792
2,570400,0.9904713058799083
2,570500,0.9820780031090445
2,570600,0.9899649837351987
2,570700,0.9912208394098057
2,570800,0.9906712931610565
2,570900,0.9904713058799083
2,571000,0.9721150382595181
2,571100,0.984619269206107
2,571200,0.9899945470418792
2,571300,0.9903095722744771
2,571400,0.9899747106735668
2,571500,0.9805359394113434
2,571600,0.9903742074658186
2,571700,0.9896900830272534
2,571800,0.9716807685135179
2,571900,0.9899314358395782
2,572000,0.9899314358395782
2,572100,0.9899314358395782
2,572200,0.9905343879069527
2,572300,0.9912008627591201
2,572400,0.9916961084791182
2,572500,0.991927215981613
2,572600,0.9899314358395782
2,572700,0.9908099583019592
2,572800,0.9902862815627211
2,572900,0.9910445288727808
2,573000,0.9921830706003177
2,573100,0.9897871367462194
2,573200,0.9902862815627211
2,573300,0.9902862815627211
2,573400,0.987022289261278
2,573500,0.9727472922684727
2,573600,0.9904623846898525
2,573700,0.9900152805961792
2,573800,0.9905343879069527
2,573900,0.9904623846898525
2,574000,0.9727472922684727
2,574100,0.9904623846898525
2,574200,0.9902862815627211
2,574300,0.9905282881655425
2,574400,0.9867450934044489
2,574500,0.9713864860883479
2,574600,0.9721802544904096
2,574700,0.9899314358395782
2,574800,0.9722331939749166
2,574900,0.9908099583019592
2,575000,0.9838700272550176
2,575100,0.9929667059499914
2,575200,0.9902839089730624
2,575300,0.9902839089730624
2,575400,0.9720206050270381
2,575500,0.9900062921981284
2,575600,0.9713864860883479
2,575700,0.9897130829934471
2,575800,0.9902839089730624
2,575900,0.9905282881655425
2,576000,0.9897130829934471
2,576100,0.9899747106735668
2,576200,0.989796967708406
2,576300,0.9721150382595181
2,576400,0.9919247059902012
2,576500,0.9900421620117653
2,576600,0.9903082277298725
2,576700,0.9911123265823166
2,576800,0.9905991019872643
2,576900,0.9715248397572344
2,577000,0.9915611266478668
2,577100,0.9910678502442535
2,577200,0.9870144298155505
2,577300,0.9846396302510437
2,577400,0.9904014159657849
2,577500,0.9844415285247875
2,577600,0.9905407043270085
2,577700,0.9915611266478668
2,577800,0.9866310432101074
2,577900,0.9905092927899657
2,578000,0.9904014159657849
2,578100,0.9907397865657104
2,578200,0.9872068710845465
2,578300,0.9907397865657104
2,578400,0.9909585442551082
2,578500,0.9890859538172404
2,578600,0.9899994671840077
2,578700,0.9898646837763919
2,578800,0.9899882740998982
2,578900,0.9861267876700126
2,579000,0.9913918314181517
2,579100,0.990584708415683
2,579200,0.9832282331403892
2,579300,0.990241413414028
2,579400,0.9860530817130543
2,579500,0.9898646837763919
2,579600,0.9840540149232595
2,579700,0.9862791882558538
2,579800,0.9899994671840077
2,579900,0.9863744811098452
2,580000,0.9901978170532709
2,580100,0.9903889331960661
2,580200,0.9860530817130543
2,580300,0.9896872190862609
2,580400,0.9917835992894238
2,580500,0.9901978170532709
2,580600,0.9905662156874925
2,580700,0.9906030924570947
2,580800,0.9893443079793306
2,580900,0.9860416582087956
2,581000,0.989585848587948
2,581100,0.9896909656263677
2,581200,0.9905662156874925
2,581300,0.9868963461971535
2,581400,0.9730302219881967
2,581500,0.9902897055054968
2,581600,0.9905662156874925
2,581700,0.9910884514187694
2,581800,0.9902107952781047
2,581900,0.9916660026770889
2,582000,0.991557355903188
2,582100,0.9914917396125071
2,582200,0.9904014159657849
2,582300,0.9905662156874925
2,582400,0.992414360176945
2,582500,0.9903082277298725
2,582600,0.9908783927933195
2,582700,0.9730302219881967
2,582800,0.986184960675957
2,582900,0.9899994671840077
2,583000,0.9903889331960661
2,583100,0.9894636340451868
2,583200,0.9906696166178335
2,583300,0.9910356406806831
2,583400,0.9906100733614924
2,583500,0.9873316886660833
2,583600,0.9905548530294018
2,583700,0.9897740915708848
2,583800,0.9902294719976148
2,583900,0.9904084177116139
2,584000,0.9901633984269149
2,584100,0.9904084177116139
2,584200,0.9910356406806831
2,584300,0.9848592276241004
2,584400,0.9846659761919954
2,584500,0.9897740915708848
2,584600,0.9906100733614924
2,584700,0.9897740915708848
2,584800,0.987413549780088
2,584900,0.9870983214618421
2,585000,0.9875740161928267
2,585100,0.9871598708113628
2,585200,0.9869768999924959
2,585300,0.9867916359748613
2,585400,0.9903719893058562
2,585500,0.9871892337416943
2,585600,0.9872491918957057
2,585700,0.9872304267748842
2,585800,0.9881270350051852
2,585900,0.987537635926298
2,586000,0.9870982999768001
2,586100,0.9865966406213135
2,586200,0.9872491918957057
2,586300,0.986972451842287
2,586400,0.9869768999924959
2,586500,0.9874665934521322
2,586600,0.9865881466587437
2,586700,0.9865966406213135
2,586800,0.9860444087578155
2,586900,0.9881270350051852
2,587000,0.9874221539816954
2,587100,0.9901844988126864
2,587200,0.9859706034595711
2,587300,0.9882961333103882
2,587400,0.986732415195869
2,587500,0.9875360228777356
2,587600,0.9878850748888605
2,587700,0.9872304267748842
2,587800,0.9868296808910807
2,587900,0.9866765332724846
2,588000,0.9878850748888605
2,588100,0.9872304267748842
2,588200,0.9874364061883305
2,588300,0.987882107666376
2,588400,0.9865881466587437
2,588500,0.9887669953450932
2,588600,0.9870982999768001
2,588700,0.9865881466587437
2,588800,0.9862898935560807
2,588900,0.987335366766491
2,589000,0.9890346904561443
2,589100,0.9865207456119485
2,589200,0.9862898935560807
2,589300,0.9862898935560807
2,589400,0.9872491918957057
2,589500,0.9871427563439593
2,589600,0.9868296808910807
2,589700,0.9868296808910807
2,589800,0.9887316941788751
2,589900,0.9882529044546888
2,590000,0.9871143749647266
2,590100,0.9870982999768001
2,590200,0.9871478322447548
2,590300,0.9872491918957057
2,590400,0.9868296808910807
2,590500,0.9872304267748842
2,590600,0.988492349416775
2,590700,0.9865966406213135
2,590800,0.9871143749647266
2,590900,0.987450051455005
2,591000,0.9869537642631869
2,591100,0.9875740161928267
2,591200,0.9875740161928267
2,591300,0.9876758880154363
2,591400,0.9892502706330804
2,591500,0.9878580911047242
2,591600,0.9877377742271327
2,591700,0.9878580911047242
2,591800,0.9841238336515322
2,591900,0.9901283829762928
2,592000,0.9907541520192419
2,592100,0.9900592133323132
2,592200,0.9906696166178335
2,592300,0.9898646837763919
2,592400,0.9906696166178335
2,592500,0.9903889331960661
2,592600,0.9907541520192419
2,592700,0.9910884453890034
2,592800,0.990241413414028
2,592900,0.990241413414028
2,593000,0.9932501083980694
2,593100,0.9910950205590372
2,593200,0.9910884453890034
2,593300,0.9859117403304248
2,593400,0.9909184752278085
2,593500,0.990106205017662
2,593600,0.990241413414028
2,593700,0.9869697670520792
2,593800,0.9904643508950102
2,593900,0.9924857060877361
2,594000,0.9902410848598129
2,594100,0.9910356406806831
2,594200,0.990241413414028
2,594300,0.9904643508950102
2,594400,0.9868297105959696
2,594500,0.9898275311802983
2,594600,0.9914589970415039
2,594700,0.9910921669196553
2,594800,0.9906549176471325
2,594900,0.9904437907901623
2,595000,0.9899994671840077
2,595100,0.9901490775561415
2,595200,0.9898127957605717
2,595300,0.9901253432766955
2,595400,0.989421509261614
2,595500,0.989585848587948
2,595600,0.9901253432766955
2,595700,0.989585848587948
2,595800,0.989421509261614
2,595900,0.9902638207189525
2,596000,0.9902842875092193
2,596100,0.989421509261614
2,596200,0.9898111807443134
2,596300,0.9904974968893147
2,596400,0.9904688952111804
2,596500,0.9820448770624732
2,596600,0.9900573299695753
2,596700,0.9900573299695753
2,596800,0.9900573299695753
2,596900,0.9899219798026084
2,597000,0.9898301795721532
2,597100,0.9898181125628904
2,597200,0.9895585080511498
2,597300,0.990791179916231
2,597400,0.9896085859035554
2,597500,0.9914679826560435
2,597600,0.9895356376364898
2,597700,0.9721802544904096
2,597800,0.9902862815627211
2,597900,0.9902970456006078
2,598000,0.9725577328951196
2,598100,0.9902604320060172
2,598200,0.9912008627591201
2,598300,0.9871082450740135
2,598400,0.9728539325784267
2,598500,0.9912986345133927
2,598600,0.9725345230199713
2,598700,0.9715754197555713
2,598800,0.9877198285732877
2,598900,0.9918245150904913
2,599000,0.9728129980674267
2,599100,0.9910725609384957
2,599200,0.9923968532334546
2,599300,0.9876503882861154
2,599400,0.9927993334819042
2,599500,0.9922607736218191
2,599600,0.9917919341313731
2,599700,0.9922607736218191
2,599800,0.9924955139338195
2,599900,0.9925881787992333
2,600000,0.9879902488727962
2,600100,0.9925881787992333
2,600200,0.9914710315073297
2,600300,0.9922607736218191
2,600400,0.9697578371000493
2,600500,0.969925079953518
2,600600,0.990698975885162
2,600700,0.969925079953518
2,600800,0.969925079953518
2,600900,0.9918713795175066
2,601000,0.9919633843440884
2,601100,0.9708283941471352
2,601200,0.9705223777787456
2,601300,0.9930019784160884
2,601400,0.9888146064451486
2,601500,0.9934037823536227
2,601600,0.9888146064451486
2,601700,0.9919662055312354
2,601800,0.9915162758326297
2,601900,0.9915816564976566
2,602000,0.9924252831825338
2,602100,0.9906317448109133
2,602200,0.9708283941471352
2,602300,0.9919662055312354
2,602400,0.9714121255548218
2,602500,0.9919848958550457
2,602600,0.9885876880245237
2,602700,0.9885876880245237
2,602800,0.9917352670718775
2,602900,0.9919633843440884
2,603000,0.9705223777787456
2,603100,0.9915467070193629
2,603200,0.9705761829246262
2,603300,0.969925079953518
2,603400,0.9704657063629988
2,603500,0.9915467070193629
2,603600,0.9708283941471352
2,603700,0.9866154801314198
2,603800,0.9705761829246262
2,603900,0.9931106342334981
2,604000,0.9692415988419213
2,604100,0.9935247042592565
2,604200,0.9926540377401938
2,604300,0.9918011459948383
2,604400,0.9723538000046948
2,604500,0.9738629075112671
2,604600,0.9738629075112671
2,604700,0.9866236651159237
2,604800,0.9699175305225428
2,604900,0.9703577183379293
2,605000,0.9733746945861245
2,605100,0.9921554836837438
2,605200,0.9920019283413142
2,605300,0.991227405301548
2,605400,0.9925881787992333
2,605500,0.9914710315073297
2,605600,0.9910069552877333
2,605700,0.9724913622089771
2,605800,0.9705223777787456
2,605900,0.9923431318641809
2,606000,0.971644219261701
2,606100,0.9912312287043684
2,606200,0.9718819990464289
2,606300,0.9922835788548888
2,606400,0.9714678373289934
2,606500,0.9714121255548218
2,606600,0.9714121255548218
2,606700,0.9718819990464289
2,606800,0.9718819990464289
2,606900,0.9922835788548888
2,607000,0.9919249008495807
2,607100,0.9913508550707577
2,607200,0.9929621449493373
2,607300,0.972082664481662
2,607400,0.972082664481662
2,607500,0.9723048090144664
2,607600,0.9919249008495807
2,607700,0.9883439724803292
2,607800,0.9919249008495807
2,607900,0.9722746291190403
2,608000,0.9913508550707577
2,608100,0.9722746291190403
2,608200,0.9909203450694529
2,608300,0.971514036878159
2,608400,0.9912312287043684
2,608500,0.9917218359232888
2,608600,0.9912312287043684
2,608700,0.9723120028253203
2,608800,0.9919416814974427
2,608900,0.9910204035522394
2,609000,0.9716166017491983
2,609100,0.9910204035522394
2,609200,0.9909203450694529
2,609300,0.9878893616175058
2,609400,0.9910204035522394
2,609500,0.9878893616175058
2,609600,0.9722746291190403
2,609700,0.9723048090144664
2,609800,0.9716548091503983
2,609900,0.9716166017491983
2,610000,0.9906074581607006
2,610100,0.9716548091503983
2,610200,0.9914145564761685
2,610300,0.9724414250953641
2,610400,0.9717275353918384
2,610500,0.9717275353918384
2,610600,0.9917810171088804
2,610700,0.9929061095570502
2,610800,0.9817967745644144
2,610900,0.9913508550707577
2,611000,0.9715899465140534
2,611100,0.9917352670718775
2,611200,0.9923104947111762
2,611300,0.9806655187511614
2,611400,0.9699175305225428
2,611500,0.991686038986382
2,611600,0.9739912649025053
2,611700,0.9922607736218191
2,611800,0.9699175305225428
2,611900,0.9806796089022726
2,612000,0.9863589290007205
2,612100,0.991686038986382
2,612200,0.9917919341313731
2,612300,0.9921554836837438
2,612400,0.9718157953069846
2,612500,0.9733746945861245
2,612600,0.9926558906383542
2,612700,0.9703577183379293
2,612800,0.9925881787992333
2,612900,0.9918011459948383
2,613000,0.9934883187784748
2,613100,0.9730217753860284
2,613200,0.9926558906383542
2,613300,0.9704100732133356
2,613400,0.9703577183379293
2,613500,0.9922607736218191
2,613600,0.9705761829246262
2,613700,0.9915467070193629
2,613800,0.9929392646192109
2,613900,0.9742837559100422
2,614000,0.9907306645580359
2,614100,0.9825485603650425
2,614200,0.991686038986382
2,614300,0.9741125236895914
2,614400,0.9922607736218191
2,614500,0.9922171837204754
2,614600,0.9854834237284711
2,614700,0.9705761829246262
2,614800,0.9924955139338195
2,614900,0.9926558906383542
2,615000,0.9926558906383542
2,615100,0.9729637403060442
2,615200,0.9923855420816157
2,615300,0.9926558906383542
2,615400,0.9929007521558596
2,615500,0.9910725609384957
2,615600,0.9728384897837953
2,615700,0.9841973110795219
2,615800,0.9898949429984301
2,615900,0.9899314358395782
2,616000,0.9910624513038535
2,616100,0.9900152805961792
2,616200,0.9910624513038535
2,616300,0.9727472922684727
2,616400,0.9727472922684727
2,616500,0.9906541334489113
2,616600,0.9900152805961792
2,616700,0.9899314358395782
2,616800,0.9727472922684727
2,616900,0.9727472922684727
2,617000,0.9895356376364898
2,617100,0.9895356376364898
2,617200,0.99078597043318
2,617300,0.9893156490200912
2,617400,0.9730577538827262
2,617500,0.9730577538827262
2,617600,0.9904560107406849
2,617700,0.99078597043318
2,617800,0.9900152805961792
2,617900,0.9900887817898576
2,618000,0.9728539325784267
2,618100,0.9891614452620957
2,618200,0.9891614452620957
2,618300,0.9898949429984301
2,618400,0.9910479314602126
2,618500,0.9918231632074049
2,618600,0.9891614452620957
2,618700,0.9729420219246404
2,618800,0.9900475973993469
2,618900,0.9728384897837953
2,619000,0.972362216750533
2,619100,0.9724612340329727
2,619200,0.9923968532334546
2,619300,0.991675998427819
2,619400,0.9926721284299156
2,619500,0.990453297125912
2,619600,0.9731305182763516
2,619700,0.990453297125912
2,619800,0.9910725609384957
2,619900,0.9911262531737777
2,620000,0.9900475973993469
2,620100,0.973339629547415
2,620200,0.9891614452620957
2,620300,0.9727472922684727
2,620400,0.9899863066057967
2,620500,0.9895356376364898
2,620600,0.9867084473735774
2,620700,0.991181337111663
2,620800,0.9894552037152963
2,620900,0.9896900830272534
2,621000,0.9901826427223319
2,621100,0.9903763524629603
2,621200,0.9900925406594312
2,621300,0.9903763524629603
2,621400,0.9908567457838902
2,621500,0.9908567457838902
2,621600,0.9908567457838902
2,621700,0.9908567457838902
2,621800,0.9912208394098057
2,621900,0.9905734870554244
2,622000,0.9843167620848798
2,622100,0.9715138100749364
2,622200,0.9893497028796726
2,622300,0.9894583969056455
2,622400,0.9902269508876571
2,622500,0.9819690637400017
2,622600,0.9927387195736858
2,622700,0.9900152805961792
2,622800,0.9730577538827262
2,622900,0.973339629547415
2,623000,0.9734724005452944
2,623100,0.9904433832920184
2,623200,0.9899732690969981
2,623300,0.9909674324193625
2,623400,0.989558265564518
2,623500,0.9904433832920184
2,623600,0.9734049803831111
2,623700,0.9898949429984301
2,623800,0.9911981919752556
2,623900,0.9730577538827262
2,624000,0.9871082450740135
2,624100,0.9849677690923914
2,624200,0.973339629547415
2,624300,0.9904433832920184
2,624400,0.9904433832920184
2,624500,0.9907350949672344
2,624600,0.9888586316527158
2,624700,0.991327854852933
2,624800,0.9734724005452944
2,624900,0.9734724005452944
2,625000,0.9907350949672344
2,625100,0.9897453564437436
2,625200,0.9897453564437436
2,625300,0.991436148200845
2,625400,0.9926558906383542
2,625500,0.9934883187784748
2,625600,0.9922171837204754
2,625700,0.991686038986382
2,625800,0.9729343080909286
2,625900,0.9914710315073297
2,626000,0.9923855420816157
2,626100,0.9922607736218191
2,626200,0.969925079953518
2,626300,0.9705223777787456
2,626400,0.991802096348266
2,626500,0.991686038986382
2,626600,0.991686038986382
2,626700,0.9922171837204754
2,626800,0.9744168501554651
2,626900,0.9739653352597497
2,627000,0.9914710315073297
2,627100,0.9922607736218191
2,627200,0.9914710315073297
2,627300,0.9704100732133356
2,627400,0.9709065044726812
2,627500,0.991686038986382
2,627600,0.9929306935974297
2,627700,0.969925079953518
2,627800,0.991892668433238
2,627900,0.9914943979581813
2,628000,0.9714678373289934
2,628100,0.9719552711715631
2,628200,0.9912721634956091
2,628300,0.9710800779316822
2,628400,0.9912246325333656
2,628500,0.9914943979581813
2,628600,0.9913956440945648
2,628700,0.9914943979581813
2,628800,0.9911792125588834
2,628900,0.9705426120612844
2,629000,0.9708808964002879
2,629100,0.9705223777787456
2,629200,0.991892668433238
2,629300,0.969925079953518
2,629400,0.9922607736218191
2,629500,0.9914710315073297
2,629600,0.9845604291413481
2,629700,0.991686038986382
2,629800,0.9922171837204754
2,629900,0.9709065044726812
2,630000,0.9907306645580359
2,630100,0.9705761829246262
2,630200,0.9742837559100422
2,630300,0.991686038986382
2,630400,0.9707866723425032
2,630500,0.9910069552877333
2,630600,0.9724322449244817
2,630700,0.9922607736218191
2,630800,0.9836924179343439
2,630900,0.991686038986382
2,631000,0.9809946875901306
2,631100,0.9914482405781275
2,631200,0.991686038986382
2,631300,0.9927665262098632
2,631400,0.9911792125588834
2,631500,0.9907306645580359
2,631600,0.9744168501554651
2,631700,0.9705761829246262
2,631800,0.991686038986382
2,631900,0.969925079953518
2,632000,0.969925079953518
2,632100,0.991892668433238
2,632200,0.9927665262098632
2,632300,0.9911792125588834
2,632400,0.9710800779316822
2,632500,0.9872194816865539
2,632600,0.9706446675109702
2,632700,0.9710800779316822
2,632800,0.9706446675109702
2,632900,0.9920869754052368
2,633000,0.9714678373289934
2,633100,0.9710800779316822
2,633200,0.9912246325333656
2,633300,0.9905584398483204
2,633400,0.9905584398483204
2,633500,0.9705223777787456
2,633600,0.9705761829246262
2,633700,0.9922607736218191
2,633800,0.9702125105603232
2,633900,0.9916771467456458
2,634000,0.9914710315073297
2,634100,0.9918215839653054
2,634200,0.9909779301189491
2,634300,0.9918215839653054
2,634400,0.9909779301189491
2,634500,0.9922607736218191
2,634600,0.9917919341313731
2,634700,0.9705761829246262
2,634800,0.9727802845076736
2,634900,0.969925079953518
2,635000,0.991686038986382
2,635100,0.9914482405781275
2,635200,0.9914482405781275
2,635300,0.9705223777787456
2,635400,0.9706832839150451
2,635500,0.9872194816865539
2,635600,0.9712554029764998
2,635700,0.9906981751275443
2,635800,0.9706446675109702
2,635900,0.9914482405781275
2,636000,0.9903455306185808
2,636100,0.9906981751275443
2,636200,0.9867626415448506
2,636300,0.9705223777787456
2,636400,0.9914482405781275
2,636500,0.9705426120612844
2,636600,0.9925639680450892
2,636700,0.9708808964002879
2,636800,0.9907306645580359
2,636900,0.9705223777787456
2,637000,0.991686038986382
2,637100,0.991686038986382
2,637200,0.9919897000965453
2,637300,0.9847143611416067
2,637400,0.9911792125588834
2,637500,0.9919897000965453
2,637600,0.9906981751275443
2,637700,0.9919897000965453
2,637800,0.991892668433238
2,637900,0.9705426120612844
2,638000,0.9911792125588834
2,638100,0.9887476830750414
2,638200,0.9706832839150451
2,638300,0.9911792125588834
2,638400,0.9708808964002879
2,638500,0.9710800779316822
2,638600,0.9871048812192552
2,638700,0.9911943828552593
2,638800,0.9905707069674727
2,638900,0.9907580920469168
2,639000,0.9926622417864971
2,639100,0.9712554029764998
2,639200,0.9911650974551944
2,639300,0.9720403609170754
2,639400,0.9914768399022423
2,639500,0.9708808964002879
2,639600,0.9911792125588834
2,639700,0.9706446675109702
2,639800,0.9911792125588834
2,639900,0.9914768399022423
2,640000,0.9708808964002879
2,640100,0.9905707069674727
2,640200,0.9911792125588834
2,640300,0.9706832839150451
2,640400,0.9922895842471398
2,640500,0.969722296742316
2,640600,0.969722296742316
2,640700,0.992132465413299
2,640800,0.9923680116703276
2,640900,0.9922607736218191
2,641000,0.991686038986382
2,641100,0.9914482405781275
2,641200,0.9911792125588834
2,641300,0.9706832839150451
2,641400,0.9911943828552593
2,641500,0.9705426120612844
2,641600,0.9910272330314823
2,641700,0.9910272330314823
2,641800,0.991686038986382
2,641900,0.9705761829246262
2,642000,0.9913064550233559
2,642100,0.9705426120612844
2,642200,0.9914482405781275
2,642300,0.969925079953518
2,642400,0.9936744091842763
2,642500,0.9728337641847451
2,642600,0.992132465413299
2,642700,0.992132465413299
2,642800,0.9732209662814455
2,642900,0.9908688340502882
2,643000,0.9910955287544431
2,643100,0.9707866723425032
2,643200,0.9884465685716001
2,643300,0.9693347857708806
2,643400,0.9696012525186986
2,643500,0.9702125105603232
2,643600,0.9914341372286444
2,643700,0.9916771467456458
2,643800,0.9906268870791672
2,643900,0.9914341372286444
2,644000,0.9705426120612844
2,644100,0.9818035713913811
2,644200,0.9914482405781275
2,644300,0.9914482405781275
2,644400,0.969925079953518
2,644500,0.993517634733684
2,644600,0.9708808964002879
2,644700,0.9705426120612844
2,644800,0.9712554029764998
2,644900,0.99255951605649
2,645000,0.9705223777787456
2,645100,0.9705426120612844
2,645200,0.9915467070193629
2,645300,0.9910069552877333
2,645400,0.9727802845076736
2,645500,0.9873925348195512
2,645600,0.9705426120612844
2,645700,0.9705426120612844
2,645800,0.9710800779316822
2,645900,0.9911792125588834
2,646000,0.9905707069674727
2,646100,0.988830223320439
2,646200,0.9706832839150451
2,646300,0.9905707069674727
2,646400,0.9712554029764998
2,646500,0.9882078149184208
2,646600,0.9720403609170754
2,646700,0.9875495359696647
2,646800,0.9720164110537542
2,646900,0.9720164110537542
2,647000,0.9907580920469168
2,647100,0.9906498479716062
2,647200,0.9916003010300087
2,647300,0.9720403609170754
2,647400,0.9916003010300087
2,647500,0.9905584398483204
2,647600,0.9705426120612844
2,647700,0.9706832839150451
2,647800,0.9921622199399137
2,647900,0.9887458627875834
2,648000,0.9705426120612844
2,648100,0.9705426120612844
2,648200,0.9914768399022423
2,648300,0.9709128461022696
2,648400,0.9705426120612844
2,648500,0.9913064550233559
2,648600,0.9914482405781275
2,648700,0.9906601819469153
2,648800,0.969925079953518
2,648900,0.991686038986382
2,649000,0.991686038986382
2,649100,0.9914259073584388
2,649200,0.9914710315073297
2,649300,0.9702125105603232
2,649400,0.9702125105603232
2,649500,0.992132465413299
2,649600,0.9913064550233559
2,649700,0.9910809801546642
2,649800,0.9815555520159723
2,649900,0.992132465413299
2,650000,0.9915296573093509
2,650100,0.991686038986382
2,650200,0.991293465960498
2,650300,0.9906268870791672
2,650400,0.9703977984208347
2,650500,0.991686038986382
2,650600,0.9806655187511614
2,650700,0.992132465413299
2,650800,0.9706034384853863
2,650900,0.9887458627875834
2,651000,0.9879244312572578
2,651100,0.9862766068967056
2,651200,0.9702125105603232
2,651300,0.991686038986382
2,651400,0.9918210592252483
2,651500,0.9911792125588834
2,651600,0.9905707069674727
2,651700,0.9812230349859887
2,651800,0.991686038986382
2,651900,0.9702125105603232
2,652000,0.9905717589590762
2,652100,0.9934018866039427
2,652200,0.9914611809289204
2,652300,0.991686038986382
2,652400,0.991686038986382
2,652500,0.9913064550233559
2,652600,0.9920385037611172
2,652700,0.9705426120612844
2,652800,0.9711683167380485
2,652900,0.9705426120612844
2,653000,0.9911792125588834
2,653100,0.9912830985456121
2,653200,0.9714678373289934
2,653300,0.991423510719523
2,653400,0.9716969893773154
2,653500,0.991773447811824
2,653600,0.9910138277979469
2,653700,0.9913813964227829
2,653800,0.971494375461167
2,653900,0.9905988661430549
2,654000,0.9715491889231324
2,654100,0.990804906024736
2,654200,0.9880389418091203
2,654300,0.9923047093740496
2,654400,0.9906443573762261
2,654500,0.9927768404094339
2,654600,0.9724089517198481
2,654700,0.991623675364562
2,654800,0.9721688989562525
2,654900,0.9721688989562525
2,655000,0.9919491650573917
2,655100,0.9728979199500868
2,655200,0.9915649990869888
2,655300,0.9880389418091203
2,655400,0.9880389418091203
2,655500,0.991623675364562
2,655600,0.9911172932241602
2,655700,0.972828081519617
2,655800,0.9911077065678087
2,655900,0.990304830530492
2,656000,0.991549057031923
2,656100,0.9722558175621159
2,656200,0.9911077065678087
2,656300,0.9921148791580677
2,656400,0.9881010007867248
2,656500,0.9911077065678087
2,656600,0.9819815340225572
2,656700,0.9920702362132161
2,656800,0.9913717927730313
2,656900,0.972828081519617
2,657000,0.9722558175621159
2,657100,0.9915649990869888
2,657200,0.9728271509193901
2,657300,0.9728271509193901
2,657400,0.9728111707575267
2,657500,0.991027786263207
2,657600,0.9915649990869888
2,657700,0.9913030098524537
2,657800,0.9882289853961941
2,657900,0.9722558175621159
2,658000,0.9883392278668577
2,658100,0.9883392278668577
2,658200,0.9721251833719986
2,658300,0.9923047093740496
2,658400,0.9722746291190403
2,658500,0.9728271509193901
2,658600,0.9913030098524537
2,658700,0.9728111707575267
2,658800,0.9728979199500868
2,658900,0.9911077065678087
2,659000,0.9907572766308229
2,659100,0.9913397263746554
2,659200,0.9913397263746554
2,659300,0.9927277182139934
2,659400,0.9917482990775008
2,659500,0.9710926645776118
2,659600,0.972684387933395
2,659700,0.9925343769035583
2,659800,0.9815351486037391
2,659900,0.972684387933395
2,660000,0.970544921098446
2,660100,0.9737785234502461
2,660200,0.9925343769035583
2,660300,0.9925343769035583
2,660400,0.9925343769035583
2,660500,0.9922766164600961
2,660600,0.9925343769035583
2,660700,0.9731960607558745
2,660800,0.9913397263746554
2,660900,0.9731035322977365
2,661000,0.972828081519617
2,661100,0.9722558175621159
2,661200,0.9915649990869888
2,661300,0.9917218359232888
2,661400,0.9721259315425693
2,661500,0.9722746291190403
2,661600,0.9913213444057115
2,661700,0.9722746291190403
2,661800,0.9722746291190403
2,661900,0.9720841266599338
2,662000,0.9915649990869888
2,662100,0.9909203450694529
2,662200,0.9909203450694529
2,662300,0.9720841266599338
2,662400,0.9919926530018282
2,662500,0.9720164110537542
2,662600,0.9912685791820457
2,662700,0.9720164110537542
2,662800,0.9865806460305159
2,662900,0.971494375461167
2,663000,0.9712554029764998
2,663100,0.987151477583029
2,663200,0.9920801960871013
2,663300,0.9720841266599338
2,663400,0.9910742454600715
2,663500,0.9912776878116502
2,663600,0.990304830530492
2,663700,0.9918274487785975
2,663800,0.9723794437807325
2,663900,0.9722558175621159
2,664000,0.9718686668109148
2,664100,0.9881010007867248
2,664200,0.9927768404094339
2,664300,0.9917810171088804
2,664400,0.9722558175621159
2,664500,0.9722558175621159
2,664600,0.972828081519617
2,664700,0.972828081519617
2,664800,0.9736354022280386
2,664900,0.9918500350736786
2,665000,0.9712272051056814
2,665100,0.9712272051056814
2,665200,0.9844046658206062
2,665300,0.992981843664622
2,665400,0.9735679534254075
2,665500,0.985336335863802
2,665600,0.9930717634017958
2,665700,0.9930717634017958
2,665800,0.97348762992944
2,665900,0.9918500350736786
2,666000,0.9885873064002515
2,666100,0.9737051736555495
2,666200,0.9730431187291557
2,666300,0.9730431187291557
2,666400,0.988356677295166
2,666500,0.9917806831319916
2,666600,0.991053898624391
2,666700,0.9915068702876154
2,666800,0.9737785234502461
2,666900,0.9912504703549802
2,667000,0.9909540195008095
2,667100,0.9907582365577307
2,667200,0.9930717634017958
2,667300,0.9907086365285929
2,667400,0.9921171995921276
2,667500,0.9920054303637934
2,667600,0.9925628084000166
2,667700,0.970544921098446
2,667800,0.992919807408661
2,667900,0.9934639714051475
2,668000,0.9930554234615593
2,668100,0.9926847430059267
2,668200,0.9926847430059267
2,668300,0.9930554234615593
2,668400,0.9721289774890659
2,668500,0.9933509412070005
2,668600,0.9923541888110402
2,668700,0.9929464485651072
2,668800,0.9923541888110402
2,668900,0.9926847430059267
2,669000,0.9927935183572338
2,669100,0.9928346731658038
2,669200,0.9928346731658038
2,669300,0.9931434386443263
2,669400,0.9924878784828102
2,669500,0.992848640489821
2,669600,0.9928346731658038
2,669700,0.9933940684720023
2,669800,0.9695554797697644
2,669900,0.9697379977293379
2,670000,0.9921691981988418
2,670100,0.9921506571387362
2,670200,0.9927648032909032
2,670300,0.9921355832349783
2,670400,0.9723957919379337
2,670500,0.9708935768625401
2,670600,0.9723957919379337
2,670700,0.9925424005635556
2,670800,0.9711259369598788
2,670900,0.987830261153014
2,671000,0.9924949273372132
2,671100,0.9920927711700988
2,671200,0.9920927711700988
2,671300,0.9920927711700988
2,671400,0.9927935183572338
2,671500,0.9881297589388796
2,671600,0.9925424005635556
2,671700,0.9921691981988418
2,671800,0.9920927711700988
2,671900,0.9921355832349783
2,672000,0.9921355832349783
2,672100,0.972626442937021
2,672200,0.9918463967322361
2,672300,0.9924559092578124
2,672400,0.9918718438294899
2,672500,0.9921822586810816
2,672600,0.9924807367337524
2,672700,0.9923449411243802
2,672800,0.9853550028016741
2,672900,0.9870981387651976
2,673000,0.9928188664688552
2,673100,0.9927694229192864
2,673200,0.9940158739485446
2,673300,0.992973672400012
2,673400,0.992973672400012
2,673500,0.992973672400012
2,673600,0.9938220339783693
2,673700,0.9715745956000167
2,673800,0.9930355156124393
2,673900,0.9872863225730084
2,674000,0.9872461888185788
2,674100,0.9710075036980423
2,674200,0.9936321503663933
2,674300,0.9936321503663933
2,674400,0.9869796779090421
2,674500,0.9869796779090421
2,674600,0.9923449411243802
2,674700,0.9923449411243802
2,674800,0.993725336788718
2,674900,0.9940734429767759
2,675000,0.9937275185108636
2,675100,0.9923449411243802
2,675200,0.9715745956000167
2,675300,0.9926458704550599
2,675400,0.992592684546061
2,675500,0.986777330423734
2,675600,0.9869796779090421
2,675700,0.9935605968645598
2,675800,0.9713042004887065
2,675900,0.9927165025458723
2,676000,0.9918626758589715
2,676100,0.9926458704550599
2,676200,0.9933697636606933
2,676300,0.9925585113042119
2,676400,0.9933697636606933
2,676500,0.9926547987777303
2,676600,0.9719443296564922
2,676700,0.9918626758589715
2,676800,0.9930355342351918
2,676900,0.9713042004887065
2,677000,0.9918626758589715
2,677100,0.9935605968645598
2,677200,0.9925882015699101
2,677300,0.9918718438294899
2,677400,0.9824281718563723
2,677500,0.9728981124972871
2,677600,0.9928025910416776
2,677700,0.9923045911533471
2,677800,0.9923533562586797
2,677900,0.9882422877095403
2,678000,0.9924807367337524
2,678100,0.9921822586810816
2,678200,0.9923303168015634
2,678300,0.9926547987777303
2,678400,0.9923303168015634
2,678500,0.9855969748721547
2,678600,0.9871393015729837
2,678700,0.9938285558221105
2,678800,0.9940435489173493
2,678900,0.9718268077962762
2,679000,0.9819406043033062
2,679100,0.9940336371714088
2,679200,0.9926475983952008
2,679300,0.9938531412510853
2,679400,0.9932775743255173
2,679500,0.9928708387334307
2,679600,0.9930988945251645
2,679700,0.9935622278622945
2,679800,0.9928708387334307
2,679900,0.9928708387334307
2,680000,0.9933653466003393
2,680100,0.993566216160933
2,680200,0.9936994005233083
2,680300,0.9933747278213959
2,680400,0.9936406303007614
2,680500,0.9716207793603249
2,680600,0.9875269846271122
2,680700,0.993588710960196
2,680800,0.9935590493724359
2,680900,0.993588710960196
2,681000,0.9935622278622945
2,681100,0.9934012422932224
2,681200,0.9935302449215261
2,681300,0.9830557091072113
2,681400,0.9880503251244934
2,681500,0.9932429719835271
2,681600,0.9928708387334307
2,681700,0.9882816881778264
2,681800,0.9936112524886533
2,681900,0.9939948033182993
2,682000,0.9934563818334842
2,682100,0.9933053264677999
2,682200,0.9926163653077091
2,682300,0.9869601498413505
2,682400,0.9891600628126932
2,682500,0.9937929275994108
2,682600,0.9930531872929373
2,682700,0.9937703777203223
2,682800,0.9929740231644167
2,682900,0.993309310693856
2,683000,0.9932798645357771
2,683100,0.9942887407295922
2,683200,0.9933053264677999
2,683300,0.9936145405658526
2,683400,0.993309310693856
2,683500,0.9931776942750696
2,683600,0.9869456103188221
2,683700,0.9932603378429289
2,683800,0.9936145405658526
2,683900,0.9937703777203223
2,684000,0.9949498037758452
2,684100,0.9941594164105849
2,684200,0.9938896570742053
2,684300,0.9928075809773497
2,684400,0.9935302449215261
2,684500,0.9926440896863737
2,684600,0.9926440896863737
2,684700,0.9937019703538273
2,684800,0.9875269846271122
2,684900,0.9933468543770406
2,685000,0.9719173435341599
2,685100,0.993566216160933
2,685200,0.9926440896863737
2,685300,0.9930639674883319
2,685400,0.9941108954490079
2,685500,0.9932429719835271
2,685600,0.9880513631395753
2,685700,0.9928708387334307
2,685800,0.9935419978494577
2,685900,0.9933891408858845
2,686000,0.9940336371714088
2,686100,0.9938221519433901
2,686200,0.993566216160933
2,686300,0.972630091168468
2,686400,0.9880513631395753
2,686500,0.9875269846271122
2,686600,0.9940336371714088
2,686700,0.9938531412510853
2,686800,0.9937178606287235
2,686900,0.9937019703538273
2,687000,0.9936406303007614
2,687100,0.9931509163719319
2,687200,0.9703573127459715
2,687300,0.9936321503663933
2,687400,0.9936539335439213
2,687500,0.9926625470602163
2,687600,0.9936321503663933
2,687700,0.9813919208509002
2,687800,0.9703573127459715
2,687900,0.9936321503663933
2,688000,0.9703573127459715
2,688100,0.9926625470602163
2,688200,0.992973672400012
2,688300,0.992973672400012
2,688400,0.9936406303007614
2,688500,0.9719173435341599
2,688600,0.995466430121147
2,688700,0.9947029370225009
2,688800,0.9926475983952008
2,688900,0.9937019703538273
2,689000,0.9926440896863737
2,689100,0.993566216160933
2,689200,0.9941907425707532
2,689300,0.9938697243392773
2,689400,0.9927451552207764
2,689500,0.9938046600712099
2,689600,0.9927451552207764
2,689700,0.9940488619551866
2,689800,0.9940336371714088
2,689900,0.9929301755248507
2,690000,0.9940336371714088
2,690100,0.9925113399695289
2,690200,0.9941907425707532
2,690300,0.9937178606287235
2,690400,0.9943153159237903
2,690500,0.9933516562714728
2,690600,0.9937275185108636
2,690700,0.9932581310830397
2,690800,0.9938046600712099
2,690900,0.9940336371714088
2,691000,0.9938046600712099
2,691100,0.9948533355619343
2,691200,0.9938046600712099
2,691300,0.9883724662122192
2,691400,0.9718268077962762
2,691500,0.971305089903062
2,691600,0.9930857481481674
2,691700,0.9844194641921143
2,691800,0.9845298074050017
2,691900,0.9941588895489039
2,692000,0.9936321503663933
2,692100,0.992932805125766
2,692200,0.992932805125766
2,692300,0.9932263993882724
2,692400,0.9928673093043747
2,692500,0.993036028980606
2,692600,0.9940038128874884
2,692700,0.9930857481481674
2,692800,0.9936321503663933
2,692900,0.992797836253
2,693000,0.9951123510886516
2,693100,0.9937275185108636
2,693200,0.9710075036980423
2,693300,0.9937275185108636
2,693400,0.9942350899567335
2,693500,0.9936321503663933
2,693600,0.9930857481481674
2,693700,0.9937144462811695
2,693800,0.9938128323592864
2,693900,0.9706411022882947
2,694000,0.9931775297110186
2,694100,0.9704635761868604
2,694200,0.9929267994680394
2,694300,0.9938429820210838
2,694400,0.9706411022882947
2,694500,0.9918626758589715
2,694600,0.9925068667933273
2,694700,0.9927463556755581
2,694800,0.9932263993882724
2,694900,0.9932263993882724
2,695000,0.9932811477529789
2,695100,0.9924559092578124
2,695200,0.9932378393860019
2,695300,0.9929267994680394
2,695400,0.9712524408004366
2,695500,0.9925212422797273
2,695600,0.9929491389587949
2,695700,0.9938849344668007
2,695800,0.9940940199944337
2,695900,0.98515884264359
2,696000,0.9714172527575244
2,696100,0.9925882015699101
2,696200,0.9925068667933273
2,696300,0.9929230533041324
2,696400,0.992932805125766
2,696500,0.9935683073649174
2,696600,0.970651151575153
2,696700,0.9927435123569579
2,696800,0.9938128323592864
2,696900,0.9707004087882865
2,697000,0.9808463479261285
2,697100,0.9870981387651976
2,697200,0.9941907425707532
2,697300,0.9947963671829274
2,697400,0.9941707636587607
2,697500,0.9943153159237903
2,697600,0.984464351682
2,697700,0.9828367222269652
2,697800,0.9938697243392773
2,697900,0.9876097499535115
2,698000,0.9938221519433901
2,698100,0.9932266039870229
2,698200,0.993073421598118
2,698300,0.993566216160933
2,698400,0.9935345630511468
2,698500,0.9938794086106266
2,698600,0.992973672400012
2,698700,0.992973672400012
2,698800,0.9936321503663933
2,698900,0.9936539335439213
2,699000,0.9942941319942091
2,699100,0.9936406303007614
2,699200,0.9942213545055522
2,699300,0.9710075036980423
2,699400,0.9938794086106266
2,699500,0.9935196458860093
2,699600,0.9933697636606933
2,699700,0.9930857481481674
2,699800,0.9930857481481674
2,699900,0.992932805125766
2,700000,0.9937144462811695
2,700100,0.9933697636606933
2,700200,0.9932263993882724
2,700300,0.9931131737784313
2,700400,0.9920927711700988
2,700500,0.9850760817200463
2,700600,0.9929582641356617
2,700700,0.9931042326746532
2,700800,0.9703459137815077
2,700900,0.9931556035423555
2,701000,0.9929582641356617
2,701100,0.9920927711700988
2,701200,0.9930942249977133
2,701300,0.9827246984501251
2,701400,0.9929582641356617
2,701500,0.9928346731658038
2,701600,0.9929346137375783
2,701700,0.9925497481097776
2,701800,0.992919807408661
2,701900,0.9927675867692034
2,702000,0.9930660822903153
2,702100,0.9927303144163739
2,702200,0.9927610901437484
2,702300,0.9927303144163739
2,702400,0.9927610901437484
2,702500,0.9928346731658038
2,702600,0.9930765492909691
2,702700,0.9930959015506937
2,702800,0.9937741773796673
2,702900,0.9927249025171601
2,703000,0.9929361382881609
2,703100,0.9927648032909032
2,703200,0.993472465972144
2,703300,0.9929880955277145
2,703400,0.9927935183572338
2,703500,0.993425165058545
2,703600,0.9930660822903153
2,703700,0.9684959338320321
2,703800,0.9930660822903153
2,703900,0.9927303144163739
2,704000,0.9923607175767521
2,704100,0.9928025910416776
2,704200,0.9930765492909691
2,704300,0.9927303144163739
2,704400,0.9689910871439428
2,704500,0.9927610901437484
2,704600,0.9927303144163739
2,704700,0.9927249025171601
2,704800,0.9701940294850393
2,704900,0.9924975353207376
2,705000,0.9928346731658038
2,705100,0.993472465972144
2,705200,0.9722878546048285
2,705300,0.9695554797697644
2,705400,0.9927303144163739
2,705500,0.9927303144163739
2,705600,0.9928346731658038
2,705700,0.9695554797697644
2,705800,0.9695554797697644
2,705900,0.9929525153531524
2,706000,0.9930765492909691
2,706100,0.9927303144163739
2,706200,0.9929059355181451
2,706300,0.9929957239921975
2,706400,0.9930959015506937
2,706500,0.9701296708072614
2,706600,0.9927249025171601
2,706700,0.9927249025171601
2,706800,0.9928025910416776
2,706900,0.9695554797697644
2,707000,0.9940228048868285
2,707100,0.9922106995387263
2,707200,0.9923399020657002
2,707300,0.9692173646909404
2,707400,0.981669397868217
2,707500,0.9718973146728493
2,707600,0.9930660822903153
2,707700,0.9861304287117448
2,707800,0.9930210304554151
2,707900,0.9923032569692667
2,708000,0.9881978901065159
2,708100,0.9721316921558414
2,708200,0.9687303450696853
2,708300,0.9930210304554151
2,708400,0.9923399020657002
2,708500,0.9923752286491041
2,708600,0.9924201339935802
2,708700,0.9930210304554151
2,708800,0.9930765492909691
2,708900,0.9927303144163739
2,709000,0.9687303450696853
2,709100,0.9923399020657002
2,709200,0.9925920196082006
2,709300,0.9925920196082006
2,709400,0.9930057552724372
2,709500,0.992919807408661
2,709600,0.9925920196082006
2,709700,0.9932551716366563
2,709800,0.992919807408661
2,709900,0.9916241451439708
2,710000,0.9931125157153539
2,710100,0.970544921098446
2,710200,0.9870030494836064
2,710300,0.970544921098446
2,710400,0.9942106513018828
2,710500,0.9936107593356741
2,710600,0.993179218432063
2,710700,0.9932551716366563
2,710800,0.9703076814650141
2,710900,0.9930057552724372
2,711000,0.9930057552724372
2,711100,0.9932551716366563
2,711200,0.9932551716366563
2,711300,0.9924887178804077
2,711400,0.9928201559828689
2,711500,0.9942106513018828
2,711600,0.992919807408661
2,711700,0.992919807408661
2,711800,0.9942106513018828
2,711900,0.9917130858971267
2,712000,0.993053907574707
2,712100,0.9711883777076423
2,712200,0.9733009661861777
2,712300,0.9916720403774749
2,712400,0.9916720403774749
2,712500,0.9918168901730863
2,712600,0.9920217170869362
2,712700,0.9727321380675854
2,712800,0.9924274558548112
2,712900,0.972096577873108
2,713000,0.9924274558548112
2,713100,0.9719760086926976
2,713200,0.9918424978288275
2,713300,0.9720841266599338
2,713400,0.9699683077898812
2,713500,0.9924274558548112
2,713600,0.9918424978288275
2,713700,0.9720054796058272
2,713800,0.987639326805024
2,713900,0.9918424978288275
2,714000,0.971927887214408
2,714100,0.9813393911870749
2,714200,0.9921758829528193
2,714300,0.9717381550366601
2,714400,0.9905277842412917
2,714500,0.9871487245870006
2,714600,0.9920477179561306
2,714700,0.9710182828670898
2,714800,0.9922877247273606
2,714900,0.9700891704524244
2,715000,0.9710182828670898
2,715100,0.9921633043768224
2,715200,0.9922916361095735
2,715300,0.9840857277917925
2,715400,0.9698265297934017
2,715500,0.9698265297934017
2,715600,0.9704657063629988
2,715700,0.9869709174246536
2,715800,0.9710182828670898
2,715900,0.9909264682671836
2,716000,0.9871487245870006
2,716100,0.9856579365540308
2,716200,0.9874937966913567
2,716300,0.981217872023344
2,716400,0.9919242222145443
2,716500,0.9918290410370617
2,716600,0.9925461778427638
2,716700,0.971130885338662
2,716800,0.9710182828670898
2,716900,0.9915467070193629
2,717000,0.9934037823536227
2,717100,0.9906708916161631
2,717200,0.9912700371329286
2,717300,0.9840857277917925
2,717400,0.9919258561479892
2,717500,0.9912700371329286
2,717600,0.9704657063629988
2,717700,0.9906708916161631
2,717800,0.9700883641951836
2,717900,0.9704657063629988
2,718000,0.9918958875350063
2,718100,0.9692729047547242
2,718200,0.9797919284143649
2,718300,0.9906016495609354
2,718400,0.9698243966399338
2,718500,0.9696907892665486
2,718600,0.9698243966399338
2,718700,0.9906708916161631
2,718800,0.9906016495609354
2,718900,0.9906016495609354
2,719000,0.9701585559403065
2,719100,0.9707036037726833
2,719200,0.9911606902170563
2,719300,0.9918958875350063
2,719400,0.96925954591127
2,719500,0.9912516110500915
2,719600,0.9912342779162083
2,719700,0.9700883641951836
2,719800,0.9906016495609354
2,719900,0.9696907892665486
2,720000,0.9910717469276278
2,720100,0.9699386829512505
2,720200,0.9906683470031531
2,720300,0.9900994212904036
2,720400,0.9900643271873261
2,720500,0.983596641198955
2,720600,0.9888103558436095
2,720700,0.9690496501388646
2,720800,0.9895408696109357
2,720900,0.9915992526557051
2,721000,0.9893227226896912
2,721100,0.9897984799372642
2,721200,0.991276993769028
2,721300,0.9896941651756599
2,721400,0.9899285694702175
2,721500,0.9895098160464465
2,721600,0.989810927715188
2,721700,0.9900643271873261
2,721800,0.9900643271873261
2,721900,0.9899464136067293
2,722000,0.9897984799372642
2,722100,0.9895408696109357
2,722200,0.9893867132101072
2,722300,0.9900643271873261
2,722400,0.9893867132101072
2,722500,0.9895408696109357
2,722600,0.9899285694702175
2,722700,0.9900643271873261
2,722800,0.9893227226896912
2,722900,0.9895408696109357
2,723000,0.9900643271873261
2,723100,0.9900643271873261
2,723200,0.9899285694702175
2,723300,0.9902003203192781
2,723400,0.9895408696109357
2,723500,0.9899464136067293
2,723600,0.9901500848966248
2,723700,0.9894089948771664
2,723800,0.9897131089857535
2,723900,0.9726924953115944
2,724000,0.9894089948771664
2,724100,0.9899778850331227
2,724200,0.9815546913838082
2,724300,0.9888373344866328
2,724400,0.9863879568115381
2,724500,0.9719211528901887
2,724600,0.9888373344866328
2,724700,0.9711772548993847
2,724800,0.9894089948771664
2,724900,0.9711772548993847
2,725000,0.9894535870058944
2,725100,0.989088003051095
2,725200,0.9888373344866328
2,725300,0.9894535870058944
2,725400,0.9711772548993847
2,725500,0.970696366938947
2,725600,0.9711772548993847
2,725700,0.9722569177240313
2,725800,0.9891423709517406
2,725900,0.9903931116897967
2,726000,0.9913959958491744
2,726100,0.9902374987193796
2,726200,0.9716985856863949
2,726300,0.9895998244798717
2,726400,0.9905446145440828
2,726500,0.971849161162417
2,726600,0.9918717865714985
2,726700,0.9893450617000957
2,726800,0.9904029012196878
2,726900,0.9718143604457732
2,727000,0.9904675790725362
2,727100,0.9901511481713363
2,727200,0.9895405027529239
2,727300,0.990061839035166
2,727400,0.9911294190469884
2,727500,0.9899562407106856
2,727600,0.9899562407106856
2,727700,0.9867084473735774
2,727800,0.9901511481713363
2,727900,0.9900829027900956
2,728000,0.990061839035166
2,728100,0.9900829027900956
2,728200,0.9902374987193796
2,728300,0.9903931116897967
2,728400,0.9900829027900956
2,728500,0.9886025842588172
2,728600,0.990061839035166
2,728700,0.9906847967794081
2,728800,0.9906847967794081
2,728900,0.98325512102358
2,729000,0.9889968647028781
2,729100,0.9895405027529239
2,729200,0.9899562407106856
2,729300,0.990061839035166
2,729400,0.9889443260923961
2,729500,0.9899214313703482
2,729600,0.9894363391566059
2,729700,0.9897817830587006
2,729800,0.9895776220035096
2,729900,0.9900105705304044
2,730000,0.9862415922284342
2,730100,0.9895594764360418
2,730200,0.9899773558445402
2,730300,0.9794030488073934
2,730400,0.9903531947513083
2,730500,0.9899328448342083
2,730600,0.9904732029795503
2,730700,0.9900105705304044
2,730800,0.9906321599463077
2,730900,0.9704396612960594
2,731000,0.9897817830587006
2,731100,0.9893149279965219
2,731200,0.9896644382742641
2,731300,0.9895998244798717
2,731400,0.9889968647028781
2,731500,0.9895405027529239
2,731600,0.9861850795535507
2,731700,0.9882836277488692
2,731800,0.9901511481713363
2,731900,0.991181337111663
2,732000,0.9722472600889627
2,732100,0.9902374987193796
2,732200,0.9902374987193796
2,732300,0.9897450382112779
2,732400,0.9897450382112779
2,732500,0.9897450382112779
2,732600,0.9722859596450215
2,732700,0.9903585317988759
2,732800,0.9903585317988759
2,732900,0.9896644382742641
2,733000,0.9900017581437618
2,733100,0.9889443260923961
2,733200,0.9920601569040655
2,733300,0.9898333402243468
2,733400,0.9905446145440828
2,733500,0.9899293311219307
2,733600,0.9894131714521539
2,733700,0.9905446145440828
2,733800,0.9882836277488692
2,733900,0.9882836277488692
2,734000,0.9898333402243468
2,734100,0.9894131714521539
2,734200,0.9906847967794081
2,734300,0.9896644382742641
2,734400,0.9904029012196878
2,734500,0.9912231639592466
2,734600,0.9864462623008386
2,734700,0.9895180122642944
2,734800,0.9896644382742641
2,734900,0.9898333402243468
2,735000,0.9889443260923961
2,735100,0.9889443260923961
2,735200,0.9890332062048174
2,735300,0.9889443260923961
2,735400,0.9836574623147117
2,735500,0.971691039836633
2,735600,0.9889443260923961
2,735700,0.9896244953652501
2,735800,0.9882836277488692
2,735900,0.983549903767744
2,736000,0.9895076051631438
2,736100,0.9891640361917732
2,736200,0.9897817830587006
2,736300,0.9899214313703482
2,736400,0.9895594764360418
2,736500,0.9897336288104318
2,736600,0.9896808430916483
2,736700,0.9905308429068842
2,736800,0.9861843900496798
2,736900,0.9895776220035096
2,737000,0.9896808430916483
2,737100,0.9891122842941782
2,737200,0.9907236679769017
2,737300,0.9894363391566059
2,737400,0.9899712560849445
2,737500,0.9893805308817387
2,737600,0.9903531947513083
2,737700,0.986082254017137
2,737800,0.9886005500437394
2,737900,0.9875084301242711
2,738000,0.9886005500437394
2,738100,0.9897517569568963
2,738200,0.9887923692590731
2,738300,0.9858729546536523
2,738400,0.9867340304632054
2,738500,0.9864482359483965
2,738600,0.9866809578982058
2,738700,0.9854769743120629
2,738800,0.987121127900969
2,738900,0.987121127900969
2,739000,0.9870751632965472
2,739100,0.9856523929227101
2,739200,0.9837546206524689
2,739300,0.9873669922278816
2,739400,0.987586859495646
2,739500,0.9873247054172242
2,739600,0.9878236957771251
2,739700,0.9873247054172242
2,739800,0.9875604935243649
2,739900,0.9880819255460201
2,740000,0.9874865958113531
2,740100,0.9874865958113531
2,740200,0.9863575661393825
2,740300,0.9884933444924444
2,740400,0.9874865958113531
2,740500,0.9866086555827085
2,740600,0.9866086555827085
2,740700,0.9875510276898752
2,740800,0.9869198320800971
2,740900,0.985958564253175
2,741000,0.9870838293200849
2,741100,0.9873724285033437
2,741200,0.9874865958113531
2,741300,0.9877821455095199
2,741400,0.9879040783648599
2,741500,0.9879978247082535
2,741600,0.9873247054172242
2,741700,0.9881370949928723
2,741800,0.9881370949928723
2,741900,0.9875604935243649
2,742000,0.9877821455095199
2,742100,0.9870199359478488
2,742200,0.9877821455095199
2,742300,0.986935080167423
2,742400,0.9874865958113531
2,742500,0.9869227336633052
2,742600,0.9865277936832808
2,742700,0.986935080167423
2,742800,0.9868684784241651
2,742900,0.9885697023150097
2,743000,0.9874865958113531
2,743100,0.9859067091462467
2,743200,0.9870199359478488
2,743300,0.986074146175325
2,743400,0.9862674987477177
2,743500,0.9867498648815429
2,743600,0.985943103033673
2,743700,0.9864163119217781
2,743800,0.9861283175199589
2,743900,0.9861283175199589
2,744000,0.9858404039428171
2,744100,0.987729200365645
2,744200,0.9844622171204618
2,744300,0.986793106375198
2,744400,0.9861666355041399
2,744500,0.9859872034162755
2,744600,0.9695390815323909
2,744700,0.9873008084125724
2,744800,0.987729200365645
2,744900,0.9799282150248168
2,745000,0.9870838293200849
2,745100,0.9870838293200849
2,745200,0.987062286963619
2,745300,0.9875358420111132
2,745400,0.9866086555827085
2,745500,0.9849210976660867
2,745600,0.9868457437299709
2,745700,0.9857770230962204
2,745800,0.9871734294983896
2,745900,0.9879978247082535
2,746000,0.9867104782183489
2,746100,0.9871167902025357
2,746200,0.9885551857360072
2,746300,0.9876233267539669
2,746400,0.9866086555827085
2,746500,0.9870838293200849
2,746600,0.9861283175199589
2,746700,0.9861283175199589
2,746800,0.9873875477136159
2,746900,0.9858404039428171
2,747000,0.9858404039428171
2,747100,0.986074146175325
2,747200,0.9866086555827085
2,747300,0.9867498648815429
2,747400,0.9858113541952592
2,747500,0.9867498648815429
2,747600,0.9864163119217781
2,747700,0.9858404039428171
2,747800,0.9858113541952592
2,747900,0.9865156672155708
2,748000,0.9866086555827085
2,748100,0.9826392977425221
2,748200,0.9870838293200849
2,748300,0.9862674987477177
2,748400,0.9871734294983896
2,748500,0.9878881810934832
2,748600,0.9871734294983896
2,748700,0.9859483254286919
2,748800,0.9859483254286919
2,748900,0.9875604935243649
2,749000,0.9878236957771251
2,749100,0.9859926925544189
2,749200,0.9868118030854567
2,749300,0.987586859495646
2,749400,0.9873610214887268
2,749500,0.9874386442932578
2,749600,0.9881370949928723
2,749700,0.986935080167423
2,749800,0.9875240885713203
2,749900,0.9875240885713203
2,750000,0.9860723355636474
2,750100,0.987586859495646
2,750200,0.9887716972036071
2,750300,0.9878236957771251
2,750400,0.9878236957771251
2,750500,0.9859681076843476
2,750600,0.9879011108188078
2,750700,0.9877821455095199
2,750800,0.9873595214507586
2,750900,0.9871734294983896
2,751000,0.9875332287254563
2,751100,0.9885393079150981
2,751200,0.9868118030854567
2,751300,0.9854632298453161
2,751400,0.9871734294983896
2,751500,0.9877821455095199
2,751600,0.9852591535559612
2,751700,0.9859483254286919
2,751800,0.987882107666376
2,751900,0.9878236957771251
2,752000,0.9876803126883638
2,752100,0.9871376295220341
2,752200,0.9852686919558241
2,752300,0.9870751632965472
2,752400,0.9865998348354232
2,752500,0.9870751632965472
2,752600,0.9872015042249754
2,752700,0.9871443969325258
2,752800,0.9870751632965472
2,752900,0.9870751632965472
2,753000,0.9871443969325258
2,753100,0.9868869818923733
2,753200,0.9870751632965472
2,753300,0.9866650112889591
2,753400,0.9870751632965472
2,753500,0.9870751632965472
2,753600,0.9856523929227101
2,753700,0.9845823940889927
2,753800,0.9870751632965472
2,753900,0.9858608815378875
2,754000,0.9859550355250556
2,754100,0.9864509482312064
2,754200,0.9856828864861755
2,754300,0.986947956954581
2,754400,0.986947956954581
2,754500,0.9859550355250556
2,754600,0.9849559216490135
2,754700,0.9869677748616804
2,754800,0.9850051111369188
2,754900,0.9867416805084135
2,755000,0.9847042768721159
2,755100,0.9867416805084135
2,755200,0.9892646661369809
2,755300,0.9860616363233426
2,755400,0.9850051111369188
2,755500,0.9865196061922008
2,755600,0.9858718514479374
2,755700,0.9864509482312064
2,755800,0.9878296985818152
2,755900,0.9878296985818152
2,756000,0.9895204096025185
2,756100,0.985444095073588
2,756200,0.9860616363233426
2,756300,0.9869119428699644
2,756400,0.9864509482312064
2,756500,0.9862827111335895
2,756600,0.9867612864526076
2,756700,0.9864456673752803
2,756800,0.9868869818923733
2,756900,0.9856523929227101
2,757000,0.9864456673752803
2,757100,0.9868869818923733
2,757200,0.9868869818923733
2,757300,0.9870751632965472
2,757400,0.9878236957771251
2,757500,0.9870751632965472
2,757600,0.9873669922278816
2,757700,0.9875373517430641
2,757800,0.9878236957771251
2,757900,0.985466083569049
2,758000,0.9853225498235548
2,758100,0.9875240885713203
2,758200,0.9875240885713203
2,758300,0.9879040783648599
2,758400,0.9876803126883638
2,758500,0.987586859495646
2,758600,0.9877821455095199
2,758700,0.9875240885713203
2,758800,0.9859286092980682
2,758900,0.9861605533072384
2,759000,0.9874269541772326
2,759100,0.9874269541772326
2,759200,0.9867498648815429
2,759300,0.9865156672155708
2,759400,0.986566456525683
2,759500,0.9867623829569092
2,759600,0.9875240885713203
2,759700,0.987586859495646
2,759800,0.9884894555923364
2,759900,0.9872667332234542
2,760000,0.9878236957771251
2,760100,0.9870751632965472
2,760200,0.9869137655647634
2,760300,0.9856410159175933
2,760400,0.9867612864526076
2,760500,0.986844470096047
2,760600,0.9861463346351205
2,760700,0.9871176308730178
2,760800,0.9863428873743071
2,760900,0.9880957178580868
2,761000,0.9864456673752803
2,761100,0.98549111839487
2,761200,0.9865363965413201
2,761300,0.9871415021583626
2,761400,0.9855693089576519
2,761500,0.9705301792023245
2,761600,0.9864269527009979
2,761700,0.9861323112629843
2,761800,0.9889887405744421
2,761900,0.9889887405744421
2,762000,0.9883403051653825
2,762100,0.9885810828990592
2,762200,0.9843314494456497
2,762300,0.9886866483779227
2,762400,0.9886866483779227
2,762500,0.9886866483779227
2,762600,0.9702557070436677
2,762700,0.9893839175499938
2,762800,0.9893839175499938
2,762900,0.9889887405744421
2,763000,0.9871856987912229
2,763100,0.985848741729769
2,763200,0.9864269527009979
2,763300,0.9865947301545662
2,763400,0.9857300012600735
2,763500,0.9872245660814581
2,763600,0.9869083299041796
2,763700,0.9864787042290656
2,763800,0.985848741729769
2,763900,0.9866658181880236
2,764000,0.9902931731165951
2,764100,0.9866609915276121
2,764200,0.9869617605802484
2,764300,0.9870866149780816
2,764400,0.9870866149780816
2,764500,0.9859396649860833
2,764600,0.9860704714911095
2,764700,0.9871216880966767
2,764800,0.9865950523960481
2,764900,0.9864787042290656
2,765000,0.988550868434636
2,765100,0.9880902841306506
2,765200,0.9880277243719502
2,765300,0.9890607646043158
2,765400,0.9890607646043158
2,765500,0.98816593586765
2,765600,0.9868036418164994
2,765700,0.9870866149780816
2,765800,0.9865074592004609
2,765900,0.9865074592004609
2,766000,0.9871856987912229
2,766100,0.9863672057180543
2,766200,0.9714147872140404
2,766300,0.9885810828990592
2,766400,0.9870866149780816
2,766500,0.9883309446328715
2,766600,0.988550868434636
2,766700,0.988550868434636
2,766800,0.988550868434636
2,766900,0.9863672057180543
2,767000,0.9707620272735348
2,767100,0.9881282326826059
2,767200,0.9707802410779731
2,767300,0.9893839175499938
2,767400,0.9893839175499938
2,767500,0.969316440470361
2,767600,0.9889252559723968
2,767700,0.986132384089424
2,767800,0.9896783702539684
2,767900,0.9698149198361872
2,768000,0.988598434313217
2,768100,0.9889252559723968
2,768200,0.9899778850331227
2,768300,0.9904782276489786
2,768400,0.9904782276489786
2,768500,0.9897350232847103
2,768600,0.9894347111442899
2,768700,0.9897018693519021
2,768800,0.9893210467227991
2,768900,0.9891449941134612
2,769000,0.9898131859801889
2,769100,0.9910544584639928
2,769200,0.9893210467227991
2,769300,0.9893210467227991
2,769400,0.9856435638402
2,769500,0.9898377950013756
2,769600,0.9686739724895908
2,769700,0.9810221687012212
2,769800,0.9898709806048028
2,769900,0.9894089948771664
2,770000,0.9888795665059004
2,770100,0.9890993061085723
2,770200,0.9885060785398245
2,770300,0.9886416010094625
2,770400,0.9896059738525876
2,770500,0.9694745507746603
2,770600,0.9711772548993847
2,770700,0.9894089948771664
2,770800,0.9898377950013756
2,770900,0.9856435638402
2,771000,0.9894347111442899
2,771100,0.9885667038354443
2,771200,0.9891286995775318
2,771300,0.9882061008702813
2,771400,0.9884157527703127
2,771500,0.988643662763011
2,771600,0.9836116749948609
2,771700,0.9694027748942368
2,771800,0.9885713407477001
2,771900,0.9892962737410868
2,772000,0.9898377950013756
2,772100,0.9892962737410868
2,772200,0.9714162408207608
2,772300,0.9882061008702813
2,772400,0.988643662763011
2,772500,0.988643662763011
2,772600,0.9887682054968047
2,772700,0.9694027748942368
2,772800,0.9862554414355981
2,772900,0.988643662763011
2,773000,0.9894347111442899
2,773100,0.988643662763011
2,773200,0.9894347111442899
2,773300,0.988643662763011
2,773400,0.988643662763011
2,773500,0.9694011396440888
2,773600,0.986110729537362
2,773700,0.9692006108353702
2,773800,0.9889604388409206
2,773900,0.9859823692759024
2,774000,0.9856435638402
2,774100,0.9883351767565507
2,774200,0.98095926452597
2,774300,0.988643662763011
2,774400,0.9894347111442899
2,774500,0.9876487384662416
2,774600,0.988643662763011
2,774700,0.9888349262933767
2,774800,0.9856435638402
2,774900,0.9897131089857535
2,775000,0.9686739724895908
2,775100,0.9894089948771664
2,775200,0.9888795665059004
2,775300,0.9884469797019402
2,775400,0.9693307746208877
2,775500,0.9693307746208877
2,775600,0.9885346048711661
2,775700,0.987706531868386
2,775800,0.988232248358749
2,775900,0.9885346048711661
2,776000,0.9867248651886532
2,776100,0.9889716126462095
2,776200,0.9883576048930581
2,776300,0.9901796695889478
2,776400,0.9886574462627019
2,776500,0.9693035148931548
2,776600,0.9884469797019402
2,776700,0.987706531868386
2,776800,0.9884469797019402
2,776900,0.9888795665059004
2,777000,0.9883299888364271
2,777100,0.9884469797019402
2,777200,0.980269216183971
2,777300,0.9887859774195822
2,777400,0.9840581857075563
2,777500,0.9894004421567357
2,777600,0.9880067714300715
2,777700,0.9886337877812339
2,777800,0.9880067714300715
2,777900,0.9701618814757272
2,778000,0.9883576048930581
2,778100,0.9879255996473552
2,778200,0.9709606625294223
2,778300,0.9883576048930581
2,778400,0.9709606625294223
2,778500,0.9708966925204215
2,778600,0.9849439746957344
2,778700,0.9885533783698779
2,778800,0.9813819863223833
2,778900,0.9885533783698779
2,779000,0.9709606625294223
2,779100,0.9704037121780613
2,779200,0.9899049671265239
2,779300,0.9883797408239218
2,779400,0.9870068658010653
2,779500,0.9706540390852272
2,779600,0.988798806578085
2,779700,0.9815962424045427
2,779800,0.9890519817210311
2,779900,0.9701609556270718
2,780000,0.9706211591011511
2,780100,0.9706570003050206
2,780200,0.9875444493912473
2,780300,0.988232248358749
2,780400,0.9884469797019402
2,780500,0.9883299888364271
2,780600,0.9887069797149882
2,780700,0.9884469797019402
2,780800,0.9693035148931548
2,780900,0.9880067714300715
2,781000,0.9875444493912473
2,781100,0.9693325944481617
2,781200,0.9687958373610666
2,781300,0.9884469797019402
2,781400,0.9883299888364271
2,781500,0.9687958373610666
2,781600,0.97118961443056
2,781700,0.9886860132435308
2,781800,0.9691888822988888
2,781900,0.9908508464761365
2,782000,0.9893074054345223
2,782100,0.9894535870058944
2,782200,0.9897131089857535
2,782300,0.9887263183971576
2,782400,0.989122078818886
2,782500,0.9865089510914974
2,782600,0.9894535870058944
2,782700,0.969472650473332
2,782800,0.9842185524239937
2,782900,0.9865089510914974
2,783000,0.9884469797019402
2,783100,0.9887069797149882
2,783200,0.9697297917553692
2,783300,0.9875444493912473
2,783400,0.9698186613342924
2,783500,0.9698186613342924
2,783600,0.9894765926336629
2,783700,0.9706570003050206
2,783800,0.9874518974712274
2,783900,0.9868261781632149
2,784000,0.9883576048930581
2,784100,0.9876054151962195
2,784200,0.9701609556270718
2,784300,0.9878426809907965
2,784400,0.989045063979142
2,784500,0.989045063979142
2,784600,0.9883576048930581
2,784700,0.9709179624358512
2,784800,0.9706540390852272
2,784900,0.9709606625294223
2,785000,0.9889982130232191
2,785100,0.9815237748324336
2,785200,0.9868261781632149
2,785300,0.9708966925204215
2,785400,0.9709267375530836
2,785500,0.9881115450840127
2,785600,0.9871393984253276
2,785700,0.9714283269114018
2,785800,0.9883576048930581
2,785900,0.9709606625294223
2,786000,0.989045063979142
2,786100,0.9709267375530836
2,786200,0.9878962243487056
2,786300,0.9706740018059795
2,786400,0.9714283269114018
2,786500,0.9883797408239218
2,786600,0.9711051971122694
2,786700,0.9714597456866215
2,786800,0.9909562607986424
2,786900,0.9907492244780501
2,787000,0.9893034056433399
2,787100,0.971448137414877
2,787200,0.971428148913021
2,787300,0.9863102213545559
2,787400,0.9893034056433399
2,787500,0.9714597456866215
2,787600,0.9870751776570483
2,787700,0.9866253666174513
2,787800,0.9708966925204215
2,787900,0.9879255996473552
2,788000,0.9878962243487056
2,788100,0.9711959508264913
2,788200,0.9881115450840127
2,788300,0.9878962243487056
2,788400,0.9709091165469702
2,788500,0.9814981868592105
2,788600,0.989045063979142
2,788700,0.9878962243487056
2,788800,0.9706540390852272
2,788900,0.9871393984253276
2,789000,0.9704173636251835
2,789100,0.9889827682489706
2,789200,0.9889622920859544
2,789300,0.988084803656936
2,789400,0.9885478687197261
2,789500,0.9884844267282047
2,789600,0.9877607935265688
2,789700,0.9698419720945561
2,789800,0.9864055441550287
2,789900,0.9698419720945561
2,790000,0.9882467709656689
2,790100,0.9704173636251835
2,790200,0.9888073016426107
2,790300,0.9888073016426107
2,790400,0.9889622920859544
2,790500,0.9868602238354773
2,790600,0.98949240973137
2,790700,0.9885062468878585
2,790800,0.9709606625294223
2,790900,0.9709437101638669
2,791000,0.9868261781632149
2,791100,0.9883576048930581
2,791200,0.9889716126462095
2,791300,0.9888305096957092
2,791400,0.9871711492401051
2,791500,0.9888305096957092
2,791600,0.9877117136064535
2,791700,0.9714243646538018
2,791800,0.9709267375530836
2,791900,0.9713886557524868
2,792000,0.9889716126462095
2,792100,0.9709437101638669
2,792200,0.9714283269114018
2,792300,0.9892708661545199
2,792400,0.9892708661545199
2,792500,0.9889716126462095
2,792600,0.9709437101638669
2,792700,0.9885062468878585
2,792800,0.9714283269114018
2,792900,0.9714283269114018
2,793000,0.988746061182785
2,793100,0.9892708661545199
2,793200,0.9896855052751602
2,793300,0.988798806578085
2,793400,0.9811962389522477
2,793500,0.9882705559480718
2,793600,0.9714283269114018
2,793700,0.9709437101638669
2,793800,0.9709437101638669
2,793900,0.9891887282585754
2,794000,0.9883797408239218
2,794100,0.9883797408239218
2,794200,0.9878962243487056
2,794300,0.9714283269114018
2,794400,0.9701406427586239
2,794500,0.9885346048711661
2,794600,0.9701729054703714
2,794700,0.9877316869350157
2,794800,0.9884469797019402
2,794900,0.9697297917553692
2,795000,0.9888795665059004
2,795100,0.9891173405632794
2,795200,0.9887887810556745
2,795300,0.9884890248248863
2,795400,0.9878110827193739
2,795500,0.9701406427586239
2,795600,0.9882467709656689
2,795700,0.9882467709656689
2,795800,0.9875444493912473
2,795900,0.9889827682489706
2,796000,0.9709437101638669
2,796100,0.98936947226941
2,796200,0.9885346048711661
2,796300,0.9701729054703714
2,796400,0.9882467709656689
2,796500,0.9701729054703714
2,796600,0.9889827682489706
2,796700,0.9878363936323611
2,796800,0.9699602428909826
2,796900,0.9879574477442492
2,797000,0.9884134382883605
2,797100,0.9699602428909826
2,797200,0.969076266201925
2,797300,0.9879574477442492
2,797400,0.9884469797019402
2,797500,0.9878363936323611
2,797600,0.9699602428909826
2,797700,0.9697297917553692
2,797800,0.9884890248248863
2,797900,0.9697297917553692
2,798000,0.9887859774195822
2,798100,0.9884469797019402
2,798200,0.9878110827193739
2,798300,0.9701729054703714
2,798400,0.9879986090943313
2,798500,0.9875444493912473
2,798600,0.9701729054703714
2,798700,0.9701406427586239
2,798800,0.9843602607441286
2,798900,0.9888073016426107
2,799000,0.9885199703241407
2,799100,0.9701406427586239
2,799200,0.9885062468878585
2,799300,0.9883781464133142
2,799400,0.98949240973137
2,799500,0.9888305096957092
2,799600,0.9714283269114018
2,799700,0.9883797408239218
2,799800,0.9819105495549125
2,799900,0.9719447754228423
2,800000,0.9894560519815117
2,800100,0.9897069473954435
2,800200,0.9881851203654012
2,800300,0.9897069473954435
2,800400,0.9910793808115158
2,800500,0.9906813502088141
2,800600,0.9701384853467332
2,800700,0.9899221865684182
2,800800,0.9717835150228247
2,800900,0.9696098356410163
2,801000,0.9696098356410163
2,801100,0.990318807263408
2,801200,0.990318807263408
2,801300,0.990318807263408
2,801400,0.9696098356410163
2,801500,0.966757650538747
2,801600,0.9722821485330129
2,801700,0.972347245565
2,801800,0.9904431111044937
2,801900,0.9904431111044937
2,802000,0.96823993062934
2,802100,0.990547197985288
2,802200,0.9898269732196466
2,802300,0.9722293485206076
2,802400,0.990547197985288
2,802500,0.9701804288730488
2,802600,0.990318807263408
2,802700,0.990547197985288
2,802800,0.9890926104923943
2,802900,0.9898269732196466
2,803000,0.9891970152786189
2,803100,0.9710154184378167
2,803200,0.9701804288730488
2,803300,0.96823993062934
2,803400,0.9899304660435455
2,803500,0.969086375469115
2,803600,0.9685677582567368
2,803700,0.9899951585159948
2,803800,0.9685997784388751
2,803900,0.9897405668926351
2,804000,0.9805865515478756
2,804100,0.9903766505130026
2,804200,0.9899614333855111
2,804300,0.9685677582567368
2,804400,0.9685997784388751
2,804500,0.969086375469115
2,804600,0.9685997784388751
2,804700,0.9905776830136896
2,804800,0.9901531430106009
2,804900,0.9905776830136896
2,805000,0.9905776830136896
2,805100,0.9889182792767325
2,805200,0.9903464035690862
2,805300,0.9685677582567368
2,805400,0.9905776830136896
2,805500,0.9685997784388751
2,805600,0.9905776830136896
2,805700,0.9903766505130026
2,805800,0.9718327487510998
2,805900,0.990545465994623
2,806000,0.9907407358514853
2,806100,0.9702007026528219
2,806200,0.9904820514225543
2,806300,0.9883552979614384
2,806400,0.9876236509267442
2,806500,0.9914516398573614
2,806600,0.9908410660457445
2,806700,0.9919996636759334
2,806800,0.9907520497067964
2,806900,0.9904232873274675
2,807000,0.9902460226594246
2,807100,0.9900925632531994
2,807200,0.9901316038459371
2,807300,0.9895437264640409
2,807400,0.989549419350858
2,807500,0.9903555847321326
2,807600,0.9895437264640409
2,807700,0.9895437264640409
2,807800,0.9898517598315649
2,807900,0.9694557743733117
2,808000,0.9902932696648132
2,808100,0.9898458259103746
2,808200,0.9904292869822107
2,808300,0.990278836447473
2,808400,0.9896169708071488
2,808500,0.989683076897141
2,808600,0.9895517338488189
2,808700,0.9903555847321326
2,808800,0.9879743314458242
2,808900,0.989549419350858
2,809000,0.9899241134891227
2,809100,0.9878359207591901
2,809200,0.990545465994623
2,809300,0.9902540324834874
2,809400,0.9704946949016657
2,809500,0.9696098356410163
2,809600,0.991476141759406
2,809700,0.9696013636819175
2,809800,0.9869257623373244
2,809900,0.9893427558288479
2,810000,0.9908208918326603
2,810100,0.9902360013722181
2,810200,0.990114421272128
2,810300,0.9684943447474526
2,810400,0.9909349094373001
2,810500,0.9913079296537877
2,810600,0.9894881583190398
2,810700,0.9893427558288479
2,810800,0.9814899694645252
2,810900,0.9902045804558632
2,811000,0.966728406813927
2,811100,0.9902045804558632
2,811200,0.9906813502088141
2,811300,0.9900930523557344
2,811400,0.966728406813927
2,811500,0.9877655740894885
2,811600,0.9659858951609136
2,811700,0.966634087389493
2,811800,0.9894777576799942
2,811900,0.9885880084211136
2,812000,0.9709179624358512
2,812100,0.9883797408239218
2,812200,0.971413374353232
2,812300,0.988289184013771
2,812400,0.9716179310014942
2,812500,0.9901109841500157
2,812600,0.988022554441108
2,812700,0.988289184013771
2,812800,0.9874868184963375
2,812900,0.9886119444927275
2,813000,0.989155886879944
2,813100,0.9709212891806722
2,813200,0.9896855052751602
2,813300,0.9709212891806722
2,813400,0.9886625879672885
2,813500,0.9709212891806722
2,813600,0.97040285640614
2,813700,0.9893855869768885
2,813800,0.9886625879672885
2,813900,0.9887321708796163
2,814000,0.9891613966981591
2,814100,0.989155886879944
2,814200,0.9885085328711608
2,814300,0.98936947226941
2,814400,0.9709447784878421
2,814500,0.9703663008643264
2,814600,0.9714283269114018
2,814700,0.9891613966981591
2,814800,0.9878410080513931
2,814900,0.9878410080513931
2,815000,0.9896855052751602
2,815100,0.9890645187958662
2,815200,0.9868768853922277
2,815300,0.988746061182785
2,815400,0.98949240973137
2,815500,0.9887216876501976
2,815600,0.9709447784878421
2,815700,0.9714283269114018
2,815800,0.9891613966981591
2,815900,0.9703991180542689
2,816000,0.9709212891806722
2,816100,0.9709212891806722
2,816200,0.9703991180542689
2,816300,0.9890493072274995
2,816400,0.9891613966981591
2,816500,0.9892708661545199
2,816600,0.9709447784878421
2,816700,0.9709447784878421
2,816800,0.9709212891806722
2,816900,0.9884320922120742
2,817000,0.988294459534381
2,817100,0.9709179624358512
2,817200,0.9884320922120742
2,817300,0.9878410080513931
2,817400,0.98949240973137
2,817500,0.9891613966981591
2,817600,0.9703991180542689
2,817700,0.9885085328711608
2,817800,0.9703991180542689
2,817900,0.9703991180542689
2,818000,0.9709606625294223
2,818100,0.9884320922120742
2,818200,0.9892708661545199
2,818300,0.988746061182785
2,818400,0.9885085328711608
2,818500,0.9709179624358512
2,818600,0.9888827061923139
2,818700,0.9888827061923139
2,818800,0.988238248314042
2,818900,0.9874698695266891
2,819000,0.9801781914154138
2,819100,0.9716266587345771
2,819200,0.966468486756843
2,819300,0.9907403486136864
2,819400,0.9660856556016407
2,819500,0.9876254260354789
2,819600,0.9867980098882393
2,819700,0.99086408282787
2,819800,0.9660856556016407
2,819900,0.99086408282787
2,820000,0.9695566489183355
2,820100,0.9906173930450981
2,820200,0.9902360013722181
2,820300,0.9910411790984952
2,820400,0.9902360013722181
2,820500,0.9906173930450981
2,820600,0.98955866137908
2,820700,0.966728406813927
2,820800,0.98955866137908
2,820900,0.9907382317709431
2,821000,0.9676807162394996
2,821100,0.990547197985288
2,821200,0.9907424226218191
2,821300,0.9886027662154123
2,821400,0.9901531430106009
2,821500,0.9910789864329935
2,821600,0.990944262293322
2,821700,0.9908226059167183
2,821800,0.9696098356410163
2,821900,0.9908782467264494
2,822000,0.9667809503444897
2,822100,0.9869203190199658
2,822200,0.9696098356410163
2,822300,0.9904042329135412
2,822400,0.9716468983049913
2,822500,0.9904042329135412
2,822600,0.9696098356410163
2,822700,0.9905896491674062
2,822800,0.966757650538747
2,822900,0.9859120767820201
2,823000,0.990046928108488
2,823100,0.9901626504738714
2,823200,0.9695566489183355
2,823300,0.966728406813927
2,823400,0.9906813502088141
2,823500,0.9906813502088141
2,823600,0.9695566489183355
2,823700,0.966757650538747
2,823800,0.9900389440521624
2,823900,0.9667809503444897
2,824000,0.9805119279855284
2,824100,0.9676382231796903
2,824200,0.9908782467264494
2,824300,0.9679712559427016
2,824400,0.9908782467264494
2,824500,0.9676807162394996
2,824600,0.990547197985288
2,824700,0.9881832312665758
2,824800,0.9685677582567368
2,824900,0.9909349094373001
2,825000,0.990547197985288
2,825100,0.9908782467264494
2,825200,0.9668382041530093
2,825300,0.9679166106564744
2,825400,0.9905906842340115
2,825500,0.9679166106564744
2,825600,0.9685677582567368
2,825700,0.9907424226218191
2,825800,0.9904901081325194
2,825900,0.9894035581762134
2,826000,0.9910789864329935
2,826100,0.9910789864329935
2,826200,0.9881832312665758
2,826300,0.9902540324834874
2,826400,0.9887807210020297
2,826500,0.9877021377112539
2,826600,0.9902045804558632
2,826700,0.9676382231796903
2,826800,0.990944262293322
2,826900,0.9670866647935938
2,827000,0.9670866647935938
2,827100,0.9894105892645533
2,827200,0.990046928108488
2,827300,0.990944262293322
2,827400,0.9676382231796903
2,827500,0.9909260894142354
2,827600,0.9667809503444897
2,827700,0.9667672231801465
2,827800,0.9667672231801465
2,827900,0.9878254491953321
2,828000,0.9902328935528983
2,828100,0.9908400977474042
2,828200,0.990944262293322
2,828300,0.9904026421420702
2,828400,0.9909544139229227
2,828500,0.9910789864329935
2,828600,0.9882910700077203
2,828700,0.9910789864329935
2,828800,0.9901072773698645
2,828900,0.9670866647935938
2,829000,0.988153590393784
2,829100,0.9696013636819175
2,829200,0.968997050937487
2,829300,0.9676382231796903
2,829400,0.9676382231796903
2,829500,0.9667672231801465
2,829600,0.9902045804558632
2,829700,0.9667672231801465
2,829800,0.9661172399214508
2,829900,0.9902045804558632
2,830000,0.968997050937487
2,830100,0.983855986085752
2,830200,0.968997050937487
2,830300,0.991002595904143
2,830400,0.9897006670674318
2,830500,0.9838325276133649
2,830600,0.9905322727472782
2,830700,0.988153590393784
2,830800,0.9907637523643765
2,830900,0.9704431192722748
2,831000,0.9882910700077203
2,831100,0.9909899415335435
2,831200,0.9676382231796903
2,831300,0.9676669498418963
2,831400,0.9874707600604369
2,831500,0.9679510622978409
2,831600,0.9679510622978409
2,831700,0.98736562335459
2,831800,0.9909349094373001
2,831900,0.9909544139229227
2,832000,0.9907637523643765
2,832100,0.9679166106564744
2,832200,0.9909544139229227
2,832300,0.9679166106564744
2,832400,0.991120789416464
2,832500,0.9910789864329935
2,832600,0.9684629015337533
2,832700,0.9900832768631621
2,832800,0.9909051035451656
2,832900,0.9902456046668922
2,833000,0.9902456046668922
2,833100,0.9874891641241311
2,833200,0.9909051035451656
2,833300,0.9904145925174429
2,833400,0.990944262293322
2,833500,0.9905508816138799
2,833600,0.9672511705512036
2,833700,0.9679166106564744
2,833800,0.9679166106564744
2,833900,0.9909051035451656
2,834000,0.9874891641241311
2,834100,0.9909349094373001
2,834200,0.9908909606943409
2,834300,0.9882910700077203
2,834400,0.9909544139229227
2,834500,0.9806019328701787
2,834600,0.9906706357999042
2,834700,0.9679166106564744
2,834800,0.9905733394793743
2,834900,0.9679510622978409
2,835000,0.9902392963610265
2,835100,0.9902392963610265
2,835200,0.991452478163814
2,835300,0.9871369448323155
2,835400,0.9679510622978409
2,835500,0.990393466333435
2,835600,0.9679166106564744
2,835700,0.9917723934245701
2,835800,0.9912326981510708
2,835900,0.9845657215200248
2,836000,0.9698055188170084
2,836100,0.9905425678247273
2,836200,0.9910789864329935
2,836300,0.9875571272534289
2,836400,0.9859902567426974
2,836500,0.9902511040573848
2,836600,0.9686253380202812
2,836700,0.9685466772914646
2,836800,0.9908909606943409
2,836900,0.9844470260470068
2,837000,0.9679510622978409
2,837100,0.9679510622978409
2,837200,0.9885884911668908
2,837300,0.9910789864329935
2,837400,0.9900832768631621
2,837500,0.9902511040573848
2,837600,0.9901613784620198
2,837700,0.968471210879123
2,837800,0.9902392963610265
2,837900,0.9679510622978409
2,838000,0.9901019185092214
2,838100,0.9902392963610265
2,838200,0.9905733394793743
2,838300,0.9901019185092214
2,838400,0.9685923565364517
2,838500,0.9902392963610265
2,838600,0.9902392963610265
2,838700,0.9893473338301132
2,838800,0.9910219485441246
2,838900,0.9900832768631621
2,839000,0.9679166106564744
2,839100,0.9904145925174429
2,839200,0.9878506021034216
2,839300,0.9667672231801465
2,839400,0.9908748737405829
2,839500,0.9909349094373001
2,839600,0.9677748749749983
2,839700,0.9676382231796903
2,839800,0.9904145925174429
2,839900,0.9900832768631621
2,840000,0.9682771606423546
2,840100,0.9685466772914646
2,840200,0.990405765340719
2,840300,0.9902392963610265
2,840400,0.9902392963610265
2,840500,0.9900832768631621
2,840600,0.9902392963610265
2,840700,0.9905963602312793
2,840800,0.9686253380202812
2,840900,0.9859902567426974
2,841000,0.9902392963610265
2,841100,0.991315872268631
2,841200,0.9903866046795557
2,841300,0.991315872268631
2,841400,0.9904997334561051
2,841500,0.9679510387999537
2,841600,0.9899241134891227
2,841700,0.9899241134891227
2,841800,0.9908778163705622
2,841900,0.9899241134891227
2,842000,0.9897405668926351
2,842100,0.9688063274149857
2,842200,0.9685466772914646
2,842300,0.9864027840151163
2,842400,0.9899241134891227
2,842500,0.9685677582567368
2,842600,0.9684629015337533
2,842700,0.9908764434121088
2,842800,0.9874834240586197
2,842900,0.9897405668926351
2,843000,0.9897405668926351
2,843100,0.9912021267776573
2,843200,0.9902392963610265
2,843300,0.9684629015337533
2,843400,0.9902392963610265
2,843500,0.9902392963610265
2,843600,0.9902392963610265
2,843700,0.9685466772914646
2,843800,0.9902392963610265
2,843900,0.9684906604297138
2,844000,0.9902392963610265
2,844100,0.9900832768631621
2,844200,0.9685923565364517
2,844300,0.9694012052604043
2,844400,0.9908655131066099
2,844500,0.9702360074195405
2,844600,0.9902932696648132
2,844700,0.9907094866481366
2,844800,0.9702360074195405
2,844900,0.9905414527892278
2,845000,0.9904232873274675
2,845100,0.9902932696648132
2,845200,0.9708253937143216
2,845300,0.9902932696648132
2,845400,0.9702007026528219
2,845500,0.990261089209624
2,845600,0.9898432996834384
2,845700,0.9906249048012152
2,845800,0.9695950120744047
2,845900,0.9904232873274675
2,846000,0.9905414527892278
2,846100,0.9702007026528219
2,846200,0.9808860265555349
2,846300,0.9694132903554428
2,846400,0.9849425370507306
2,846500,0.9905075325896371
2,846600,0.9694132903554428
2,846700,0.9904897488324207
2,846800,0.9904736723990457
2,846900,0.9688219124204045
2,847000,0.9901841814301068
2,847100,0.9901648711684907
2,847200,0.9899962323173831
2,847300,0.9904736723990457
2,847400,0.9694540245847729
2,847500,0.9908655131066099
2,847600,0.9688219124204045
2,847700,0.9903632771563539
2,847800,0.9898914605505736
2,847900,0.9688219124204045
2,848000,0.9691931022203534
2,848100,0.9903632771563539
2,848200,0.9902563049647887
2,848300,0.9902392963610265
2,848400,0.9841552120604962
2,848500,0.9900832768631621
2,848600,0.9907424226218191
2,848700,0.9679166106564744
2,848800,0.9809819015954669
2,848900,0.9874891641241311
2,849000,0.9882910700077203
2,849100,0.9913079367272972
2,849200,0.9911139197227458
2,849300,0.9803075392056175
2,849400,0.9882910700077203
2,849500,0.9905322727472782
2,849600,0.9909349094373001
2,849700,0.9676669498418963
2,849800,0.9908840845985207
2,849900,0.9919711339541366
2,850000,0.9909349094373001
2,850100,0.9909349094373001
2,850200,0.9902392963610265
2,850300,0.9905776830136896
2,850400,0.9911381155926778
2,850500,0.9685923565364517
2,850600,0.9899241134891227
2,850700,0.9899241134891227
2,850800,0.9685997784388751
2,850900,0.9913054934222968
2,851000,0.990405765340719
2,851100,0.9902392963610265
2,851200,0.9900832768631621
2,851300,0.9907424226218191
2,851400,0.9910789864329935
2,851500,0.9909260894142354
2,851600,0.9904145925174429
2,851700,0.9904145925174429
2,851800,0.9910789864329935
2,851900,0.9684629015337533
2,852000,0.9905776830136896
2,852100,0.9909051035451656
2,852200,0.9676669498418963
2,852300,0.9882910700077203
2,852400,0.9871369448323155
2,852500,0.9907424226218191
2,852600,0.9907424226218191
2,852700,0.9902392963610265
2,852800,0.9907424226218191
2,852900,0.9685677582567368
2,853000,0.9902392963610265
2,853100,0.9875102968263245
2,853200,0.9900832768631621
2,853300,0.9685997784388751
2,853400,0.9691931022203534
2,853500,0.9691931022203534
2,853600,0.9899241134891227
2,853700,0.9902511040573848
2,853800,0.9685997784388751
2,853900,0.9899241134891227
2,854000,0.9685997784388751
2,854100,0.9679166106564744
2,854200,0.9907424226218191
2,854300,0.9685677582567368
2,854400,0.9902392963610265
2,854500,0.9685923565364517
2,854600,0.9907424226218191
2,854700,0.9684629015337533
2,854800,0.9909349094373001
2,854900,0.9907365759938535
2,855000,0.9902835732308692
2,855100,0.9909349094373001
2,855200,0.9907637523643765
2,855300,0.9900832768631621
2,855400,0.9905776830136896
2,855500,0.9907424226218191
2,855600,0.9685997784388751
2,855700,0.9902392963610265
2,855800,0.9876727708863635
2,855900,0.9903330882880425
2,856000,0.9902392963610265
2,856100,0.9902392963610265
2,856200,0.9905963602312793
2,856300,0.9685997784388751
2,856400,0.9898466660538927
2,856500,0.9880437425073921
2,856600,0.9688219124204045
2,856700,0.9686253380202812
2,856800,0.9694132903554428
2,856900,0.9688219124204045
2,857000,0.9902563049647887
2,857100,0.9686253380202812
2,857200,0.9691931022203534
2,857300,0.9686253380202812
2,857400,0.9685923565364517
2,857500,0.9899241134891227
2,857600,0.9875102968263245
2,857700,0.9902392963610265
2,857800,0.9685677582567368
2,857900,0.9685923565364517
2,858000,0.9902563049647887
2,858100,0.9686253380202812
2,858200,0.9906503065056366
2,858300,0.9689436626341391
2,858400,0.9899241134891227
2,858500,0.9685923565364517
2,858600,0.967983666610798
2,858700,0.9907360995441421
2,858800,0.9902392963610265
2,858900,0.9902212631260219
2,859000,0.9907637523643765
2,859100,0.9907424226218191
2,859200,0.9679166106564744
2,859300,0.990114421272128
2,859400,0.9902540324834874
2,859500,0.9874891641241311
2,859600,0.9911935153690778
2,859700,0.9861539967872536
2,859800,0.9908840845985207
2,859900,0.9684629015337533
2,860000,0.9907424226218191
2,860100,0.9676382231796903
2,860200,0.9908840845985207
2,860300,0.9902540324834874
2,860400,0.9679166106564744
2,860500,0.990114421272128
2,860600,0.9908840845985207
2,860700,0.9898269732196466
2,860800,0.9908840845985207
2,860900,0.9908840845985207
2,861000,0.9908840845985207
2,861100,0.9908909606943409
2,861200,0.9908840845985207
2,861300,0.988153590393784
2,861400,0.9898269732196466
2,861500,0.9898269732196466
2,861600,0.9898269732196466
2,861700,0.9884376740696054
2,861800,0.9898857064739859
2,861900,0.9908840845985207
2,862000,0.9910411790984952
2,862100,0.9679166106564744
2,862200,0.9902540324834874
2,862300,0.9902540324834874
2,862400,0.9905355896093089
2,862500,0.9679166106564744
2,862600,0.9900974960701932
2,862700,0.9907424226218191
2,862800,0.9905355896093089
2,862900,0.9810597166847765
2,863000,0.9676382231796903
2,863100,0.9898269732196466
2,863200,0.9873132469664131
2,863300,0.9890655266341738
2,863400,0.9881702584122777
2,863500,0.9672947017231763
2,863600,0.9905355896093089
2,863700,0.9909349094373001
2,863800,0.9886495996183225
2,863900,0.9676382231796903
2,864000,0.9897006943849004
2,864100,0.9909349094373001
2,864200,0.9907424226218191
2,864300,0.9917600489890845
2,864400,0.9909051035451656
2,864500,0.96823993062934
2,864600,0.9902360013722181
2,864700,0.9895018053596706
2,864800,0.9908840845985207
2,864900,0.9704431192722748
2,865000,0.9674058281574737
2,865100,0.9883430839976213
2,865200,0.9720607768540084
2,865300,0.9898269732196466
2,865400,0.984292886478159
2,865500,0.96823993062934
2,865600,0.987456589692451
2,865700,0.9897405668926351
2,865800,0.9691931022203534
2,865900,0.9686253380202812
2,866000,0.9906983574383743
2,866100,0.9899241134891227
2,866200,0.9899241134891227
2,866300,0.9899241134891227
2,866400,0.9899241134891227
2,866500,0.9686253380202812
2,866600,0.9685997784388751
2,866700,0.9903464035690862
2,866800,0.9685997784388751
2,866900,0.9685997784388751
2,867000,0.9812565989878246
2,867100,0.9685677582567368
2,867200,0.9685677582567368
2,867300,0.990545465994623
2,867400,0.9902540324834874
2,867500,0.9685677582567368
2,867600,0.9907424226218191
2,867700,0.988153590393784
2,867800,0.9846953133237152
2,867900,0.96823993062934
2,868000,0.9710154184378167
2,868100,0.96823993062934
2,868200,0.9701657710370265
2,868300,0.9893427558288479
2,868400,0.9667809503444897
2,868500,0.9895018053596706
2,868600,0.9895280312252703
2,868700,0.972127656212287
2,868800,0.972127656212287
2,868900,0.9874492726950838
2,869000,0.9884110127916828
2,869100,0.9878271607867006
2,869200,0.9884720493376974
2,869300,0.9716439313315489
2,869400,0.9890028988851312
2,869500,0.9881851203654012
2,869600,0.9884110127916828
2,869700,0.9716439313315489
2,869800,0.9878283872095343
2,869900,0.9716179310014942
2,870000,0.9883551686200571
2,870100,0.9883551686200571
2,870200,0.9881573901317598
2,870300,0.9880672043364355
2,870400,0.9880672043364355
2,870500,0.972127656212287
2,870600,0.9892130603088354
2,870700,0.9883337596506374
2,870800,0.9887534724372831
2,870900,0.9674603471076395
2,871000,0.972127656212287
2,871100,0.9881851203654012
2,871200,0.972127656212287
2,871300,0.9716179310014942
2,871400,0.9877834961617674
2,871500,0.9884569561956011
2,871600,0.972127656212287
2,871700,0.9669541837895606
2,871800,0.9722600718483688
2,871900,0.9895018053596706
2,872000,0.9901896821875684
2,872100,0.9895018053596706
2,872200,0.9727528990047775
2,872300,0.9727528990047775
2,872400,0.9861866063361446
2,872500,0.9716179310014942
2,872600,0.9882276695313533
2,872700,0.9878054327406829
2,872800,0.9884569561956011
2,872900,0.9728248543877333
2,873000,0.9702142768668895
2,873100,0.9671543067652579
2,873200,0.9874554368790471
2,873300,0.9881851203654012
2,873400,0.9879058653799235
2,873500,0.9814453480218509
2,873600,0.9812367485497897
2,873700,0.971405424051171
2,873800,0.9859775869428801
2,873900,0.9879173675644363
2,874000,0.9879058653799235
2,874100,0.971405424051171
2,874200,0.9709091165469702
2,874300,0.9881573901317598
2,874400,0.9875640729551395
2,874500,0.9881851203654012
2,874600,0.9887493690417876
2,874700,0.9885154800382229
2,874800,0.9674026687763376
2,874900,0.9868861393345885
2,875000,0.9881353923335209
2,875100,0.9672784022973518
2,875200,0.9722788050083695
2,875300,0.9672784022973518
2,875400,0.9890028988851312
2,875500,0.9723524409429045
2,875600,0.9881851203654012
2,875700,0.9723524409429045
2,875800,0.972297214841612
2,875900,0.9723524409429045
2,876000,0.9887493690417876
2,876100,0.971405424051171
2,876200,0.9890669913425175
2,876300,0.971405424051171
2,876400,0.9872725897237435
2,876500,0.9893398904305939
2,876600,0.9880672043364355
2,876700,0.9880442139555176
2,876800,0.9890669913425175
2,876900,0.9883797408239218
2,877000,0.9714283691316726
2,877100,0.9711959508264913
2,877200,0.9872725897237435
2,877300,0.9874868184963375
2,877400,0.9881573901317598
2,877500,0.9874698695266891
2,877600,0.9721431409534729
2,877700,0.9874698695266891
2,877800,0.9878882805247251
2,877900,0.971405424051171
2,878000,0.9709179624358512
2,878100,0.9876636665640612
2,878200,0.9716439313315489
2,878300,0.9667253140239407
2,878400,0.9696483422321039
2,878500,0.9888368019585454
2,878600,0.971911760342052
2,878700,0.9716439313315489
2,878800,0.9889105452453852
2,878900,0.9874492726950838
2,879000,0.9667253140239407
2,879100,0.971911760342052
2,879200,0.9878271607867006
2,879300,0.9884047346428279
2,879400,0.9723524409429045
2,879500,0.9890028988851312
2,879600,0.9879333891017411
2,879700,0.9879333891017411
2,879800,0.9678362607761916
2,879900,0.9907365759938535
2,880000,0.9893080280270414
2,880100,0.9705691728019991
2,880200,0.9904138958069106
2,880300,0.990547197985288
2,880400,0.9881514883406061
2,880500,0.9907365759938535
2,880600,0.9893080280270414
2,880700,0.9893080280270414
2,880800,0.9678915165089483
2,880900,0.9895018053596706
2,881000,0.9881658800185801
2,881100,0.9672891925940619
2,881200,0.9722788050083695
2,881300,0.9879333891017411
2,881400,0.9720816512468287
2,881500,0.9884254074550808
2,881600,0.9678362607761916
2,881700,0.9879333891017411
2,881800,0.9888050281931102
2,881900,0.9675672439566833
2,882000,0.9888050281931102
2,882100,0.9881658800185801
2,882200,0.9674413353144613
2,882300,0.9889612865374308
2,882400,0.9879333891017411
2,882500,0.9882222916881086
2,882600,0.9678362607761916
2,882700,0.9678362607761916
2,882800,0.99075313665003
2,882900,0.9901095127006272
2,883000,0.9881514883406061
2,883100,0.9881514883406061
2,883200,0.9676382231796903
2,883300,0.9893080280270414
2,883400,0.9893062612036068
2,883500,0.9881514883406061
2,883600,0.9676382231796903
2,883700,0.96823993062934
2,883800,0.9914723430143898
2,883900,0.9685677582567368
2,884000,0.9685677582567368
2,884100,0.9907424226218191
2,884200,0.9684592172636498
2,884300,0.9911370504497319
2,884400,0.96823993062934
2,884500,0.98951430997872
2,884600,0.9913069880105858
2,884700,0.9914723430143898
2,884800,0.9911370504497319
2,884900,0.9808328546512852
2,885000,0.9907424226218191
2,885100,0.9905776830136896
2,885200,0.9691545090874092
2,885300,0.9901262825871163
2,885400,0.9903155403473264
2,885500,0.9809724074679125
2,885600,0.9899392947196417
2,885700,0.9702023490190601
2,885800,0.9702023490190601
2,885900,0.9904820514225543
2,886000,0.9707929917027964
2,886100,0.9904999898177292
2,886200,0.9904999898177292
2,886300,0.9900382293479147
2,886400,0.9902829602522106
2,886500,0.970192188313456
2,886600,0.9902829602522106
2,886700,0.9894833195015684
2,886800,0.9899545946367465
2,886900,0.9903737065272189
2,887000,0.9902637878915418
2,887100,0.9716981296250011
2,887200,0.9911328283448761
2,887300,0.9817235792663119
2,887400,0.9873072103094337
2,887500,0.988388859299026
2,887600,0.9910840838291187
2,887700,0.9922524036544556
2,887800,0.9914003192953253
2,887900,0.9847033169712482
2,888000,0.9915193408498386
2,888100,0.9714646566728052
2,888200,0.9908631615091202
2,888300,0.9904608252759606
2,888400,0.9902637878915418
2,888500,0.9902637878915418
2,888600,0.9902637878915418
2,888700,0.9709677105246578
2,888800,0.9899570590155725
2,888900,0.9702318461396015
2,889000,0.9715287342859068
2,889100,0.9901460167219811
2,889200,0.9901460167219811
2,889300,0.9900726429446098
2,889400,0.9901994590629115
2,889500,0.9900726429446098
2,889600,0.9900726429446098
2,889700,0.9709431570065029
2,889800,0.9896532182653957
2,889900,0.9709677105246578
2,890000,0.9901683512454479
2,890100,0.9903737065272189
2,890200,0.9709431570065029
2,890300,0.9902637878915418
2,890400,0.9902637878915418
2,890500,0.9901683512454479
2,890600,0.9906445375912034
2,890700,0.9899472452054792
2,890800,0.9906445375912034
2,890900,0.9902637878915418
2,891000,0.9903582557478228
2,891100,0.9906445375912034
2,891200,0.9906815188442968
2,891300,0.9716162909763786
2,891400,0.9902637878915418
2,891500,0.9901229878516822
2,891600,0.9897144010217607
2,891700,0.9911704845134623
2,891800,0.9911704845134623
2,891900,0.9911852467145974
2,892000,0.9911704845134623
2,892100,0.9906481977929473
2,892200,0.9892825860794519
2,892300,0.9922027004706361
2,892400,0.9918390862100677
2,892500,0.9918390862100677
2,892600,0.9918390862100677
2,892700,0.9922027004706361
2,892800,0.9922005528330913
2,892900,0.9918390862100677
2,893000,0.9915677955917414
2,893100,0.9912317846544383
2,893200,0.9918856727159262
2,893300,0.9914895032627834
2,893400,0.9866592841540504
2,893500,0.9912155117415202
2,893600,0.9862587427399042
2,893700,0.9915677955917414
2,893800,0.9694255209849191
2,893900,0.9912868057736027
2,894000,0.9865807080391342
2,894100,0.9914895032627834
2,894200,0.9918748903201076
2,894300,0.9918388342418311
2,894400,0.9701569202780058
2,894500,0.9913055655920974
2,894600,0.9918390862100677
2,894700,0.9916939228033983
2,894800,0.9922163641471449
2,894900,0.9721788633414084
2,895000,0.9909493206086673
2,895100,0.9922420683920617
2,895200,0.9910540315541072
2,895300,0.9897144010217607
2,895400,0.9900487857608219
2,895500,0.9717213549522019
2,895600,0.9911704845134623
2,895700,0.9912080993678356
2,895800,0.9922005528330913
2,895900,0.9921993209331872
2,896000,0.9910797552146509
2,896100,0.9694255209849191
2,896200,0.9916663424081484
2,896300,0.9876662742817507
2,896400,0.9918390862100677
2,896500,0.9918390862100677
2,896600,0.991440756873089
2,896700,0.9921668669425273
2,896800,0.9916663424081484
2,896900,0.9925087058257459
2,897000,0.9910797552146509
2,897100,0.9921668669425273
2,897200,0.9910797552146509
2,897300,0.9917574556742399
2,897400,0.9915677955917414
2,897500,0.9921785872899328
2,897600,0.9869934292966605
2,897700,0.9866592841540504
2,897800,0.9869934292966605
2,897900,0.9913189787105535
2,898000,0.9920961607417754
2,898100,0.9917593083828055
2,898200,0.9868453517335269
2,898300,0.9913555705586591
2,898400,0.9925369489572251
2,898500,0.9921309747975272
2,898600,0.9906974973544104
2,898700,0.9928098273694457
2,898800,0.991417851951269
2,898900,0.991864728952394
2,899000,0.9919248546859827
2,899100,0.992112643147644
2,899200,0.9917880335480633
2,899300,0.9923124238379637
2,899400,0.992425354521115
2,899500,0.9930185475263441
2,899600,0.991427886806427
2,899700,0.9919422122555931
2,899800,0.9920855533611742
2,899900,0.9904127049179926
2,900000,0.9928861332356289
2,900100,0.9928362285024245
2,900200,0.9879425172722157
2,900300,0.9924979165430184
2,900400,0.9926044328264033
2,900500,0.9931873382195022
2,900600,0.9901493357077745
2,900700,0.9931529166941372
2,900800,0.9925327967434162
2,900900,0.9925974195564975
2,901000,0.9928444739893049
2,901100,0.9919422122555931
2,901200,0.99240326990248
2,901300,0.9919422122555931
2,901400,0.9922793056702689
2,901500,0.992110014077054
2,901600,0.9906365317988518
2,901700,0.9908204332157987
2,901800,0.9872029357814849
2,901900,0.9901493357077745
2,902000,0.9930185475263441
2,902100,0.9919422122555931
2,902200,0.9920855533611742
2,902300,0.9925327967434162
2,902400,0.9926954868893496
2,902500,0.9925123098120744
2,902600,0.9926954868893496
2,902700,0.985073625278962
2,902800,0.9922793056702689
2,902900,0.9925719631433402
2,903000,0.9902764490207235
2,903100,0.9928444739893049
2,903200,0.992110014077054
2,903300,0.9902764490207235
2,903400,0.9928444739893049
2,903500,0.9928444739893049
2,903600,0.9903405270361453
2,903700,0.9930185475263441
2,903800,0.9919422122555931
2,903900,0.9920188851668625
2,904000,0.9917437741762091
2,904100,0.9919248546859827
2,904200,0.992112643147644
2,904300,0.991864728952394
2,904400,0.9902986223115332
2,904500,0.9909100111277579
2,904600,0.990882462238379
2,904700,0.9910887845444014
2,904800,0.9910671796825642
2,904900,0.9910887845444014
2,905000,0.987003213595887
2,905100,0.9905450537400857
2,905200,0.9897141941220766
2,905300,0.990882462238379
2,905400,0.9868464688799373
2,905500,0.9908484857834353
2,905600,0.9908484857834353
2,905700,0.9912814363465038
2,905800,0.9868464688799373
2,905900,0.9910671796825642
2,906000,0.9907647630767801
2,906100,0.9905450537400857
2,906200,0.9906791120884192
2,906300,0.9914805151446339
2,906400,0.9912814363465038
2,906500,0.9914805151446339
2,906600,0.9910594266971025
2,906700,0.9914805151446339
2,906800,0.9910671796825642
2,906900,0.9912814363465038
2,907000,0.99079418722568
2,907100,0.9910400761850476
2,907200,0.9910594266971025
2,907300,0.9915062778844912
2,907400,0.9910671796825642
2,907500,0.9912814363465038
2,907600,0.9908484857834353
2,907700,0.9915062778844912
2,907800,0.9907647630767801
2,907900,0.9905450537400857
2,908000,0.9903866041035718
2,908100,0.9905450537400857
2,908200,0.9905450537400857
2,908300,0.9912789536146069
2,908400,0.9915062778844912
2,908500,0.9915062778844912
2,908600,0.9910887845444014
2,908700,0.9869937628017759
2,908800,0.9915062778844912
2,908900,0.9909100111277579
2,909000,0.9907647630767801
2,909100,0.9907459941925605
2,909200,0.9902246007341446
2,909300,0.987033613747717
2,909400,0.9908110060119495
2,909500,0.9905836604539355
2,909600,0.9909688755330489
2,909700,0.9910671796825642
2,909800,0.9914805151446339
2,909900,0.9914939755881093
2,910000,0.9918073842652536
2,910100,0.9910594266971025
2,910200,0.9910594266971025
2,910300,0.9910594266971025
2,910400,0.9869321404299415
2,910500,0.9916017545159124
2,910600,0.9914064064974206
2,910700,0.9910594266971025
2,910800,0.9914805151446339
2,910900,0.9918784937635909
2,911000,0.9909123085456103
2,911100,0.9912298111790914
2,911200,0.9909123085456103
2,911300,0.9908929325310059
2,911400,0.9914660048766061
2,911500,0.9912832552217189
2,911600,0.9909123085456103
2,911700,0.9909123085456103
2,911800,0.9867536876956983
2,911900,0.9912814363465038
2,912000,0.9846431557654899
2,912100,0.9869165417835688
2,912200,0.9826453065002946
2,912300,0.9910887845444014
2,912400,0.9899472067606098
2,912500,0.987003213595887
2,912600,0.9820909733704146
2,912700,0.9902246007341446
2,912800,0.9902499564600854
2,912900,0.9923271200790026
2,913000,0.9920511637652369
2,913100,0.9910607647326494
2,913200,0.9913450572187056
2,913300,0.99164913159456
2,913400,0.9917479602645256
2,913500,0.9802195719002336
2,913600,0.9876063655620205
2,913700,0.9913450572187056
2,913800,0.9903997147781436
2,913900,0.9905986101872976
2,914000,0.9908204332157987
2,914100,0.9906365317988518
2,914200,0.9902499564600854
2,914300,0.9849654386123566
2,914400,0.9902246007341446
2,914500,0.9907402105449912
2,914600,0.990724107176908
2,914700,0.9912270840592443
2,914800,0.9923271200790026
2,914900,0.9920511637652369
2,915000,0.9928067215303371
2,915100,0.9921672860751694
2,915200,0.992982327895599
2,915300,0.992982327895599
2,915400,0.9910607647326494
2,915500,0.9917479602645256
2,915600,0.9906906287278796
2,915700,0.9855621383975828
2,915800,0.9925056707812061
2,915900,0.992228052860444
2,916000,0.9904408902934556
2,916100,0.9925056707812061
2,916200,0.9924545870154962
2,916300,0.9921672860751694
2,916400,0.9921672860751694
2,916500,0.9906845120341622
2,916600,0.9924134678337564
2,916700,0.9878980146212478
2,916800,0.9919973403063281
2,916900,0.9927892196884649
2,917000,0.9928067215303371
2,917100,0.992982327895599
2,917200,0.9924134678337564
2,917300,0.9928067215303371
2,917400,0.9917241284316293
2,917500,0.9918730244186196
2,917600,0.9923987753572565
2,917700,0.99164913159456
2,917800,0.9910607647326494
2,917900,0.9924134678337564
2,918000,0.9928613821486565
2,918100,0.9921672860751694
2,918200,0.992982327895599
2,918300,0.9917479602645256
2,918400,0.9924460927186016
2,918500,0.9913450572187056
2,918600,0.9926044328264033
2,918700,0.9924460927186016
2,918800,0.9904255559251844
2,918900,0.9928067215303371
2,919000,0.9933541980826378
2,919100,0.9927224983734889
2,919200,0.9920418045871572
2,919300,0.9928092337805717
2,919400,0.9903737477990002
2,919500,0.9924312629117829
2,919600,0.9923271200790026
2,919700,0.9923271200790026
2,919800,0.9920511637652369
2,919900,0.9923271200790026
2,920000,0.9874469607619206
2,920100,0.9919422122555931
2,920200,0.9927224983734889
2,920300,0.9926536801901019
2,920400,0.9927224983734889
2,920500,0.99164913159456
2,920600,0.9928966744224039
2,920700,0.9928092337805717
2,920800,0.9913502104786259
2,920900,0.9909709874304774
2,921000,0.9928092337805717
2,921100,0.9921355718609595
2,921200,0.9910607647326494
2,921300,0.9914381505114473
2,921400,0.9919973403063281
2,921500,0.9915917374828319
2,921600,0.9921672860751694
2,921700,0.9924201089424008
2,921800,0.9927892196884649
2,921900,0.9926044328264033
2,922000,0.9924134678337564
2,922100,0.9924201089424008
2,922200,0.9918219506594774
2,922300,0.9915917374828319
2,922400,0.992537733987858
2,922500,0.9926995690169783
2,922600,0.9866143314980299
2,922700,0.9902695555607112
2,922800,0.9857563930270827
2,922900,0.9916129861463028
2,923000,0.9837413466799131
2,923100,0.9924724408029711
2,923200,0.9821276756000084
2,923300,0.9915781611070807
2,923400,0.992061858081118
2,923500,0.992061858081118
2,923600,0.9928092337805717
2,923700,0.9928966744224039
2,923800,0.9925739633005246
2,923900,0.9923271200790026
2,924000,0.9924134678337564
2,924100,0.9925525925976237
2,924200,0.9925719591427375
2,924300,0.9888333695556558
2,924400,0.992537733987858
2,924500,0.9915781611070807
2,924600,0.9905253181557465
2,924700,0.9928444739893049
2,924800,0.9921296215201786
2,924900,0.9917093015841655
2,925000,0.9900285575304848
2,925100,0.9909986297959338
2,925200,0.9898168744994877
2,925300,0.9900285575304848
2,925400,0.9909986297959338
2,925500,0.9919582263764115
2,925600,0.9900285575304848
2,925700,0.9871277015419855
2,925800,0.9914004286151723
2,925900,0.9926288035973836
2,926000,0.9923282777965402
2,926100,0.9915120644229406
2,926200,0.9905836604539355
2,926300,0.9911090720727751
2,926400,0.9915062778844912
2,926500,0.9914317825478164
2,926600,0.991639380200894
2,926700,0.9920961607417754
2,926800,0.9915062778844912
2,926900,0.9869937628017759
2,927000,0.9854301451929737
2,927100,0.9891638189484002
2,927200,0.991565334973861
2,927300,0.9910887845444014
2,927400,0.9911026393042925
2,927500,0.9901234012882386
2,927600,0.9911090720727751
2,927700,0.9913550820916505
2,927800,0.9911026393042925
2,927900,0.9920961607417754
2,928000,0.9916911711029557
2,928100,0.9905450537400857
2,928200,0.9916911711029557
2,928300,0.9916911711029557
2,928400,0.986905459727501
2,928500,0.986905459727501
2,928600,0.9909814953431862
2,928700,0.9864553009934818
2,928800,0.9917093015841655
2,928900,0.9911163096491266
2,929000,0.99123802494629
2,929100,0.990882462238379
2,929200,0.9916017545159124
2,929300,0.9912653381179932
2,929400,0.9897474232795003
2,929500,0.9907376444071965
2,929600,0.9909747282074655
2,929700,0.9905450537400857
2,929800,0.9911090720727751
2,929900,0.9911146510140804
2,930000,0.9918621607575048
2,930100,0.9915888014456229
2,930200,0.9917686393695709
2,930300,0.9910577983902097
2,930400,0.9921096948743976
2,930500,0.9918621607575048
2,930600,0.9865185747484728
2,930700,0.9915888014456229
2,930800,0.9918621607575048
2,930900,0.990882838396055
2,931000,0.9910577983902097
2,931100,0.9913055655920974
2,931200,0.9916061505346707
2,931300,0.9808425768220685
2,931400,0.9913055655920974
2,931500,0.9913055655920974
2,931600,0.9920660559713319
2,931700,0.9915888014456229
2,931800,0.9911146510140804
2,931900,0.9920961607417754
2,932000,0.9866123293932305
2,932100,0.9914317825478164
2,932200,0.9867441644790481
2,932300,0.9911090720727751
2,932400,0.9916911711029557
2,932500,0.9910887845444014
2,932600,0.9912330519097563
2,932700,0.9916911711029557
2,932800,0.9913145349684139
2,932900,0.9912653381179932
2,933000,0.9911026393042925
2,933100,0.9852486146632689
2,933200,0.9833545521520021
2,933300,0.9912653381179932
2,933400,0.9867441644790481
2,933500,0.9912653381179932
2,933600,0.9918217819098731
2,933700,0.9907376444071965
2,933800,0.9911509020440935
2,933900,0.9913550820916505
2,934000,0.9919109887256836
2,934100,0.98477842586448
2,934200,0.9907069943199861
2,934300,0.9863880863465609
2,934400,0.9907069943199861
2,934500,0.9881488351383213
2,934600,0.9915446762508984
2,934700,0.9918217819098731
2,934800,0.9912653381179932
2,934900,0.9928845134093512
2,935000,0.9918217819098731
2,935100,0.9860400128629655
2,935200,0.9916911711029557
2,935300,0.9912653381179932
2,935400,0.9922750799515256
2,935500,0.9916017545159124
2,935600,0.9868363778965223
2,935700,0.9915847999931803
2,935800,0.9701006232865378
2,935900,0.9922750799515256
2,936000,0.9915888014456229
2,936100,0.9916709433044036
2,936200,0.9864355119352894
2,936300,0.9916084749348104
2,936400,0.9861776358335952
2,936500,0.9695223269088598
2,936600,0.9922347187096545
2,936700,0.9923611216895984
2,936800,0.99253508185664
2,936900,0.9923988384397805
2,937000,0.9915739953943843
2,937100,0.9698998432086179
2,937200,0.9864355119352894
2,937300,0.9918185460163255
2,937400,0.9926444908578917
2,937500,0.9695223269088598
2,937600,0.9921335976632975
2,937700,0.9916061505346707
2,937800,0.9922371565382654
2,937900,0.9908034531217077
2,938000,0.9916084749348104
2,938100,0.9916084749348104
2,938200,0.9912715095573297
2,938300,0.9921096948743976
2,938400,0.9922750799515256
2,938500,0.9922750799515256
2,938600,0.9912564127550648
2,938700,0.9919855371096837
2,938800,0.9915847999931803
2,938900,0.9853575519238421
2,939000,0.97029843814537
2,939100,0.986591743994559
2,939200,0.9915888014456229
2,939300,0.9696262432106443
2,939400,0.9922371565382654
2,939500,0.987661806772254
2,939600,0.9691073612407864
2,939700,0.9918422200989906
2,939800,0.9926570938273791
2,939900,0.9695223269088598
2,940000,0.9864355119352894
2,940100,0.991704550014015
2,940200,0.9907575110182703
2,940300,0.9695223269088598
2,940400,0.9841709822115884
2,940500,0.9920103011327153
2,940600,0.9926570938273791
2,940700,0.9920103011327153
2,940800,0.9916084749348104
2,940900,0.9922736909181216
2,941000,0.9843031777550476
2,941100,0.9915847999931803
2,941200,0.9925634593631779
2,941300,0.9698998432086179
2,941400,0.9920103011327153
2,941500,0.991621004553325
2,941600,0.9916061505346707
2,941700,0.9916084749348104
2,941800,0.9920103011327153
2,941900,0.9920103011327153
2,942000,0.991621004553325
2,942100,0.9921486965388032
2,942200,0.9923427415691722
2,942300,0.9907995585144075
2,942400,0.9912764795109309
2,942500,0.9722999905473368
2,942600,0.9918388196683179
2,942700,0.9722999905473368
2,942800,0.9918388196683179
2,942900,0.9907995585144075
2,943000,0.9900276231753502
2,943100,0.9918388196683179
2,943200,0.9912764795109309
2,943300,0.9912172186158097
2,943400,0.9817637678532375
2,943500,0.991197514460277
2,943600,0.9918388196683179
2,943700,0.9722999905473368
2,943800,0.992507760767006
2,943900,0.9921335976632975
2,944000,0.992507760767006
2,944100,0.993065146710882
2,944200,0.9926444908578917
2,944300,0.9920103011327153
2,944400,0.9699071355111472
2,944500,0.9920150151514632
2,944600,0.9926444908578917
2,944700,0.9920150151514632
2,944800,0.9922371565382654
2,944900,0.9923227928455023
2,945000,0.9915888014456229
2,945100,0.9923915618871395
2,945200,0.986532438434583
2,945300,0.9934168831403091
2,945400,0.9922806794180681
2,945500,0.9915888014456229
2,945600,0.9910667524018443
2,945700,0.9923915618871395
2,945800,0.9922033594786276
2,945900,0.9920961607417754
2,946000,0.9922532030842465
2,946100,0.9922033594786276
2,946200,0.9916328436473777
2,946300,0.9705501974596048
2,946400,0.9915847999931803
2,946500,0.991639380200894
2,946600,0.9922750799515256
2,946700,0.9916328436473777
2,946800,0.9922532030842465
2,946900,0.992140359687913
2,947000,0.9917028615051201
2,947100,0.9922806794180681
2,947200,0.991639380200894
2,947300,0.9921471028736886
2,947400,0.991639380200894
2,947500,0.9869162097090786
2,947600,0.9922099701121984
2,947700,0.9916911711029557
2,947800,0.99190314913649
2,947900,0.9920961607417754
2,948000,0.9927261169937361
2,948100,0.9922532030842465
2,948200,0.9915847999931803
2,948300,0.986532438434583
2,948400,0.9917028615051201
2,948500,0.9933271661949292
2,948600,0.9924407544112436
2,948700,0.9820648328126221
2,948800,0.9919536277609401
2,948900,0.9921026049090675
2,949000,0.9918173384710662
2,949100,0.9922371565382654
2,949200,0.9919536277609401
2,949300,0.9917028615051201
2,949400,0.9867568632417282
2,949500,0.9922532030842465
2,949600,0.9920961607417754
2,949700,0.9915847999931803
2,949800,0.9919536277609401
2,949900,0.991614837811572
2,950000,0.9922371565382654
2,950100,0.9915847999931803
2,950200,0.9920103011327153
2,950300,0.9923472535134182
2,950400,0.9864105523594309
2,950500,0.9926444908578917
2,950600,0.9923472535134182
2,950700,0.9922371565382654
2,950800,0.986591743994559
2,950900,0.9914722819368333
2,951000,0.9919536277609401
2,951100,0.9916709433044036
2,951200,0.9914782678765606
2,951300,0.9915847999931803
2,951400,0.9701006232865378
2,951500,0.9926201417202746
2,951600,0.9920961607417754
2,951700,0.991639380200894
2,951800,0.991639380200894
2,951900,0.9926201417202746
2,952000,0.9919536277609401
2,952100,0.9928852258604962
2,952200,0.9915888014456229
2,952300,0.9922532030842465
2,952400,0.9920961607417754
2,952500,0.9920961607417754
2,952600,0.991956362973563
2,952700,0.9912653381179932
2,952800,0.9867276018044921
2,952900,0.9912653381179932
2,953000,0.9912653381179932
2,953100,0.9858154915632099
2,953200,0.991639380200894
2,953300,0.9921471028736886
2,953400,0.9920961607417754
2,953500,0.991639380200894
2,953600,0.9922750799515256
2,953700,0.9867276018044921
2,953800,0.9915888014456229
2,953900,0.9922806794180681
2,954000,0.9920391416706303
2,954100,0.9920391416706303
2,954200,0.9918516983032907
2,954300,0.9922371565382654
2,954400,0.9919755170588996
2,954500,0.9861776358335952
2,954600,0.993065146710882
2,954700,0.9926570938273791
2,954800,0.993065146710882
2,954900,0.9923023095446746
2,955000,0.9920103011327153
2,955100,0.9920150151514632
2,955200,0.991704550014015
2,955300,0.9928072142141307
2,955400,0.9866637980859152
2,955500,0.9922398706338499
2,955600,0.9926201417202746
2,955700,0.9915888014456229
2,955800,0.9917772364351447
2,955900,0.9917772364351447
2,956000,0.9845056500213628
2,956100,0.9924716382627321
2,956200,0.9921471028736886
2,956300,0.9922806794180681
2,956400,0.9868037394417587
2,956500,0.9922750799515256
2,956600,0.9921471028736886
2,956700,0.9925088528393291
2,956800,0.9849815901841696
2,956900,0.9921471028736886
2,957000,0.9868265041591412
2,957100,0.9914574495360141
2,957200,0.9915161965855934
2,957300,0.9926857842657559
2,957400,0.991639380200894
2,957500,0.9915786969888369
2,957600,0.9928250651515392
2,957700,0.9921235432292314
2,957800,0.9866637980859152
2,957900,0.9926201417202746
2,958000,0.9931075044967341
2,958100,0.9923611216895984
2,958200,0.9920103011327153
2,958300,0.9923611216895984
2,958400,0.9926444908578917
2,958500,0.9683955448951354
2,958600,0.9915375884994928
2,958700,0.9847203462376438
2,958800,0.9926570938273791
2,958900,0.992507760767006
2,959000,0.9691073612407864
2,959100,0.992507760767006
2,959200,0.9933471252975825
2,959300,0.993065146710882
2,959400,0.9847203462376438
2,959500,0.992507760767006
2,959600,0.9722999905473368
2,959700,0.9926570938273791
2,959800,0.9926259367873302
2,959900,0.9926570938273791
2,960000,0.9926271383717982
2,960100,0.9922420683920617
2,960200,0.9923736980215428
2,960300,0.9919025021830045
2,960400,0.9718227033653078
2,960500,0.9903914285104745
2,960600,0.9924585742877198
2,960700,0.9872529149581087
2,960800,0.9903266760588272
2,960900,0.9899874353708702
2,961000,0.9892883025239414
2,961100,0.9871763047982756
2,961200,0.9903914285104745
2,961300,0.9898126990703361
2,961400,0.9721812772993053
2,961500,0.9903914285104745
2,961600,0.986932874001013
2,961700,0.9907360785924667
2,961800,0.9908730046577351
2,961900,0.9909067124864483
2,962000,0.9911222784998266
2,962100,0.9915703699757823
2,962200,0.9915703699757823
2,962300,0.9714124692132147
2,962400,0.9918954314558317
2,962500,0.984745828643465
2,962600,0.9910282379144082
2,962700,0.9706318112182294
2,962800,0.9911777088528949
2,962900,0.9915007030959206
2,963000,0.9915007030959206
2,963100,0.9706798881569803
2,963200,0.9915007030959206
2,963300,0.991085914814902
2,963400,0.9902733378908731
2,963500,0.9910282379144082
2,963600,0.9881622508927602
2,963700,0.9710421682073394
2,963800,0.9713506932179391
2,963900,0.9907360785924667
2,964000,0.9907239949063743
2,964100,0.9919197093767514
2,964200,0.9919025021830045
2,964300,0.986932874001013
2,964400,0.9907360785924667
2,964500,0.9720613770460887
2,964600,0.9904937159880556
2,964700,0.9904937159880556
2,964800,0.9907360785924667
2,964900,0.9907438265360378
2,965000,0.9721812772993053
2,965100,0.9919025021830045
2,965200,0.9919025021830045
2,965300,0.9905991797970265
2,965400,0.9720613770460887
2,965500,0.9908730046577351
2,965600,0.9908730046577351
2,965700,0.9714124692132147
2,965800,0.9815303372570758
2,965900,0.9917011428227089
2,966000,0.9912527909805438
2,966100,0.9712167957687
2,966200,0.9915991932820444
2,966300,0.9915991932820444
2,966400,0.9915640299856211
2,966500,0.9915991932820444
2,966600,0.9714547745213583
2,966700,0.9712167957687
2,966800,0.9906496655541619
2,966900,0.9912199861095173
2,967000,0.9911070895767766
2,967100,0.9706798881569803
2,967200,0.9911070895767766
2,967300,0.9706798881569803
2,967400,0.9712683254252196
2,967500,0.9912534948303646
2,967600,0.9906496655541619
2,967700,0.9865633826139675
2,967800,0.9708670737529876
2,967900,0.9699444891780805
2,968000,0.9909544150675087
2,968100,0.992154338357164
2,968200,0.9704861698859638
2,968300,0.99120050770138
2,968400,0.9705892728018907
2,968500,0.9708670737529876
2,968600,0.9706798881569803
2,968700,0.9914379896251427
2,968800,0.981204072082034
2,968900,0.9714547745213583
2,969000,0.9915215314510382
2,969100,0.9915215314510382
2,969200,0.9712167957687
2,969300,0.9906496655541619
2,969400,0.9712029932536563
2,969500,0.9917011428227089
2,969600,0.9706342492947577
2,969700,0.9909544150675087
2,969800,0.9912199861095173
2,969900,0.9906496655541619
2,970000,0.9912630519243919
2,970100,0.9912199861095173
2,970200,0.9918561691092873
2,970300,0.9704861698859638
2,970400,0.9710194968676678
2,970500,0.9706342492947577
2,970600,0.9918561691092873
2,970700,0.9912534948303646
2,970800,0.9919145558925979
2,970900,0.9919474389041464
2,971000,0.9914112534978756
2,971100,0.9912648622251257
2,971200,0.9915933057803876
2,971300,0.991385673707826
2,971400,0.9696825051159206
2,971500,0.9925406276990457
2,971600,0.9919145558925979
2,971700,0.9917849905725664
2,971800,0.9913533768960076
2,971900,0.9915991932820444
2,972000,0.9917159808239958
2,972100,0.9916012204899013
2,972200,0.9910489797214258
2,972300,0.9912541383948025
2,972400,0.9914971733955985
2,972500,0.9910138392467468
2,972600,0.9874453341913133
2,972700,0.9912541383948025
2,972800,0.9911360859197033
2,972900,0.9918934415413083
2,973000,0.9912541383948025
2,973100,0.9906029526741273
2,973200,0.9912541383948025
2,973300,0.9912541383948025
2,973400,0.972535806027436
2,973500,0.9926316379195139
2,973600,0.9724417690845415
2,973700,0.9916083841466078
2,973800,0.9846900357891708
2,973900,0.9920606676577756
2,974000,0.9874493962025275
2,974100,0.9906029526741273
2,974200,0.9909238154054001
2,974300,0.9914971733955985
2,974400,0.9873836255658137
2,974500,0.9720613770460887
2,974600,0.9912541383948025
2,974700,0.9914971733955985
2,974800,0.9907574141877336
2,974900,0.9926500298074052
2,975000,0.9926500298074052
2,975100,0.9920191150811909
2,975200,0.9907053551698407
2,975300,0.9919828417607839
2,975400,0.9928018934776988
2,975500,0.9916083841466078
2,975600,0.9925259507893069
2,975700,0.9842374361817526
2,975800,0.9917389976143646
2,975900,0.993065146710882
2,976000,0.993065146710882
2,976100,0.9926495643455072
2,976200,0.9920606676577756
2,976300,0.9694541108708477
2,976400,0.9689934544432186
2,976500,0.9912541383948025
2,976600,0.9912541383948025
2,976700,0.993035548085195
2,976800,0.9914162267869233
2,976900,0.993035548085195
2,977000,0.9920606676577756
2,977100,0.9906029526741273
2,977200,0.9910681771016655
2,977300,0.9911360859197033
2,977400,0.9909238154054001
2,977500,0.9911360859197033
2,977600,0.993035548085195
2,977700,0.9906029526741273
2,977800,0.9906029526741273
2,977900,0.9720613770460887
2,978000,0.993035548085195
2,978100,0.9920191150811909
2,978200,0.9906029526741273
2,978300,0.9912541383948025
2,978400,0.9871763047982756
2,978500,0.9906029526741273
2,978600,0.9906029526741273
2,978700,0.991470872452324
2,978800,0.9906029526741273
2,978900,0.9925081121326588
2,979000,0.9918567487666566
2,979100,0.9898770151491514
2,979200,0.9926500298074052
2,979300,0.9925081121326588
2,979400,0.9911172570825706
2,979500,0.992590551715915
2,979600,0.9930839253515865
2,979700,0.9926259367873302
2,979800,0.9933133008255547
2,979900,0.9921341639973024
2,980000,0.984295381440337
2,980100,0.9929379744558318
2,980200,0.99251112298208
2,980300,0.9922090837244979
2,980400,0.9929083379317326
2,980500,0.9929318581700252
2,980600,0.9929379744558318
2,980700,0.9926462181738728
2,980800,0.9925865661705362
2,980900,0.9923009661140657
2,981000,0.9923009661140657
2,981100,0.9933133008255547
2,981200,0.9921341639973024
2,981300,0.9921341639973024
2,981400,0.992554575397237
2,981500,0.993065146710882
2,981600,0.9922223247755414
2,981700,0.9923662495576033
2,981800,0.992554575397237
2,981900,0.9926259367873302
2,982000,0.9864105523594309
2,982100,0.9933133008255547
2,982200,0.9924287676386575
2,982300,0.9933471252975825
2,982400,0.9922400254615046
2,982500,0.9925865661705362
2,982600,0.99142907862654
2,982700,0.9693396456682116
2,982800,0.993065146710882
2,982900,0.9926259367873302
2,983000,0.9933471252975825
2,983100,0.9933471252975825
2,983200,0.9926259367873302
2,983300,0.9926500298074052
2,983400,0.9689758492108345
2,983500,0.9922157870286894
2,983600,0.9926259367873302
2,983700,0.9930586208223932
2,983800,0.9933471252975825
2,983900,0.9925650015572639
2,984000,0.9924287676386575
2,984100,0.9920806124356061
2,984200,0.986280718039601
2,984300,0.9922157870286894
2,984400,0.9920896478499505
2,984500,0.9920896478499505
2,984600,0.9927267083137457
2,984700,0.9928486962138909
2,984800,0.9918279520411261
2,984900,0.9922806794180681
2,985000,0.9922806794180681
2,985100,0.992708789950914
2,985200,0.992618761587581
2,985300,0.9918978083355002
2,985400,0.9867129265324877
2,985500,0.9931715280997224
2,985600,0.9923009661140657
2,985700,0.992708789950914
2,985800,0.9927452112087246
2,985900,0.9917247517601838
2,986000,0.9927424960953687
2,986100,0.992618761587581
2,986200,0.9917247517601838
2,986300,0.9927424960953687
2,986400,0.9917902315530079
2,986500,0.9927367516508213
2,986600,0.9926483098509161
2,986700,0.9922091574539317
2,986800,0.9926811903876561
2,986900,0.9920911720634361
2,987000,0.991815853299906
2,987100,0.9934179606605498
2,987200,0.9920911720634361
2,987300,0.9917920461152738
2,987400,0.9923403840910228
2,987500,0.992095239600196
2,987600,0.9922091574539317
2,987700,0.9904043992703165
2,987800,0.9900085139117277
2,987900,0.9903087822673268
2,988000,0.9930750350446249
2,988100,0.9937668398274889
2,988200,0.9902555153506558
2,988300,0.9851572523454111
2,988400,0.9931277048540329
2,988500,0.9928671679286698
2,988600,0.9937878251967256
2,988700,0.9939435658024424
2,988800,0.9937621592107552
2,988900,0.9905669033005894
2,989000,0.9934900312247632
2,989100,0.993270837287002
2,989200,0.9934900312247632
2,989300,0.9931853110837316
2,989400,0.9941071675870929
2,989500,0.9936767081458233
2,989600,0.9939711448775509
2,989700,0.9907685089052615
2,989800,0.9909807681507692
2,989900,0.9929712628511436
2,990000,0.9931896549802024
2,990100,0.9911693046012564
2,990200,0.9941071675870929
2,990300,0.9909807681507692
2,990400,0.9911693046012564
2,990500,0.993270837287002
2,990600,0.9939711448775509
2,990700,0.9931989077722803
2,990800,0.9931989077722803
2,990900,0.9934900312247632
2,991000,0.9905669033005894
2,991100,0.9929712628511436
2,991200,0.9932942635329897
2,991300,0.9909503239037581
2,991400,0.9936505650307775
2,991500,0.9928349943579239
2,991600,0.9934107224879924
2,991700,0.989758895146122
2,991800,0.9683753095207566
2,991900,0.9849536696331679
2,992000,0.9931989077722803
2,992100,0.9929712628511436
2,992200,0.9895281659168843
2,992300,0.9932942635329897
2,992400,0.9931989077722803
2,992500,0.9932245819078217
2,992600,0.9932245819078217
2,992700,0.9932245819078217
2,992800,0.9932245819078217
2,992900,0.9931343416152472
2,993000,0.991815853299906
2,993100,0.9916534683862868
2,993200,0.9921107984168762
2,993300,0.9924560396059346
2,993400,0.9923605103595093
2,993500,0.9845945180455261
2,993600,0.9923670380434347
2,993700,0.9924220175962982
2,993800,0.9934623592269934
2,993900,0.9921107984168762
2,994000,0.9923566972384472
2,994100,0.9900911337410101
2,994200,0.991921173621453
2,994300,0.992095239600196
2,994400,0.9902215411336743
2,994500,0.9863664723428422
2,994600,0.9919393041153695
2,994700,0.9932245819078217
2,994800,0.9905123106088782
2,994900,0.9928719088224753
2,995000,0.9924984790227233
2,995100,0.9932101305885309
2,995200,0.9930110169121034
2,995300,0.9928197404232756
2,995400,0.9936146170773671
2,995500,0.9905669033005894
2,995600,0.9933149915800011
2,995700,0.9936767081458233
2,995800,0.9941071675870929
2,995900,0.9931896549802024
2,996000,0.9937940241990001
2,996100,0.9911580123678482
2,996200,0.9938381784847682
2,996300,0.9936151599470876
2,996400,0.9931330663277457
2,996500,0.9930772179729939
2,996600,0.9929920085801562
2,996700,0.9940854021431057
2,996800,0.9934923494217511
2,996900,0.9939265774837006
2,997000,0.9947005577829939
2,997100,0.9937481213794513
2,997200,0.9689180077819369
2,997300,0.9936426609838215
2,997400,0.994177854622748
2,997500,0.9890452788197936
2,997600,0.9934994367496245
2,997700,0.9942569494029131
2,997800,0.9887477421682542
2,997900,0.9947296741437134
2,998000,0.9887477421682542
2,998100,0.991661097046517
2,998200,0.9699321052214653
2,998300,0.9918400511905774
2,998400,0.9944233162718914
2,998500,0.9946799931684701
2,998600,0.9882639404992989
2,998700,0.9939265774837006
2,998800,0.9821003405649705
2,998900,0.9914757177412287
2,999000,0.9938562764769999
2,999100,0.9936426609838215
2,999200,0.9936905530984973
2,999300,0.9930116122328979
2,999400,0.9932017255725869
2,999500,0.9914757177412287
2,999600,0.9879409362177749
2,999700,0.9944690489039506
2,999800,0.9934923494217511
2,999900,0.9936905530984973
