day,timestamp,product,bid_price_1,bid_volume_1,bid_price_2,bid_volume_2,bid_price_3,bid_volume_3,ask_price_1,ask_volume_1,ask_price_2,ask_volume_2,ask_price_3,ask_volume_3,mid_price,profit_and_loss,source_file,one_sided,spread,imbalance_l1,microprice,fair_value,d_fair,d_mid,rolling_vol,cum_mean_d_fair,cum_var_d_fair,bid_offset_fair_1,ask_offset_fair_1,bid_offset_mid_1,ask_offset_mid_1,level_present_bid_1,level_present_ask_1,bid_offset_fair_2,ask_offset_fair_2,bid_offset_mid_2,ask_offset_mid_2,level_present_bid_2,level_present_ask_2,bid_offset_fair_3,ask_offset_fair_3,bid_offset_mid_3,ask_offset_mid_3,level_present_bid_3,level_present_ask_3,vol_bucket,spread_bucket,fair_state_bucket
-2,0,INTARIAN_PEPPER_ROOT,9992.0,17.0,,,,,10005.0,9.0,10008.0,17.0,,,9998.5,0.0,prices_round_1_day_-2.csv,False,13.0,0.3076923076923077,10000.5,10000.5,,,,,,-8.5,4.5,-6.5,6.5,1,1,,7.5,,9.5,0,1,,,,,0,0,q2,tight,mid_low
-2,100,INTARIAN_PEPPER_ROOT,9995.0,11.0,9992.0,16.0,,,10006.0,11.0,10008.0,16.0,,,10000.5,0.0,prices_round_1_day_-2.csv,False,11.0,0.0,10000.5,10000.5,0.0,2.0,,0.0,,-5.5,5.5,-5.5,5.5,1,1,-8.5,7.5,-8.5,7.5,1,1,,,,,0,0,q2,tight,mid_low
-2,200,INTARIAN_PEPPER_ROOT,9995.0,12.0,,,,,10008.0,20.0,,,,,10001.5,0.0,prices_round_1_day_-2.csv,False,13.0,-0.25,9999.875,9999.875,-0.625,1.0,,-0.3125,0.1953125,-4.875,8.125,-6.5,6.5,1,1,,,,,0,0,,,,,0,0,q2,tight,low
-2,300,INTARIAN_PEPPER_ROOT,,,,,,,10006.0,10.0,10008.0,21.0,,,10006.0,0.0,prices_round_1_day_-2.csv,True,,-1.0,,10006.0,6.125,4.5,,1.8333333333333333,13.911458333333332,,0.0,,0.0,0,1,,2.0,,2.0,0,1,,,,,0,0,q2,mid1,mid_low
-2,400,INTARIAN_PEPPER_ROOT,9992.0,20.0,,,,,10006.0,12.0,10008.0,20.0,,,9999.0,0.0,prices_round_1_day_-2.csv,False,14.0,0.25,10000.75,10000.75,-5.25,-7.0,,0.0625,21.817708333333332,-8.75,5.25,-7.0,7.0,1,1,,7.25,,9.0,0,1,,,,,0,0,q2,mid1,mid_low
-2,500,INTARIAN_PEPPER_ROOT,9995.0,12.0,9993.0,16.0,,,10006.0,12.0,10008.0,16.0,,,10000.5,0.0,prices_round_1_day_-2.csv,False,11.0,0.0,10000.5,10000.5,-0.25,1.5,,0.0,16.3828125,-5.5,5.5,-5.5,5.5,1,1,-7.5,7.5,-7.5,7.5,1,1,,,,,0,0,q2,tight,mid_low
-2,600,INTARIAN_PEPPER_ROOT,9995.0,11.0,9993.0,16.0,,,10009.0,16.0,,,,,10002.0,0.0,prices_round_1_day_-2.csv,False,14.0,-0.18518518518518517,10000.703703703704,10000.703703703704,0.2037037037043774,1.5,,0.0339506172840629,13.113165866483815,-5.703703703704377,8.296296296295623,-7.0,7.0,1,1,-7.703703703704377,,-9.0,,1,0,,,,,0,0,q2,mid1,mid_low
-2,700,INTARIAN_PEPPER_ROOT,9995.0,12.0,9993.0,17.0,,,10006.0,12.0,10009.0,17.0,,,10000.5,0.0,prices_round_1_day_-2.csv,False,11.0,0.0,10000.5,10000.5,-0.2037037037043774,-1.5,,0.0,10.935706732967626,-5.5,5.5,-5.5,5.5,1,1,-7.5,8.5,-7.5,8.5,1,1,,,,,0,0,q2,tight,mid_low
-2,800,INTARIAN_PEPPER_ROOT,9993.0,23.0,,,,,10006.0,9.0,,,,,9999.5,0.0,prices_round_1_day_-2.csv,False,13.0,0.4375,10002.34375,10002.34375,1.84375,-1.0,,0.23046875,9.79838967178475,-9.34375,3.65625,-6.5,6.5,1,1,,,,,0,0,,,,,0,0,q2,tight,mid_low
-2,900,INTARIAN_PEPPER_ROOT,9995.0,11.0,9993.0,24.0,,,10006.0,11.0,10009.0,24.0,,,10000.5,0.0,prices_round_1_day_-2.csv,False,11.0,0.0,10000.5,10000.5,-1.84375,1.0,,0.0,9.05163356535072,-5.5,5.5,-5.5,5.5,1,1,-7.5,8.5,-7.5,8.5,1,1,,,,,0,0,q2,tight,mid_low
-2,1000,INTARIAN_PEPPER_ROOT,9995.0,11.0,9993.0,24.0,,,10006.0,11.0,10009.0,24.0,,,10000.5,0.0,prices_round_1_day_-2.csv,False,11.0,0.0,10000.5,10000.5,0.0,0.0,2.8365289532338593,0.0,8.045896502533973,-5.5,5.5,-5.5,5.5,1,1,-7.5,8.5,-7.5,8.5,1,1,,,,,0,0,q2,tight,mid_low
-2,1100,INTARIAN_PEPPER_ROOT,,,,,,,10003.0,8.0,10009.0,21.0,,,10003.0,0.0,prices_round_1_day_-2.csv,True,,-1.0,,10003.0,2.5,2.5,2.794546236951966,0.22727272727272727,7.809488670462395,,0.0,,0.0,0,1,,6.0,,6.0,0,1,,,,,0,0,q2,mid1,mid_low
-2,1200,INTARIAN_PEPPER_ROOT,9993.0,21.0,,,,,10007.0,10.0,,,,,10000.0,0.0,prices_round_1_day_-2.csv,False,14.0,0.3548387096774194,10002.483870967742,10002.483870967742,-0.5161290322575951,-3.0,2.6731234544951112,0.16532258064520042,7.145589002971878,-9.483870967742405,4.516129032257595,-7.0,7.0,1,1,,,,,0,0,,,,,0,0,q1,mid1,mid_low
-2,1300,INTARIAN_PEPPER_ROOT,9996.0,9.0,9993.0,16.0,,,10007.0,9.0,10009.0,16.0,,,10001.5,0.0,prices_round_1_day_-2.csv,False,11.0,0.0,10001.5,10001.5,-0.9838709677424049,1.5,2.579091194991436,0.07692307692307693,6.651711392082352,-5.5,5.5,-5.5,5.5,1,1,-8.5,7.5,-8.5,7.5,1,1,,,,,0,0,q1,tight,mid_low
-2,1400,INTARIAN_PEPPER_ROOT,9996.0,10.0,9993.0,18.0,,,10007.0,10.0,10009.0,18.0,,,10001.5,0.0,prices_round_1_day_-2.csv,False,11.0,0.0,10001.5,10001.5,0.0,0.0,2.477995952229927,0.07142857142857142,6.140463939267903,-5.5,5.5,-5.5,5.5,1,1,-8.5,7.5,-8.5,7.5,1,1,,,,,0,0,q1,tight,mid_low
-2,1500,INTARIAN_PEPPER_ROOT,9996.0,9.0,9993.0,23.0,,,10007.0,9.0,,,,,10001.5,0.0,prices_round_1_day_-2.csv,False,11.0,0.0,10001.5,10001.5,0.0,0.0,2.3879278691434043,0.06666666666666667,5.70219950823176,-5.5,5.5,-5.5,5.5,1,1,-8.5,,-8.5,,1,0,,,,,0,0,q1,tight,mid_low
-2,1600,INTARIAN_PEPPER_ROOT,9994.0,24.0,,,,,10007.0,8.0,,,,,10000.5,0.0,prices_round_1_day_-2.csv,False,13.0,0.5,10003.75,10003.75,2.25,-1.0,2.370651155722288,0.203125,5.619986902127421,-9.75,3.25,-6.5,6.5,1,1,,,,,0,0,,,,,0,0,q1,tight,mid_low
-2,1700,INTARIAN_PEPPER_ROOT,9996.0,9.0,9994.0,18.0,,,10007.0,9.0,,,,,10001.5,0.0,prices_round_1_day_-2.csv,False,11.0,0.0,10001.5,10001.5,-2.25,1.0,2.3712290622757686,0.058823529411764705,5.622727265781221,-5.5,5.5,-5.5,5.5,1,1,-7.5,,-7.5,,1,0,,,,,0,0,q1,tight,mid_low
-2,1800,INTARIAN_PEPPER_ROOT,9996.0,12.0,9994.0,23.0,,,10007.0,12.0,10010.0,23.0,,,10001.5,0.0,prices_round_1_day_-2.csv,False,11.0,0.0,10001.5,10001.5,0.0,0.0,2.3004718726479694,0.05555555555555555,5.2921708368444556,-5.5,5.5,-5.5,5.5,1,1,-7.5,8.5,-7.5,8.5,1,1,,,,,0,0,q1,tight,mid_low
-2,1900,INTARIAN_PEPPER_ROOT,9996.0,8.0,9994.0,17.0,,,10010.0,17.0,,,,,10003.0,0.0,prices_round_1_day_-2.csv,False,14.0,-0.36,10000.48,10000.48,-1.0200000000004366,1.5,2.2492324459848843,-0.001052631578970345,5.059046596071145,-4.479999999999563,9.520000000000437,-7.0,7.0,1,1,-6.479999999999563,,-9.0,,1,0,,,,,0,0,q1,mid1,mid_low
-2,2000,INTARIAN_PEPPER_ROOT,9994.0,17.0,,,,,10008.0,11.0,10010.0,17.0,,,10001.0,0.0,prices_round_1_day_-2.csv,False,14.0,0.21428571428571427,10002.5,10002.5,2.0200000000004366,-2.0,2.2354001146846874,0.1,4.997013672732313,-8.5,5.5,-7.0,7.0,1,1,,7.5,,9.0,0,1,,,,,0,0,q1,mid1,mid_low
-2,2100,INTARIAN_PEPPER_ROOT,9997.0,10.0,,,,,10010.0,20.0,,,,,10003.5,0.0,prices_round_1_day_-2.csv,False,13.0,-0.3333333333333333,10001.333333333334,10001.333333333334,-1.1666666666660603,2.5,2.196261620458214,0.03968253968256855,4.823565105497741,-4.33333333333394,8.66666666666606,-6.5,6.5,1,1,,,,,0,0,,,,,0,0,q1,tight,mid_low
-2,2200,INTARIAN_PEPPER_ROOT,9994.0,19.0,,,,,10008.0,12.0,10010.0,19.0,,,10001.0,0.0,prices_round_1_day_-2.csv,False,14.0,0.22580645161290322,10002.58064516129,10002.58064516129,1.2473118279558548,-2.5,2.1587406065163393,0.09457478005862702,4.660161006222533,-8.580645161289794,5.4193548387102055,-7.0,7.0,1,1,,7.4193548387102055,,9.0,0,1,,,,,0,0,q1,mid1,mid_low
-2,2300,INTARIAN_PEPPER_ROOT,9994.0,22.0,,,,,10008.0,12.0,,,,,10001.0,0.0,prices_round_1_day_-2.csv,False,14.0,0.29411764705882354,10003.058823529413,10003.058823529413,0.4781783681228262,0.0,2.1106239377243776,0.11125319693098351,4.454733406495158,-9.05882352941262,4.941176470587379,-7.0,7.0,1,1,,,,,0,0,,,,,0,0,q1,mid1,mid_low
-2,2400,INTARIAN_PEPPER_ROOT,9997.0,9.0,9994.0,18.0,,,10008.0,9.0,10010.0,18.0,,,10002.5,0.0,prices_round_1_day_-2.csv,False,11.0,0.0,10002.5,10002.5,-0.5588235294126207,1.5,2.0687575489028838,0.08333333333333333,4.279757796142668,-5.5,5.5,-5.5,5.5,1,1,-8.5,7.5,-8.5,7.5,1,1,,,,,0,0,q1,tight,mid_low
-2,2500,INTARIAN_PEPPER_ROOT,9997.0,9.0,,,,,10008.0,9.0,10011.0,18.0,,,10002.5,0.0,prices_round_1_day_-2.csv,False,11.0,0.0,10002.5,10002.5,0.0,0.0,2.025268459344218,0.08,4.101712332414501,-5.5,5.5,-5.5,5.5,1,1,,8.5,,8.5,0,1,,,,,0,0,q1,tight,mid_low
-2,2600,INTARIAN_PEPPER_ROOT,9995.0,15.0,,,,,10008.0,8.0,10011.0,15.0,,,10001.5,0.0,prices_round_1_day_-2.csv,False,13.0,0.30434782608695654,10003.478260869566,10003.478260869566,0.9782608695659292,-1.0,1.9921539599799556,0.11454849498330497,3.9686774002638185,-8.47826086956593,4.521739130434071,-6.5,6.5,1,1,,7.521739130434071,,9.5,0,1,,,,,0,0,q1,tight,mid_low
-2,2700,INTARIAN_PEPPER_ROOT,9997.0,10.0,9995.0,16.0,,,10011.0,16.0,,,,,10004.0,0.0,prices_round_1_day_-2.csv,False,14.0,-0.23076923076923078,10002.384615384615,10002.384615384615,-1.0936454849506845,2.5,1.9672570080221996,0.06980056980056462,3.8701001356124567,-5.384615384615245,8.615384615384755,-7.0,7.0,1,1,-7.384615384615245,,-9.0,,1,0,,,,,0,0,q1,mid1,mid_low
-2,2800,INTARIAN_PEPPER_ROOT,9997.0,10.0,9995.0,21.0,,,10008.0,10.0,,,,,10002.5,0.0,prices_round_1_day_-2.csv,False,11.0,0.0,10002.5,10002.5,0.1153846153847553,-1.5,1.9305018271043306,0.07142857142857142,3.7268373044531584,-5.5,5.5,-5.5,5.5,1,1,-7.5,,-7.5,,1,0,,,,,0,0,q1,tight,mid_low
-2,2900,INTARIAN_PEPPER_ROOT,9997.0,8.0,9995.0,21.0,,,10008.0,8.0,10011.0,21.0,,,10002.5,0.0,prices_round_1_day_-2.csv,False,11.0,0.0,10002.5,10002.5,0.0,0.0,1.8957615632228653,0.06896551724137931,3.593911904593202,-5.5,5.5,-5.5,5.5,1,1,-7.5,8.5,-7.5,8.5,1,1,,,,,0,0,q1,tight,mid_low
-2,3000,INTARIAN_PEPPER_ROOT,9997.0,8.0,9995.0,19.0,,,10009.0,8.0,10011.0,19.0,,,10003.0,0.0,prices_round_1_day_-2.csv,False,12.0,0.0,10003.0,10003.0,0.5,0.5,1.8644508392716226,0.08333333333333333,3.4761769320606577,-6.0,6.0,-6.0,6.0,1,1,-8.0,8.0,-8.0,8.0,1,1,,,,,0,0,q1,tight,mid_low
-2,3100,INTARIAN_PEPPER_ROOT,9998.0,9.0,,,,,10011.0,19.0,,,,,10004.5,0.0,prices_round_1_day_-2.csv,False,13.0,-0.35714285714285715,10002.17857142857,10002.17857142857,-0.821428571429351,1.5,1.840301776635556,0.05414746543776287,3.3867106290879843,-4.178571428570649,8.821428571429351,-6.5,6.5,1,1,,,,,0,0,,,,,0,0,q1,tight,mid_low
-2,3200,INTARIAN_PEPPER_ROOT,9995.0,22.0,,,,,10011.0,22.0,,,,,10003.0,0.0,prices_round_1_day_-2.csv,False,16.0,0.0,10003.0,10003.0,0.821428571429351,-1.5,1.815450194402278,0.078125,3.295859408355269,-8.0,8.0,-8.0,8.0,1,1,,,,,0,0,,,,,0,0,q1,mid1,mid_low
-2,3300,INTARIAN_PEPPER_ROOT,9998.0,10.0,9995.0,19.0,,,10009.0,10.0,,,,,10003.5,0.0,prices_round_1_day_-2.csv,False,11.0,0.0,10003.5,10003.5,0.5,0.5,1.7883671575480353,0.09090909090909091,3.1982570901964396,-5.5,5.5,-5.5,5.5,1,1,-8.5,,-8.5,,1,0,,,,,0,0,q1,tight,mid_low
-2,3400,INTARIAN_PEPPER_ROOT,9998.0,9.0,9995.0,21.0,,,10009.0,9.0,10011.0,21.0,,,10003.5,0.0,prices_round_1_day_-2.csv,False,11.0,0.0,10003.5,10003.5,0.0,0.0,1.7611312503930312,0.08823529411764706,3.1015832811109214,-5.5,5.5,-5.5,5.5,1,1,-8.5,7.5,-8.5,7.5,1,1,,,,,0,0,q1,tight,mid_low
-2,3500,INTARIAN_PEPPER_ROOT,9998.0,11.0,,,,,10012.0,23.0,,,,,10005.0,0.0,prices_round_1_day_-2.csv,False,14.0,-0.35294117647058826,10002.529411764706,10002.529411764706,-0.9705882352936896,1.5,1.7442453610702389,0.05798319327732315,3.0423918796150478,-4.52941176470631,9.47058823529369,-7.0,7.0,1,1,,,,,0,0,,,,,0,0,q1,mid1,mid_low
-2,3600,INTARIAN_PEPPER_ROOT,9998.0,12.0,9996.0,19.0,,,10009.0,12.0,10012.0,19.0,,,10003.5,0.0,prices_round_1_day_-2.csv,False,11.0,0.0,10003.5,10003.5,0.9705882352936896,-1.5,1.7258624113675074,0.08333333333333333,2.9786010629712676,-5.5,5.5,-5.5,5.5,1,1,-7.5,8.5,-7.5,8.5,1,1,,,,,0,0,q1,tight,mid_low
-2,3700,INTARIAN_PEPPER_ROOT,9998.0,9.0,,,,,10009.0,9.0,10012.0,17.0,,,10003.5,0.0,prices_round_1_day_-2.csv,False,11.0,0.0,10003.5,10003.5,0.0,0.0,1.701778432182958,0.08108108108108109,2.896049832243087,-5.5,5.5,-5.5,5.5,1,1,,8.5,,8.5,0,1,,,,,0,0,q1,tight,mid_low
-2,3800,INTARIAN_PEPPER_ROOT,9998.0,8.0,9996.0,20.0,,,10012.0,20.0,,,,,10005.0,0.0,prices_round_1_day_-2.csv,False,14.0,-0.42857142857142855,10002.0,10002.0,-1.5,1.5,1.6981056749155814,0.039473684210526314,2.883562883180502,-4.0,10.0,-7.0,7.0,1,1,-6.0,,-9.0,,1,0,,,,,0,0,q1,mid1,mid_low
-2,3900,INTARIAN_PEPPER_ROOT,9998.0,11.0,,,,,10009.0,11.0,10012.0,15.0,,,10003.5,0.0,prices_round_1_day_-2.csv,False,11.0,0.0,10003.5,10003.5,1.5,-1.5,1.6918556300641048,0.07692307692307693,2.862375472979609,-5.5,5.5,-5.5,5.5,1,1,,8.5,,8.5,0,1,,,,,0,0,q1,tight,mid_low
-2,4000,INTARIAN_PEPPER_ROOT,10007.0,7.0,9998.0,11.0,9996.0,20.0,10010.0,11.0,10012.0,20.0,,,10008.5,0.0,prices_round_1_day_-2.csv,False,3.0,-0.2222222222222222,10008.166666666666,10008.166666666666,4.66666666666606,5.0,1.8208857420421432,0.1916666666666515,3.3156248855723662,-1.1666666666660603,1.8333333333339397,-1.5,1.5,1,1,-10.16666666666606,3.8333333333339397,-10.5,3.5,1,1,-12.16666666666606,,-12.5,,1,0,q1,tight,mid_low
-2,4100,INTARIAN_PEPPER_ROOT,9999.0,12.0,9996.0,17.0,,,,,,,,,9999.0,0.0,prices_round_1_day_-2.csv,True,,1.0,,9999.0,-9.16666666666606,-9.5,2.317065572608772,-0.036585365853658534,5.368792867768817,0.0,,0.0,,1,0,-3.0,,-3.0,,1,0,,,,,0,0,q1,mid1,low
-2,4200,INTARIAN_PEPPER_ROOT,9996.0,16.0,,,,,10012.0,16.0,,,,,10004.0,0.0,prices_round_1_day_-2.csv,False,16.0,0.0,10004.0,10004.0,5.0,5.0,2.4169872704835806,0.08333333333333333,5.84182746567967,-8.0,8.0,-8.0,8.0,1,1,,,,,0,0,,,,,0,0,q1,mid1,mid_low
-2,4300,INTARIAN_PEPPER_ROOT,,,,,,,10010.0,11.0,10012.0,25.0,,,10010.0,0.0,prices_round_1_day_-2.csv,True,,-1.0,,10010.0,6.0,6.0,2.5528124338902267,0.22093023255813954,6.516851322624544,,0.0,,0.0,0,1,,2.0,,2.0,0,1,,,,,0,0,q1,mid1,mid_low
-2,4400,INTARIAN_PEPPER_ROOT,9996.0,17.0,,,,,10010.0,9.0,10012.0,17.0,,,10003.0,0.0,prices_round_1_day_-2.csv,False,14.0,0.3076923076923077,10005.153846153846,10005.153846153846,-4.846153846154266,-7.0,2.6360628064134284,0.10576923076922123,6.948827119356241,-9.153846153845734,4.846153846154266,-7.0,7.0,1,1,,6.846153846154266,,9.0,0,1,,,,,0,0,q1,mid1,mid_low
-2,4500,INTARIAN_PEPPER_ROOT,9999.0,8.0,9996.0,18.0,,,10010.0,8.0,10013.0,18.0,,,10004.5,0.0,prices_round_1_day_-2.csv,False,11.0,0.0,10004.5,10004.5,-0.6538461538457341,1.5,2.6083944865893702,0.08888888888888889,6.803721797669824,-5.5,5.5,-5.5,5.5,1,1,-8.5,8.5,-8.5,8.5,1,1,,,,,0,0,q1,tight,mid_low
-2,4600,INTARIAN_PEPPER_ROOT,9999.0,8.0,9997.0,19.0,,,10010.0,8.0,10013.0,19.0,,,10004.5,0.0,prices_round_1_day_-2.csv,False,11.0,0.0,10004.5,10004.5,0.0,0.0,2.579282796808581,0.08695652173913043,6.652699745912696,-5.5,5.5,-5.5,5.5,1,1,-7.5,8.5,-7.5,8.5,1,1,,,,,0,0,q1,tight,mid_low
-2,4700,INTARIAN_PEPPER_ROOT,9999.0,8.0,9997.0,15.0,,,10013.0,15.0,,,,,10006.0,0.0,prices_round_1_day_-2.csv,False,14.0,-0.30434782608695654,10003.869565217392,10003.869565217392,-0.630434782608063,1.5,2.5532383054517056,0.0716928769657859,6.519025844425897,-4.869565217391937,9.130434782608063,-7.0,7.0,1,1,-6.869565217391937,,-9.0,,1,0,,,,,0,0,q1,mid1,mid_low
-2,4800,INTARIAN_PEPPER_ROOT,9999.0,9.0,9997.0,17.0,,,10010.0,9.0,10013.0,17.0,,,10004.5,0.0,prices_round_1_day_-2.csv,False,11.0,0.0,10004.5,10004.5,0.630434782608063,-1.5,2.5272172794712904,0.08333333333333333,6.38682717765827,-5.5,5.5,-5.5,5.5,1,1,-7.5,8.5,-7.5,8.5,1,1,,,,,0,0,q1,tight,mid_low
-2,4900,INTARIAN_PEPPER_ROOT,9997.0,24.0,,,,,10010.0,9.0,10013.0,24.0,,,10003.5,0.0,prices_round_1_day_-2.csv,False,13.0,0.45454545454545453,10006.454545454546,10006.454545454546,1.9545454545459506,-1.0,2.5150002248980927,0.12152133580706022,6.325226131237457,-9.45454545454595,3.5454545454540494,-6.5,6.5,1,1,,6.545454545454049,,9.5,0,1,,,,,0,0,q1,tight,mid_low
-2,5000,INTARIAN_PEPPER_ROOT,9999.0,9.0,,,,,10011.0,9.0,,,,,10005.0,0.0,prices_round_1_day_-2.csv,False,12.0,0.0,10005.0,10005.0,-1.4545454545459506,1.5,2.499163782991074,0.09,6.2458196142142555,-6.0,6.0,-6.0,6.0,1,1,,,,,0,0,,,,,0,0,q1,tight,mid_low
-2,5100,INTARIAN_PEPPER_ROOT,10000.0,10.0,9997.0,21.0,,,10007.0,7.0,10011.0,10.0,10013.0,21.0,10003.5,0.0,prices_round_1_day_-2.csv,False,7.0,0.17647058823529413,10004.117647058823,10004.117647058823,-0.8823529411765776,-1.5,2.5029246582725824,0.07093425605536123,6.13944185413026,-4.117647058823422,2.8823529411765776,-3.5,3.5,1,1,-7.117647058823422,6.882352941176578,-6.5,7.5,1,1,,8.882352941176578,,9.5,0,1,q1,tight,mid_low
-2,5200,INTARIAN_PEPPER_ROOT,10000.0,11.0,9997.0,15.0,,,10002.0,5.0,10011.0,11.0,10013.0,15.0,10001.0,0.0,prices_round_1_day_-2.csv,False,2.0,0.375,10001.375,10001.375,-2.7426470588234224,-2.5,2.532705239577466,0.016826923076923076,6.1712960223702344,-1.375,0.625,-1.0,1.0,1,1,-4.375,9.625,-4.0,10.0,1,1,,11.625,,12.0,0,1,q1,tight,mid_low
-2,5300,INTARIAN_PEPPER_ROOT,10000.0,11.0,9997.0,24.0,,,10011.0,11.0,10013.0,24.0,,,10005.5,0.0,prices_round_1_day_-2.csv,False,11.0,0.0,10005.5,10005.5,4.125,4.5,2.4488864428909287,0.09433962264150944,6.3710528381801295,-5.5,5.5,-5.5,5.5,1,1,-8.5,7.5,-8.5,7.5,1,1,,,,,0,0,q1,tight,mid_low
-2,5400,INTARIAN_PEPPER_ROOT,10000.0,9.0,,,,,10011.0,9.0,,,,,10005.5,0.0,prices_round_1_day_-2.csv,False,11.0,0.0,10005.5,10005.5,0.0,0.0,2.3292568916540404,0.09259259259259259,6.2510091082190815,-5.5,5.5,-5.5,5.5,1,1,,,,,0,0,,,,,0,0,q1,tight,mid_low
-2,5500,INTARIAN_PEPPER_ROOT,9997.0,24.0,,,,,10011.0,10.0,,,,,10004.0,0.0,prices_round_1_day_-2.csv,False,14.0,0.4117647058823529,10006.882352941177,10006.882352941177,1.3823529411765776,-1.5,2.3357531965795117,0.11604278074866504,6.1654948031396355,-9.882352941176578,4.117647058823422,-7.0,7.0,1,1,,,,,0,0,,,,,0,0,q1,mid1,mid_low
-2,5600,INTARIAN_PEPPER_ROOT,10000.0,10.0,,,,,10011.0,10.0,10014.0,19.0,,,10005.5,0.0,prices_round_1_day_-2.csv,False,11.0,0.0,10005.5,10005.5,-1.3823529411765776,1.5,2.345448961175112,0.08928571428571429,6.09348757154736,-5.5,5.5,-5.5,5.5,1,1,,8.5,,8.5,0,1,,,,,0,0,q1,tight,mid_low
-2,5700,INTARIAN_PEPPER_ROOT,10000.0,9.0,9998.0,21.0,,,10011.0,9.0,10014.0,21.0,,,10005.5,0.0,prices_round_1_day_-2.csv,False,11.0,0.0,10005.5,10005.5,0.0,0.0,2.345094770326088,0.08771929824561403,5.984815152059023,-5.5,5.5,-5.5,5.5,1,1,-7.5,8.5,-7.5,8.5,1,1,,,,,0,0,q1,tight,mid_low
-2,5800,INTARIAN_PEPPER_ROOT,10000.0,10.0,,,,,,,,,,,10000.0,0.0,prices_round_1_day_-2.csv,True,,1.0,,10000.0,-5.5,-5.5,2.460772764243875,-0.008620689655172414,6.418139204591331,0.0,,0.0,,1,0,,,,,0,0,,,,,0,0,q1,mid1,low
-2,5900,INTARIAN_PEPPER_ROOT,10000.0,12.0,9998.0,20.0,,,10011.0,12.0,10014.0,20.0,,,10005.5,0.0,prices_round_1_day_-2.csv,False,11.0,0.0,10005.5,10005.5,5.5,5.5,2.568153376450486,0.0847457627118644,6.821802003327139,-5.5,5.5,-5.5,5.5,1,1,-7.5,8.5,-7.5,8.5,1,1,,,,,0,0,q1,tight,mid_low
-2,6000,INTARIAN_PEPPER_ROOT,9998.0,23.0,,,,,10012.0,12.0,10014.0,23.0,,,10005.0,0.0,prices_round_1_day_-2.csv,False,14.0,0.3142857142857143,10007.2,10007.2,1.7000000000007276,-0.5,2.5780366540186885,0.1116666666666788,6.749662344743544,-9.200000000000728,4.799999999999272,-7.0,7.0,1,1,,6.799999999999272,,9.0,0,1,,,,,0,0,q1,mid1,mid_low
-2,6100,INTARIAN_PEPPER_ROOT,10001.0,12.0,,,,,10012.0,12.0,10014.0,17.0,,,10006.5,0.0,prices_round_1_day_-2.csv,False,11.0,0.0,10006.5,10006.5,-0.7000000000007276,1.5,2.5577420546324308,0.09836065573770492,6.647968017868511,-5.5,5.5,-5.5,5.5,1,1,,7.5,,7.5,0,1,,,,,0,0,q1,tight,mid_low
-2,6200,INTARIAN_PEPPER_ROOT,10001.0,8.0,9998.0,18.0,,,10012.0,8.0,10014.0,18.0,,,10006.5,0.0,prices_round_1_day_-2.csv,False,11.0,0.0,10006.5,10006.5,0.0,0.0,2.556369402012402,0.0967741935483871,6.5391409810696155,-5.5,5.5,-5.5,5.5,1,1,-8.5,7.5,-8.5,7.5,1,1,,,,,0,0,q1,tight,mid_low
-2,6300,INTARIAN_PEPPER_ROOT,10001.0,12.0,9998.0,17.0,,,10012.0,12.0,10014.0,17.0,,,10006.5,0.0,prices_round_1_day_-2.csv,False,11.0,0.0,10006.5,10006.5,0.0,0.0,2.5517932279190614,0.09523809523809523,6.433819619921102,-5.5,5.5,-5.5,5.5,1,1,-8.5,7.5,-8.5,7.5,1,1,,,,,0,0,q1,tight,mid_low
-2,6400,INTARIAN_PEPPER_ROOT,10001.0,8.0,,,,,10012.0,8.0,10014.0,23.0,,,10006.5,0.0,prices_round_1_day_-2.csv,False,11.0,0.0,10006.5,10006.5,0.0,0.0,2.5517932279190614,0.09375,6.331837222325982,-5.5,5.5,-5.5,5.5,1,1,,7.5,,7.5,0,1,,,,,0,0,q1,tight,mid_low
-2,6500,INTARIAN_PEPPER_ROOT,10001.0,10.0,9998.0,19.0,,,10012.0,10.0,10015.0,19.0,,,10006.5,0.0,prices_round_1_day_-2.csv,False,11.0,0.0,10006.5,10006.5,0.0,0.0,2.5517932279190614,0.09230769230769231,6.233037482073292,-5.5,5.5,-5.5,5.5,1,1,-8.5,8.5,-8.5,8.5,1,1,,,,,0,0,q1,tight,mid_low
-2,6600,INTARIAN_PEPPER_ROOT,9999.0,21.0,,,,,10012.0,8.0,10015.0,21.0,,,10005.5,0.0,prices_round_1_day_-2.csv,False,13.0,0.4482758620689655,10008.413793103447,10008.413793103447,1.9137931034474605,-1.0,2.5464495889543106,0.11990595611284031,6.187414432627566,-9.41379310344746,3.5862068965525395,-6.5,6.5,1,1,,6.5862068965525395,,9.5,0,1,,,,,0,0,q1,tight,mid_low
-2,6700,INTARIAN_PEPPER_ROOT,,,,,,,10012.0,8.0,10015.0,20.0,,,10012.0,0.0,prices_round_1_day_-2.csv,True,,-1.0,,10012.0,3.5862068965525395,6.5,2.5704929614260785,0.17164179104477612,6.272997702381908,,0.0,,0.0,0,1,,3.0,,3.0,0,1,,,,,0,0,q1,mid1,mid_low
-2,6800,INTARIAN_PEPPER_ROOT,10001.0,8.0,9999.0,21.0,,,10012.0,8.0,10015.0,21.0,,,10006.5,0.0,prices_round_1_day_-2.csv,False,11.0,0.0,10006.5,10006.5,-5.5,-5.5,2.694360206409653,0.08823529411764706,6.652422644619627,-5.5,5.5,-5.5,5.5,1,1,-7.5,8.5,-7.5,8.5,1,1,,,,,0,0,q1,tight,mid_low
-2,6900,INTARIAN_PEPPER_ROOT,10001.0,12.0,9999.0,15.0,,,10012.0,12.0,10015.0,15.0,,,10006.5,0.0,prices_round_1_day_-2.csv,False,11.0,0.0,10006.5,10006.5,0.0,0.0,2.6895643421296462,0.08695652173913043,6.554705732702736,-5.5,5.5,-5.5,5.5,1,1,-7.5,8.5,-7.5,8.5,1,1,,,,,0,0,q1,tight,mid_low
-2,7000,INTARIAN_PEPPER_ROOT,10001.0,12.0,,,,,10013.0,12.0,10015.0,25.0,,,10007.0,0.0,prices_round_1_day_-2.csv,False,12.0,0.0,10007.0,10007.0,0.5,0.5,2.6762121768950546,0.09285714285714286,6.462147210516658,-6.0,6.0,-6.0,6.0,1,1,,8.0,,8.0,0,1,,,,,0,0,q1,tight,mid_low
-2,7100,INTARIAN_PEPPER_ROOT,10002.0,11.0,9999.0,17.0,,,10013.0,11.0,10015.0,17.0,,,10007.5,0.0,prices_round_1_day_-2.csv,False,11.0,0.0,10007.5,10007.5,0.5,0.5,2.6706140947303267,0.09859154929577464,6.3721655444164345,-5.5,5.5,-5.5,5.5,1,1,-8.5,7.5,-8.5,7.5,1,1,,,,,0,0,q1,tight,mid_low
-2,7200,INTARIAN_PEPPER_ROOT,10002.0,9.0,9999.0,20.0,,,10013.0,9.0,10015.0,20.0,,,10007.5,0.0,prices_round_1_day_-2.csv,False,11.0,0.0,10007.5,10007.5,0.0,0.0,2.665721827521317,0.09722222222222222,6.28255173800937,-5.5,5.5,-5.5,5.5,1,1,-8.5,7.5,-8.5,7.5,1,1,,,,,0,0,q1,tight,mid_low
-2,7300,INTARIAN_PEPPER_ROOT,10002.0,8.0,9999.0,23.0,,,10013.0,8.0,10015.0,23.0,,,10007.5,0.0,prices_round_1_day_-2.csv,False,11.0,0.0,10007.5,10007.5,0.0,0.0,2.6651891832550265,0.0958904109589041,6.195423556632062,-5.5,5.5,-5.5,5.5,1,1,-8.5,7.5,-8.5,7.5,1,1,,,,,0,0,q1,tight,mid_low
-2,7400,INTARIAN_PEPPER_ROOT,10002.0,10.0,9999.0,24.0,,,10015.0,24.0,,,,,10008.5,0.0,prices_round_1_day_-2.csv,False,13.0,-0.4117647058823529,10005.823529411764,10005.823529411764,-1.6764705882360431,1.0,2.6753991487614317,0.07193958664545888,6.153004247699508,-3.823529411763957,9.176470588236043,-6.5,6.5,1,1,-6.823529411763957,,-9.5,,1,0,,,,,0,0,q1,tight,mid_low
-2,7500,INTARIAN_PEPPER_ROOT,,,,,,,10013.0,8.0,10016.0,24.0,,,10013.0,0.0,prices_round_1_day_-2.csv,True,,-1.0,,10013.0,7.176470588236043,4.5,2.8580281368250886,0.16666666666666666,6.7428470183503375,,0.0,,0.0,0,1,,3.0,,3.0,0,1,,,,,0,0,q2,mid1,mid_low
-2,7600,INTARIAN_PEPPER_ROOT,10002.0,8.0,10000.0,18.0,,,10013.0,8.0,10016.0,18.0,,,10007.5,0.0,prices_round_1_day_-2.csv,False,11.0,0.0,10007.5,10007.5,-5.5,-5.5,2.967244425910402,0.09210526315789473,7.075457011322041,-5.5,5.5,-5.5,5.5,1,1,-7.5,8.5,-7.5,8.5,1,1,,,,,0,0,q2,tight,mid_low
-2,7700,INTARIAN_PEPPER_ROOT,10002.0,8.0,10000.0,22.0,,,10013.0,8.0,10016.0,22.0,,,10007.5,0.0,prices_round_1_day_-2.csv,False,11.0,0.0,10007.5,10007.5,0.0,0.0,2.962440109589636,0.09090909090909091,6.982469066511772,-5.5,5.5,-5.5,5.5,1,1,-7.5,8.5,-7.5,8.5,1,1,,,,,0,0,q2,tight,mid_low
-2,7800,INTARIAN_PEPPER_ROOT,10002.0,8.0,10000.0,18.0,,,10013.0,8.0,10016.0,18.0,,,10007.5,0.0,prices_round_1_day_-2.csv,False,11.0,0.0,10007.5,10007.5,0.0,0.0,2.962474656149807,0.08974358974358974,6.891893604714977,-5.5,5.5,-5.5,5.5,1,1,-7.5,8.5,-7.5,8.5,1,1,,,,,0,0,q2,tight,mid_low
-2,7900,INTARIAN_PEPPER_ROOT,10002.0,10.0,10000.0,18.0,,,10013.0,10.0,10016.0,18.0,,,10007.5,0.0,prices_round_1_day_-2.csv,False,11.0,0.0,10007.5,10007.5,0.0,0.0,2.962474656149807,0.08860759493670886,6.803637942650018,-5.5,5.5,-5.5,5.5,1,1,-7.5,8.5,-7.5,8.5,1,1,,,,,0,0,q2,tight,mid_low
-2,8000,INTARIAN_PEPPER_ROOT,,,,,,,10014.0,8.0,10016.0,25.0,,,10014.0,0.0,prices_round_1_day_-2.csv,True,,-1.0,,10014.0,6.5,6.5,3.097453029830055,0.16875,7.231340350522257,,0.0,,0.0,0,1,,2.0,,2.0,0,1,,,,,0,0,q2,mid1,mid_low
-2,8100,INTARIAN_PEPPER_ROOT,10000.0,20.0,,,,,10014.0,12.0,10016.0,20.0,,,10007.0,0.0,prices_round_1_day_-2.csv,False,14.0,0.25,10008.75,10008.75,-5.25,-7.0,3.189781612257215,0.10185185185185185,7.5034529364185065,-8.75,5.25,-7.0,7.0,1,1,,7.25,,9.0,0,1,,,,,0,0,q2,mid1,mid_low
-2,8200,INTARIAN_PEPPER_ROOT,10003.0,8.0,10000.0,24.0,,,10014.0,8.0,10016.0,24.0,,,10008.5,0.0,prices_round_1_day_-2.csv,False,11.0,0.0,10008.5,10008.5,-0.25,1.5,3.1886503399485466,0.0975609756097561,7.412327467733089,-5.5,5.5,-5.5,5.5,1,1,-8.5,7.5,-8.5,7.5,1,1,,,,,0,0,q2,tight,mid_low
-2,8300,INTARIAN_PEPPER_ROOT,10003.0,8.0,10000.0,17.0,,,10014.0,8.0,10016.0,17.0,,,10008.5,0.0,prices_round_1_day_-2.csv,False,11.0,0.0,10008.5,10008.5,0.0,0.0,3.1881862879669556,0.0963855421686747,7.322047906754985,-5.5,5.5,-5.5,5.5,1,1,-8.5,7.5,-8.5,7.5,1,1,,,,,0,0,q2,tight,mid_low
-2,8400,INTARIAN_PEPPER_ROOT,10003.0,9.0,10000.0,15.0,,,10014.0,9.0,10016.0,15.0,,,10008.5,0.0,prices_round_1_day_-2.csv,False,11.0,0.0,10008.5,10008.5,0.0,0.0,3.1881862879669556,0.09523809523809523,7.2339410593897995,-5.5,5.5,-5.5,5.5,1,1,-8.5,7.5,-8.5,7.5,1,1,,,,,0,0,q2,tight,mid_low
-2,8500,INTARIAN_PEPPER_ROOT,10003.0,8.0,10000.0,21.0,,,10014.0,8.0,,,,,10008.5,0.0,prices_round_1_day_-2.csv,False,11.0,0.0,10008.5,10008.5,0.0,0.0,3.1844874592639085,0.09411764705882353,7.147929422795091,-5.5,5.5,-5.5,5.5,1,1,-8.5,,-8.5,,1,0,,,,,0,0,q2,tight,mid_low
-2,8600,INTARIAN_PEPPER_ROOT,10003.0,10.0,10001.0,25.0,,,10017.0,25.0,,,,,10010.0,0.0,prices_round_1_day_-2.csv,False,14.0,-0.42857142857142855,10007.0,10007.0,-1.5,1.5,3.1901729704473296,0.0755813953488372,7.093385101429304,-4.0,10.0,-7.0,7.0,1,1,-6.0,,-9.0,,1,0,,,,,0,0,q2,mid1,mid_low
-2,8700,INTARIAN_PEPPER_ROOT,10003.0,11.0,,,,,10014.0,11.0,,,,,10008.5,0.0,prices_round_1_day_-2.csv,False,11.0,0.0,10008.5,10008.5,1.5,-1.5,3.196547804599053,0.09195402298850575,7.0342253547366305,-5.5,5.5,-5.5,5.5,1,1,,,,,0,0,,,,,0,0,q2,tight,mid_low
-2,8800,INTARIAN_PEPPER_ROOT,10003.0,12.0,10001.0,19.0,,,10014.0,12.0,10017.0,19.0,,,10008.5,0.0,prices_round_1_day_-2.csv,False,11.0,0.0,10008.5,10008.5,0.0,0.0,3.188253233890551,0.09090909090909091,6.953468275448109,-5.5,5.5,-5.5,5.5,1,1,-7.5,8.5,-7.5,8.5,1,1,,,,,0,0,q2,tight,mid_low
-2,8900,INTARIAN_PEPPER_ROOT,10003.0,11.0,,,,,10014.0,11.0,,,,,10008.5,0.0,prices_round_1_day_-2.csv,False,11.0,0.0,10008.5,10008.5,0.0,0.0,3.1821503943706286,0.0898876404494382,6.87454444963253,-5.5,5.5,-5.5,5.5,1,1,,,,,0,0,,,,,0,0,q2,tight,mid_low
-2,9000,INTARIAN_PEPPER_ROOT,10003.0,11.0,10001.0,20.0,,,,,,,,,10003.0,0.0,prices_round_1_day_-2.csv,True,,1.0,,10003.0,-5.5,-5.5,3.2090952021943826,0.027777777777777776,7.1444895308630745,0.0,,0.0,,1,0,-2.0,,-2.0,,1,0,,,,,0,0,q2,mid1,mid_low
-2,9100,INTARIAN_PEPPER_ROOT,10004.0,9.0,10001.0,18.0,,,10015.0,9.0,10017.0,18.0,,,10009.5,0.0,prices_round_1_day_-2.csv,False,11.0,0.0,10009.5,10009.5,6.5,6.5,3.0678298516388813,0.0989010989010989,7.525432253346091,-5.5,5.5,-5.5,5.5,1,1,-8.5,7.5,-8.5,7.5,1,1,,,,,0,0,q2,tight,mid_low
-2,9200,INTARIAN_PEPPER_ROOT,10004.0,10.0,10001.0,20.0,,,10017.0,20.0,,,,,10010.5,0.0,prices_round_1_day_-2.csv,False,13.0,-0.3333333333333333,10008.333333333334,10008.333333333334,-1.1666666666660603,1.0,2.9944096739856363,0.08514492753623848,7.460144562673999,-4.33333333333394,8.66666666666606,-6.5,6.5,1,1,-7.33333333333394,,-9.5,,1,0,,,,,0,0,q2,tight,mid_low
-2,9300,INTARIAN_PEPPER_ROOT,10004.0,10.0,10001.0,15.0,,,10015.0,10.0,10017.0,15.0,,,10009.5,0.0,prices_round_1_day_-2.csv,False,11.0,0.0,10009.5,10009.5,1.1666666666660603,-1.0,2.875262693070346,0.0967741935483871,7.3916333388211095,-5.5,5.5,-5.5,5.5,1,1,-8.5,7.5,-8.5,7.5,1,1,,,,,0,0,q2,tight,mid_low
-2,9400,INTARIAN_PEPPER_ROOT,10004.0,9.0,10001.0,19.0,,,,,,,,,10004.0,0.0,prices_round_1_day_-2.csv,True,,1.0,,10004.0,-5.5,-5.5,2.8990948898396143,0.03723404255319149,7.6453861910165735,0.0,,0.0,,1,0,-3.0,,-3.0,,1,0,,,,,0,0,q2,mid1,mid_low
-2,9500,INTARIAN_PEPPER_ROOT,10001.0,16.0,,,,,10015.0,10.0,10018.0,16.0,,,10008.0,0.0,prices_round_1_day_-2.csv,False,14.0,0.23076923076923078,10009.615384615385,10009.615384615385,5.615384615384755,4.0,3.004897775584373,0.09595141700405005,7.891586651295683,-8.615384615384755,5.384615384615245,-7.0,7.0,1,1,,8.384615384615245,,10.0,0,1,,,,,0,0,q2,mid1,mid_low
-2,9600,INTARIAN_PEPPER_ROOT,10002.0,20.0,,,,,10015.0,9.0,10018.0,20.0,,,10008.5,0.0,prices_round_1_day_-2.csv,False,13.0,0.3793103448275862,10010.965517241379,10010.965517241379,1.350132625993865,0.5,3.01002157590393,0.10901580459769396,7.8249024275510575,-8.96551724137862,4.03448275862138,-6.5,6.5,1,1,,7.03448275862138,,9.5,0,1,,,,,0,0,q2,tight,mid_low
-2,9700,INTARIAN_PEPPER_ROOT,10004.0,9.0,10002.0,25.0,,,10015.0,9.0,10018.0,25.0,,,10009.5,0.0,prices_round_1_day_-2.csv,False,11.0,0.0,10009.5,10009.5,-1.4655172413786204,1.0,3.0166327342015338,0.09278350515463918,7.76895131914934,-5.5,5.5,-5.5,5.5,1,1,-7.5,8.5,-7.5,8.5,1,1,,,,,0,0,q2,tight,mid_low
-2,9800,INTARIAN_PEPPER_ROOT,10004.0,9.0,10002.0,21.0,,,10015.0,9.0,10018.0,21.0,,,10009.5,0.0,prices_round_1_day_-2.csv,False,11.0,0.0,10009.5,10009.5,0.0,0.0,3.015741583085013,0.09183673469387756,7.688946882190551,-5.5,5.5,-5.5,5.5,1,1,-7.5,8.5,-7.5,8.5,1,1,,,,,0,0,q2,tight,mid_low
-2,9900,INTARIAN_PEPPER_ROOT,,,,,,,10015.0,8.0,,,,,10015.0,0.0,prices_round_1_day_-2.csv,True,,-1.0,,10015.0,5.5,5.5,3.100722179539767,0.14646464646464646,7.905924906234603,,0.0,,0.0,0,1,,,,,0,0,,,,,0,0,q2,mid1,mid_high
-2,10000,INTARIAN_PEPPER_ROOT,10004.0,8.0,10002.0,24.0,,,10016.0,8.0,10018.0,24.0,,,10010.0,0.0,prices_round_1_day_-2.csv,False,12.0,0.0,10010.0,10010.0,-5.0,-5.0,3.178223791866831,0.095,8.090928062472004,-6.0,6.0,-6.0,6.0,1,1,-8.0,8.0,-8.0,8.0,1,1,,,,,0,0,q2,tight,mid_low
-2,10100,INTARIAN_PEPPER_ROOT,10005.0,8.0,10002.0,16.0,,,10016.0,8.0,10018.0,16.0,,,10010.5,0.0,prices_round_1_day_-2.csv,False,11.0,0.0,10010.5,10010.5,0.5,0.5,3.175515326310826,0.09900990099009901,8.011642791748274,-5.5,5.5,-5.5,5.5,1,1,-8.5,7.5,-8.5,7.5,1,1,,,,,0,0,q2,tight,mid_low
-2,10200,INTARIAN_PEPPER_ROOT,10005.0,11.0,,,,,10016.0,11.0,10018.0,17.0,,,10010.5,0.0,prices_round_1_day_-2.csv,False,11.0,0.0,10010.5,10010.5,0.0,0.0,3.148495737313409,0.09803921568627451,7.932415703246195,-5.5,5.5,-5.5,5.5,1,1,,7.5,,7.5,0,1,,,,,0,0,q2,tight,mid_low
-2,10300,INTARIAN_PEPPER_ROOT,10005.0,9.0,10002.0,16.0,,,10018.0,16.0,,,,,10011.5,0.0,prices_round_1_day_-2.csv,False,13.0,-0.28,10009.68,10009.68,-0.819999999999709,1.0,3.099410360270173,0.08912621359223584,7.862829407293638,-4.680000000000291,8.319999999999709,-6.5,6.5,1,1,-7.680000000000291,,-9.5,,1,0,,,,,0,0,q2,tight,mid_low
-2,10400,INTARIAN_PEPPER_ROOT,10008.0,11.0,10005.0,9.0,,,10016.0,9.0,10018.0,16.0,,,10012.0,0.0,prices_round_1_day_-2.csv,False,8.0,0.1,10012.4,10012.4,2.719999999999345,0.5,3.1217032650826315,0.11442307692307342,7.853044112323688,-4.399999999999636,3.600000000000364,-4.0,4.0,1,1,-7.399999999999636,5.600000000000364,-7.0,6.0,1,1,,,,,0,0,q2,tight,mid_low
-2,10500,INTARIAN_PEPPER_ROOT,10013.0,5.0,10005.0,9.0,10002.0,22.0,10016.0,9.0,10019.0,22.0,,,10014.5,0.0,prices_round_1_day_-2.csv,False,3.0,-0.2857142857142857,10014.07142857143,10014.07142857143,1.6714285714297148,2.5,3.1243214777926065,0.12925170068027952,7.8006223214480555,-1.071428571429351,1.928571428570649,-1.5,1.5,1,1,-9.071428571429351,4.928571428570649,-9.5,4.5,1,1,-12.071428571429351,,-12.5,,1,0,q2,tight,mid_high
-2,10600,INTARIAN_PEPPER_ROOT,10005.0,9.0,10003.0,22.0,,,10016.0,9.0,10019.0,22.0,,,10010.5,0.0,prices_round_1_day_-2.csv,False,11.0,0.0,10010.5,10010.5,-3.571428571429351,-4.0,3.161263337907821,0.09433962264150944,7.855529118747836,-5.5,5.5,-5.5,5.5,1,1,-7.5,8.5,-7.5,8.5,1,1,,,,,0,0,q2,tight,mid_low
-2,10700,INTARIAN_PEPPER_ROOT,10005.0,12.0,,,,,10016.0,12.0,10019.0,18.0,,,10010.5,0.0,prices_round_1_day_-2.csv,False,11.0,0.0,10010.5,10010.5,0.0,0.0,3.161263337907821,0.09345794392523364,7.781503530714015,-5.5,5.5,-5.5,5.5,1,1,,8.5,,8.5,0,1,,,,,0,0,q2,tight,mid_low
-2,10800,INTARIAN_PEPPER_ROOT,10005.0,12.0,10003.0,21.0,,,10019.0,21.0,,,,,10012.0,0.0,prices_round_1_day_-2.csv,False,14.0,-0.2727272727272727,10010.09090909091,10010.09090909091,-0.4090909090900823,1.5,3.05749842770225,0.08880471380472146,7.711117674111147,-5.090909090909918,8.909090909090082,-7.0,7.0,1,1,-7.090909090909918,,-9.0,,1,0,,,,,0,0,q2,mid1,mid_low
-2,10900,INTARIAN_PEPPER_ROOT,10005.0,11.0,10003.0,22.0,,,10019.0,22.0,,,,,10012.0,0.0,prices_round_1_day_-2.csv,False,14.0,-0.3333333333333333,10009.666666666666,10009.666666666666,-0.4242424242438574,0.0,2.961266357188518,0.08409785932721156,7.642133274606794,-4.66666666666606,9.33333333333394,-7.0,7.0,1,1,-6.66666666666606,,-9.0,,1,0,,,,,0,0,q2,mid1,mid_low
-2,11000,INTARIAN_PEPPER_ROOT,10005.0,9.0,10003.0,17.0,,,10017.0,9.0,,,,,10011.0,0.0,prices_round_1_day_-2.csv,False,12.0,0.0,10011.0,10011.0,1.3333333333339397,-1.0,2.9576328906352725,0.09545454545454546,7.586209135338286,-6.0,6.0,-6.0,6.0,1,1,-8.0,,-8.0,,1,0,,,,,0,0,q2,tight,mid_low
-2,11100,INTARIAN_PEPPER_ROOT,10006.0,12.0,10003.0,15.0,,,10017.0,12.0,10019.0,15.0,,,10011.5,0.0,prices_round_1_day_-2.csv,False,11.0,0.0,10011.5,10011.5,0.5,0.5,2.95607580290192,0.0990990990990991,7.518717985355052,-5.5,5.5,-5.5,5.5,1,1,-8.5,7.5,-8.5,7.5,1,1,,,,,0,0,q2,tight,mid_low
-2,11200,INTARIAN_PEPPER_ROOT,10006.0,8.0,,,,,10017.0,8.0,,,,,10011.5,0.0,prices_round_1_day_-2.csv,False,11.0,0.0,10011.5,10011.5,0.0,0.0,2.95607580290192,0.09821428571428571,7.451069471498096,-5.5,5.5,-5.5,5.5,1,1,,,,,0,0,,,,,0,0,q2,tight,mid_low
-2,11300,INTARIAN_PEPPER_ROOT,10006.0,10.0,10003.0,21.0,,,10008.0,3.0,10017.0,10.0,10019.0,21.0,10007.0,0.0,prices_round_1_day_-2.csv,False,2.0,0.5384615384615384,10007.538461538461,10007.538461538461,-3.9615384615390212,-4.5,3.011383309525419,0.06228727025186707,7.530396865226743,-1.5384615384609788,0.4615384615390212,-1.0,1.0,1,1,-4.538461538460979,9.461538461539021,-4.0,10.0,1,1,,11.461538461539021,,12.0,0,1,q2,tight,mid_low
-2,11400,INTARIAN_PEPPER_ROOT,10006.0,12.0,,,,,10019.0,15.0,,,,,10012.5,0.0,prices_round_1_day_-2.csv,False,13.0,-0.1111111111111111,10011.777777777777,10011.777777777777,4.239316239316395,5.5,3.069897671186844,0.09892787524366117,7.616805053498273,-5.777777777777374,7.222222222222626,-6.5,6.5,1,1,,,,,0,0,,,,,0,0,q2,tight,mid_low
-2,11500,INTARIAN_PEPPER_ROOT,10006.0,8.0,10003.0,23.0,,,10017.0,8.0,10020.0,23.0,,,10011.5,0.0,prices_round_1_day_-2.csv,False,11.0,0.0,10011.5,10011.5,-0.27777777777737356,-1.0,3.0703439052394836,0.09565217391304348,7.551224949290474,-5.5,5.5,-5.5,5.5,1,1,-8.5,8.5,-8.5,8.5,1,1,,,,,0,0,q2,tight,mid_low
-2,11600,INTARIAN_PEPPER_ROOT,10006.0,9.0,10004.0,21.0,,,10017.0,9.0,10020.0,21.0,,,10011.5,0.0,prices_round_1_day_-2.csv,False,11.0,0.0,10011.5,10011.5,0.0,0.0,3.0591798141260265,0.09482758620689655,7.485640997251145,-5.5,5.5,-5.5,5.5,1,1,-7.5,8.5,-7.5,8.5,1,1,,,,,0,0,q2,tight,mid_low
-2,11700,INTARIAN_PEPPER_ROOT,10006.0,10.0,,,,,10017.0,10.0,10020.0,19.0,,,10011.5,0.0,prices_round_1_day_-2.csv,False,11.0,0.0,10011.5,10011.5,0.0,0.0,3.0166040143084025,0.09401709401709402,7.421186466361806,-5.5,5.5,-5.5,5.5,1,1,,8.5,,8.5,0,1,,,,,0,0,q2,tight,mid_low
-2,11800,INTARIAN_PEPPER_ROOT,10006.0,8.0,10004.0,21.0,,,10017.0,8.0,10020.0,21.0,,,10011.5,0.0,prices_round_1_day_-2.csv,False,11.0,0.0,10011.5,10011.5,0.0,0.0,2.910747464063094,0.09322033898305085,7.357832430797812,-5.5,5.5,-5.5,5.5,1,1,-7.5,8.5,-7.5,8.5,1,1,,,,,0,0,q2,tight,mid_low
-2,11900,INTARIAN_PEPPER_ROOT,10009.0,12.0,10006.0,8.0,,,10017.0,8.0,10020.0,21.0,,,10013.0,0.0,prices_round_1_day_-2.csv,False,8.0,0.2,10013.8,10013.8,2.2999999999992724,1.5,2.9272620389107,0.11176470588234683,7.336401250372195,-4.799999999999272,3.2000000000007276,-4.0,4.0,1,1,-7.799999999999272,6.200000000000728,-7.0,7.0,1,1,,,,,0,0,q2,tight,mid_low
-2,12000,INTARIAN_PEPPER_ROOT,10006.0,9.0,,,,,10018.0,9.0,10020.0,20.0,,,10012.0,0.0,prices_round_1_day_-2.csv,False,12.0,0.0,10012.0,10012.0,-1.7999999999992724,-1.0,2.9396309957860947,0.09583333333333334,7.305207855452254,-6.0,6.0,-6.0,6.0,1,1,,8.0,,8.0,0,1,,,,,0,0,q2,tight,mid_low
-2,12100,INTARIAN_PEPPER_ROOT,10007.0,11.0,10004.0,21.0,,,10018.0,11.0,,,,,10012.5,0.0,prices_round_1_day_-2.csv,False,11.0,0.0,10012.5,10012.5,0.5,0.5,2.9396309957860947,0.09917355371900827,7.245681129062695,-5.5,5.5,-5.5,5.5,1,1,-8.5,,-8.5,,1,0,,,,,0,0,q2,tight,mid_low
-2,12200,INTARIAN_PEPPER_ROOT,10007.0,9.0,10004.0,21.0,,,10018.0,9.0,,,,,10012.5,0.0,prices_round_1_day_-2.csv,False,11.0,0.0,10012.5,10012.5,0.0,0.0,2.9396309957860947,0.09836065573770492,7.185880084820654,-5.5,5.5,-5.5,5.5,1,1,-8.5,,-8.5,,1,0,,,,,0,0,q2,tight,mid_low
-2,12300,INTARIAN_PEPPER_ROOT,10007.0,11.0,10004.0,18.0,,,10018.0,11.0,,,,,10012.5,0.0,prices_round_1_day_-2.csv,False,11.0,0.0,10012.5,10012.5,0.0,0.0,2.9396309957860947,0.0975609756097561,7.1270580854494625,-5.5,5.5,-5.5,5.5,1,1,-8.5,,-8.5,,1,0,,,,,0,0,q2,tight,mid_low
-2,12400,INTARIAN_PEPPER_ROOT,10004.0,24.0,,,,,10018.0,12.0,10020.0,24.0,,,10011.0,0.0,prices_round_1_day_-2.csv,False,14.0,0.3333333333333333,10013.333333333334,10013.333333333334,0.8333333333339397,-1.5,2.9300903269852965,0.10349462365591887,7.073480337991972,-9.33333333333394,4.66666666666606,-7.0,7.0,1,1,,6.66666666666606,,9.0,0,1,,,,,0,0,q2,mid1,mid_low
-2,12500,INTARIAN_PEPPER_ROOT,,,,,,,10018.0,11.0,10021.0,23.0,,,10018.0,0.0,prices_round_1_day_-2.csv,True,,-1.0,,10018.0,4.66666666666606,7.0,2.826947685687606,0.14,7.183016454470719,,0.0,,0.0,0,1,,3.0,,3.0,0,1,,,,,0,0,q2,mid1,mid_high
-2,12600,INTARIAN_PEPPER_ROOT,10007.0,12.0,10005.0,16.0,,,10018.0,12.0,10021.0,16.0,,,10012.5,0.0,prices_round_1_day_-2.csv,False,11.0,0.0,10012.5,10012.5,-5.5,-5.5,2.826947685687606,0.09523809523809523,7.378009465692095,-5.5,5.5,-5.5,5.5,1,1,-7.5,8.5,-7.5,8.5,1,1,,,,,0,0,q2,tight,mid_low
-2,12700,INTARIAN_PEPPER_ROOT,,,,,,,10018.0,12.0,,,,,10018.0,0.0,prices_round_1_day_-2.csv,True,,-1.0,,10018.0,5.5,5.5,2.928170800691564,0.1377952755905512,7.549465262155035,,0.0,,0.0,0,1,,,,,0,0,,,,,0,0,q2,mid1,mid_high
-2,12800,INTARIAN_PEPPER_ROOT,10007.0,12.0,10005.0,17.0,,,10018.0,12.0,10021.0,17.0,,,10012.5,0.0,prices_round_1_day_-2.csv,False,11.0,0.0,10012.5,10012.5,-5.5,-5.5,3.037486970369672,0.09375,7.7383389004281025,-5.5,5.5,-5.5,5.5,1,1,-7.5,8.5,-7.5,8.5,1,1,,,,,0,0,q2,tight,mid_low
-2,12900,INTARIAN_PEPPER_ROOT,10005.0,20.0,,,,,10018.0,10.0,10021.0,20.0,,,10011.5,0.0,prices_round_1_day_-2.csv,False,13.0,0.3333333333333333,10013.666666666666,10013.666666666666,1.1666666666660603,-1.0,3.041181910479185,0.1020671834625276,7.686806772525173,-8.66666666666606,4.33333333333394,-6.5,6.5,1,1,,7.33333333333394,,9.5,0,1,,,,,0,0,q2,tight,mid_low
-2,13000,INTARIAN_PEPPER_ROOT,10007.0,10.0,,,,,10019.0,10.0,10021.0,25.0,,,10013.0,0.0,prices_round_1_day_-2.csv,False,12.0,0.0,10013.0,10013.0,-0.6666666666660603,1.5,2.9001252021483497,0.09615384615384616,7.631764905682165,-6.0,6.0,-6.0,6.0,1,1,,8.0,,8.0,0,1,,,,,0,0,q2,tight,mid_low
-2,13100,INTARIAN_PEPPER_ROOT,10008.0,8.0,10005.0,25.0,,,10019.0,8.0,10021.0,25.0,,,10013.5,0.0,prices_round_1_day_-2.csv,False,11.0,0.0,10013.5,10013.5,0.5,0.5,2.8008083134238535,0.09923664122137404,7.57430399672342,-5.5,5.5,-5.5,5.5,1,1,-8.5,7.5,-8.5,7.5,1,1,,,,,0,0,q2,tight,mid_low
-2,13200,INTARIAN_PEPPER_ROOT,10008.0,11.0,,,,,10021.0,23.0,,,,,10014.5,0.0,prices_round_1_day_-2.csv,False,13.0,-0.35294117647058826,10012.20588235294,10012.20588235294,-1.2941176470594655,1.0,2.807317887755974,0.08868092691621617,7.5311927320375744,-4.2058823529405345,8.794117647059466,-6.5,6.5,1,1,,,,,0,0,,,,,0,0,q2,tight,mid_low
-2,13300,INTARIAN_PEPPER_ROOT,10008.0,10.0,10005.0,21.0,,,10019.0,10.0,10021.0,21.0,,,10013.5,0.0,prices_round_1_day_-2.csv,False,11.0,0.0,10013.5,10013.5,1.2941176470594655,-1.0,2.812581297464567,0.09774436090225563,7.4850636377807165,-5.5,5.5,-5.5,5.5,1,1,-8.5,7.5,-8.5,7.5,1,1,,,,,0,0,q2,tight,mid_low
-2,13400,INTARIAN_PEPPER_ROOT,10005.0,21.0,,,,,10019.0,9.0,10021.0,21.0,,,10012.0,0.0,prices_round_1_day_-2.csv,False,14.0,0.4,10014.8,10014.8,1.2999999999992724,-1.5,2.817642176075318,0.10671641791044233,7.439571669944833,-9.799999999999272,4.200000000000728,-7.0,7.0,1,1,,6.200000000000728,,9.0,0,1,,,,,0,0,q2,mid1,mid_high
-2,13500,INTARIAN_PEPPER_ROOT,10008.0,10.0,10005.0,16.0,,,10019.0,10.0,10022.0,16.0,,,10013.5,0.0,prices_round_1_day_-2.csv,False,11.0,0.0,10013.5,10013.5,-1.2999999999992724,1.5,2.8248173651909116,0.0962962962962963,7.398710634529315,-5.5,5.5,-5.5,5.5,1,1,-8.5,8.5,-8.5,8.5,1,1,,,,,0,0,q2,tight,mid_low
-2,13600,INTARIAN_PEPPER_ROOT,10008.0,12.0,10006.0,25.0,,,10019.0,12.0,10022.0,25.0,,,10013.5,0.0,prices_round_1_day_-2.csv,False,11.0,0.0,10013.5,10013.5,0.0,0.0,2.815427847239324,0.09558823529411764,7.3439735542219005,-5.5,5.5,-5.5,5.5,1,1,-7.5,8.5,-7.5,8.5,1,1,,,,,0,0,q2,tight,mid_low
-2,13700,INTARIAN_PEPPER_ROOT,10008.0,9.0,10006.0,22.0,,,10019.0,9.0,,,,,10013.5,0.0,prices_round_1_day_-2.csv,False,11.0,0.0,10013.5,10013.5,0.0,0.0,2.8085149834014147,0.0948905109489051,7.290040442915032,-5.5,5.5,-5.5,5.5,1,1,-7.5,,-7.5,,1,0,,,,,0,0,q2,tight,mid_low
-2,13800,INTARIAN_PEPPER_ROOT,10008.0,12.0,10006.0,24.0,,,10019.0,12.0,10022.0,24.0,,,10013.5,0.0,prices_round_1_day_-2.csv,False,11.0,0.0,10013.5,10013.5,0.0,0.0,2.8085149834014147,0.09420289855072464,7.236893716770954,-5.5,5.5,-5.5,5.5,1,1,-7.5,8.5,-7.5,8.5,1,1,,,,,0,0,q2,tight,mid_low
-2,13900,INTARIAN_PEPPER_ROOT,10006.0,15.0,,,,,10019.0,9.0,10022.0,15.0,,,10012.5,0.0,prices_round_1_day_-2.csv,False,13.0,0.25,10014.125,10014.125,0.625,-1.0,2.809451528605198,0.09802158273381295,7.186479404449506,-8.125,4.875,-6.5,6.5,1,1,,7.875,,9.5,0,1,,,,,0,0,q2,tight,mid_high
-2,14000,INTARIAN_PEPPER_ROOT,10008.0,11.0,10006.0,16.0,,,10022.0,16.0,,,,,10015.0,0.0,prices_round_1_day_-2.csv,False,14.0,-0.18518518518518517,10013.703703703704,10013.703703703704,-0.4212962962956226,2.5,2.691736387831607,0.09431216931217412,7.136704478480582,-5.703703703704377,8.296296296295623,-7.0,7.0,1,1,-7.703703703704377,,-9.0,,1,0,,,,,0,0,q1,mid1,mid_low
-2,14100,INTARIAN_PEPPER_ROOT,10009.0,12.0,10006.0,22.0,,,10020.0,12.0,10022.0,22.0,,,10014.5,0.0,prices_round_1_day_-2.csv,False,11.0,0.0,10014.5,10014.5,0.7962962962956226,-0.5,2.5362766682127122,0.09929078014184398,7.0892229236968625,-5.5,5.5,-5.5,5.5,1,1,-8.5,7.5,-8.5,7.5,1,1,,,,,0,0,q1,tight,mid_high
-2,14200,INTARIAN_PEPPER_ROOT,10009.0,9.0,10006.0,18.0,,,10020.0,9.0,10022.0,18.0,,,10014.5,0.0,prices_round_1_day_-2.csv,False,11.0,0.0,10014.5,10014.5,0.0,0.0,2.529743880242617,0.09859154929577464,7.03901417410926,-5.5,5.5,-5.5,5.5,1,1,-8.5,7.5,-8.5,7.5,1,1,,,,,0,0,q1,tight,mid_high
-2,14300,INTARIAN_PEPPER_ROOT,10009.0,8.0,10006.0,23.0,,,10020.0,8.0,10022.0,23.0,,,10014.5,0.0,prices_round_1_day_-2.csv,False,11.0,0.0,10014.5,10014.5,0.0,0.0,2.5253007310347573,0.0979020979020979,6.989511625837445,-5.5,5.5,-5.5,5.5,1,1,-8.5,7.5,-8.5,7.5,1,1,,,,,0,0,q1,tight,mid_high
-2,14400,INTARIAN_PEPPER_ROOT,10006.0,17.0,,,,,10022.0,17.0,,,,,10014.0,0.0,prices_round_1_day_-2.csv,False,16.0,0.0,10014.0,10014.0,-0.5,-0.5,2.3946370579500216,0.09375,6.943116470206619,-8.0,8.0,-8.0,8.0,1,1,,,,,0,0,,,,,0,0,q1,mid1,mid_low
-2,14500,INTARIAN_PEPPER_ROOT,10009.0,8.0,10006.0,17.0,,,10023.0,17.0,,,,,10016.0,0.0,prices_round_1_day_-2.csv,False,14.0,-0.36,10013.48,10013.48,-0.5200000000004366,2.0,2.2651719577287306,0.08951724137930733,6.897498239211414,-4.479999999999563,9.520000000000437,-7.0,7.0,1,1,-7.479999999999563,,-10.0,,1,0,,,,,0,0,q1,mid1,mid_low
-2,14600,INTARIAN_PEPPER_ROOT,10009.0,8.0,10007.0,18.0,,,10020.0,8.0,,,,,10014.5,0.0,prices_round_1_day_-2.csv,False,11.0,0.0,10014.5,10014.5,1.0200000000004366,-1.5,2.261864823331412,0.0958904109589041,6.855859410249125,-5.5,5.5,-5.5,5.5,1,1,-7.5,,-7.5,,1,0,,,,,0,0,q1,tight,mid_high
-2,14700,INTARIAN_PEPPER_ROOT,10009.0,10.0,10007.0,19.0,,,,,,,,,10009.0,0.0,prices_round_1_day_-2.csv,True,,1.0,,10009.0,-5.5,-5.5,2.386324567173183,0.05782312925170068,7.021921805759647,0.0,,0.0,,1,0,-2.0,,-2.0,,1,0,,,,,0,0,q1,mid1,mid_low
-2,14800,INTARIAN_PEPPER_ROOT,10009.0,11.0,10007.0,25.0,,,10020.0,11.0,10023.0,25.0,,,10014.5,0.0,prices_round_1_day_-2.csv,False,11.0,0.0,10014.5,10014.5,5.5,5.5,2.510336598516913,0.0945945945945946,7.174270448402882,-5.5,5.5,-5.5,5.5,1,1,-7.5,8.5,-7.5,8.5,1,1,,,,,0,0,q1,tight,mid_high
-2,14900,INTARIAN_PEPPER_ROOT,10009.0,9.0,10007.0,16.0,,,10023.0,16.0,,,,,10016.0,0.0,prices_round_1_day_-2.csv,False,14.0,-0.28,10014.04,10014.04,-0.4599999999991269,1.5,2.3871717962459726,0.09087248322148236,7.1278599109238385,-5.040000000000873,8.959999999999127,-7.0,7.0,1,1,-7.040000000000873,,-9.0,,1,0,,,,,0,0,q1,mid1,mid_high
-2,15000,INTARIAN_PEPPER_ROOT,10009.0,12.0,10007.0,25.0,,,10021.0,12.0,10023.0,25.0,,,10015.0,0.0,prices_round_1_day_-2.csv,False,12.0,0.0,10015.0,10015.0,0.9599999999991269,-1.0,2.2797730913530616,0.09666666666666666,7.08505780921395,-6.0,6.0,-6.0,6.0,1,1,-8.0,8.0,-8.0,8.0,1,1,,,,,0,0,q1,tight,mid_high
-2,15100,INTARIAN_PEPPER_ROOT,10010.0,8.0,10007.0,17.0,,,10021.0,8.0,10023.0,17.0,,,10015.5,0.0,prices_round_1_day_-2.csv,False,11.0,0.0,10015.5,10015.5,0.5,0.5,2.2797730913530616,0.09933774834437085,7.038901426762532,-5.5,5.5,-5.5,5.5,1,1,-8.5,7.5,-8.5,7.5,1,1,,,,,0,0,q1,tight,mid_high
-2,15200,INTARIAN_PEPPER_ROOT,10010.0,9.0,,,,,10021.0,9.0,10023.0,15.0,,,10015.5,0.0,prices_round_1_day_-2.csv,False,11.0,0.0,10015.5,10015.5,0.0,0.0,2.2797730913530616,0.09868421052631579,6.992351106500998,-5.5,5.5,-5.5,5.5,1,1,,7.5,,7.5,0,1,,,,,0,0,q1,tight,mid_high
-2,15300,INTARIAN_PEPPER_ROOT,10010.0,10.0,,,,,,,,,,,10010.0,0.0,prices_round_1_day_-2.csv,True,,1.0,,10010.0,-5.5,-5.5,2.4106331374905867,0.06209150326797386,7.151219808937498,0.0,,0.0,,1,0,,,,,0,0,,,,,0,0,q1,mid1,mid_low
-2,15400,INTARIAN_PEPPER_ROOT,10010.0,8.0,10007.0,25.0,,,10021.0,8.0,10023.0,25.0,,,10015.5,0.0,prices_round_1_day_-2.csv,False,11.0,0.0,10015.5,10015.5,5.5,5.5,2.504721671998712,0.09740259740259741,7.296498309009846,-5.5,5.5,-5.5,5.5,1,1,-8.5,7.5,-8.5,7.5,1,1,,,,,0,0,q1,tight,mid_high
-2,15500,INTARIAN_PEPPER_ROOT,10010.0,8.0,,,,,10021.0,8.0,10024.0,18.0,,,10015.5,0.0,prices_round_1_day_-2.csv,False,11.0,0.0,10015.5,10015.5,0.0,0.0,2.493933915048792,0.0967741935483871,7.24917965802805,-5.5,5.5,-5.5,5.5,1,1,,8.5,,8.5,0,1,,,,,0,0,q1,tight,mid_high
-2,15600,INTARIAN_PEPPER_ROOT,10010.0,10.0,10008.0,22.0,,,10021.0,10.0,10024.0,22.0,,,10015.5,0.0,prices_round_1_day_-2.csv,False,11.0,0.0,10015.5,10015.5,0.0,0.0,2.4392677328122336,0.09615384615384616,7.2024707906273395,-5.5,5.5,-5.5,5.5,1,1,-7.5,8.5,-7.5,8.5,1,1,,,,,0,0,q1,tight,mid_high
-2,15700,INTARIAN_PEPPER_ROOT,10010.0,10.0,10008.0,21.0,,,10021.0,10.0,10024.0,21.0,,,10015.5,0.0,prices_round_1_day_-2.csv,False,11.0,0.0,10015.5,10015.5,0.0,0.0,2.4392677328122336,0.09554140127388536,7.156359995002801,-5.5,5.5,-5.5,5.5,1,1,-7.5,8.5,-7.5,8.5,1,1,,,,,0,0,q1,tight,mid_high
-2,15800,INTARIAN_PEPPER_ROOT,10010.0,11.0,10008.0,24.0,,,10021.0,11.0,,,,,10015.5,0.0,prices_round_1_day_-2.csv,False,11.0,0.0,10015.5,10015.5,0.0,0.0,2.438211145380604,0.0949367088607595,7.110835857367095,-5.5,5.5,-5.5,5.5,1,1,-7.5,,-7.5,,1,0,,,,,0,0,q1,tight,mid_high
-2,15900,INTARIAN_PEPPER_ROOT,10010.0,10.0,10008.0,18.0,,,10021.0,10.0,10024.0,18.0,,,10015.5,0.0,prices_round_1_day_-2.csv,False,11.0,0.0,10015.5,10015.5,0.0,0.0,2.4370584225142045,0.09433962264150944,7.065887252531156,-5.5,5.5,-5.5,5.5,1,1,-7.5,8.5,-7.5,8.5,1,1,,,,,0,0,q1,tight,mid_high
-2,16000,INTARIAN_PEPPER_ROOT,10008.0,16.0,,,,,10022.0,9.0,10024.0,16.0,,,10015.0,0.0,prices_round_1_day_-2.csv,False,14.0,0.28,10016.96,10016.96,1.4599999999991269,-0.5,2.4384144219285897,0.10287499999999454,7.033104136726685,-8.959999999999127,5.040000000000873,-7.0,7.0,1,1,,7.040000000000873,,9.0,0,1,,,,,0,0,q1,mid1,mid_high
-2,16100,INTARIAN_PEPPER_ROOT,10011.0,9.0,,,,,10022.0,9.0,10024.0,16.0,,,10016.5,0.0,prices_round_1_day_-2.csv,False,11.0,0.0,10016.5,10016.5,-0.4599999999991269,1.5,2.439134221442554,0.09937888198757763,6.991115113298379,-5.5,5.5,-5.5,5.5,1,1,,7.5,,7.5,0,1,,,,,0,0,q1,tight,mid_high
-2,16200,INTARIAN_PEPPER_ROOT,10008.0,23.0,,,,,10022.0,8.0,10024.0,23.0,,,10015.0,0.0,prices_round_1_day_-2.csv,False,14.0,0.4838709677419355,10018.387096774193,10018.387096774193,1.8870967741931963,-1.5,2.452120714626943,0.11041417761847652,6.967420033505637,-10.387096774193196,3.6129032258068037,-7.0,7.0,1,1,,5.612903225806804,,9.0,0,1,,,,,0,0,q1,mid1,mid_high
-2,16300,INTARIAN_PEPPER_ROOT,10011.0,12.0,10008.0,22.0,,,10022.0,12.0,,,,,10016.5,0.0,prices_round_1_day_-2.csv,False,11.0,0.0,10016.5,10016.5,-1.8870967741931963,1.5,2.398305991509175,0.09815950920245399,6.94889010223854,-5.5,5.5,-5.5,5.5,1,1,-8.5,,-8.5,,1,0,,,,,0,0,q1,tight,mid_high
-2,16400,INTARIAN_PEPPER_ROOT,10008.0,21.0,,,,,10022.0,10.0,10024.0,21.0,,,10015.0,0.0,prices_round_1_day_-2.csv,False,14.0,0.3548387096774194,10017.483870967742,10017.483870967742,0.9838709677424049,-1.5,2.32902231902305,0.10356018882769759,6.911042318445427,-9.483870967742405,4.516129032257595,-7.0,7.0,1,1,,6.516129032257595,,9.0,0,1,,,,,0,0,q1,mid1,mid_high
-2,16500,INTARIAN_PEPPER_ROOT,10011.0,10.0,10008.0,23.0,,,10022.0,10.0,10025.0,23.0,,,10016.5,0.0,prices_round_1_day_-2.csv,False,11.0,0.0,10016.5,10016.5,-0.9838709677424049,1.5,2.333583277507451,0.09696969696969697,6.876068522687198,-5.5,5.5,-5.5,5.5,1,1,-8.5,8.5,-8.5,8.5,1,1,,,,,0,0,q1,tight,mid_high
-2,16600,INTARIAN_PEPPER_ROOT,10011.0,9.0,10009.0,20.0,,,10022.0,9.0,10025.0,20.0,,,10016.5,0.0,prices_round_1_day_-2.csv,False,11.0,0.0,10016.5,10016.5,0.0,0.0,2.333583277507451,0.0963855421686747,6.834452025439495,-5.5,5.5,-5.5,5.5,1,1,-7.5,8.5,-7.5,8.5,1,1,,,,,0,0,q1,tight,mid_high
-2,16700,INTARIAN_PEPPER_ROOT,,,,,,,10022.0,8.0,,,,,10022.0,0.0,prices_round_1_day_-2.csv,True,,-1.0,,10022.0,5.5,5.5,2.455231543759281,0.12874251497005987,6.968125233737103,,0.0,,0.0,0,1,,,,,0,0,,,,,0,0,q1,mid1,mid_high
-2,16800,INTARIAN_PEPPER_ROOT,10011.0,10.0,10009.0,18.0,,,10022.0,10.0,,,,,10016.5,0.0,prices_round_1_day_-2.csv,False,11.0,0.0,10016.5,10016.5,-5.5,-5.5,2.5846285595058798,0.09523809523809523,7.114987684720993,-5.5,5.5,-5.5,5.5,1,1,-7.5,,-7.5,,1,0,,,,,0,0,q1,tight,mid_high
-2,16900,INTARIAN_PEPPER_ROOT,10011.0,10.0,10009.0,19.0,,,10022.0,10.0,10025.0,19.0,,,10016.5,0.0,prices_round_1_day_-2.csv,False,11.0,0.0,10016.5,10016.5,0.0,0.0,2.5650680650557027,0.09467455621301775,7.072690237933376,-5.5,5.5,-5.5,5.5,1,1,-7.5,8.5,-7.5,8.5,1,1,,,,,0,0,q1,tight,mid_high
-2,17000,INTARIAN_PEPPER_ROOT,10011.0,9.0,10009.0,23.0,,,10023.0,9.0,,,,,10017.0,0.0,prices_round_1_day_-2.csv,False,12.0,0.0,10017.0,10017.0,0.5,0.5,2.5517298443951364,0.09705882352941177,7.03180640404722,-6.0,6.0,-6.0,6.0,1,1,-8.0,,-8.0,,1,0,,,,,0,0,q1,tight,mid_high
-2,17100,INTARIAN_PEPPER_ROOT,10012.0,9.0,,,,,10023.0,9.0,10025.0,18.0,,,10017.5,0.0,prices_round_1_day_-2.csv,False,11.0,0.0,10017.5,10017.5,0.5,0.5,2.5517298443951364,0.09941520467836257,6.991392319956961,-5.5,5.5,-5.5,5.5,1,1,,7.5,,7.5,0,1,,,,,0,0,q1,tight,mid_high
-2,17200,INTARIAN_PEPPER_ROOT,10012.0,10.0,10009.0,15.0,,,10023.0,10.0,10025.0,15.0,,,10017.5,0.0,prices_round_1_day_-2.csv,False,11.0,0.0,10017.5,10017.5,0.0,0.0,2.5517298443951364,0.09883720930232558,6.950564446281145,-5.5,5.5,-5.5,5.5,1,1,-8.5,7.5,-8.5,7.5,1,1,,,,,0,0,q1,tight,mid_high
-2,17300,INTARIAN_PEPPER_ROOT,10012.0,11.0,10009.0,16.0,,,10023.0,11.0,10025.0,16.0,,,10017.5,0.0,prices_round_1_day_-2.csv,False,11.0,0.0,10017.5,10017.5,0.0,0.0,2.5517298443951364,0.09826589595375723,6.910210654889544,-5.5,5.5,-5.5,5.5,1,1,-8.5,7.5,-8.5,7.5,1,1,,,,,0,0,q1,tight,mid_high
-2,17400,INTARIAN_PEPPER_ROOT,10012.0,12.0,10009.0,23.0,,,10023.0,12.0,10025.0,23.0,,,10017.5,0.0,prices_round_1_day_-2.csv,False,11.0,0.0,10017.5,10017.5,0.0,0.0,2.5495628599836677,0.09770114942528736,6.870322736023037,-5.5,5.5,-5.5,5.5,1,1,-8.5,7.5,-8.5,7.5,1,1,,,,,0,0,q1,tight,mid_high
-2,17500,INTARIAN_PEPPER_ROOT,10012.0,10.0,,,,,10026.0,15.0,,,,,10019.0,0.0,prices_round_1_day_-2.csv,False,14.0,-0.2,10017.6,10017.6,0.1000000000003638,1.5,2.46232639507325,0.0977142857142878,6.830838152795983,-5.600000000000364,8.399999999999636,-7.0,7.0,1,1,,,,,0,0,,,,,0,0,q1,mid1,mid_high
-2,17600,INTARIAN_PEPPER_ROOT,10012.0,8.0,10010.0,17.0,,,10023.0,8.0,10026.0,17.0,,,10017.5,0.0,prices_round_1_day_-2.csv,False,11.0,0.0,10017.5,10017.5,-0.1000000000003638,-1.5,2.3314737063113897,0.09659090909090909,6.792026899529542,-5.5,5.5,-5.5,5.5,1,1,-7.5,8.5,-7.5,8.5,1,1,,,,,0,0,q1,tight,mid_high
-2,17700,INTARIAN_PEPPER_ROOT,,,,,,,10023.0,12.0,10026.0,19.0,,,10023.0,0.0,prices_round_1_day_-2.csv,True,,-1.0,,10023.0,5.5,5.5,2.3314737063113897,0.1271186440677966,6.918389678299374,,0.0,,0.0,0,1,,3.0,,3.0,0,1,,,,,0,0,q1,mid1,mid_high
-2,17800,INTARIAN_PEPPER_ROOT,10012.0,8.0,10010.0,20.0,,,10023.0,8.0,10026.0,20.0,,,10017.5,0.0,prices_round_1_day_-2.csv,False,11.0,0.0,10017.5,10017.5,-5.5,-5.5,2.3314737063113897,0.09550561797752809,7.057192979472301,-5.5,5.5,-5.5,5.5,1,1,-7.5,8.5,-7.5,8.5,1,1,,,,,0,0,q1,tight,mid_high
-2,17900,INTARIAN_PEPPER_ROOT,10012.0,8.0,10010.0,16.0,,,10023.0,8.0,10026.0,16.0,,,10017.5,0.0,prices_round_1_day_-2.csv,False,11.0,0.0,10017.5,10017.5,0.0,0.0,2.326413165078372,0.09497206703910614,7.017596785014328,-5.5,5.5,-5.5,5.5,1,1,-7.5,8.5,-7.5,8.5,1,1,,,,,0,0,q1,tight,mid_high
-2,18000,INTARIAN_PEPPER_ROOT,10012.0,12.0,10010.0,24.0,,,10026.0,24.0,,,,,10019.0,0.0,prices_round_1_day_-2.csv,False,14.0,-0.3333333333333333,10016.666666666666,10016.666666666666,-0.8333333333339397,1.5,2.3276190537860715,0.08981481481481145,6.9831798387922985,-4.66666666666606,9.33333333333394,-7.0,7.0,1,1,-6.66666666666606,,-9.0,,1,0,,,,,0,0,q1,mid1,mid_high
-2,18100,INTARIAN_PEPPER_ROOT,10013.0,10.0,10010.0,21.0,,,10024.0,10.0,10026.0,21.0,,,10018.5,0.0,prices_round_1_day_-2.csv,False,11.0,0.0,10018.5,10018.5,1.8333333333339397,-0.5,2.3402106678143513,0.09944751381215469,6.961179184328641,-5.5,5.5,-5.5,5.5,1,1,-8.5,7.5,-8.5,7.5,1,1,,,,,0,0,q1,tight,mid_high
-2,18200,INTARIAN_PEPPER_ROOT,10010.0,24.0,,,,,10024.0,11.0,10026.0,24.0,,,10017.0,0.0,prices_round_1_day_-2.csv,False,14.0,0.37142857142857144,10019.6,10019.6,1.1000000000003638,-1.5,2.3355920130418157,0.10494505494505695,6.92822020927251,-9.600000000000364,4.399999999999636,-7.0,7.0,1,1,,6.399999999999636,,9.0,0,1,,,,,0,0,q1,mid1,mid_high
-2,18300,INTARIAN_PEPPER_ROOT,10013.0,10.0,10010.0,18.0,,,10024.0,10.0,10026.0,18.0,,,10018.5,0.0,prices_round_1_day_-2.csv,False,11.0,0.0,10018.5,10018.5,-1.1000000000003638,1.5,2.3361543121950668,0.09836065573770492,6.898086904530204,-5.5,5.5,-5.5,5.5,1,1,-8.5,7.5,-8.5,7.5,1,1,,,,,0,0,q1,tight,mid_high
-2,18400,INTARIAN_PEPPER_ROOT,10013.0,9.0,,,,,10024.0,9.0,10026.0,24.0,,,10018.5,0.0,prices_round_1_day_-2.csv,False,11.0,0.0,10018.5,10018.5,0.0,0.0,2.329751811030498,0.09782608695652174,6.860445021106877,-5.5,5.5,-5.5,5.5,1,1,,7.5,,7.5,0,1,,,,,0,0,q1,tight,mid_high
-2,18500,INTARIAN_PEPPER_ROOT,10013.0,9.0,10010.0,22.0,,,10024.0,9.0,10027.0,22.0,,,10018.5,0.0,prices_round_1_day_-2.csv,False,11.0,0.0,10018.5,10018.5,0.0,0.0,2.3213438733955267,0.0972972972972973,6.823211723241437,-5.5,5.5,-5.5,5.5,1,1,-8.5,8.5,-8.5,8.5,1,1,,,,,0,0,q1,tight,mid_high
-2,18600,INTARIAN_PEPPER_ROOT,10013.0,8.0,10011.0,17.0,,,10024.0,8.0,10027.0,17.0,,,10018.5,0.0,prices_round_1_day_-2.csv,False,11.0,0.0,10018.5,10018.5,0.0,0.0,2.3213438733955267,0.0967741935483871,6.786380394291377,-5.5,5.5,-5.5,5.5,1,1,-7.5,8.5,-7.5,8.5,1,1,,,,,0,0,q1,tight,mid_high
-2,18700,INTARIAN_PEPPER_ROOT,10013.0,8.0,10011.0,20.0,,,10024.0,8.0,10027.0,20.0,,,10018.5,0.0,prices_round_1_day_-2.csv,False,11.0,0.0,10018.5,10018.5,0.0,0.0,2.3213438733955267,0.0962566844919786,6.749944559714624,-5.5,5.5,-5.5,5.5,1,1,-7.5,8.5,-7.5,8.5,1,1,,,,,0,0,q1,tight,mid_high
-2,18800,INTARIAN_PEPPER_ROOT,10013.0,8.0,10011.0,25.0,,,10024.0,8.0,,,,,10018.5,0.0,prices_round_1_day_-2.csv,False,11.0,0.0,10018.5,10018.5,0.0,0.0,2.3213438733955267,0.09574468085106383,6.713897883275169,-5.5,5.5,-5.5,5.5,1,1,-7.5,,-7.5,,1,0,,,,,0,0,q1,tight,mid_high
-2,18900,INTARIAN_PEPPER_ROOT,10011.0,18.0,,,,,10024.0,11.0,,,,,10017.5,0.0,prices_round_1_day_-2.csv,False,13.0,0.2413793103448276,10019.068965517241,10019.068965517241,0.5689655172409402,-1.0,2.3210987563866907,0.09824849480021662,6.679370517422973,-8.06896551724094,4.93103448275906,-6.5,6.5,1,1,,,,,0,0,,,,,0,0,q1,tight,mid_high
-2,19000,INTARIAN_PEPPER_ROOT,10013.0,12.0,10011.0,23.0,,,10025.0,12.0,10027.0,23.0,,,10019.0,0.0,prices_round_1_day_-2.csv,False,12.0,0.0,10019.0,10019.0,-0.06896551724094024,1.5,2.32002189861647,0.09736842105263158,6.644177093336929,-6.0,6.0,-6.0,6.0,1,1,-8.0,8.0,-8.0,8.0,1,1,,,,,0,0,q1,tight,mid_high
-2,19100,INTARIAN_PEPPER_ROOT,10014.0,8.0,,,,,10027.0,23.0,,,,,10020.5,0.0,prices_round_1_day_-2.csv,False,13.0,-0.4838709677419355,10017.354838709678,10017.354838709678,-1.6451612903219939,1.5,2.330862412790491,0.08824522884648171,6.625105173695901,-3.354838709678006,9.645161290321994,-6.5,6.5,1,1,,,,,0,0,,,,,0,0,q1,tight,mid_high
-2,19200,INTARIAN_PEPPER_ROOT,10014.0,8.0,10011.0,16.0,,,10025.0,8.0,10027.0,16.0,,,10019.5,0.0,prices_round_1_day_-2.csv,False,11.0,0.0,10019.5,10019.5,2.145161290321994,-1.0,2.3494583779805085,0.09895833333333333,6.612454715861203,-5.5,5.5,-5.5,5.5,1,1,-8.5,7.5,-8.5,7.5,1,1,,,,,0,0,q1,tight,mid_high
-2,19300,INTARIAN_PEPPER_ROOT,10014.0,9.0,10011.0,18.0,,,10025.0,9.0,10027.0,18.0,,,10019.5,0.0,prices_round_1_day_-2.csv,False,11.0,0.0,10019.5,10019.5,0.0,0.0,2.3494583779805085,0.09844559585492228,6.578065587195727,-5.5,5.5,-5.5,5.5,1,1,-8.5,7.5,-8.5,7.5,1,1,,,,,0,0,q1,tight,mid_high
-2,19400,INTARIAN_PEPPER_ROOT,10014.0,11.0,,,,,10027.0,18.0,,,,,10020.5,0.0,prices_round_1_day_-2.csv,False,13.0,-0.2413793103448276,10018.931034482759,10018.931034482759,-0.5689655172409402,1.0,2.3498380255151217,0.09500533238535598,6.54627841588286,-4.93103448275906,8.06896551724094,-6.5,6.5,1,1,,,,,0,0,,,,,0,0,q1,tight,mid_high
-2,19500,INTARIAN_PEPPER_ROOT,10014.0,11.0,,,,,10025.0,11.0,,,,,10019.5,0.0,prices_round_1_day_-2.csv,False,11.0,0.0,10019.5,10019.5,0.5689655172409402,-1.0,2.3490337324920683,0.09743589743589744,6.5136867037688635,-5.5,5.5,-5.5,5.5,1,1,,,,,0,0,,,,,0,0,q1,tight,mid_high
-2,19600,INTARIAN_PEPPER_ROOT,10014.0,11.0,10012.0,17.0,,,10025.0,11.0,10028.0,17.0,,,10019.5,0.0,prices_round_1_day_-2.csv,False,11.0,0.0,10019.5,10019.5,0.0,0.0,2.345488167032979,0.09693877551020408,6.4803316197320395,-5.5,5.5,-5.5,5.5,1,1,-7.5,8.5,-7.5,8.5,1,1,,,,,0,0,q1,tight,mid_high
-2,19700,INTARIAN_PEPPER_ROOT,10014.0,8.0,10012.0,22.0,,,10025.0,8.0,,,,,10019.5,0.0,prices_round_1_day_-2.csv,False,11.0,0.0,10019.5,10019.5,0.0,0.0,2.202083532600175,0.09644670050761421,6.447316404453045,-5.5,5.5,-5.5,5.5,1,1,-7.5,,-7.5,,1,0,,,,,0,0,q1,tight,mid_high
-2,19800,INTARIAN_PEPPER_ROOT,10014.0,9.0,10012.0,24.0,,,10028.0,24.0,,,,,10021.0,0.0,prices_round_1_day_-2.csv,False,14.0,-0.45454545454545453,10017.818181818182,10017.818181818182,-1.6818181818180165,1.5,2.0808785827342247,0.08746556473829285,6.43055974835618,-3.8181818181819835,10.181818181818016,-7.0,7.0,1,1,-5.8181818181819835,,-9.0,,1,0,,,,,0,0,q1,mid1,mid_high
-2,19900,INTARIAN_PEPPER_ROOT,10014.0,12.0,10012.0,25.0,,,10025.0,12.0,10028.0,25.0,,,10019.5,0.0,prices_round_1_day_-2.csv,False,11.0,0.0,10019.5,10019.5,1.6818181818180165,-1.5,2.0918384411817685,0.09547738693467336,6.410855843555909,-5.5,5.5,-5.5,5.5,1,1,-7.5,8.5,-7.5,8.5,1,1,,,,,0,0,q1,tight,mid_high
-2,20000,INTARIAN_PEPPER_ROOT,10012.0,20.0,,,,,10028.0,20.0,,,,,10020.0,0.0,prices_round_1_day_-2.csv,False,16.0,0.0,10020.0,10020.0,0.5,0.5,2.08902988488058,0.0975,6.379458680280546,-8.0,8.0,-8.0,8.0,1,1,,,,,0,0,,,,,0,0,q1,mid1,mid_high
-2,20100,INTARIAN_PEPPER_ROOT,10015.0,10.0,10012.0,15.0,,,10026.0,10.0,10028.0,15.0,,,10020.5,0.0,prices_round_1_day_-2.csv,False,11.0,0.0,10020.5,10020.5,0.5,0.5,2.08902988488058,0.09950248756218906,6.348367388122925,-5.5,5.5,-5.5,5.5,1,1,-8.5,7.5,-8.5,7.5,1,1,,,,,0,0,q1,tight,mid_high
-2,20200,INTARIAN_PEPPER_ROOT,10015.0,11.0,10012.0,17.0,,,10026.0,11.0,10028.0,17.0,,,10020.5,0.0,prices_round_1_day_-2.csv,False,11.0,0.0,10020.5,10020.5,0.0,0.0,2.08902988488058,0.09900990099009901,6.316832484358342,-5.5,5.5,-5.5,5.5,1,1,-8.5,7.5,-8.5,7.5,1,1,,,,,0,0,q1,tight,mid_high
-2,20300,INTARIAN_PEPPER_ROOT,,,,,,,10026.0,8.0,10028.0,20.0,,,10026.0,0.0,prices_round_1_day_-2.csv,True,,-1.0,,10026.0,5.5,5.5,2.066339794331623,0.12561576354679804,6.429259036660323,,0.0,,0.0,0,1,,2.0,,2.0,0,1,,,,,0,0,q1,mid1,mid_high
-2,20400,INTARIAN_PEPPER_ROOT,10015.0,12.0,10012.0,15.0,,,,,,,,,10015.0,0.0,prices_round_1_day_-2.csv,True,,1.0,,10015.0,-11.0,-11.0,2.495233198934926,0.07107843137254902,7.004349212418357,0.0,,0.0,,1,0,-3.0,,-3.0,,1,0,,,,,0,0,q1,mid1,mid_high
-2,20500,INTARIAN_PEPPER_ROOT,10015.0,8.0,10012.0,18.0,,,10026.0,8.0,10029.0,18.0,,,10020.5,0.0,prices_round_1_day_-2.csv,False,11.0,0.0,10020.5,10020.5,5.5,5.5,2.614083704670952,0.0975609756097561,7.113785822860948,-5.5,5.5,-5.5,5.5,1,1,-8.5,8.5,-8.5,8.5,1,1,,,,,0,0,q1,tight,mid_high
-2,20600,INTARIAN_PEPPER_ROOT,10015.0,8.0,10013.0,24.0,,,10026.0,8.0,10029.0,24.0,,,10020.5,0.0,prices_round_1_day_-2.csv,False,11.0,0.0,10020.5,10020.5,0.0,0.0,2.614083704670952,0.0970873786407767,7.07913063318543,-5.5,5.5,-5.5,5.5,1,1,-7.5,8.5,-7.5,8.5,1,1,,,,,0,0,q1,tight,mid_high
-2,20700,INTARIAN_PEPPER_ROOT,10015.0,9.0,10013.0,19.0,,,10029.0,19.0,,,,,10022.0,0.0,prices_round_1_day_-2.csv,False,14.0,-0.35714285714285715,10019.5,10019.5,-1.0,1.5,2.6186857863591175,0.09178743961352658,7.050580417588212,-4.5,9.5,-7.0,7.0,1,1,-6.5,,-9.0,,1,0,,,,,0,0,q1,mid1,mid_high
-2,20800,INTARIAN_PEPPER_ROOT,10013.0,23.0,,,,,10026.0,12.0,10029.0,23.0,,,10019.5,0.0,prices_round_1_day_-2.csv,False,13.0,0.3142857142857143,10021.542857142857,10021.542857142857,2.042857142856519,-2.5,2.6333078057579615,0.10116758241757942,7.0348209550610985,-8.54285714285652,4.457142857143481,-6.5,6.5,1,1,,7.457142857143481,,9.5,0,1,,,,,0,0,q1,tight,mid_high
-2,20900,INTARIAN_PEPPER_ROOT,10015.0,8.0,10013.0,16.0,,,10026.0,8.0,10029.0,16.0,,,10020.5,0.0,prices_round_1_day_-2.csv,False,11.0,0.0,10020.5,10020.5,-1.0428571428565192,1.0,2.638409630211363,0.09569377990430622,7.00726186588591,-5.5,5.5,-5.5,5.5,1,1,-7.5,8.5,-7.5,8.5,1,1,,,,,0,0,q1,tight,mid_high
-2,21000,INTARIAN_PEPPER_ROOT,10015.0,11.0,10013.0,24.0,,,10029.0,24.0,,,,,10022.0,0.0,prices_round_1_day_-2.csv,False,14.0,-0.37142857142857144,10019.4,10019.4,-1.1000000000003638,1.5,2.6363177453302455,0.08999999999999826,6.9805423143653424,-4.399999999999636,9.600000000000364,-7.0,7.0,1,1,-6.399999999999636,,-9.0,,1,0,,,,,0,0,q1,mid1,mid_high
-2,21100,INTARIAN_PEPPER_ROOT,10016.0,9.0,10013.0,24.0,,,10027.0,9.0,10029.0,24.0,,,10021.5,0.0,prices_round_1_day_-2.csv,False,11.0,0.0,10021.5,10021.5,2.100000000000364,-0.5,2.651052403514486,0.0995260663507109,6.966449030042824,-5.5,5.5,-5.5,5.5,1,1,-8.5,7.5,-8.5,7.5,1,1,,,,,0,0,q1,tight,mid_high
-2,21200,INTARIAN_PEPPER_ROOT,10016.0,12.0,10013.0,25.0,,,10027.0,12.0,10029.0,25.0,,,10021.5,0.0,prices_round_1_day_-2.csv,False,11.0,0.0,10021.5,10021.5,0.0,0.0,2.638494182092187,0.09905660377358491,6.933479407692477,-5.5,5.5,-5.5,5.5,1,1,-8.5,7.5,-8.5,7.5,1,1,,,,,0,0,q1,tight,mid_high
-2,21300,INTARIAN_PEPPER_ROOT,,,,,,,10027.0,9.0,10029.0,23.0,,,10027.0,0.0,prices_round_1_day_-2.csv,True,,-1.0,,10027.0,5.5,5.5,2.732265991594896,0.12441314553990611,7.037723562950709,,0.0,,0.0,0,1,,2.0,,2.0,0,1,,,,,0,0,q1,mid1,mid_high
-2,21400,INTARIAN_PEPPER_ROOT,10016.0,9.0,10013.0,20.0,,,10027.0,9.0,10029.0,20.0,,,10021.5,0.0,prices_round_1_day_-2.csv,False,11.0,0.0,10021.5,10021.5,-5.5,-5.5,2.8462757874867575,0.09813084112149532,7.152505145722095,-5.5,5.5,-5.5,5.5,1,1,-8.5,7.5,-8.5,7.5,1,1,,,,,0,0,q2,tight,mid_high
-2,21500,INTARIAN_PEPPER_ROOT,10016.0,11.0,10013.0,16.0,,,10027.0,11.0,10030.0,16.0,,,10021.5,0.0,prices_round_1_day_-2.csv,False,11.0,0.0,10021.5,10021.5,0.0,0.0,2.8421664301975174,0.09767441860465116,7.119127013605889,-5.5,5.5,-5.5,5.5,1,1,-8.5,8.5,-8.5,8.5,1,1,,,,,0,0,q2,tight,mid_high
-2,21600,INTARIAN_PEPPER_ROOT,10016.0,11.0,10014.0,18.0,,,10027.0,11.0,10030.0,18.0,,,10021.5,0.0,prices_round_1_day_-2.csv,False,11.0,0.0,10021.5,10021.5,0.0,0.0,2.8421664301975174,0.09722222222222222,7.086058962956703,-5.5,5.5,-5.5,5.5,1,1,-7.5,8.5,-7.5,8.5,1,1,,,,,0,0,q2,tight,mid_high
-2,21700,INTARIAN_PEPPER_ROOT,10016.0,11.0,10014.0,18.0,,,10030.0,18.0,,,,,10023.0,0.0,prices_round_1_day_-2.csv,False,14.0,-0.2413793103448276,10021.310344827587,10021.310344827587,-0.18965517241304042,1.5,2.7333691829675186,0.09590020657874175,7.053632390827965,-5.31034482758696,8.68965517241304,-7.0,7.0,1,1,-7.31034482758696,,-9.0,,1,0,,,,,0,0,q1,mid1,mid_high
-2,21800,INTARIAN_PEPPER_ROOT,10016.0,9.0,10014.0,25.0,,,10023.0,6.0,10027.0,9.0,10030.0,25.0,10019.5,0.0,prices_round_1_day_-2.csv,False,7.0,0.2,10020.2,10020.2,-1.110344827586232,-3.5,2.621779367539416,0.09036697247706756,7.027801608595069,-4.200000000000728,2.7999999999992724,-3.5,3.5,1,1,-6.200000000000728,6.799999999999272,-5.5,7.5,1,1,,9.799999999999272,,10.5,0,1,q1,tight,mid_high
-2,21900,INTARIAN_PEPPER_ROOT,10016.0,10.0,10014.0,18.0,,,10030.0,18.0,,,,,10023.0,0.0,prices_round_1_day_-2.csv,False,14.0,-0.2857142857142857,10021.0,10021.0,0.7999999999992724,3.5,2.6237588924146107,0.09360730593607305,6.997863434179989,-5.0,9.0,-7.0,7.0,1,1,-7.0,,-9.0,,1,0,,,,,0,0,q1,mid1,mid_high
-2,22000,INTARIAN_PEPPER_ROOT,10016.0,8.0,,,,,10028.0,8.0,,,,,10022.0,0.0,prices_round_1_day_-2.csv,False,12.0,0.0,10022.0,10022.0,1.0,-1.0,2.6263050227388898,0.09772727272727273,6.969644027667994,-6.0,6.0,-6.0,6.0,1,1,,,,,0,0,,,,,0,0,q1,tight,mid_high
-2,22100,INTARIAN_PEPPER_ROOT,10017.0,10.0,,,,,10028.0,10.0,10030.0,19.0,,,10022.5,0.0,prices_round_1_day_-2.csv,False,11.0,0.0,10022.5,10022.5,0.5,0.5,2.6263050227388898,0.09954751131221719,6.938696059882083,-5.5,5.5,-5.5,5.5,1,1,,7.5,,7.5,0,1,,,,,0,0,q1,tight,mid_high
-2,22200,INTARIAN_PEPPER_ROOT,10017.0,9.0,10014.0,24.0,,,10028.0,9.0,10030.0,24.0,,,10022.5,0.0,prices_round_1_day_-2.csv,False,11.0,0.0,10022.5,10022.5,0.0,0.0,2.6263050227388898,0.0990990990990991,6.907343883451343,-5.5,5.5,-5.5,5.5,1,1,-8.5,7.5,-8.5,7.5,1,1,,,,,0,0,q1,tight,mid_high
-2,22300,INTARIAN_PEPPER_ROOT,10017.0,8.0,10014.0,23.0,,,10028.0,8.0,10030.0,23.0,,,10022.5,0.0,prices_round_1_day_-2.csv,False,11.0,0.0,10022.5,10022.5,0.0,0.0,2.6263050227388898,0.09865470852017937,6.876273760520194,-5.5,5.5,-5.5,5.5,1,1,-8.5,7.5,-8.5,7.5,1,1,,,,,0,0,q1,tight,mid_high
-2,22400,INTARIAN_PEPPER_ROOT,10017.0,8.0,10014.0,17.0,,,10030.0,17.0,,,,,10023.5,0.0,prices_round_1_day_-2.csv,False,13.0,-0.36,10021.16,10021.16,-1.3400000000001455,1.0,2.6341714940790455,0.09223214285714221,6.854678306508964,-4.1599999999998545,8.840000000000146,-6.5,6.5,1,1,-7.1599999999998545,,-9.5,,1,0,,,,,0,0,q1,tight,mid_high
-2,22500,INTARIAN_PEPPER_ROOT,10017.0,12.0,10014.0,16.0,,,10028.0,12.0,10031.0,16.0,,,10022.5,0.0,prices_round_1_day_-2.csv,False,11.0,0.0,10022.5,10022.5,1.3400000000001455,-1.0,2.6402590532714596,0.09777777777777778,6.830996729070611,-5.5,5.5,-5.5,5.5,1,1,-8.5,8.5,-8.5,8.5,1,1,,,,,0,0,q1,tight,mid_high
-2,22600,INTARIAN_PEPPER_ROOT,10017.0,10.0,10015.0,22.0,,,10019.0,7.0,10028.0,10.0,10031.0,22.0,10018.0,0.0,prices_round_1_day_-2.csv,False,2.0,0.17647058823529413,10018.176470588236,10018.176470588236,-4.323529411763957,-4.5,2.713275676268057,0.07821447162936303,6.887132129733266,-1.1764705882360431,0.8235294117639569,-1.0,1.0,1,1,-3.176470588236043,9.823529411763957,-3.0,10.0,1,1,,12.823529411763957,,13.0,0,1,q1,tight,mid_high
-2,22700,INTARIAN_PEPPER_ROOT,10015.0,15.0,,,,,10031.0,15.0,,,,,10023.0,0.0,prices_round_1_day_-2.csv,False,16.0,0.0,10023.0,10023.0,4.823529411763957,5.0,2.6869183019686598,0.09911894273127753,6.955856392796522,-8.0,8.0,-8.0,8.0,1,1,,,,,0,0,,,,,0,0,q1,mid1,mid_high
-2,22800,INTARIAN_PEPPER_ROOT,,,,,,,10028.0,11.0,10031.0,23.0,,,10028.0,0.0,prices_round_1_day_-2.csv,True,,-1.0,,10028.0,5.0,5.0,2.6584557743756596,0.1206140350877193,7.030558744575134,,0.0,,0.0,0,1,,3.0,,3.0,0,1,,,,,0,0,q1,mid1,mid_high
-2,22900,INTARIAN_PEPPER_ROOT,10015.0,18.0,,,,,10028.0,8.0,10031.0,18.0,,,10021.5,0.0,prices_round_1_day_-2.csv,False,13.0,0.38461538461538464,10024.0,10024.0,-4.0,-6.5,2.7242747325842527,0.10262008733624454,7.073869074259061,-9.0,4.0,-6.5,6.5,1,1,,7.0,,9.5,0,1,,,,,0,0,q1,tight,mid_high
-2,23000,INTARIAN_PEPPER_ROOT,10017.0,12.0,10015.0,24.0,,,10031.0,24.0,,,,,10024.0,0.0,prices_round_1_day_-2.csv,False,14.0,-0.3333333333333333,10021.666666666666,10021.666666666666,-2.3333333333339397,2.5,2.7432922575682257,0.09202898550724374,7.068778247021886,-4.66666666666606,9.33333333333394,-7.0,7.0,1,1,-6.66666666666606,,-9.0,,1,0,,,,,0,0,q1,mid1,mid_high
-2,23100,INTARIAN_PEPPER_ROOT,10015.0,23.0,,,,,10029.0,8.0,10031.0,23.0,,,10022.0,0.0,prices_round_1_day_-2.csv,False,14.0,0.4838709677419355,10025.387096774193,10025.387096774193,3.720430107527136,-2.0,2.7803568084983517,0.10773634967183202,7.0950370463153405,-10.387096774193196,3.6129032258068037,-7.0,7.0,1,1,,5.612903225806804,,9.0,0,1,,,,,0,0,q2,mid1,mid_high
-2,23200,INTARIAN_PEPPER_ROOT,10018.0,10.0,10015.0,25.0,,,10029.0,10.0,10031.0,25.0,,,10023.5,0.0,prices_round_1_day_-2.csv,False,11.0,0.0,10023.5,10023.5,-1.8870967741931963,1.5,2.7913291085522562,0.09913793103448276,7.081475010538037,-5.5,5.5,-5.5,5.5,1,1,-8.5,7.5,-8.5,7.5,1,1,,,,,0,0,q2,tight,mid_high
-2,23300,INTARIAN_PEPPER_ROOT,10018.0,12.0,10015.0,19.0,,,10029.0,12.0,10031.0,19.0,,,10023.5,0.0,prices_round_1_day_-2.csv,False,11.0,0.0,10023.5,10023.5,0.0,0.0,2.786185276741794,0.09871244635193133,7.050993593025799,-5.5,5.5,-5.5,5.5,1,1,-8.5,7.5,-8.5,7.5,1,1,,,,,0,0,q2,tight,mid_high
-2,23400,INTARIAN_PEPPER_ROOT,10018.0,8.0,,,,,10031.0,25.0,,,,,10024.5,0.0,prices_round_1_day_-2.csv,False,13.0,-0.5151515151515151,10021.151515151516,10021.151515151516,-2.348484848484077,1.0,2.807618505147508,0.08825433825434155,7.04632487179396,-3.151515151515923,9.848484848484077,-6.5,6.5,1,1,,,,,0,0,,,,,0,0,q2,tight,mid_high
-2,23500,INTARIAN_PEPPER_ROOT,10018.0,9.0,,,,,10029.0,9.0,,,,,10023.5,0.0,prices_round_1_day_-2.csv,False,11.0,0.0,10023.5,10023.5,2.348484848484077,-1.0,2.826295453695538,0.09787234042553192,7.037951274296629,-5.5,5.5,-5.5,5.5,1,1,,,,,0,0,,,,,0,0,q2,tight,mid_high
-2,23600,INTARIAN_PEPPER_ROOT,10018.0,8.0,10016.0,20.0,,,10029.0,8.0,10032.0,20.0,,,10023.5,0.0,prices_round_1_day_-2.csv,False,11.0,0.0,10023.5,10023.5,0.0,0.0,2.826295453695538,0.09745762711864407,7.0080431344317855,-5.5,5.5,-5.5,5.5,1,1,-7.5,8.5,-7.5,8.5,1,1,,,,,0,0,q2,tight,mid_high
-2,23700,INTARIAN_PEPPER_ROOT,10018.0,11.0,,,,,10032.0,22.0,,,,,10025.0,0.0,prices_round_1_day_-2.csv,False,14.0,-0.3333333333333333,10022.666666666666,10022.666666666666,-0.8333333333339397,1.5,2.8293526187121314,0.09353023909985679,6.982003613670609,-4.66666666666606,9.33333333333394,-7.0,7.0,1,1,,,,,0,0,,,,,0,0,q2,mid1,mid_high
-2,23800,INTARIAN_PEPPER_ROOT,10018.0,10.0,10016.0,18.0,,,10029.0,10.0,10032.0,18.0,,,10023.5,0.0,prices_round_1_day_-2.csv,False,11.0,0.0,10023.5,10023.5,0.8333333333339397,-1.5,2.8313054697050832,0.09663865546218488,6.954843298854257,-5.5,5.5,-5.5,5.5,1,1,-7.5,8.5,-7.5,8.5,1,1,,,,,0,0,q2,tight,mid_high
-2,23900,INTARIAN_PEPPER_ROOT,10018.0,10.0,10016.0,24.0,,,,,,,,,10018.0,0.0,prices_round_1_day_-2.csv,True,,1.0,,10018.0,-5.5,-5.5,2.938837986975999,0.07322175732217573,7.056677185508198,0.0,,0.0,,1,0,-2.0,,-2.0,,1,0,,,,,0,0,q2,mid1,mid_high
-2,24000,INTARIAN_PEPPER_ROOT,10016.0,19.0,,,,,,,,,,,10016.0,0.0,prices_round_1_day_-2.csv,True,,1.0,,10016.0,-2.0,-2.0,2.9521343523223957,0.06458333333333334,7.045060708106371,0.0,,0.0,,1,0,,,,,0,0,,,,,0,0,q2,mid1,mid_high
-2,24100,INTARIAN_PEPPER_ROOT,10019.0,10.0,10016.0,16.0,,,10032.0,16.0,,,,,10025.5,0.0,prices_round_1_day_-2.csv,False,13.0,-0.23076923076923078,10024.0,10024.0,8.0,9.5,3.154620988364545,0.0975103734439834,7.276996071367316,-5.0,8.0,-6.5,6.5,1,1,-8.0,,-9.5,,1,0,,,,,0,0,q2,tight,mid_high
-2,24200,INTARIAN_PEPPER_ROOT,10019.0,9.0,10016.0,20.0,,,10030.0,9.0,,,,,10024.5,0.0,prices_round_1_day_-2.csv,False,11.0,0.0,10024.5,10024.5,0.5,-1.0,3.1417578981579877,0.09917355371900827,7.247470479729598,-5.5,5.5,-5.5,5.5,1,1,-8.5,,-8.5,,1,0,,,,,0,0,q2,tight,mid_high
-2,24300,INTARIAN_PEPPER_ROOT,10019.0,8.0,10016.0,24.0,,,10030.0,8.0,10032.0,24.0,,,10024.5,0.0,prices_round_1_day_-2.csv,False,11.0,0.0,10024.5,10024.5,0.0,0.0,3.1417578981579877,0.09876543209876543,7.2175627294781775,-5.5,5.5,-5.5,5.5,1,1,-8.5,7.5,-8.5,7.5,1,1,,,,,0,0,q2,tight,mid_high
-2,24400,INTARIAN_PEPPER_ROOT,10019.0,11.0,10016.0,19.0,,,10030.0,11.0,10032.0,19.0,,,10024.5,0.0,prices_round_1_day_-2.csv,False,11.0,0.0,10024.5,10024.5,0.0,0.0,3.1403155390099267,0.09836065573770492,7.187900803153845,-5.5,5.5,-5.5,5.5,1,1,-8.5,7.5,-8.5,7.5,1,1,,,,,0,0,q2,tight,mid_high
-2,24500,INTARIAN_PEPPER_ROOT,10019.0,8.0,10016.0,22.0,,,10030.0,8.0,10033.0,22.0,,,10024.5,0.0,prices_round_1_day_-2.csv,False,11.0,0.0,10024.5,10024.5,0.0,0.0,3.139654369128019,0.09795918367346938,7.158481682360352,-5.5,5.5,-5.5,5.5,1,1,-8.5,8.5,-8.5,8.5,1,1,,,,,0,0,q2,tight,mid_high
-2,24600,INTARIAN_PEPPER_ROOT,10019.0,9.0,10017.0,22.0,,,10030.0,9.0,10033.0,22.0,,,10024.5,0.0,prices_round_1_day_-2.csv,False,11.0,0.0,10024.5,10024.5,0.0,0.0,3.139654369128019,0.0975609756097561,7.129302397916143,-5.5,5.5,-5.5,5.5,1,1,-7.5,8.5,-7.5,8.5,1,1,,,,,0,0,q2,tight,mid_high
-2,24700,INTARIAN_PEPPER_ROOT,10019.0,8.0,10017.0,21.0,,,,,,,,,10019.0,0.0,prices_round_1_day_-2.csv,True,,1.0,,10019.0,-5.5,-5.5,3.238036216161965,0.07489878542510121,7.227174485259044,0.0,,0.0,,1,0,-2.0,,-2.0,,1,0,,,,,0,0,q2,mid1,mid_high
-2,24800,INTARIAN_PEPPER_ROOT,10019.0,8.0,10017.0,19.0,,,10030.0,8.0,,,,,10024.5,0.0,prices_round_1_day_-2.csv,False,11.0,0.0,10024.5,10024.5,5.5,5.5,3.3205992883036637,0.0967741935483871,7.31659097270821,-5.5,5.5,-5.5,5.5,1,1,-7.5,,-7.5,,1,0,,,,,0,0,q2,tight,mid_high
-2,24900,INTARIAN_PEPPER_ROOT,10017.0,15.0,,,,,10030.0,11.0,10033.0,15.0,,,10023.5,0.0,prices_round_1_day_-2.csv,False,13.0,0.15384615384615385,10024.5,10024.5,0.0,-1.0,3.3131063897128845,0.0963855421686747,7.287126201177585,-7.5,5.5,-6.5,6.5,1,1,,8.5,,9.5,0,1,,,,,0,0,q2,tight,mid_high
-2,25000,INTARIAN_PEPPER_ROOT,,,,,,,10027.0,8.0,10031.0,12.0,,,10027.0,0.0,prices_round_1_day_-2.csv,True,,-1.0,,10027.0,2.5,3.5,3.3300641151156287,0.106,7.280970083952165,,0.0,,0.0,0,1,,4.0,,4.0,0,1,,,,,0,0,q3,mid1,mid_high
-2,25100,INTARIAN_PEPPER_ROOT,10020.0,11.0,10017.0,23.0,,,10031.0,11.0,10033.0,23.0,,,10025.5,0.0,prices_round_1_day_-2.csv,False,11.0,0.0,10025.5,10025.5,-1.5,-1.5,3.337654753817236,0.099601593625498,7.262122044253807,-5.5,5.5,-5.5,5.5,1,1,-8.5,7.5,-8.5,7.5,1,1,,,,,0,0,q3,tight,mid_high
-2,25200,INTARIAN_PEPPER_ROOT,10020.0,12.0,10017.0,18.0,,,10031.0,12.0,,,,,10025.5,0.0,prices_round_1_day_-2.csv,False,11.0,0.0,10025.5,10025.5,0.0,0.0,3.337654753817236,0.0992063492063492,7.233228654079404,-5.5,5.5,-5.5,5.5,1,1,-8.5,,-8.5,,1,0,,,,,0,0,q3,tight,mid_high
-2,25300,INTARIAN_PEPPER_ROOT,10020.0,10.0,10017.0,22.0,,,10031.0,10.0,10033.0,22.0,,,10025.5,0.0,prices_round_1_day_-2.csv,False,11.0,0.0,10025.5,10025.5,0.0,0.0,3.2454112771295427,0.09881422924901186,7.204564266558984,-5.5,5.5,-5.5,5.5,1,1,-8.5,7.5,-8.5,7.5,1,1,,,,,0,0,q2,tight,mid_high
-2,25400,INTARIAN_PEPPER_ROOT,,,,,,,10031.0,8.0,10033.0,19.0,,,10031.0,0.0,prices_round_1_day_-2.csv,True,,-1.0,,10031.0,5.5,5.5,2.928526214035148,0.12007874015748031,7.290941301696783,,0.0,,0.0,0,1,,2.0,,2.0,0,1,,,,,0,0,q2,mid1,mid_high
-2,25500,INTARIAN_PEPPER_ROOT,10020.0,12.0,10017.0,19.0,,,10031.0,12.0,10034.0,19.0,,,10025.5,0.0,prices_round_1_day_-2.csv,False,11.0,0.0,10025.5,10025.5,-5.5,-5.5,2.944580021085647,0.09803921568627451,7.386100671306821,-5.5,5.5,-5.5,5.5,1,1,-8.5,8.5,-8.5,8.5,1,1,,,,,0,0,q2,tight,mid_high
-2,25600,INTARIAN_PEPPER_ROOT,10020.0,11.0,10018.0,17.0,,,10031.0,11.0,10034.0,17.0,,,10025.5,0.0,prices_round_1_day_-2.csv,False,11.0,0.0,10025.5,10025.5,0.0,0.0,2.944580021085647,0.09765625,7.3571731162905465,-5.5,5.5,-5.5,5.5,1,1,-7.5,8.5,-7.5,8.5,1,1,,,,,0,0,q2,tight,mid_high
-2,25700,INTARIAN_PEPPER_ROOT,10020.0,9.0,10018.0,18.0,,,10031.0,9.0,10034.0,18.0,,,10025.5,0.0,prices_round_1_day_-2.csv,False,11.0,0.0,10025.5,10025.5,0.0,0.0,2.940349220992819,0.09727626459143969,7.328471266755091,-5.5,5.5,-5.5,5.5,1,1,-7.5,8.5,-7.5,8.5,1,1,,,,,0,0,q2,tight,mid_high
-2,25800,INTARIAN_PEPPER_ROOT,10018.0,23.0,,,,,10031.0,9.0,10034.0,23.0,,,10024.5,0.0,prices_round_1_day_-2.csv,False,13.0,0.4375,10027.34375,10027.34375,1.84375,-1.0,2.9378256749585585,0.10404554263565892,7.311778180667172,-9.34375,3.65625,-6.5,6.5,1,1,,6.65625,,9.5,0,1,,,,,0,0,q2,tight,mid_high
-2,25900,INTARIAN_PEPPER_ROOT,10020.0,12.0,10018.0,22.0,,,10031.0,12.0,10034.0,22.0,,,10025.5,0.0,prices_round_1_day_-2.csv,False,11.0,0.0,10025.5,10025.5,-1.84375,1.0,2.9464438452478023,0.09652509652509653,7.298086246573496,-5.5,5.5,-5.5,5.5,1,1,-7.5,8.5,-7.5,8.5,1,1,,,,,0,0,q2,tight,mid_high
-2,26000,INTARIAN_PEPPER_ROOT,10020.0,9.0,10018.0,18.0,,,10032.0,9.0,10034.0,18.0,,,10026.0,0.0,prices_round_1_day_-2.csv,False,12.0,0.0,10026.0,10026.0,0.5,0.5,2.9418300403422117,0.09807692307692308,7.270534430465744,-6.0,6.0,-6.0,6.0,1,1,-8.0,8.0,-8.0,8.0,1,1,,,,,0,0,q2,tight,mid_high
-2,26100,INTARIAN_PEPPER_ROOT,10021.0,9.0,10018.0,25.0,,,10032.0,9.0,10034.0,25.0,,,10026.5,0.0,prices_round_1_day_-2.csv,False,11.0,0.0,10026.5,10026.5,0.5,0.5,2.928658658375919,0.09961685823754789,7.243189771980435,-5.5,5.5,-5.5,5.5,1,1,-8.5,7.5,-8.5,7.5,1,1,,,,,0,0,q2,tight,mid_high
-2,26200,INTARIAN_PEPPER_ROOT,10018.0,19.0,,,,,10032.0,8.0,10034.0,19.0,,,10025.0,0.0,prices_round_1_day_-2.csv,False,14.0,0.4074074074074074,10027.851851851852,10027.851851851852,1.3518518518521887,-1.5,2.9339519156262157,0.10439638111393965,7.221423172828918,-9.851851851852189,4.148148148147811,-7.0,7.0,1,1,,6.148148148147811,,9.0,0,1,,,,,0,0,q2,mid1,mid_high
-2,26300,INTARIAN_PEPPER_ROOT,10021.0,12.0,10018.0,25.0,,,10032.0,12.0,,,,,10026.5,0.0,prices_round_1_day_-2.csv,False,11.0,0.0,10026.5,10026.5,-1.3518518518521887,1.5,2.8362631429452154,0.09885931558935361,7.201923830849155,-5.5,5.5,-5.5,5.5,1,1,-8.5,,-8.5,,1,0,,,,,0,0,q2,tight,mid_high
-2,26400,INTARIAN_PEPPER_ROOT,10021.0,10.0,10018.0,15.0,,,10032.0,10.0,10034.0,15.0,,,10026.5,0.0,prices_round_1_day_-2.csv,False,11.0,0.0,10026.5,10026.5,0.0,0.0,2.7234058890363064,0.09848484848484848,7.174577109609109,-5.5,5.5,-5.5,5.5,1,1,-8.5,7.5,-8.5,7.5,1,1,,,,,0,0,q1,tight,mid_high
-2,26500,INTARIAN_PEPPER_ROOT,10021.0,12.0,10018.0,18.0,,,10032.0,12.0,10035.0,18.0,,,10026.5,0.0,prices_round_1_day_-2.csv,False,11.0,0.0,10026.5,10026.5,0.0,0.0,2.7234058890363064,0.09811320754716982,7.147437282165058,-5.5,5.5,-5.5,5.5,1,1,-8.5,8.5,-8.5,8.5,1,1,,,,,0,0,q1,tight,mid_high
-2,26600,INTARIAN_PEPPER_ROOT,10021.0,12.0,10019.0,18.0,,,10032.0,12.0,,,,,10026.5,0.0,prices_round_1_day_-2.csv,False,11.0,0.0,10026.5,10026.5,0.0,0.0,2.7234058890363064,0.09774436090225563,7.120502009450352,-5.5,5.5,-5.5,5.5,1,1,-7.5,,-7.5,,1,0,,,,,0,0,q1,tight,mid_high
-2,26700,INTARIAN_PEPPER_ROOT,10021.0,10.0,,,,,10032.0,10.0,10035.0,21.0,,,10026.5,0.0,prices_round_1_day_-2.csv,False,11.0,0.0,10026.5,10026.5,0.0,0.0,2.7231262896690516,0.09737827715355805,7.093768987525599,-5.5,5.5,-5.5,5.5,1,1,,8.5,,8.5,0,1,,,,,0,0,q1,tight,mid_high
-2,26800,INTARIAN_PEPPER_ROOT,10021.0,8.0,10019.0,25.0,,,10035.0,25.0,,,,,10028.0,0.0,prices_round_1_day_-2.csv,False,14.0,-0.5151515151515151,10024.39393939394,10024.39393939394,-2.106060606060055,1.5,2.7357978957326736,0.08915649027589531,7.085316769247083,-3.393939393939945,10.606060606060055,-7.0,7.0,1,1,-5.393939393939945,,-9.0,,1,0,,,,,0,0,q1,mid1,mid_high
-2,26900,INTARIAN_PEPPER_ROOT,10019.0,24.0,,,,,10032.0,9.0,10035.0,24.0,,,10025.5,0.0,prices_round_1_day_-2.csv,False,13.0,0.45454545454545453,10028.454545454546,10028.454545454546,4.0606060606060055,-2.5,2.791509778618546,0.10392024332544963,7.1175125208132135,-9.45454545454595,3.5454545454540494,-6.5,6.5,1,1,,6.545454545454049,,9.5,0,1,,,,,0,0,q2,tight,mid_high
-2,27000,INTARIAN_PEPPER_ROOT,10021.0,10.0,10019.0,18.0,,,10035.0,18.0,,,,,10028.0,0.0,prices_round_1_day_-2.csv,False,14.0,-0.2857142857142857,10026.0,10026.0,-2.4545454545459506,2.5,2.812689952620834,0.09444444444444444,7.115296872857727,-5.0,9.0,-7.0,7.0,1,1,-7.0,,-9.0,,1,0,,,,,0,0,q2,mid1,mid_high
-2,27100,INTARIAN_PEPPER_ROOT,10022.0,8.0,10019.0,17.0,,,10035.0,17.0,,,,,10028.5,0.0,prices_round_1_day_-2.csv,False,13.0,-0.36,10026.16,10026.16,0.15999999999985448,0.5,2.812064757103865,0.0946863468634681,7.0889597795242425,-4.1599999999998545,8.840000000000146,-6.5,6.5,1,1,-7.1599999999998545,,-9.5,,1,0,,,,,0,0,q2,tight,mid_high
-2,27200,INTARIAN_PEPPER_ROOT,10022.0,9.0,,,,,,,,,,,10022.0,0.0,prices_round_1_day_-2.csv,True,,1.0,,10022.0,-4.1599999999998545,-6.5,2.8751085647971766,0.07904411764705882,7.12935403543413,0.0,,0.0,,1,0,,,,,0,0,,,,,0,0,q2,mid1,mid_high
-2,27300,INTARIAN_PEPPER_ROOT,10022.0,10.0,10019.0,21.0,,,,,,,,,10022.0,0.0,prices_round_1_day_-2.csv,True,,1.0,,10022.0,0.0,0.0,2.8751085647971766,0.07875457875457875,7.10316606135602,0.0,,0.0,,1,0,-3.0,,-3.0,,1,0,,,,,0,0,q2,mid1,mid_high
-2,27400,INTARIAN_PEPPER_ROOT,10022.0,10.0,10019.0,24.0,,,10035.0,24.0,,,,,10028.5,0.0,prices_round_1_day_-2.csv,False,13.0,-0.4117647058823529,10025.823529411764,10025.823529411764,3.823529411763957,6.5,2.9187641385936276,0.09242164018891955,7.128327205754862,-3.823529411763957,9.176470588236043,-6.5,6.5,1,1,-6.823529411763957,,-9.5,,1,0,,,,,0,0,q2,tight,mid_high
-2,27500,INTARIAN_PEPPER_ROOT,10019.0,15.0,,,,,10033.0,11.0,10036.0,15.0,,,10026.0,0.0,prices_round_1_day_-2.csv,False,14.0,0.15384615384615385,10027.076923076924,10027.076923076924,1.2533936651598196,-2.5,2.9180347805853315,0.09664335664335919,7.107212707734092,-8.076923076923777,5.9230769230762235,-7.0,7.0,1,1,,8.923076923076223,,10.0,0,1,,,,,0,0,q2,mid1,mid_high
-2,27600,INTARIAN_PEPPER_ROOT,10022.0,12.0,10020.0,19.0,,,10033.0,12.0,,,,,10027.5,0.0,prices_round_1_day_-2.csv,False,11.0,0.0,10027.5,10027.5,0.42307692307622347,1.5,2.8478345158233687,0.09782608695652174,7.081754380762041,-5.5,5.5,-5.5,5.5,1,1,-7.5,,-7.5,,1,0,,,,,0,0,q2,tight,mid_high
-2,27700,INTARIAN_PEPPER_ROOT,10022.0,12.0,10020.0,21.0,,,10033.0,12.0,10036.0,21.0,,,10027.5,0.0,prices_round_1_day_-2.csv,False,11.0,0.0,10027.5,10027.5,0.0,0.0,2.7681314631763665,0.09747292418772563,7.0561303989286905,-5.5,5.5,-5.5,5.5,1,1,-7.5,8.5,-7.5,8.5,1,1,,,,,0,0,q2,tight,mid_high
-2,27800,INTARIAN_PEPPER_ROOT,10022.0,9.0,10020.0,17.0,,,10033.0,9.0,10036.0,17.0,,,10027.5,0.0,prices_round_1_day_-2.csv,False,11.0,0.0,10027.5,10027.5,0.0,0.0,2.675913111650003,0.09712230215827339,7.030691180141205,-5.5,5.5,-5.5,5.5,1,1,-7.5,8.5,-7.5,8.5,1,1,,,,,0,0,q1,tight,mid_high
-2,27900,INTARIAN_PEPPER_ROOT,10022.0,11.0,10020.0,15.0,,,10033.0,11.0,,,,,10027.5,0.0,prices_round_1_day_-2.csv,False,11.0,0.0,10027.5,10027.5,0.0,0.0,2.613251310087078,0.0967741935483871,7.0054347332071245,-5.5,5.5,-5.5,5.5,1,1,-7.5,,-7.5,,1,0,,,,,0,0,q1,tight,mid_high
-2,28000,INTARIAN_PEPPER_ROOT,10022.0,11.0,,,,,10034.0,11.0,10036.0,16.0,,,10028.0,0.0,prices_round_1_day_-2.csv,False,12.0,0.0,10028.0,10028.0,0.5,0.5,2.5906951687319015,0.09821428571428571,6.9809063304668255,-6.0,6.0,-6.0,6.0,1,1,,8.0,,8.0,0,1,,,,,0,0,q1,tight,mid_high
-2,28100,INTARIAN_PEPPER_ROOT,10023.0,12.0,10020.0,22.0,,,10036.0,22.0,,,,,10029.5,0.0,prices_round_1_day_-2.csv,False,13.0,-0.29411764705882354,10027.588235294117,10027.588235294117,-0.41176470588288794,1.5,2.5391089687406088,0.09639941385806801,6.956900068662842,-4.588235294117112,8.411764705882888,-6.5,6.5,1,1,-7.588235294117112,,-9.5,,1,0,,,,,0,0,q1,tight,mid_high
-2,28200,INTARIAN_PEPPER_ROOT,10020.0,21.0,,,,,10034.0,12.0,10036.0,21.0,,,10027.0,0.0,prices_round_1_day_-2.csv,False,14.0,0.2727272727272727,10028.90909090909,10028.90909090909,1.3208556149729702,-2.5,2.529829806523122,0.10074145712443291,6.937459058975948,-8.909090909090082,5.090909090909918,-7.0,7.0,1,1,,7.090909090909918,,9.0,0,1,,,,,0,0,q1,mid1,mid_high
-2,28300,INTARIAN_PEPPER_ROOT,10023.0,10.0,,,,,10034.0,10.0,10036.0,21.0,,,10028.5,0.0,prices_round_1_day_-2.csv,False,11.0,0.0,10028.5,10028.5,-0.4090909090900823,1.5,2.5308481449612015,0.0989399293286219,6.913776617506037,-5.5,5.5,-5.5,5.5,1,1,,7.5,,7.5,0,1,,,,,0,0,q1,tight,mid_high
-2,28400,INTARIAN_PEPPER_ROOT,10023.0,10.0,10020.0,17.0,,,,,,,,,10023.0,0.0,prices_round_1_day_-2.csv,True,,1.0,,10023.0,-5.5,-5.5,2.630359272820642,0.07922535211267606,6.999727045001302,0.0,,0.0,,1,0,-3.0,,-3.0,,1,0,,,,,0,0,q1,mid1,mid_high
-2,28500,INTARIAN_PEPPER_ROOT,10023.0,10.0,10020.0,22.0,,,10034.0,10.0,10037.0,22.0,,,10028.5,0.0,prices_round_1_day_-2.csv,False,11.0,0.0,10028.5,10028.5,5.5,5.5,2.723007274165322,0.09824561403508772,7.078184672411695,-5.5,5.5,-5.5,5.5,1,1,-8.5,8.5,-8.5,8.5,1,1,,,,,0,0,q1,tight,mid_high
-2,28600,INTARIAN_PEPPER_ROOT,10023.0,8.0,,,,,10034.0,8.0,10037.0,24.0,,,10028.5,0.0,prices_round_1_day_-2.csv,False,11.0,0.0,10028.5,10028.5,0.0,0.0,2.723007274165322,0.0979020979020979,7.053382685672439,-5.5,5.5,-5.5,5.5,1,1,,8.5,,8.5,0,1,,,,,0,0,q1,tight,mid_high
-2,28700,INTARIAN_PEPPER_ROOT,10023.0,12.0,10021.0,23.0,,,10034.0,12.0,10037.0,23.0,,,10028.5,0.0,prices_round_1_day_-2.csv,False,11.0,0.0,10028.5,10028.5,0.0,0.0,2.719726359820063,0.0975609756097561,7.02875390503787,-5.5,5.5,-5.5,5.5,1,1,-7.5,8.5,-7.5,8.5,1,1,,,,,0,0,q1,tight,mid_high
-2,28800,INTARIAN_PEPPER_ROOT,10021.0,24.0,,,,,10034.0,9.0,10037.0,24.0,,,10027.5,0.0,prices_round_1_day_-2.csv,False,13.0,0.45454545454545453,10030.454545454546,10030.454545454546,1.9545454545459506,-1.0,2.730357333039754,0.1040088383838401,7.016237054406783,-9.45454545454595,3.5454545454540494,-6.5,6.5,1,1,,6.545454545454049,,9.5,0,1,,,,,0,0,q1,tight,mid_high
-2,28900,INTARIAN_PEPPER_ROOT,,,,,,,10034.0,11.0,10037.0,23.0,,,10034.0,0.0,prices_round_1_day_-2.csv,True,,-1.0,,10034.0,3.5454545454540494,6.5,2.647506601797792,0.11591695501730104,7.032856257057609,,0.0,,0.0,0,1,,3.0,,3.0,0,1,,,,,0,0,q1,mid1,mid_high
-2,29000,INTARIAN_PEPPER_ROOT,10023.0,8.0,10021.0,17.0,,,10037.0,17.0,,,,,10030.0,0.0,prices_round_1_day_-2.csv,False,14.0,-0.36,10027.48,10027.48,-6.520000000000437,-4.0,2.8010561460087913,0.09303448275861918,7.160367299933734,-4.479999999999563,9.520000000000437,-7.0,7.0,1,1,-6.479999999999563,,-9.0,,1,0,,,,,0,0,q2,mid1,mid_high
-2,29100,INTARIAN_PEPPER_ROOT,10024.0,12.0,10021.0,16.0,,,10035.0,12.0,10037.0,16.0,,,10029.5,0.0,prices_round_1_day_-2.csv,False,11.0,0.0,10029.5,10029.5,2.0200000000004366,-0.5,2.5815715397265886,0.09965635738831616,7.14843650228075,-5.5,5.5,-5.5,5.5,1,1,-8.5,7.5,-8.5,7.5,1,1,,,,,0,0,q1,tight,mid_high
-2,29200,INTARIAN_PEPPER_ROOT,10024.0,8.0,10021.0,23.0,,,10035.0,8.0,,,,,10029.5,0.0,prices_round_1_day_-2.csv,False,11.0,0.0,10029.5,10029.5,0.0,0.0,2.5809983399942045,0.09931506849315068,7.12390543999786,-5.5,5.5,-5.5,5.5,1,1,-8.5,,-8.5,,1,0,,,,,0,0,q1,tight,mid_high
-2,29300,INTARIAN_PEPPER_ROOT,10021.0,23.0,,,,,10035.0,10.0,10037.0,23.0,,,10028.0,0.0,prices_round_1_day_-2.csv,False,14.0,0.3939393939393939,10030.757575757576,10030.757575757576,1.257575757575978,-1.5,2.5861263318905894,0.10326817664701698,7.104087233333828,-9.757575757575978,4.242424242424022,-7.0,7.0,1,1,,6.242424242424022,,9.0,0,1,,,,,0,0,q1,mid1,mid_high
-2,29400,INTARIAN_PEPPER_ROOT,10024.0,9.0,10021.0,22.0,,,10035.0,9.0,10037.0,22.0,,,10029.5,0.0,prices_round_1_day_-2.csv,False,11.0,0.0,10029.5,10029.5,-1.257575757575978,1.5,2.593473215647132,0.09863945578231292,7.086140168532687,-5.5,5.5,-5.5,5.5,1,1,-8.5,7.5,-8.5,7.5,1,1,,,,,0,0,q1,tight,mid_high
-2,29500,INTARIAN_PEPPER_ROOT,10024.0,8.0,10021.0,19.0,,,10035.0,8.0,10038.0,19.0,,,10029.5,0.0,prices_round_1_day_-2.csv,False,11.0,0.0,10029.5,10029.5,0.0,0.0,2.593473215647132,0.09830508474576272,7.062070633129718,-5.5,5.5,-5.5,5.5,1,1,-8.5,8.5,-8.5,8.5,1,1,,,,,0,0,q1,tight,mid_high
-2,29600,INTARIAN_PEPPER_ROOT,10024.0,9.0,10022.0,24.0,,,10035.0,9.0,10038.0,24.0,,,10029.5,0.0,prices_round_1_day_-2.csv,False,11.0,0.0,10029.5,10029.5,0.0,0.0,2.593473215647132,0.09797297297297297,7.038164058920501,-5.5,5.5,-5.5,5.5,1,1,-7.5,8.5,-7.5,8.5,1,1,,,,,0,0,q1,tight,mid_high
-2,29700,INTARIAN_PEPPER_ROOT,10024.0,8.0,10022.0,17.0,,,10035.0,8.0,10038.0,17.0,,,10029.5,0.0,prices_round_1_day_-2.csv,False,11.0,0.0,10029.5,10029.5,0.0,0.0,2.464540619088316,0.09764309764309764,7.014418796507142,-5.5,5.5,-5.5,5.5,1,1,-7.5,8.5,-7.5,8.5,1,1,,,,,0,0,q1,tight,mid_high
-2,29800,INTARIAN_PEPPER_ROOT,10024.0,10.0,10022.0,22.0,,,10035.0,10.0,10038.0,22.0,,,10029.5,0.0,prices_round_1_day_-2.csv,False,11.0,0.0,10029.5,10029.5,0.0,0.0,2.3433756512194233,0.09731543624161074,6.9908332186759505,-5.5,5.5,-5.5,5.5,1,1,-7.5,8.5,-7.5,8.5,1,1,,,,,0,0,q1,tight,mid_high
-2,29900,INTARIAN_PEPPER_ROOT,10024.0,9.0,,,,,10035.0,9.0,10038.0,21.0,,,10029.5,0.0,prices_round_1_day_-2.csv,False,11.0,0.0,10029.5,10029.5,0.0,0.0,2.3433756512194233,0.09698996655518395,6.967405720025717,-5.5,5.5,-5.5,5.5,1,1,,8.5,,8.5,0,1,,,,,0,0,q1,tight,mid_high
-2,30000,INTARIAN_PEPPER_ROOT,10022.0,24.0,,,,,10038.0,24.0,,,,,10030.0,0.0,prices_round_1_day_-2.csv,False,16.0,0.0,10030.0,10030.0,0.5,0.5,2.3185105294954167,0.09833333333333333,6.944644750048262,-8.0,8.0,-8.0,8.0,1,1,,,,,0,0,,,,,0,0,q1,mid1,mid_high
-2,30100,INTARIAN_PEPPER_ROOT,10025.0,10.0,,,,,10038.0,22.0,,,,,10031.5,0.0,prices_round_1_day_-2.csv,False,13.0,-0.375,10029.0625,10029.0625,-0.9375,1.5,2.3121424856289683,0.0948920265780731,6.925060554462092,-4.0625,8.9375,-6.5,6.5,1,1,,,,,0,0,,,,,0,0,q1,tight,mid_high
-2,30200,INTARIAN_PEPPER_ROOT,,,,,,,10036.0,12.0,,,,,10036.0,0.0,prices_round_1_day_-2.csv,True,,-1.0,,10036.0,6.9375,4.5,2.5076693594246917,0.11754966887417219,7.057091072600434,,0.0,,0.0,0,1,,,,,0,0,,,,,0,0,q1,mid1,mid_high
-2,30300,INTARIAN_PEPPER_ROOT,10025.0,10.0,10022.0,19.0,,,10036.0,10.0,10038.0,19.0,,,10030.5,0.0,prices_round_1_day_-2.csv,False,11.0,0.0,10030.5,10030.5,-5.5,-5.5,2.6344920712236544,0.09900990099009901,7.137871288304836,-5.5,5.5,-5.5,5.5,1,1,-8.5,7.5,-8.5,7.5,1,1,,,,,0,0,q1,tight,mid_high
-2,30400,INTARIAN_PEPPER_ROOT,10022.0,19.0,,,,,10036.0,8.0,10038.0,19.0,,,10029.0,0.0,prices_round_1_day_-2.csv,False,14.0,0.4074074074074074,10031.851851851852,10031.851851851852,1.3518518518521887,-1.5,2.5239662082195755,0.10313109161793484,7.119477157826384,-9.851851851852189,4.148148148147811,-7.0,7.0,1,1,,6.148148148147811,,9.0,0,1,,,,,0,0,q1,mid1,mid_high
-2,30500,INTARIAN_PEPPER_ROOT,,,,,,,10032.0,8.0,10036.0,9.0,10039.0,18.0,10032.0,0.0,prices_round_1_day_-2.csv,True,,-1.0,,10032.0,0.1481481481478113,3.0,2.3951112048522476,0.10327868852459017,7.096064469448666,,0.0,,0.0,0,1,,4.0,,4.0,0,1,,7.0,,7.0,0,1,q1,mid1,mid_high
-2,30600,INTARIAN_PEPPER_ROOT,10025.0,9.0,10023.0,21.0,,,10036.0,9.0,10039.0,21.0,,,10030.5,0.0,prices_round_1_day_-2.csv,False,11.0,0.0,10030.5,10030.5,-1.5,-1.5,2.406141489456149,0.09803921568627451,7.081199019443707,-5.5,5.5,-5.5,5.5,1,1,-7.5,8.5,-7.5,8.5,1,1,,,,,0,0,q1,tight,mid_high
-2,30700,INTARIAN_PEPPER_ROOT,10023.0,21.0,,,,,10036.0,10.0,10039.0,21.0,,,10029.5,0.0,prices_round_1_day_-2.csv,False,13.0,0.3548387096774194,10031.806451612903,10031.806451612903,1.3064516129034018,-1.0,2.412119550946126,0.10197541241988078,7.062814395108328,-8.806451612903402,4.193548387096598,-6.5,6.5,1,1,,7.193548387096598,,9.5,0,1,,,,,0,0,q1,tight,mid_high
-2,30800,INTARIAN_PEPPER_ROOT,10025.0,11.0,10023.0,23.0,,,10039.0,23.0,,,,,10032.0,0.0,prices_round_1_day_-2.csv,False,14.0,-0.35294117647058826,10029.529411764706,10029.529411764706,-2.2770398481970915,2.5,2.422610737025758,0.09425133689839711,7.05818417856631,-4.52941176470631,9.47058823529369,-7.0,7.0,1,1,-6.52941176470631,,-9.0,,1,0,,,,,0,0,q1,mid1,mid_high
-2,30900,INTARIAN_PEPPER_ROOT,,,,,,,10036.0,10.0,10039.0,16.0,,,10036.0,0.0,prices_round_1_day_-2.csv,True,,-1.0,,10036.0,6.47058823529369,4.0,2.571201326346472,0.11488673139158576,7.166846223488229,,0.0,,0.0,0,1,,3.0,,3.0,0,1,,,,,0,0,q1,mid1,mid_high
-2,31000,INTARIAN_PEPPER_ROOT,10025.0,10.0,10023.0,22.0,,,10037.0,10.0,,,,,10031.0,0.0,prices_round_1_day_-2.csv,False,12.0,0.0,10031.0,10031.0,-5.0,-5.0,2.674130553991246,0.09838709677419355,7.228046308566871,-6.0,6.0,-6.0,6.0,1,1,-8.0,,-8.0,,1,0,,,,,0,0,q1,tight,mid_high
-2,31100,INTARIAN_PEPPER_ROOT,10026.0,9.0,,,,,,,,,,,10026.0,0.0,prices_round_1_day_-2.csv,True,,1.0,,10026.0,-5.0,-5.0,2.7687864311683885,0.0819935691318328,7.288310579954563,0.0,,0.0,,1,0,,,,,0,0,,,,,0,0,q2,mid1,mid_high
-2,31200,INTARIAN_PEPPER_ROOT,10026.0,9.0,10023.0,23.0,,,,,,,,,10026.0,0.0,prices_round_1_day_-2.csv,True,,1.0,,10026.0,0.0,0.0,2.761808215107419,0.08173076923076923,7.26489704560576,0.0,,0.0,,1,0,-3.0,,-3.0,,1,0,,,,,0,0,q2,mid1,mid_high
-2,31300,INTARIAN_PEPPER_ROOT,,,,,,,10037.0,10.0,,,,,10037.0,0.0,prices_round_1_day_-2.csv,True,,-1.0,,10037.0,11.0,11.0,3.164818497265227,0.11661341853035144,7.622470275712879,,0.0,,0.0,0,1,,,,,0,0,,,,,0,0,q2,mid1,mid_high
-2,31400,INTARIAN_PEPPER_ROOT,10026.0,9.0,10023.0,21.0,,,10037.0,9.0,10039.0,21.0,,,10031.5,0.0,prices_round_1_day_-2.csv,False,11.0,0.0,10031.5,10031.5,-5.5,-5.5,3.2662239631989394,0.09872611464968153,7.698583406532383,-5.5,5.5,-5.5,5.5,1,1,-8.5,7.5,-8.5,7.5,1,1,,,,,0,0,q2,tight,mid_high
-2,31500,INTARIAN_PEPPER_ROOT,10026.0,8.0,,,,,10037.0,8.0,10040.0,21.0,,,10031.5,0.0,prices_round_1_day_-2.csv,False,11.0,0.0,10031.5,10031.5,0.0,0.0,3.2662239631989394,0.09841269841269841,7.674096567350263,-5.5,5.5,-5.5,5.5,1,1,,8.5,,8.5,0,1,,,,,0,0,q2,tight,mid_high
-2,31600,INTARIAN_PEPPER_ROOT,10026.0,8.0,10024.0,23.0,,,10037.0,8.0,,,,,10031.5,0.0,prices_round_1_day_-2.csv,False,11.0,0.0,10031.5,10031.5,0.0,0.0,3.2662239631989394,0.0981012658227848,7.649765004946888,-5.5,5.5,-5.5,5.5,1,1,-7.5,,-7.5,,1,0,,,,,0,0,q2,tight,mid_high
-2,31700,INTARIAN_PEPPER_ROOT,10026.0,11.0,10024.0,23.0,,,10037.0,11.0,10040.0,23.0,,,10031.5,0.0,prices_round_1_day_-2.csv,False,11.0,0.0,10031.5,10031.5,0.0,0.0,3.2662239631989394,0.09779179810725552,7.6255872470172505,-5.5,5.5,-5.5,5.5,1,1,-7.5,8.5,-7.5,8.5,1,1,,,,,0,0,q2,tight,mid_high
-2,31800,INTARIAN_PEPPER_ROOT,10026.0,11.0,,,,,10037.0,11.0,10040.0,15.0,,,10031.5,0.0,prices_round_1_day_-2.csv,False,11.0,0.0,10031.5,10031.5,0.0,0.0,3.2507371744425573,0.09748427672955975,7.601561839811229,-5.5,5.5,-5.5,5.5,1,1,,8.5,,8.5,0,1,,,,,0,0,q2,tight,mid_high
-2,31900,INTARIAN_PEPPER_ROOT,10026.0,10.0,10024.0,20.0,,,10037.0,10.0,,,,,10031.5,0.0,prices_round_1_day_-2.csv,False,11.0,0.0,10031.5,10031.5,0.0,0.0,3.2011898973547432,0.09717868338557993,7.577687347842211,-5.5,5.5,-5.5,5.5,1,1,-7.5,,-7.5,,1,0,,,,,0,0,q2,tight,mid_high
-2,32000,INTARIAN_PEPPER_ROOT,10026.0,11.0,10024.0,17.0,,,10038.0,11.0,10040.0,17.0,,,10032.0,0.0,prices_round_1_day_-2.csv,False,12.0,0.0,10032.0,10032.0,0.5,0.5,3.1810148671508873,0.0984375,7.554439920215599,-6.0,6.0,-6.0,6.0,1,1,-8.0,8.0,-8.0,8.0,1,1,,,,,0,0,q2,tight,mid_high
-2,32100,INTARIAN_PEPPER_ROOT,10027.0,11.0,,,,,10038.0,11.0,,,,,10032.5,0.0,prices_round_1_day_-2.csv,False,11.0,0.0,10032.5,10032.5,0.5,0.5,3.1814654936170204,0.09968847352024922,7.53133463951915,-5.5,5.5,-5.5,5.5,1,1,,,,,0,0,,,,,0,0,q2,tight,mid_high
-2,32200,INTARIAN_PEPPER_ROOT,10027.0,12.0,10024.0,20.0,,,10038.0,12.0,10040.0,20.0,,,10032.5,0.0,prices_round_1_day_-2.csv,False,11.0,0.0,10032.5,10032.5,0.0,0.0,3.1208898641603287,0.09937888198757763,7.507903400545712,-5.5,5.5,-5.5,5.5,1,1,-8.5,7.5,-8.5,7.5,1,1,,,,,0,0,q2,tight,mid_high
-2,32300,INTARIAN_PEPPER_ROOT,10027.0,10.0,10024.0,19.0,,,10040.0,19.0,,,,,10033.5,0.0,prices_round_1_day_-2.csv,False,13.0,-0.3103448275862069,10031.48275862069,10031.48275862069,-1.0172413793097803,1.0,3.125598879657614,0.0959218533148304,7.488447118617557,-4.48275862069022,8.51724137930978,-6.5,6.5,1,1,-7.48275862069022,,-9.5,,1,0,,,,,0,0,q2,tight,mid_high
-2,32400,INTARIAN_PEPPER_ROOT,,,,,,,10038.0,9.0,,,,,10038.0,0.0,prices_round_1_day_-2.csv,True,,-1.0,,10038.0,6.51724137930978,4.5,3.2115456034990038,0.11574074074074074,7.592526480622187,,0.0,,0.0,0,1,,,,,0,0,,,,,0,0,q2,mid1,mid_high
-2,32500,INTARIAN_PEPPER_ROOT,10027.0,12.0,10024.0,20.0,,,10038.0,12.0,,,,,10032.5,0.0,prices_round_1_day_-2.csv,False,11.0,0.0,10032.5,10032.5,-5.5,-5.5,3.3087495966644287,0.09846153846153846,7.66612827712338,-5.5,5.5,-5.5,5.5,1,1,-8.5,,-8.5,,1,0,,,,,0,0,q2,tight,mid_high
-2,32600,INTARIAN_PEPPER_ROOT,10027.0,9.0,,,,,10038.0,9.0,10041.0,17.0,,,10032.5,0.0,prices_round_1_day_-2.csv,False,11.0,0.0,10032.5,10032.5,0.0,0.0,3.308469564066475,0.09815950920245399,7.642569928382357,-5.5,5.5,-5.5,5.5,1,1,,8.5,,8.5,0,1,,,,,0,0,q2,tight,mid_high
-2,32700,INTARIAN_PEPPER_ROOT,10027.0,8.0,10025.0,24.0,,,10038.0,8.0,10041.0,24.0,,,10032.5,0.0,prices_round_1_day_-2.csv,False,11.0,0.0,10032.5,10032.5,0.0,0.0,3.308469564066475,0.09785932721712538,7.619155928060724,-5.5,5.5,-5.5,5.5,1,1,-7.5,8.5,-7.5,8.5,1,1,,,,,0,0,q2,tight,mid_high
-2,32800,INTARIAN_PEPPER_ROOT,10027.0,12.0,10025.0,24.0,,,10038.0,12.0,10041.0,24.0,,,10032.5,0.0,prices_round_1_day_-2.csv,False,11.0,0.0,10032.5,10032.5,0.0,0.0,3.308469564066475,0.0975609756097561,7.595884953514471,-5.5,5.5,-5.5,5.5,1,1,-7.5,8.5,-7.5,8.5,1,1,,,,,0,0,q2,tight,mid_high
-2,32900,INTARIAN_PEPPER_ROOT,10027.0,8.0,10025.0,16.0,,,10041.0,16.0,,,,,10034.0,0.0,prices_round_1_day_-2.csv,False,14.0,-0.3333333333333333,10031.666666666666,10031.666666666666,-0.8333333333339397,1.5,3.3110815613311826,0.0947315096251248,7.575360701463029,-4.66666666666606,9.33333333333394,-7.0,7.0,1,1,-6.66666666666606,,-9.0,,1,0,,,,,0,0,q2,mid1,mid_high
-2,33000,INTARIAN_PEPPER_ROOT,10027.0,12.0,10025.0,25.0,,,10039.0,12.0,,,,,10033.0,0.0,prices_round_1_day_-2.csv,False,12.0,0.0,10033.0,10033.0,1.3333333333339397,-1.0,3.315316324316153,0.09848484848484848,7.556984181353227,-6.0,6.0,-6.0,6.0,1,1,-8.0,,-8.0,,1,0,,,,,0,0,q2,tight,mid_high
-2,33100,INTARIAN_PEPPER_ROOT,10028.0,9.0,10025.0,18.0,,,10039.0,9.0,10041.0,18.0,,,10033.5,0.0,prices_round_1_day_-2.csv,False,11.0,0.0,10033.5,10033.5,0.5,0.5,3.3149514872302612,0.09969788519637462,7.534571281907541,-5.5,5.5,-5.5,5.5,1,1,-8.5,7.5,-8.5,7.5,1,1,,,,,0,0,q2,tight,mid_high
-2,33200,INTARIAN_PEPPER_ROOT,10028.0,9.0,10025.0,23.0,,,10039.0,9.0,10041.0,23.0,,,10033.5,0.0,prices_round_1_day_-2.csv,False,11.0,0.0,10033.5,10033.5,0.0,0.0,3.310432043846453,0.09939759036144578,7.5118381654351705,-5.5,5.5,-5.5,5.5,1,1,-8.5,7.5,-8.5,7.5,1,1,,,,,0,0,q2,tight,mid_high
-2,33300,INTARIAN_PEPPER_ROOT,10025.0,21.0,,,,,10039.0,10.0,10041.0,21.0,,,10032.0,0.0,prices_round_1_day_-2.csv,False,14.0,0.3548387096774194,10034.483870967742,10034.483870967742,0.9838709677424049,-1.5,3.3119914994501087,0.10205366656979702,7.491561375559164,-9.483870967742405,4.516129032257595,-7.0,7.0,1,1,,6.516129032257595,,9.0,0,1,,,,,0,0,q2,mid1,mid_high
-2,33400,INTARIAN_PEPPER_ROOT,10028.0,11.0,10025.0,20.0,,,10039.0,11.0,10041.0,20.0,,,10033.5,0.0,prices_round_1_day_-2.csv,False,11.0,0.0,10033.5,10033.5,-0.9838709677424049,1.5,3.215790864244615,0.09880239520958084,7.472594829914072,-5.5,5.5,-5.5,5.5,1,1,-8.5,7.5,-8.5,7.5,1,1,,,,,0,0,q2,tight,mid_high
-2,33500,INTARIAN_PEPPER_ROOT,10028.0,9.0,,,,,10039.0,9.0,10042.0,19.0,,,10033.5,0.0,prices_round_1_day_-2.csv,False,11.0,0.0,10033.5,10033.5,0.0,0.0,3.123901384831308,0.09850746268656717,7.450250931540855,-5.5,5.5,-5.5,5.5,1,1,,8.5,,8.5,0,1,,,,,0,0,q2,tight,mid_high
-2,33600,INTARIAN_PEPPER_ROOT,10028.0,9.0,10026.0,22.0,,,10039.0,9.0,10042.0,22.0,,,10033.5,0.0,prices_round_1_day_-2.csv,False,11.0,0.0,10033.5,10033.5,0.0,0.0,3.123901384831308,0.09821428571428571,7.428040256640987,-5.5,5.5,-5.5,5.5,1,1,-7.5,8.5,-7.5,8.5,1,1,,,,,0,0,q2,tight,mid_high
-2,33700,INTARIAN_PEPPER_ROOT,10028.0,10.0,10026.0,16.0,,,10035.0,5.0,10039.0,10.0,10042.0,16.0,10031.5,0.0,prices_round_1_day_-2.csv,False,7.0,0.3333333333333333,10032.666666666666,10032.666666666666,-0.8333333333339397,-2.0,3.126667572925541,0.09545004945598237,7.408508011677322,-4.66666666666606,2.3333333333339397,-3.5,3.5,1,1,-6.66666666666606,6.33333333333394,-5.5,7.5,1,1,,9.33333333333394,,10.5,0,1,q2,tight,mid_high
-2,33800,INTARIAN_PEPPER_ROOT,10028.0,11.0,,,,,10039.0,11.0,10042.0,17.0,,,10033.5,0.0,prices_round_1_day_-2.csv,False,11.0,0.0,10033.5,10033.5,0.8333333333339397,2.0,3.11697910507631,0.09763313609467456,7.388135171516525,-5.5,5.5,-5.5,5.5,1,1,,8.5,,8.5,0,1,,,,,0,0,q2,tight,mid_high
-2,33900,INTARIAN_PEPPER_ROOT,10026.0,17.0,,,,,,,,,,,10026.0,0.0,prices_round_1_day_-2.csv,True,,1.0,,10026.0,-7.5,-7.5,3.2534052059358727,0.0752212389380531,7.536554155915007,0.0,,0.0,,1,0,,,,,0,0,,,,,0,0,q2,mid1,mid_high
-2,34000,INTARIAN_PEPPER_ROOT,10028.0,8.0,10026.0,21.0,,,10040.0,8.0,,,,,10034.0,0.0,prices_round_1_day_-2.csv,False,12.0,0.0,10034.0,10034.0,8.0,8.0,3.3214424524026853,0.09852941176470588,7.699034545717035,-6.0,6.0,-6.0,6.0,1,1,-8.0,,-8.0,,1,0,,,,,0,0,q2,tight,mid_high
-2,34100,INTARIAN_PEPPER_ROOT,10029.0,12.0,10026.0,19.0,,,,,,,,,10029.0,0.0,prices_round_1_day_-2.csv,True,,1.0,,10029.0,-5.0,-5.0,3.3876481103746254,0.08357771260997067,7.752622004361202,0.0,,0.0,,1,0,-3.0,,-3.0,,1,0,,,,,0,0,q3,mid1,mid_high
-2,34200,INTARIAN_PEPPER_ROOT,10029.0,12.0,10026.0,16.0,,,10040.0,12.0,10042.0,16.0,,,10034.5,0.0,prices_round_1_day_-2.csv,False,11.0,0.0,10034.5,10034.5,5.5,5.5,3.476119189222941,0.09941520467836257,7.8156695874871795,-5.5,5.5,-5.5,5.5,1,1,-8.5,7.5,-8.5,7.5,1,1,,,,,0,0,q3,tight,mid_high
-2,34300,INTARIAN_PEPPER_ROOT,,,,,,,10040.0,12.0,10042.0,18.0,,,10040.0,0.0,prices_round_1_day_-2.csv,True,,-1.0,,10040.0,5.5,5.5,3.5558140988198415,0.1151603498542274,7.877849744072956,,0.0,,0.0,0,1,,2.0,,2.0,0,1,,,,,0,0,q3,mid1,mid_high
-2,34400,INTARIAN_PEPPER_ROOT,10029.0,10.0,10026.0,20.0,,,10042.0,20.0,,,,,10035.5,0.0,prices_round_1_day_-2.csv,False,13.0,-0.3333333333333333,10033.333333333334,10033.333333333334,-6.66666666666606,-4.5,3.6806842427594164,0.09544573643411029,7.988583350020532,-4.33333333333394,8.66666666666606,-6.5,6.5,1,1,-7.33333333333394,,-9.5,,1,0,,,,,0,0,q3,tight,mid_high
-2,34500,INTARIAN_PEPPER_ROOT,10026.0,21.0,,,,,10040.0,12.0,10043.0,21.0,,,10033.0,0.0,prices_round_1_day_-2.csv,False,14.0,0.2727272727272727,10034.90909090909,10034.90909090909,1.5757575757561426,-2.5,3.68675545589543,0.0997364953886669,7.971712385283138,-8.909090909090082,5.090909090909918,-7.0,7.0,1,1,,8.090909090909918,,10.0,0,1,,,,,0,0,q3,mid1,mid_high
-2,34600,INTARIAN_PEPPER_ROOT,10029.0,10.0,10027.0,15.0,,,10043.0,15.0,,,,,10036.0,0.0,prices_round_1_day_-2.csv,False,14.0,-0.2,10034.6,10034.6,-0.3090909090897185,3.0,3.6871996626678,0.09855491329479873,7.949089035712786,-5.600000000000364,8.399999999999636,-7.0,7.0,1,1,-7.600000000000364,,-9.0,,1,0,,,,,0,0,q3,mid1,mid_high
-2,34700,INTARIAN_PEPPER_ROOT,10027.0,16.0,,,,,10040.0,10.0,10043.0,16.0,,,10033.5,0.0,prices_round_1_day_-2.csv,False,13.0,0.23076923076923078,10035.0,10035.0,0.3999999999996362,-2.5,3.6874077678302797,0.0994236311239193,7.926376660666151,-8.0,5.0,-6.5,6.5,1,1,,8.0,,9.5,0,1,,,,,0,0,q3,tight,mid_high
-2,34800,INTARIAN_PEPPER_ROOT,10029.0,11.0,10027.0,15.0,,,10040.0,11.0,10043.0,15.0,,,10034.5,0.0,prices_round_1_day_-2.csv,False,11.0,0.0,10034.5,10034.5,-0.5,1.0,3.6883900206206865,0.09770114942528736,7.904566572863988,-5.5,5.5,-5.5,5.5,1,1,-7.5,8.5,-7.5,8.5,1,1,,,,,0,0,q3,tight,mid_high
-2,34900,INTARIAN_PEPPER_ROOT,10027.0,19.0,,,,,10040.0,11.0,,,,,10033.5,0.0,prices_round_1_day_-2.csv,False,13.0,0.26666666666666666,10035.233333333334,10035.233333333334,0.7333333333335759,-1.0,3.6894421397402235,0.09952244508118503,7.883009975238185,-8.233333333333576,4.766666666666424,-6.5,6.5,1,1,,,,,0,0,,,,,0,0,q3,tight,mid_high
-2,35000,INTARIAN_PEPPER_ROOT,10029.0,11.0,,,,,10041.0,11.0,10043.0,18.0,,,10035.0,0.0,prices_round_1_day_-2.csv,False,12.0,0.0,10035.0,10035.0,-0.23333333333357587,1.5,3.6893366708933475,0.09857142857142857,7.860739105446338,-6.0,6.0,-6.0,6.0,1,1,,8.0,,8.0,0,1,,,,,0,0,q3,tight,mid_high
-2,35100,INTARIAN_PEPPER_ROOT,10030.0,10.0,10027.0,17.0,,,10032.0,6.0,10037.0,5.0,10041.0,10.0,10031.0,0.0,prices_round_1_day_-2.csv,False,2.0,0.25,10031.25,10031.25,-3.75,-4.0,3.7267289895435822,0.0876068376068376,7.880477862371645,-1.25,0.75,-1.0,1.0,1,1,-4.25,5.75,-4.0,6.0,1,1,,9.75,,10.0,0,1,q3,tight,mid_high
-2,35200,INTARIAN_PEPPER_ROOT,10030.0,11.0,10027.0,20.0,,,10032.0,5.0,10043.0,20.0,,,10031.0,0.0,prices_round_1_day_-2.csv,False,2.0,0.375,10031.375,10031.375,0.125,0.0,3.591632987956592,0.08771306818181818,7.858030330787385,-1.375,0.625,-1.0,1.0,1,1,-4.375,11.625,-4.0,12.0,1,1,,,,,0,0,q3,tight,mid_high
-2,35300,INTARIAN_PEPPER_ROOT,10027.0,25.0,,,,,10043.0,25.0,,,,,10035.0,0.0,prices_round_1_day_-2.csv,False,16.0,0.0,10035.0,10035.0,3.625,4.0,3.542756294615132,0.09773371104815864,7.8711522700435355,-8.0,8.0,-8.0,8.0,1,1,,,,,0,0,,,,,0,0,q3,mid1,mid_high
-2,35400,INTARIAN_PEPPER_ROOT,10030.0,11.0,10027.0,16.0,,,10041.0,11.0,,,,,10035.5,0.0,prices_round_1_day_-2.csv,False,11.0,0.0,10035.5,10035.5,0.5,0.5,3.5386100778244263,0.09887005649717515,7.8493115017254524,-5.5,5.5,-5.5,5.5,1,1,-8.5,,-8.5,,1,0,,,,,0,0,q3,tight,mid_high
-2,35500,INTARIAN_PEPPER_ROOT,10027.0,23.0,,,,,10041.0,8.0,,,,,10034.0,0.0,prices_round_1_day_-2.csv,False,14.0,0.4838709677419355,10037.387096774193,10037.387096774193,1.8870967741931963,-1.5,3.5478974880148613,0.10390731485688225,7.836146065375661,-10.387096774193196,3.6129032258068037,-7.0,7.0,1,1,,,,,0,0,,,,,0,0,q3,mid1,mid_high
-2,35600,INTARIAN_PEPPER_ROOT,,,,,,,10041.0,9.0,,,,,10041.0,0.0,prices_round_1_day_-2.csv,True,,-1.0,,10041.0,3.6129032258068037,7.0,3.57419817935459,0.11376404494382023,7.848659640057681,,0.0,,0.0,0,1,,,,,0,0,,,,,0,0,q3,mid1,mid_high
-2,35700,INTARIAN_PEPPER_ROOT,10030.0,9.0,10028.0,22.0,,,10044.0,22.0,,,,,10037.0,0.0,prices_round_1_day_-2.csv,False,14.0,-0.41935483870967744,10034.064516129032,10034.064516129032,-6.935483870967801,-4.0,3.7100714615489503,0.09401825246227506,7.965805829814502,-4.064516129032199,9.9354838709678,-7.0,7.0,1,1,-6.064516129032199,,-9.0,,1,0,,,,,0,0,q3,mid1,mid_high
-2,35800,INTARIAN_PEPPER_ROOT,10028.0,17.0,,,,,10041.0,8.0,,,,,10034.5,0.0,prices_round_1_day_-2.csv,False,13.0,0.36,10036.84,10036.84,2.775483870967946,-2.5,3.7143361688556213,0.10150837988826857,7.96357716738941,-8.840000000000146,4.1599999999998545,-6.5,6.5,1,1,,,,,0,0,,,,,0,0,q3,tight,mid_high
-2,35900,INTARIAN_PEPPER_ROOT,10030.0,10.0,10028.0,22.0,,,10044.0,22.0,,,,,10037.0,0.0,prices_round_1_day_-2.csv,False,14.0,-0.375,10034.375,10034.375,-2.4650000000001455,2.5,3.6175371032732824,0.09435933147632312,7.959680631087708,-4.375,9.625,-7.0,7.0,1,1,-6.375,,-9.0,,1,0,,,,,0,0,q3,mid1,mid_high
-2,36000,INTARIAN_PEPPER_ROOT,10030.0,8.0,10028.0,19.0,,,10042.0,8.0,,,,,10036.0,0.0,prices_round_1_day_-2.csv,False,12.0,0.0,10036.0,10036.0,1.625,-1.0,3.5526236280442713,0.09861111111111111,7.9440167655674525,-6.0,6.0,-6.0,6.0,1,1,-8.0,,-8.0,,1,0,,,,,0,0,q3,tight,mid_high
-2,36100,INTARIAN_PEPPER_ROOT,10031.0,8.0,10028.0,22.0,,,10042.0,8.0,,,,,10036.5,0.0,prices_round_1_day_-2.csv,False,11.0,0.0,10036.5,10036.5,0.5,0.5,3.475807342669436,0.0997229916897507,7.922396348839802,-5.5,5.5,-5.5,5.5,1,1,-8.5,,-8.5,,1,0,,,,,0,0,q3,tight,mid_high
-2,36200,INTARIAN_PEPPER_ROOT,10031.0,10.0,10028.0,18.0,,,10042.0,10.0,10044.0,18.0,,,10036.5,0.0,prices_round_1_day_-2.csv,False,11.0,0.0,10036.5,10036.5,0.0,0.0,3.475807342669436,0.09944751381215469,7.900478124060727,-5.5,5.5,-5.5,5.5,1,1,-8.5,7.5,-8.5,7.5,1,1,,,,,0,0,q3,tight,mid_high
-2,36300,INTARIAN_PEPPER_ROOT,10031.0,8.0,10028.0,22.0,,,10042.0,8.0,10044.0,22.0,,,10036.5,0.0,prices_round_1_day_-2.csv,False,11.0,0.0,10036.5,10036.5,0.0,0.0,3.1075306736115094,0.09917355371900827,7.878680843506286,-5.5,5.5,-5.5,5.5,1,1,-8.5,7.5,-8.5,7.5,1,1,,,,,0,0,q2,tight,mid_high
-2,36400,INTARIAN_PEPPER_ROOT,10031.0,9.0,10028.0,20.0,,,10042.0,9.0,10044.0,20.0,,,10036.5,0.0,prices_round_1_day_-2.csv,False,11.0,0.0,10036.5,10036.5,0.0,0.0,3.0048790171726654,0.0989010989010989,7.857003508878017,-5.5,5.5,-5.5,5.5,1,1,-8.5,7.5,-8.5,7.5,1,1,,,,,0,0,q2,tight,mid_high
-2,36500,INTARIAN_PEPPER_ROOT,10031.0,11.0,10028.0,20.0,,,10042.0,11.0,10045.0,20.0,,,10036.5,0.0,prices_round_1_day_-2.csv,False,11.0,0.0,10036.5,10036.5,0.0,0.0,3.0048790171726654,0.09863013698630137,7.835445132834211,-5.5,5.5,-5.5,5.5,1,1,-8.5,8.5,-8.5,8.5,1,1,,,,,0,0,q2,tight,mid_high
-2,36600,INTARIAN_PEPPER_ROOT,10031.0,9.0,10029.0,15.0,,,10042.0,9.0,,,,,10036.5,0.0,prices_round_1_day_-2.csv,False,11.0,0.0,10036.5,10036.5,0.0,0.0,3.0048790171726654,0.09836065573770492,7.814004738840007,-5.5,5.5,-5.5,5.5,1,1,-7.5,,-7.5,,1,0,,,,,0,0,q2,tight,mid_high
-2,36700,INTARIAN_PEPPER_ROOT,10029.0,25.0,,,,,10042.0,11.0,10045.0,25.0,,,10035.5,0.0,prices_round_1_day_-2.csv,False,13.0,0.3888888888888889,10038.027777777777,10038.027777777777,1.5277777777773736,-1.0,3.011601596982173,0.10225552528004735,7.798222392328335,-9.027777777777374,3.9722222222226264,-6.5,6.5,1,1,,6.972222222222626,,9.5,0,1,,,,,0,0,q2,tight,mid_high
-2,36800,INTARIAN_PEPPER_ROOT,10031.0,11.0,10029.0,16.0,,,10042.0,11.0,10045.0,16.0,,,10036.5,0.0,prices_round_1_day_-2.csv,False,11.0,0.0,10036.5,10036.5,-1.5277777777773736,1.0,3.020689904171185,0.09782608695652174,7.784193961932604,-5.5,5.5,-5.5,5.5,1,1,-7.5,8.5,-7.5,8.5,1,1,,,,,0,0,q2,tight,mid_high
-2,36900,INTARIAN_PEPPER_ROOT,10031.0,12.0,10029.0,16.0,,,10042.0,12.0,,,,,10036.5,0.0,prices_round_1_day_-2.csv,False,11.0,0.0,10036.5,10036.5,0.0,0.0,3.020689904171185,0.0975609756097561,7.763067195754754,-5.5,5.5,-5.5,5.5,1,1,-7.5,,-7.5,,1,0,,,,,0,0,q2,tight,mid_high
-2,37000,INTARIAN_PEPPER_ROOT,10031.0,8.0,10029.0,20.0,,,10043.0,8.0,,,,,10037.0,0.0,prices_round_1_day_-2.csv,False,12.0,0.0,10037.0,10037.0,0.5,0.5,3.020689904171185,0.09864864864864865,7.742466795349661,-6.0,6.0,-6.0,6.0,1,1,-8.0,,-8.0,,1,0,,,,,0,0,q2,tight,mid_high
-2,37100,INTARIAN_PEPPER_ROOT,10029.0,23.0,,,,,10043.0,10.0,10045.0,23.0,,,10036.0,0.0,prices_round_1_day_-2.csv,False,14.0,0.3939393939393939,10038.757575757576,10038.757575757576,1.757575757575978,-1.0,3.0293116845227166,0.1031201502899622,7.728959104706672,-9.757575757575978,4.242424242424022,-7.0,7.0,1,1,,6.242424242424022,,9.0,0,1,,,,,0,0,q2,mid1,mid_high
-2,37200,INTARIAN_PEPPER_ROOT,10029.0,16.0,,,,,10043.0,10.0,,,,,10036.0,0.0,prices_round_1_day_-2.csv,False,14.0,0.23076923076923078,10037.615384615385,10037.615384615385,-1.1421911421912228,0.0,3.034576719010873,0.0997725392886687,7.7122951486222835,-8.615384615384755,5.384615384615245,-7.0,7.0,1,1,,,,,0,0,,,,,0,0,q2,mid1,mid_high
-2,37300,INTARIAN_PEPPER_ROOT,10032.0,8.0,10029.0,17.0,,,10043.0,8.0,10045.0,17.0,,,10037.5,0.0,prices_round_1_day_-2.csv,False,11.0,0.0,10037.5,10037.5,-0.1153846153847553,1.5,3.0304639310056785,0.09919571045576407,7.691687281266731,-5.5,5.5,-5.5,5.5,1,1,-8.5,7.5,-8.5,7.5,1,1,,,,,0,0,q2,tight,mid_high
-2,37400,INTARIAN_PEPPER_ROOT,10032.0,8.0,10029.0,19.0,,,10043.0,8.0,10045.0,19.0,,,10037.5,0.0,prices_round_1_day_-2.csv,False,11.0,0.0,10037.5,10037.5,0.0,0.0,2.88644467029605,0.09893048128342247,7.67109244533673,-5.5,5.5,-5.5,5.5,1,1,-8.5,7.5,-8.5,7.5,1,1,,,,,0,0,q2,tight,mid_high
-2,37500,INTARIAN_PEPPER_ROOT,10032.0,10.0,10029.0,23.0,,,10043.0,10.0,10046.0,23.0,,,10037.5,0.0,prices_round_1_day_-2.csv,False,11.0,0.0,10037.5,10037.5,0.0,0.0,2.7756285513534826,0.09866666666666667,7.6506076022765255,-5.5,5.5,-5.5,5.5,1,1,-8.5,8.5,-8.5,8.5,1,1,,,,,0,0,q2,tight,mid_high
-2,37600,INTARIAN_PEPPER_ROOT,10032.0,10.0,10030.0,22.0,,,10043.0,10.0,,,,,10037.5,0.0,prices_round_1_day_-2.csv,False,11.0,0.0,10037.5,10037.5,0.0,0.0,2.7756285513534826,0.09840425531914894,7.630231873256743,-5.5,5.5,-5.5,5.5,1,1,-7.5,,-7.5,,1,0,,,,,0,0,q2,tight,mid_high
-2,37700,INTARIAN_PEPPER_ROOT,,,,,,,10043.0,12.0,10046.0,16.0,,,10043.0,0.0,prices_round_1_day_-2.csv,True,,-1.0,,10043.0,5.5,5.5,2.878656783205806,0.11273209549071618,7.6873319038822645,,0.0,,0.0,0,1,,3.0,,3.0,0,1,,,,,0,0,q2,mid1,mid_high
-2,37800,INTARIAN_PEPPER_ROOT,10032.0,8.0,,,,,10043.0,8.0,10046.0,18.0,,,10037.5,0.0,prices_round_1_day_-2.csv,False,11.0,0.0,10037.5,10037.5,-5.5,-5.5,2.989783893969538,0.09788359788359788,7.750281742165501,-5.5,5.5,-5.5,5.5,1,1,,8.5,,8.5,0,1,,,,,0,0,q2,tight,mid_high
-2,37900,INTARIAN_PEPPER_ROOT,10040.0,4.0,10032.0,12.0,10030.0,24.0,10043.0,12.0,10046.0,24.0,,,10041.5,0.0,prices_round_1_day_-2.csv,False,3.0,-0.5,10040.75,10040.75,3.25,4.0,3.019391395514383,0.10620052770448549,7.755994282216881,-0.75,2.25,-1.5,1.5,1,1,-8.75,5.25,-9.5,4.5,1,1,-10.75,,-11.5,,1,0,q2,tight,mid_high
-2,38000,INTARIAN_PEPPER_ROOT,10032.0,12.0,10030.0,21.0,,,10044.0,12.0,10046.0,21.0,,,10038.0,0.0,prices_round_1_day_-2.csv,False,12.0,0.0,10038.0,10038.0,-2.75,-3.5,3.042737612263674,0.09868421052631579,7.7569980264468334,-6.0,6.0,-6.0,6.0,1,1,-8.0,8.0,-8.0,8.0,1,1,,,,,0,0,q2,tight,mid_high
-2,38100,INTARIAN_PEPPER_ROOT,10030.0,22.0,,,,,10044.0,9.0,10046.0,22.0,,,10037.0,0.0,prices_round_1_day_-2.csv,False,14.0,0.41935483870967744,10039.935483870968,10039.935483870968,1.9354838709678006,-1.0,3.053342582698993,0.10350520701041417,7.745440078450639,-9.9354838709678,4.064516129032199,-7.0,7.0,1,1,,6.064516129032199,,9.0,0,1,,,,,0,0,q2,mid1,mid_high
-2,38200,INTARIAN_PEPPER_ROOT,10033.0,10.0,10030.0,17.0,,,10044.0,10.0,10046.0,17.0,,,10038.5,0.0,prices_round_1_day_-2.csv,False,11.0,0.0,10038.5,10038.5,-1.4354838709678006,1.5,3.0613158049883546,0.09947643979057591,7.731311068148635,-5.5,5.5,-5.5,5.5,1,1,-8.5,7.5,-8.5,7.5,1,1,,,,,0,0,q2,tight,mid_high
-2,38300,INTARIAN_PEPPER_ROOT,10030.0,16.0,,,,,10044.0,10.0,10046.0,16.0,,,10037.0,0.0,prices_round_1_day_-2.csv,False,14.0,0.23076923076923078,10038.615384615385,10038.615384615385,0.1153846153847553,-1.5,3.058661144555923,0.09951797549708813,7.711072694696135,-8.615384615384755,5.384615384615245,-7.0,7.0,1,1,,7.384615384615245,,9.0,0,1,,,,,0,0,q2,mid1,mid_high
-2,38400,INTARIAN_PEPPER_ROOT,10030.0,22.0,,,,,10044.0,9.0,,,,,10037.0,0.0,prices_round_1_day_-2.csv,False,14.0,0.41935483870967744,10039.935483870968,10039.935483870968,1.3200992555830453,0.0,3.059620927815356,0.10269657258064531,7.694819081720947,-9.9354838709678,4.064516129032199,-7.0,7.0,1,1,,,,,0,0,,,,,0,0,q2,mid1,mid_high
-2,38500,INTARIAN_PEPPER_ROOT,10033.0,9.0,,,,,10044.0,9.0,10047.0,25.0,,,10038.5,0.0,prices_round_1_day_-2.csv,False,11.0,0.0,10038.5,10038.5,-1.4354838709678006,1.5,3.0675778315267306,0.0987012987012987,7.680925942510129,-5.5,5.5,-5.5,5.5,1,1,,8.5,,8.5,0,1,,,,,0,0,q2,tight,mid_high
-2,38600,INTARIAN_PEPPER_ROOT,10033.0,9.0,10031.0,23.0,,,10047.0,23.0,,,,,10040.0,0.0,prices_round_1_day_-2.csv,False,14.0,-0.4375,10036.9375,10036.9375,-1.5625,1.5,3.076562924514083,0.09439766839378239,7.668124681772572,-3.9375,10.0625,-7.0,7.0,1,1,-5.9375,,-9.0,,1,0,,,,,0,0,q2,mid1,mid_high
-2,38700,INTARIAN_PEPPER_ROOT,10033.0,12.0,,,,,10044.0,12.0,10047.0,21.0,,,10038.5,0.0,prices_round_1_day_-2.csv,False,11.0,0.0,10038.5,10038.5,1.5625,-1.5,3.080880692969293,0.09819121447028424,7.653828387628674,-5.5,5.5,-5.5,5.5,1,1,,8.5,,8.5,0,1,,,,,0,0,q2,tight,mid_high
-2,38800,INTARIAN_PEPPER_ROOT,10033.0,8.0,10031.0,19.0,,,10044.0,8.0,10047.0,19.0,,,10038.5,0.0,prices_round_1_day_-2.csv,False,11.0,0.0,10038.5,10038.5,0.0,0.0,3.079178188407787,0.0979381443298969,7.634075902558147,-5.5,5.5,-5.5,5.5,1,1,-7.5,8.5,-7.5,8.5,1,1,,,,,0,0,q2,tight,mid_high
-2,38900,INTARIAN_PEPPER_ROOT,10033.0,10.0,10031.0,16.0,,,10044.0,10.0,10047.0,16.0,,,10038.5,0.0,prices_round_1_day_-2.csv,False,11.0,0.0,10038.5,10038.5,0.0,0.0,2.8774655000054064,0.09768637532133675,7.614425106990536,-5.5,5.5,-5.5,5.5,1,1,-7.5,8.5,-7.5,8.5,1,1,,,,,0,0,q2,tight,mid_high
-2,39000,INTARIAN_PEPPER_ROOT,10033.0,12.0,10031.0,24.0,,,10045.0,12.0,10047.0,24.0,,,10039.0,0.0,prices_round_1_day_-2.csv,False,12.0,0.0,10039.0,10039.0,0.5,0.5,2.6518594842354535,0.09871794871794871,7.595265765421331,-6.0,6.0,-6.0,6.0,1,1,-8.0,8.0,-8.0,8.0,1,1,,,,,0,0,q1,tight,mid_high
-2,39100,INTARIAN_PEPPER_ROOT,10034.0,12.0,10031.0,20.0,,,10045.0,12.0,10047.0,20.0,,,10039.5,0.0,prices_round_1_day_-2.csv,False,11.0,0.0,10039.5,10039.5,0.5,0.5,2.548030762166315,0.09974424552429667,7.576202559484849,-5.5,5.5,-5.5,5.5,1,1,-8.5,7.5,-8.5,7.5,1,1,,,,,0,0,q1,tight,mid_high
-2,39200,INTARIAN_PEPPER_ROOT,10034.0,10.0,10031.0,25.0,,,,,,,,,10034.0,0.0,prices_round_1_day_-2.csv,True,,1.0,,10034.0,-5.5,-5.5,2.5568259080605245,0.08545918367346939,7.636818775246745,0.0,,0.0,,1,0,-3.0,,-3.0,,1,0,,,,,0,0,q1,mid1,mid_high
-2,39300,INTARIAN_PEPPER_ROOT,10037.0,10.0,10034.0,12.0,10031.0,17.0,10045.0,12.0,10047.0,17.0,,,10041.0,0.0,prices_round_1_day_-2.csv,False,8.0,-0.09090909090909091,10040.636363636364,10040.636363636364,6.636363636363967,7.0,2.611273833422938,0.1021281517464732,7.7265339118688425,-3.636363636363967,4.363636363636033,-4.0,4.0,1,1,-6.636363636363967,6.363636363636033,-7.0,6.0,1,1,-9.636363636363967,,-10.0,,1,0,q1,tight,mid_high
-2,39400,INTARIAN_PEPPER_ROOT,10034.0,11.0,,,,,10045.0,11.0,10047.0,25.0,,,10039.5,0.0,prices_round_1_day_-2.csv,False,11.0,0.0,10039.5,10039.5,-1.136363636363967,-1.5,2.433663661761995,0.09898477157360407,7.710766570766596,-5.5,5.5,-5.5,5.5,1,1,,7.5,,7.5,0,1,,,,,0,0,q1,tight,mid_high
-2,39500,INTARIAN_PEPPER_ROOT,10034.0,10.0,,,,,10045.0,10.0,10048.0,18.0,,,10039.5,0.0,prices_round_1_day_-2.csv,False,11.0,0.0,10039.5,10039.5,0.0,0.0,2.4246575049652948,0.09873417721518987,7.6912209022620575,-5.5,5.5,-5.5,5.5,1,1,,8.5,,8.5,0,1,,,,,0,0,q1,tight,mid_high
-2,39600,INTARIAN_PEPPER_ROOT,10034.0,11.0,10032.0,22.0,,,10045.0,11.0,,,,,10039.5,0.0,prices_round_1_day_-2.csv,False,11.0,0.0,10039.5,10039.5,0.0,0.0,2.4240084382993654,0.09848484848484848,7.6717740742069225,-5.5,5.5,-5.5,5.5,1,1,-7.5,,-7.5,,1,0,,,,,0,0,q1,tight,mid_high
-2,39700,INTARIAN_PEPPER_ROOT,10034.0,11.0,10032.0,18.0,,,10045.0,11.0,10048.0,18.0,,,10039.5,0.0,prices_round_1_day_-2.csv,False,11.0,0.0,10039.5,10039.5,0.0,0.0,2.4236514387802623,0.0982367758186398,7.652425338751809,-5.5,5.5,-5.5,5.5,1,1,-7.5,8.5,-7.5,8.5,1,1,,,,,0,0,q1,tight,mid_high
-2,39800,INTARIAN_PEPPER_ROOT,10034.0,9.0,10032.0,21.0,,,10048.0,21.0,,,,,10041.0,0.0,prices_round_1_day_-2.csv,False,14.0,-0.4,10038.2,10038.2,-1.2999999999992724,1.5,2.4302575178001287,0.09472361809045408,7.6380619345104055,-4.200000000000728,9.799999999999272,-7.0,7.0,1,1,-6.200000000000728,,-9.0,,1,0,,,,,0,0,q1,mid1,mid_high
-2,39900,INTARIAN_PEPPER_ROOT,10042.0,6.0,10032.0,22.0,,,10045.0,9.0,10048.0,22.0,,,10043.5,0.0,prices_round_1_day_-2.csv,False,3.0,-0.2,10043.2,10043.2,5.0,2.5,2.5268682528873336,0.10701754385965094,7.679175927838779,-1.2000000000007276,1.7999999999992724,-1.5,1.5,1,1,-11.200000000000728,4.799999999999272,-11.5,4.5,1,1,,,,,0,0,q1,tight,mid_high
-2,40000,INTARIAN_PEPPER_ROOT,10034.0,12.0,10032.0,19.0,,,10048.0,19.0,,,,,10041.0,0.0,prices_round_1_day_-2.csv,False,14.0,-0.22580645161290322,10039.41935483871,10039.41935483871,-3.780645161290522,-2.5,2.5871963795360444,0.09729838709677552,7.6977146761543285,-5.4193548387102055,8.580645161289794,-7.0,7.0,1,1,-7.4193548387102055,,-9.0,,1,0,,,,,0,0,q1,mid1,mid_high
-2,40100,INTARIAN_PEPPER_ROOT,10035.0,8.0,10032.0,24.0,,,,,,,,,10035.0,0.0,prices_round_1_day_-2.csv,True,,1.0,,10035.0,-4.4193548387102055,-6.0,2.609101930652425,0.08603491271820449,7.729343597349709,0.0,,0.0,,1,0,-3.0,,-3.0,,1,0,,,,,0,0,q1,mid1,mid_high
-2,40200,INTARIAN_PEPPER_ROOT,10035.0,9.0,10032.0,25.0,,,10046.0,9.0,10048.0,25.0,,,10040.5,0.0,prices_round_1_day_-2.csv,False,11.0,0.0,10040.5,10040.5,5.5,5.5,2.719594597047382,0.09950248756218906,7.782981406299687,-5.5,5.5,-5.5,5.5,1,1,-8.5,7.5,-8.5,7.5,1,1,,,,,0,0,q1,tight,mid_high
-2,40300,INTARIAN_PEPPER_ROOT,10035.0,9.0,,,,,10048.0,20.0,,,,,10041.5,0.0,prices_round_1_day_-2.csv,False,13.0,-0.3793103448275862,10039.034482758621,10039.034482758621,-1.4655172413786204,1.0,2.6831310947319724,0.09561906391717465,7.769698390655542,-4.03448275862138,8.96551724137862,-6.5,6.5,1,1,,,,,0,0,,,,,0,0,q1,tight,mid_high
-2,40400,INTARIAN_PEPPER_ROOT,,,,,,,10046.0,8.0,10048.0,25.0,,,10046.0,0.0,prices_round_1_day_-2.csv,True,,-1.0,,10046.0,6.96551724137862,4.5,2.854103392457014,0.11262376237623763,7.867239288995692,,0.0,,0.0,0,1,,2.0,,2.0,0,1,,,,,0,0,q2,mid1,mid_high
-2,40500,INTARIAN_PEPPER_ROOT,10035.0,10.0,10032.0,18.0,,,10046.0,10.0,,,,,10040.5,0.0,prices_round_1_day_-2.csv,False,11.0,0.0,10040.5,10040.5,-5.5,-5.5,2.9549317648182467,0.09876543209876543,7.925547518241168,-5.5,5.5,-5.5,5.5,1,1,-8.5,,-8.5,,1,0,,,,,0,0,q2,tight,mid_high
-2,40600,INTARIAN_PEPPER_ROOT,10035.0,11.0,10033.0,21.0,,,10046.0,11.0,10049.0,21.0,,,10040.5,0.0,prices_round_1_day_-2.csv,False,11.0,0.0,10040.5,10040.5,0.0,0.0,2.9101693569229083,0.09852216748768473,7.906002291244136,-5.5,5.5,-5.5,5.5,1,1,-7.5,8.5,-7.5,8.5,1,1,,,,,0,0,q2,tight,mid_high
-2,40700,INTARIAN_PEPPER_ROOT,10035.0,12.0,10033.0,22.0,,,10046.0,12.0,10049.0,22.0,,,10040.5,0.0,prices_round_1_day_-2.csv,False,11.0,0.0,10040.5,10040.5,0.0,0.0,2.733245633783222,0.09828009828009827,7.88655322837975,-5.5,5.5,-5.5,5.5,1,1,-7.5,8.5,-7.5,8.5,1,1,,,,,0,0,q1,tight,mid_high
-2,40800,INTARIAN_PEPPER_ROOT,10035.0,9.0,10033.0,24.0,,,10046.0,9.0,10049.0,24.0,,,10040.5,0.0,prices_round_1_day_-2.csv,False,11.0,0.0,10040.5,10040.5,0.0,0.0,2.706447477105569,0.09803921568627451,7.8671996216853355,-5.5,5.5,-5.5,5.5,1,1,-7.5,8.5,-7.5,8.5,1,1,,,,,0,0,q1,tight,mid_high
-2,40900,INTARIAN_PEPPER_ROOT,10035.0,9.0,10033.0,20.0,,,10046.0,9.0,10049.0,20.0,,,10040.5,0.0,prices_round_1_day_-2.csv,False,11.0,0.0,10040.5,10040.5,0.0,0.0,2.6816055724753936,0.097799511002445,7.847940770130599,-5.5,5.5,-5.5,5.5,1,1,-7.5,8.5,-7.5,8.5,1,1,,,,,0,0,q1,tight,mid_high
-2,41000,INTARIAN_PEPPER_ROOT,10035.0,11.0,10033.0,20.0,,,10047.0,11.0,10049.0,20.0,,,10041.0,0.0,prices_round_1_day_-2.csv,False,12.0,0.0,10041.0,10041.0,0.5,0.5,2.673448821165707,0.09878048780487805,7.82914720023786,-6.0,6.0,-6.0,6.0,1,1,-8.0,8.0,-8.0,8.0,1,1,,,,,0,0,q1,tight,mid_high
-2,41100,INTARIAN_PEPPER_ROOT,,,,,,,10049.0,23.0,,,,,10049.0,0.0,prices_round_1_day_-2.csv,True,,-1.0,,10049.0,8.0,8.0,2.897374255940048,0.11800486618004866,7.96194775278939,,0.0,,0.0,0,1,,,,,0,0,,,,,0,0,q2,mid1,mid_high
-2,41200,INTARIAN_PEPPER_ROOT,10033.0,24.0,,,,,10047.0,8.0,10049.0,24.0,,,10040.0,0.0,prices_round_1_day_-2.csv,False,14.0,0.5,10043.5,10043.5,-5.5,-9.0,3.0093022493534507,0.10436893203883495,8.019182361498085,-10.5,3.5,-7.0,7.0,1,1,,5.5,,9.0,0,1,,,,,0,0,q2,mid1,mid_high
-2,41300,INTARIAN_PEPPER_ROOT,10036.0,12.0,,,,,10047.0,12.0,,,,,10041.5,0.0,prices_round_1_day_-2.csv,False,11.0,0.0,10041.5,10041.5,-2.0,1.5,3.0244550913168324,0.09927360774818401,8.01044076877599,-5.5,5.5,-5.5,5.5,1,1,,,,,0,0,,,,,0,0,q2,tight,mid_high
-2,41400,INTARIAN_PEPPER_ROOT,,,,,,,10047.0,11.0,,,,,10047.0,0.0,prices_round_1_day_-2.csv,True,,-1.0,,10047.0,5.5,5.5,3.1192754959766655,0.11231884057971014,8.06149876166205,,0.0,,0.0,0,1,,,,,0,0,,,,,0,0,q2,mid1,mid_high
-2,41500,INTARIAN_PEPPER_ROOT,10036.0,10.0,,,,,10047.0,10.0,10050.0,16.0,,,10041.5,0.0,prices_round_1_day_-2.csv,False,11.0,0.0,10041.5,10041.5,-5.5,-5.5,3.222114597115275,0.09879518072289156,8.117925633438997,-5.5,5.5,-5.5,5.5,1,1,,8.5,,8.5,0,1,,,,,0,0,q2,tight,mid_high
-2,41600,INTARIAN_PEPPER_ROOT,10036.0,9.0,10034.0,21.0,,,10047.0,9.0,10050.0,21.0,,,10041.5,0.0,prices_round_1_day_-2.csv,False,11.0,0.0,10041.5,10041.5,0.0,0.0,3.222114597115275,0.0985576923076923,8.098387829563295,-5.5,5.5,-5.5,5.5,1,1,-7.5,8.5,-7.5,8.5,1,1,,,,,0,0,q2,tight,mid_high
-2,41700,INTARIAN_PEPPER_ROOT,10034.0,17.0,,,,,10047.0,11.0,,,,,10040.5,0.0,prices_round_1_day_-2.csv,False,13.0,0.21428571428571427,10041.892857142857,10041.892857142857,0.392857142856883,-1.0,3.2158426591012645,0.09926344638574792,8.079128254164239,-7.892857142856883,5.107142857143117,-6.5,6.5,1,1,,,,,0,0,,,,,0,0,q2,tight,mid_high
-2,41800,INTARIAN_PEPPER_ROOT,10036.0,11.0,10034.0,16.0,,,10047.0,11.0,10050.0,16.0,,,10041.5,0.0,prices_round_1_day_-2.csv,False,11.0,0.0,10041.5,10041.5,-0.392857142856883,1.0,3.20827872015277,0.09808612440191387,8.060333230269284,-5.5,5.5,-5.5,5.5,1,1,-7.5,8.5,-7.5,8.5,1,1,,,,,0,0,q2,tight,mid_high
-2,41900,INTARIAN_PEPPER_ROOT,10036.0,10.0,10034.0,25.0,,,10047.0,10.0,10050.0,25.0,,,10041.5,0.0,prices_round_1_day_-2.csv,False,11.0,0.0,10041.5,10041.5,0.0,0.0,3.20827872015277,0.09785202863961814,8.041073097963029,-5.5,5.5,-5.5,5.5,1,1,-7.5,8.5,-7.5,8.5,1,1,,,,,0,0,q2,tight,mid_high
-2,42000,INTARIAN_PEPPER_ROOT,10036.0,8.0,10034.0,25.0,,,10048.0,8.0,10050.0,25.0,,,10042.0,0.0,prices_round_1_day_-2.csv,False,12.0,0.0,10042.0,10042.0,0.5,0.5,3.20827872015277,0.0988095238095238,8.02226704745746,-6.0,6.0,-6.0,6.0,1,1,-8.0,8.0,-8.0,8.0,1,1,,,,,0,0,q2,tight,mid_high
-2,42100,INTARIAN_PEPPER_ROOT,,,,,,,10048.0,11.0,,,,,10048.0,0.0,prices_round_1_day_-2.csv,True,,-1.0,,10048.0,6.0,6.0,3.307573388520228,0.11282660332541568,8.085883867773365,,0.0,,0.0,0,1,,,,,0,0,,,,,0,0,q2,mid1,mid_high
-2,42200,INTARIAN_PEPPER_ROOT,10034.0,22.0,,,,,10048.0,12.0,10050.0,22.0,,,10041.0,0.0,prices_round_1_day_-2.csv,False,14.0,0.29411764705882354,10043.058823529413,10043.058823529413,-4.941176470587379,-7.0,3.3814877059933437,0.10085029272372659,8.127205803385602,-9.05882352941262,4.941176470587379,-7.0,7.0,1,1,,6.941176470587379,,9.0,0,1,,,,,0,0,q3,mid1,mid_high
-2,42300,INTARIAN_PEPPER_ROOT,10037.0,11.0,10034.0,17.0,,,10050.0,17.0,,,,,10043.5,0.0,prices_round_1_day_-2.csv,False,13.0,-0.21428571428571427,10042.107142857143,10042.107142857143,-0.9516806722695037,2.5,3.384686353642091,0.09836203985140217,8.110565985057846,-5.107142857143117,7.892857142856883,-6.5,6.5,1,1,-8.107142857143117,,-9.5,,1,0,,,,,0,0,q3,tight,mid_high
-2,42400,INTARIAN_PEPPER_ROOT,10037.0,11.0,10034.0,22.0,,,10050.0,22.0,,,,,10043.5,0.0,prices_round_1_day_-2.csv,False,13.0,-0.3333333333333333,10041.333333333334,10041.333333333334,-0.7738095238091773,0.0,3.3868846425357764,0.09630503144654232,8.093186134436483,-4.33333333333394,8.66666666666606,-6.5,6.5,1,1,-7.33333333333394,,-9.5,,1,0,,,,,0,0,q3,tight,mid_high
-2,42500,INTARIAN_PEPPER_ROOT,10037.0,11.0,10034.0,19.0,,,10051.0,19.0,,,,,10044.0,0.0,prices_round_1_day_-2.csv,False,14.0,-0.26666666666666666,10042.133333333333,10042.133333333333,0.7999999999992724,0.5,3.3884043708630953,0.09796078431372521,8.07526357625103,-5.133333333333212,8.866666666666788,-7.0,7.0,1,1,-8.133333333333212,,-10.0,,1,0,,,,,0,0,q3,mid1,mid_high
-2,42600,INTARIAN_PEPPER_ROOT,10037.0,11.0,10035.0,19.0,,,10051.0,19.0,,,,,10044.0,0.0,prices_round_1_day_-2.csv,False,14.0,-0.26666666666666666,10042.133333333333,10042.133333333333,0.0,0.0,3.3884043708630953,0.09773082942096999,8.056285482633267,-5.133333333333212,8.866666666666788,-7.0,7.0,1,1,-7.133333333333212,,-9.0,,1,0,,,,,0,0,q3,mid1,mid_high
-2,42700,INTARIAN_PEPPER_ROOT,10037.0,8.0,10035.0,19.0,,,10048.0,8.0,10051.0,19.0,,,10042.5,0.0,prices_round_1_day_-2.csv,False,11.0,0.0,10042.5,10042.5,0.36666666666678793,-1.5,3.297778240473618,0.09836065573770492,8.037543397231985,-5.5,5.5,-5.5,5.5,1,1,-7.5,8.5,-7.5,8.5,1,1,,,,,0,0,q2,tight,mid_high
-2,42800,INTARIAN_PEPPER_ROOT,10037.0,10.0,10035.0,22.0,,,10048.0,10.0,10051.0,22.0,,,10042.5,0.0,prices_round_1_day_-2.csv,False,11.0,0.0,10042.5,10042.5,0.0,0.0,3.201232941188353,0.09813084112149532,8.018742715303762,-5.5,5.5,-5.5,5.5,1,1,-7.5,8.5,-7.5,8.5,1,1,,,,,0,0,q2,tight,mid_high
-2,42900,INTARIAN_PEPPER_ROOT,10037.0,11.0,10035.0,25.0,,,10048.0,11.0,10051.0,25.0,,,10042.5,0.0,prices_round_1_day_-2.csv,False,11.0,0.0,10042.5,10042.5,0.0,0.0,3.1687986999638036,0.0979020979020979,8.000029781892339,-5.5,5.5,-5.5,5.5,1,1,-7.5,8.5,-7.5,8.5,1,1,,,,,0,0,q2,tight,mid_high
-2,43000,INTARIAN_PEPPER_ROOT,10037.0,9.0,,,,,10049.0,9.0,10051.0,16.0,,,10043.0,0.0,prices_round_1_day_-2.csv,False,12.0,0.0,10043.0,10043.0,0.5,0.5,3.1437392425870962,0.09883720930232558,7.98175770015492,-6.0,6.0,-6.0,6.0,1,1,,8.0,,8.0,0,1,,,,,0,0,q2,tight,mid_high
-2,43100,INTARIAN_PEPPER_ROOT,10038.0,11.0,10035.0,20.0,,,10049.0,11.0,,,,,10043.5,0.0,prices_round_1_day_-2.csv,False,11.0,0.0,10043.5,10043.5,0.5,0.5,3.1331718020739774,0.09976798143851508,7.963568864092915,-5.5,5.5,-5.5,5.5,1,1,-8.5,,-8.5,,1,0,,,,,0,0,q2,tight,mid_high
-2,43200,INTARIAN_PEPPER_ROOT,10038.0,12.0,10035.0,20.0,,,10049.0,12.0,10051.0,20.0,,,10043.5,0.0,prices_round_1_day_-2.csv,False,11.0,0.0,10043.5,10043.5,0.0,0.0,3.125650995327955,0.09953703703703703,7.945114947028345,-5.5,5.5,-5.5,5.5,1,1,-8.5,7.5,-8.5,7.5,1,1,,,,,0,0,q2,tight,mid_high
-2,43300,INTARIAN_PEPPER_ROOT,10038.0,8.0,10035.0,23.0,,,10049.0,8.0,10051.0,23.0,,,10043.5,0.0,prices_round_1_day_-2.csv,False,11.0,0.0,10043.5,10043.5,0.0,0.0,3.125681999462913,0.09930715935334873,7.926746358587073,-5.5,5.5,-5.5,5.5,1,1,-8.5,7.5,-8.5,7.5,1,1,,,,,0,0,q2,tight,mid_high
-2,43400,INTARIAN_PEPPER_ROOT,10038.0,10.0,10035.0,22.0,,,10049.0,10.0,10051.0,22.0,,,10043.5,0.0,prices_round_1_day_-2.csv,False,11.0,0.0,10043.5,10043.5,0.0,0.0,3.120717218474233,0.09907834101382489,7.908462508309966,-5.5,5.5,-5.5,5.5,1,1,-8.5,7.5,-8.5,7.5,1,1,,,,,0,0,q2,tight,mid_high
-2,43500,INTARIAN_PEPPER_ROOT,10038.0,11.0,10035.0,17.0,,,10052.0,17.0,,,,,10045.0,0.0,prices_round_1_day_-2.csv,False,14.0,-0.21428571428571427,10043.5,10043.5,0.0,1.5,3.1131663240123704,0.09885057471264368,7.890262811173193,-5.5,8.5,-7.0,7.0,1,1,-8.5,,-10.0,,1,0,,,,,0,0,q2,mid1,mid_high
-2,43600,INTARIAN_PEPPER_ROOT,10038.0,8.0,,,,,10049.0,8.0,,,,,10043.5,0.0,prices_round_1_day_-2.csv,False,11.0,0.0,10043.5,10043.5,0.0,-1.5,3.1039661564279997,0.09862385321100918,7.872146687525831,-5.5,5.5,-5.5,5.5,1,1,,,,,0,0,,,,,0,0,q2,tight,mid_high
-2,43700,INTARIAN_PEPPER_ROOT,10038.0,9.0,,,,,10049.0,9.0,,,,,10043.5,0.0,prices_round_1_day_-2.csv,False,11.0,0.0,10043.5,10043.5,0.0,0.0,3.0971204894661133,0.09839816933638444,7.8541135630283145,-5.5,5.5,-5.5,5.5,1,1,,,,,0,0,,,,,0,0,q2,tight,mid_high
-2,43800,INTARIAN_PEPPER_ROOT,10038.0,10.0,10036.0,18.0,,,10049.0,10.0,10052.0,18.0,,,10043.5,0.0,prices_round_1_day_-2.csv,False,11.0,0.0,10043.5,10043.5,0.0,0.0,3.0971204894661133,0.09817351598173515,7.83616286859175,-5.5,5.5,-5.5,5.5,1,1,-7.5,8.5,-7.5,8.5,1,1,,,,,0,0,q2,tight,mid_high
-2,43900,INTARIAN_PEPPER_ROOT,10038.0,12.0,10036.0,15.0,,,10049.0,12.0,10052.0,15.0,,,10043.5,0.0,prices_round_1_day_-2.csv,False,11.0,0.0,10043.5,10043.5,0.0,0.0,3.0971204894661133,0.0979498861047836,7.818294040318045,-5.5,5.5,-5.5,5.5,1,1,-7.5,8.5,-7.5,8.5,1,1,,,,,0,0,q2,tight,mid_high
-2,44000,INTARIAN_PEPPER_ROOT,10038.0,10.0,10036.0,21.0,,,10050.0,10.0,10052.0,21.0,,,10044.0,0.0,prices_round_1_day_-2.csv,False,12.0,0.0,10044.0,10044.0,0.5,0.5,3.0971204894661133,0.09886363636363636,7.8008520878815295,-6.0,6.0,-6.0,6.0,1,1,-8.0,8.0,-8.0,8.0,1,1,,,,,0,0,q2,tight,mid_high
-2,44100,INTARIAN_PEPPER_ROOT,10039.0,10.0,10036.0,18.0,,,10052.0,18.0,,,,,10045.5,0.0,prices_round_1_day_-2.csv,False,13.0,-0.2857142857142857,10043.642857142857,10043.642857142857,-0.357142857143117,1.5,3.097233448535262,0.09782960803368908,7.783594402223815,-4.642857142856883,8.357142857143117,-6.5,6.5,1,1,-7.642857142856883,,-9.5,,1,0,,,,,0,0,q2,tight,mid_high
-2,44200,INTARIAN_PEPPER_ROOT,10039.0,12.0,10036.0,22.0,,,10050.0,12.0,10052.0,22.0,,,10044.5,0.0,prices_round_1_day_-2.csv,False,11.0,0.0,10044.5,10044.5,0.857142857143117,-1.0,2.9920740737762284,0.09954751131221719,7.767248955015944,-5.5,5.5,-5.5,5.5,1,1,-8.5,7.5,-8.5,7.5,1,1,,,,,0,0,q2,tight,mid_high
-2,44300,INTARIAN_PEPPER_ROOT,10036.0,16.0,,,,,10050.0,9.0,10052.0,16.0,,,10043.0,0.0,prices_round_1_day_-2.csv,False,14.0,0.28,10044.96,10044.96,0.4599999999991269,-1.5,2.845240411430691,0.10036117381489645,7.749969280253299,-8.959999999999127,5.040000000000873,-7.0,7.0,1,1,,7.040000000000873,,9.0,0,1,,,,,0,0,q2,mid1,mid_high
-2,44400,INTARIAN_PEPPER_ROOT,10039.0,8.0,,,,,10052.0,25.0,,,,,10045.5,0.0,prices_round_1_day_-2.csv,False,13.0,-0.5151515151515151,10042.151515151516,10042.151515151516,-2.8084848484832037,2.5,2.8696291012180213,0.09380971880972054,7.751532166771028,-3.151515151515923,9.848484848484077,-6.5,6.5,1,1,,,,,0,0,,,,,0,0,q2,tight,mid_high
-2,44500,INTARIAN_PEPPER_ROOT,10036.0,21.0,,,,,10053.0,21.0,,,,,10044.5,0.0,prices_round_1_day_-2.csv,False,17.0,0.0,10044.5,10044.5,2.348484848484077,-1.0,2.887905036473791,0.09887640449438202,7.745497491193096,-8.5,8.5,-8.5,8.5,1,1,,,,,0,0,,,,,0,0,q2,mid2,mid_high
-2,44600,INTARIAN_PEPPER_ROOT,10037.0,20.0,,,,,10050.0,12.0,10053.0,20.0,,,10043.5,0.0,prices_round_1_day_-2.csv,False,13.0,0.25,10045.125,10045.125,0.625,-1.0,2.888815843781414,0.10005605381165919,7.728712520193578,-8.125,4.875,-6.5,6.5,1,1,,7.875,,9.5,0,1,,,,,0,0,q2,tight,mid_high
-2,44700,INTARIAN_PEPPER_ROOT,10039.0,10.0,10037.0,21.0,,,,,,,,,10039.0,0.0,prices_round_1_day_-2.csv,True,,1.0,,10039.0,-6.125,-4.5,3.020545394342307,0.08612975391498881,7.798075565833543,0.0,,0.0,,1,0,-2.0,,-2.0,,1,0,,,,,0,0,q2,mid1,mid_high
-2,44800,INTARIAN_PEPPER_ROOT,10039.0,12.0,10037.0,15.0,,,10050.0,12.0,10053.0,15.0,,,10044.5,0.0,prices_round_1_day_-2.csv,False,11.0,0.0,10044.5,10044.5,5.5,5.5,3.112949351171014,0.09821428571428571,7.846054293771943,-5.5,5.5,-5.5,5.5,1,1,-7.5,8.5,-7.5,8.5,1,1,,,,,0,0,q2,tight,mid_high
-2,44900,INTARIAN_PEPPER_ROOT,10037.0,18.0,,,,,10050.0,12.0,10053.0,18.0,,,10043.5,0.0,prices_round_1_day_-2.csv,False,13.0,0.2,10044.8,10044.8,0.2999999999992724,-1.0,3.0326954047609305,0.09866369710467544,7.828631464521763,-7.799999999999272,5.200000000000728,-6.5,6.5,1,1,,8.200000000000728,,9.5,0,1,,,,,0,0,q2,tight,mid_high
-2,45000,INTARIAN_PEPPER_ROOT,10039.0,11.0,10037.0,24.0,,,10051.0,11.0,10053.0,24.0,,,10045.0,0.0,prices_round_1_day_-2.csv,False,12.0,0.0,10045.0,10045.0,0.2000000000007276,1.5,2.982396925501952,0.09888888888888889,7.811218579803856,-6.0,6.0,-6.0,6.0,1,1,-8.0,8.0,-8.0,8.0,1,1,,,,,0,0,q2,tight,mid_high
-2,45100,INTARIAN_PEPPER_ROOT,10048.0,4.0,10040.0,12.0,10037.0,17.0,10051.0,12.0,,,,,10049.5,0.0,prices_round_1_day_-2.csv,False,3.0,-0.5,10048.75,10048.75,3.75,4.5,2.9527341340707642,0.10698447893569844,7.823418215064088,-0.75,2.25,-1.5,1.5,1,1,-8.75,,-9.5,,1,0,-11.75,,-12.5,,1,0,q2,tight,mid_high
-2,45200,INTARIAN_PEPPER_ROOT,10040.0,10.0,10037.0,22.0,,,10051.0,10.0,10053.0,22.0,,,10045.5,0.0,prices_round_1_day_-2.csv,False,11.0,0.0,10045.5,10045.5,-3.25,-4.0,2.8954822461785525,0.09955752212389381,7.831003568496478,-5.5,5.5,-5.5,5.5,1,1,-8.5,7.5,-8.5,7.5,1,1,,,,,0,0,q2,tight,mid_high
-2,45300,INTARIAN_PEPPER_ROOT,10037.0,21.0,,,,,10051.0,10.0,,,,,10044.0,0.0,prices_round_1_day_-2.csv,False,14.0,0.3548387096774194,10046.483870967742,10046.483870967742,0.9838709677424049,-1.5,2.889168541015928,0.1015096489354137,7.815404631349616,-9.483870967742405,4.516129032257595,-7.0,7.0,1,1,,,,,0,0,,,,,0,0,q2,mid1,mid_high
-2,45400,INTARIAN_PEPPER_ROOT,10040.0,8.0,10037.0,24.0,,,10051.0,8.0,10053.0,24.0,,,10045.5,0.0,prices_round_1_day_-2.csv,False,11.0,0.0,10045.5,10045.5,-0.9838709677424049,1.5,2.720188646656085,0.09911894273127753,7.80074690866868,-5.5,5.5,-5.5,5.5,1,1,-8.5,7.5,-8.5,7.5,1,1,,,,,0,0,q1,tight,mid_high
-2,45500,INTARIAN_PEPPER_ROOT,10040.0,9.0,10037.0,21.0,,,10051.0,9.0,,,,,10045.5,0.0,prices_round_1_day_-2.csv,False,11.0,0.0,10045.5,10045.5,0.0,0.0,2.602302306382721,0.0989010989010989,7.783586239205441,-5.5,5.5,-5.5,5.5,1,1,-8.5,,-8.5,,1,0,,,,,0,0,q1,tight,mid_high
-2,45600,INTARIAN_PEPPER_ROOT,10038.0,24.0,,,,,10051.0,9.0,10054.0,24.0,,,10044.5,0.0,prices_round_1_day_-2.csv,False,13.0,0.45454545454545453,10047.454545454546,10047.454545454546,1.9545454545459506,-1.0,2.615416700247474,0.10297049441786393,7.7740308070837045,-9.45454545454595,3.5454545454540494,-6.5,6.5,1,1,,6.545454545454049,,9.5,0,1,,,,,0,0,q1,tight,mid_high
-2,45700,INTARIAN_PEPPER_ROOT,10040.0,9.0,,,,,10051.0,9.0,10054.0,21.0,,,10045.5,0.0,prices_round_1_day_-2.csv,False,11.0,0.0,10045.5,10045.5,-1.9545454545459506,1.0,2.6320915221363834,0.09846827133479212,7.766245889709489,-5.5,5.5,-5.5,5.5,1,1,,8.5,,8.5,0,1,,,,,0,0,q1,tight,mid_high
-2,45800,INTARIAN_PEPPER_ROOT,10040.0,12.0,10038.0,15.0,,,10051.0,12.0,10054.0,15.0,,,10045.5,0.0,prices_round_1_day_-2.csv,False,11.0,0.0,10045.5,10045.5,0.0,0.0,2.6320915221363834,0.0982532751091703,7.749273086515711,-5.5,5.5,-5.5,5.5,1,1,-7.5,8.5,-7.5,8.5,1,1,,,,,0,0,q1,tight,mid_high
-2,45900,INTARIAN_PEPPER_ROOT,10038.0,16.0,,,,,10051.0,8.0,10054.0,16.0,,,10044.5,0.0,prices_round_1_day_-2.csv,False,13.0,0.3333333333333333,10046.666666666666,10046.666666666666,1.1666666666660603,-1.0,2.636354698890594,0.10058097312999141,7.734840220020089,-8.66666666666606,4.33333333333394,-6.5,6.5,1,1,,7.33333333333394,,9.5,0,1,,,,,0,0,q1,tight,mid_high
-2,46000,INTARIAN_PEPPER_ROOT,10038.0,15.0,,,,,10052.0,9.0,10054.0,15.0,,,10045.0,0.0,prices_round_1_day_-2.csv,False,14.0,0.25,10046.75,10046.75,0.08333333333393966,0.5,2.6357982519330134,0.10054347826086957,7.717989362970766,-8.75,5.25,-7.0,7.0,1,1,,7.25,,9.0,0,1,,,,,0,0,q1,mid1,mid_high
-2,46100,INTARIAN_PEPPER_ROOT,10041.0,11.0,10038.0,23.0,,,10052.0,11.0,10054.0,23.0,,,10046.5,0.0,prices_round_1_day_-2.csv,False,11.0,0.0,10046.5,10046.5,-0.25,1.5,2.3777151561254426,0.09978308026030369,7.701477677785158,-5.5,5.5,-5.5,5.5,1,1,-8.5,7.5,-8.5,7.5,1,1,,,,,0,0,q1,tight,mid_high
-2,46200,INTARIAN_PEPPER_ROOT,10041.0,9.0,10038.0,22.0,,,,,,,,,10041.0,0.0,prices_round_1_day_-2.csv,True,,1.0,,10041.0,-5.5,-5.5,2.3777151561254426,0.08766233766233766,7.752645181774018,0.0,,0.0,,1,0,-3.0,,-3.0,,1,0,,,,,0,0,q1,mid1,mid_high
-2,46300,INTARIAN_PEPPER_ROOT,10041.0,10.0,,,,,10052.0,10.0,10054.0,21.0,,,10046.5,0.0,prices_round_1_day_-2.csv,False,11.0,0.0,10046.5,10046.5,5.5,5.5,2.486280472544969,0.09935205183585313,7.799133244780731,-5.5,5.5,-5.5,5.5,1,1,,7.5,,7.5,0,1,,,,,0,0,q1,tight,mid_high
-2,46400,INTARIAN_PEPPER_ROOT,10049.0,4.0,10041.0,8.0,10038.0,19.0,10052.0,8.0,10054.0,19.0,,,10050.5,0.0,prices_round_1_day_-2.csv,False,3.0,-0.3333333333333333,10050.0,10050.0,3.5,4.0,2.4126280819114707,0.10668103448275862,7.807211754354752,-1.0,2.0,-1.5,1.5,1,1,-9.0,4.0,-9.5,3.5,1,1,-12.0,,-12.5,,1,0,q1,tight,mid_high
-2,46500,INTARIAN_PEPPER_ROOT,10041.0,8.0,10038.0,21.0,,,10052.0,8.0,,,,,10046.5,0.0,prices_round_1_day_-2.csv,False,11.0,0.0,10046.5,10046.5,-3.5,-4.0,2.333858759781194,0.0989247311827957,7.818360378962797,-5.5,5.5,-5.5,5.5,1,1,-8.5,,-8.5,,1,0,,,,,0,0,q1,tight,mid_high
-2,46600,INTARIAN_PEPPER_ROOT,10041.0,8.0,,,,,10052.0,8.0,10055.0,21.0,,,10046.5,0.0,prices_round_1_day_-2.csv,False,11.0,0.0,10046.5,10046.5,0.0,0.0,2.333858759781194,0.09871244635193133,7.801567700948296,-5.5,5.5,-5.5,5.5,1,1,,8.5,,8.5,0,1,,,,,0,0,q1,tight,mid_high
-2,46700,INTARIAN_PEPPER_ROOT,,,,,,,10052.0,11.0,10055.0,19.0,,,10052.0,0.0,prices_round_1_day_-2.csv,True,,-1.0,,10052.0,5.5,5.5,2.4555248632602558,0.11027837259100642,7.847297032799806,,0.0,,0.0,0,1,,3.0,,3.0,0,1,,,,,0,0,q1,mid1,mid_high
-2,46800,INTARIAN_PEPPER_ROOT,10041.0,10.0,10039.0,25.0,,,10052.0,10.0,10055.0,25.0,,,10046.5,0.0,prices_round_1_day_-2.csv,False,11.0,0.0,10046.5,10046.5,-5.5,-5.5,2.5836584777403355,0.09829059829059829,7.897748149789677,-5.5,5.5,-5.5,5.5,1,1,-7.5,8.5,-7.5,8.5,1,1,,,,,0,0,q1,tight,mid_high
-2,46900,INTARIAN_PEPPER_ROOT,10041.0,12.0,,,,,10052.0,12.0,10055.0,25.0,,,10046.5,0.0,prices_round_1_day_-2.csv,False,11.0,0.0,10046.5,10046.5,0.0,0.0,2.5836584777403355,0.09808102345415778,7.880893218791143,-5.5,5.5,-5.5,5.5,1,1,,8.5,,8.5,0,1,,,,,0,0,q1,tight,mid_high
-2,47000,INTARIAN_PEPPER_ROOT,10041.0,12.0,10039.0,22.0,,,10053.0,12.0,10055.0,22.0,,,10047.0,0.0,prices_round_1_day_-2.csv,False,12.0,0.0,10047.0,10047.0,0.5,0.5,2.5836584777403355,0.09893617021276596,7.864433308226551,-6.0,6.0,-6.0,6.0,1,1,-8.0,8.0,-8.0,8.0,1,1,,,,,0,0,q1,tight,mid_high
-2,47100,INTARIAN_PEPPER_ROOT,10042.0,9.0,10039.0,20.0,,,10053.0,9.0,10055.0,20.0,,,10047.5,0.0,prices_round_1_day_-2.csv,False,11.0,0.0,10047.5,10047.5,0.5,0.5,2.440451051277436,0.09978768577494693,7.8480419834930295,-5.5,5.5,-5.5,5.5,1,1,-8.5,7.5,-8.5,7.5,1,1,,,,,0,0,q1,tight,mid_high
-2,47200,INTARIAN_PEPPER_ROOT,10042.0,12.0,10039.0,18.0,,,10053.0,12.0,,,,,10047.5,0.0,prices_round_1_day_-2.csv,False,11.0,0.0,10047.5,10047.5,0.0,0.0,2.33443415976685,0.09957627118644068,7.831400570546462,-5.5,5.5,-5.5,5.5,1,1,-8.5,,-8.5,,1,0,,,,,0,0,q1,tight,mid_high
-2,47300,INTARIAN_PEPPER_ROOT,10039.0,25.0,,,,,10053.0,10.0,10055.0,25.0,,,10046.0,0.0,prices_round_1_day_-2.csv,False,14.0,0.42857142857142855,10049.0,10049.0,1.5,-1.5,2.337878485097824,0.10253699788583509,7.818954892109499,-10.0,4.0,-7.0,7.0,1,1,,6.0,,9.0,0,1,,,,,0,0,q1,mid1,mid_high
-2,47400,INTARIAN_PEPPER_ROOT,10039.0,21.0,,,,,10053.0,12.0,,,,,10046.0,0.0,prices_round_1_day_-2.csv,False,14.0,0.2727272727272727,10047.90909090909,10047.90909090909,-1.0909090909099177,0.0,2.3408302819966273,0.10001917913310145,7.805429213026644,-8.909090909090082,5.090909090909918,-7.0,7.0,1,1,,,,,0,0,,,,,0,0,q1,mid1,mid_high
-2,47500,INTARIAN_PEPPER_ROOT,10042.0,11.0,10039.0,25.0,,,10056.0,25.0,,,,,10049.0,0.0,prices_round_1_day_-2.csv,False,14.0,-0.3888888888888889,10046.277777777777,10046.277777777777,-1.6313131313127087,3.0,2.351887214157432,0.0963742690058471,7.7952726134601775,-4.277777777777374,9.722222222222626,-7.0,7.0,1,1,-7.277777777777374,,-10.0,,1,0,,,,,0,0,q1,mid1,mid_high
-2,47600,INTARIAN_PEPPER_ROOT,10040.0,23.0,,,,,10053.0,10.0,10056.0,23.0,,,10046.5,0.0,prices_round_1_day_-2.csv,False,13.0,0.3939393939393939,10049.060606060606,10049.060606060606,2.782828282828632,-2.5,2.382612266604577,0.10201807995925631,7.794023351810357,-9.060606060606005,3.9393939393939945,-6.5,6.5,1,1,,6.9393939393939945,,9.5,0,1,,,,,0,0,q1,tight,mid_high
-2,47700,INTARIAN_PEPPER_ROOT,10042.0,8.0,10040.0,23.0,,,10056.0,23.0,,,,,10049.0,0.0,prices_round_1_day_-2.csv,False,14.0,-0.4838709677419355,10045.612903225807,10045.612903225807,-3.447702834799202,2.5,2.435634136290391,0.09457631703523439,7.804065534666175,-3.6129032258068037,10.387096774193196,-7.0,7.0,1,1,-5.612903225806804,,-9.0,,1,0,,,,,0,0,q1,mid1,mid_high
-2,47800,INTARIAN_PEPPER_ROOT,10042.0,11.0,10040.0,15.0,,,10053.0,11.0,10056.0,15.0,,,10047.5,0.0,prices_round_1_day_-2.csv,False,11.0,0.0,10047.5,10047.5,1.8870967741931963,-1.5,2.4492327253874127,0.09832635983263599,7.794426838704401,-5.5,5.5,-5.5,5.5,1,1,-7.5,8.5,-7.5,8.5,1,1,,,,,0,0,q1,tight,mid_high
-2,47900,INTARIAN_PEPPER_ROOT,10042.0,11.0,10040.0,19.0,,,10053.0,11.0,10056.0,19.0,,,10047.5,0.0,prices_round_1_day_-2.csv,False,11.0,0.0,10047.5,10047.5,0.0,0.0,2.4492327253874127,0.09812108559498957,7.778140690274411,-5.5,5.5,-5.5,5.5,1,1,-7.5,8.5,-7.5,8.5,1,1,,,,,0,0,q1,tight,mid_high
-2,48000,INTARIAN_PEPPER_ROOT,10042.0,10.0,10040.0,18.0,,,10054.0,10.0,,,,,10048.0,0.0,prices_round_1_day_-2.csv,False,12.0,0.0,10048.0,10048.0,0.5,0.5,2.4492327253874127,0.09895833333333333,7.762238872945302,-6.0,6.0,-6.0,6.0,1,1,-8.0,,-8.0,,1,0,,,,,0,0,q1,tight,mid_high
-2,48100,INTARIAN_PEPPER_ROOT,10043.0,11.0,10040.0,24.0,,,10054.0,11.0,10056.0,24.0,,,10048.5,0.0,prices_round_1_day_-2.csv,False,11.0,0.0,10048.5,10048.5,0.5,0.5,2.4492327253874127,0.0997920997920998,7.746401917050234,-5.5,5.5,-5.5,5.5,1,1,-8.5,7.5,-8.5,7.5,1,1,,,,,0,0,q1,tight,mid_high
-2,48200,INTARIAN_PEPPER_ROOT,10043.0,11.0,10040.0,20.0,,,10054.0,11.0,10056.0,20.0,,,10048.5,0.0,prices_round_1_day_-2.csv,False,11.0,0.0,10048.5,10048.5,0.0,0.0,2.4492327253874127,0.0995850622406639,7.730317792071894,-5.5,5.5,-5.5,5.5,1,1,-8.5,7.5,-8.5,7.5,1,1,,,,,0,0,q1,tight,mid_high
-2,48300,INTARIAN_PEPPER_ROOT,10043.0,11.0,10040.0,16.0,,,10054.0,11.0,10056.0,16.0,,,10048.5,0.0,prices_round_1_day_-2.csv,False,11.0,0.0,10048.5,10048.5,0.0,0.0,2.4492327253874127,0.09937888198757763,7.714300320827239,-5.5,5.5,-5.5,5.5,1,1,-8.5,7.5,-8.5,7.5,1,1,,,,,0,0,q1,tight,mid_high
-2,48400,INTARIAN_PEPPER_ROOT,10043.0,8.0,10040.0,24.0,,,10054.0,8.0,,,,,10048.5,0.0,prices_round_1_day_-2.csv,False,11.0,0.0,10048.5,10048.5,0.0,0.0,2.4492327253874127,0.09917355371900827,7.698349089846005,-5.5,5.5,-5.5,5.5,1,1,-8.5,,-8.5,,1,0,,,,,0,0,q1,tight,mid_high
-2,48500,INTARIAN_PEPPER_ROOT,10043.0,9.0,10040.0,23.0,,,10054.0,9.0,10057.0,23.0,,,10048.5,0.0,prices_round_1_day_-2.csv,False,11.0,0.0,10048.5,10048.5,0.0,0.0,2.4492327253874127,0.09896907216494845,7.682463689070692,-5.5,5.5,-5.5,5.5,1,1,-8.5,8.5,-8.5,8.5,1,1,,,,,0,0,q1,tight,mid_high
-2,48600,INTARIAN_PEPPER_ROOT,10043.0,11.0,10041.0,25.0,,,10054.0,11.0,10057.0,25.0,,,10048.5,0.0,prices_round_1_day_-2.csv,False,11.0,0.0,10048.5,10048.5,0.0,0.0,2.4492327253874127,0.09876543209876543,7.666643711821426,-5.5,5.5,-5.5,5.5,1,1,-7.5,8.5,-7.5,8.5,1,1,,,,,0,0,q1,tight,mid_high
-2,48700,INTARIAN_PEPPER_ROOT,10043.0,12.0,,,,,10054.0,12.0,10057.0,20.0,,,10048.5,0.0,prices_round_1_day_-2.csv,False,11.0,0.0,10048.5,10048.5,0.0,0.0,2.4492327253874127,0.09856262833675565,7.650888754761252,-5.5,5.5,-5.5,5.5,1,1,,8.5,,8.5,0,1,,,,,0,0,q1,tight,mid_high
-2,48800,INTARIAN_PEPPER_ROOT,10043.0,9.0,10041.0,22.0,,,,,,,,,10043.0,0.0,prices_round_1_day_-2.csv,True,,1.0,,10043.0,-5.5,-5.5,2.5741386758876237,0.08709016393442623,7.699407821369444,0.0,,0.0,,1,0,-2.0,,-2.0,,1,0,,,,,0,0,q1,mid1,mid_high
-2,48900,INTARIAN_PEPPER_ROOT,10041.0,17.0,,,,,10054.0,8.0,,,,,10047.5,0.0,prices_round_1_day_-2.csv,False,13.0,0.36,10049.84,10049.84,6.8400000000001455,4.5,2.75039883642995,0.1008997955010228,7.776885543164169,-8.840000000000146,4.1599999999998545,-6.5,6.5,1,1,,,,,0,0,,,,,0,0,q1,tight,mid_high
-2,49000,INTARIAN_PEPPER_ROOT,10043.0,12.0,,,,,10055.0,12.0,10057.0,25.0,,,10049.0,0.0,prices_round_1_day_-2.csv,False,12.0,0.0,10049.0,10049.0,-0.8400000000001455,1.5,2.7532152121352933,0.09897959183673469,7.762788610981704,-6.0,6.0,-6.0,6.0,1,1,,8.0,,8.0,0,1,,,,,0,0,q1,tight,mid_high
-2,49100,INTARIAN_PEPPER_ROOT,10044.0,11.0,10041.0,18.0,,,10055.0,11.0,10057.0,18.0,,,10049.5,0.0,prices_round_1_day_-2.csv,False,11.0,0.0,10049.5,10049.5,0.5,0.5,2.752979212739219,0.09979633401221996,7.747273715525584,-5.5,5.5,-5.5,5.5,1,1,-8.5,7.5,-8.5,7.5,1,1,,,,,0,0,q1,tight,mid_high
-2,49200,INTARIAN_PEPPER_ROOT,10041.0,17.0,,,,,10055.0,10.0,10057.0,17.0,,,10048.0,0.0,prices_round_1_day_-2.csv,False,14.0,0.25925925925925924,10049.814814814816,10049.814814814816,0.3148148148156906,-1.5,2.7510718673677,0.10023336344474734,7.731589123391484,-8.81481481481569,5.185185185184309,-7.0,7.0,1,1,,7.185185185184309,,9.0,0,1,,,,,0,0,q1,mid1,mid_high
-2,49300,INTARIAN_PEPPER_ROOT,10041.0,21.0,,,,,10055.0,8.0,10057.0,21.0,,,10048.0,0.0,prices_round_1_day_-2.csv,False,14.0,0.4482758620689655,10051.137931034482,10051.137931034482,1.3231162196661899,0.0,2.7560400073197373,0.10271385605371579,7.718907863238562,-10.13793103448188,3.8620689655181195,-7.0,7.0,1,1,,5.8620689655181195,,9.0,0,1,,,,,0,0,q1,mid1,mid_high
-2,49400,INTARIAN_PEPPER_ROOT,10044.0,9.0,,,,,10055.0,9.0,10057.0,22.0,,,10049.5,0.0,prices_round_1_day_-2.csv,False,11.0,0.0,10049.5,10049.5,-1.6379310344818805,1.5,2.73552081580317,0.09919028340080972,7.709384138051898,-5.5,5.5,-5.5,5.5,1,1,,7.5,,7.5,0,1,,,,,0,0,q1,tight,mid_high
-2,49500,INTARIAN_PEPPER_ROOT,10044.0,10.0,10041.0,15.0,,,10055.0,10.0,10058.0,15.0,,,10049.5,0.0,prices_round_1_day_-2.csv,False,11.0,0.0,10049.5,10049.5,0.0,0.0,2.7170484288035883,0.09898989898989899,7.693797973473117,-5.5,5.5,-5.5,5.5,1,1,-8.5,8.5,-8.5,8.5,1,1,,,,,0,0,q1,tight,mid_high
-2,49600,INTARIAN_PEPPER_ROOT,10042.0,15.0,,,,,10055.0,11.0,10058.0,15.0,,,10048.5,0.0,prices_round_1_day_-2.csv,False,13.0,0.15384615384615385,10049.5,10049.5,0.0,-1.0,2.7160213193789904,0.09879032258064516,7.678274703312673,-7.5,5.5,-6.5,6.5,1,1,,8.5,,9.5,0,1,,,,,0,0,q1,tight,mid_high
-2,49700,INTARIAN_PEPPER_ROOT,10044.0,9.0,10042.0,25.0,,,10055.0,9.0,10058.0,25.0,,,10049.5,0.0,prices_round_1_day_-2.csv,False,11.0,0.0,10049.5,10049.5,0.0,1.0,2.5639733437228225,0.09859154929577464,7.662813947642605,-5.5,5.5,-5.5,5.5,1,1,-7.5,8.5,-7.5,8.5,1,1,,,,,0,0,q1,tight,mid_high
-2,49800,INTARIAN_PEPPER_ROOT,10042.0,24.0,,,,,10055.0,11.0,10058.0,24.0,,,10048.5,0.0,prices_round_1_day_-2.csv,False,13.0,0.37142857142857144,10050.914285714285,10050.914285714285,1.4142857142851426,-1.0,2.454717860323965,0.10123350545037177,7.650871817223787,-8.914285714285143,4.085714285714857,-6.5,6.5,1,1,,7.085714285714857,,9.5,0,1,,,,,0,0,q1,tight,mid_high
-2,49900,INTARIAN_PEPPER_ROOT,10044.0,9.0,,,,,10055.0,9.0,10058.0,18.0,,,10049.5,0.0,prices_round_1_day_-2.csv,False,11.0,0.0,10049.5,10049.5,-1.4142857142851426,1.0,2.464224074682518,0.09819639278557114,7.6401114234196665,-5.5,5.5,-5.5,5.5,1,1,,8.5,,8.5,0,1,,,,,0,0,q1,tight,mid_high
-2,50000,INTARIAN_PEPPER_ROOT,10044.0,9.0,10042.0,18.0,,,,,,,,,10044.0,0.0,prices_round_1_day_-2.csv,True,,1.0,,10044.0,-5.5,-5.5,2.5879604065277184,0.087,7.68748018458815,0.0,,0.0,,1,0,-2.0,,-2.0,,1,0,,,,,0,0,q1,mid1,mid_high
-2,50100,INTARIAN_PEPPER_ROOT,10045.0,9.0,10042.0,24.0,,,,,,,,,10045.0,0.0,prices_round_1_day_-2.csv,True,,1.0,,10045.0,1.0,1.0,2.534881811929107,0.08882235528942116,7.673769034598215,0.0,,0.0,,1,0,-3.0,,-3.0,,1,0,,,,,0,0,q1,mid1,mid_high
-2,50200,INTARIAN_PEPPER_ROOT,10045.0,12.0,10042.0,16.0,,,10056.0,12.0,,,,,10050.5,0.0,prices_round_1_day_-2.csv,False,11.0,0.0,10050.5,10050.5,5.5,5.5,2.6120771866505823,0.099601593625498,7.716780503848726,-5.5,5.5,-5.5,5.5,1,1,-8.5,,-8.5,,1,0,,,,,0,0,q1,tight,mid_high
-2,50300,INTARIAN_PEPPER_ROOT,10045.0,11.0,10042.0,24.0,,,10056.0,11.0,10058.0,24.0,,,10050.5,0.0,prices_round_1_day_-2.csv,False,11.0,0.0,10050.5,10050.5,0.0,0.0,2.6089869262771104,0.09940357852882704,7.701428153751086,-5.5,5.5,-5.5,5.5,1,1,-8.5,7.5,-8.5,7.5,1,1,,,,,0,0,q1,tight,mid_high
-2,50400,INTARIAN_PEPPER_ROOT,10045.0,9.0,10042.0,19.0,,,10056.0,9.0,10058.0,19.0,,,10050.5,0.0,prices_round_1_day_-2.csv,False,11.0,0.0,10050.5,10050.5,0.0,0.0,2.604503204066607,0.0992063492063492,7.686136768686221,-5.5,5.5,-5.5,5.5,1,1,-8.5,7.5,-8.5,7.5,1,1,,,,,0,0,q1,tight,mid_high
-2,50500,INTARIAN_PEPPER_ROOT,10042.0,19.0,,,,,10059.0,19.0,,,,,10050.5,0.0,prices_round_1_day_-2.csv,False,17.0,0.0,10050.5,10050.5,0.0,0.0,2.604503204066607,0.09900990099009901,7.670905986230122,-8.5,8.5,-8.5,8.5,1,1,,,,,0,0,,,,,0,0,q1,mid2,mid_high
-2,50600,INTARIAN_PEPPER_ROOT,10045.0,8.0,10043.0,25.0,,,10056.0,8.0,10059.0,25.0,,,10050.5,0.0,prices_round_1_day_-2.csv,False,11.0,0.0,10050.5,10050.5,0.0,0.0,2.590731778498638,0.09881422924901186,7.655735446825813,-5.5,5.5,-5.5,5.5,1,1,-7.5,8.5,-7.5,8.5,1,1,,,,,0,0,q1,tight,mid_high
-2,50700,INTARIAN_PEPPER_ROOT,10045.0,8.0,10043.0,21.0,,,10059.0,21.0,,,,,10052.0,0.0,prices_round_1_day_-2.csv,False,14.0,-0.4482758620689655,10048.862068965518,10048.862068965518,-1.6379310344818805,1.5,2.5860878266532255,0.09538869618445388,7.646554813201189,-3.8620689655181195,10.13793103448188,-7.0,7.0,1,1,-5.8620689655181195,,-9.0,,1,0,,,,,0,0,q1,mid1,mid_high
-2,50800,INTARIAN_PEPPER_ROOT,10045.0,11.0,10043.0,25.0,,,10056.0,11.0,10059.0,25.0,,,10050.5,0.0,prices_round_1_day_-2.csv,False,11.0,0.0,10050.5,10050.5,1.6379310344818805,-1.5,2.5955753180008014,0.0984251968503937,7.6361567818824545,-5.5,5.5,-5.5,5.5,1,1,-7.5,8.5,-7.5,8.5,1,1,,,,,0,0,q1,tight,mid_high
-2,50900,INTARIAN_PEPPER_ROOT,10045.0,8.0,,,,,10056.0,8.0,10059.0,20.0,,,10050.5,0.0,prices_round_1_day_-2.csv,False,11.0,0.0,10050.5,10050.5,0.0,0.0,2.5910306449063008,0.09823182711198428,7.621144009648278,-5.5,5.5,-5.5,5.5,1,1,,8.5,,8.5,0,1,,,,,0,0,q1,tight,mid_high
-2,51000,INTARIAN_PEPPER_ROOT,10045.0,10.0,10043.0,16.0,,,10057.0,10.0,10059.0,16.0,,,10051.0,0.0,prices_round_1_day_-2.csv,False,12.0,0.0,10051.0,10051.0,0.5,0.5,2.591722478150504,0.09901960784313725,7.606487736858243,-6.0,6.0,-6.0,6.0,1,1,-8.0,8.0,-8.0,8.0,1,1,,,,,0,0,q1,tight,mid_high
-2,51100,INTARIAN_PEPPER_ROOT,10046.0,9.0,10043.0,22.0,,,,,,,,,10046.0,0.0,prices_round_1_day_-2.csv,True,,1.0,,10046.0,-5.0,-5.0,2.6894654456494558,0.08904109589041095,7.642453683125315,0.0,,0.0,,1,0,-3.0,,-3.0,,1,0,,,,,0,0,q1,mid1,mid_high
-2,51200,INTARIAN_PEPPER_ROOT,10046.0,12.0,10043.0,19.0,,,10057.0,12.0,,,,,10051.5,0.0,prices_round_1_day_-2.csv,False,11.0,0.0,10051.5,10051.5,5.5,5.5,2.6811054481610292,0.099609375,7.684682329025293,-5.5,5.5,-5.5,5.5,1,1,-8.5,,-8.5,,1,0,,,,,0,0,q1,tight,mid_high
-2,51300,INTARIAN_PEPPER_ROOT,10046.0,12.0,,,,,10057.0,12.0,10059.0,25.0,,,10051.5,0.0,prices_round_1_day_-2.csv,False,11.0,0.0,10051.5,10051.5,0.0,0.0,2.570170306370881,0.09941520467836257,7.6696925250357975,-5.5,5.5,-5.5,5.5,1,1,,7.5,,7.5,0,1,,,,,0,0,q1,tight,mid_high
-2,51400,INTARIAN_PEPPER_ROOT,10043.0,16.0,,,,,10057.0,11.0,10059.0,16.0,,,10050.0,0.0,prices_round_1_day_-2.csv,False,14.0,0.18518518518518517,10051.296296296296,10051.296296296296,-0.2037037037043774,-1.5,2.523121173293296,0.09882547917567241,7.65492061429629,-8.296296296295623,5.703703703704377,-7.0,7.0,1,1,,7.703703703704377,,9.0,0,1,,,,,0,0,q1,mid1,mid_high
-2,51500,INTARIAN_PEPPER_ROOT,10046.0,11.0,,,,,10057.0,11.0,10060.0,18.0,,,10051.5,0.0,prices_round_1_day_-2.csv,False,11.0,0.0,10051.5,10051.5,0.2037037037043774,1.5,2.4713294165971607,0.09902912621359224,7.640049130774003,-5.5,5.5,-5.5,5.5,1,1,,8.5,,8.5,0,1,,,,,0,0,q1,tight,mid_high
-2,51600,INTARIAN_PEPPER_ROOT,10046.0,12.0,,,,,10057.0,12.0,10060.0,17.0,,,10051.5,0.0,prices_round_1_day_-2.csv,False,11.0,0.0,10051.5,10051.5,0.0,0.0,2.4713294165971607,0.09883720930232558,7.625233089282159,-5.5,5.5,-5.5,5.5,1,1,,8.5,,8.5,0,1,,,,,0,0,q1,tight,mid_high
-2,51700,INTARIAN_PEPPER_ROOT,10044.0,24.0,,,,,10060.0,24.0,,,,,10052.0,0.0,prices_round_1_day_-2.csv,False,16.0,0.0,10052.0,10052.0,0.5,0.5,2.3463649053401587,0.09961315280464217,7.610766785436612,-8.0,8.0,-8.0,8.0,1,1,,,,,0,0,,,,,0,0,q1,mid1,mid_high
-2,51800,INTARIAN_PEPPER_ROOT,10044.0,21.0,,,,,10057.0,10.0,10060.0,21.0,,,10050.5,0.0,prices_round_1_day_-2.csv,False,13.0,0.3548387096774194,10052.806451612903,10052.806451612903,0.8064516129034018,-1.5,2.2102309545339436,0.10097770581641584,7.597010285058833,-8.806451612903402,4.193548387096598,-6.5,6.5,1,1,,7.193548387096598,,9.5,0,1,,,,,0,0,q1,tight,mid_high
-2,51900,INTARIAN_PEPPER_ROOT,10046.0,12.0,10044.0,22.0,,,10057.0,12.0,10060.0,22.0,,,10051.5,0.0,prices_round_1_day_-2.csv,False,11.0,0.0,10051.5,10051.5,-1.3064516129034018,1.0,2.2194555556068756,0.09826589595375723,7.586160922744983,-5.5,5.5,-5.5,5.5,1,1,-7.5,8.5,-7.5,8.5,1,1,,,,,0,0,q1,tight,mid_high
-2,52000,INTARIAN_PEPPER_ROOT,10046.0,8.0,10044.0,18.0,,,10058.0,8.0,10060.0,18.0,,,10052.0,0.0,prices_round_1_day_-2.csv,False,12.0,0.0,10052.0,10052.0,0.5,0.5,2.2194555556068756,0.09903846153846153,7.571854408297326,-6.0,6.0,-6.0,6.0,1,1,-8.0,8.0,-8.0,8.0,1,1,,,,,0,0,q1,tight,mid_high
-2,52100,INTARIAN_PEPPER_ROOT,10047.0,11.0,10044.0,17.0,,,10058.0,11.0,10060.0,17.0,,,10052.5,0.0,prices_round_1_day_-2.csv,False,11.0,0.0,10052.5,10052.5,0.5,0.5,2.2194555556068756,0.09980806142034548,7.557601729772471,-5.5,5.5,-5.5,5.5,1,1,-8.5,7.5,-8.5,7.5,1,1,,,,,0,0,q1,tight,mid_high
-2,52200,INTARIAN_PEPPER_ROOT,10047.0,10.0,10044.0,24.0,,,10058.0,10.0,10060.0,24.0,,,10052.5,0.0,prices_round_1_day_-2.csv,False,11.0,0.0,10052.5,10052.5,0.0,0.0,2.2194555556068756,0.09961685823754789,7.543114859975413,-5.5,5.5,-5.5,5.5,1,1,-8.5,7.5,-8.5,7.5,1,1,,,,,0,0,q1,tight,mid_high
-2,52300,INTARIAN_PEPPER_ROOT,,,,,,,10058.0,12.0,10060.0,20.0,,,10058.0,0.0,prices_round_1_day_-2.csv,True,,-1.0,,10058.0,5.5,5.5,2.3397765687957586,0.10994263862332695,7.584427618687166,,0.0,,0.0,0,1,,2.0,,2.0,0,1,,,,,0,0,q1,mid1,mid_high
-2,52400,INTARIAN_PEPPER_ROOT,10047.0,12.0,10044.0,15.0,,,10058.0,12.0,10060.0,15.0,,,10052.5,0.0,prices_round_1_day_-2.csv,False,11.0,0.0,10052.5,10052.5,-5.5,-5.5,2.4682124145026587,0.09923664122137404,7.629985876351875,-5.5,5.5,-5.5,5.5,1,1,-8.5,7.5,-8.5,7.5,1,1,,,,,0,0,q1,tight,mid_high
-2,52500,INTARIAN_PEPPER_ROOT,10047.0,8.0,,,,,10061.0,18.0,,,,,10054.0,0.0,prices_round_1_day_-2.csv,False,14.0,-0.38461538461538464,10051.307692307691,10051.307692307691,-1.1923076923085318,1.5,2.4627324166915514,0.09677655677655518,7.618602142727823,-4.307692307691468,9.692307692308532,-7.0,7.0,1,1,,,,,0,0,,,,,0,0,q1,mid1,mid_high
-2,52600,INTARIAN_PEPPER_ROOT,10045.0,20.0,,,,,10058.0,10.0,10061.0,20.0,,,10051.5,0.0,prices_round_1_day_-2.csv,False,13.0,0.3333333333333333,10053.666666666666,10053.666666666666,2.358974358974592,-2.5,2.4540254666067383,0.10107731305449821,7.61381968099857,-8.66666666666606,4.33333333333394,-6.5,6.5,1,1,,7.33333333333394,,9.5,0,1,,,,,0,0,q1,tight,mid_high
-2,52700,INTARIAN_PEPPER_ROOT,10045.0,23.0,,,,,10058.0,9.0,10061.0,23.0,,,10051.5,0.0,prices_round_1_day_-2.csv,False,13.0,0.4375,10054.34375,10054.34375,0.6770833333339397,0.0,2.40136592817253,0.1021703036053131,7.599974307776636,-9.34375,3.65625,-6.5,6.5,1,1,,6.65625,,9.5,0,1,,,,,0,0,q1,tight,mid_high
-2,52800,INTARIAN_PEPPER_ROOT,10047.0,11.0,10045.0,16.0,,,10058.0,11.0,10061.0,16.0,,,10052.5,0.0,prices_round_1_day_-2.csv,False,11.0,0.0,10052.5,10052.5,-1.84375,1.0,2.4050295567093216,0.09848484848484848,7.592724706103504,-5.5,5.5,-5.5,5.5,1,1,-7.5,8.5,-7.5,8.5,1,1,,,,,0,0,q1,tight,mid_high
-2,52900,INTARIAN_PEPPER_ROOT,10047.0,8.0,10045.0,15.0,,,10049.0,6.0,10061.0,15.0,,,10048.0,0.0,prices_round_1_day_-2.csv,False,2.0,0.14285714285714285,10048.142857142857,10048.142857142857,-4.357142857143117,-4.5,2.4862914758242387,0.09006211180124174,7.615873124599965,-1.142857142856883,0.857142857143117,-1.0,1.0,1,1,-3.142857142856883,12.857142857143117,-3.0,13.0,1,1,,,,,0,0,q1,tight,mid_high
-2,53000,INTARIAN_PEPPER_ROOT,,,,,,,10049.0,6.0,10059.0,12.0,10061.0,24.0,10049.0,0.0,prices_round_1_day_-2.csv,True,,-1.0,,10049.0,0.857142857143117,1.0,2.488231808130929,0.09150943396226414,7.6025866019767365,,0.0,,0.0,0,1,,10.0,,10.0,0,1,,12.0,,12.0,0,1,q1,mid1,mid_high
-2,53100,INTARIAN_PEPPER_ROOT,10045.0,23.0,,,,,10061.0,23.0,,,,,10053.0,0.0,prices_round_1_day_-2.csv,False,16.0,0.0,10053.0,10053.0,4.0,4.0,2.5504644595771064,0.09887005649717515,7.617011022692004,-8.0,8.0,-8.0,8.0,1,1,,,,,0,0,,,,,0,0,q1,mid1,mid_high
-2,53200,INTARIAN_PEPPER_ROOT,10048.0,8.0,,,,,10059.0,8.0,10061.0,16.0,,,10053.5,0.0,prices_round_1_day_-2.csv,False,11.0,0.0,10053.5,10053.5,0.5,0.5,2.5510845193509493,0.09962406015037593,7.602968822608085,-5.5,5.5,-5.5,5.5,1,1,,7.5,,7.5,0,1,,,,,0,0,q1,tight,mid_high
-2,53300,INTARIAN_PEPPER_ROOT,10045.0,21.0,,,,,10061.0,21.0,,,,,10053.0,0.0,prices_round_1_day_-2.csv,False,16.0,0.0,10053.0,10053.0,-0.5,-0.5,2.552464111637732,0.09849906191369606,7.589352103839087,-8.0,8.0,-8.0,8.0,1,1,,,,,0,0,,,,,0,0,q1,mid1,mid_high
-2,53400,INTARIAN_PEPPER_ROOT,10045.0,25.0,,,,,10059.0,11.0,10061.0,25.0,,,10052.0,0.0,prices_round_1_day_-2.csv,False,14.0,0.3888888888888889,10054.722222222223,10054.722222222223,1.7222222222226264,-1.0,2.562824125499192,0.10153974198918095,7.580050391971963,-9.722222222222626,4.277777777777374,-7.0,7.0,1,1,,6.277777777777374,,9.0,0,1,,,,,0,0,q1,mid1,mid_high
-2,53500,INTARIAN_PEPPER_ROOT,10048.0,12.0,,,,,10059.0,12.0,10062.0,16.0,,,10053.5,0.0,prices_round_1_day_-2.csv,False,11.0,0.0,10053.5,10053.5,-1.2222222222226264,1.5,2.5698545006138724,0.09906542056074766,7.569130953644861,-5.5,5.5,-5.5,5.5,1,1,,8.5,,8.5,0,1,,,,,0,0,q1,tight,mid_high
-2,53600,INTARIAN_PEPPER_ROOT,10048.0,8.0,,,,,10059.0,8.0,10062.0,20.0,,,10053.5,0.0,prices_round_1_day_-2.csv,False,11.0,0.0,10053.5,10053.5,0.0,0.0,2.5698545006138724,0.09888059701492537,7.555001354942588,-5.5,5.5,-5.5,5.5,1,1,,8.5,,8.5,0,1,,,,,0,0,q1,tight,mid_high
-2,53700,INTARIAN_PEPPER_ROOT,10048.0,9.0,10046.0,24.0,,,10059.0,9.0,10062.0,24.0,,,10053.5,0.0,prices_round_1_day_-2.csv,False,11.0,0.0,10053.5,10053.5,0.0,0.0,2.5698545006138724,0.09869646182495345,7.540924410558494,-5.5,5.5,-5.5,5.5,1,1,-7.5,8.5,-7.5,8.5,1,1,,,,,0,0,q1,tight,mid_high
-2,53800,INTARIAN_PEPPER_ROOT,10048.0,10.0,10046.0,16.0,,,10059.0,10.0,10062.0,16.0,,,10053.5,0.0,prices_round_1_day_-2.csv,False,11.0,0.0,10053.5,10053.5,0.0,0.0,2.439674014531966,0.09851301115241635,7.526899826713216,-5.5,5.5,-5.5,5.5,1,1,-7.5,8.5,-7.5,8.5,1,1,,,,,0,0,q1,tight,mid_high
-2,53900,INTARIAN_PEPPER_ROOT,10048.0,12.0,10046.0,21.0,,,10059.0,12.0,10062.0,21.0,,,10053.5,0.0,prices_round_1_day_-2.csv,False,11.0,0.0,10053.5,10053.5,0.0,0.0,2.244266816151867,0.09833024118738404,7.512927311808818,-5.5,5.5,-5.5,5.5,1,1,-7.5,8.5,-7.5,8.5,1,1,,,,,0,0,q1,tight,mid_high
-2,54000,INTARIAN_PEPPER_ROOT,10048.0,8.0,,,,,10060.0,8.0,10062.0,18.0,,,10054.0,0.0,prices_round_1_day_-2.csv,False,12.0,0.0,10054.0,10054.0,0.5,0.5,2.241137901402063,0.09907407407407408,7.499287446332304,-6.0,6.0,-6.0,6.0,1,1,,8.0,,8.0,0,1,,,,,0,0,q1,tight,mid_high
-2,54100,INTARIAN_PEPPER_ROOT,10046.0,21.0,,,,,10062.0,21.0,,,,,10054.0,0.0,prices_round_1_day_-2.csv,False,16.0,0.0,10054.0,10054.0,0.0,0.0,2.240432062749219,0.0988909426987061,7.4854180205586935,-8.0,8.0,-8.0,8.0,1,1,,,,,0,0,,,,,0,0,q1,mid1,mid_high
-2,54200,INTARIAN_PEPPER_ROOT,10049.0,12.0,10046.0,21.0,,,,,,,,,10049.0,0.0,prices_round_1_day_-2.csv,True,,1.0,,10049.0,-5.0,-5.0,2.3528093009736817,0.08948339483394833,7.519549818644415,0.0,,0.0,,1,0,-3.0,,-3.0,,1,0,,,,,0,0,q1,mid1,mid_high
-2,54300,INTARIAN_PEPPER_ROOT,10049.0,11.0,10046.0,15.0,,,10060.0,11.0,,,,,10054.5,0.0,prices_round_1_day_-2.csv,False,11.0,0.0,10054.5,10054.5,5.5,5.5,2.472445870351091,0.09944751381215469,7.559587141679371,-5.5,5.5,-5.5,5.5,1,1,-8.5,,-8.5,,1,0,,,,,0,0,q1,tight,mid_high
-2,54400,INTARIAN_PEPPER_ROOT,10049.0,9.0,10046.0,23.0,,,10060.0,9.0,10062.0,23.0,,,10054.5,0.0,prices_round_1_day_-2.csv,False,11.0,0.0,10054.5,10054.5,0.0,0.0,2.460212752496821,0.09926470588235294,7.545683429868192,-5.5,5.5,-5.5,5.5,1,1,-8.5,7.5,-8.5,7.5,1,1,,,,,0,0,q1,tight,mid_high
-2,54500,INTARIAN_PEPPER_ROOT,10049.0,10.0,10046.0,18.0,,,10060.0,10.0,10063.0,18.0,,,10054.5,0.0,prices_round_1_day_-2.csv,False,11.0,0.0,10054.5,10054.5,0.0,0.0,2.460212752496821,0.09908256880733946,7.531830768052352,-5.5,5.5,-5.5,5.5,1,1,-8.5,8.5,-8.5,8.5,1,1,,,,,0,0,q1,tight,mid_high
-2,54600,INTARIAN_PEPPER_ROOT,10047.0,24.0,,,,,,,,,,,10047.0,0.0,prices_round_1_day_-2.csv,True,,1.0,,10047.0,-7.5,-7.5,2.6848201117478885,0.08516483516483517,7.6237729022035055,0.0,,0.0,,1,0,,,,,0,0,,,,,0,0,q1,mid1,mid_high
-2,54700,INTARIAN_PEPPER_ROOT,10049.0,11.0,10047.0,22.0,,,10063.0,22.0,,,,,10056.0,0.0,prices_round_1_day_-2.csv,False,14.0,-0.3333333333333333,10053.666666666666,10053.666666666666,6.66666666666606,9.0,2.847938440962434,0.0971968312004864,7.68899855211542,-4.66666666666606,9.33333333333394,-7.0,7.0,1,1,-6.66666666666606,,-9.0,,1,0,,,,,0,0,q2,mid1,mid_high
-2,54800,INTARIAN_PEPPER_ROOT,10049.0,12.0,10047.0,16.0,,,10060.0,12.0,,,,,10054.5,0.0,prices_round_1_day_-2.csv,False,11.0,0.0,10054.5,10054.5,0.8333333333339397,-1.5,2.843579342789885,0.09854014598540146,7.675930745048896,-5.5,5.5,-5.5,5.5,1,1,-7.5,,-7.5,,1,0,,,,,0,0,q2,tight,mid_high
-2,54900,INTARIAN_PEPPER_ROOT,10049.0,12.0,10047.0,23.0,,,10060.0,12.0,10063.0,23.0,,,10054.5,0.0,prices_round_1_day_-2.csv,False,11.0,0.0,10054.5,10054.5,0.0,0.0,2.835518788926737,0.09836065573770492,7.661941259151681,-5.5,5.5,-5.5,5.5,1,1,-7.5,8.5,-7.5,8.5,1,1,,,,,0,0,q2,tight,mid_high
-2,55000,INTARIAN_PEPPER_ROOT,10049.0,11.0,10047.0,25.0,,,10061.0,11.0,,,,,10055.0,0.0,prices_round_1_day_-2.csv,False,12.0,0.0,10055.0,10055.0,0.5,0.5,2.718223359278626,0.09909090909090909,7.648278380472682,-6.0,6.0,-6.0,6.0,1,1,-8.0,,-8.0,,1,0,,,,,0,0,q1,tight,mid_high
-2,55100,INTARIAN_PEPPER_ROOT,10050.0,11.0,,,,,10063.0,23.0,,,,,10056.5,0.0,prices_round_1_day_-2.csv,False,13.0,-0.35294117647058826,10054.20588235294,10054.20588235294,-0.7941176470594655,1.5,2.7195581527186996,0.09746984093092656,7.635820371731514,-4.2058823529405345,8.794117647059466,-6.5,6.5,1,1,,,,,0,0,,,,,0,0,q1,tight,mid_high
-2,55200,INTARIAN_PEPPER_ROOT,10050.0,8.0,10047.0,22.0,,,10061.0,8.0,,,,,10055.5,0.0,prices_round_1_day_-2.csv,False,11.0,0.0,10055.5,10055.5,1.2941176470594655,-1.0,2.6148068826232143,0.09963768115942029,7.624556399787643,-5.5,5.5,-5.5,5.5,1,1,-8.5,,-8.5,,1,0,,,,,0,0,q1,tight,mid_high
-2,55300,INTARIAN_PEPPER_ROOT,10050.0,9.0,10047.0,17.0,,,10052.0,7.0,10061.0,9.0,,,10051.0,0.0,prices_round_1_day_-2.csv,False,2.0,0.125,10051.125,10051.125,-4.375,-4.5,2.6903317037627303,0.09154611211573237,7.646950637356704,-1.125,0.875,-1.0,1.0,1,1,-4.125,9.875,-4.0,10.0,1,1,,,,,0,0,q1,tight,mid_high
-2,55400,INTARIAN_PEPPER_ROOT,10050.0,11.0,10047.0,20.0,,,10061.0,11.0,10063.0,20.0,,,10055.5,0.0,prices_round_1_day_-2.csv,False,11.0,0.0,10055.5,10055.5,4.375,4.5,2.760156704503158,0.09927797833935018,7.666241609291311,-5.5,5.5,-5.5,5.5,1,1,-8.5,7.5,-8.5,7.5,1,1,,,,,0,0,q2,tight,mid_high
-2,55500,INTARIAN_PEPPER_ROOT,10050.0,12.0,10047.0,17.0,,,,,,,,,10050.0,0.0,prices_round_1_day_-2.csv,True,,1.0,,10050.0,-5.5,-5.5,2.8715699561399455,0.0891891891891892,7.708893562963708,0.0,,0.0,,1,0,-3.0,,-3.0,,1,0,,,,,0,0,q2,mid1,mid_high
-2,55600,INTARIAN_PEPPER_ROOT,10050.0,10.0,,,,,10061.0,10.0,10064.0,22.0,,,10055.5,0.0,prices_round_1_day_-2.csv,False,11.0,0.0,10055.5,10055.5,5.5,5.5,2.9754258369122146,0.09892086330935251,7.74765991218873,-5.5,5.5,-5.5,5.5,1,1,,8.5,,8.5,0,1,,,,,0,0,q2,tight,mid_high
-2,55700,INTARIAN_PEPPER_ROOT,10050.0,11.0,,,,,10061.0,11.0,10064.0,16.0,,,10055.5,0.0,prices_round_1_day_-2.csv,False,11.0,0.0,10055.5,10055.5,0.0,0.0,2.9648991654230317,0.09874326750448834,7.733742839989231,-5.5,5.5,-5.5,5.5,1,1,,8.5,,8.5,0,1,,,,,0,0,q2,tight,mid_high
-2,55800,INTARIAN_PEPPER_ROOT,10050.0,9.0,10048.0,19.0,,,10061.0,9.0,10064.0,19.0,,,10055.5,0.0,prices_round_1_day_-2.csv,False,11.0,0.0,10055.5,10055.5,0.0,0.0,2.956967387788647,0.0985663082437276,7.7198756764692185,-5.5,5.5,-5.5,5.5,1,1,-7.5,8.5,-7.5,8.5,1,1,,,,,0,0,q2,tight,mid_high
-2,55900,INTARIAN_PEPPER_ROOT,10050.0,12.0,10048.0,20.0,,,10061.0,12.0,10064.0,20.0,,,10055.5,0.0,prices_round_1_day_-2.csv,False,11.0,0.0,10055.5,10055.5,0.0,0.0,2.956967387788647,0.09838998211091235,7.706058153639175,-5.5,5.5,-5.5,5.5,1,1,-7.5,8.5,-7.5,8.5,1,1,,,,,0,0,q2,tight,mid_high
-2,56000,INTARIAN_PEPPER_ROOT,10050.0,8.0,10048.0,19.0,,,10062.0,8.0,10064.0,19.0,,,10056.0,0.0,prices_round_1_day_-2.csv,False,12.0,0.0,10056.0,10056.0,0.5,0.5,2.956967387788647,0.09910714285714285,7.692560737599622,-6.0,6.0,-6.0,6.0,1,1,-8.0,8.0,-8.0,8.0,1,1,,,,,0,0,q2,tight,mid_high
-2,56100,INTARIAN_PEPPER_ROOT,10051.0,9.0,,,,,10062.0,9.0,10064.0,15.0,,,10056.5,0.0,prices_round_1_day_-2.csv,False,11.0,0.0,10056.5,10056.5,0.5,0.5,2.864220343001205,0.09982174688057041,7.679110501645443,-5.5,5.5,-5.5,5.5,1,1,,7.5,,7.5,0,1,,,,,0,0,q2,tight,mid_high
-2,56200,INTARIAN_PEPPER_ROOT,10048.0,25.0,,,,,,,,,,,10048.0,0.0,prices_round_1_day_-2.csv,True,,1.0,,10048.0,-8.5,-8.5,3.016769966438409,0.08451957295373666,7.797018215742349,0.0,,0.0,,1,0,,,,,0,0,,,,,0,0,q2,mid1,mid_high
-2,56300,INTARIAN_PEPPER_ROOT,10051.0,11.0,10048.0,22.0,,,10062.0,11.0,10064.0,22.0,,,10056.5,0.0,prices_round_1_day_-2.csv,False,11.0,0.0,10056.5,10056.5,8.5,8.5,3.251182361032754,0.0994671403197158,7.908935478449922,-5.5,5.5,-5.5,5.5,1,1,-8.5,7.5,-8.5,7.5,1,1,,,,,0,0,q2,tight,mid_high
-2,56400,INTARIAN_PEPPER_ROOT,10051.0,8.0,,,,,10062.0,8.0,10064.0,20.0,,,10056.5,0.0,prices_round_1_day_-2.csv,False,11.0,0.0,10056.5,10056.5,0.0,0.0,3.2509216421489016,0.09929078014184398,7.894905177724365,-5.5,5.5,-5.5,5.5,1,1,,7.5,,7.5,0,1,,,,,0,0,q2,tight,mid_high
-2,56500,INTARIAN_PEPPER_ROOT,10051.0,11.0,10048.0,19.0,,,10062.0,11.0,10065.0,19.0,,,10056.5,0.0,prices_round_1_day_-2.csv,False,11.0,0.0,10056.5,10056.5,0.0,0.0,3.2509218789602805,0.09911504424778761,7.880924567852631,-5.5,5.5,-5.5,5.5,1,1,-8.5,8.5,-8.5,8.5,1,1,,,,,0,0,q2,tight,mid_high
-2,56600,INTARIAN_PEPPER_ROOT,10049.0,20.0,,,,,10062.0,11.0,10065.0,20.0,,,10055.5,0.0,prices_round_1_day_-2.csv,False,13.0,0.2903225806451613,10057.387096774193,10057.387096774193,0.8870967741931963,-1.0,3.252785125654375,0.10050723811694912,7.868073052127926,-8.387096774193196,4.612903225806804,-6.5,6.5,1,1,,7.612903225806804,,9.5,0,1,,,,,0,0,q2,tight,mid_high
-2,56700,INTARIAN_PEPPER_ROOT,10051.0,9.0,10049.0,19.0,,,,,,,,,10051.0,0.0,prices_round_1_day_-2.csv,True,,1.0,,10051.0,-6.387096774193196,-4.5,3.3796150788602604,0.0890652557319224,7.928402913819772,0.0,,0.0,,1,0,-2.0,,-2.0,,1,0,,,,,0,0,q3,mid1,mid_high
-2,56800,INTARIAN_PEPPER_ROOT,10051.0,12.0,10049.0,24.0,,,10062.0,12.0,10065.0,24.0,,,10056.5,0.0,prices_round_1_day_-2.csv,False,11.0,0.0,10056.5,10056.5,5.5,5.5,3.467089868875247,0.09859154929577464,7.965965992726437,-5.5,5.5,-5.5,5.5,1,1,-7.5,8.5,-7.5,8.5,1,1,,,,,0,0,q3,tight,mid_high
-2,56900,INTARIAN_PEPPER_ROOT,10051.0,11.0,10049.0,19.0,,,10062.0,11.0,10065.0,19.0,,,10056.5,0.0,prices_round_1_day_-2.csv,False,11.0,0.0,10056.5,10056.5,0.0,0.0,3.461393272507091,0.0984182776801406,7.951958487828109,-5.5,5.5,-5.5,5.5,1,1,-7.5,8.5,-7.5,8.5,1,1,,,,,0,0,q3,tight,mid_high
-2,57000,INTARIAN_PEPPER_ROOT,10051.0,9.0,,,,,10063.0,9.0,10065.0,16.0,,,10057.0,0.0,prices_round_1_day_-2.csv,False,12.0,0.0,10057.0,10057.0,0.5,0.5,3.461393272507091,0.09912280701754386,7.938266091458632,-6.0,6.0,-6.0,6.0,1,1,,8.0,,8.0,0,1,,,,,0,0,q3,tight,mid_high
-2,57100,INTARIAN_PEPPER_ROOT,10052.0,9.0,10049.0,25.0,,,10063.0,9.0,10065.0,25.0,,,10057.5,0.0,prices_round_1_day_-2.csv,False,11.0,0.0,10057.5,10057.5,0.5,0.5,3.461393272507091,0.09982486865148861,7.924620749339155,-5.5,5.5,-5.5,5.5,1,1,-8.5,7.5,-8.5,7.5,1,1,,,,,0,0,q3,tight,mid_high
-2,57200,INTARIAN_PEPPER_ROOT,10060.0,8.0,10052.0,8.0,10049.0,23.0,10063.0,8.0,10065.0,23.0,,,10061.5,0.0,prices_round_1_day_-2.csv,False,3.0,0.0,10061.5,10061.5,4.0,4.0,3.5049845729111424,0.10664335664335664,7.937335551455706,-1.5,1.5,-1.5,1.5,1,1,-9.5,3.5,-9.5,3.5,1,1,-12.5,,-12.5,,1,0,q3,tight,mid_high
-2,57300,INTARIAN_PEPPER_ROOT,10052.0,12.0,10049.0,17.0,,,10063.0,12.0,10065.0,17.0,,,10057.5,0.0,prices_round_1_day_-2.csv,False,11.0,0.0,10057.5,10057.5,-4.0,-4.0,3.4680051489996324,0.09947643979057591,7.9528910621825,-5.5,5.5,-5.5,5.5,1,1,-8.5,7.5,-8.5,7.5,1,1,,,,,0,0,q3,tight,mid_high
-2,57400,INTARIAN_PEPPER_ROOT,10049.0,24.0,,,,,10063.0,8.0,10065.0,24.0,,,10056.0,0.0,prices_round_1_day_-2.csv,False,14.0,0.5,10059.5,10059.5,2.0,-1.5,3.3869525341507227,0.10278745644599303,7.9453043363108895,-10.5,3.5,-7.0,7.0,1,1,,5.5,,9.0,0,1,,,,,0,0,q3,mid1,mid_high
-2,57500,INTARIAN_PEPPER_ROOT,10052.0,9.0,10049.0,15.0,,,10063.0,9.0,,,,,10057.5,0.0,prices_round_1_day_-2.csv,False,11.0,0.0,10057.5,10057.5,-2.0,1.5,3.395352270013025,0.09913043478260869,7.939152281975338,-5.5,5.5,-5.5,5.5,1,1,-8.5,,-8.5,,1,0,,,,,0,0,q3,tight,mid_high
-2,57600,INTARIAN_PEPPER_ROOT,10050.0,18.0,,,,,10063.0,9.0,,,,,10056.5,0.0,prices_round_1_day_-2.csv,False,13.0,0.3333333333333333,10058.666666666666,10058.666666666666,1.1666666666660603,-1.0,3.383500419691521,0.10098379629629524,7.927323591182019,-8.66666666666606,4.33333333333394,-6.5,6.5,1,1,,,,,0,0,,,,,0,0,q3,tight,mid_high
-2,57700,INTARIAN_PEPPER_ROOT,10052.0,9.0,10050.0,17.0,,,10066.0,17.0,,,,,10059.0,0.0,prices_round_1_day_-2.csv,False,14.0,-0.3076923076923077,10056.846153846154,10056.846153846154,-1.8205128205117944,2.5,3.393229345003245,0.09765364618050999,7.919959748794939,-4.846153846154266,9.153846153845734,-7.0,7.0,1,1,-6.846153846154266,,-9.0,,1,0,,,,,0,0,q3,mid1,mid_high
-2,57800,INTARIAN_PEPPER_ROOT,10050.0,22.0,,,,,10063.0,11.0,10066.0,22.0,,,10056.5,0.0,prices_round_1_day_-2.csv,False,13.0,0.3333333333333333,10058.666666666666,10058.666666666666,1.8205128205117944,-2.5,3.3910620869909507,0.10063437139561603,7.911369018493379,-8.66666666666606,4.33333333333394,-6.5,6.5,1,1,,7.33333333333394,,9.5,0,1,,,,,0,0,q3,tight,mid_high
-2,57900,INTARIAN_PEPPER_ROOT,10050.0,21.0,,,,,10066.0,21.0,,,,,10058.0,0.0,prices_round_1_day_-2.csv,False,16.0,0.0,10058.0,10058.0,-0.6666666666660603,1.5,3.3311848802988973,0.09930915371329879,7.898698369745306,-8.0,8.0,-8.0,8.0,1,1,,,,,0,0,,,,,0,0,q3,mid1,mid_high
-2,58000,INTARIAN_PEPPER_ROOT,10052.0,12.0,,,,,10064.0,12.0,10066.0,15.0,,,10058.0,0.0,prices_round_1_day_-2.csv,False,12.0,0.0,10058.0,10058.0,0.0,0.0,3.329924354287083,0.09913793103448276,7.885073407628357,-6.0,6.0,-6.0,6.0,1,1,,8.0,,8.0,0,1,,,,,0,0,q3,tight,mid_high
-2,58100,INTARIAN_PEPPER_ROOT,10053.0,12.0,10050.0,22.0,,,10064.0,12.0,10066.0,22.0,,,10058.5,0.0,prices_round_1_day_-2.csv,False,11.0,0.0,10058.5,10058.5,0.5,0.5,3.284460674077246,0.09982788296041308,7.871755029033789,-5.5,5.5,-5.5,5.5,1,1,-8.5,7.5,-8.5,7.5,1,1,,,,,0,0,q2,tight,mid_high
-2,58200,INTARIAN_PEPPER_ROOT,10053.0,9.0,10050.0,22.0,,,10064.0,9.0,10066.0,22.0,,,10058.5,0.0,prices_round_1_day_-2.csv,False,11.0,0.0,10058.5,10058.5,0.0,0.0,3.284010160746536,0.09965635738831616,7.858223520349018,-5.5,5.5,-5.5,5.5,1,1,-8.5,7.5,-8.5,7.5,1,1,,,,,0,0,q2,tight,mid_high
-2,58300,INTARIAN_PEPPER_ROOT,,,,,,,10064.0,11.0,10066.0,19.0,,,10064.0,0.0,prices_round_1_day_-2.csv,True,,-1.0,,10064.0,5.5,5.5,3.3701311488392087,0.10891938250428816,7.894744936876768,,0.0,,0.0,0,1,,2.0,,2.0,0,1,,,,,0,0,q3,mid1,mid_high
-2,58400,INTARIAN_PEPPER_ROOT,10053.0,9.0,,,,,,,,,,,10053.0,0.0,prices_round_1_day_-2.csv,True,,1.0,,10053.0,-11.0,-11.0,3.7168289196738393,0.0898972602739726,8.092518572704835,0.0,,0.0,,1,0,,,,,0,0,,,,,0,0,q3,mid1,mid_high
-2,58500,INTARIAN_PEPPER_ROOT,10050.0,24.0,,,,,10067.0,24.0,,,,,10058.5,0.0,prices_round_1_day_-2.csv,False,17.0,0.0,10058.5,10058.5,5.5,5.5,3.7937691599629835,0.09914529914529914,8.128694360789169,-8.5,8.5,-8.5,8.5,1,1,,,,,0,0,,,,,0,0,q3,mid2,mid_high
-2,58600,INTARIAN_PEPPER_ROOT,10053.0,9.0,10051.0,16.0,,,10064.0,9.0,10067.0,16.0,,,10058.5,0.0,prices_round_1_day_-2.csv,False,11.0,0.0,10058.5,10058.5,0.0,0.0,3.7937691599629835,0.09897610921501707,8.114815931139882,-5.5,5.5,-5.5,5.5,1,1,-7.5,8.5,-7.5,8.5,1,1,,,,,0,0,q3,tight,mid_high
-2,58700,INTARIAN_PEPPER_ROOT,10053.0,12.0,10051.0,15.0,,,10064.0,12.0,10067.0,15.0,,,10058.5,0.0,prices_round_1_day_-2.csv,False,11.0,0.0,10058.5,10058.5,0.0,0.0,3.7937691599629835,0.09880749574105621,8.100984811089285,-5.5,5.5,-5.5,5.5,1,1,-7.5,8.5,-7.5,8.5,1,1,,,,,0,0,q3,tight,mid_high
-2,58800,INTARIAN_PEPPER_ROOT,10053.0,9.0,,,,,10064.0,9.0,10067.0,19.0,,,10058.5,0.0,prices_round_1_day_-2.csv,False,11.0,0.0,10058.5,10058.5,0.0,0.0,3.7937691599629835,0.09863945578231292,8.087200759141275,-5.5,5.5,-5.5,5.5,1,1,,8.5,,8.5,0,1,,,,,0,0,q3,tight,mid_high
-2,58900,INTARIAN_PEPPER_ROOT,10053.0,10.0,10051.0,15.0,,,10064.0,10.0,10067.0,15.0,,,10058.5,0.0,prices_round_1_day_-2.csv,False,11.0,0.0,10058.5,10058.5,0.0,0.0,3.7937691599629835,0.09847198641765705,8.07346353544061,-5.5,5.5,-5.5,5.5,1,1,-7.5,8.5,-7.5,8.5,1,1,,,,,0,0,q3,tight,mid_high
-2,59000,INTARIAN_PEPPER_ROOT,10053.0,11.0,10051.0,17.0,,,10065.0,11.0,,,,,10059.0,0.0,prices_round_1_day_-2.csv,False,12.0,0.0,10059.0,10059.0,0.5,0.5,3.7937691599629835,0.09915254237288136,8.06002972890066,-6.0,6.0,-6.0,6.0,1,1,-8.0,,-8.0,,1,0,,,,,0,0,q3,tight,mid_high
-2,59100,INTARIAN_PEPPER_ROOT,10051.0,22.0,,,,,,,,,,,10051.0,0.0,prices_round_1_day_-2.csv,True,,1.0,,10051.0,-8.0,-8.0,3.9629960257752885,0.08544839255499154,8.157360661402162,0.0,,0.0,,1,0,,,,,0,0,,,,,0,0,q3,mid1,mid_high
-2,59200,INTARIAN_PEPPER_ROOT,10057.0,5.0,10051.0,18.0,,,10067.0,18.0,,,,,10062.0,0.0,prices_round_1_day_-2.csv,False,10.0,-0.5652173913043478,10059.173913043478,10059.173913043478,8.173913043478024,11.0,4.064490885670528,0.09911133960046964,8.254070284893913,-2.1739130434780236,7.826086956521976,-5.0,5.0,1,1,-8.173913043478024,,-11.0,,1,0,,,,,0,0,q4,tight,mid_high
-2,59300,INTARIAN_PEPPER_ROOT,10054.0,8.0,,,,,10065.0,8.0,10067.0,19.0,,,10059.5,0.0,prices_round_1_day_-2.csv,False,11.0,0.0,10059.5,10059.5,0.3260869565219764,-2.5,3.99211141684519,0.09949409780775717,8.240214475382093,-5.5,5.5,-5.5,5.5,1,1,,7.5,,7.5,0,1,,,,,0,0,q3,tight,mid_high
-2,59400,INTARIAN_PEPPER_ROOT,10054.0,11.0,10051.0,25.0,,,10065.0,11.0,10067.0,25.0,,,10059.5,0.0,prices_round_1_day_-2.csv,False,11.0,0.0,10059.5,10059.5,0.0,0.0,3.99211141684519,0.09932659932659933,8.226335331933535,-5.5,5.5,-5.5,5.5,1,1,-8.5,7.5,-8.5,7.5,1,1,,,,,0,0,q3,tight,mid_high
-2,59500,INTARIAN_PEPPER_ROOT,10051.0,24.0,,,,,10065.0,9.0,10068.0,24.0,,,10058.0,0.0,prices_round_1_day_-2.csv,False,14.0,0.45454545454545453,10061.181818181818,10061.181818181818,1.6818181818180165,-1.5,3.998332058300331,0.1019862490450723,8.216695155845036,-10.181818181818016,3.8181818181819835,-7.0,7.0,1,1,,6.8181818181819835,,10.0,0,1,,,,,0,0,q3,mid1,mid_high
-2,59600,INTARIAN_PEPPER_ROOT,10054.0,9.0,10052.0,21.0,,,10065.0,9.0,10068.0,21.0,,,10059.5,0.0,prices_round_1_day_-2.csv,False,11.0,0.0,10059.5,10059.5,-1.6818181818180165,1.5,3.8536829705932147,0.09899328859060402,8.208224440274618,-5.5,5.5,-5.5,5.5,1,1,-7.5,8.5,-7.5,8.5,1,1,,,,,0,0,q3,tight,mid_high
-2,59700,INTARIAN_PEPPER_ROOT,10054.0,12.0,10052.0,16.0,,,10068.0,16.0,,,,,10061.0,0.0,prices_round_1_day_-2.csv,False,14.0,-0.14285714285714285,10060.0,10060.0,0.5,1.5,3.741169419889521,0.09966499162479062,8.194721609041224,-6.0,8.0,-7.0,7.0,1,1,-8.0,,-9.0,,1,0,,,,,0,0,q3,mid1,mid_high
-2,59800,INTARIAN_PEPPER_ROOT,10054.0,12.0,10052.0,21.0,,,10065.0,12.0,10068.0,21.0,,,10059.5,0.0,prices_round_1_day_-2.csv,False,11.0,0.0,10059.5,10059.5,-0.5,-1.5,3.7407814870672964,0.09866220735785954,8.181596441802563,-5.5,5.5,-5.5,5.5,1,1,-7.5,8.5,-7.5,8.5,1,1,,,,,0,0,q3,tight,mid_high
-2,59900,INTARIAN_PEPPER_ROOT,10054.0,10.0,10052.0,22.0,,,10065.0,10.0,10068.0,22.0,,,10059.5,0.0,prices_round_1_day_-2.csv,False,11.0,0.0,10059.5,10059.5,0.0,0.0,3.7407814870672964,0.09849749582637729,8.16793109320483,-5.5,5.5,-5.5,5.5,1,1,-7.5,8.5,-7.5,8.5,1,1,,,,,0,0,q3,tight,mid_high
-2,60000,INTARIAN_PEPPER_ROOT,10052.0,21.0,,,,,10066.0,9.0,10068.0,21.0,,,10059.0,0.0,prices_round_1_day_-2.csv,False,14.0,0.4,10061.8,10061.8,2.2999999999992724,-0.5,3.753349689155993,0.10216666666666545,8.162372836934182,-9.799999999999272,4.200000000000728,-7.0,7.0,1,1,,6.200000000000728,,9.0,0,1,,,,,0,0,q3,mid1,mid_high
-2,60100,INTARIAN_PEPPER_ROOT,10052.0,20.0,,,,,10068.0,20.0,,,,,10060.0,0.0,prices_round_1_day_-2.csv,False,16.0,0.0,10060.0,10060.0,-1.7999999999992724,1.0,3.7611244566489734,0.09900166389351081,8.154789244980957,-8.0,8.0,-8.0,8.0,1,1,,,,,0,0,,,,,0,0,q3,mid1,mid_high
-2,60200,INTARIAN_PEPPER_ROOT,10055.0,8.0,10052.0,19.0,,,,,,,,,10055.0,0.0,prices_round_1_day_-2.csv,True,,1.0,,10055.0,-5.0,-5.0,3.82566120000371,0.09053156146179402,8.184409610466838,0.0,,0.0,,1,0,-3.0,,-3.0,,1,0,,,,,0,0,q3,mid1,mid_high
-2,60300,INTARIAN_PEPPER_ROOT,10052.0,25.0,,,,,10068.0,25.0,,,,,10060.0,0.0,prices_round_1_day_-2.csv,False,16.0,0.0,10060.0,10060.0,5.0,5.0,3.837084245226957,0.09867330016583747,8.210785854867725,-8.0,8.0,-8.0,8.0,1,1,,,,,0,0,,,,,0,0,q3,mid1,mid_high
-2,60400,INTARIAN_PEPPER_ROOT,10055.0,10.0,10052.0,23.0,,,10066.0,10.0,10068.0,23.0,,,10060.5,0.0,prices_round_1_day_-2.csv,False,11.0,0.0,10060.5,10060.5,0.5,0.5,3.7894112601889067,0.09933774834437085,8.197435955372429,-5.5,5.5,-5.5,5.5,1,1,-8.5,7.5,-8.5,7.5,1,1,,,,,0,0,q3,tight,mid_high
-2,60500,INTARIAN_PEPPER_ROOT,10055.0,9.0,,,,,10066.0,9.0,,,,,10060.5,0.0,prices_round_1_day_-2.csv,False,11.0,0.0,10060.5,10060.5,0.0,0.0,3.702363412970642,0.09917355371900827,8.183880352263404,-5.5,5.5,-5.5,5.5,1,1,,,,,0,0,,,,,0,0,q3,tight,mid_high
-2,60600,INTARIAN_PEPPER_ROOT,10055.0,10.0,10053.0,25.0,,,10066.0,10.0,10069.0,25.0,,,10060.5,0.0,prices_round_1_day_-2.csv,False,11.0,0.0,10060.5,10060.5,0.0,0.0,3.6228364331412286,0.09900990099009901,8.170369507323688,-5.5,5.5,-5.5,5.5,1,1,-7.5,8.5,-7.5,8.5,1,1,,,,,0,0,q3,tight,mid_high
-2,60700,INTARIAN_PEPPER_ROOT,10055.0,10.0,10053.0,17.0,,,10066.0,10.0,10069.0,17.0,,,10060.5,0.0,prices_round_1_day_-2.csv,False,11.0,0.0,10060.5,10060.5,0.0,0.0,3.6228364331412286,0.09884678747940692,8.156903199243354,-5.5,5.5,-5.5,5.5,1,1,-7.5,8.5,-7.5,8.5,1,1,,,,,0,0,q3,tight,mid_high
-2,60800,INTARIAN_PEPPER_ROOT,10055.0,10.0,,,,,10066.0,10.0,10069.0,25.0,,,10060.5,0.0,prices_round_1_day_-2.csv,False,11.0,0.0,10060.5,10060.5,0.0,0.0,3.6228364331412286,0.09868421052631579,8.143481208169124,-5.5,5.5,-5.5,5.5,1,1,,8.5,,8.5,0,1,,,,,0,0,q3,tight,mid_high
-2,60900,INTARIAN_PEPPER_ROOT,10055.0,9.0,10053.0,15.0,,,10066.0,9.0,10069.0,15.0,,,10060.5,0.0,prices_round_1_day_-2.csv,False,11.0,0.0,10060.5,10060.5,0.0,0.0,3.6228364331412286,0.09852216748768473,8.130103315692395,-5.5,5.5,-5.5,5.5,1,1,-7.5,8.5,-7.5,8.5,1,1,,,,,0,0,q3,tight,mid_high
-2,61000,INTARIAN_PEPPER_ROOT,10055.0,9.0,10053.0,19.0,,,10067.0,9.0,10069.0,19.0,,,10061.0,0.0,prices_round_1_day_-2.csv,False,12.0,0.0,10061.0,10061.0,0.5,0.5,3.6228364331412286,0.09918032786885246,8.117017629152992,-6.0,6.0,-6.0,6.0,1,1,-8.0,8.0,-8.0,8.0,1,1,,,,,0,0,q3,tight,mid_high
-2,61100,INTARIAN_PEPPER_ROOT,10053.0,16.0,,,,,10069.0,16.0,,,,,10061.0,0.0,prices_round_1_day_-2.csv,False,16.0,0.0,10061.0,10061.0,0.0,0.0,3.622399833810362,0.09901800327332243,8.103727142282297,-8.0,8.0,-8.0,8.0,1,1,,,,,0,0,,,,,0,0,q3,mid1,mid_high
-2,61200,INTARIAN_PEPPER_ROOT,,,,,,,10067.0,9.0,10069.0,23.0,,,10067.0,0.0,prices_round_1_day_-2.csv,True,,-1.0,,10067.0,6.0,6.0,3.498985996680885,0.10866013071895425,8.147362106869766,,0.0,,0.0,0,1,,2.0,,2.0,0,1,,,,,0,0,q3,mid1,mid_high
-2,61300,INTARIAN_PEPPER_ROOT,10056.0,8.0,10053.0,20.0,,,10067.0,8.0,10069.0,20.0,,,10061.5,0.0,prices_round_1_day_-2.csv,False,11.0,0.0,10061.5,10061.5,-5.5,-5.5,3.3945401757777045,0.09951060358890701,8.185366011717834,-5.5,5.5,-5.5,5.5,1,1,-8.5,7.5,-8.5,7.5,1,1,,,,,0,0,q3,tight,mid_high
-2,61400,INTARIAN_PEPPER_ROOT,10056.0,8.0,10053.0,15.0,,,10069.0,15.0,,,,,10062.5,0.0,prices_round_1_day_-2.csv,False,13.0,-0.30434782608695654,10060.521739130434,10060.521739130434,-0.9782608695659292,1.0,3.39794581961747,0.09775527545673302,8.173904891805993,-4.521739130434071,8.47826086956593,-6.5,6.5,1,1,-7.521739130434071,,-9.5,,1,0,,,,,0,0,q3,tight,mid_high
-2,61500,INTARIAN_PEPPER_ROOT,,,,,,,10067.0,9.0,10070.0,16.0,,,10067.0,0.0,prices_round_1_day_-2.csv,True,,-1.0,,10067.0,6.478260869565929,4.5,3.516265718252557,0.108130081300813,8.226788849848221,,0.0,,0.0,0,1,,3.0,,3.0,0,1,,,,,0,0,q3,mid1,mid_high
-2,61600,INTARIAN_PEPPER_ROOT,10056.0,10.0,10054.0,20.0,,,10067.0,10.0,,,,,10061.5,0.0,prices_round_1_day_-2.csv,False,11.0,0.0,10061.5,10061.5,-5.5,-5.5,3.60603758263342,0.09902597402597403,8.264468975280858,-5.5,5.5,-5.5,5.5,1,1,-7.5,,-7.5,,1,0,,,,,0,0,q3,tight,mid_high
-2,61700,INTARIAN_PEPPER_ROOT,10064.0,5.0,10056.0,9.0,10054.0,23.0,10067.0,9.0,10070.0,23.0,,,10065.5,0.0,prices_round_1_day_-2.csv,False,3.0,-0.2857142857142857,10065.07142857143,10065.07142857143,3.571428571429351,4.0,3.515302290763366,0.1046538550590427,8.270594898258869,-1.071428571429351,1.928571428570649,-1.5,1.5,1,1,-9.071428571429351,4.928571428570649,-9.5,4.5,1,1,-11.071428571429351,,-11.5,,1,0,q3,tight,mid_high
-2,61800,INTARIAN_PEPPER_ROOT,10056.0,12.0,10054.0,15.0,,,10067.0,12.0,10070.0,15.0,,,10061.5,0.0,prices_round_1_day_-2.csv,False,11.0,0.0,10061.5,10061.5,-3.571428571429351,-4.0,3.474323788731988,0.09870550161812297,8.27905700599068,-5.5,5.5,-5.5,5.5,1,1,-7.5,8.5,-7.5,8.5,1,1,,,,,0,0,q3,tight,mid_high
-2,61900,INTARIAN_PEPPER_ROOT,10054.0,15.0,,,,,10067.0,10.0,10070.0,15.0,,,10060.5,0.0,prices_round_1_day_-2.csv,False,13.0,0.2,10061.8,10061.8,0.2999999999992724,-1.0,3.4744066110852763,0.0990306946688195,8.265725933190543,-7.799999999999272,5.200000000000728,-6.5,6.5,1,1,,8.200000000000728,,9.5,0,1,,,,,0,0,q3,tight,mid_high
-2,62000,INTARIAN_PEPPER_ROOT,10056.0,10.0,10054.0,25.0,,,10068.0,10.0,10070.0,25.0,,,10062.0,0.0,prices_round_1_day_-2.csv,False,12.0,0.0,10062.0,10062.0,0.2000000000007276,1.5,3.4739713311075495,0.09919354838709678,8.252389022728835,-6.0,6.0,-6.0,6.0,1,1,-8.0,8.0,-8.0,8.0,1,1,,,,,0,0,q3,tight,mid_high
-2,62100,INTARIAN_PEPPER_ROOT,10057.0,9.0,,,,,10068.0,9.0,10070.0,21.0,,,10062.5,0.0,prices_round_1_day_-2.csv,False,11.0,0.0,10062.5,10062.5,0.5,0.5,3.4739713311075495,0.0998389694041868,8.239337406761122,-5.5,5.5,-5.5,5.5,1,1,,7.5,,7.5,0,1,,,,,0,0,q3,tight,mid_high
-2,62200,INTARIAN_PEPPER_ROOT,10057.0,10.0,10054.0,25.0,,,10068.0,10.0,10070.0,25.0,,,10062.5,0.0,prices_round_1_day_-2.csv,False,11.0,0.0,10062.5,10062.5,0.0,0.0,3.4280814044417918,0.09967845659163987,8.226085578077736,-5.5,5.5,-5.5,5.5,1,1,-8.5,7.5,-8.5,7.5,1,1,,,,,0,0,q3,tight,mid_high
-2,62300,INTARIAN_PEPPER_ROOT,10057.0,12.0,10054.0,19.0,,,10068.0,12.0,10070.0,19.0,,,10062.5,0.0,prices_round_1_day_-2.csv,False,11.0,0.0,10062.5,10062.5,0.0,0.0,3.378670683104135,0.09951845906902086,8.212876308412662,-5.5,5.5,-5.5,5.5,1,1,-8.5,7.5,-8.5,7.5,1,1,,,,,0,0,q3,tight,mid_high
-2,62400,INTARIAN_PEPPER_ROOT,10057.0,10.0,10054.0,20.0,,,10070.0,20.0,,,,,10063.5,0.0,prices_round_1_day_-2.csv,False,13.0,-0.3333333333333333,10061.333333333334,10061.333333333334,-1.1666666666660603,1.0,3.3720013210451705,0.09748931623931721,8.202262791869728,-4.33333333333394,8.66666666666606,-6.5,6.5,1,1,-7.33333333333394,,-9.5,,1,0,,,,,0,0,q3,tight,mid_high
-2,62500,INTARIAN_PEPPER_ROOT,10057.0,11.0,10054.0,18.0,,,10068.0,11.0,10071.0,18.0,,,10062.5,0.0,prices_round_1_day_-2.csv,False,11.0,0.0,10062.5,10062.5,1.1666666666660603,-1.0,3.3626932411833845,0.0992,8.190947164290344,-5.5,5.5,-5.5,5.5,1,1,-8.5,8.5,-8.5,8.5,1,1,,,,,0,0,q3,tight,mid_high
-2,62600,INTARIAN_PEPPER_ROOT,10057.0,8.0,10055.0,16.0,,,10071.0,16.0,,,,,10064.0,0.0,prices_round_1_day_-2.csv,False,14.0,-0.3333333333333333,10061.666666666666,10061.666666666666,-0.8333333333339397,1.5,3.361641117723379,0.09771033013844418,8.179230815629044,-4.66666666666606,9.33333333333394,-7.0,7.0,1,1,-6.66666666666606,,-9.0,,1,0,,,,,0,0,q3,mid1,mid_high
-2,62700,INTARIAN_PEPPER_ROOT,10057.0,12.0,10055.0,17.0,,,10071.0,17.0,,,,,10064.0,0.0,prices_round_1_day_-2.csv,False,14.0,-0.1724137931034483,10062.793103448275,10062.793103448275,1.1264367816093,0.0,3.353822637528605,0.09935104218225735,8.167852795585032,-5.79310344827536,8.20689655172464,-7.0,7.0,1,1,-7.79310344827536,,-9.0,,1,0,,,,,0,0,q3,mid1,mid_high
-2,62800,INTARIAN_PEPPER_ROOT,10055.0,23.0,,,,,10068.0,11.0,10071.0,23.0,,,10061.5,0.0,prices_round_1_day_-2.csv,False,13.0,0.35294117647058826,10063.79411764706,10063.79411764706,1.0010141987841052,-2.5,3.3473335703632654,0.10078681153990361,8.156120497454342,-8.794117647059466,4.2058823529405345,-6.5,6.5,1,1,,7.2058823529405345,,9.5,0,1,,,,,0,0,q3,tight,mid_high
-2,62900,INTARIAN_PEPPER_ROOT,10057.0,8.0,,,,,10068.0,8.0,,,,,10062.5,0.0,prices_round_1_day_-2.csv,False,11.0,0.0,10062.5,10062.5,-1.2941176470594655,1.0,3.3514497948538726,0.0985691573926868,8.146226460090501,-5.5,5.5,-5.5,5.5,1,1,,,,,0,0,,,,,0,0,q3,tight,mid_high
-2,63000,INTARIAN_PEPPER_ROOT,10057.0,8.0,10055.0,23.0,,,10069.0,8.0,10071.0,23.0,,,10063.0,0.0,prices_round_1_day_-2.csv,False,12.0,0.0,10063.0,10063.0,0.5,0.5,3.351921686545225,0.0992063492063492,8.133531173083918,-6.0,6.0,-6.0,6.0,1,1,-8.0,8.0,-8.0,8.0,1,1,,,,,0,0,q3,tight,mid_high
-2,63100,INTARIAN_PEPPER_ROOT,10055.0,17.0,,,,,10069.0,11.0,10071.0,17.0,,,10062.0,0.0,prices_round_1_day_-2.csv,False,14.0,0.21428571428571427,10063.5,10063.5,0.5,-1.0,3.351921686545225,0.09984152139461172,8.120875379122731,-8.5,5.5,-7.0,7.0,1,1,,7.5,,9.0,0,1,,,,,0,0,q3,mid1,mid_high
-2,63200,INTARIAN_PEPPER_ROOT,10058.0,10.0,,,,,10069.0,10.0,10071.0,25.0,,,10063.5,0.0,prices_round_1_day_-2.csv,False,11.0,0.0,10063.5,10063.5,0.0,1.5,3.351921686545225,0.09968354430379747,8.10802130174967,-5.5,5.5,-5.5,5.5,1,1,,7.5,,7.5,0,1,,,,,0,0,q3,tight,mid_high
-2,63300,INTARIAN_PEPPER_ROOT,10058.0,12.0,,,,,10071.0,17.0,,,,,10064.5,0.0,prices_round_1_day_-2.csv,False,13.0,-0.1724137931034483,10063.379310344828,10063.379310344828,-0.12068965517210017,1.0,3.2601190397816104,0.09933540338835371,8.095268875047724,-5.3793103448279,7.6206896551721,-6.5,6.5,1,1,,,,,0,0,,,,,0,0,q2,tight,mid_high
-2,63400,INTARIAN_PEPPER_ROOT,10058.0,9.0,10055.0,25.0,,,10069.0,9.0,,,,,10063.5,0.0,prices_round_1_day_-2.csv,False,11.0,0.0,10063.5,10063.5,0.12068965517210017,-1.0,2.8485861248711317,0.09936908517350158,8.082480859897284,-5.5,5.5,-5.5,5.5,1,1,-8.5,,-8.5,,1,0,,,,,0,0,q2,tight,mid_high
-2,63500,INTARIAN_PEPPER_ROOT,10058.0,10.0,10055.0,24.0,,,10072.0,24.0,,,,,10065.0,0.0,prices_round_1_day_-2.csv,False,14.0,-0.4117647058823529,10062.117647058823,10062.117647058823,-1.3823529411765776,1.5,2.7524084254308114,0.09703566465956444,8.073189947946025,-4.117647058823422,9.882352941176578,-7.0,7.0,1,1,-7.117647058823422,,-10.0,,1,0,,,,,0,0,q1,mid1,mid_high
-2,63600,INTARIAN_PEPPER_ROOT,10058.0,11.0,10056.0,19.0,,,10069.0,11.0,10072.0,19.0,,,10063.5,0.0,prices_round_1_day_-2.csv,False,11.0,0.0,10063.5,10063.5,1.3823529411765776,-1.5,2.7586025075469336,0.09905660377358491,8.063073810946669,-5.5,5.5,-5.5,5.5,1,1,-7.5,8.5,-7.5,8.5,1,1,,,,,0,0,q2,tight,mid_high
-2,63700,INTARIAN_PEPPER_ROOT,10058.0,11.0,10056.0,18.0,,,10069.0,11.0,,,,,10063.5,0.0,prices_round_1_day_-2.csv,False,11.0,0.0,10063.5,10063.5,0.0,0.0,2.7586025075469336,0.0989010989010989,8.050411425720286,-5.5,5.5,-5.5,5.5,1,1,-7.5,,-7.5,,1,0,,,,,0,0,q2,tight,mid_high
-2,63800,INTARIAN_PEPPER_ROOT,10056.0,19.0,,,,,10069.0,9.0,10072.0,19.0,,,10062.5,0.0,prices_round_1_day_-2.csv,False,13.0,0.35714285714285715,10064.82142857143,10064.82142857143,1.321428571429351,-1.0,2.76394965186166,0.10081728616211497,8.040116008771772,-8.821428571429351,4.178571428570649,-6.5,6.5,1,1,,7.178571428570649,,9.5,0,1,,,,,0,0,q2,tight,mid_high
-2,63900,INTARIAN_PEPPER_ROOT,10058.0,9.0,,,,,10069.0,9.0,10072.0,19.0,,,10063.5,0.0,prices_round_1_day_-2.csv,False,11.0,0.0,10063.5,10063.5,-1.321428571429351,1.0,2.7714906063614824,0.09859154929577464,8.03067949110034,-5.5,5.5,-5.5,5.5,1,1,,8.5,,8.5,0,1,,,,,0,0,q2,tight,mid_high
-2,64000,INTARIAN_PEPPER_ROOT,10056.0,19.0,,,,,10070.0,9.0,10072.0,19.0,,,10063.0,0.0,prices_round_1_day_-2.csv,False,14.0,0.35714285714285715,10065.5,10065.5,2.0,-0.5,2.783998918295103,0.1015625,8.023760908337481,-9.5,4.5,-7.0,7.0,1,1,,6.5,,9.0,0,1,,,,,0,0,q2,mid1,mid_high
-2,64100,INTARIAN_PEPPER_ROOT,10059.0,12.0,10056.0,19.0,,,10070.0,12.0,10072.0,19.0,,,10064.5,0.0,prices_round_1_day_-2.csv,False,11.0,0.0,10064.5,10064.5,-1.0,1.5,2.5313618536691194,0.0998439937597504,8.01311682394848,-5.5,5.5,-5.5,5.5,1,1,-8.5,7.5,-8.5,7.5,1,1,,,,,0,0,q1,tight,mid_high
-2,64200,INTARIAN_PEPPER_ROOT,10056.0,17.0,,,,,10072.0,17.0,,,,,10064.0,0.0,prices_round_1_day_-2.csv,False,16.0,0.0,10064.0,10064.0,-0.5,-0.5,2.261470408997382,0.09890965732087227,8.00117631776564,-8.0,8.0,-8.0,8.0,1,1,,,,,0,0,,,,,0,0,q1,mid1,mid_high
-2,64300,INTARIAN_PEPPER_ROOT,10059.0,11.0,10056.0,15.0,,,10061.0,5.0,10072.0,15.0,,,10060.0,0.0,prices_round_1_day_-2.csv,False,2.0,0.375,10060.375,10060.375,-3.625,-4.0,2.3215185663030247,0.09311819595645413,8.010280305209903,-1.375,0.625,-1.0,1.0,1,1,-4.375,11.625,-4.0,12.0,1,1,,,,,0,0,q1,tight,mid_high
-2,64400,INTARIAN_PEPPER_ROOT,10059.0,8.0,10056.0,16.0,,,10070.0,8.0,10072.0,16.0,,,10064.5,0.0,prices_round_1_day_-2.csv,False,11.0,0.0,10064.5,10064.5,4.125,4.5,2.393076372604565,0.09937888198757763,8.023064983639884,-5.5,5.5,-5.5,5.5,1,1,-8.5,7.5,-8.5,7.5,1,1,,,,,0,0,q1,tight,mid_high
-2,64500,INTARIAN_PEPPER_ROOT,10059.0,9.0,10056.0,16.0,,,10070.0,9.0,10073.0,16.0,,,10064.5,0.0,prices_round_1_day_-2.csv,False,11.0,0.0,10064.5,10064.5,0.0,0.0,2.382183840823412,0.09922480620155039,8.010622120078807,-5.5,5.5,-5.5,5.5,1,1,-8.5,8.5,-8.5,8.5,1,1,,,,,0,0,q1,tight,mid_high
-2,64600,INTARIAN_PEPPER_ROOT,10059.0,8.0,,,,,10070.0,8.0,10073.0,25.0,,,10064.5,0.0,prices_round_1_day_-2.csv,False,11.0,0.0,10064.5,10064.5,0.0,0.0,2.3688319990110926,0.09907120743034056,7.998217791708695,-5.5,5.5,-5.5,5.5,1,1,,8.5,,8.5,0,1,,,,,0,0,q1,tight,mid_high
-2,64700,INTARIAN_PEPPER_ROOT,10059.0,12.0,10057.0,24.0,,,10070.0,12.0,10073.0,24.0,,,10064.5,0.0,prices_round_1_day_-2.csv,False,11.0,0.0,10064.5,10064.5,0.0,0.0,2.368164220283882,0.09891808346213292,7.985851819792684,-5.5,5.5,-5.5,5.5,1,1,-7.5,8.5,-7.5,8.5,1,1,,,,,0,0,q1,tight,mid_high
-2,64800,INTARIAN_PEPPER_ROOT,10059.0,12.0,10057.0,23.0,,,10073.0,23.0,,,,,10066.0,0.0,prices_round_1_day_-2.csv,False,14.0,-0.3142857142857143,10063.8,10063.8,-0.7000000000007276,1.5,2.369349721076102,0.09768518518518406,7.974493911445795,-4.799999999999272,9.200000000000728,-7.0,7.0,1,1,-6.799999999999272,,-9.0,,1,0,,,,,0,0,q1,mid1,mid_high
-2,64900,INTARIAN_PEPPER_ROOT,10059.0,10.0,10057.0,22.0,,,10070.0,10.0,,,,,10064.5,0.0,prices_round_1_day_-2.csv,False,11.0,0.0,10064.5,10064.5,0.7000000000007276,-1.5,2.3708987658494145,0.09861325115562404,7.962746581564341,-5.5,5.5,-5.5,5.5,1,1,-7.5,,-7.5,,1,0,,,,,0,0,q1,tight,mid_high
-2,65000,INTARIAN_PEPPER_ROOT,10057.0,23.0,,,,,10073.0,23.0,,,,,10065.0,0.0,prices_round_1_day_-2.csv,False,16.0,0.0,10065.0,10065.0,0.5,0.5,2.3503889688400768,0.09923076923076923,7.950725190003495,-8.0,8.0,-8.0,8.0,1,1,,,,,0,0,,,,,0,0,q1,mid1,mid_high
-2,65100,INTARIAN_PEPPER_ROOT,10060.0,9.0,10057.0,19.0,,,10071.0,9.0,10073.0,19.0,,,10065.5,0.0,prices_round_1_day_-2.csv,False,11.0,0.0,10065.5,10065.5,0.5,0.5,2.33562423128018,0.09984639016897082,7.938740027025646,-5.5,5.5,-5.5,5.5,1,1,-8.5,7.5,-8.5,7.5,1,1,,,,,0,0,q1,tight,mid_high
-2,65200,INTARIAN_PEPPER_ROOT,10060.0,10.0,,,,,10073.0,21.0,,,,,10066.5,0.0,prices_round_1_day_-2.csv,False,13.0,-0.3548387096774194,10064.193548387097,10064.193548387097,-1.3064516129034018,1.0,2.226570879155922,0.09768949139125245,7.929578584328219,-4.193548387096598,8.806451612903402,-6.5,6.5,1,1,,,,,0,0,,,,,0,0,q1,tight,mid_high
-2,65300,INTARIAN_PEPPER_ROOT,10060.0,11.0,10057.0,23.0,,,10073.0,23.0,,,,,10066.5,0.0,prices_round_1_day_-2.csv,False,13.0,-0.35294117647058826,10064.20588235294,10064.20588235294,0.012333965843936312,0.0,2.1153475420232635,0.09755877848842348,7.917427811052674,-4.2058823529405345,8.794117647059466,-6.5,6.5,1,1,-7.2058823529405345,,-9.5,,1,0,,,,,0,0,q1,tight,mid_high
-2,65400,INTARIAN_PEPPER_ROOT,10060.0,12.0,10057.0,20.0,,,10073.0,20.0,,,,,10066.5,0.0,prices_round_1_day_-2.csv,False,13.0,-0.25,10064.875,10064.875,0.6691176470594655,0.0,2.1161611412283134,0.09843272171253822,7.90580262302693,-4.875,8.125,-6.5,6.5,1,1,-7.875,,-9.5,,1,0,,,,,0,0,q1,tight,mid_high
-2,65500,INTARIAN_PEPPER_ROOT,10060.0,9.0,,,,,10071.0,9.0,10074.0,23.0,,,10065.5,0.0,prices_round_1_day_-2.csv,False,11.0,0.0,10065.5,10065.5,0.625,-1.0,2.1174792402258813,0.09923664122137404,7.894137557519023,-5.5,5.5,-5.5,5.5,1,1,,8.5,,8.5,0,1,,,,,0,0,q1,tight,mid_high
-2,65600,INTARIAN_PEPPER_ROOT,10058.0,16.0,,,,,10071.0,10.0,10074.0,16.0,,,10064.5,0.0,prices_round_1_day_-2.csv,False,13.0,0.23076923076923078,10066.0,10066.0,0.5,-1.0,2.1181778764922092,0.09984756097560976,7.882330273363249,-8.0,5.0,-6.5,6.5,1,1,,8.0,,9.5,0,1,,,,,0,0,q1,tight,mid_high
-2,65700,INTARIAN_PEPPER_ROOT,10060.0,9.0,10058.0,24.0,,,10071.0,9.0,10074.0,24.0,,,10065.5,0.0,prices_round_1_day_-2.csv,False,11.0,0.0,10065.5,10065.5,-0.5,1.0,2.1198873588991063,0.0989345509893455,7.8708621928087235,-5.5,5.5,-5.5,5.5,1,1,-7.5,8.5,-7.5,8.5,1,1,,,,,0,0,q1,tight,mid_high
-2,65800,INTARIAN_PEPPER_ROOT,10060.0,9.0,10058.0,21.0,,,10074.0,21.0,,,,,10067.0,0.0,prices_round_1_day_-2.csv,False,14.0,-0.4,10064.2,10064.2,-1.2999999999992724,1.5,2.129091011880227,0.09680851063829898,7.86185638077499,-4.200000000000728,9.799999999999272,-7.0,7.0,1,1,-6.200000000000728,,-9.0,,1,0,,,,,0,0,q1,mid1,mid_high
-2,65900,INTARIAN_PEPPER_ROOT,10060.0,11.0,10058.0,18.0,,,10071.0,11.0,,,,,10065.5,0.0,prices_round_1_day_-2.csv,False,11.0,0.0,10065.5,10065.5,1.2999999999992724,-1.5,2.1360950368035794,0.09863429438543247,7.852105038239777,-5.5,5.5,-5.5,5.5,1,1,-7.5,,-7.5,,1,0,,,,,0,0,q1,tight,mid_high
-2,66000,INTARIAN_PEPPER_ROOT,10058.0,24.0,,,,,10072.0,11.0,,,,,10065.0,0.0,prices_round_1_day_-2.csv,False,14.0,0.37142857142857144,10067.6,10067.6,2.100000000000364,-0.5,2.1541180225875523,0.10166666666666722,7.846258741977988,-9.600000000000364,4.399999999999636,-7.0,7.0,1,1,,,,,0,0,,,,,0,0,q1,mid1,mid_high
-2,66100,INTARIAN_PEPPER_ROOT,10061.0,10.0,,,,,10072.0,10.0,10074.0,19.0,,,10066.5,0.0,prices_round_1_day_-2.csv,False,11.0,0.0,10066.5,10066.5,-1.1000000000003638,1.5,2.161099485412176,0.09984871406959153,7.836555044194296,-5.5,5.5,-5.5,5.5,1,1,,7.5,,7.5,0,1,,,,,0,0,q1,tight,mid_high
-2,66200,INTARIAN_PEPPER_ROOT,10061.0,12.0,,,,,10074.0,20.0,,,,,10067.5,0.0,prices_round_1_day_-2.csv,False,13.0,-0.25,10065.875,10065.875,-0.625,1.0,1.988833679374954,0.09875377643504532,7.825493103120102,-4.875,8.125,-6.5,6.5,1,1,,,,,0,0,,,,,0,0,q1,tight,mid_high
-2,66300,INTARIAN_PEPPER_ROOT,10061.0,9.0,10058.0,20.0,,,10072.0,9.0,10074.0,20.0,,,10066.5,0.0,prices_round_1_day_-2.csv,False,11.0,0.0,10066.5,10066.5,0.625,-1.0,1.8265806591049072,0.09954751131221719,7.814089816541122,-5.5,5.5,-5.5,5.5,1,1,-8.5,7.5,-8.5,7.5,1,1,,,,,0,0,q1,tight,mid_high
-2,66400,INTARIAN_PEPPER_ROOT,10061.0,12.0,10058.0,15.0,,,10072.0,12.0,10074.0,15.0,,,10066.5,0.0,prices_round_1_day_-2.csv,False,11.0,0.0,10066.5,10066.5,0.0,0.0,1.8200227735577545,0.09939759036144578,7.802318783307652,-5.5,5.5,-5.5,5.5,1,1,-8.5,7.5,-8.5,7.5,1,1,,,,,0,0,q1,tight,mid_high
-2,66500,INTARIAN_PEPPER_ROOT,10061.0,8.0,10058.0,23.0,,,10075.0,23.0,,,,,10068.0,0.0,prices_round_1_day_-2.csv,False,14.0,-0.4838709677419355,10064.612903225807,10064.612903225807,-1.8870967741931963,1.5,1.5940306996409939,0.09641038079068692,7.7965023781903655,-3.6129032258068037,10.387096774193196,-7.0,7.0,1,1,-6.612903225806804,,-10.0,,1,0,,,,,0,0,q1,mid1,mid_high
-2,66600,INTARIAN_PEPPER_ROOT,10061.0,9.0,,,,,10072.0,9.0,10075.0,15.0,,,10066.5,0.0,prices_round_1_day_-2.csv,False,11.0,0.0,10066.5,10066.5,1.8870967741931963,-1.5,1.4101010135611105,0.0990990990990991,7.78959296575433,-5.5,5.5,-5.5,5.5,1,1,,8.5,,8.5,0,1,,,,,0,0,q1,tight,mid_high
-2,66700,INTARIAN_PEPPER_ROOT,10059.0,23.0,,,,,,,,,,,10059.0,0.0,prices_round_1_day_-2.csv,True,,1.0,,10059.0,-7.5,-7.5,1.6944598297373097,0.08770614692653673,7.864473052810762,0.0,,0.0,,1,0,,,,,0,0,,,,,0,0,q1,mid1,mid_high
-2,66800,INTARIAN_PEPPER_ROOT,10061.0,12.0,10059.0,19.0,,,10072.0,12.0,10075.0,19.0,,,10066.5,0.0,prices_round_1_day_-2.csv,False,11.0,0.0,10066.5,10066.5,7.5,7.5,1.940022377696594,0.09880239520958084,7.934930891579216,-5.5,5.5,-5.5,5.5,1,1,-7.5,8.5,-7.5,8.5,1,1,,,,,0,0,q1,tight,mid_high
-2,66900,INTARIAN_PEPPER_ROOT,10061.0,9.0,10059.0,19.0,,,10075.0,19.0,,,,,10068.0,0.0,prices_round_1_day_-2.csv,False,14.0,-0.35714285714285715,10065.5,10065.5,-1.0,1.5,1.945989357901423,0.09715994020926756,7.924856986008334,-4.5,9.5,-7.0,7.0,1,1,-6.5,,-9.0,,1,0,,,,,0,0,q1,mid1,mid_high
-2,67000,INTARIAN_PEPPER_ROOT,10059.0,20.0,,,,,10073.0,8.0,10075.0,20.0,,,10066.0,0.0,prices_round_1_day_-2.csv,False,14.0,0.42857142857142855,10069.0,10069.0,3.5,-2.0,2.0054042010619746,0.10223880597014925,7.930293728786568,-10.0,4.0,-7.0,7.0,1,1,,6.0,,9.0,0,1,,,,,0,0,q1,mid1,mid_high
-2,67100,INTARIAN_PEPPER_ROOT,10062.0,11.0,10059.0,24.0,,,10073.0,11.0,10075.0,24.0,,,10067.5,0.0,prices_round_1_day_-2.csv,False,11.0,0.0,10067.5,10067.5,-1.5,1.5,2.0179837101758222,0.09985096870342772,7.922283355020954,-5.5,5.5,-5.5,5.5,1,1,-8.5,7.5,-8.5,7.5,1,1,,,,,0,0,q1,tight,mid_high
-2,67200,INTARIAN_PEPPER_ROOT,10062.0,8.0,10059.0,21.0,,,10073.0,8.0,10075.0,21.0,,,10067.5,0.0,prices_round_1_day_-2.csv,False,11.0,0.0,10067.5,10067.5,0.0,0.0,2.0179837101758222,0.09970238095238096,7.910491510049716,-5.5,5.5,-5.5,5.5,1,1,-8.5,7.5,-8.5,7.5,1,1,,,,,0,0,q1,tight,mid_high
-2,67300,INTARIAN_PEPPER_ROOT,10059.0,25.0,,,,,10075.0,25.0,,,,,10067.0,0.0,prices_round_1_day_-2.csv,False,16.0,0.0,10067.0,10067.0,-0.5,-0.5,2.0197274744037887,0.0988112927191679,7.899254333037714,-8.0,8.0,-8.0,8.0,1,1,,,,,0,0,,,,,0,0,q1,mid1,mid_high
-2,67400,INTARIAN_PEPPER_ROOT,10062.0,9.0,10059.0,20.0,,,10064.0,4.0,10073.0,9.0,,,10063.0,0.0,prices_round_1_day_-2.csv,False,2.0,0.38461538461538464,10063.384615384615,10063.384615384615,-3.6153846153847553,-4.0,2.079621208234448,0.09330061629764873,7.907984688429872,-1.3846153846152447,0.6153846153847553,-1.0,1.0,1,1,-4.384615384615245,9.615384615384755,-4.0,10.0,1,1,,,,,0,0,q1,tight,mid_high
-2,67500,INTARIAN_PEPPER_ROOT,10062.0,8.0,10059.0,17.0,,,10073.0,8.0,10076.0,17.0,,,10067.5,0.0,prices_round_1_day_-2.csv,False,11.0,0.0,10067.5,10067.5,4.115384615384755,4.5,2.152719346712009,0.09925925925925926,7.9202179359740414,-5.5,5.5,-5.5,5.5,1,1,-8.5,8.5,-8.5,8.5,1,1,,,,,0,0,q1,tight,mid_high
-2,67600,INTARIAN_PEPPER_ROOT,10062.0,11.0,10060.0,15.0,,,10073.0,11.0,10076.0,15.0,,,10067.5,0.0,prices_round_1_day_-2.csv,False,11.0,0.0,10067.5,10067.5,0.0,0.0,2.1485677654779733,0.09911242603550297,7.908498854329624,-5.5,5.5,-5.5,5.5,1,1,-7.5,8.5,-7.5,8.5,1,1,,,,,0,0,q1,tight,mid_high
-2,67700,INTARIAN_PEPPER_ROOT,10060.0,22.0,,,,,10073.0,11.0,10076.0,22.0,,,10066.5,0.0,prices_round_1_day_-2.csv,False,13.0,0.3333333333333333,10068.666666666666,10068.666666666666,1.1666666666660603,-1.0,2.148961118943405,0.10068931560807394,7.898483306677565,-8.66666666666606,4.33333333333394,-6.5,6.5,1,1,,7.33333333333394,,9.5,0,1,,,,,0,0,q1,tight,mid_high
-2,67800,INTARIAN_PEPPER_ROOT,10062.0,9.0,,,,,10073.0,9.0,,,,,10067.5,0.0,prices_round_1_day_-2.csv,False,11.0,0.0,10067.5,10067.5,-1.1666666666660603,1.0,2.1526350532334915,0.09882005899705015,7.889185432032926,-5.5,5.5,-5.5,5.5,1,1,,,,,0,0,,,,,0,0,q1,tight,mid_high
-2,67900,INTARIAN_PEPPER_ROOT,10062.0,8.0,10060.0,20.0,,,10073.0,8.0,10076.0,20.0,,,10067.5,0.0,prices_round_1_day_-2.csv,False,11.0,0.0,10067.5,10067.5,0.0,0.0,2.143609281066818,0.09867452135493372,7.877563847357394,-5.5,5.5,-5.5,5.5,1,1,-7.5,8.5,-7.5,8.5,1,1,,,,,0,0,q1,tight,mid_high
-2,68000,INTARIAN_PEPPER_ROOT,10062.0,8.0,10060.0,23.0,,,10074.0,8.0,10076.0,23.0,,,10068.0,0.0,prices_round_1_day_-2.csv,False,12.0,0.0,10068.0,10068.0,0.5,0.5,2.143609281066818,0.09926470588235294,7.86619898938444,-6.0,6.0,-6.0,6.0,1,1,-8.0,8.0,-8.0,8.0,1,1,,,,,0,0,q1,tight,mid_high
-2,68100,INTARIAN_PEPPER_ROOT,10063.0,10.0,,,,,10074.0,10.0,10076.0,17.0,,,10068.5,0.0,prices_round_1_day_-2.csv,False,11.0,0.0,10068.5,10068.5,0.5,0.5,2.143609281066818,0.09985315712187959,7.854866862874714,-5.5,5.5,-5.5,5.5,1,1,,7.5,,7.5,0,1,,,,,0,0,q1,tight,mid_high
-2,68200,INTARIAN_PEPPER_ROOT,10063.0,9.0,10060.0,22.0,,,10076.0,22.0,,,,,10069.5,0.0,prices_round_1_day_-2.csv,False,13.0,-0.41935483870967744,10066.774193548386,10066.774193548386,-1.7258064516136074,1.0,2.159090784568864,0.09717623687446685,7.84821969547225,-3.7741935483863926,9.225806451613607,-6.5,6.5,1,1,-6.774193548386393,,-9.5,,1,0,,,,,0,0,q1,tight,mid_high
-2,68300,INTARIAN_PEPPER_ROOT,10063.0,12.0,10060.0,16.0,,,10074.0,12.0,10076.0,16.0,,,10068.5,0.0,prices_round_1_day_-2.csv,False,11.0,0.0,10068.5,10068.5,1.7258064516136074,-1.0,2.171596785387774,0.09956076134699854,7.840595550563577,-5.5,5.5,-5.5,5.5,1,1,-8.5,7.5,-8.5,7.5,1,1,,,,,0,0,q1,tight,mid_high
-2,68400,INTARIAN_PEPPER_ROOT,10063.0,11.0,10060.0,23.0,,,10074.0,11.0,10076.0,23.0,,,10068.5,0.0,prices_round_1_day_-2.csv,False,11.0,0.0,10068.5,10068.5,0.0,0.0,2.1716431311996547,0.09941520467836257,7.829130400201796,-5.5,5.5,-5.5,5.5,1,1,-8.5,7.5,-8.5,7.5,1,1,,,,,0,0,q1,tight,mid_high
-2,68500,INTARIAN_PEPPER_ROOT,10063.0,11.0,10060.0,25.0,,,10074.0,11.0,10077.0,25.0,,,10068.5,0.0,prices_round_1_day_-2.csv,False,11.0,0.0,10068.5,10068.5,0.0,0.0,2.161160271988037,0.09927007299270073,7.8176987314217135,-5.5,5.5,-5.5,5.5,1,1,-8.5,8.5,-8.5,8.5,1,1,,,,,0,0,q1,tight,mid_high
-2,68600,INTARIAN_PEPPER_ROOT,10063.0,11.0,10061.0,25.0,,,10074.0,11.0,,,,,10068.5,0.0,prices_round_1_day_-2.csv,False,11.0,0.0,10068.5,10068.5,0.0,0.0,2.1536104534113356,0.09912536443148688,7.8063003977731595,-5.5,5.5,-5.5,5.5,1,1,-7.5,,-7.5,,1,0,,,,,0,0,q1,tight,mid_high
-2,68700,INTARIAN_PEPPER_ROOT,10063.0,9.0,,,,,,,,,,,10063.0,0.0,prices_round_1_day_-2.csv,True,,1.0,,10063.0,-5.5,-5.5,2.294664891576636,0.09097525473071325,7.840554437077676,0.0,,0.0,,1,0,,,,,0,0,,,,,0,0,q1,mid1,mid_high
-2,68800,INTARIAN_PEPPER_ROOT,10063.0,8.0,10061.0,17.0,,,10074.0,8.0,10077.0,17.0,,,10068.5,0.0,prices_round_1_day_-2.csv,False,11.0,0.0,10068.5,10068.5,5.5,5.5,2.4169767337484904,0.09883720930232558,7.87166720090742,-5.5,5.5,-5.5,5.5,1,1,-7.5,8.5,-7.5,8.5,1,1,,,,,0,0,q1,tight,mid_high
-2,68900,INTARIAN_PEPPER_ROOT,10063.0,11.0,10061.0,15.0,,,10077.0,15.0,,,,,10070.0,0.0,prices_round_1_day_-2.csv,False,14.0,-0.15384615384615385,10068.923076923076,10068.923076923076,0.42307692307622347,1.5,2.409006540705255,0.09930780395221513,7.860378409636499,-5.9230769230762235,8.076923076923777,-7.0,7.0,1,1,-7.9230769230762235,,-9.0,,1,0,,,,,0,0,q1,mid1,mid_high
-2,69000,INTARIAN_PEPPER_ROOT,10063.0,10.0,10061.0,17.0,,,10075.0,10.0,10077.0,17.0,,,10069.0,0.0,prices_round_1_day_-2.csv,False,12.0,0.0,10069.0,10069.0,0.07692307692377653,-1.0,2.3934921356645305,0.09927536231884058,7.848970749172305,-6.0,6.0,-6.0,6.0,1,1,-8.0,8.0,-8.0,8.0,1,1,,,,,0,0,q1,tight,mid_high
-2,69100,INTARIAN_PEPPER_ROOT,10064.0,8.0,10061.0,21.0,,,10075.0,8.0,,,,,10069.5,0.0,prices_round_1_day_-2.csv,False,11.0,0.0,10069.5,10069.5,0.5,0.5,2.389203716598131,0.09985528219971057,7.837827817430115,-5.5,5.5,-5.5,5.5,1,1,-8.5,,-8.5,,1,0,,,,,0,0,q1,tight,mid_high
-2,69200,INTARIAN_PEPPER_ROOT,10064.0,9.0,10061.0,20.0,,,10075.0,9.0,10077.0,20.0,,,10069.5,0.0,prices_round_1_day_-2.csv,False,11.0,0.0,10069.5,10069.5,0.0,0.0,2.3876870610377603,0.09971098265895954,7.8264994944936195,-5.5,5.5,-5.5,5.5,1,1,-8.5,7.5,-8.5,7.5,1,1,,,,,0,0,q1,tight,mid_high
-2,69300,INTARIAN_PEPPER_ROOT,10064.0,12.0,10061.0,23.0,,,10075.0,12.0,10077.0,23.0,,,10069.5,0.0,prices_round_1_day_-2.csv,False,11.0,0.0,10069.5,10069.5,0.0,0.0,2.3262060206324655,0.09956709956709957,7.815203870850331,-5.5,5.5,-5.5,5.5,1,1,-8.5,7.5,-8.5,7.5,1,1,,,,,0,0,q1,tight,mid_high
-2,69400,INTARIAN_PEPPER_ROOT,10064.0,11.0,,,,,10075.0,11.0,10077.0,22.0,,,10069.5,0.0,prices_round_1_day_-2.csv,False,11.0,0.0,10069.5,10069.5,0.0,0.0,2.2556060571652594,0.0994236311239193,7.80394080512411,-5.5,5.5,-5.5,5.5,1,1,,7.5,,7.5,0,1,,,,,0,0,q1,tight,mid_high
-2,69500,INTARIAN_PEPPER_ROOT,10064.0,11.0,10061.0,21.0,,,10078.0,21.0,,,,,10071.0,0.0,prices_round_1_day_-2.csv,False,14.0,-0.3125,10068.8125,10068.8125,-0.6875,1.5,2.2583219284613936,0.09829136690647482,7.793586939116369,-4.8125,9.1875,-7.0,7.0,1,1,-7.8125,,-10.0,,1,0,,,,,0,0,q1,mid1,mid_high
-2,69600,INTARIAN_PEPPER_ROOT,10064.0,11.0,10062.0,15.0,,,10075.0,11.0,10078.0,15.0,,,10069.5,0.0,prices_round_1_day_-2.csv,False,11.0,0.0,10069.5,10069.5,0.6875,-1.5,2.259878487210616,0.09913793103448276,7.7828719478520565,-5.5,5.5,-5.5,5.5,1,1,-7.5,8.5,-7.5,8.5,1,1,,,,,0,0,q1,tight,mid_high
-2,69700,INTARIAN_PEPPER_ROOT,10064.0,12.0,10062.0,17.0,,,10075.0,12.0,10078.0,17.0,,,10069.5,0.0,prices_round_1_day_-2.csv,False,11.0,0.0,10069.5,10069.5,0.0,0.0,2.259878487210616,0.09899569583931134,7.7717037614736295,-5.5,5.5,-5.5,5.5,1,1,-7.5,8.5,-7.5,8.5,1,1,,,,,0,0,q1,tight,mid_high
-2,69800,INTARIAN_PEPPER_ROOT,10064.0,10.0,10062.0,25.0,,,10078.0,25.0,,,,,10071.0,0.0,prices_round_1_day_-2.csv,False,14.0,-0.42857142857142855,10068.0,10068.0,-1.5,1.5,2.2684737657590204,0.09670487106017192,7.7642165598306985,-4.0,10.0,-7.0,7.0,1,1,-6.0,,-9.0,,1,0,,,,,0,0,q1,mid1,mid_high
-2,69900,INTARIAN_PEPPER_ROOT,10062.0,19.0,,,,,10075.0,12.0,10078.0,19.0,,,10068.5,0.0,prices_round_1_day_-2.csv,False,13.0,0.22580645161290322,10069.967741935483,10069.967741935483,1.9677419354829908,-2.5,2.2825405303333377,0.09938160505791559,7.7581013089253865,-7.967741935482991,5.032258064517009,-6.5,6.5,1,1,,8.03225806451701,,9.5,0,1,,,,,0,0,q1,tight,mid_high
-2,70000,INTARIAN_PEPPER_ROOT,10064.0,11.0,10062.0,15.0,,,10076.0,11.0,10078.0,15.0,,,10070.0,0.0,prices_round_1_day_-2.csv,False,12.0,0.0,10070.0,10070.0,0.03225806451700919,1.5,2.281865227817878,0.09928571428571428,7.747008888073085,-6.0,6.0,-6.0,6.0,1,1,-8.0,8.0,-8.0,8.0,1,1,,,,,0,0,q1,tight,mid_high
-2,70100,INTARIAN_PEPPER_ROOT,10065.0,12.0,,,,,,,,,,,10065.0,0.0,prices_round_1_day_-2.csv,True,,1.0,,10065.0,-5.0,-5.0,2.392093852581246,0.0920114122681883,7.773035476878064,0.0,,0.0,,1,0,,,,,0,0,,,,,0,0,q1,mid1,mid_high
-2,70200,INTARIAN_PEPPER_ROOT,10065.0,12.0,,,,,10078.0,17.0,,,,,10071.5,0.0,prices_round_1_day_-2.csv,False,13.0,-0.1724137931034483,10070.379310344828,10070.379310344828,5.3793103448279,6.5,2.5024617590809055,0.09954317712938447,7.801769673501542,-5.3793103448279,7.6206896551721,-6.5,6.5,1,1,,,,,0,0,,,,,0,0,q1,tight,mid_high
-2,70300,INTARIAN_PEPPER_ROOT,10065.0,8.0,10062.0,21.0,,,10076.0,8.0,10078.0,21.0,,,10070.5,0.0,prices_round_1_day_-2.csv,False,11.0,0.0,10070.5,10070.5,0.12068965517210017,-1.0,2.5024102523182163,0.09957325746799431,7.790656677581227,-5.5,5.5,-5.5,5.5,1,1,-8.5,7.5,-8.5,7.5,1,1,,,,,0,0,q1,tight,mid_high
-2,70400,INTARIAN_PEPPER_ROOT,10065.0,8.0,10062.0,24.0,,,10076.0,8.0,10078.0,24.0,,,10070.5,0.0,prices_round_1_day_-2.csv,False,11.0,0.0,10070.5,10070.5,0.0,0.0,2.5012347313650496,0.09943181818181818,7.779588745963092,-5.5,5.5,-5.5,5.5,1,1,-8.5,7.5,-8.5,7.5,1,1,,,,,0,0,q1,tight,mid_high
-2,70500,INTARIAN_PEPPER_ROOT,10065.0,8.0,,,,,10076.0,8.0,,,,,10070.5,0.0,prices_round_1_day_-2.csv,False,11.0,0.0,10070.5,10070.5,0.0,0.0,2.5001827336806715,0.09929078014184398,7.768552217435869,-5.5,5.5,-5.5,5.5,1,1,,,,,0,0,,,,,0,0,q1,tight,mid_high
-2,70600,INTARIAN_PEPPER_ROOT,10065.0,12.0,10063.0,17.0,,,10076.0,12.0,10079.0,17.0,,,10070.5,0.0,prices_round_1_day_-2.csv,False,11.0,0.0,10070.5,10070.5,0.0,0.0,2.499550046806191,0.09915014164305949,7.7575469585386765,-5.5,5.5,-5.5,5.5,1,1,-7.5,8.5,-7.5,8.5,1,1,,,,,0,0,q1,tight,mid_high
-2,70700,INTARIAN_PEPPER_ROOT,10065.0,10.0,10063.0,16.0,,,10076.0,10.0,10079.0,16.0,,,10070.5,0.0,prices_round_1_day_-2.csv,False,11.0,0.0,10070.5,10070.5,0.0,0.0,2.49814123302953,0.09900990099009901,7.746572836565828,-5.5,5.5,-5.5,5.5,1,1,-7.5,8.5,-7.5,8.5,1,1,,,,,0,0,q1,tight,mid_high
-2,70800,INTARIAN_PEPPER_ROOT,10065.0,9.0,10063.0,23.0,,,10079.0,23.0,,,,,10072.0,0.0,prices_round_1_day_-2.csv,False,14.0,-0.4375,10068.9375,10068.9375,-1.5625,1.5,2.501417147371134,0.09666313559322035,7.739515047514314,-3.9375,10.0625,-7.0,7.0,1,1,-5.9375,,-9.0,,1,0,,,,,0,0,q1,mid1,mid_high
-2,70900,INTARIAN_PEPPER_ROOT,10065.0,11.0,10063.0,21.0,,,10076.0,11.0,10079.0,21.0,,,10070.5,0.0,prices_round_1_day_-2.csv,False,11.0,0.0,10070.5,10070.5,1.5625,-1.5,2.5042722022614714,0.09873060648801128,7.731614104139295,-5.5,5.5,-5.5,5.5,1,1,-7.5,8.5,-7.5,8.5,1,1,,,,,0,0,q1,tight,mid_high
-2,71000,INTARIAN_PEPPER_ROOT,10065.0,11.0,10063.0,18.0,,,10079.0,18.0,,,,,10072.0,0.0,prices_round_1_day_-2.csv,False,14.0,-0.2413793103448276,10070.310344827587,10070.310344827587,-0.18965517241304042,1.5,2.4878342092814814,0.09832442933462952,7.720826283430717,-5.31034482758696,8.68965517241304,-7.0,7.0,1,1,-7.31034482758696,,-9.0,,1,0,,,,,0,0,q1,mid1,mid_high
-2,71100,INTARIAN_PEPPER_ROOT,10066.0,10.0,10063.0,17.0,,,10079.0,17.0,,,,,10072.5,0.0,prices_round_1_day_-2.csv,False,13.0,-0.25925925925925924,10070.814814814816,10070.814814814816,0.504469987228731,0.5,2.4829857372693533,0.09889566078033149,7.710183883328819,-4.814814814815691,8.18518518518431,-6.5,6.5,1,1,-7.814814814815691,,-9.5,,1,0,,,,,0,0,q1,tight,mid_high
-2,71200,INTARIAN_PEPPER_ROOT,10066.0,11.0,10063.0,25.0,,,10077.0,11.0,10079.0,25.0,,,10071.5,0.0,prices_round_1_day_-2.csv,False,11.0,0.0,10071.5,10071.5,0.6851851851843094,-1.0,2.482239295879411,0.0997191011235955,7.699822517293165,-5.5,5.5,-5.5,5.5,1,1,-8.5,7.5,-8.5,7.5,1,1,,,,,0,0,q1,tight,mid_high
-2,71300,INTARIAN_PEPPER_ROOT,10066.0,11.0,,,,,10077.0,11.0,10079.0,22.0,,,10071.5,0.0,prices_round_1_day_-2.csv,False,11.0,0.0,10071.5,10071.5,0.0,0.0,2.4811792443142995,0.09957924263674614,7.689022106387649,-5.5,5.5,-5.5,5.5,1,1,,7.5,,7.5,0,1,,,,,0,0,q1,tight,mid_high
-2,71400,INTARIAN_PEPPER_ROOT,10066.0,12.0,10063.0,18.0,,,10079.0,18.0,,,,,10072.5,0.0,prices_round_1_day_-2.csv,False,13.0,-0.2,10071.2,10071.2,-0.2999999999992724,1.0,2.4817886558311093,0.09901960784313828,7.678461682609684,-5.200000000000728,7.799999999999272,-6.5,6.5,1,1,-8.200000000000728,,-9.5,,1,0,,,,,0,0,q1,tight,mid_high
-2,71500,INTARIAN_PEPPER_ROOT,,,,,,,10077.0,11.0,10080.0,18.0,,,10077.0,0.0,prices_round_1_day_-2.csv,True,,-1.0,,10077.0,5.799999999999272,4.5,2.5922031214241885,0.106993006993007,7.7131637268070605,,0.0,,0.0,0,1,,3.0,,3.0,0,1,,,,,0,0,q1,mid1,mid_high
-2,71600,INTARIAN_PEPPER_ROOT,10074.0,7.0,10066.0,9.0,,,10080.0,15.0,,,,,10077.0,0.0,prices_round_1_day_-2.csv,False,6.0,-0.36363636363636365,10075.90909090909,10075.90909090909,-1.0909090909099177,0.0,2.5879763823243294,0.10531995937023754,7.7043802324883135,-1.9090909090900823,4.090909090909918,-3.0,3.0,1,1,-9.909090909090082,,-11.0,,1,0,,,,,0,0,q1,tight,mid_high
-2,71700,INTARIAN_PEPPER_ROOT,10066.0,8.0,10064.0,16.0,,,10077.0,8.0,,,,,10071.5,0.0,prices_round_1_day_-2.csv,False,11.0,0.0,10071.5,10071.5,-4.409090909090082,-5.5,2.4328498804408376,0.09902370990237098,7.7220437819293135,-5.5,5.5,-5.5,5.5,1,1,-7.5,,-7.5,,1,0,,,,,0,0,q1,tight,mid_high
-2,71800,INTARIAN_PEPPER_ROOT,10064.0,16.0,,,,,10077.0,9.0,10080.0,16.0,,,10070.5,0.0,prices_round_1_day_-2.csv,False,13.0,0.28,10072.32,10072.32,0.819999999999709,-1.0,2.1987432426009725,0.10002785515320294,7.7119978113073255,-8.319999999999709,4.680000000000291,-6.5,6.5,1,1,,7.680000000000291,,9.5,0,1,,,,,0,0,q1,tight,mid_high
-2,71900,INTARIAN_PEPPER_ROOT,10066.0,12.0,,,,,10077.0,12.0,10080.0,20.0,,,10071.5,0.0,prices_round_1_day_-2.csv,False,11.0,0.0,10071.5,10071.5,-0.819999999999709,1.0,2.1970247437010006,0.09874826147426982,7.702434129108332,-5.5,5.5,-5.5,5.5,1,1,,8.5,,8.5,0,1,,,,,0,0,q1,tight,mid_high
-2,72000,INTARIAN_PEPPER_ROOT,10066.0,12.0,10064.0,18.0,,,10078.0,12.0,10080.0,18.0,,,10072.0,0.0,prices_round_1_day_-2.csv,False,12.0,0.0,10072.0,10072.0,0.5,0.5,2.1431379268292647,0.09930555555555555,7.691945040392536,-6.0,6.0,-6.0,6.0,1,1,-8.0,8.0,-8.0,8.0,1,1,,,,,0,0,q1,tight,mid_high
-2,72100,INTARIAN_PEPPER_ROOT,10067.0,11.0,10064.0,16.0,,,10078.0,11.0,10080.0,16.0,,,10072.5,0.0,prices_round_1_day_-2.csv,False,11.0,0.0,10072.5,10072.5,0.5,0.5,2.132063140396768,0.09986130374479889,7.68148446860393,-5.5,5.5,-5.5,5.5,1,1,-8.5,7.5,-8.5,7.5,1,1,,,,,0,0,q1,tight,mid_high
-2,72200,INTARIAN_PEPPER_ROOT,10067.0,11.0,,,,,10078.0,11.0,10080.0,19.0,,,10072.5,0.0,prices_round_1_day_-2.csv,False,11.0,0.0,10072.5,10072.5,0.0,0.0,2.132063140396768,0.0997229916897507,7.670844349324263,-5.5,5.5,-5.5,5.5,1,1,,7.5,,7.5,0,1,,,,,0,0,q1,tight,mid_high
-2,72300,INTARIAN_PEPPER_ROOT,10067.0,8.0,10064.0,16.0,,,10078.0,8.0,,,,,10072.5,0.0,prices_round_1_day_-2.csv,False,11.0,0.0,10072.5,10072.5,0.0,0.0,2.1303634283096735,0.0995850622406639,7.660233665904609,-5.5,5.5,-5.5,5.5,1,1,-8.5,,-8.5,,1,0,,,,,0,0,q1,tight,mid_high
-2,72400,INTARIAN_PEPPER_ROOT,10067.0,10.0,10064.0,19.0,,,10078.0,10.0,10080.0,19.0,,,10072.5,0.0,prices_round_1_day_-2.csv,False,11.0,0.0,10072.5,10072.5,0.0,0.0,2.0615832921166874,0.09944751381215469,7.649652296362351,-5.5,5.5,-5.5,5.5,1,1,-8.5,7.5,-8.5,7.5,1,1,,,,,0,0,q1,tight,mid_high
-2,72500,INTARIAN_PEPPER_ROOT,10067.0,10.0,10064.0,16.0,,,10078.0,10.0,10081.0,16.0,,,10072.5,0.0,prices_round_1_day_-2.csv,False,11.0,0.0,10072.5,10072.5,0.0,0.0,1.98196754461566,0.0993103448275862,7.63910011938794,-5.5,5.5,-5.5,5.5,1,1,-8.5,8.5,-8.5,8.5,1,1,,,,,0,0,q1,tight,mid_high
-2,72600,INTARIAN_PEPPER_ROOT,10067.0,11.0,10065.0,17.0,,,10078.0,11.0,,,,,10072.5,0.0,prices_round_1_day_-2.csv,False,11.0,0.0,10072.5,10072.5,0.0,0.0,1.98196754461566,0.09917355371900827,7.628577014340258,-5.5,5.5,-5.5,5.5,1,1,-7.5,,-7.5,,1,0,,,,,0,0,q1,tight,mid_high
-2,72700,INTARIAN_PEPPER_ROOT,10067.0,9.0,10065.0,23.0,,,10078.0,9.0,10081.0,23.0,,,10072.5,0.0,prices_round_1_day_-2.csv,False,11.0,0.0,10072.5,10072.5,0.0,0.0,1.9760121253014684,0.09903713892709766,7.618082861242017,-5.5,5.5,-5.5,5.5,1,1,-7.5,8.5,-7.5,8.5,1,1,,,,,0,0,q1,tight,mid_high
-2,72800,INTARIAN_PEPPER_ROOT,10065.0,22.0,,,,,10078.0,8.0,10081.0,22.0,,,10071.5,0.0,prices_round_1_day_-2.csv,False,13.0,0.4666666666666667,10074.533333333333,10074.533333333333,2.0333333333328483,-1.0,1.9867132056528163,0.10169413919413853,7.6127434932653255,-9.533333333332848,3.4666666666671517,-6.5,6.5,1,1,,6.466666666667152,,9.5,0,1,,,,,0,0,q1,tight,mid_high
-2,72900,INTARIAN_PEPPER_ROOT,,,,,,,10078.0,10.0,,,,,10078.0,0.0,prices_round_1_day_-2.csv,True,,-1.0,,10078.0,3.4666666666671517,6.5,2.041440927922145,0.10631001371742113,7.617818718988433,,0.0,,0.0,0,1,,,,,0,0,,,,,0,0,q1,mid1,mid_high
-2,73000,INTARIAN_PEPPER_ROOT,10065.0,21.0,,,,,10079.0,12.0,,,,,10072.0,0.0,prices_round_1_day_-2.csv,False,14.0,0.2727272727272727,10073.90909090909,10073.90909090909,-4.090909090909918,-6.0,2.129476136260466,0.10056039850560285,7.631501431057636,-8.909090909090082,5.090909090909918,-7.0,7.0,1,1,,,,,0,0,,,,,0,0,q1,mid1,mid_high
-2,73100,INTARIAN_PEPPER_ROOT,10068.0,8.0,10065.0,23.0,,,10079.0,8.0,,,,,10073.5,0.0,prices_round_1_day_-2.csv,False,11.0,0.0,10073.5,10073.5,-0.4090909090900823,1.5,2.130030490390063,0.09986320109439124,7.621402647080519,-5.5,5.5,-5.5,5.5,1,1,-8.5,,-8.5,,1,0,,,,,0,0,q1,tight,mid_high
-2,73200,INTARIAN_PEPPER_ROOT,10068.0,8.0,10065.0,17.0,,,10079.0,8.0,,,,,10073.5,0.0,prices_round_1_day_-2.csv,False,11.0,0.0,10073.5,10073.5,0.0,0.0,2.1137611668450864,0.09972677595628415,7.610990275518277,-5.5,5.5,-5.5,5.5,1,1,-8.5,,-8.5,,1,0,,,,,0,0,q1,tight,mid_high
-2,73300,INTARIAN_PEPPER_ROOT,,,,,,,10079.0,10.0,10081.0,24.0,,,10079.0,0.0,prices_round_1_day_-2.csv,True,,-1.0,,10079.0,5.5,5.5,2.2356236804676257,0.10709413369713507,7.64037849255935,,0.0,,0.0,0,1,,2.0,,2.0,0,1,,,,,0,0,q1,mid1,mid_high
-2,73400,INTARIAN_PEPPER_ROOT,10068.0,9.0,,,,,10079.0,9.0,,,,,10073.5,0.0,prices_round_1_day_-2.csv,False,11.0,0.0,10073.5,10073.5,-5.5,-5.5,2.377005699995368,0.0994550408719346,7.672788169256505,-5.5,5.5,-5.5,5.5,1,1,,,,,0,0,,,,,0,0,q1,tight,mid_high
-2,73500,INTARIAN_PEPPER_ROOT,10065.0,18.0,,,,,10079.0,8.0,10082.0,18.0,,,10072.0,0.0,prices_round_1_day_-2.csv,False,14.0,0.38461538461538464,10074.692307692309,10074.692307692309,1.1923076923085318,-1.5,2.3819574909019283,0.10094191522763066,7.663959713962109,-9.692307692308532,4.307692307691468,-7.0,7.0,1,1,,7.307692307691468,,10.0,0,1,,,,,0,0,q1,mid1,mid_high
-2,73600,INTARIAN_PEPPER_ROOT,10066.0,24.0,,,,,10079.0,11.0,10082.0,24.0,,,10072.5,0.0,prices_round_1_day_-2.csv,False,13.0,0.37142857142857144,10074.914285714285,10074.914285714285,0.22197802197661076,0.5,2.3819288164435406,0.10110636645962655,7.653552462425562,-8.914285714285143,4.085714285714857,-6.5,6.5,1,1,,7.085714285714857,,9.5,0,1,,,,,0,0,q1,tight,mid_high
-2,73700,INTARIAN_PEPPER_ROOT,10066.0,22.0,,,,,10079.0,12.0,,,,,10072.5,0.0,prices_round_1_day_-2.csv,False,13.0,0.29411764705882354,10074.411764705883,10074.411764705883,-0.5025210084022547,0.0,2.2416579166920036,0.10028733338654394,7.6436480047550095,-8.411764705882888,4.588235294117112,-6.5,6.5,1,1,,,,,0,0,,,,,0,0,q1,tight,mid_high
-2,73800,INTARIAN_PEPPER_ROOT,10068.0,10.0,,,,,10079.0,10.0,10082.0,24.0,,,10073.5,0.0,prices_round_1_day_-2.csv,False,11.0,0.0,10073.5,10073.5,-0.9117647058828879,1.0,2.113669615403269,0.0989159891598916,7.634664576605367,-5.5,5.5,-5.5,5.5,1,1,,8.5,,8.5,0,1,,,,,0,0,q1,tight,mid_high
-2,73900,INTARIAN_PEPPER_ROOT,10066.0,20.0,,,,,10079.0,8.0,,,,,10072.5,0.0,prices_round_1_day_-2.csv,False,13.0,0.42857142857142855,10075.285714285714,10075.285714285714,1.785714285713766,-1.0,2.1266649240213074,0.10119853083317154,7.628169690059629,-9.285714285713766,3.714285714286234,-6.5,6.5,1,1,,,,,0,0,,,,,0,0,q1,tight,mid_high
-2,74000,INTARIAN_PEPPER_ROOT,10068.0,12.0,10066.0,15.0,,,10080.0,12.0,10082.0,15.0,,,10074.0,0.0,prices_round_1_day_-2.csv,False,12.0,0.0,10074.0,10074.0,-1.285714285713766,1.5,2.136033365571777,0.09932432432432432,7.620446764632856,-6.0,6.0,-6.0,6.0,1,1,-8.0,8.0,-8.0,8.0,1,1,,,,,0,0,q1,tight,mid_high
-2,74100,INTARIAN_PEPPER_ROOT,,,,,,,10080.0,10.0,10082.0,19.0,,,10080.0,0.0,prices_round_1_day_-2.csv,True,,-1.0,,10080.0,6.0,6.0,2.2929096051094646,0.10728744939271255,7.657136681992969,,0.0,,0.0,0,1,,2.0,,2.0,0,1,,,,,0,0,q1,mid1,mid_high
-2,74200,INTARIAN_PEPPER_ROOT,10069.0,11.0,10066.0,23.0,,,10080.0,11.0,10082.0,23.0,,,10074.5,0.0,prices_round_1_day_-2.csv,False,11.0,0.0,10074.5,10074.5,-5.5,-5.5,2.4309622198516574,0.09973045822102426,7.689177385955685,-5.5,5.5,-5.5,5.5,1,1,-8.5,7.5,-8.5,7.5,1,1,,,,,0,0,q1,tight,mid_high
-2,74300,INTARIAN_PEPPER_ROOT,10069.0,10.0,10066.0,19.0,,,,,,,,,10069.0,0.0,prices_round_1_day_-2.csv,True,,1.0,,10069.0,-5.5,-5.5,2.5567608988597144,0.09219380888290714,7.721017818049917,0.0,,0.0,,1,0,-3.0,,-3.0,,1,0,,,,,0,0,q1,mid1,mid_high
-2,74400,INTARIAN_PEPPER_ROOT,10069.0,11.0,10066.0,24.0,,,10080.0,11.0,10082.0,24.0,,,10074.5,0.0,prices_round_1_day_-2.csv,False,11.0,0.0,10074.5,10074.5,5.5,5.5,2.6728769503845697,0.09946236559139784,7.7499330845864804,-5.5,5.5,-5.5,5.5,1,1,-8.5,7.5,-8.5,7.5,1,1,,,,,0,0,q1,tight,mid_high
-2,74500,INTARIAN_PEPPER_ROOT,10069.0,8.0,10066.0,20.0,,,10080.0,8.0,,,,,10074.5,0.0,prices_round_1_day_-2.csv,False,11.0,0.0,10074.5,10074.5,0.0,0.0,2.670510457311748,0.09932885906040269,7.739529786735281,-5.5,5.5,-5.5,5.5,1,1,-8.5,,-8.5,,1,0,,,,,0,0,q1,tight,mid_high
-2,74600,INTARIAN_PEPPER_ROOT,10069.0,12.0,10067.0,19.0,,,10080.0,12.0,10083.0,19.0,,,10074.5,0.0,prices_round_1_day_-2.csv,False,11.0,0.0,10074.5,10074.5,0.0,0.0,2.6692656480875754,0.09919571045576407,7.729154381648043,-5.5,5.5,-5.5,5.5,1,1,-7.5,8.5,-7.5,8.5,1,1,,,,,0,0,q1,tight,mid_high
-2,74700,INTARIAN_PEPPER_ROOT,10069.0,9.0,,,,,10080.0,9.0,10083.0,18.0,,,10074.5,0.0,prices_round_1_day_-2.csv,False,11.0,0.0,10074.5,10074.5,0.0,0.0,2.6692656480875754,0.09906291834002677,7.718806757298065,-5.5,5.5,-5.5,5.5,1,1,,8.5,,8.5,0,1,,,,,0,0,q1,tight,mid_high
-2,74800,INTARIAN_PEPPER_ROOT,10069.0,9.0,,,,,10080.0,9.0,10083.0,19.0,,,10074.5,0.0,prices_round_1_day_-2.csv,False,11.0,0.0,10074.5,10074.5,0.0,0.0,2.659326966806999,0.09893048128342247,7.708486802257759,-5.5,5.5,-5.5,5.5,1,1,,8.5,,8.5,0,1,,,,,0,0,q1,tight,mid_high
-2,74900,INTARIAN_PEPPER_ROOT,10069.0,8.0,10067.0,21.0,,,10080.0,8.0,10083.0,21.0,,,10074.5,0.0,prices_round_1_day_-2.csv,False,11.0,0.0,10074.5,10074.5,0.0,0.0,2.646102795892337,0.09879839786381843,7.698194405694647,-5.5,5.5,-5.5,5.5,1,1,-7.5,8.5,-7.5,8.5,1,1,,,,,0,0,q1,tight,mid_high
-2,75000,INTARIAN_PEPPER_ROOT,10069.0,8.0,10067.0,18.0,,,10083.0,18.0,,,,,10076.0,0.0,prices_round_1_day_-2.csv,False,14.0,-0.38461538461538464,10073.307692307691,10073.307692307691,-1.1923076923085318,1.5,2.652313999559341,0.09707692307692196,7.690139049117616,-4.307692307691468,9.692307692308532,-7.0,7.0,1,1,-6.307692307691468,,-9.0,,1,0,,,,,0,0,q1,mid1,mid_high
-2,75100,INTARIAN_PEPPER_ROOT,10070.0,11.0,10067.0,21.0,,,10077.0,7.0,10081.0,11.0,10083.0,21.0,10073.5,0.0,prices_round_1_day_-2.csv,False,7.0,0.2222222222222222,10074.277777777777,10074.277777777777,0.9700854700859054,-2.5,2.552078173735934,0.09823938452433738,7.680900369164621,-4.277777777777374,2.7222222222226264,-3.5,3.5,1,1,-7.277777777777374,6.722222222222626,-6.5,7.5,1,1,,8.722222222222626,,9.5,0,1,q1,tight,mid_high
-2,75200,INTARIAN_PEPPER_ROOT,10070.0,10.0,10067.0,16.0,,,10081.0,10.0,10083.0,16.0,,,10075.5,0.0,prices_round_1_day_-2.csv,False,11.0,0.0,10075.5,10075.5,1.2222222222226264,2.0,2.444886410998681,0.09973404255319149,7.672352775396716,-5.5,5.5,-5.5,5.5,1,1,-8.5,7.5,-8.5,7.5,1,1,,,,,0,0,q1,tight,mid_high
-2,75300,INTARIAN_PEPPER_ROOT,10067.0,20.0,,,,,10081.0,11.0,10083.0,20.0,,,10074.0,0.0,prices_round_1_day_-2.csv,False,14.0,0.2903225806451613,10076.032258064517,10076.032258064517,0.5322580645170092,-1.5,2.4456419085211594,0.10030844364477691,7.662398620891275,-9.03225806451701,4.967741935482991,-7.0,7.0,1,1,,6.967741935482991,,9.0,0,1,,,,,0,0,q1,mid1,mid_high
-2,75400,INTARIAN_PEPPER_ROOT,10070.0,10.0,10067.0,15.0,,,10081.0,10.0,10083.0,15.0,,,10075.5,0.0,prices_round_1_day_-2.csv,False,11.0,0.0,10075.5,10075.5,-0.5322580645170092,1.5,2.447291168569385,0.09946949602122016,7.652753482878245,-5.5,5.5,-5.5,5.5,1,1,-8.5,7.5,-8.5,7.5,1,1,,,,,0,0,q1,tight,mid_high
-2,75500,INTARIAN_PEPPER_ROOT,10070.0,11.0,10067.0,15.0,,,10081.0,11.0,10084.0,15.0,,,10075.5,0.0,prices_round_1_day_-2.csv,False,11.0,0.0,10075.5,10075.5,0.0,0.0,2.447291168569385,0.09933774834437085,7.642617047325042,-5.5,5.5,-5.5,5.5,1,1,-8.5,8.5,-8.5,8.5,1,1,,,,,0,0,q1,tight,mid_high
-2,75600,INTARIAN_PEPPER_ROOT,10070.0,9.0,10068.0,22.0,,,10081.0,9.0,,,,,10075.5,0.0,prices_round_1_day_-2.csv,False,11.0,0.0,10075.5,10075.5,0.0,0.0,2.447291168569385,0.0992063492063492,7.632507428633687,-5.5,5.5,-5.5,5.5,1,1,-7.5,,-7.5,,1,0,,,,,0,0,q1,tight,mid_high
-2,75700,INTARIAN_PEPPER_ROOT,10070.0,12.0,10068.0,15.0,,,10084.0,15.0,,,,,10077.0,0.0,prices_round_1_day_-2.csv,False,14.0,-0.1111111111111111,10076.222222222223,10076.222222222223,0.7222222222226264,1.5,2.4488197803673017,0.10002935564362302,7.6229242654105684,-6.222222222222626,7.777777777777374,-7.0,7.0,1,1,-8.222222222222626,,-9.0,,1,0,,,,,0,0,q1,mid1,mid_high
-2,75800,INTARIAN_PEPPER_ROOT,10070.0,9.0,10068.0,23.0,,,10081.0,9.0,10084.0,23.0,,,10075.5,0.0,prices_round_1_day_-2.csv,False,11.0,0.0,10075.5,10075.5,-0.7222222222226264,-1.5,2.4399437289666985,0.09894459102902374,7.613746301662189,-5.5,5.5,-5.5,5.5,1,1,-7.5,8.5,-7.5,8.5,1,1,,,,,0,0,q1,tight,mid_high
-2,75900,INTARIAN_PEPPER_ROOT,10070.0,8.0,10068.0,20.0,,,10081.0,8.0,10084.0,20.0,,,10075.5,0.0,prices_round_1_day_-2.csv,False,11.0,0.0,10075.5,10075.5,0.0,0.0,2.4312290773483944,0.09881422924901186,7.603714680068309,-5.5,5.5,-5.5,5.5,1,1,-7.5,8.5,-7.5,8.5,1,1,,,,,0,0,q1,tight,mid_high
-2,76000,INTARIAN_PEPPER_ROOT,10068.0,20.0,,,,,10082.0,11.0,10084.0,20.0,,,10075.0,0.0,prices_round_1_day_-2.csv,False,14.0,0.2903225806451613,10077.032258064517,10077.032258064517,1.5322580645170092,-0.5,2.439224658684662,0.100700339558575,7.5964002438569835,-9.03225806451701,4.967741935482991,-7.0,7.0,1,1,,6.967741935482991,,9.0,0,1,,,,,0,0,q1,mid1,mid_high
-2,76100,INTARIAN_PEPPER_ROOT,10071.0,9.0,10068.0,18.0,,,10082.0,9.0,10084.0,18.0,,,10076.5,0.0,prices_round_1_day_-2.csv,False,11.0,0.0,10076.5,10076.5,-0.5322580645170092,1.5,2.4404210671310618,0.09986859395532194,7.586931440747856,-5.5,5.5,-5.5,5.5,1,1,-8.5,7.5,-8.5,7.5,1,1,,,,,0,0,q1,tight,mid_high
-2,76200,INTARIAN_PEPPER_ROOT,10071.0,11.0,10068.0,21.0,,,10082.0,11.0,10084.0,21.0,,,10076.5,0.0,prices_round_1_day_-2.csv,False,11.0,0.0,10076.5,10076.5,0.0,0.0,2.4390699219912557,0.09973753280839895,7.576974843121598,-5.5,5.5,-5.5,5.5,1,1,-8.5,7.5,-8.5,7.5,1,1,,,,,0,0,q1,tight,mid_high
-2,76300,INTARIAN_PEPPER_ROOT,10071.0,8.0,10068.0,20.0,,,10082.0,8.0,10084.0,20.0,,,10076.5,0.0,prices_round_1_day_-2.csv,False,11.0,0.0,10076.5,10076.5,0.0,0.0,2.4390699219912557,0.09960681520314547,7.567044344033512,-5.5,5.5,-5.5,5.5,1,1,-8.5,7.5,-8.5,7.5,1,1,,,,,0,0,q1,tight,mid_high
-2,76400,INTARIAN_PEPPER_ROOT,10071.0,8.0,,,,,10082.0,8.0,10084.0,16.0,,,10076.5,0.0,prices_round_1_day_-2.csv,False,11.0,0.0,10076.5,10076.5,0.0,0.0,2.438434769514815,0.09947643979057591,7.557139841002479,-5.5,5.5,-5.5,5.5,1,1,,7.5,,7.5,0,1,,,,,0,0,q1,tight,mid_high
-2,76500,INTARIAN_PEPPER_ROOT,10071.0,11.0,10068.0,23.0,,,10082.0,11.0,,,,,10076.5,0.0,prices_round_1_day_-2.csv,False,11.0,0.0,10076.5,10076.5,0.0,0.0,2.295821591117255,0.09934640522875816,7.547261232083232,-5.5,5.5,-5.5,5.5,1,1,-8.5,,-8.5,,1,0,,,,,0,0,q1,tight,mid_high
-2,76600,INTARIAN_PEPPER_ROOT,10071.0,9.0,,,,,10085.0,20.0,,,,,10078.0,0.0,prices_round_1_day_-2.csv,False,14.0,-0.3793103448275862,10075.344827586207,10075.344827586207,-1.1551724137934798,1.5,2.29645696464463,0.097708652201314,7.5394501231201,-4.34482758620652,9.65517241379348,-7.0,7.0,1,1,,,,,0,0,,,,,0,0,q1,mid1,mid_high
-2,76700,INTARIAN_PEPPER_ROOT,10071.0,10.0,,,,,10082.0,10.0,,,,,10076.5,0.0,prices_round_1_day_-2.csv,False,11.0,0.0,10076.5,10076.5,1.1551724137934798,-1.5,2.2122696972524745,0.09908735332464146,7.531065425414467,-5.5,5.5,-5.5,5.5,1,1,,,,,0,0,,,,,0,0,q1,tight,mid_high
-2,76800,INTARIAN_PEPPER_ROOT,10071.0,11.0,10069.0,23.0,,,10082.0,11.0,10085.0,23.0,,,10076.5,0.0,prices_round_1_day_-2.csv,False,11.0,0.0,10076.5,10076.5,0.0,0.0,2.2098613653797132,0.09895833333333333,7.521259349917629,-5.5,5.5,-5.5,5.5,1,1,-7.5,8.5,-7.5,8.5,1,1,,,,,0,0,q1,tight,mid_high
-2,76900,INTARIAN_PEPPER_ROOT,10071.0,12.0,10069.0,23.0,,,10082.0,12.0,10085.0,23.0,,,10076.5,0.0,prices_round_1_day_-2.csv,False,11.0,0.0,10076.5,10076.5,0.0,0.0,2.206058094299058,0.0988296488946684,7.51147877787,-5.5,5.5,-5.5,5.5,1,1,-7.5,8.5,-7.5,8.5,1,1,,,,,0,0,q1,tight,mid_high
-2,77000,INTARIAN_PEPPER_ROOT,10071.0,11.0,10069.0,21.0,,,10083.0,11.0,10085.0,21.0,,,10077.0,0.0,prices_round_1_day_-2.csv,False,12.0,0.0,10077.0,10077.0,0.5,0.5,2.206058094299058,0.09935064935064936,7.50191993503879,-6.0,6.0,-6.0,6.0,1,1,-8.0,8.0,-8.0,8.0,1,1,,,,,0,0,q1,tight,mid_high
-2,77100,INTARIAN_PEPPER_ROOT,10072.0,10.0,,,,,10083.0,10.0,10085.0,23.0,,,10077.5,0.0,prices_round_1_day_-2.csv,False,11.0,0.0,10077.5,10077.5,0.5,0.5,2.206058094299058,0.09987029831387809,7.492385378896086,-5.5,5.5,-5.5,5.5,1,1,,7.5,,7.5,0,1,,,,,0,0,q1,tight,mid_high
-2,77200,INTARIAN_PEPPER_ROOT,10072.0,12.0,,,,,10083.0,12.0,,,,,10077.5,0.0,prices_round_1_day_-2.csv,False,11.0,0.0,10077.5,10077.5,0.0,0.0,2.206058094299058,0.09974093264248704,7.4826805485170995,-5.5,5.5,-5.5,5.5,1,1,,,,,0,0,,,,,0,0,q1,tight,mid_high
-2,77300,INTARIAN_PEPPER_ROOT,10072.0,9.0,,,,,10083.0,9.0,10085.0,25.0,,,10077.5,0.0,prices_round_1_day_-2.csv,False,11.0,0.0,10077.5,10077.5,0.0,0.0,2.206058094299058,0.09961190168175937,7.473000826801372,-5.5,5.5,-5.5,5.5,1,1,,7.5,,7.5,0,1,,,,,0,0,q1,tight,mid_high
-2,77400,INTARIAN_PEPPER_ROOT,10072.0,12.0,10069.0,18.0,,,10083.0,12.0,10085.0,18.0,,,10077.5,0.0,prices_round_1_day_-2.csv,False,11.0,0.0,10077.5,10077.5,0.0,0.0,2.206058094299058,0.09948320413436693,7.463346116431834,-5.5,5.5,-5.5,5.5,1,1,-8.5,7.5,-8.5,7.5,1,1,,,,,0,0,q1,tight,mid_high
-2,77500,INTARIAN_PEPPER_ROOT,10072.0,8.0,,,,,10083.0,8.0,10086.0,24.0,,,10077.5,0.0,prices_round_1_day_-2.csv,False,11.0,0.0,10077.5,10077.5,0.0,0.0,2.206058094299058,0.09935483870967741,7.453716320593681,-5.5,5.5,-5.5,5.5,1,1,,8.5,,8.5,0,1,,,,,0,0,q1,tight,mid_high
-2,77600,INTARIAN_PEPPER_ROOT,10072.0,10.0,10070.0,22.0,,,,,,,,,10072.0,0.0,prices_round_1_day_-2.csv,True,,1.0,,10072.0,-5.5,-5.5,2.3439584669985574,0.09213917525773196,7.484501682179648,0.0,,0.0,,1,0,-2.0,,-2.0,,1,0,,,,,0,0,q1,mid1,mid_high
-2,77700,INTARIAN_PEPPER_ROOT,10072.0,11.0,10070.0,17.0,,,10086.0,17.0,,,,,10079.0,0.0,prices_round_1_day_-2.csv,False,14.0,-0.21428571428571427,10077.5,10077.5,5.5,7.0,2.470098417669509,0.0990990990990991,7.512495005270005,-5.5,8.5,-7.0,7.0,1,1,-7.5,,-9.0,,1,0,,,,,0,0,q1,mid1,mid_high
-2,77800,INTARIAN_PEPPER_ROOT,10072.0,8.0,10070.0,19.0,,,10083.0,8.0,10086.0,19.0,,,10077.5,0.0,prices_round_1_day_-2.csv,False,11.0,0.0,10077.5,10077.5,0.0,-1.5,2.454306738597095,0.09897172236503857,7.502839037449224,-5.5,5.5,-5.5,5.5,1,1,-7.5,8.5,-7.5,8.5,1,1,,,,,0,0,q1,tight,mid_high
-2,77900,INTARIAN_PEPPER_ROOT,10072.0,10.0,10070.0,17.0,,,,,,,,,10072.0,0.0,prices_round_1_day_-2.csv,True,,1.0,,10072.0,-5.5,-5.5,2.526777819204116,0.09178433889602054,7.533437242273894,0.0,,0.0,,1,0,-2.0,,-2.0,,1,0,,,,,0,0,q1,mid1,mid_high
-2,78000,INTARIAN_PEPPER_ROOT,10072.0,12.0,10070.0,15.0,,,,,,,,,10072.0,0.0,prices_round_1_day_-2.csv,True,,1.0,,10072.0,0.0,0.0,2.4609491759398847,0.09166666666666666,7.523777391596263,0.0,,0.0,,1,0,-2.0,,-2.0,,1,0,,,,,0,0,q1,mid1,mid_high
-2,78100,INTARIAN_PEPPER_ROOT,10073.0,9.0,10070.0,17.0,,,10086.0,17.0,,,,,10079.5,0.0,prices_round_1_day_-2.csv,False,13.0,-0.3076923076923077,10077.5,10077.5,5.5,7.5,2.5816969924145883,0.09859154929577464,7.551583596697925,-4.5,8.5,-6.5,6.5,1,1,-7.5,,-9.5,,1,0,,,,,0,0,q1,tight,mid_high
-2,78200,INTARIAN_PEPPER_ROOT,10073.0,11.0,10070.0,21.0,,,10084.0,11.0,10086.0,21.0,,,10078.5,0.0,prices_round_1_day_-2.csv,False,11.0,0.0,10078.5,10078.5,1.0,-1.0,2.584935986542042,0.09974424552429667,7.542953525696877,-5.5,5.5,-5.5,5.5,1,1,-8.5,7.5,-8.5,7.5,1,1,,,,,0,0,q1,tight,mid_high
-2,78300,INTARIAN_PEPPER_ROOT,10073.0,12.0,,,,,10084.0,12.0,10086.0,16.0,,,10078.5,0.0,prices_round_1_day_-2.csv,False,11.0,0.0,10078.5,10078.5,0.0,0.0,2.464680335573134,0.09961685823754789,7.533320511224588,-5.5,5.5,-5.5,5.5,1,1,,7.5,,7.5,0,1,,,,,0,0,q1,tight,mid_high
-2,78400,INTARIAN_PEPPER_ROOT,10073.0,8.0,10070.0,25.0,,,10086.0,25.0,,,,,10079.5,0.0,prices_round_1_day_-2.csv,False,13.0,-0.5151515151515151,10076.151515151516,10076.151515151516,-2.348484848484077,1.0,2.3594688917387825,0.0964942795299948,7.5313438024952974,-3.151515151515923,9.848484848484077,-6.5,6.5,1,1,-6.151515151515923,,-9.5,,1,0,,,,,0,0,q1,tight,mid_high
-2,78500,INTARIAN_PEPPER_ROOT,10073.0,8.0,10070.0,22.0,,,10084.0,8.0,10087.0,22.0,,,10078.5,0.0,prices_round_1_day_-2.csv,False,11.0,0.0,10078.5,10078.5,2.348484848484077,-1.0,2.3764662618474626,0.09936305732484077,7.528197957163185,-5.5,5.5,-5.5,5.5,1,1,-8.5,8.5,-8.5,8.5,1,1,,,,,0,0,q1,tight,mid_high
-2,78600,INTARIAN_PEPPER_ROOT,10073.0,12.0,,,,,10084.0,12.0,10087.0,21.0,,,10078.5,0.0,prices_round_1_day_-2.csv,False,11.0,0.0,10078.5,10078.5,0.0,0.0,2.3763956244203635,0.09923664122137404,7.518620457161793,-5.5,5.5,-5.5,5.5,1,1,,8.5,,8.5,0,1,,,,,0,0,q1,tight,mid_high
-2,78700,INTARIAN_PEPPER_ROOT,10073.0,12.0,10071.0,21.0,,,10084.0,12.0,,,,,10078.5,0.0,prices_round_1_day_-2.csv,False,11.0,0.0,10078.5,10078.5,0.0,0.0,2.3749796916121495,0.09911054637865312,7.509067295508575,-5.5,5.5,-5.5,5.5,1,1,-7.5,,-7.5,,1,0,,,,,0,0,q1,tight,mid_high
-2,78800,INTARIAN_PEPPER_ROOT,10073.0,8.0,,,,,10087.0,19.0,,,,,10080.0,0.0,prices_round_1_day_-2.csv,False,14.0,-0.4074074074074074,10077.148148148148,10077.148148148148,-1.3518518518521887,1.5,2.3795479782186724,0.09726922353825865,7.5021976041430944,-4.148148148147811,9.851851851852189,-7.0,7.0,1,1,,,,,0,0,,,,,0,0,q1,mid1,mid_high
-2,78900,INTARIAN_PEPPER_ROOT,10073.0,9.0,10071.0,18.0,,,10087.0,18.0,,,,,10080.0,0.0,prices_round_1_day_-2.csv,False,14.0,-0.3333333333333333,10077.666666666666,10077.666666666666,0.518518518518249,0.0,2.367652188539238,0.09780312632023581,7.492901954978382,-4.66666666666606,9.33333333333394,-7.0,7.0,1,1,-6.66666666666606,,-9.0,,1,0,,,,,0,0,q1,mid1,mid_high
-2,79000,INTARIAN_PEPPER_ROOT,10073.0,11.0,10071.0,18.0,,,10085.0,11.0,10087.0,18.0,,,10079.0,0.0,prices_round_1_day_-2.csv,False,12.0,0.0,10079.0,10079.0,1.3333333333339397,-1.0,2.366523165057505,0.09936708860759494,7.485337570459771,-6.0,6.0,-6.0,6.0,1,1,-8.0,8.0,-8.0,8.0,1,1,,,,,0,0,q1,tight,mid_high
-2,79100,INTARIAN_PEPPER_ROOT,10071.0,19.0,,,,,10087.0,19.0,,,,,10079.0,0.0,prices_round_1_day_-2.csv,False,16.0,0.0,10079.0,10079.0,0.0,0.0,2.208061124962377,0.09924146649810367,7.475874942314372,-8.0,8.0,-8.0,8.0,1,1,,,,,0,0,,,,,0,0,q1,mid1,mid_high
-2,79200,INTARIAN_PEPPER_ROOT,10074.0,11.0,10071.0,22.0,,,10085.0,11.0,10087.0,22.0,,,10079.5,0.0,prices_round_1_day_-2.csv,False,11.0,0.0,10079.5,10079.5,0.5,0.5,2.0623998436878304,0.09974747474747475,7.466626560105443,-5.5,5.5,-5.5,5.5,1,1,-8.5,7.5,-8.5,7.5,1,1,,,,,0,0,q1,tight,mid_high
-2,79300,INTARIAN_PEPPER_ROOT,10077.0,11.0,10074.0,8.0,10071.0,15.0,10085.0,8.0,10087.0,15.0,,,10081.0,0.0,prices_round_1_day_-2.csv,False,8.0,0.15789473684210525,10081.631578947368,10081.631578947368,2.1315789473683253,1.5,1.9167556332475664,0.10230968341408364,7.462404977525669,-4.631578947368325,3.3684210526316747,-4.0,4.0,1,1,-7.631578947368325,5.368421052631675,-7.0,6.0,1,1,-10.631578947368325,,-10.0,,1,0,q1,tight,mid_high
-2,79400,INTARIAN_PEPPER_ROOT,10071.0,15.0,,,,,10087.0,15.0,,,,,10079.0,0.0,prices_round_1_day_-2.csv,False,16.0,0.0,10079.0,10079.0,-2.6315789473683253,-2.0,1.8041052913525761,0.09886649874055416,7.462407914202293,-8.0,8.0,-8.0,8.0,1,1,,,,,0,0,,,,,0,0,q1,mid1,mid_high
-2,79500,INTARIAN_PEPPER_ROOT,10074.0,9.0,,,,,10088.0,20.0,,,,,10081.0,0.0,prices_round_1_day_-2.csv,False,14.0,-0.3793103448275862,10078.344827586207,10078.344827586207,-0.6551724137934798,2.0,1.8071490464065367,0.0979180221210145,7.453724603848558,-4.34482758620652,9.65517241379348,-7.0,7.0,1,1,,,,,0,0,,,,,0,0,q1,mid1,mid_high
-2,79600,INTARIAN_PEPPER_ROOT,10074.0,11.0,10072.0,22.0,,,10085.0,11.0,10088.0,22.0,,,10079.5,0.0,prices_round_1_day_-2.csv,False,11.0,0.0,10079.5,10079.5,1.1551724137934798,-1.5,1.8135188109703215,0.0992462311557789,7.445753104464945,-5.5,5.5,-5.5,5.5,1,1,-7.5,8.5,-7.5,8.5,1,1,,,,,0,0,q1,tight,mid_high
-2,79700,INTARIAN_PEPPER_ROOT,10074.0,10.0,10072.0,22.0,,,10085.0,10.0,10088.0,22.0,,,10079.5,0.0,prices_round_1_day_-2.csv,False,11.0,0.0,10079.5,10079.5,0.0,0.0,1.8135188109703215,0.09912170639899624,7.436411501891227,-5.5,5.5,-5.5,5.5,1,1,-7.5,8.5,-7.5,8.5,1,1,,,,,0,0,q1,tight,mid_high
-2,79800,INTARIAN_PEPPER_ROOT,10072.0,17.0,,,,,10085.0,10.0,,,,,10078.5,0.0,prices_round_1_day_-2.csv,False,13.0,0.25925925925925924,10080.185185185184,10080.185185185184,0.6851851851843094,-1.0,1.815335610370129,0.09985612178594525,7.427511412161287,-8.18518518518431,4.814814814815691,-6.5,6.5,1,1,,,,,0,0,,,,,0,0,q1,tight,mid_high
-2,79900,INTARIAN_PEPPER_ROOT,10074.0,9.0,,,,,10085.0,9.0,,,,,10079.5,0.0,prices_round_1_day_-2.csv,False,11.0,0.0,10079.5,10079.5,-0.6851851851843094,1.0,1.8187943465967877,0.09887359198998748,7.418975080225214,-5.5,5.5,-5.5,5.5,1,1,,,,,0,0,,,,,0,0,q1,tight,mid_high
-2,80000,INTARIAN_PEPPER_ROOT,10074.0,9.0,10072.0,17.0,,,10086.0,9.0,10088.0,17.0,,,10080.0,0.0,prices_round_1_day_-2.csv,False,12.0,0.0,10080.0,10080.0,0.5,0.5,1.809979668435254,0.099375,7.409890882712053,-6.0,6.0,-6.0,6.0,1,1,-8.0,8.0,-8.0,8.0,1,1,,,,,0,0,q1,tight,mid_high
-2,80100,INTARIAN_PEPPER_ROOT,10075.0,11.0,,,,,10086.0,11.0,10088.0,19.0,,,10080.5,0.0,prices_round_1_day_-2.csv,False,11.0,0.0,10080.5,10080.5,0.5,0.5,1.8067653272808244,0.09987515605493133,7.4008288941281695,-5.5,5.5,-5.5,5.5,1,1,,7.5,,7.5,0,1,,,,,0,0,q1,tight,mid_high
-2,80200,INTARIAN_PEPPER_ROOT,10075.0,12.0,10072.0,25.0,,,10086.0,12.0,10088.0,25.0,,,10080.5,0.0,prices_round_1_day_-2.csv,False,11.0,0.0,10080.5,10080.5,0.0,0.0,1.7998647356914934,0.09975062344139651,7.391601845083169,-5.5,5.5,-5.5,5.5,1,1,-8.5,7.5,-8.5,7.5,1,1,,,,,0,0,q1,tight,mid_high
-2,80300,INTARIAN_PEPPER_ROOT,10075.0,9.0,10072.0,25.0,,,10086.0,9.0,10088.0,25.0,,,10080.5,0.0,prices_round_1_day_-2.csv,False,11.0,0.0,10080.5,10080.5,0.0,0.0,1.7988297060964658,0.099626400996264,7.382397775196046,-5.5,5.5,-5.5,5.5,1,1,-8.5,7.5,-8.5,7.5,1,1,,,,,0,0,q1,tight,mid_high
-2,80400,INTARIAN_PEPPER_ROOT,10075.0,8.0,,,,,10086.0,8.0,10088.0,19.0,,,10080.5,0.0,prices_round_1_day_-2.csv,False,11.0,0.0,10080.5,10080.5,0.0,0.0,1.796649619902067,0.09950248756218906,7.373216598732197,-5.5,5.5,-5.5,5.5,1,1,,7.5,,7.5,0,1,,,,,0,0,q1,tight,mid_high
-2,80500,INTARIAN_PEPPER_ROOT,10075.0,12.0,10072.0,15.0,,,10086.0,12.0,10089.0,15.0,,,10080.5,0.0,prices_round_1_day_-2.csv,False,11.0,0.0,10080.5,10080.5,0.0,0.0,1.796649619902067,0.09937888198757763,7.364058230382989,-5.5,5.5,-5.5,5.5,1,1,-8.5,8.5,-8.5,8.5,1,1,,,,,0,0,q1,tight,mid_high
-2,80600,INTARIAN_PEPPER_ROOT,10075.0,8.0,10073.0,18.0,,,10089.0,18.0,,,,,10082.0,0.0,prices_round_1_day_-2.csv,False,14.0,-0.38461538461538464,10079.307692307691,10079.307692307691,-1.1923076923085318,1.5,1.80589267991385,0.09777629318572142,7.356980374399628,-4.307692307691468,9.692307692308532,-7.0,7.0,1,1,-6.307692307691468,,-9.0,,1,0,,,,,0,0,q1,mid1,mid_high
-2,80700,INTARIAN_PEPPER_ROOT,10075.0,8.0,10073.0,21.0,,,10086.0,8.0,10089.0,21.0,,,10080.5,0.0,prices_round_1_day_-2.csv,False,11.0,0.0,10080.5,10080.5,1.1923076923085318,-1.5,1.8105425145446015,0.09913258983890955,7.349337116459173,-5.5,5.5,-5.5,5.5,1,1,-7.5,8.5,-7.5,8.5,1,1,,,,,0,0,q1,tight,mid_high
-2,80800,INTARIAN_PEPPER_ROOT,10075.0,11.0,10073.0,23.0,,,10086.0,11.0,,,,,10080.5,0.0,prices_round_1_day_-2.csv,False,11.0,0.0,10080.5,10080.5,0.0,0.0,1.8068437266136368,0.09900990099009901,7.3402422936480765,-5.5,5.5,-5.5,5.5,1,1,-7.5,,-7.5,,1,0,,,,,0,0,q1,tight,mid_high
-2,80900,INTARIAN_PEPPER_ROOT,10075.0,9.0,10073.0,19.0,,,10089.0,19.0,,,,,10082.0,0.0,prices_round_1_day_-2.csv,False,14.0,-0.35714285714285715,10079.5,10079.5,-1.0,1.5,1.8134954880164758,0.09765142150803462,7.332650817764939,-4.5,9.5,-7.0,7.0,1,1,-6.5,,-9.0,,1,0,,,,,0,0,q1,mid1,mid_high
-2,81000,INTARIAN_PEPPER_ROOT,10075.0,9.0,10073.0,23.0,,,10087.0,9.0,10089.0,23.0,,,10081.0,0.0,prices_round_1_day_-2.csv,False,12.0,0.0,10081.0,10081.0,1.5,-1.0,1.8129739581306759,0.09938271604938272,7.326014850940953,-6.0,6.0,-6.0,6.0,1,1,-8.0,8.0,-8.0,8.0,1,1,,,,,0,0,q1,tight,mid_high
-2,81100,INTARIAN_PEPPER_ROOT,10076.0,10.0,10073.0,15.0,,,10087.0,10.0,10089.0,15.0,,,10081.5,0.0,prices_round_1_day_-2.csv,False,11.0,0.0,10081.5,10081.5,0.5,0.5,1.8117440855470939,0.0998766954377312,7.317168284842902,-5.5,5.5,-5.5,5.5,1,1,-8.5,7.5,-8.5,7.5,1,1,,,,,0,0,q1,tight,mid_high
-2,81200,INTARIAN_PEPPER_ROOT,10076.0,11.0,,,,,10087.0,11.0,10089.0,23.0,,,10081.5,0.0,prices_round_1_day_-2.csv,False,11.0,0.0,10081.5,10081.5,0.0,0.0,1.8117440855470939,0.09975369458128079,7.308158167437882,-5.5,5.5,-5.5,5.5,1,1,,7.5,,7.5,0,1,,,,,0,0,q1,tight,mid_high
-2,81300,INTARIAN_PEPPER_ROOT,10076.0,9.0,10073.0,20.0,,,10089.0,20.0,,,,,10082.5,0.0,prices_round_1_day_-2.csv,False,13.0,-0.3793103448275862,10080.034482758621,10080.034482758621,-1.4655172413786204,1.0,1.8251994823132265,0.09782839207702507,7.30217159270324,-4.03448275862138,8.96551724137862,-6.5,6.5,1,1,-7.03448275862138,,-9.5,,1,0,,,,,0,0,q1,tight,mid_high
-2,81400,INTARIAN_PEPPER_ROOT,10076.0,11.0,10073.0,16.0,,,10087.0,11.0,10089.0,16.0,,,10081.5,0.0,prices_round_1_day_-2.csv,False,11.0,0.0,10081.5,10081.5,1.4655172413786204,-1.0,1.8357776337807057,0.09950859950859951,7.295487832795284,-5.5,5.5,-5.5,5.5,1,1,-8.5,7.5,-8.5,7.5,1,1,,,,,0,0,q1,tight,mid_high
-2,81500,INTARIAN_PEPPER_ROOT,10076.0,8.0,,,,,10087.0,8.0,,,,,10081.5,0.0,prices_round_1_day_-2.csv,False,11.0,0.0,10081.5,10081.5,0.0,0.0,1.8357776337807057,0.09938650306748466,7.28653746667604,-5.5,5.5,-5.5,5.5,1,1,,,,,0,0,,,,,0,0,q1,tight,mid_high
-2,81600,INTARIAN_PEPPER_ROOT,10076.0,12.0,10074.0,25.0,,,10087.0,12.0,10090.0,25.0,,,10081.5,0.0,prices_round_1_day_-2.csv,False,11.0,0.0,10081.5,10081.5,0.0,0.0,1.826906330381014,0.09926470588235294,7.277609034903426,-5.5,5.5,-5.5,5.5,1,1,-7.5,8.5,-7.5,8.5,1,1,,,,,0,0,q1,tight,mid_high
-2,81700,INTARIAN_PEPPER_ROOT,10076.0,11.0,10074.0,20.0,,,10090.0,20.0,,,,,10083.0,0.0,prices_round_1_day_-2.csv,False,14.0,-0.2903225806451613,10080.967741935483,10080.967741935483,-0.5322580645170092,1.5,1.8230336579886133,0.09849172819520562,7.269178549390705,-4.967741935482991,9.03225806451701,-7.0,7.0,1,1,-6.967741935482991,,-9.0,,1,0,,,,,0,0,q1,mid1,mid_high
-2,81800,INTARIAN_PEPPER_ROOT,10076.0,9.0,10074.0,16.0,,,10090.0,16.0,,,,,10083.0,0.0,prices_round_1_day_-2.csv,False,14.0,-0.28,10081.04,10081.04,0.0722580645178823,0.0,1.8229900185434147,0.09845965770171256,7.260281987352017,-5.040000000000873,8.959999999999127,-7.0,7.0,1,1,-7.040000000000873,,-9.0,,1,0,,,,,0,0,q1,mid1,mid_high
-2,81900,INTARIAN_PEPPER_ROOT,10076.0,10.0,10074.0,25.0,,,10087.0,10.0,10090.0,25.0,,,10081.5,0.0,prices_round_1_day_-2.csv,False,11.0,0.0,10081.5,10081.5,0.4599999999991269,-1.5,1.8236830293070054,0.0989010989010989,7.251565935803061,-5.5,5.5,-5.5,5.5,1,1,-7.5,8.5,-7.5,8.5,1,1,,,,,0,0,q1,tight,mid_high
-2,82000,INTARIAN_PEPPER_ROOT,,,,,,,10088.0,12.0,10090.0,19.0,,,10088.0,0.0,prices_round_1_day_-2.csv,True,,-1.0,,10088.0,6.5,6.5,2.035627415578756,0.10670731707317073,7.292680139504262,,0.0,,0.0,0,1,,2.0,,2.0,0,1,,,,,0,0,q1,mid1,mid_high
-2,82100,INTARIAN_PEPPER_ROOT,10077.0,12.0,10074.0,15.0,,,10088.0,12.0,10090.0,15.0,,,10082.5,0.0,prices_round_1_day_-2.csv,False,11.0,0.0,10082.5,10082.5,-5.5,-5.5,2.189796234010009,0.09987819732034105,7.3220755028263715,-5.5,5.5,-5.5,5.5,1,1,-8.5,7.5,-8.5,7.5,1,1,,,,,0,0,q1,tight,mid_high
-2,82200,INTARIAN_PEPPER_ROOT,10077.0,8.0,,,,,10090.0,16.0,,,,,10083.5,0.0,prices_round_1_day_-2.csv,False,13.0,-0.3333333333333333,10081.333333333334,10081.333333333334,-1.1666666666660603,1.0,2.1970870882758637,0.09833738848337462,7.315108522176121,-4.33333333333394,8.66666666666606,-6.5,6.5,1,1,,,,,0,0,,,,,0,0,q1,tight,mid_high
-2,82300,INTARIAN_PEPPER_ROOT,10074.0,17.0,,,,,10088.0,8.0,,,,,10081.0,0.0,prices_round_1_day_-2.csv,False,14.0,0.36,10083.52,10083.52,2.186666666666497,-2.5,2.2172007724392557,0.10087484811664695,7.31150841463439,-9.520000000000437,4.479999999999563,-7.0,7.0,1,1,,,,,0,0,,,,,0,0,q1,mid1,mid_high
-2,82400,INTARIAN_PEPPER_ROOT,10077.0,9.0,10074.0,19.0,,,10090.0,19.0,,,,,10083.5,0.0,prices_round_1_day_-2.csv,False,13.0,-0.35714285714285715,10081.17857142857,10081.17857142857,-2.3414285714297876,2.5,2.2443554685893647,0.09791088765603234,7.3098633340605454,-4.178571428570649,8.821428571429351,-6.5,6.5,1,1,-7.178571428570649,,-9.5,,1,0,,,,,0,0,q1,tight,mid_high
-2,82500,INTARIAN_PEPPER_ROOT,,,,,,,10088.0,12.0,10091.0,17.0,,,10088.0,0.0,prices_round_1_day_-2.csv,True,,-1.0,,10088.0,6.821428571429351,4.5,2.4387056097914117,0.10606060606060606,7.355786916504891,,0.0,,0.0,0,1,,3.0,,3.0,0,1,,,,,0,0,q1,mid1,mid_high
-2,82600,INTARIAN_PEPPER_ROOT,10077.0,8.0,10075.0,16.0,,,10088.0,8.0,10091.0,16.0,,,10082.5,0.0,prices_round_1_day_-2.csv,False,11.0,0.0,10082.5,10082.5,-5.5,-5.5,2.4387056097914117,0.09927360774818401,7.384919135024221,-5.5,5.5,-5.5,5.5,1,1,-7.5,8.5,-7.5,8.5,1,1,,,,,0,0,q1,tight,mid_high
-2,82700,INTARIAN_PEPPER_ROOT,10077.0,10.0,10075.0,23.0,,,10079.0,8.0,10088.0,10.0,10091.0,23.0,10078.0,0.0,prices_round_1_day_-2.csv,False,2.0,0.1111111111111111,10078.111111111111,10078.111111111111,-4.388888888888687,-4.5,2.401644181930307,0.09384656724439094,7.400335994614459,-1.1111111111113132,0.8888888888886868,-1.0,1.0,1,1,-3.111111111111313,9.888888888888687,-3.0,10.0,1,1,,12.888888888888687,,13.0,0,1,q1,tight,mid_high
-2,82800,INTARIAN_PEPPER_ROOT,10077.0,11.0,10075.0,23.0,,,10088.0,11.0,10091.0,23.0,,,10082.5,0.0,prices_round_1_day_-2.csv,False,11.0,0.0,10082.5,10082.5,4.388888888888687,4.5,2.4801113325413358,0.09903381642512077,7.4136670382605745,-5.5,5.5,-5.5,5.5,1,1,-7.5,8.5,-7.5,8.5,1,1,,,,,0,0,q1,tight,mid_high
-2,82900,INTARIAN_PEPPER_ROOT,10077.0,12.0,10075.0,16.0,,,10088.0,12.0,10091.0,16.0,,,10082.5,0.0,prices_round_1_day_-2.csv,False,11.0,0.0,10082.5,10082.5,0.0,0.0,2.3449540218642038,0.09891435464414958,7.404725164864172,-5.5,5.5,-5.5,5.5,1,1,-7.5,8.5,-7.5,8.5,1,1,,,,,0,0,q1,tight,mid_high
-2,83000,INTARIAN_PEPPER_ROOT,10075.0,21.0,,,,,10089.0,10.0,10091.0,21.0,,,10082.0,0.0,prices_round_1_day_-2.csv,False,14.0,0.3548387096774194,10084.483870967742,10084.483870967742,1.983870967742405,-0.5,2.358075409458992,0.10118538670812338,7.400073844564403,-9.483870967742405,4.516129032257595,-7.0,7.0,1,1,,6.516129032257595,,9.0,0,1,,,,,0,0,q1,mid1,mid_high
-2,83100,INTARIAN_PEPPER_ROOT,10078.0,11.0,10075.0,22.0,,,10089.0,11.0,10091.0,22.0,,,10083.5,0.0,prices_round_1_day_-2.csv,False,11.0,0.0,10083.5,10083.5,-0.9838709677424049,1.5,2.2387150330728653,0.09987966305655836,7.392574876689733,-5.5,5.5,-5.5,5.5,1,1,-8.5,7.5,-8.5,7.5,1,1,,,,,0,0,q1,tight,mid_high
-2,83200,INTARIAN_PEPPER_ROOT,10075.0,22.0,,,,,10091.0,22.0,,,,,10083.0,0.0,prices_round_1_day_-2.csv,False,16.0,0.0,10083.0,10083.0,-0.5,-0.5,2.2367314206864517,0.09915865384615384,7.384111396803688,-8.0,8.0,-8.0,8.0,1,1,,,,,0,0,,,,,0,0,q1,mid1,mid_high
-2,83300,INTARIAN_PEPPER_ROOT,10078.0,12.0,10075.0,17.0,,,10089.0,12.0,10091.0,17.0,,,10083.5,0.0,prices_round_1_day_-2.csv,False,11.0,0.0,10083.5,10083.5,0.5,0.5,2.237438426771149,0.09963985594237695,7.375429148609322,-5.5,5.5,-5.5,5.5,1,1,-8.5,7.5,-8.5,7.5,1,1,,,,,0,0,q1,tight,mid_high
-2,83400,INTARIAN_PEPPER_ROOT,10078.0,12.0,10075.0,23.0,,,10089.0,12.0,10091.0,23.0,,,10083.5,0.0,prices_round_1_day_-2.csv,False,11.0,0.0,10083.5,10083.5,0.0,0.0,2.209464887155537,0.09952038369304557,7.366586996206062,-5.5,5.5,-5.5,5.5,1,1,-8.5,7.5,-8.5,7.5,1,1,,,,,0,0,q1,tight,mid_high
-2,83500,INTARIAN_PEPPER_ROOT,10075.0,20.0,,,,,10089.0,12.0,10092.0,20.0,,,10082.0,0.0,prices_round_1_day_-2.csv,False,14.0,0.25,10083.75,10083.75,0.25,-1.5,2.186605293641624,0.09970059880239521,7.357781276781623,-8.75,5.25,-7.0,7.0,1,1,,8.25,,10.0,0,1,,,,,0,0,q1,mid1,mid_high
-2,83600,INTARIAN_PEPPER_ROOT,10078.0,10.0,10076.0,23.0,,,10089.0,10.0,10092.0,23.0,,,10083.5,0.0,prices_round_1_day_-2.csv,False,11.0,0.0,10083.5,10083.5,-0.25,1.5,2.187136058582776,0.09928229665071771,7.3491158431906145,-5.5,5.5,-5.5,5.5,1,1,-7.5,8.5,-7.5,8.5,1,1,,,,,0,0,q1,tight,mid_high
-2,83700,INTARIAN_PEPPER_ROOT,10078.0,12.0,10076.0,23.0,,,10089.0,12.0,10092.0,23.0,,,10083.5,0.0,prices_round_1_day_-2.csv,False,11.0,0.0,10083.5,10083.5,0.0,0.0,2.187136058582776,0.0991636798088411,7.3403368113182275,-5.5,5.5,-5.5,5.5,1,1,-7.5,8.5,-7.5,8.5,1,1,,,,,0,0,q1,tight,mid_high
-2,83800,INTARIAN_PEPPER_ROOT,10078.0,8.0,10076.0,19.0,,,10092.0,19.0,,,,,10085.0,0.0,prices_round_1_day_-2.csv,False,14.0,-0.4074074074074074,10082.148148148148,10082.148148148148,-1.3518518518521887,1.5,2.187136058582776,0.09743215769468712,7.334079459820406,-4.148148148147811,9.851851851852189,-7.0,7.0,1,1,-6.148148148147811,,-9.0,,1,0,,,,,0,0,q1,mid1,mid_high
-2,83900,INTARIAN_PEPPER_ROOT,10078.0,8.0,10076.0,22.0,,,10089.0,8.0,10092.0,22.0,,,10083.5,0.0,prices_round_1_day_-2.csv,False,11.0,0.0,10083.5,10083.5,1.3518518518521887,-1.5,2.1935560971630164,0.09892729439809297,7.327203103949693,-5.5,5.5,-5.5,5.5,1,1,-7.5,8.5,-7.5,8.5,1,1,,,,,0,0,q1,tight,mid_high
-2,84000,INTARIAN_PEPPER_ROOT,10078.0,12.0,10076.0,24.0,,,10090.0,12.0,10092.0,24.0,,,10084.0,0.0,prices_round_1_day_-2.csv,False,12.0,0.0,10084.0,10084.0,0.5,0.5,2.1872800507331602,0.0994047619047619,7.318661345561188,-6.0,6.0,-6.0,6.0,1,1,-8.0,8.0,-8.0,8.0,1,1,,,,,0,0,q1,tight,mid_high
-2,84100,INTARIAN_PEPPER_ROOT,10079.0,11.0,10076.0,21.0,,,10090.0,11.0,10092.0,21.0,,,10084.5,0.0,prices_round_1_day_-2.csv,False,11.0,0.0,10084.5,10084.5,0.5,0.5,2.1879563990191224,0.09988109393579073,7.310139469826522,-5.5,5.5,-5.5,5.5,1,1,-8.5,7.5,-8.5,7.5,1,1,,,,,0,0,q1,tight,mid_high
-2,84200,INTARIAN_PEPPER_ROOT,10079.0,8.0,10076.0,21.0,,,10090.0,8.0,10092.0,21.0,,,10084.5,0.0,prices_round_1_day_-2.csv,False,11.0,0.0,10084.5,10084.5,0.0,0.0,2.1872800507331602,0.0997624703087886,7.3014591189523745,-5.5,5.5,-5.5,5.5,1,1,-8.5,7.5,-8.5,7.5,1,1,,,,,0,0,q1,tight,mid_high
-2,84300,INTARIAN_PEPPER_ROOT,10079.0,9.0,10076.0,19.0,,,10090.0,9.0,10092.0,19.0,,,10084.5,0.0,prices_round_1_day_-2.csv,False,11.0,0.0,10084.5,10084.5,0.0,0.0,2.167559152976039,0.099644128113879,7.292799358412493,-5.5,5.5,-5.5,5.5,1,1,-8.5,7.5,-8.5,7.5,1,1,,,,,0,0,q1,tight,mid_high
-2,84400,INTARIAN_PEPPER_ROOT,10079.0,8.0,10076.0,23.0,,,10092.0,23.0,,,,,10085.5,0.0,prices_round_1_day_-2.csv,False,13.0,-0.4838709677419355,10082.354838709678,10082.354838709678,-2.145161290321994,1.0,2.1563067847002317,0.09698440605412086,7.29011890936117,-3.354838709678006,9.645161290321994,-6.5,6.5,1,1,-6.354838709678006,,-9.5,,1,0,,,,,0,0,q1,tight,mid_high
-2,84500,INTARIAN_PEPPER_ROOT,10079.0,9.0,10076.0,17.0,,,10093.0,17.0,,,,,10086.0,0.0,prices_round_1_day_-2.csv,False,14.0,-0.3076923076923077,10083.846153846154,10083.846153846154,1.4913151364762598,0.5,2.162990491855213,0.09863450159308197,7.283782106633113,-4.846153846154266,9.153846153845734,-7.0,7.0,1,1,-7.846153846154266,,-10.0,,1,0,,,,,0,0,q1,mid1,mid_high
-2,84600,INTARIAN_PEPPER_ROOT,10079.0,11.0,10077.0,22.0,,,,,,,,,10079.0,0.0,prices_round_1_day_-2.csv,True,,1.0,,10079.0,-4.846153846154266,-7.0,2.2677820735936405,0.09278959810874704,7.304064056794938,0.0,,0.0,,1,0,-2.0,,-2.0,,1,0,,,,,0,0,q1,mid1,mid_high
-2,84700,INTARIAN_PEPPER_ROOT,10079.0,11.0,10077.0,22.0,,,10093.0,22.0,,,,,10086.0,0.0,prices_round_1_day_-2.csv,False,14.0,-0.3333333333333333,10083.666666666666,10083.666666666666,4.66666666666606,7.0,2.362264983183063,0.09818968909877929,7.320129763685165,-4.66666666666606,9.33333333333394,-7.0,7.0,1,1,-6.66666666666606,,-9.0,,1,0,,,,,0,0,q1,mid1,mid_high
-2,84800,INTARIAN_PEPPER_ROOT,10079.0,10.0,10077.0,23.0,,,10090.0,10.0,,,,,10084.5,0.0,prices_round_1_day_-2.csv,False,11.0,0.0,10084.5,10084.5,0.8333333333339397,-1.5,2.36312803801604,0.09905660377358491,7.31212465047048,-5.5,5.5,-5.5,5.5,1,1,-7.5,,-7.5,,1,0,,,,,0,0,q1,tight,mid_high
-2,84900,INTARIAN_PEPPER_ROOT,10077.0,21.0,,,,,10090.0,10.0,10093.0,21.0,,,10083.5,0.0,prices_round_1_day_-2.csv,False,13.0,0.3548387096774194,10085.806451612903,10085.806451612903,1.3064516129034018,-1.0,2.3666414464059953,0.1004787415935258,7.305218944073658,-8.806451612903402,4.193548387096598,-6.5,6.5,1,1,,7.193548387096598,,9.5,0,1,,,,,0,0,q1,tight,mid_high
-2,85000,INTARIAN_PEPPER_ROOT,10079.0,12.0,10077.0,18.0,,,10091.0,12.0,10093.0,18.0,,,10085.0,0.0,prices_round_1_day_-2.csv,False,12.0,0.0,10085.0,10085.0,-0.8064516129034018,1.5,2.369639539880804,0.09941176470588235,7.297582119633266,-6.0,6.0,-6.0,6.0,1,1,-8.0,8.0,-8.0,8.0,1,1,,,,,0,0,q1,tight,mid_high
-2,85100,INTARIAN_PEPPER_ROOT,10080.0,12.0,10077.0,24.0,,,10091.0,12.0,10093.0,24.0,,,10085.5,0.0,prices_round_1_day_-2.csv,False,11.0,0.0,10085.5,10085.5,0.5,0.5,2.369639539880804,0.099882491186839,7.289185296394598,-5.5,5.5,-5.5,5.5,1,1,-8.5,7.5,-8.5,7.5,1,1,,,,,0,0,q1,tight,mid_high
-2,85200,INTARIAN_PEPPER_ROOT,10080.0,9.0,10077.0,18.0,,,10091.0,9.0,10093.0,18.0,,,10085.5,0.0,prices_round_1_day_-2.csv,False,11.0,0.0,10085.5,10085.5,0.0,0.0,2.369639539880804,0.09976525821596244,7.280631570784879,-5.5,5.5,-5.5,5.5,1,1,-8.5,7.5,-8.5,7.5,1,1,,,,,0,0,q1,tight,mid_high
-2,85300,INTARIAN_PEPPER_ROOT,10077.0,21.0,,,,,10093.0,21.0,,,,,10085.0,0.0,prices_round_1_day_-2.csv,False,16.0,0.0,10085.0,10085.0,-0.5,-0.5,2.371124704711466,0.09906213364595545,7.272507938254937,-8.0,8.0,-8.0,8.0,1,1,,,,,0,0,,,,,0,0,q1,mid1,mid_high
-2,85400,INTARIAN_PEPPER_ROOT,10080.0,10.0,,,,,10091.0,10.0,,,,,10085.5,0.0,prices_round_1_day_-2.csv,False,11.0,0.0,10085.5,10085.5,0.5,0.5,2.3717916499134493,0.09953161592505855,7.264170370847197,-5.5,5.5,-5.5,5.5,1,1,,,,,0,0,,,,,0,0,q1,tight,mid_high
-2,85500,INTARIAN_PEPPER_ROOT,10080.0,8.0,10077.0,17.0,,,10091.0,8.0,10094.0,17.0,,,10085.5,0.0,prices_round_1_day_-2.csv,False,11.0,0.0,10085.5,10085.5,0.0,0.0,2.3717916499134493,0.09941520467836257,7.255675903148276,-5.5,5.5,-5.5,5.5,1,1,-8.5,8.5,-8.5,8.5,1,1,,,,,0,0,q1,tight,mid_high
-2,85600,INTARIAN_PEPPER_ROOT,10080.0,8.0,10078.0,24.0,,,10091.0,8.0,10094.0,24.0,,,10085.5,0.0,prices_round_1_day_-2.csv,False,11.0,0.0,10085.5,10085.5,0.0,0.0,2.3645161509414963,0.09929906542056074,7.247201278509405,-5.5,5.5,-5.5,5.5,1,1,-7.5,8.5,-7.5,8.5,1,1,,,,,0,0,q1,tight,mid_high
-2,85700,INTARIAN_PEPPER_ROOT,10080.0,8.0,,,,,10091.0,8.0,,,,,10085.5,0.0,prices_round_1_day_-2.csv,False,11.0,0.0,10085.5,10085.5,0.0,0.0,2.35952775728743,0.09918319719953325,7.238746427481693,-5.5,5.5,-5.5,5.5,1,1,,,,,0,0,,,,,0,0,q1,tight,mid_high
-2,85800,INTARIAN_PEPPER_ROOT,10080.0,8.0,,,,,10091.0,8.0,10094.0,17.0,,,10085.5,0.0,prices_round_1_day_-2.csv,False,11.0,0.0,10085.5,10085.5,0.0,0.0,2.35952775728743,0.09906759906759907,7.230311280939957,-5.5,5.5,-5.5,5.5,1,1,,8.5,,8.5,0,1,,,,,0,0,q1,tight,mid_high
-2,85900,INTARIAN_PEPPER_ROOT,10080.0,12.0,,,,,10091.0,12.0,10094.0,25.0,,,10085.5,0.0,prices_round_1_day_-2.csv,False,11.0,0.0,10085.5,10085.5,0.0,0.0,2.3542457981753255,0.0989522700814901,7.221895770080843,-5.5,5.5,-5.5,5.5,1,1,,8.5,,8.5,0,1,,,,,0,0,q1,tight,mid_high
-2,86000,INTARIAN_PEPPER_ROOT,10080.0,12.0,10078.0,19.0,,,10092.0,12.0,10094.0,19.0,,,10086.0,0.0,prices_round_1_day_-2.csv,False,12.0,0.0,10086.0,10086.0,0.5,0.5,2.3465180049626575,0.09941860465116278,7.213675463316198,-6.0,6.0,-6.0,6.0,1,1,-8.0,8.0,-8.0,8.0,1,1,,,,,0,0,q1,tight,mid_high
-2,86100,INTARIAN_PEPPER_ROOT,10081.0,12.0,10078.0,19.0,,,10092.0,12.0,10094.0,19.0,,,10086.5,0.0,prices_round_1_day_-2.csv,False,11.0,0.0,10086.5,10086.5,0.5,0.5,2.3465180049626575,0.09988385598141696,7.205473839618473,-5.5,5.5,-5.5,5.5,1,1,-8.5,7.5,-8.5,7.5,1,1,,,,,0,0,q1,tight,mid_high
-2,86200,INTARIAN_PEPPER_ROOT,10081.0,9.0,,,,,10092.0,9.0,10094.0,23.0,,,10086.5,0.0,prices_round_1_day_-2.csv,False,11.0,0.0,10086.5,10086.5,0.0,0.0,2.3465180049626575,0.09976798143851508,7.197116686739345,-5.5,5.5,-5.5,5.5,1,1,,7.5,,7.5,0,1,,,,,0,0,q1,tight,mid_high
-2,86300,INTARIAN_PEPPER_ROOT,10081.0,9.0,10078.0,25.0,,,10092.0,9.0,10094.0,25.0,,,10086.5,0.0,prices_round_1_day_-2.csv,False,11.0,0.0,10086.5,10086.5,0.0,0.0,2.335691968370154,0.0996523754345307,7.188778897214522,-5.5,5.5,-5.5,5.5,1,1,-8.5,7.5,-8.5,7.5,1,1,,,,,0,0,q1,tight,mid_high
-2,86400,INTARIAN_PEPPER_ROOT,10081.0,12.0,10078.0,16.0,,,10094.0,16.0,,,,,10087.5,0.0,prices_round_1_day_-2.csv,False,13.0,-0.14285714285714285,10086.57142857143,10086.57142857143,0.071428571429351,1.0,2.3277229977095946,0.0996197089947099,7.180449832051054,-5.571428571429351,7.428571428570649,-6.5,6.5,1,1,-8.571428571429351,,-9.5,,1,0,,,,,0,0,q1,tight,mid_high
-2,86500,INTARIAN_PEPPER_ROOT,10081.0,8.0,10078.0,18.0,,,10095.0,18.0,,,,,10088.0,0.0,prices_round_1_day_-2.csv,False,14.0,-0.38461538461538464,10085.307692307691,10085.307692307691,-1.2637362637378828,0.5,2.3356940586036723,0.09804357492218667,7.174287958028523,-4.307692307691468,9.692307692308532,-7.0,7.0,1,1,-7.307692307691468,,-10.0,,1,0,,,,,0,0,q1,mid1,mid_high
-2,86600,INTARIAN_PEPPER_ROOT,10081.0,12.0,10079.0,20.0,,,10083.0,3.0,10092.0,12.0,10095.0,20.0,10082.0,0.0,prices_round_1_day_-2.csv,False,2.0,0.6,10082.6,10082.6,-2.7076923076911044,-6.0,2.3686525838317944,0.0948036951501159,7.1750842304424225,-1.6000000000003638,0.3999999999996362,-1.0,1.0,1,1,-3.600000000000364,9.399999999999636,-3.0,10.0,1,1,,12.399999999999636,,13.0,0,1,q1,tight,mid_high
-2,86700,INTARIAN_PEPPER_ROOT,10081.0,10.0,10079.0,18.0,,,10092.0,10.0,10095.0,18.0,,,10086.5,0.0,prices_round_1_day_-2.csv,False,11.0,0.0,10086.5,10086.5,3.899999999999636,4.5,2.4296385128314797,0.09919261822376009,7.1834996276411935,-5.5,5.5,-5.5,5.5,1,1,-7.5,8.5,-7.5,8.5,1,1,,,,,0,0,q1,tight,mid_high
-2,86800,INTARIAN_PEPPER_ROOT,10079.0,24.0,,,,,10092.0,10.0,10095.0,24.0,,,10085.5,0.0,prices_round_1_day_-2.csv,False,13.0,0.4117647058823529,10088.176470588236,10088.176470588236,1.6764705882360431,-1.0,2.4396925516853942,0.10100975874220743,7.178080296650809,-9.176470588236043,3.823529411763957,-6.5,6.5,1,1,,6.823529411763957,,9.5,0,1,,,,,0,0,q1,tight,mid_high
-2,86900,INTARIAN_PEPPER_ROOT,10081.0,9.0,10079.0,15.0,,,10095.0,15.0,,,,,10088.0,0.0,prices_round_1_day_-2.csv,False,14.0,-0.25,10086.25,10086.25,-1.9264705882360431,2.5,2.4566440970841628,0.09867663981588032,7.174540971659982,-5.25,8.75,-7.0,7.0,1,1,-7.25,,-9.0,,1,0,,,,,0,0,q1,mid1,mid_high
-2,87000,INTARIAN_PEPPER_ROOT,10081.0,10.0,10079.0,24.0,,,10093.0,10.0,10095.0,24.0,,,10087.0,0.0,prices_round_1_day_-2.csv,False,12.0,0.0,10087.0,10087.0,0.75,-1.0,2.2788453071729493,0.09942528735632183,7.166772494716633,-6.0,6.0,-6.0,6.0,1,1,-8.0,8.0,-8.0,8.0,1,1,,,,,0,0,q1,tight,mid_high
-2,87100,INTARIAN_PEPPER_ROOT,10082.0,12.0,10079.0,20.0,,,10093.0,12.0,10095.0,20.0,,,10087.5,0.0,prices_round_1_day_-2.csv,False,11.0,0.0,10087.5,10087.5,0.5,0.5,2.1380119545263643,0.09988518943742825,7.158719050326459,-5.5,5.5,-5.5,5.5,1,1,-8.5,7.5,-8.5,7.5,1,1,,,,,0,0,q1,tight,mid_high
-2,87200,INTARIAN_PEPPER_ROOT,10082.0,9.0,,,,,10093.0,9.0,10095.0,17.0,,,10087.5,0.0,prices_round_1_day_-2.csv,False,11.0,0.0,10087.5,10087.5,0.0,0.0,2.130258172053903,0.09977064220183486,7.150511526284174,-5.5,5.5,-5.5,5.5,1,1,,7.5,,7.5,0,1,,,,,0,0,q1,tight,mid_high
-2,87300,INTARIAN_PEPPER_ROOT,,,,,,,10093.0,11.0,10095.0,18.0,,,10093.0,0.0,prices_round_1_day_-2.csv,True,,-1.0,,10093.0,5.5,5.5,2.2442381123667063,0.10595647193585338,7.175716297719047,,0.0,,0.0,0,1,,2.0,,2.0,0,1,,,,,0,0,q1,mid1,mid_high
-2,87400,INTARIAN_PEPPER_ROOT,10082.0,8.0,10079.0,22.0,,,10093.0,8.0,10095.0,22.0,,,10087.5,0.0,prices_round_1_day_-2.csv,False,11.0,0.0,10087.5,10087.5,-5.5,-5.5,2.3584824834236064,0.09954233409610984,7.203454068956145,-5.5,5.5,-5.5,5.5,1,1,-8.5,7.5,-8.5,7.5,1,1,,,,,0,0,q1,tight,mid_high
-2,87500,INTARIAN_PEPPER_ROOT,10079.0,24.0,,,,,10093.0,12.0,10096.0,24.0,,,10086.0,0.0,prices_round_1_day_-2.csv,False,14.0,0.3333333333333333,10088.333333333334,10088.333333333334,0.8333333333339397,-1.5,2.1548193979768446,0.10038095238095307,7.195827501211358,-9.33333333333394,4.66666666666606,-7.0,7.0,1,1,,7.66666666666606,,10.0,0,1,,,,,0,0,q1,mid1,mid_high
-2,87600,INTARIAN_PEPPER_ROOT,,,,,,,10096.0,21.0,,,,,10096.0,0.0,prices_round_1_day_-2.csv,True,,-1.0,,10096.0,7.66666666666606,10.0,2.2696043225095965,0.10901826484018265,7.252956072222917,,0.0,,0.0,0,1,,,,,0,0,,,,,0,0,q1,mid1,mid_high
-2,87700,INTARIAN_PEPPER_ROOT,10082.0,10.0,10080.0,22.0,,,,,,,,,10082.0,0.0,prices_round_1_day_-2.csv,True,,1.0,,10082.0,-14.0,-14.0,2.970893737726091,0.09293044469783353,7.4716597902333515,0.0,,0.0,,1,0,-2.0,,-2.0,,1,0,,,,,0,0,q2,mid1,mid_high
-2,87800,INTARIAN_PEPPER_ROOT,10080.0,22.0,,,,,10096.0,22.0,,,,,10088.0,0.0,prices_round_1_day_-2.csv,False,16.0,0.0,10088.0,10088.0,6.0,6.0,3.0268168566419367,0.09965831435079726,7.502882217766926,-8.0,8.0,-8.0,8.0,1,1,,,,,0,0,,,,,0,0,q2,mid1,mid_high
-2,87900,INTARIAN_PEPPER_ROOT,,,,,,,10096.0,22.0,,,,,10096.0,0.0,prices_round_1_day_-2.csv,True,,-1.0,,10096.0,8.0,8.0,3.225787022775192,0.10864618885096701,7.565344073407769,,0.0,,0.0,0,1,,,,,0,0,,,,,0,0,q2,mid1,mid_high
-2,88000,INTARIAN_PEPPER_ROOT,10080.0,24.0,,,,,10094.0,8.0,10096.0,24.0,,,10087.0,0.0,prices_round_1_day_-2.csv,False,14.0,0.5,10090.5,10090.5,-5.5,-9.0,3.316977889682944,0.10227272727272728,7.592483802085033,-10.5,3.5,-7.0,7.0,1,1,,5.5,,9.0,0,1,,,,,0,0,q2,mid1,mid_high
-2,88100,INTARIAN_PEPPER_ROOT,10083.0,11.0,10080.0,18.0,,,10094.0,11.0,10096.0,18.0,,,10088.5,0.0,prices_round_1_day_-2.csv,False,11.0,0.0,10088.5,10088.5,-2.0,1.5,3.326978919475609,0.09988649262202043,7.588872495609717,-5.5,5.5,-5.5,5.5,1,1,-8.5,7.5,-8.5,7.5,1,1,,,,,0,0,q2,tight,mid_high
-2,88200,INTARIAN_PEPPER_ROOT,10083.0,12.0,,,,,10094.0,12.0,10096.0,19.0,,,10088.5,0.0,prices_round_1_day_-2.csv,False,11.0,0.0,10088.5,10088.5,0.0,0.0,3.325889930932157,0.09977324263038549,7.580269877566192,-5.5,5.5,-5.5,5.5,1,1,,7.5,,7.5,0,1,,,,,0,0,q2,tight,mid_high
-2,88300,INTARIAN_PEPPER_ROOT,,,,,,,10096.0,23.0,,,,,10096.0,0.0,prices_round_1_day_-2.csv,True,,-1.0,,10096.0,7.5,7.5,3.486111358534675,0.10815402038505097,7.63369512306181,,0.0,,0.0,0,1,,,,,0,0,,,,,0,0,q3,mid1,mid_high
-2,88400,INTARIAN_PEPPER_ROOT,10083.0,9.0,,,,,10094.0,9.0,10096.0,17.0,,,10088.5,0.0,prices_round_1_day_-2.csv,False,11.0,0.0,10088.5,10088.5,-7.5,-7.5,3.6543813452278586,0.09954751131221719,7.69052958832595,-5.5,5.5,-5.5,5.5,1,1,,7.5,,7.5,0,1,,,,,0,0,q3,tight,mid_high
-2,88500,INTARIAN_PEPPER_ROOT,10083.0,8.0,10080.0,17.0,,,10094.0,8.0,10097.0,17.0,,,10088.5,0.0,prices_round_1_day_-2.csv,False,11.0,0.0,10088.5,10088.5,0.0,0.0,3.6543429510795065,0.09943502824858758,7.681841091630558,-5.5,5.5,-5.5,5.5,1,1,-8.5,8.5,-8.5,8.5,1,1,,,,,0,0,q3,tight,mid_high
-2,88600,INTARIAN_PEPPER_ROOT,10081.0,21.0,,,,,10094.0,8.0,10097.0,21.0,,,10087.5,0.0,prices_round_1_day_-2.csv,False,13.0,0.4482758620689655,10090.413793103447,10090.413793103447,1.9137931034474605,-1.0,3.6629759317220523,0.10148283645987298,7.676876502563941,-9.41379310344746,3.5862068965525395,-6.5,6.5,1,1,,6.5862068965525395,,9.5,0,1,,,,,0,0,q3,tight,mid_high
-2,88700,INTARIAN_PEPPER_ROOT,,,,,,,10094.0,9.0,,,,,10094.0,0.0,prices_round_1_day_-2.csv,True,,-1.0,,10094.0,3.5862068965525395,6.5,3.695182003053417,0.10541149943630214,7.681902162796477,,0.0,,0.0,0,1,,,,,0,0,,,,,0,0,q3,mid1,mid_high
-2,88800,INTARIAN_PEPPER_ROOT,10083.0,8.0,10081.0,23.0,,,10094.0,8.0,10097.0,23.0,,,10088.5,0.0,prices_round_1_day_-2.csv,False,11.0,0.0,10088.5,10088.5,-5.5,-5.5,3.7766325240948193,0.0990990990990991,7.708625220647409,-5.5,5.5,-5.5,5.5,1,1,-7.5,8.5,-7.5,8.5,1,1,,,,,0,0,q3,tight,mid_high
-2,88900,INTARIAN_PEPPER_ROOT,10083.0,8.0,10081.0,25.0,,,10094.0,8.0,10097.0,25.0,,,10088.5,0.0,prices_round_1_day_-2.csv,False,11.0,0.0,10088.5,10088.5,0.0,0.0,3.7725218244728955,0.09898762654668167,7.699955383219442,-5.5,5.5,-5.5,5.5,1,1,-7.5,8.5,-7.5,8.5,1,1,,,,,0,0,q3,tight,mid_high
-2,89000,INTARIAN_PEPPER_ROOT,10092.0,3.0,10081.0,21.0,,,10095.0,8.0,10097.0,21.0,,,10093.5,0.0,prices_round_1_day_-2.csv,False,3.0,-0.45454545454545453,10092.818181818182,10092.818181818182,4.3181818181819835,5.0,3.819139801892028,0.10372829417773256,7.711295813417616,-0.8181818181819835,2.1818181818180165,-1.5,1.5,1,1,-11.818181818181984,4.1818181818180165,-12.5,3.5,1,1,,,,,0,0,q3,tight,mid_high
-2,89100,INTARIAN_PEPPER_ROOT,10084.0,10.0,10081.0,23.0,,,10095.0,10.0,,,,,10089.5,0.0,prices_round_1_day_-2.csv,False,11.0,0.0,10089.5,10089.5,-3.3181818181819835,-4.0,3.850579467877323,0.09988776655443322,7.715773376410134,-5.5,5.5,-5.5,5.5,1,1,-8.5,,-8.5,,1,0,,,,,0,0,q3,tight,mid_high
-2,89200,INTARIAN_PEPPER_ROOT,,,,,,,10097.0,18.0,,,,,10097.0,0.0,prices_round_1_day_-2.csv,True,,-1.0,,10097.0,7.5,7.5,3.990156637719934,0.10818385650224215,7.76850569481021,,0.0,,0.0,0,1,,,,,0,0,,,,,0,0,q3,mid1,mid_high
-2,89300,INTARIAN_PEPPER_ROOT,10084.0,8.0,,,,,10095.0,8.0,10097.0,23.0,,,10089.5,0.0,prices_round_1_day_-2.csv,False,11.0,0.0,10089.5,10089.5,-7.5,-7.5,4.137980256814349,0.09966405375139978,7.824616833457947,-5.5,5.5,-5.5,5.5,1,1,,7.5,,7.5,0,1,,,,,0,0,q4,tight,mid_high
-2,89400,INTARIAN_PEPPER_ROOT,10084.0,9.0,10081.0,22.0,,,10095.0,9.0,10097.0,22.0,,,10089.5,0.0,prices_round_1_day_-2.csv,False,11.0,0.0,10089.5,10089.5,0.0,0.0,4.125328350876416,0.09955257270693513,7.815865775204307,-5.5,5.5,-5.5,5.5,1,1,-8.5,7.5,-8.5,7.5,1,1,,,,,0,0,q4,tight,mid_high
-2,89500,INTARIAN_PEPPER_ROOT,10087.0,9.0,10084.0,9.0,10081.0,23.0,10098.0,23.0,,,,,10092.5,0.0,prices_round_1_day_-2.csv,False,11.0,-0.4375,10090.09375,10090.09375,0.59375,3.0,4.121291906112847,0.10010474860335196,7.807396079944834,-3.09375,7.90625,-5.5,5.5,1,1,-6.09375,,-8.5,,1,0,-9.09375,,-11.5,,1,0,q4,tight,mid_high
-2,89600,INTARIAN_PEPPER_ROOT,10084.0,12.0,10082.0,16.0,,,10095.0,12.0,10098.0,16.0,,,10089.5,0.0,prices_round_1_day_-2.csv,False,11.0,0.0,10089.5,10089.5,-0.59375,-3.0,4.0600348920540155,0.09933035714285714,7.799210047561618,-5.5,5.5,-5.5,5.5,1,1,-7.5,8.5,-7.5,8.5,1,1,,,,,0,0,q4,tight,mid_high
-2,89700,INTARIAN_PEPPER_ROOT,10084.0,9.0,,,,,10095.0,9.0,10098.0,18.0,,,10089.5,0.0,prices_round_1_day_-2.csv,False,11.0,0.0,10089.5,10089.5,0.0,0.0,4.008809049002315,0.09921962095875139,7.790516571526823,-5.5,5.5,-5.5,5.5,1,1,,8.5,,8.5,0,1,,,,,0,0,q3,tight,mid_high
-2,89800,INTARIAN_PEPPER_ROOT,10084.0,12.0,,,,,10095.0,12.0,10098.0,24.0,,,10089.5,0.0,prices_round_1_day_-2.csv,False,11.0,0.0,10089.5,10089.5,0.0,0.0,4.007500775173743,0.09910913140311804,7.7818424544687685,-5.5,5.5,-5.5,5.5,1,1,,8.5,,8.5,0,1,,,,,0,0,q3,tight,mid_high
-2,89900,INTARIAN_PEPPER_ROOT,10084.0,9.0,10082.0,18.0,,,10095.0,9.0,10098.0,18.0,,,10089.5,0.0,prices_round_1_day_-2.csv,False,11.0,0.0,10089.5,10089.5,0.0,0.0,4.0037314199643435,0.09899888765294772,7.77318763179538,-5.5,5.5,-5.5,5.5,1,1,-7.5,8.5,-7.5,8.5,1,1,,,,,0,0,q3,tight,mid_high
-2,90000,INTARIAN_PEPPER_ROOT,10084.0,8.0,10082.0,21.0,,,10096.0,8.0,10098.0,21.0,,,10090.0,0.0,prices_round_1_day_-2.csv,False,12.0,0.0,10090.0,10090.0,0.5,0.5,4.0021317805794485,0.09944444444444445,7.764719818215334,-6.0,6.0,-6.0,6.0,1,1,-8.0,8.0,-8.0,8.0,1,1,,,,,0,0,q3,tight,mid_high
-2,90100,INTARIAN_PEPPER_ROOT,10085.0,8.0,10082.0,24.0,,,10096.0,8.0,10098.0,24.0,,,10090.5,0.0,prices_round_1_day_-2.csv,False,11.0,0.0,10090.5,10090.5,0.5,0.5,4.0021317805794485,0.09988901220865705,7.7562704258384265,-5.5,5.5,-5.5,5.5,1,1,-8.5,7.5,-8.5,7.5,1,1,,,,,0,0,q3,tight,mid_high
-2,90200,INTARIAN_PEPPER_ROOT,10085.0,10.0,10082.0,19.0,,,10096.0,10.0,10098.0,19.0,,,10090.5,0.0,prices_round_1_day_-2.csv,False,11.0,0.0,10090.5,10090.5,0.0,0.0,4.0021317805794485,0.09977827050997783,7.747672974481093,-5.5,5.5,-5.5,5.5,1,1,-8.5,7.5,-8.5,7.5,1,1,,,,,0,0,q3,tight,mid_high
-2,90300,INTARIAN_PEPPER_ROOT,10085.0,12.0,10082.0,20.0,,,10096.0,12.0,10098.0,20.0,,,10090.5,0.0,prices_round_1_day_-2.csv,False,11.0,0.0,10090.5,10090.5,0.0,0.0,4.001226548343,0.09966777408637874,7.739094561735686,-5.5,5.5,-5.5,5.5,1,1,-8.5,7.5,-8.5,7.5,1,1,,,,,0,0,q3,tight,mid_high
-2,90400,INTARIAN_PEPPER_ROOT,10085.0,12.0,10082.0,18.0,,,10096.0,12.0,10098.0,18.0,,,10090.5,0.0,prices_round_1_day_-2.csv,False,11.0,0.0,10090.5,10090.5,0.0,0.0,4.000856746684561,0.09955752212389381,7.730535124432128,-5.5,5.5,-5.5,5.5,1,1,-8.5,7.5,-8.5,7.5,1,1,,,,,0,0,q3,tight,mid_high
-2,90500,INTARIAN_PEPPER_ROOT,10082.0,25.0,,,,,10096.0,12.0,10099.0,25.0,,,10089.0,0.0,prices_round_1_day_-2.csv,False,14.0,0.35135135135135137,10091.45945945946,10091.45945945946,0.9594594594600494,-1.5,4.002667834772115,0.1005076900104531,7.722800698731018,-9.45945945946005,4.540540540539951,-7.0,7.0,1,1,,7.540540540539951,,10.0,0,1,,,,,0,0,q3,mid1,mid_high
-2,90600,INTARIAN_PEPPER_ROOT,10085.0,10.0,10083.0,16.0,,,10096.0,10.0,10099.0,16.0,,,10090.5,0.0,prices_round_1_day_-2.csv,False,11.0,0.0,10090.5,10090.5,-0.9594594594600494,1.5,4.005549735706677,0.09933774834437085,7.7155073170288,-5.5,5.5,-5.5,5.5,1,1,-7.5,8.5,-7.5,8.5,1,1,,,,,0,0,q3,tight,mid_high
-2,90700,INTARIAN_PEPPER_ROOT,10085.0,10.0,10083.0,19.0,,,10096.0,10.0,10099.0,19.0,,,10090.5,0.0,prices_round_1_day_-2.csv,False,11.0,0.0,10090.5,10090.5,0.0,0.0,4.005549735706677,0.09922822491730982,7.707002184348234,-5.5,5.5,-5.5,5.5,1,1,-7.5,8.5,-7.5,8.5,1,1,,,,,0,0,q3,tight,mid_high
-2,90800,INTARIAN_PEPPER_ROOT,10085.0,11.0,10083.0,22.0,,,10087.0,6.0,10096.0,11.0,10099.0,22.0,10086.0,0.0,prices_round_1_day_-2.csv,False,2.0,0.29411764705882354,10086.29411764706,10086.29411764706,-4.2058823529405345,-4.5,4.051590364202934,0.09448691370821527,7.718916807318681,-1.2941176470594655,0.7058823529405345,-1.0,1.0,1,1,-3.2941176470594655,9.705882352940534,-3.0,10.0,1,1,,12.705882352940534,,13.0,0,1,q4,tight,mid_high
-2,90900,INTARIAN_PEPPER_ROOT,10083.0,24.0,,,,,10096.0,12.0,10099.0,24.0,,,10089.5,0.0,prices_round_1_day_-2.csv,False,13.0,0.3333333333333333,10091.666666666666,10091.666666666666,5.372549019606595,3.5,4.121794188672806,0.10029336266959962,7.741062595851907,-8.66666666666606,4.33333333333394,-6.5,6.5,1,1,,7.33333333333394,,9.5,0,1,,,,,0,0,q4,tight,mid_high
-2,91000,INTARIAN_PEPPER_ROOT,,,,,,,10099.0,22.0,,,,,10099.0,0.0,prices_round_1_day_-2.csv,True,,-1.0,,10099.0,7.33333333333394,9.5,4.245954888126861,0.10824175824175825,7.790037638270499,,0.0,,0.0,0,1,,,,,0,0,,,,,0,0,q4,mid1,mid_high
-2,91100,INTARIAN_PEPPER_ROOT,10086.0,8.0,10083.0,17.0,,,10097.0,8.0,,,,,10091.5,0.0,prices_round_1_day_-2.csv,False,11.0,0.0,10091.5,10091.5,-7.5,-7.5,4.38517565954542,0.09989023051591657,7.845017599338185,-5.5,5.5,-5.5,5.5,1,1,-8.5,,-8.5,,1,0,,,,,0,0,q4,tight,mid_high
-2,91200,INTARIAN_PEPPER_ROOT,10086.0,10.0,10083.0,19.0,,,10097.0,10.0,10099.0,19.0,,,10091.5,0.0,prices_round_1_day_-2.csv,False,11.0,0.0,10091.5,10091.5,0.0,0.0,4.38517565954542,0.09978070175438597,7.836417104846375,-5.5,5.5,-5.5,5.5,1,1,-8.5,7.5,-8.5,7.5,1,1,,,,,0,0,q4,tight,mid_high
-2,91300,INTARIAN_PEPPER_ROOT,10083.0,25.0,,,,,10097.0,9.0,10099.0,25.0,,,10090.0,0.0,prices_round_1_day_-2.csv,False,14.0,0.47058823529411764,10093.29411764706,10093.29411764706,1.7941176470594655,-1.5,4.391676194635454,0.10163649249404104,7.830968877044365,-10.294117647059466,3.7058823529405345,-7.0,7.0,1,1,,5.7058823529405345,,9.0,0,1,,,,,0,0,q4,mid1,mid_high
-2,91400,INTARIAN_PEPPER_ROOT,10086.0,9.0,10083.0,20.0,,,10097.0,9.0,,,,,10091.5,0.0,prices_round_1_day_-2.csv,False,11.0,0.0,10091.5,10091.5,-1.7941176470594655,1.5,4.400151459786598,0.09956236323851203,7.826323732292414,-5.5,5.5,-5.5,5.5,1,1,-8.5,,-8.5,,1,0,,,,,0,0,q4,tight,mid_high
-2,91500,INTARIAN_PEPPER_ROOT,10086.0,9.0,10083.0,17.0,,,10097.0,9.0,10100.0,17.0,,,10091.5,0.0,prices_round_1_day_-2.csv,False,11.0,0.0,10091.5,10091.5,0.0,0.0,4.395793917462381,0.0994535519125683,7.81777184837378,-5.5,5.5,-5.5,5.5,1,1,-8.5,8.5,-8.5,8.5,1,1,,,,,0,0,q4,tight,mid_high
-2,91600,INTARIAN_PEPPER_ROOT,10084.0,15.0,,,,,10097.0,9.0,10100.0,15.0,,,10090.5,0.0,prices_round_1_day_-2.csv,False,13.0,0.25,10092.125,10092.125,0.625,-1.0,4.377210490975887,0.10002729257641921,7.809529362792747,-8.125,4.875,-6.5,6.5,1,1,,7.875,,9.5,0,1,,,,,0,0,q4,tight,mid_high
-2,91700,INTARIAN_PEPPER_ROOT,10086.0,9.0,,,,,,,,,,,10086.0,0.0,prices_round_1_day_-2.csv,True,,1.0,,10086.0,-6.125,-4.5,4.433070870804428,0.09323882224645584,7.84326208879433,0.0,,0.0,,1,0,,,,,0,0,,,,,0,0,q4,mid1,mid_high
-2,91800,INTARIAN_PEPPER_ROOT,10086.0,10.0,10084.0,19.0,,,10097.0,10.0,10100.0,19.0,,,10091.5,0.0,prices_round_1_day_-2.csv,False,11.0,0.0,10091.5,10091.5,5.5,5.5,4.495297496102771,0.09912854030501089,7.866553212071889,-5.5,5.5,-5.5,5.5,1,1,-7.5,8.5,-7.5,8.5,1,1,,,,,0,0,q4,tight,mid_high
-2,91900,INTARIAN_PEPPER_ROOT,10084.0,16.0,,,,,10100.0,16.0,,,,,10092.0,0.0,prices_round_1_day_-2.csv,False,16.0,0.0,10092.0,10092.0,0.5,0.5,4.486432284149311,0.09956474428726877,7.858158843720472,-8.0,8.0,-8.0,8.0,1,1,,,,,0,0,,,,,0,0,q4,mid1,mid_high
-2,92000,INTARIAN_PEPPER_ROOT,10086.0,8.0,,,,,10094.0,5.0,10098.0,8.0,10100.0,20.0,10090.0,0.0,prices_round_1_day_-2.csv,False,8.0,0.23076923076923078,10090.923076923076,10090.923076923076,-1.0769230769237765,-2.0,4.488594071133502,0.09828595317725676,7.851112554566577,-4.9230769230762235,3.0769230769237765,-4.0,4.0,1,1,,7.0769230769237765,,8.0,0,1,,9.076923076923777,,10.0,0,1,q4,tight,mid_high
-2,92100,INTARIAN_PEPPER_ROOT,10087.0,11.0,10084.0,16.0,,,10098.0,11.0,10100.0,16.0,,,10092.5,0.0,prices_round_1_day_-2.csv,False,11.0,0.0,10092.5,10092.5,1.5769230769237765,2.5,4.49323949560132,0.0998914223669924,7.844952642917457,-5.5,5.5,-5.5,5.5,1,1,-8.5,7.5,-8.5,7.5,1,1,,,,,0,0,q4,tight,mid_high
-2,92200,INTARIAN_PEPPER_ROOT,10087.0,8.0,10084.0,18.0,,,10089.0,4.0,10098.0,8.0,10100.0,18.0,10088.0,0.0,prices_round_1_day_-2.csv,False,2.0,0.3333333333333333,10088.333333333334,10088.333333333334,-4.16666666666606,-4.5,4.533589106852849,0.09526391901663117,7.856178290878721,-1.3333333333339397,0.6666666666660603,-1.0,1.0,1,1,-4.33333333333394,9.66666666666606,-4.0,10.0,1,1,,11.66666666666606,,12.0,0,1,q4,tight,mid_high
-2,92300,INTARIAN_PEPPER_ROOT,10084.0,21.0,,,,,10100.0,21.0,,,,,10092.0,0.0,prices_round_1_day_-2.csv,False,16.0,0.0,10092.0,10092.0,3.6666666666660603,4.0,4.495590612108656,0.09913326110509209,7.86147646909572,-8.0,8.0,-8.0,8.0,1,1,,,,,0,0,,,,,0,0,q4,mid1,mid_high
-2,92400,INTARIAN_PEPPER_ROOT,10087.0,12.0,,,,,10098.0,12.0,,,,,10092.5,0.0,prices_round_1_day_-2.csv,False,11.0,0.0,10092.5,10092.5,0.5,0.5,4.425866484130871,0.09956709956709957,7.853133071221231,-5.5,5.5,-5.5,5.5,1,1,,,,,0,0,,,,,0,0,q4,tight,mid_high
-2,92500,INTARIAN_PEPPER_ROOT,10087.0,10.0,,,,,10098.0,10.0,10101.0,20.0,,,10092.5,0.0,prices_round_1_day_-2.csv,False,11.0,0.0,10092.5,10092.5,0.0,0.0,4.424617465226144,0.09945945945945946,7.844644726869156,-5.5,5.5,-5.5,5.5,1,1,,8.5,,8.5,0,1,,,,,0,0,q4,tight,mid_high
-2,92600,INTARIAN_PEPPER_ROOT,10087.0,11.0,10085.0,17.0,,,10098.0,11.0,10101.0,17.0,,,10092.5,0.0,prices_round_1_day_-2.csv,False,11.0,0.0,10092.5,10092.5,0.0,0.0,4.287164493709578,0.09935205183585313,7.836174712571321,-5.5,5.5,-5.5,5.5,1,1,-7.5,8.5,-7.5,8.5,1,1,,,,,0,0,q4,tight,mid_high
-2,92700,INTARIAN_PEPPER_ROOT,10087.0,11.0,10085.0,23.0,,,10098.0,11.0,10101.0,23.0,,,10092.5,0.0,prices_round_1_day_-2.csv,False,11.0,0.0,10092.5,10092.5,0.0,0.0,3.786790117781034,0.09924487594390508,7.827722969017851,-5.5,5.5,-5.5,5.5,1,1,-7.5,8.5,-7.5,8.5,1,1,,,,,0,0,q3,tight,mid_high
-2,92800,INTARIAN_PEPPER_ROOT,10087.0,9.0,10085.0,25.0,,,10098.0,9.0,10101.0,25.0,,,10092.5,0.0,prices_round_1_day_-2.csv,False,11.0,0.0,10092.5,10092.5,0.0,0.0,3.69348347937968,0.09913793103448276,7.819289437154475,-5.5,5.5,-5.5,5.5,1,1,-7.5,8.5,-7.5,8.5,1,1,,,,,0,0,q3,tight,mid_high
-2,92900,INTARIAN_PEPPER_ROOT,10087.0,11.0,,,,,10098.0,11.0,10101.0,18.0,,,10092.5,0.0,prices_round_1_day_-2.csv,False,11.0,0.0,10092.5,10092.5,0.0,0.0,3.5126860192157063,0.09903121636167922,7.810874058181137,-5.5,5.5,-5.5,5.5,1,1,,8.5,,8.5,0,1,,,,,0,0,q3,tight,mid_high
-2,93000,INTARIAN_PEPPER_ROOT,10087.0,9.0,10085.0,18.0,,,10099.0,9.0,10101.0,18.0,,,10093.0,0.0,prices_round_1_day_-2.csv,False,12.0,0.0,10093.0,10093.0,0.5,0.5,3.4247871687487588,0.09946236559139784,7.802639105576066,-6.0,6.0,-6.0,6.0,1,1,-8.0,8.0,-8.0,8.0,1,1,,,,,0,0,q3,tight,mid_high
-2,93100,INTARIAN_PEPPER_ROOT,10088.0,9.0,10085.0,24.0,,,10099.0,9.0,,,,,10093.5,0.0,prices_round_1_day_-2.csv,False,11.0,0.0,10093.5,10093.5,0.5,0.5,3.412474685291709,0.09989258861439312,7.79442149156584,-5.5,5.5,-5.5,5.5,1,1,-8.5,,-8.5,,1,0,,,,,0,0,q3,tight,mid_high
-2,93200,INTARIAN_PEPPER_ROOT,10088.0,8.0,10085.0,25.0,,,10099.0,8.0,10101.0,25.0,,,10093.5,0.0,prices_round_1_day_-2.csv,False,11.0,0.0,10093.5,10093.5,0.0,0.0,3.412474685291709,0.09978540772532189,7.786060102018168,-5.5,5.5,-5.5,5.5,1,1,-8.5,7.5,-8.5,7.5,1,1,,,,,0,0,q3,tight,mid_high
-2,93300,INTARIAN_PEPPER_ROOT,10088.0,11.0,10085.0,19.0,,,10099.0,11.0,,,,,10093.5,0.0,prices_round_1_day_-2.csv,False,11.0,0.0,10093.5,10093.5,0.0,0.0,3.2410920004387056,0.09967845659163987,7.777716632440287,-5.5,5.5,-5.5,5.5,1,1,-8.5,,-8.5,,1,0,,,,,0,0,q2,tight,mid_high
-2,93400,INTARIAN_PEPPER_ROOT,10088.0,8.0,10085.0,17.0,,,10099.0,8.0,10101.0,17.0,,,10093.5,0.0,prices_round_1_day_-2.csv,False,11.0,0.0,10093.5,10093.5,0.0,0.0,3.0576240956680416,0.09957173447537473,7.769391025285273,-5.5,5.5,-5.5,5.5,1,1,-8.5,7.5,-8.5,7.5,1,1,,,,,0,0,q2,tight,mid_high
-2,93500,INTARIAN_PEPPER_ROOT,10085.0,18.0,,,,,10099.0,11.0,10102.0,18.0,,,10092.0,0.0,prices_round_1_day_-2.csv,False,14.0,0.2413793103448276,10093.689655172413,10093.689655172413,0.18965517241304042,-1.5,3.0576151473581055,0.09966808039830272,7.761081298648585,-8.68965517241304,5.31034482758696,-7.0,7.0,1,1,,8.31034482758696,,10.0,0,1,,,,,0,0,q2,mid1,mid_high
-2,93600,INTARIAN_PEPPER_ROOT,10088.0,8.0,10086.0,22.0,,,10099.0,8.0,10102.0,22.0,,,10093.5,0.0,prices_round_1_day_-2.csv,False,11.0,0.0,10093.5,10093.5,-0.18965517241304042,1.5,3.046654341243774,0.09935897435897435,7.752870108503562,-5.5,5.5,-5.5,5.5,1,1,-7.5,8.5,-7.5,8.5,1,1,,,,,0,0,q2,tight,mid_high
-2,93700,INTARIAN_PEPPER_ROOT,10088.0,9.0,10086.0,24.0,,,10099.0,9.0,,,,,10093.5,0.0,prices_round_1_day_-2.csv,False,11.0,0.0,10093.5,10093.5,0.0,0.0,3.003901016845421,0.09925293489861259,7.744597663590432,-5.5,5.5,-5.5,5.5,1,1,-7.5,,-7.5,,1,0,,,,,0,0,q2,tight,mid_high
-2,93800,INTARIAN_PEPPER_ROOT,10088.0,10.0,10086.0,23.0,,,10099.0,10.0,10102.0,23.0,,,10093.5,0.0,prices_round_1_day_-2.csv,False,11.0,0.0,10093.5,10093.5,0.0,0.0,2.897580428463223,0.09914712153518124,7.736342853536225,-5.5,5.5,-5.5,5.5,1,1,-7.5,8.5,-7.5,8.5,1,1,,,,,0,0,q2,tight,mid_high
-2,93900,INTARIAN_PEPPER_ROOT,10088.0,9.0,10086.0,24.0,,,10099.0,9.0,10102.0,24.0,,,10093.5,0.0,prices_round_1_day_-2.csv,False,11.0,0.0,10093.5,10093.5,0.0,0.0,2.897580428463223,0.09904153354632587,7.728105622011094,-5.5,5.5,-5.5,5.5,1,1,-7.5,8.5,-7.5,8.5,1,1,,,,,0,0,q2,tight,mid_high
-2,94000,INTARIAN_PEPPER_ROOT,10088.0,12.0,10086.0,20.0,,,,,,,,,10088.0,0.0,prices_round_1_day_-2.csv,True,,1.0,,10088.0,-5.5,-5.5,2.9382823418317874,0.09308510638297872,7.753225760657831,0.0,,0.0,,1,0,-2.0,,-2.0,,1,0,,,,,0,0,q2,mid1,mid_high
-2,94100,INTARIAN_PEPPER_ROOT,10086.0,17.0,,,,,10100.0,8.0,10102.0,17.0,,,10093.0,0.0,prices_round_1_day_-2.csv,False,14.0,0.36,10095.52,10095.52,7.520000000000437,5.0,3.091532912940282,0.10097768331562214,7.803595145316565,-9.520000000000437,4.479999999999563,-7.0,7.0,1,1,,6.479999999999563,,9.0,0,1,,,,,0,0,q2,mid1,mid_high
-2,94200,INTARIAN_PEPPER_ROOT,10089.0,10.0,10086.0,23.0,,,10100.0,10.0,,,,,10094.5,0.0,prices_round_1_day_-2.csv,False,11.0,0.0,10094.5,10094.5,-1.0200000000004366,1.5,2.9056996060798577,0.09978768577494693,7.796636231246946,-5.5,5.5,-5.5,5.5,1,1,-8.5,,-8.5,,1,0,,,,,0,0,q2,tight,mid_high
-2,94300,INTARIAN_PEPPER_ROOT,10089.0,11.0,10086.0,17.0,,,10100.0,11.0,,,,,10094.5,0.0,prices_round_1_day_-2.csv,False,11.0,0.0,10094.5,10094.5,0.0,0.0,2.699532914389947,0.09968186638388123,7.788370106821802,-5.5,5.5,-5.5,5.5,1,1,-8.5,,-8.5,,1,0,,,,,0,0,q1,tight,mid_high
-2,94400,INTARIAN_PEPPER_ROOT,10089.0,11.0,10086.0,16.0,,,10100.0,11.0,10102.0,16.0,,,10094.5,0.0,prices_round_1_day_-2.csv,False,11.0,0.0,10094.5,10094.5,0.0,0.0,2.699532914389947,0.09957627118644068,7.780121491595649,-5.5,5.5,-5.5,5.5,1,1,-8.5,7.5,-8.5,7.5,1,1,,,,,0,0,q1,tight,mid_high
-2,94500,INTARIAN_PEPPER_ROOT,10089.0,11.0,10086.0,17.0,,,10100.0,11.0,10103.0,17.0,,,10094.5,0.0,prices_round_1_day_-2.csv,False,11.0,0.0,10094.5,10094.5,0.0,0.0,2.6986223998593504,0.09947089947089947,7.771890329995719,-5.5,5.5,-5.5,5.5,1,1,-8.5,8.5,-8.5,8.5,1,1,,,,,0,0,q1,tight,mid_high
-2,94600,INTARIAN_PEPPER_ROOT,10087.0,17.0,,,,,10100.0,9.0,10103.0,17.0,,,10093.5,0.0,prices_round_1_day_-2.csv,False,13.0,0.3076923076923077,10095.5,10095.5,1.0,-1.0,2.699816099983816,0.10042283298097252,7.764523351251884,-8.5,4.5,-6.5,6.5,1,1,,7.5,,9.5,0,1,,,,,0,0,q1,tight,mid_high
-2,94700,INTARIAN_PEPPER_ROOT,10089.0,12.0,10087.0,21.0,,,10100.0,12.0,10103.0,21.0,,,10094.5,0.0,prices_round_1_day_-2.csv,False,11.0,0.0,10094.5,10094.5,-1.0,1.0,2.70442321630981,0.09926082365364308,7.7575943114617125,-5.5,5.5,-5.5,5.5,1,1,-7.5,8.5,-7.5,8.5,1,1,,,,,0,0,q1,tight,mid_high
-2,94800,INTARIAN_PEPPER_ROOT,10089.0,8.0,10087.0,22.0,,,10103.0,22.0,,,,,10096.0,0.0,prices_round_1_day_-2.csv,False,14.0,-0.4666666666666667,10092.733333333334,10092.733333333334,-1.7666666666664241,1.5,2.7172666485811514,0.09729254571026749,7.753075217928183,-3.733333333333576,10.266666666666424,-7.0,7.0,1,1,-5.733333333333576,,-9.0,,1,0,,,,,0,0,q1,mid1,mid_high
-2,94900,INTARIAN_PEPPER_ROOT,10089.0,8.0,10087.0,16.0,,,10100.0,8.0,10103.0,16.0,,,10094.5,0.0,prices_round_1_day_-2.csv,False,11.0,0.0,10094.5,10094.5,1.7666666666664241,-1.5,2.727874121576158,0.09905163329820864,7.747833443837986,-5.5,5.5,-5.5,5.5,1,1,-7.5,8.5,-7.5,8.5,1,1,,,,,0,0,q1,tight,mid_high
-2,95000,INTARIAN_PEPPER_ROOT,10089.0,8.0,10087.0,24.0,,,10103.0,24.0,,,,,10096.0,0.0,prices_round_1_day_-2.csv,False,14.0,-0.5,10092.5,10092.5,-2.0,1.5,2.7432609968127863,0.0968421052631579,7.744307149214154,-3.5,10.5,-7.0,7.0,1,1,-5.5,,-9.0,,1,0,,,,,0,0,q1,mid1,mid_high
-2,95100,INTARIAN_PEPPER_ROOT,10090.0,9.0,10087.0,16.0,,,10101.0,9.0,10103.0,16.0,,,10095.5,0.0,prices_round_1_day_-2.csv,False,11.0,0.0,10095.5,10095.5,3.0,-0.5,2.7742385016399043,0.09989484752891693,7.745017839761258,-5.5,5.5,-5.5,5.5,1,1,-8.5,7.5,-8.5,7.5,1,1,,,,,0,0,q2,tight,mid_high
-2,95200,INTARIAN_PEPPER_ROOT,10087.0,25.0,,,,,10101.0,11.0,,,,,10094.0,0.0,prices_round_1_day_-2.csv,False,14.0,0.3888888888888889,10096.722222222223,10096.722222222223,1.2222222222226264,-1.5,2.778720415057909,0.10107376283846914,7.738196891041281,-9.722222222222626,4.277777777777374,-7.0,7.0,1,1,,,,,0,0,,,,,0,0,q2,mid1,mid_high
-2,95300,INTARIAN_PEPPER_ROOT,10090.0,12.0,10087.0,17.0,,,10101.0,12.0,10103.0,17.0,,,10095.5,0.0,prices_round_1_day_-2.csv,False,11.0,0.0,10095.5,10095.5,-1.2222222222226264,1.5,2.7852058812849503,0.09968520461699895,7.7319060064819505,-5.5,5.5,-5.5,5.5,1,1,-8.5,7.5,-8.5,7.5,1,1,,,,,0,0,q2,tight,mid_high
-2,95400,INTARIAN_PEPPER_ROOT,10087.0,16.0,,,,,,,,,,,10087.0,0.0,prices_round_1_day_-2.csv,True,,1.0,,10087.0,-8.5,-8.5,3.039254131969766,0.09067085953878407,7.801313308771592,0.0,,0.0,,1,0,,,,,0,0,,,,,0,0,q2,mid1,mid_high
-2,95500,INTARIAN_PEPPER_ROOT,10090.0,8.0,10087.0,16.0,,,10104.0,16.0,,,,,10097.0,0.0,prices_round_1_day_-2.csv,False,14.0,-0.3333333333333333,10094.666666666666,10094.666666666666,7.66666666666606,10.0,3.2277897600468175,0.09860383944153514,7.8532360539899955,-4.66666666666606,9.33333333333394,-7.0,7.0,1,1,-7.66666666666606,,-10.0,,1,0,,,,,0,0,q2,mid1,mid_high
-2,95600,INTARIAN_PEPPER_ROOT,10090.0,8.0,10088.0,16.0,,,10101.0,8.0,10104.0,16.0,,,10095.5,0.0,prices_round_1_day_-2.csv,False,11.0,0.0,10095.5,10095.5,0.8333333333339397,-1.5,3.226144206354652,0.09937238493723849,7.845577443206919,-5.5,5.5,-5.5,5.5,1,1,-7.5,8.5,-7.5,8.5,1,1,,,,,0,0,q2,tight,mid_high
-2,95700,INTARIAN_PEPPER_ROOT,10090.0,10.0,10088.0,20.0,,,10101.0,10.0,,,,,10095.5,0.0,prices_round_1_day_-2.csv,False,11.0,0.0,10095.5,10095.5,0.0,0.0,3.226144206354652,0.09926854754440961,7.8373810908105925,-5.5,5.5,-5.5,5.5,1,1,-7.5,,-7.5,,1,0,,,,,0,0,q2,tight,mid_high
-2,95800,INTARIAN_PEPPER_ROOT,10090.0,12.0,10088.0,24.0,,,10101.0,12.0,,,,,10095.5,0.0,prices_round_1_day_-2.csv,False,11.0,0.0,10095.5,10095.5,0.0,0.0,3.165850641096705,0.09916492693110647,7.829201846157983,-5.5,5.5,-5.5,5.5,1,1,-7.5,,-7.5,,1,0,,,,,0,0,q2,tight,mid_high
-2,95900,INTARIAN_PEPPER_ROOT,10088.0,19.0,,,,,10101.0,12.0,10104.0,19.0,,,10094.5,0.0,prices_round_1_day_-2.csv,False,13.0,0.22580645161290322,10095.967741935483,10095.967741935483,0.4677419354829908,-1.0,3.0765319190030507,0.09954926166369446,7.82117105858818,-7.967741935482991,5.032258064517009,-6.5,6.5,1,1,,8.03225806451701,,9.5,0,1,,,,,0,0,q2,tight,mid_high
-2,96000,INTARIAN_PEPPER_ROOT,10090.0,9.0,10088.0,22.0,,,,,,,,,10090.0,0.0,prices_round_1_day_-2.csv,True,,1.0,,10090.0,-5.967741935482991,-4.5,3.0114527472046704,0.09322916666666667,7.851361366779677,0.0,,0.0,,1,0,-2.0,,-2.0,,1,0,,,,,0,0,q2,mid1,mid_high
-2,96100,INTARIAN_PEPPER_ROOT,,,,,,,10102.0,12.0,10104.0,20.0,,,10102.0,0.0,prices_round_1_day_-2.csv,True,,-1.0,,10102.0,12.0,12.0,3.2935884988363324,0.10561914672216441,7.99070751850633,,0.0,,0.0,0,1,,2.0,,2.0,0,1,,,,,0,0,q2,mid1,mid_high
-2,96200,INTARIAN_PEPPER_ROOT,10091.0,12.0,,,,,10102.0,12.0,10104.0,15.0,,,10096.5,0.0,prices_round_1_day_-2.csv,False,11.0,0.0,10096.5,10096.5,-5.5,-5.5,3.391145537544772,0.0997920997920998,8.015056732131463,-5.5,5.5,-5.5,5.5,1,1,,7.5,,7.5,0,1,,,,,0,0,q3,tight,mid_high
-2,96300,INTARIAN_PEPPER_ROOT,10088.0,19.0,,,,,10102.0,8.0,10104.0,19.0,,,10095.0,0.0,prices_round_1_day_-2.csv,False,14.0,0.4074074074074074,10097.851851851852,10097.851851851852,1.3518518518521887,-1.5,3.3872110050983717,0.1010922656820895,8.00835295770861,-9.851851851852189,4.148148148147811,-7.0,7.0,1,1,,6.148148148147811,,9.0,0,1,,,,,0,0,q3,mid1,mid_high
-2,96400,INTARIAN_PEPPER_ROOT,10091.0,12.0,,,,,10102.0,12.0,10104.0,24.0,,,10096.5,0.0,prices_round_1_day_-2.csv,False,11.0,0.0,10096.5,10096.5,-1.3518518518521887,1.5,3.3827618995382482,0.0995850622406639,8.0022267933977,-5.5,5.5,-5.5,5.5,1,1,,7.5,,7.5,0,1,,,,,0,0,q3,tight,mid_high
-2,96500,INTARIAN_PEPPER_ROOT,10091.0,9.0,10088.0,22.0,,,10102.0,9.0,10105.0,22.0,,,10096.5,0.0,prices_round_1_day_-2.csv,False,11.0,0.0,10096.5,10096.5,0.0,0.0,3.3827618995382482,0.09948186528497409,7.993936005134576,-5.5,5.5,-5.5,5.5,1,1,-8.5,8.5,-8.5,8.5,1,1,,,,,0,0,q3,tight,mid_high
-2,96600,INTARIAN_PEPPER_ROOT,10091.0,11.0,10089.0,16.0,,,10105.0,16.0,,,,,10098.0,0.0,prices_round_1_day_-2.csv,False,14.0,-0.18518518518518517,10096.703703703704,10096.703703703704,0.2037037037043774,1.5,3.381952114175377,0.09958975538685753,7.985663378131429,-5.703703703704377,8.296296296295623,-7.0,7.0,1,1,-7.703703703704377,,-9.0,,1,0,,,,,0,0,q3,mid1,mid_high
-2,96700,INTARIAN_PEPPER_ROOT,10091.0,8.0,10089.0,17.0,,,10102.0,8.0,10105.0,17.0,,,10096.5,0.0,prices_round_1_day_-2.csv,False,11.0,0.0,10096.5,10096.5,-0.2037037037043774,-1.5,3.2613461781007906,0.09927611168562564,7.9774917719389995,-5.5,5.5,-5.5,5.5,1,1,-7.5,8.5,-7.5,8.5,1,1,,,,,0,0,q2,tight,mid_high
-2,96800,INTARIAN_PEPPER_ROOT,10089.0,21.0,,,,,,,,,,,10089.0,0.0,prices_round_1_day_-2.csv,True,,1.0,,10089.0,-7.5,-7.5,3.3480501964430625,0.09142561983471074,8.028900094167033,0.0,,0.0,,1,0,,,,,0,0,,,,,0,0,q3,mid1,mid_high
-2,96900,INTARIAN_PEPPER_ROOT,10091.0,9.0,,,,,10102.0,9.0,10105.0,22.0,,,10096.5,0.0,prices_round_1_day_-2.csv,False,11.0,0.0,10096.5,10096.5,7.5,7.5,3.5137704784241794,0.09907120743034056,8.077248680270229,-5.5,5.5,-5.5,5.5,1,1,,8.5,,8.5,0,1,,,,,0,0,q3,tight,mid_high
-2,97000,INTARIAN_PEPPER_ROOT,10089.0,16.0,,,,,10103.0,9.0,10105.0,16.0,,,10096.0,0.0,prices_round_1_day_-2.csv,False,14.0,0.28,10097.96,10097.96,1.4599999999991269,-0.5,3.51489262104338,0.10047422680412281,8.070822435779732,-8.959999999999127,5.040000000000873,-7.0,7.0,1,1,,7.040000000000873,,9.0,0,1,,,,,0,0,q3,mid1,mid_high
-2,97100,INTARIAN_PEPPER_ROOT,10092.0,10.0,10089.0,23.0,,,10103.0,10.0,,,,,10097.5,0.0,prices_round_1_day_-2.csv,False,11.0,0.0,10097.5,10097.5,-0.4599999999991269,1.5,3.509707575681676,0.09989701338825953,8.062825513521885,-5.5,5.5,-5.5,5.5,1,1,-8.5,,-8.5,,1,0,,,,,0,0,q3,tight,mid_high
-2,97200,INTARIAN_PEPPER_ROOT,10092.0,11.0,,,,,10105.0,18.0,,,,,10098.5,0.0,prices_round_1_day_-2.csv,False,13.0,-0.2413793103448276,10096.931034482759,10096.931034482759,-0.5689655172409402,1.0,3.45693186316196,0.09920888321271508,8.05498214720558,-4.93103448275906,8.06896551724094,-6.5,6.5,1,1,,,,,0,0,,,,,0,0,q3,tight,mid_high
-2,97300,INTARIAN_PEPPER_ROOT,10092.0,12.0,,,,,10103.0,12.0,10105.0,23.0,,,10097.5,0.0,prices_round_1_day_-2.csv,False,11.0,0.0,10097.5,10097.5,0.5689655172409402,-1.0,3.4205895303955844,0.09969167523124357,8.046921923289174,-5.5,5.5,-5.5,5.5,1,1,,7.5,,7.5,0,1,,,,,0,0,q3,tight,mid_high
-2,97400,INTARIAN_PEPPER_ROOT,10092.0,11.0,10089.0,17.0,,,10103.0,11.0,10105.0,17.0,,,10097.5,0.0,prices_round_1_day_-2.csv,False,11.0,0.0,10097.5,10097.5,0.0,0.0,3.420156948413101,0.09958932238193019,8.03866190921219,-5.5,5.5,-5.5,5.5,1,1,-8.5,7.5,-8.5,7.5,1,1,,,,,0,0,q3,tight,mid_high
-2,97500,INTARIAN_PEPPER_ROOT,10092.0,10.0,,,,,10103.0,10.0,10106.0,21.0,,,10097.5,0.0,prices_round_1_day_-2.csv,False,11.0,0.0,10097.5,10097.5,0.0,0.0,3.420156948413101,0.09948717948717949,8.030418835240505,-5.5,5.5,-5.5,5.5,1,1,,8.5,,8.5,0,1,,,,,0,0,q3,tight,mid_high
-2,97600,INTARIAN_PEPPER_ROOT,10092.0,10.0,10090.0,25.0,,,10106.0,25.0,,,,,10099.0,0.0,prices_round_1_day_-2.csv,False,14.0,-0.42857142857142855,10096.0,10096.0,-1.5,1.5,3.4276224997449773,0.09784836065573771,8.024803777940395,-4.0,10.0,-7.0,7.0,1,1,-6.0,,-9.0,,1,0,,,,,0,0,q3,mid1,mid_high
-2,97700,INTARIAN_PEPPER_ROOT,10092.0,8.0,10090.0,22.0,,,10103.0,8.0,10106.0,22.0,,,10097.5,0.0,prices_round_1_day_-2.csv,False,11.0,0.0,10097.5,10097.5,1.5,-1.5,3.4335565069578067,0.0992835209825998,8.018593955327045,-5.5,5.5,-5.5,5.5,1,1,-7.5,8.5,-7.5,8.5,1,1,,,,,0,0,q3,tight,mid_high
-2,97800,INTARIAN_PEPPER_ROOT,,,,,,,10106.0,24.0,,,,,10106.0,0.0,prices_round_1_day_-2.csv,True,,-1.0,,10106.0,8.5,8.5,3.633127634548678,0.10787321063394684,8.08254613941927,,0.0,,0.0,0,1,,,,,0,0,,,,,0,0,q3,mid1,mid_high
-2,97900,INTARIAN_PEPPER_ROOT,10092.0,9.0,10090.0,16.0,,,10106.0,16.0,,,,,10099.0,0.0,prices_round_1_day_-2.csv,False,14.0,-0.28,10097.04,10097.04,-8.959999999999127,-7.0,3.860568774942859,0.09861082737487321,8.158271894335094,-5.040000000000873,8.959999999999127,-7.0,7.0,1,1,-7.040000000000873,,-9.0,,1,0,,,,,0,0,q3,mid1,mid_high
-2,98000,INTARIAN_PEPPER_ROOT,10090.0,16.0,,,,,10104.0,11.0,10106.0,16.0,,,10097.0,0.0,prices_round_1_day_-2.csv,False,14.0,0.18518518518518517,10098.296296296296,10098.296296296296,1.2562962962947495,-2.0,3.863685111319185,0.09979213907785267,8.151306211151459,-8.296296296295623,5.703703703704377,-7.0,7.0,1,1,,7.703703703704377,,9.0,0,1,,,,,0,0,q3,mid1,mid_high
-2,98100,INTARIAN_PEPPER_ROOT,10090.0,16.0,,,,,10104.0,11.0,10106.0,16.0,,,10097.0,0.0,prices_round_1_day_-2.csv,False,14.0,0.18518518518518517,10098.296296296296,10098.296296296296,0.0,0.0,3.863291383184449,0.09969041416543896,8.142998703098932,-8.296296296295623,5.703703703704377,-7.0,7.0,1,1,,7.703703703704377,,9.0,0,1,,,,,0,0,q3,mid1,mid_high
-2,98200,INTARIAN_PEPPER_ROOT,10093.0,8.0,10090.0,22.0,,,10104.0,8.0,,,,,10098.5,0.0,prices_round_1_day_-2.csv,False,11.0,0.0,10098.5,10098.5,0.2037037037043774,1.5,3.8632955679456416,0.09979633401221996,8.134709007935047,-5.5,5.5,-5.5,5.5,1,1,-8.5,,-8.5,,1,0,,,,,0,0,q3,tight,mid_high
-2,98300,INTARIAN_PEPPER_ROOT,,,,,,,,,,,,,0.0,0.0,prices_round_1_day_-2.csv,True,,,0.0,0.0,-10098.5,-10098.5,1428.1632219112744,-10.173448626653103,103753.51589265445,,,,,0,0,,,,,0,0,,,,,0,0,q4,mid1,low
-2,98400,INTARIAN_PEPPER_ROOT,10093.0,12.0,,,,,10104.0,12.0,10106.0,16.0,,,10098.5,0.0,prices_round_1_day_-2.csv,False,11.0,0.0,10098.5,10098.5,10098.5,10098.5,2040.2087519622244,0.09959349593495935,207494.7962048982,-5.5,5.5,-5.5,5.5,1,1,,7.5,,7.5,0,1,,,,,0,0,q4,tight,mid_high
-2,98500,INTARIAN_PEPPER_ROOT,10093.0,11.0,10090.0,18.0,,,10104.0,11.0,10107.0,18.0,,,10098.5,0.0,prices_round_1_day_-2.csv,False,11.0,0.0,10098.5,10098.5,0.0,0.0,2040.208751968439,0.09949238578680203,207283.92751963792,-5.5,5.5,-5.5,5.5,1,1,-8.5,8.5,-8.5,8.5,1,1,,,,,0,0,q4,tight,mid_high
-2,98600,INTARIAN_PEPPER_ROOT,10101.0,3.0,10093.0,10.0,10091.0,24.0,10104.0,10.0,10107.0,24.0,,,10102.5,0.0,prices_round_1_day_-2.csv,False,3.0,-0.5384615384615384,10101.692307692309,10101.692307692309,3.192307692308532,4.0,2040.2087983590973,0.10262911530660095,207073.49668541006,-0.6923076923085318,2.307692307691468,-1.5,1.5,1,1,-8.692307692308532,5.307692307691468,-9.5,4.5,1,1,-10.692307692308532,,-11.5,,1,0,q4,tight,mid_high
-2,98700,INTARIAN_PEPPER_ROOT,10093.0,12.0,10091.0,20.0,,,10104.0,12.0,10107.0,20.0,,,10098.5,0.0,prices_round_1_day_-2.csv,False,11.0,0.0,10098.5,10098.5,-3.192307692308532,-4.0,2040.208853541056,0.09929078014184398,206863.49399669154,-5.5,5.5,-5.5,5.5,1,1,-7.5,8.5,-7.5,8.5,1,1,,,,,0,0,q4,tight,mid_high
-2,98800,INTARIAN_PEPPER_ROOT,10091.0,15.0,,,,,10107.0,15.0,,,,,10099.0,0.0,prices_round_1_day_-2.csv,False,16.0,0.0,10099.0,10099.0,0.5,0.5,2040.2088542662718,0.09969635627530364,206653.90601939536,-8.0,8.0,-8.0,8.0,1,1,,,,,0,0,,,,,0,0,q4,mid1,mid_high
-2,98900,INTARIAN_PEPPER_ROOT,10093.0,10.0,10091.0,15.0,,,10104.0,10.0,10107.0,15.0,,,10098.5,0.0,prices_round_1_day_-2.csv,False,11.0,0.0,10098.5,10098.5,-0.5,-0.5,2040.2088560418003,0.09908998988877654,206444.7425105418,-5.5,5.5,-5.5,5.5,1,1,-7.5,8.5,-7.5,8.5,1,1,,,,,0,0,q4,tight,mid_high
-2,99000,INTARIAN_PEPPER_ROOT,10093.0,10.0,,,,,10105.0,10.0,,,,,10099.0,0.0,prices_round_1_day_-2.csv,False,12.0,0.0,10099.0,10099.0,0.5,0.5,2040.2086963942734,0.0994949494949495,206236.00178056804,-6.0,6.0,-6.0,6.0,1,1,,,,,0,0,,,,,0,0,q4,tight,mid_high
-2,99100,INTARIAN_PEPPER_ROOT,10091.0,20.0,,,,,10105.0,8.0,,,,,10098.0,0.0,prices_round_1_day_-2.csv,False,14.0,0.42857142857142855,10101.0,10101.0,2.0,-1.0,2040.2084426636723,0.10141271442986882,206027.68623157224,-10.0,4.0,-7.0,7.0,1,1,,,,,0,0,,,,,0,0,q4,mid1,mid_high
-2,99200,INTARIAN_PEPPER_ROOT,10094.0,10.0,,,,,10107.0,23.0,,,,,10100.5,0.0,prices_round_1_day_-2.csv,False,13.0,-0.3939393939393939,10097.939393939394,10097.939393939394,-3.0606060606060055,2.5,2040.2084861312633,0.09822519550342136,205819.79753535852,-3.9393939393939945,9.060606060606005,-6.5,6.5,1,1,,,,,0,0,,,,,0,0,q4,tight,mid_high
-2,99300,INTARIAN_PEPPER_ROOT,10094.0,8.0,10091.0,16.0,,,10105.0,8.0,10107.0,16.0,,,10099.5,0.0,prices_round_1_day_-2.csv,False,11.0,0.0,10099.5,10099.5,1.5606060606060055,-1.0,2040.2084969948983,0.09969788519637462,205612.32005437947,-5.5,5.5,-5.5,5.5,1,1,-8.5,7.5,-8.5,7.5,1,1,,,,,0,0,q4,tight,mid_high
-2,99400,INTARIAN_PEPPER_ROOT,10094.0,8.0,10091.0,16.0,,,10105.0,8.0,10107.0,16.0,,,10099.5,0.0,prices_round_1_day_-2.csv,False,11.0,0.0,10099.5,10099.5,0.0,0.0,2040.2084969948983,0.09959758551307847,205405.2583120585,-5.5,5.5,-5.5,5.5,1,1,-8.5,7.5,-8.5,7.5,1,1,,,,,0,0,q4,tight,mid_high
-2,99500,INTARIAN_PEPPER_ROOT,10091.0,17.0,,,,,10105.0,12.0,10108.0,17.0,,,10098.0,0.0,prices_round_1_day_-2.csv,False,14.0,0.1724137931034483,10099.206896551725,10099.206896551725,-0.2931034482753603,-1.5,2040.2084977091718,0.09920291110726094,205198.61333796097,-8.20689655172464,5.79310344827536,-7.0,7.0,1,1,,8.79310344827536,,10.0,0,1,,,,,0,0,q4,mid1,mid_high
-2,99600,INTARIAN_PEPPER_ROOT,10094.0,11.0,10092.0,15.0,,,10105.0,11.0,10108.0,15.0,,,10099.5,0.0,prices_round_1_day_-2.csv,False,11.0,0.0,10099.5,10099.5,0.2931034482753603,1.5,2040.208493753029,0.09939759036144578,204992.38361356067,-5.5,5.5,-5.5,5.5,1,1,-7.5,8.5,-7.5,8.5,1,1,,,,,0,0,q4,tight,mid_high
-2,99700,INTARIAN_PEPPER_ROOT,10094.0,10.0,,,,,10105.0,10.0,10108.0,19.0,,,10099.5,0.0,prices_round_1_day_-2.csv,False,11.0,0.0,10099.5,10099.5,0.0,0.0,2040.2084878512712,0.09929789368104312,204786.56797727192,-5.5,5.5,-5.5,5.5,1,1,,8.5,,8.5,0,1,,,,,0,0,q4,tight,mid_high
-2,99800,INTARIAN_PEPPER_ROOT,10094.0,12.0,10092.0,21.0,,,10105.0,12.0,10108.0,21.0,,,10099.5,0.0,prices_round_1_day_-2.csv,False,11.0,0.0,10099.5,10099.5,0.0,0.0,2040.208470161669,0.09919839679358718,204581.16521084556,-5.5,5.5,-5.5,5.5,1,1,-7.5,8.5,-7.5,8.5,1,1,,,,,0,0,q4,tight,mid_high
-2,99900,INTARIAN_PEPPER_ROOT,10094.0,11.0,10092.0,15.0,,,10105.0,11.0,10108.0,15.0,,,10099.5,0.0,prices_round_1_day_-2.csv,False,11.0,0.0,10099.5,10099.5,0.0,0.0,2040.208456630861,0.0990990990990991,204376.17407318988,-5.5,5.5,-5.5,5.5,1,1,-7.5,8.5,-7.5,8.5,1,1,,,,,0,0,q4,tight,mid_high
-2,100000,INTARIAN_PEPPER_ROOT,10094.0,11.0,10092.0,15.0,,,10106.0,11.0,10108.0,15.0,,,10100.0,0.0,prices_round_1_day_-2.csv,False,12.0,0.0,10100.0,10100.0,0.5,0.5,2040.2084347493435,0.0995,204171.5934790834,-6.0,6.0,-6.0,6.0,1,1,-8.0,8.0,-8.0,8.0,1,1,,,,,0,0,q4,tight,mid_high
-2,100100,INTARIAN_PEPPER_ROOT,10095.0,12.0,,,,,10106.0,12.0,,,,,10100.5,0.0,prices_round_1_day_-2.csv,False,11.0,0.0,10100.5,10100.5,0.5,0.5,2040.2083941122387,0.0999000999000999,203967.42204584435,-5.5,5.5,-5.5,5.5,1,1,,,,,0,0,,,,,0,0,q4,tight,mid_high
-2,100200,INTARIAN_PEPPER_ROOT,10095.0,8.0,10092.0,17.0,,,10106.0,8.0,10108.0,17.0,,,10100.5,0.0,prices_round_1_day_-2.csv,False,11.0,0.0,10100.5,10100.5,0.0,0.0,2040.2083877140365,0.0998003992015968,203763.658397417,-5.5,5.5,-5.5,5.5,1,1,-8.5,7.5,-8.5,7.5,1,1,,,,,0,0,q4,tight,mid_high
-2,100300,INTARIAN_PEPPER_ROOT,10095.0,12.0,10092.0,24.0,,,10106.0,12.0,10108.0,24.0,,,10100.5,0.0,prices_round_1_day_-2.csv,False,11.0,0.0,10100.5,10100.5,0.0,0.0,2040.2083791695156,0.09970089730807577,203560.30146283892,-5.5,5.5,-5.5,5.5,1,1,-8.5,7.5,-8.5,7.5,1,1,,,,,0,0,q4,tight,mid_high
-2,100400,INTARIAN_PEPPER_ROOT,10092.0,15.0,,,,,10106.0,9.0,10108.0,15.0,,,10099.0,0.0,prices_round_1_day_-2.csv,False,14.0,0.25,10100.75,10100.75,0.25,-1.5,2040.2080017132887,0.09985059760956175,203357.3500382173,-8.75,5.25,-7.0,7.0,1,1,,7.25,,9.0,0,1,,,,,0,0,q4,mid1,mid_high
-2,100500,INTARIAN_PEPPER_ROOT,10095.0,8.0,10092.0,19.0,,,,,,,,,10095.0,0.0,prices_round_1_day_-2.csv,True,,1.0,,10095.0,-5.75,-4.0,2040.2078919993323,0.09402985074626866,203154.83692732416,0.0,,0.0,,1,0,-3.0,,-3.0,,1,0,,,,,0,0,q4,mid1,mid_high
-2,100600,INTARIAN_PEPPER_ROOT,,,,,,,10106.0,11.0,10109.0,23.0,,,10106.0,0.0,prices_round_1_day_-2.csv,True,,-1.0,,10106.0,11.0,11.0,2040.2084826892399,0.10487077534791253,202952.81104177865,,0.0,,0.0,0,1,,3.0,,3.0,0,1,,,,,0,0,q4,mid1,mid_high
-2,100700,INTARIAN_PEPPER_ROOT,10095.0,9.0,10093.0,20.0,,,10106.0,9.0,10109.0,20.0,,,10100.5,0.0,prices_round_1_day_-2.csv,False,11.0,0.0,10100.5,10100.5,-5.5,-5.5,2040.208642511836,0.09930486593843098,202751.09988108126,-5.5,5.5,-5.5,5.5,1,1,-7.5,8.5,-7.5,8.5,1,1,,,,,0,0,q4,tight,mid_high
-2,100800,INTARIAN_PEPPER_ROOT,10095.0,9.0,,,,,10109.0,15.0,,,,,10102.0,0.0,prices_round_1_day_-2.csv,False,14.0,-0.25,10100.25,10100.25,-0.25,1.5,2040.2086430682516,0.09895833333333333,202549.7582942012,-5.25,8.75,-7.0,7.0,1,1,,,,,0,0,,,,,0,0,q4,mid1,mid_high
-2,100900,INTARIAN_PEPPER_ROOT,10095.0,9.0,10093.0,19.0,,,10106.0,9.0,10109.0,19.0,,,10100.5,0.0,prices_round_1_day_-2.csv,False,11.0,0.0,10100.5,10100.5,0.25,-1.5,2040.20864248878,0.09910802775024777,202348.8160962813,-5.5,5.5,-5.5,5.5,1,1,-7.5,8.5,-7.5,8.5,1,1,,,,,0,0,q4,tight,mid_high
-2,101000,INTARIAN_PEPPER_ROOT,10095.0,10.0,,,,,10107.0,10.0,10109.0,16.0,,,10101.0,0.0,prices_round_1_day_-2.csv,False,12.0,0.0,10101.0,10101.0,0.5,0.5,2040.20845556753,0.09950495049504951,202148.27233459544,-6.0,6.0,-6.0,6.0,1,1,,8.0,,8.0,0,1,,,,,0,0,q4,tight,mid_high
-2,101100,INTARIAN_PEPPER_ROOT,10096.0,8.0,10093.0,24.0,,,10107.0,8.0,10109.0,24.0,,,10101.5,0.0,prices_round_1_day_-2.csv,False,11.0,0.0,10101.5,10101.5,0.5,0.5,2040.207748681857,0.09990108803165183,201948.1256889549,-5.5,5.5,-5.5,5.5,1,1,-8.5,7.5,-8.5,7.5,1,1,,,,,0,0,q4,tight,mid_high
-2,101200,INTARIAN_PEPPER_ROOT,10099.0,8.0,10096.0,11.0,10093.0,18.0,,,,,,,10099.0,0.0,prices_round_1_day_-2.csv,True,,1.0,,10099.0,-2.5,-2.5,2040.2076280458796,0.09733201581027667,201748.38150212736,0.0,,0.0,,1,0,-3.0,,-3.0,,1,0,-6.0,,-6.0,,1,0,q4,mid1,mid_high
-2,101300,INTARIAN_PEPPER_ROOT,10096.0,12.0,10093.0,15.0,,,10107.0,12.0,10109.0,15.0,,,10101.5,0.0,prices_round_1_day_-2.csv,False,11.0,0.0,10101.5,10101.5,2.5,2.5,2040.2076494588503,0.09970384995064166,201549.03109265363,-5.5,5.5,-5.5,5.5,1,1,-8.5,7.5,-8.5,7.5,1,1,,,,,0,0,q4,tight,mid_high
-2,101400,INTARIAN_PEPPER_ROOT,10096.0,8.0,10093.0,16.0,,,10107.0,8.0,10109.0,16.0,,,10101.5,0.0,prices_round_1_day_-2.csv,False,11.0,0.0,10101.5,10101.5,0.0,0.0,2040.2076391491569,0.09960552268244575,201350.0685841032,-5.5,5.5,-5.5,5.5,1,1,-8.5,7.5,-8.5,7.5,1,1,,,,,0,0,q4,tight,mid_high
-2,101500,INTARIAN_PEPPER_ROOT,10096.0,8.0,10093.0,16.0,,,10107.0,8.0,10110.0,16.0,,,10101.5,0.0,prices_round_1_day_-2.csv,False,11.0,0.0,10101.5,10101.5,0.0,0.0,2040.2076391491569,0.09950738916256158,201151.49850651677,-5.5,5.5,-5.5,5.5,1,1,-8.5,8.5,-8.5,8.5,1,1,,,,,0,0,q4,tight,mid_high
-2,101600,INTARIAN_PEPPER_ROOT,10096.0,11.0,10094.0,16.0,,,10107.0,11.0,10110.0,16.0,,,10101.5,0.0,prices_round_1_day_-2.csv,False,11.0,0.0,10101.5,10101.5,0.0,0.0,2040.2076391412327,0.09940944881889764,200953.3197,-5.5,5.5,-5.5,5.5,1,1,-7.5,8.5,-7.5,8.5,1,1,,,,,0,0,q4,tight,mid_high
-2,101700,INTARIAN_PEPPER_ROOT,10096.0,11.0,10094.0,16.0,,,10107.0,11.0,,,,,10101.5,0.0,prices_round_1_day_-2.csv,False,11.0,0.0,10101.5,10101.5,0.0,0.0,2040.2076387340812,0.09931170108161258,200755.5310092249,-5.5,5.5,-5.5,5.5,1,1,-7.5,,-7.5,,1,0,,,,,0,0,q4,tight,mid_high
-2,101800,INTARIAN_PEPPER_ROOT,10096.0,9.0,10094.0,18.0,,,10107.0,9.0,10110.0,18.0,,,10101.5,0.0,prices_round_1_day_-2.csv,False,11.0,0.0,10101.5,10101.5,0.0,0.0,2040.2073442712342,0.09921414538310412,200558.1312834077,-5.5,5.5,-5.5,5.5,1,1,-7.5,8.5,-7.5,8.5,1,1,,,,,0,0,q4,tight,mid_high
-2,101900,INTARIAN_PEPPER_ROOT,10096.0,10.0,10094.0,20.0,,,10107.0,10.0,10110.0,20.0,,,10101.5,0.0,prices_round_1_day_-2.csv,False,11.0,0.0,10101.5,10101.5,0.0,0.0,2040.2070760661838,0.09911678115799803,200361.11937628628,-5.5,5.5,-5.5,5.5,1,1,-7.5,8.5,-7.5,8.5,1,1,,,,,0,0,q4,tight,mid_high
-2,102000,INTARIAN_PEPPER_ROOT,10096.0,12.0,,,,,10108.0,12.0,10110.0,17.0,,,10102.0,0.0,prices_round_1_day_-2.csv,False,12.0,0.0,10102.0,10102.0,0.5,0.5,2040.2070675234736,0.09950980392156862,200164.4942940228,-6.0,6.0,-6.0,6.0,1,1,,8.0,,8.0,0,1,,,,,0,0,q4,tight,mid_high
-2,102100,INTARIAN_PEPPER_ROOT,10097.0,11.0,,,,,10108.0,11.0,10110.0,18.0,,,10102.5,0.0,prices_round_1_day_-2.csv,False,11.0,0.0,10102.5,10102.5,0.5,0.5,2040.2070668474316,0.09990205680705191,199968.25475082797,-5.5,5.5,-5.5,5.5,1,1,,7.5,,7.5,0,1,,,,,0,0,q4,tight,mid_high
-2,102200,INTARIAN_PEPPER_ROOT,10097.0,10.0,,,,,10108.0,10.0,10110.0,17.0,,,10102.5,0.0,prices_round_1_day_-2.csv,False,11.0,0.0,10102.5,10102.5,0.0,0.0,2040.2070646268223,0.09980430528375733,199772.39946700804,-5.5,5.5,-5.5,5.5,1,1,,7.5,,7.5,0,1,,,,,0,0,q4,tight,mid_high
-2,102300,INTARIAN_PEPPER_ROOT,10097.0,11.0,,,,,10108.0,11.0,10110.0,16.0,,,10102.5,0.0,prices_round_1_day_-2.csv,False,11.0,0.0,10102.5,10102.5,0.0,0.0,2040.2070636092474,0.09970674486803519,199576.92746161093,-5.5,5.5,-5.5,5.5,1,1,,7.5,,7.5,0,1,,,,,0,0,q4,tight,mid_high
-2,102400,INTARIAN_PEPPER_ROOT,10105.0,8.0,10097.0,11.0,10094.0,16.0,10108.0,11.0,10110.0,16.0,,,10106.5,0.0,prices_round_1_day_-2.csv,False,3.0,-0.15789473684210525,10106.263157894737,10106.263157894737,3.7631578947366506,4.0,2040.2071292563376,0.10328433388157876,199381.85070726724,-1.2631578947366506,1.7368421052633494,-1.5,1.5,1,1,-9.26315789473665,3.7368421052633494,-9.5,3.5,1,1,-12.26315789473665,,-12.5,,1,0,q4,tight,mid_high
-2,102500,INTARIAN_PEPPER_ROOT,10094.0,19.0,,,,,10108.0,8.0,10111.0,19.0,,,10101.0,0.0,prices_round_1_day_-2.csv,False,14.0,0.4074074074074074,10103.851851851852,10103.851851851852,-2.411306042884462,-5.5,2040.207161982782,0.10083107497741677,199187.14803762716,-9.851851851852189,4.148148148147811,-7.0,7.0,1,1,,7.148148148147811,,10.0,0,1,,,,,0,0,q4,mid1,mid_high
-2,102600,INTARIAN_PEPPER_ROOT,10097.0,9.0,,,,,10108.0,9.0,10111.0,20.0,,,10102.5,0.0,prices_round_1_day_-2.csv,False,11.0,0.0,10102.5,10102.5,-1.3518518518521887,1.5,2040.2071596792136,0.09941520467836257,198992.82116952303,-5.5,5.5,-5.5,5.5,1,1,,8.5,,8.5,0,1,,,,,0,0,q4,tight,mid_high
-2,102700,INTARIAN_PEPPER_ROOT,10097.0,12.0,,,,,10108.0,12.0,10111.0,23.0,,,10102.5,0.0,prices_round_1_day_-2.csv,False,11.0,0.0,10102.5,10102.5,0.0,0.0,2040.2071501513697,0.09931840311587146,198798.87106104763,-5.5,5.5,-5.5,5.5,1,1,,8.5,,8.5,0,1,,,,,0,0,q4,tight,mid_high
-2,102800,INTARIAN_PEPPER_ROOT,10097.0,8.0,10095.0,25.0,,,10108.0,8.0,,,,,10102.5,0.0,prices_round_1_day_-2.csv,False,11.0,0.0,10102.5,10102.5,0.0,0.0,2040.2067900688546,0.09922178988326848,198605.29865480957,-5.5,5.5,-5.5,5.5,1,1,-7.5,,-7.5,,1,0,,,,,0,0,q4,tight,mid_high
-2,102900,INTARIAN_PEPPER_ROOT,10097.0,9.0,10095.0,20.0,,,10111.0,20.0,,,,,10104.0,0.0,prices_round_1_day_-2.csv,False,14.0,-0.3793103448275862,10101.344827586207,10101.344827586207,-1.1551724137934798,1.5,2040.2063945866587,0.09800274789718806,198412.10436815667,-4.34482758620652,9.65517241379348,-7.0,7.0,1,1,-6.34482758620652,,-9.0,,1,0,,,,,0,0,q4,mid1,mid_high
-2,103000,INTARIAN_PEPPER_ROOT,10097.0,12.0,10095.0,20.0,,,10111.0,20.0,,,,,10104.0,0.0,prices_round_1_day_-2.csv,False,14.0,-0.25,10102.25,10102.25,0.9051724137934798,0.0,2040.2063910808713,0.0987864077669903,198219.28468547657,-5.25,8.75,-7.0,7.0,1,1,-7.25,,-9.0,,1,0,,,,,0,0,q4,mid1,mid_high
-2,103100,INTARIAN_PEPPER_ROOT,10098.0,10.0,,,,,10109.0,10.0,10111.0,18.0,,,10103.5,0.0,prices_round_1_day_-2.csv,False,11.0,0.0,10103.5,10103.5,1.25,-0.5,2040.206397750689,0.09990300678952474,198026.84006345892,-5.5,5.5,-5.5,5.5,1,1,,7.5,,7.5,0,1,,,,,0,0,q4,tight,mid_high
-2,103200,INTARIAN_PEPPER_ROOT,10098.0,8.0,10095.0,21.0,,,10109.0,8.0,10111.0,21.0,,,10103.5,0.0,prices_round_1_day_-2.csv,False,11.0,0.0,10103.5,10103.5,0.0,0.0,2040.206397751066,0.0998062015503876,197834.76748334977,-5.5,5.5,-5.5,5.5,1,1,-8.5,7.5,-8.5,7.5,1,1,,,,,0,0,q4,tight,mid_high
-2,103300,INTARIAN_PEPPER_ROOT,10098.0,8.0,10095.0,15.0,,,10109.0,8.0,10111.0,15.0,,,10103.5,0.0,prices_round_1_day_-2.csv,False,11.0,0.0,10103.5,10103.5,0.0,0.0,1428.1309973270736,0.09970958373668926,197643.06713690428,-5.5,5.5,-5.5,5.5,1,1,-8.5,7.5,-8.5,7.5,1,1,,,,,0,0,q4,tight,mid_high
-2,103400,INTARIAN_PEPPER_ROOT,10098.0,10.0,,,,,10111.0,16.0,,,,,10104.5,0.0,prices_round_1_day_-2.csv,False,13.0,-0.23076923076923078,10103.0,10103.0,-0.5,1.0,2.307798644809479,0.09912959381044488,197451.7382813059,-5.0,8.0,-6.5,6.5,1,1,,,,,0,0,,,,,0,0,q1,tight,mid_high
-2,103500,INTARIAN_PEPPER_ROOT,10098.0,8.0,,,,,10109.0,8.0,,,,,10103.5,0.0,prices_round_1_day_-2.csv,False,11.0,0.0,10103.5,10103.5,0.5,-1.0,2.3084838856467225,0.09951690821256039,197260.77930863717,-5.5,5.5,-5.5,5.5,1,1,,,,,0,0,,,,,0,0,q1,tight,mid_high
-2,103600,INTARIAN_PEPPER_ROOT,10098.0,11.0,10096.0,24.0,,,10109.0,11.0,10112.0,24.0,,,10103.5,0.0,prices_round_1_day_-2.csv,False,11.0,0.0,10103.5,10103.5,0.0,0.0,2.264948579099517,0.09942084942084942,197070.18919326077,-5.5,5.5,-5.5,5.5,1,1,-7.5,8.5,-7.5,8.5,1,1,,,,,0,0,q1,tight,mid_high
-2,103700,INTARIAN_PEPPER_ROOT,10098.0,10.0,10096.0,17.0,,,10109.0,10.0,10112.0,17.0,,,10103.5,0.0,prices_round_1_day_-2.csv,False,11.0,0.0,10103.5,10103.5,0.0,0.0,2.2165616775993238,0.09932497589199614,196879.96701245158,-5.5,5.5,-5.5,5.5,1,1,-7.5,8.5,-7.5,8.5,1,1,,,,,0,0,q1,tight,mid_high
-2,103800,INTARIAN_PEPPER_ROOT,10098.0,9.0,10096.0,21.0,,,10109.0,9.0,10112.0,21.0,,,10103.5,0.0,prices_round_1_day_-2.csv,False,11.0,0.0,10103.5,10103.5,0.0,0.0,2.215848010423054,0.09922928709055877,196690.1117017896,-5.5,5.5,-5.5,5.5,1,1,-7.5,8.5,-7.5,8.5,1,1,,,,,0,0,q1,tight,mid_high
-2,103900,INTARIAN_PEPPER_ROOT,10098.0,10.0,10096.0,19.0,,,10109.0,10.0,10112.0,19.0,,,10103.5,0.0,prices_round_1_day_-2.csv,False,11.0,0.0,10103.5,10103.5,0.0,0.0,2.214258699648547,0.09913378248315688,196500.62220095642,-5.5,5.5,-5.5,5.5,1,1,-7.5,8.5,-7.5,8.5,1,1,,,,,0,0,q1,tight,mid_high
-2,104000,INTARIAN_PEPPER_ROOT,10098.0,11.0,,,,,10110.0,11.0,10112.0,18.0,,,10104.0,0.0,prices_round_1_day_-2.csv,False,12.0,0.0,10104.0,10104.0,0.5,0.5,2.214258699648547,0.09951923076923076,196311.4975987796,-6.0,6.0,-6.0,6.0,1,1,,8.0,,8.0,0,1,,,,,0,0,q1,tight,mid_high
-2,104100,INTARIAN_PEPPER_ROOT,10099.0,12.0,10096.0,24.0,,,10110.0,12.0,10112.0,24.0,,,10104.5,0.0,prices_round_1_day_-2.csv,False,11.0,0.0,10104.5,10104.5,0.5,0.5,2.198093505371651,0.09990393852065321,196122.73669746422,-5.5,5.5,-5.5,5.5,1,1,-8.5,7.5,-8.5,7.5,1,1,,,,,0,0,q1,tight,mid_high
-2,104200,INTARIAN_PEPPER_ROOT,10099.0,11.0,10096.0,23.0,,,10110.0,11.0,10112.0,23.0,,,10104.5,0.0,prices_round_1_day_-2.csv,False,11.0,0.0,10104.5,10104.5,0.0,0.0,2.151250217249699,0.09980806142034548,195934.33830483575,-5.5,5.5,-5.5,5.5,1,1,-8.5,7.5,-8.5,7.5,1,1,,,,,0,0,q1,tight,mid_high
-2,104300,INTARIAN_PEPPER_ROOT,10099.0,9.0,10096.0,25.0,,,10110.0,9.0,10112.0,25.0,,,10104.5,0.0,prices_round_1_day_-2.csv,False,11.0,0.0,10104.5,10104.5,0.0,0.0,2.141386815207474,0.09971236816874401,195746.30152138782,-5.5,5.5,-5.5,5.5,1,1,-8.5,7.5,-8.5,7.5,1,1,,,,,0,0,q1,tight,mid_high
-2,104400,INTARIAN_PEPPER_ROOT,10099.0,9.0,10096.0,20.0,,,10112.0,20.0,,,,,10105.5,0.0,prices_round_1_day_-2.csv,False,13.0,-0.3793103448275862,10103.034482758621,10103.034482758621,-1.4655172413786204,1.0,2.1527828527433988,0.09821310609063351,195558.62764418326,-4.03448275862138,8.96551724137862,-6.5,6.5,1,1,-7.03448275862138,,-9.5,,1,0,,,,,0,0,q1,tight,mid_high
-2,104500,INTARIAN_PEPPER_ROOT,10096.0,17.0,,,,,10113.0,17.0,,,,,10104.5,0.0,prices_round_1_day_-2.csv,False,17.0,0.0,10104.5,10104.5,1.4655172413786204,-1.0,2.1610681891080294,0.09952153110047847,195371.3127400524,-8.5,8.5,-8.5,8.5,1,1,,,,,0,0,,,,,0,0,q1,mid2,mid_high
-2,104600,INTARIAN_PEPPER_ROOT,10099.0,10.0,,,,,10110.0,10.0,10113.0,25.0,,,10104.5,0.0,prices_round_1_day_-2.csv,False,11.0,0.0,10104.5,10104.5,0.0,0.0,2.160947446365146,0.0994263862332696,195184.35455551173,-5.5,5.5,-5.5,5.5,1,1,,8.5,,8.5,0,1,,,,,0,0,q1,tight,mid_high
-2,104700,INTARIAN_PEPPER_ROOT,10099.0,11.0,10097.0,16.0,,,10110.0,11.0,,,,,10104.5,0.0,prices_round_1_day_-2.csv,False,11.0,0.0,10104.5,10104.5,0.0,0.0,2.160947446365146,0.09933142311365807,194997.7538435812,-5.5,5.5,-5.5,5.5,1,1,-7.5,,-7.5,,1,0,,,,,0,0,q1,tight,mid_high
-2,104800,INTARIAN_PEPPER_ROOT,10099.0,12.0,10097.0,20.0,,,10110.0,12.0,10113.0,20.0,,,10104.5,0.0,prices_round_1_day_-2.csv,False,11.0,0.0,10104.5,10104.5,0.0,0.0,2.160947446365146,0.09923664122137404,194811.509579984,-5.5,5.5,-5.5,5.5,1,1,-7.5,8.5,-7.5,8.5,1,1,,,,,0,0,q1,tight,mid_high
-2,104900,INTARIAN_PEPPER_ROOT,10099.0,10.0,10097.0,20.0,,,10110.0,10.0,10113.0,20.0,,,10104.5,0.0,prices_round_1_day_-2.csv,False,11.0,0.0,10104.5,10104.5,0.0,0.0,2.160947446365146,0.09914204003813155,194625.62074435284,-5.5,5.5,-5.5,5.5,1,1,-7.5,8.5,-7.5,8.5,1,1,,,,,0,0,q1,tight,mid_high
-2,105000,INTARIAN_PEPPER_ROOT,10099.0,11.0,10097.0,15.0,,,10111.0,11.0,10113.0,15.0,,,10105.0,0.0,prices_round_1_day_-2.csv,False,12.0,0.0,10105.0,10105.0,0.5,0.5,2.160947446365146,0.09952380952380953,194440.08646388544,-6.0,6.0,-6.0,6.0,1,1,-8.0,8.0,-8.0,8.0,1,1,,,,,0,0,q1,tight,mid_high
-2,105100,INTARIAN_PEPPER_ROOT,10100.0,12.0,10097.0,20.0,,,10111.0,12.0,10113.0,20.0,,,10105.5,0.0,prices_round_1_day_-2.csv,False,11.0,0.0,10105.5,10105.5,0.5,0.5,2.160947446365146,0.09990485252140818,194254.90558175658,-5.5,5.5,-5.5,5.5,1,1,-8.5,7.5,-8.5,7.5,1,1,,,,,0,0,q1,tight,mid_high
-2,105200,INTARIAN_PEPPER_ROOT,10100.0,11.0,10097.0,18.0,,,10111.0,11.0,10113.0,18.0,,,10105.5,0.0,prices_round_1_day_-2.csv,False,11.0,0.0,10105.5,10105.5,0.0,0.0,2.160947446365146,0.09980988593155894,194070.07694654225,-5.5,5.5,-5.5,5.5,1,1,-8.5,7.5,-8.5,7.5,1,1,,,,,0,0,q1,tight,mid_high
-2,105300,INTARIAN_PEPPER_ROOT,10100.0,8.0,10097.0,24.0,,,10111.0,8.0,10113.0,24.0,,,10105.5,0.0,prices_round_1_day_-2.csv,False,11.0,0.0,10105.5,10105.5,0.0,0.0,2.160947446365146,0.09971509971509972,193885.59969654796,-5.5,5.5,-5.5,5.5,1,1,-8.5,7.5,-8.5,7.5,1,1,,,,,0,0,q1,tight,mid_high
-2,105400,INTARIAN_PEPPER_ROOT,10100.0,8.0,10097.0,19.0,,,10111.0,8.0,10113.0,19.0,,,10105.5,0.0,prices_round_1_day_-2.csv,False,11.0,0.0,10105.5,10105.5,0.0,0.0,2.16088251733109,0.09962049335863378,193701.4728306763,-5.5,5.5,-5.5,5.5,1,1,-8.5,7.5,-8.5,7.5,1,1,,,,,0,0,q1,tight,mid_high
-2,105500,INTARIAN_PEPPER_ROOT,10100.0,10.0,,,,,10111.0,10.0,10114.0,21.0,,,10105.5,0.0,prices_round_1_day_-2.csv,False,11.0,0.0,10105.5,10105.5,0.0,0.0,1.989692825393263,0.0995260663507109,193517.695351629,-5.5,5.5,-5.5,5.5,1,1,,8.5,,8.5,0,1,,,,,0,0,q1,tight,mid_high
-2,105600,INTARIAN_PEPPER_ROOT,10100.0,11.0,10098.0,19.0,,,10111.0,11.0,10114.0,19.0,,,10105.5,0.0,prices_round_1_day_-2.csv,False,11.0,0.0,10105.5,10105.5,0.0,0.0,1.2387040580796826,0.09943181818181818,193334.26626588913,-5.5,5.5,-5.5,5.5,1,1,-7.5,8.5,-7.5,8.5,1,1,,,,,0,0,q1,tight,mid_high
-2,105700,INTARIAN_PEPPER_ROOT,10100.0,10.0,,,,,10111.0,10.0,10114.0,17.0,,,10105.5,0.0,prices_round_1_day_-2.csv,False,11.0,0.0,10105.5,10105.5,0.0,0.0,0.9523333260530314,0.09933774834437085,193151.184583703,-5.5,5.5,-5.5,5.5,1,1,,8.5,,8.5,0,1,,,,,0,0,q1,tight,mid_high
-2,105800,INTARIAN_PEPPER_ROOT,10098.0,23.0,,,,,10111.0,10.0,10114.0,23.0,,,10104.5,0.0,prices_round_1_day_-2.csv,False,13.0,0.3939393939393939,10107.060606060606,10107.060606060606,1.5606060606060055,-1.0,0.9729536726789673,0.10071890932004349,192968.4513279822,-9.060606060606005,3.9393939393939945,-6.5,6.5,1,1,,6.9393939393939945,,9.5,0,1,,,,,0,0,q1,tight,mid_high
-2,105900,INTARIAN_PEPPER_ROOT,10100.0,11.0,10098.0,15.0,,,10111.0,11.0,10114.0,15.0,,,10105.5,0.0,prices_round_1_day_-2.csv,False,11.0,0.0,10105.5,10105.5,-1.5606060606060055,1.0,1.0018959779852767,0.09915014164305949,192786.06409364048,-5.5,5.5,-5.5,5.5,1,1,-7.5,8.5,-7.5,8.5,1,1,,,,,0,0,q1,tight,mid_high
-2,106000,INTARIAN_PEPPER_ROOT,10100.0,11.0,10098.0,16.0,,,10112.0,11.0,,,,,10106.0,0.0,prices_round_1_day_-2.csv,False,12.0,0.0,10106.0,10106.0,0.5,0.5,1.0018959779852767,0.09952830188679246,192604.01885892413,-6.0,6.0,-6.0,6.0,1,1,-8.0,,-8.0,,1,0,,,,,0,0,q1,tight,mid_high
-2,106100,INTARIAN_PEPPER_ROOT,10101.0,10.0,,,,,10112.0,10.0,10114.0,16.0,,,10106.5,0.0,prices_round_1_day_-2.csv,False,11.0,0.0,10106.5,10106.5,0.5,0.5,1.0018959779852767,0.0999057492931197,192422.31710549726,-5.5,5.5,-5.5,5.5,1,1,,7.5,,7.5,0,1,,,,,0,0,q1,tight,mid_high
-2,106200,INTARIAN_PEPPER_ROOT,10101.0,12.0,10098.0,16.0,,,,,,,,,10101.0,0.0,prices_round_1_day_-2.csv,True,,1.0,,10101.0,-5.5,-5.5,1.2256275525794342,0.09463276836158192,192240.98723962612,0.0,,0.0,,1,0,-3.0,,-3.0,,1,0,,,,,0,0,q1,mid1,mid_high
-2,106300,INTARIAN_PEPPER_ROOT,10101.0,9.0,,,,,10103.0,5.0,10112.0,9.0,10114.0,16.0,10102.0,0.0,prices_round_1_day_-2.csv,False,2.0,0.2857142857142857,10102.285714285714,10102.285714285714,1.285714285713766,1.0,1.1873198791014437,0.09575325897056798,192059.97069546505,-1.285714285713766,0.714285714286234,-1.0,1.0,1,1,,9.714285714286234,,10.0,0,1,,11.714285714286234,,12.0,0,1,q1,tight,mid_high
-2,106400,INTARIAN_PEPPER_ROOT,10101.0,12.0,10098.0,25.0,,,10112.0,12.0,10114.0,25.0,,,10106.5,0.0,prices_round_1_day_-2.csv,False,11.0,0.0,10106.5,10106.5,4.214285714286234,4.5,1.3274899383959073,0.09962406015037593,191879.309336737,-5.5,5.5,-5.5,5.5,1,1,-8.5,7.5,-8.5,7.5,1,1,,,,,0,0,q1,tight,mid_high
-2,106500,INTARIAN_PEPPER_ROOT,10101.0,8.0,10098.0,15.0,,,10112.0,8.0,10115.0,15.0,,,10106.5,0.0,prices_round_1_day_-2.csv,False,11.0,0.0,10106.5,10106.5,0.0,0.0,1.3274899383959073,0.09953051643192488,191698.97164931113,-5.5,5.5,-5.5,5.5,1,1,-8.5,8.5,-8.5,8.5,1,1,,,,,0,0,q1,tight,mid_high
-2,106600,INTARIAN_PEPPER_ROOT,10101.0,10.0,,,,,10112.0,10.0,10115.0,16.0,,,10106.5,0.0,prices_round_1_day_-2.csv,False,11.0,0.0,10106.5,10106.5,0.0,0.0,1.3274899383959073,0.09943714821763602,191518.97262419164,-5.5,5.5,-5.5,5.5,1,1,,8.5,,8.5,0,1,,,,,0,0,q1,tight,mid_high
-2,106700,INTARIAN_PEPPER_ROOT,10099.0,25.0,,,,,10112.0,12.0,10115.0,25.0,,,10105.5,0.0,prices_round_1_day_-2.csv,False,13.0,0.35135135135135137,10107.783783783783,10107.783783783783,1.2837837837832922,-1.0,1.337890735000847,0.10054712632032174,191339.31261362706,-8.783783783783292,4.216216216216708,-6.5,6.5,1,1,,7.216216216216708,,9.5,0,1,,,,,0,0,q1,tight,mid_high
-2,106800,INTARIAN_PEPPER_ROOT,10099.0,15.0,,,,,10112.0,9.0,10115.0,15.0,,,10105.5,0.0,prices_round_1_day_-2.csv,False,13.0,0.25,10107.125,10107.125,-0.6587837837832922,0.0,1.3423899770053507,0.09983614232209738,191159.988586851,-8.125,4.875,-6.5,6.5,1,1,,7.875,,9.5,0,1,,,,,0,0,q1,tight,mid_high
-2,106900,INTARIAN_PEPPER_ROOT,10101.0,8.0,10099.0,22.0,,,10112.0,8.0,10115.0,22.0,,,10106.5,0.0,prices_round_1_day_-2.csv,False,11.0,0.0,10106.5,10106.5,-0.625,1.0,1.346362970496296,0.09915809167446211,190981.00032496813,-5.5,5.5,-5.5,5.5,1,1,-7.5,8.5,-7.5,8.5,1,1,,,,,0,0,q1,tight,mid_high
-2,107000,INTARIAN_PEPPER_ROOT,10101.0,8.0,,,,,10113.0,8.0,10115.0,21.0,,,10107.0,0.0,prices_round_1_day_-2.csv,False,12.0,0.0,10107.0,10107.0,0.5,0.5,1.346362970496296,0.09953271028037383,190802.34659269414,-6.0,6.0,-6.0,6.0,1,1,,8.0,,8.0,0,1,,,,,0,0,q1,tight,mid_high
-2,107100,INTARIAN_PEPPER_ROOT,,,,,,,10113.0,12.0,,,,,10113.0,0.0,prices_round_1_day_-2.csv,True,,-1.0,,10113.0,6.0,6.0,1.5835053415416538,0.10504201680672269,190624.05915009044,,0.0,,0.0,0,1,,,,,0,0,,,,,0,0,q1,mid1,mid_high
-2,107200,INTARIAN_PEPPER_ROOT,10102.0,9.0,10099.0,22.0,,,,,,,,,10102.0,0.0,prices_round_1_day_-2.csv,True,,1.0,,10102.0,-11.0,-11.0,2.240931699310954,0.09468283582089553,190446.18720589712,0.0,,0.0,,1,0,-3.0,,-3.0,,1,0,,,,,0,0,q1,mid1,mid_high
-2,107300,INTARIAN_PEPPER_ROOT,10102.0,11.0,10099.0,25.0,,,10104.0,8.0,10113.0,11.0,,,10103.0,0.0,prices_round_1_day_-2.csv,False,2.0,0.15789473684210525,10103.157894736842,10103.157894736842,1.1578947368416266,1.0,2.2470117702196086,0.09567371364104532,190268.53323403158,-1.1578947368416266,0.8421052631583734,-1.0,1.0,1,1,-4.157894736841627,9.842105263158373,-4.0,10.0,1,1,,,,,0,0,q1,tight,mid_high
-2,107400,INTARIAN_PEPPER_ROOT,10102.0,9.0,,,,,10113.0,9.0,10115.0,17.0,,,10107.5,0.0,prices_round_1_day_-2.csv,False,11.0,0.0,10107.5,10107.5,4.342105263158373,4.5,2.268122547337175,0.09962756052141528,190091.22613445763,-5.5,5.5,-5.5,5.5,1,1,,7.5,,7.5,0,1,,,,,0,0,q1,tight,mid_high
-2,107500,INTARIAN_PEPPER_ROOT,10102.0,9.0,,,,,10113.0,9.0,,,,,10107.5,0.0,prices_round_1_day_-2.csv,False,11.0,0.0,10107.5,10107.5,0.0,0.0,2.240738916183329,0.09953488372093024,189914.2324508282,-5.5,5.5,-5.5,5.5,1,1,,,,,0,0,,,,,0,0,q1,tight,mid_high
-2,107600,INTARIAN_PEPPER_ROOT,10102.0,11.0,,,,,10113.0,11.0,10116.0,17.0,,,10107.5,0.0,prices_round_1_day_-2.csv,False,11.0,0.0,10107.5,10107.5,0.0,0.0,2.2313321266119694,0.09944237918215613,189737.56805775577,-5.5,5.5,-5.5,5.5,1,1,,8.5,,8.5,0,1,,,,,0,0,q1,tight,mid_high
-2,107700,INTARIAN_PEPPER_ROOT,10102.0,10.0,10100.0,21.0,,,10113.0,10.0,10116.0,21.0,,,10107.5,0.0,prices_round_1_day_-2.csv,False,11.0,0.0,10107.5,10107.5,0.0,0.0,2.2313321266119694,0.09935004642525534,189561.2320371441,-5.5,5.5,-5.5,5.5,1,1,-7.5,8.5,-7.5,8.5,1,1,,,,,0,0,q1,tight,mid_high
-2,107800,INTARIAN_PEPPER_ROOT,10102.0,8.0,,,,,10116.0,15.0,,,,,10109.0,0.0,prices_round_1_day_-2.csv,False,14.0,-0.30434782608695654,10106.869565217392,10106.869565217392,-0.630434782608063,1.5,2.2336887031875,0.098673066064371,189385.2239592005,-4.869565217391937,9.130434782608063,-7.0,7.0,1,1,,,,,0,0,,,,,0,0,q1,mid1,mid_high
-2,107900,INTARIAN_PEPPER_ROOT,10100.0,21.0,,,,,10113.0,9.0,,,,,10106.5,0.0,prices_round_1_day_-2.csv,False,13.0,0.4,10109.1,10109.1,2.2304347826084268,-2.5,2.246531657634436,0.10064874884152027,189209.5461449492,-9.100000000000364,3.899999999999636,-6.5,6.5,1,1,,,,,0,0,,,,,0,0,q1,tight,mid_high
-2,108000,INTARIAN_PEPPER_ROOT,10102.0,11.0,10100.0,18.0,,,10114.0,11.0,,,,,10108.0,0.0,prices_round_1_day_-2.csv,False,12.0,0.0,10108.0,10108.0,-1.1000000000003638,1.5,2.2507621694756508,0.09953703703703703,189034.1910884874,-6.0,6.0,-6.0,6.0,1,1,-8.0,,-8.0,,1,0,,,,,0,0,q1,tight,mid_high
-2,108100,INTARIAN_PEPPER_ROOT,10103.0,8.0,10100.0,19.0,,,10114.0,8.0,10116.0,19.0,,,10108.5,0.0,prices_round_1_day_-2.csv,False,11.0,0.0,10108.5,10108.5,0.5,0.5,2.2455367833958,0.09990749306197964,188859.15957842604,-5.5,5.5,-5.5,5.5,1,1,-8.5,7.5,-8.5,7.5,1,1,,,,,0,0,q1,tight,mid_high
-2,108200,INTARIAN_PEPPER_ROOT,10103.0,8.0,10100.0,16.0,,,10114.0,8.0,10116.0,16.0,,,10108.5,0.0,prices_round_1_day_-2.csv,False,11.0,0.0,10108.5,10108.5,0.0,0.0,2.2455367833958,0.09981515711645102,188684.45176195411,-5.5,5.5,-5.5,5.5,1,1,-8.5,7.5,-8.5,7.5,1,1,,,,,0,0,q1,tight,mid_high
-2,108300,INTARIAN_PEPPER_ROOT,10103.0,10.0,10100.0,16.0,,,10114.0,10.0,10116.0,16.0,,,10108.5,0.0,prices_round_1_day_-2.csv,False,11.0,0.0,10108.5,10108.5,0.0,0.0,2.2455367833958,0.0997229916897507,188510.0668804309,-5.5,5.5,-5.5,5.5,1,1,-8.5,7.5,-8.5,7.5,1,1,,,,,0,0,q1,tight,mid_high
-2,108400,INTARIAN_PEPPER_ROOT,10103.0,12.0,10100.0,19.0,,,10114.0,12.0,10116.0,19.0,,,10108.5,0.0,prices_round_1_day_-2.csv,False,11.0,0.0,10108.5,10108.5,0.0,0.0,2.243923026225359,0.0996309963099631,188336.00403929988,-5.5,5.5,-5.5,5.5,1,1,-8.5,7.5,-8.5,7.5,1,1,,,,,0,0,q1,tight,mid_high
-2,108500,INTARIAN_PEPPER_ROOT,10103.0,11.0,10100.0,19.0,,,10114.0,11.0,,,,,10108.5,0.0,prices_round_1_day_-2.csv,False,11.0,0.0,10108.5,10108.5,0.0,0.0,2.2432635520488677,0.09953917050691244,188162.2623473053,-5.5,5.5,-5.5,5.5,1,1,-8.5,,-8.5,,1,0,,,,,0,0,q1,tight,mid_high
-2,108600,INTARIAN_PEPPER_ROOT,10103.0,8.0,10101.0,25.0,,,10114.0,8.0,10117.0,25.0,,,10108.5,0.0,prices_round_1_day_-2.csv,False,11.0,0.0,10108.5,10108.5,0.0,0.0,2.2432635520488677,0.09944751381215469,187988.84091647732,-5.5,5.5,-5.5,5.5,1,1,-7.5,8.5,-7.5,8.5,1,1,,,,,0,0,q1,tight,mid_high
-2,108700,INTARIAN_PEPPER_ROOT,10103.0,11.0,10101.0,19.0,,,10117.0,19.0,,,,,10110.0,0.0,prices_round_1_day_-2.csv,False,14.0,-0.26666666666666666,10108.133333333333,10108.133333333333,-0.36666666666678793,1.5,2.244196259572511,0.09901870591842982,187815.73905289176,-5.133333333333212,8.866666666666788,-7.0,7.0,1,1,-7.133333333333212,,-9.0,,1,0,,,,,0,0,q1,mid1,mid_high
-2,108800,INTARIAN_PEPPER_ROOT,10103.0,12.0,10101.0,17.0,,,10114.0,12.0,10117.0,17.0,,,10108.5,0.0,prices_round_1_day_-2.csv,False,11.0,0.0,10108.5,10108.5,0.36666666666678793,-1.5,2.2444863315011694,0.09926470588235294,187642.95555014722,-5.5,5.5,-5.5,5.5,1,1,-7.5,8.5,-7.5,8.5,1,1,,,,,0,0,q1,tight,mid_high
-2,108900,INTARIAN_PEPPER_ROOT,10103.0,8.0,10101.0,19.0,,,10105.0,7.0,10114.0,8.0,10117.0,19.0,10104.0,0.0,prices_round_1_day_-2.csv,False,2.0,0.06666666666666667,10104.066666666668,10104.066666666668,-4.4333333333324845,-4.5,2.334288546705303,0.09510254055708679,187470.50846377722,-1.0666666666675155,0.9333333333324845,-1.0,1.0,1,1,-3.0666666666675155,9.933333333332484,-3.0,10.0,1,1,,12.933333333332484,,13.0,0,1,q1,tight,mid_high
-2,109000,INTARIAN_PEPPER_ROOT,10103.0,10.0,10101.0,17.0,,,10115.0,10.0,,,,,10109.0,0.0,prices_round_1_day_-2.csv,False,12.0,0.0,10109.0,10109.0,4.9333333333324845,5.0,2.435244814180633,0.09954128440366973,187298.38071220493,-6.0,6.0,-6.0,6.0,1,1,-8.0,,-8.0,,1,0,,,,,0,0,q1,tight,mid_high
-2,109100,INTARIAN_PEPPER_ROOT,,,,,,,10115.0,12.0,,,,,10115.0,0.0,prices_round_1_day_-2.csv,True,,-1.0,,10115.0,6.0,6.0,2.573948955080696,0.10494958753437214,187126.57924687408,,0.0,,0.0,0,1,,,,,0,0,,,,,0,0,q1,mid1,mid_high
-2,109200,INTARIAN_PEPPER_ROOT,10104.0,12.0,10101.0,21.0,,,10117.0,21.0,,,,,10110.5,0.0,prices_round_1_day_-2.csv,False,13.0,-0.2727272727272727,10108.727272727272,10108.727272727272,-6.272727272727934,-4.5,2.732383868691907,0.0991092241092235,186955.09809038215,-4.727272727272066,8.272727272727934,-6.5,6.5,1,1,-7.727272727272066,,-9.5,,1,0,,,,,0,0,q1,tight,mid_high
-2,109300,INTARIAN_PEPPER_ROOT,10104.0,10.0,10101.0,20.0,,,10117.0,20.0,,,,,10110.5,0.0,prices_round_1_day_-2.csv,False,13.0,-0.3333333333333333,10108.333333333334,10108.333333333334,-0.39393939393812616,0.0,2.7332004665978404,0.09865812747789016,186783.89401051417,-4.33333333333394,8.66666666666606,-6.5,6.5,1,1,-7.33333333333394,,-9.5,,1,0,,,,,0,0,q1,tight,mid_high
-2,109400,INTARIAN_PEPPER_ROOT,10104.0,11.0,10101.0,21.0,,,10115.0,11.0,10117.0,21.0,,,10109.5,0.0,prices_round_1_day_-2.csv,False,11.0,0.0,10109.5,10109.5,1.1666666666660603,-1.0,2.7282350416848185,0.09963436928702012,186613.0040247768,-5.5,5.5,-5.5,5.5,1,1,-8.5,7.5,-8.5,7.5,1,1,,,,,0,0,q1,tight,mid_high
-2,109500,INTARIAN_PEPPER_ROOT,10101.0,20.0,,,,,10115.0,10.0,10118.0,20.0,,,10108.0,0.0,prices_round_1_day_-2.csv,False,14.0,0.3333333333333333,10110.333333333334,10110.333333333334,0.8333333333339397,-1.5,2.723376738233645,0.1003044140030447,186442.42590210566,-9.33333333333394,4.66666666666606,-7.0,7.0,1,1,,7.66666666666606,,10.0,0,1,,,,,0,0,q1,mid1,mid_high
-2,109600,INTARIAN_PEPPER_ROOT,10104.0,11.0,10102.0,25.0,,,10115.0,11.0,10118.0,25.0,,,10109.5,0.0,prices_round_1_day_-2.csv,False,11.0,0.0,10109.5,10109.5,-0.8333333333339397,1.5,2.7266532601724944,0.09945255474452555,186272.15964181526,-5.5,5.5,-5.5,5.5,1,1,-7.5,8.5,-7.5,8.5,1,1,,,,,0,0,q1,tight,mid_high
-2,109700,INTARIAN_PEPPER_ROOT,,,,,,,,,,,,,0.0,0.0,prices_round_1_day_-2.csv,True,,,0.0,0.0,-10109.5,-10109.5,1429.71623160098,-9.116226071103009,279269.0228825658,,,,,0,0,,,,,0,0,,,,,0,0,q4,mid1,low
-2,109800,INTARIAN_PEPPER_ROOT,10104.0,10.0,10102.0,23.0,,,10115.0,10.0,10118.0,23.0,,,10109.5,0.0,prices_round_1_day_-2.csv,False,11.0,0.0,10109.5,10109.5,10109.5,10109.5,2042.4292498787934,0.09927140255009108,372262.52992482524,-5.5,5.5,-5.5,5.5,1,1,-7.5,8.5,-7.5,8.5,1,1,,,,,0,0,q4,tight,mid_high
-2,109900,INTARIAN_PEPPER_ROOT,10104.0,8.0,10102.0,20.0,,,10115.0,8.0,10118.0,20.0,,,10109.5,0.0,prices_round_1_day_-2.csv,False,11.0,0.0,10109.5,10109.5,0.0,0.0,2042.4292498787934,0.09918107370336669,371923.4930212925,-5.5,5.5,-5.5,5.5,1,1,-7.5,8.5,-7.5,8.5,1,1,,,,,0,0,q4,tight,mid_high
-2,110000,INTARIAN_PEPPER_ROOT,10104.0,12.0,,,,,10116.0,12.0,10118.0,17.0,,,10110.0,0.0,prices_round_1_day_-2.csv,False,12.0,0.0,10110.0,10110.0,0.5,0.5,2042.4292498787934,0.09954545454545455,371585.0732464867,-6.0,6.0,-6.0,6.0,1,1,,8.0,,8.0,0,1,,,,,0,0,q4,tight,mid_high
-2,110100,INTARIAN_PEPPER_ROOT,10105.0,11.0,10102.0,18.0,,,10116.0,11.0,,,,,10110.5,0.0,prices_round_1_day_-2.csv,False,11.0,0.0,10110.5,10110.5,0.5,0.5,2042.4292498787934,0.09990917347865577,371247.26878009737,-5.5,5.5,-5.5,5.5,1,1,-8.5,,-8.5,,1,0,,,,,0,0,q4,tight,mid_high
-2,110200,INTARIAN_PEPPER_ROOT,10105.0,12.0,10102.0,21.0,,,10116.0,12.0,10118.0,21.0,,,10110.5,0.0,prices_round_1_day_-2.csv,False,11.0,0.0,10110.5,10110.5,0.0,0.0,2042.4292498787934,0.0998185117967332,370910.0778093369,-5.5,5.5,-5.5,5.5,1,1,-8.5,7.5,-8.5,7.5,1,1,,,,,0,0,q4,tight,mid_high
-2,110300,INTARIAN_PEPPER_ROOT,10105.0,10.0,10102.0,15.0,,,10116.0,10.0,10118.0,15.0,,,10110.5,0.0,prices_round_1_day_-2.csv,False,11.0,0.0,10110.5,10110.5,0.0,0.0,2042.4292498787934,0.09972801450589303,370573.49880039436,-5.5,5.5,-5.5,5.5,1,1,-8.5,7.5,-8.5,7.5,1,1,,,,,0,0,q4,tight,mid_high
-2,110400,INTARIAN_PEPPER_ROOT,10108.0,5.0,10105.0,11.0,10102.0,21.0,10116.0,11.0,10118.0,21.0,,,10112.0,0.0,prices_round_1_day_-2.csv,False,8.0,-0.375,10110.5,10110.5,0.0,1.5,2042.4292498787934,0.09963768115942029,370237.5300888226,-2.5,5.5,-4.0,4.0,1,1,-5.5,7.5,-7.0,6.0,1,1,-8.5,,-10.0,,1,0,q4,tight,mid_high
-2,110500,INTARIAN_PEPPER_ROOT,,,,,,,10116.0,8.0,10119.0,20.0,,,10116.0,0.0,prices_round_1_day_-2.csv,True,,-1.0,,10116.0,5.5,4.0,2042.4293924910774,0.10452488687782806,369902.196399902,,0.0,,0.0,0,1,,3.0,,3.0,0,1,,,,,0,0,q4,mid1,mid_high
-2,110600,INTARIAN_PEPPER_ROOT,10105.0,8.0,10103.0,18.0,,,10119.0,18.0,,,,,10112.0,0.0,prices_round_1_day_-2.csv,False,14.0,-0.38461538461538464,10109.307692307691,10109.307692307691,-6.692307692308532,-4.0,2042.4296258167021,0.09837946863263243,369567.48505036696,-4.307692307691468,9.692307692308532,-7.0,7.0,1,1,-6.307692307691468,,-9.0,,1,0,,,,,0,0,q4,mid1,mid_high
-2,110700,INTARIAN_PEPPER_ROOT,10105.0,11.0,10103.0,23.0,,,10116.0,11.0,10119.0,23.0,,,10110.5,0.0,prices_round_1_day_-2.csv,False,11.0,0.0,10110.5,10110.5,1.1923076923085318,-1.5,2042.4296318697575,0.0993676603432701,369233.33831487654,-5.5,5.5,-5.5,5.5,1,1,-7.5,8.5,-7.5,8.5,1,1,,,,,0,0,q4,tight,mid_high
-2,110800,INTARIAN_PEPPER_ROOT,10105.0,12.0,10103.0,15.0,,,10119.0,15.0,,,,,10112.0,0.0,prices_round_1_day_-2.csv,False,14.0,-0.1111111111111111,10111.222222222223,10111.222222222223,0.7222222222226264,1.5,2042.429623075373,0.0999298034496594,368899.794547291,-6.222222222222626,7.777777777777374,-7.0,7.0,1,1,-8.222222222222626,,-9.0,,1,0,,,,,0,0,q4,mid1,mid_high
-2,110900,INTARIAN_PEPPER_ROOT,10105.0,12.0,10103.0,24.0,,,10116.0,12.0,10119.0,24.0,,,10110.5,0.0,prices_round_1_day_-2.csv,False,11.0,0.0,10110.5,10110.5,-0.7222222222226264,-1.5,2042.4296127460116,0.09918845807033363,368566.85310394905,-5.5,5.5,-5.5,5.5,1,1,-7.5,8.5,-7.5,8.5,1,1,,,,,0,0,q4,tight,mid_high
-2,111000,INTARIAN_PEPPER_ROOT,10105.0,8.0,,,,,10117.0,8.0,10119.0,17.0,,,10111.0,0.0,prices_round_1_day_-2.csv,False,12.0,0.0,10111.0,10111.0,0.5,0.5,2042.4296127460116,0.09954954954954955,368234.51163181313,-6.0,6.0,-6.0,6.0,1,1,,8.0,,8.0,0,1,,,,,0,0,q4,tight,mid_high
-2,111100,INTARIAN_PEPPER_ROOT,10106.0,12.0,10103.0,18.0,,,10117.0,12.0,10119.0,18.0,,,10111.5,0.0,prices_round_1_day_-2.csv,False,11.0,0.0,10111.5,10111.5,0.5,0.5,2042.4296127460116,0.0999099909990999,367902.76897288015,-5.5,5.5,-5.5,5.5,1,1,-8.5,7.5,-8.5,7.5,1,1,,,,,0,0,q4,tight,mid_high
-2,111200,INTARIAN_PEPPER_ROOT,10106.0,12.0,10103.0,21.0,,,10117.0,12.0,10119.0,21.0,,,10111.5,0.0,prices_round_1_day_-2.csv,False,11.0,0.0,10111.5,10111.5,0.0,0.0,2042.4294530972093,0.09982014388489209,367571.6233752205,-5.5,5.5,-5.5,5.5,1,1,-8.5,7.5,-8.5,7.5,1,1,,,,,0,0,q4,tight,mid_high
-2,111300,INTARIAN_PEPPER_ROOT,,,,,,,10119.0,19.0,,,,,10119.0,0.0,prices_round_1_day_-2.csv,True,,-1.0,,10119.0,7.5,7.5,2042.4297089679042,0.10646900269541779,367241.12255695066,,0.0,,0.0,0,1,,,,,0,0,,,,,0,0,q4,mid1,mid_high
-2,111400,INTARIAN_PEPPER_ROOT,10106.0,9.0,10103.0,20.0,,,10117.0,9.0,10119.0,20.0,,,10111.5,0.0,prices_round_1_day_-2.csv,False,11.0,0.0,10111.5,10111.5,-7.5,-7.5,2042.429926681492,0.09964093357271095,366911.21840948996,-5.5,5.5,-5.5,5.5,1,1,-8.5,7.5,-8.5,7.5,1,1,,,,,0,0,q4,tight,mid_high
-2,111500,INTARIAN_PEPPER_ROOT,10106.0,8.0,10103.0,21.0,,,10117.0,8.0,10120.0,21.0,,,10111.5,0.0,prices_round_1_day_-2.csv,False,11.0,0.0,10111.5,10111.5,0.0,0.0,2042.429926681492,0.09955156950672646,366581.85466757783,-5.5,5.5,-5.5,5.5,1,1,-8.5,8.5,-8.5,8.5,1,1,,,,,0,0,q4,tight,mid_high
-2,111600,INTARIAN_PEPPER_ROOT,10106.0,10.0,10104.0,20.0,,,10120.0,20.0,,,,,10113.0,0.0,prices_round_1_day_-2.csv,False,14.0,-0.3333333333333333,10110.666666666666,10110.666666666666,-0.8333333333339397,1.5,2042.4299309142561,0.09871565113500542,366253.0824835661,-4.66666666666606,9.33333333333394,-7.0,7.0,1,1,-6.66666666666606,,-9.0,,1,0,,,,,0,0,q4,mid1,mid_high
-2,111700,INTARIAN_PEPPER_ROOT,10106.0,9.0,10104.0,15.0,,,10117.0,9.0,10120.0,15.0,,,10111.5,0.0,prices_round_1_day_-2.csv,False,11.0,0.0,10111.5,10111.5,0.8333333333339397,-1.5,2042.4299265045458,0.09937332139659803,365924.89920103597,-5.5,5.5,-5.5,5.5,1,1,-7.5,8.5,-7.5,8.5,1,1,,,,,0,0,q4,tight,mid_high
-2,111800,INTARIAN_PEPPER_ROOT,,,,,,,10117.0,9.0,10120.0,19.0,,,10117.0,0.0,prices_round_1_day_-2.csv,True,,-1.0,,10117.0,5.5,5.5,2042.4300671028586,0.10420393559928444,365597.32913969236,,0.0,,0.0,0,1,,3.0,,3.0,0,1,,,,,0,0,q4,mid1,mid_high
-2,111900,INTARIAN_PEPPER_ROOT,10106.0,8.0,,,,,10117.0,8.0,,,,,10111.5,0.0,prices_round_1_day_-2.csv,False,11.0,0.0,10111.5,10111.5,-5.5,-5.5,2042.4302235275998,0.09919571045576407,365270.3470734088,-5.5,5.5,-5.5,5.5,1,1,,,,,0,0,,,,,0,0,q4,tight,mid_high
-2,112000,INTARIAN_PEPPER_ROOT,10106.0,12.0,10104.0,24.0,,,10118.0,12.0,10120.0,24.0,,,10112.0,0.0,prices_round_1_day_-2.csv,False,12.0,0.0,10112.0,10112.0,0.5,0.5,2042.4302235275998,0.09955357142857142,364943.92152687366,-6.0,6.0,-6.0,6.0,1,1,-8.0,8.0,-8.0,8.0,1,1,,,,,0,0,q4,tight,mid_high
-2,112100,INTARIAN_PEPPER_ROOT,10107.0,11.0,,,,,10118.0,11.0,10120.0,17.0,,,10112.5,0.0,prices_round_1_day_-2.csv,False,11.0,0.0,10112.5,10112.5,0.5,0.5,2042.430047391882,0.09991079393398751,364618.0788828446,-5.5,5.5,-5.5,5.5,1,1,,7.5,,7.5,0,1,,,,,0,0,q4,tight,mid_high
-2,112200,INTARIAN_PEPPER_ROOT,10107.0,11.0,10104.0,17.0,,,10118.0,11.0,10120.0,17.0,,,10112.5,0.0,prices_round_1_day_-2.csv,False,11.0,0.0,10112.5,10112.5,0.0,0.0,2042.4294318784898,0.09982174688057041,364292.81744759966,-5.5,5.5,-5.5,5.5,1,1,-8.5,7.5,-8.5,7.5,1,1,,,,,0,0,q4,tight,mid_high
-2,112300,INTARIAN_PEPPER_ROOT,10107.0,12.0,,,,,10120.0,18.0,,,,,10113.5,0.0,prices_round_1_day_-2.csv,False,13.0,-0.2,10112.2,10112.2,-0.2999999999992724,1.0,2042.4294284766108,0.0994657168299205,363968.13593446906,-5.200000000000728,7.799999999999272,-6.5,6.5,1,1,,,,,0,0,,,,,0,0,q4,tight,mid_high
-2,112400,INTARIAN_PEPPER_ROOT,10104.0,17.0,,,,,10118.0,8.0,10120.0,17.0,,,10111.0,0.0,prices_round_1_day_-2.csv,False,14.0,0.36,10113.52,10113.52,1.319999999999709,-2.5,2042.429347535123,0.10055160142348793,363644.0338440364,-9.520000000000437,4.479999999999563,-7.0,7.0,1,1,,6.479999999999563,,9.0,0,1,,,,,0,0,q4,mid1,mid_high
-2,112500,INTARIAN_PEPPER_ROOT,10107.0,8.0,10104.0,25.0,,,10118.0,8.0,10121.0,25.0,,,10112.5,0.0,prices_round_1_day_-2.csv,False,11.0,0.0,10112.5,10112.5,-1.0200000000004366,1.5,2042.429353856167,0.09955555555555555,363320.50823965535,-5.5,5.5,-5.5,5.5,1,1,-8.5,8.5,-8.5,8.5,1,1,,,,,0,0,q4,tight,mid_high
-2,112600,INTARIAN_PEPPER_ROOT,10107.0,12.0,,,,,10118.0,12.0,10121.0,19.0,,,10112.5,0.0,prices_round_1_day_-2.csv,False,11.0,0.0,10112.5,10112.5,0.0,0.0,2042.429353856167,0.0994671403197158,362997.55668557785,-5.5,5.5,-5.5,5.5,1,1,,8.5,,8.5,0,1,,,,,0,0,q4,tight,mid_high
-2,112700,INTARIAN_PEPPER_ROOT,10105.0,24.0,,,,,10118.0,10.0,,,,,10111.5,0.0,prices_round_1_day_-2.csv,False,13.0,0.4117647058823529,10114.176470588236,10114.176470588236,1.6764705882360431,-1.0,2042.429365941857,0.10086643352993438,362675.1809556024,-9.176470588236043,3.823529411763957,-6.5,6.5,1,1,,,,,0,0,,,,,0,0,q4,tight,mid_high
-2,112800,INTARIAN_PEPPER_ROOT,10107.0,10.0,,,,,10118.0,10.0,10121.0,20.0,,,10112.5,0.0,prices_round_1_day_-2.csv,False,11.0,0.0,10112.5,10112.5,-1.6764705882360431,1.0,2042.4293792841859,0.09929078014184398,362353.37791671226,-5.5,5.5,-5.5,5.5,1,1,,8.5,,8.5,0,1,,,,,0,0,q4,tight,mid_high
-2,112900,INTARIAN_PEPPER_ROOT,10107.0,10.0,10105.0,24.0,,,10121.0,24.0,,,,,10114.0,0.0,prices_round_1_day_-2.csv,False,14.0,-0.4117647058823529,10111.117647058823,10111.117647058823,-1.3823529411765776,1.5,2042.4293667374939,0.09797842963580462,362032.1445970376,-4.117647058823422,9.882352941176578,-7.0,7.0,1,1,-6.117647058823422,,-9.0,,1,0,,,,,0,0,q4,mid1,mid_high
-2,113000,INTARIAN_PEPPER_ROOT,10105.0,25.0,,,,,,,,,,,10105.0,0.0,prices_round_1_day_-2.csv,True,,1.0,,10105.0,-6.117647058823422,-9.0,2042.4295471799837,0.09247787610619469,361711.5125821694,0.0,,0.0,,1,0,,,,,0,0,,,,,0,0,q4,mid1,mid_high
-2,113100,INTARIAN_PEPPER_ROOT,10108.0,12.0,10105.0,17.0,,,10119.0,12.0,10121.0,17.0,,,10113.5,0.0,prices_round_1_day_-2.csv,False,11.0,0.0,10113.5,10113.5,8.5,8.5,2042.4299052968688,0.09991158267020336,361391.47639752075,-5.5,5.5,-5.5,5.5,1,1,-8.5,7.5,-8.5,7.5,1,1,,,,,0,0,q4,tight,mid_high
-2,113200,INTARIAN_PEPPER_ROOT,,,,,,,10119.0,11.0,10121.0,17.0,,,10119.0,0.0,prices_round_1_day_-2.csv,True,,-1.0,,10119.0,5.5,5.5,2042.430047909107,0.10468197879858657,361071.96946453827,,0.0,,0.0,0,1,,2.0,,2.0,0,1,,,,,0,0,q4,mid1,mid_high
-2,113300,INTARIAN_PEPPER_ROOT,10108.0,9.0,10105.0,21.0,,,10119.0,9.0,10121.0,21.0,,,10113.5,0.0,prices_round_1_day_-2.csv,False,11.0,0.0,10113.5,10113.5,-5.5,-5.5,2042.4302075578628,0.0997352162400706,360753.02901866415,-5.5,5.5,-5.5,5.5,1,1,-8.5,7.5,-8.5,7.5,1,1,,,,,0,0,q4,tight,mid_high
-2,113400,INTARIAN_PEPPER_ROOT,10108.0,12.0,,,,,10119.0,12.0,,,,,10113.5,0.0,prices_round_1_day_-2.csv,False,11.0,0.0,10113.5,10113.5,0.0,0.0,2042.4302075578628,0.09964726631393298,360434.62388267095,-5.5,5.5,-5.5,5.5,1,1,,,,,0,0,,,,,0,0,q4,tight,mid_high
-2,113500,INTARIAN_PEPPER_ROOT,10105.0,21.0,,,,,10119.0,11.0,10122.0,21.0,,,10112.0,0.0,prices_round_1_day_-2.csv,False,14.0,0.3125,10114.1875,10114.1875,0.6875,-1.5,2042.4302091850918,0.10016519823788546,360116.78060346784,-9.1875,4.8125,-7.0,7.0,1,1,,7.8125,,10.0,0,1,,,,,0,0,q4,mid1,mid_high
-2,113600,INTARIAN_PEPPER_ROOT,10108.0,12.0,10106.0,21.0,,,10119.0,12.0,10122.0,21.0,,,10113.5,0.0,prices_round_1_day_-2.csv,False,11.0,0.0,10113.5,10113.5,-0.6875,1.5,2042.4302122806907,0.0994718309859155,359799.4976424695,-5.5,5.5,-5.5,5.5,1,1,-7.5,8.5,-7.5,8.5,1,1,,,,,0,0,q4,tight,mid_high
-2,113700,INTARIAN_PEPPER_ROOT,10108.0,11.0,10106.0,19.0,,,10119.0,11.0,10122.0,19.0,,,10113.5,0.0,prices_round_1_day_-2.csv,False,11.0,0.0,10113.5,10113.5,0.0,0.0,2042.430211229189,0.09938434476693052,359482.7727412754,-5.5,5.5,-5.5,5.5,1,1,-7.5,8.5,-7.5,8.5,1,1,,,,,0,0,q4,tight,mid_high
-2,113800,INTARIAN_PEPPER_ROOT,,,,,,,10119.0,11.0,10122.0,22.0,,,10119.0,0.0,prices_round_1_day_-2.csv,True,,-1.0,,10119.0,5.5,5.5,2042.4303535495253,0.10413005272407733,359166.6305849679,,0.0,,0.0,0,1,,3.0,,3.0,0,1,,,,,0,0,q4,mid1,mid_high
-2,113900,INTARIAN_PEPPER_ROOT,10106.0,17.0,,,,,10122.0,17.0,,,,,10114.0,0.0,prices_round_1_day_-2.csv,False,16.0,0.0,10114.0,10114.0,-5.0,-5.0,2042.4303814131554,0.0996488147497805,358851.04130437545,-8.0,8.0,-8.0,8.0,1,1,,,,,0,0,,,,,0,0,q4,mid1,mid_high
-2,114000,INTARIAN_PEPPER_ROOT,10108.0,8.0,10106.0,16.0,,,10122.0,16.0,,,,,10115.0,0.0,prices_round_1_day_-2.csv,False,14.0,-0.3333333333333333,10112.666666666666,10112.666666666666,-1.3333333333339397,1.0,2042.430277218226,0.09839181286549654,358535.9851238067,-4.66666666666606,9.33333333333394,-7.0,7.0,1,1,-6.66666666666606,,-9.0,,1,0,,,,,0,0,q4,mid1,mid_high
-2,114100,INTARIAN_PEPPER_ROOT,10109.0,9.0,10106.0,22.0,,,10120.0,9.0,10122.0,22.0,,,10114.5,0.0,prices_round_1_day_-2.csv,False,11.0,0.0,10114.5,10114.5,1.8333333333339397,-0.5,2042.4301154711347,0.09991235758106924,358221.48251175426,-5.5,5.5,-5.5,5.5,1,1,-8.5,7.5,-8.5,7.5,1,1,,,,,0,0,q4,tight,mid_high
-2,114200,INTARIAN_PEPPER_ROOT,10109.0,10.0,10106.0,20.0,,,10120.0,10.0,,,,,10114.5,0.0,prices_round_1_day_-2.csv,False,11.0,0.0,10114.5,10114.5,0.0,0.0,2042.4299155862102,0.09982486865148861,357907.5285480926,-5.5,5.5,-5.5,5.5,1,1,-8.5,,-8.5,,1,0,,,,,0,0,q4,tight,mid_high
-2,114300,INTARIAN_PEPPER_ROOT,10109.0,10.0,10106.0,22.0,,,,,,,,,10109.0,0.0,prices_round_1_day_-2.csv,True,,1.0,,10109.0,-5.5,-5.5,2042.4300692267793,0.09492563429571303,357594.15184236196,0.0,,0.0,,1,0,-3.0,,-3.0,,1,0,,,,,0,0,q4,mid1,mid_high
-2,114400,INTARIAN_PEPPER_ROOT,10109.0,11.0,,,,,10120.0,11.0,10122.0,21.0,,,10114.5,0.0,prices_round_1_day_-2.csv,False,11.0,0.0,10114.5,10114.5,5.5,5.5,2042.4302111034767,0.09965034965034965,357281.3216039097,-5.5,5.5,-5.5,5.5,1,1,,7.5,,7.5,0,1,,,,,0,0,q4,tight,mid_high
-2,114500,INTARIAN_PEPPER_ROOT,10109.0,11.0,,,,,10120.0,11.0,10123.0,24.0,,,10114.5,0.0,prices_round_1_day_-2.csv,False,11.0,0.0,10114.5,10114.5,0.0,0.0,2042.4302083972832,0.09956331877729258,356969.0127650265,-5.5,5.5,-5.5,5.5,1,1,,8.5,,8.5,0,1,,,,,0,0,q4,tight,mid_high
-2,114600,INTARIAN_PEPPER_ROOT,10109.0,10.0,10107.0,22.0,,,10123.0,22.0,,,,,10116.0,0.0,prices_round_1_day_-2.csv,False,14.0,-0.375,10113.375,10113.375,-1.125,1.5,2042.4302114852926,0.09849476439790576,356657.2507436132,-4.375,9.625,-7.0,7.0,1,1,-6.375,,-9.0,,1,0,,,,,0,0,q4,mid1,mid_high
-2,114700,INTARIAN_PEPPER_ROOT,10107.0,17.0,,,,,10120.0,12.0,,,,,10113.5,0.0,prices_round_1_day_-2.csv,False,13.0,0.1724137931034483,10114.620689655172,10114.620689655172,1.2456896551721002,-2.5,1429.6884050325991,0.09949493431139678,356346.0326495164,-7.6206896551721,5.3793103448279,-6.5,6.5,1,1,,,,,0,0,,,,,0,0,q4,tight,mid_high
-2,114800,INTARIAN_PEPPER_ROOT,10109.0,9.0,10107.0,22.0,,,,,,,,,10109.0,0.0,prices_round_1_day_-2.csv,True,,1.0,,10109.0,-5.6206896551721,-4.5,3.4706048770638613,0.09451219512195122,356035.38457572396,0.0,,0.0,,1,0,-2.0,,-2.0,,1,0,,,,,0,0,q3,mid1,mid_high
-2,114900,INTARIAN_PEPPER_ROOT,10109.0,11.0,10107.0,18.0,,,10120.0,11.0,10123.0,18.0,,,10114.5,0.0,prices_round_1_day_-2.csv,False,11.0,0.0,10114.5,10114.5,5.5,5.5,3.557013228912515,0.09921671018276762,355725.2746535049,-5.5,5.5,-5.5,5.5,1,1,-7.5,8.5,-7.5,8.5,1,1,,,,,0,0,q3,tight,mid_high
-2,115000,INTARIAN_PEPPER_ROOT,10109.0,8.0,,,,,10121.0,8.0,,,,,10115.0,0.0,prices_round_1_day_-2.csv,False,12.0,0.0,10115.0,10115.0,0.5,0.5,3.557013228912515,0.09956521739130435,355415.67925388267,-6.0,6.0,-6.0,6.0,1,1,,,,,0,0,,,,,0,0,q3,tight,mid_high
-2,115100,INTARIAN_PEPPER_ROOT,10110.0,10.0,10107.0,20.0,,,10121.0,10.0,10123.0,20.0,,,10115.5,0.0,prices_round_1_day_-2.csv,False,11.0,0.0,10115.5,10115.5,0.5,0.5,3.557013228912515,0.0999131190269331,355106.6222807999,-5.5,5.5,-5.5,5.5,1,1,-8.5,7.5,-8.5,7.5,1,1,,,,,0,0,q3,tight,mid_high
-2,115200,INTARIAN_PEPPER_ROOT,10107.0,22.0,,,,,10121.0,12.0,10123.0,22.0,,,10114.0,0.0,prices_round_1_day_-2.csv,False,14.0,0.29411764705882354,10116.058823529413,10116.058823529413,0.5588235294126207,-1.5,3.557570501484713,0.10031147875817067,354798.1023747488,-9.05882352941262,4.941176470587379,-7.0,7.0,1,1,,6.941176470587379,,9.0,0,1,,,,,0,0,q3,mid1,mid_high
-2,115300,INTARIAN_PEPPER_ROOT,10110.0,8.0,10107.0,24.0,,,10121.0,8.0,10123.0,24.0,,,10115.5,0.0,prices_round_1_day_-2.csv,False,11.0,0.0,10115.5,10115.5,-0.5588235294126207,1.5,3.5588044882571532,0.0997398091934085,354490.1182876893,-5.5,5.5,-5.5,5.5,1,1,-8.5,7.5,-8.5,7.5,1,1,,,,,0,0,q3,tight,mid_high
-2,115400,INTARIAN_PEPPER_ROOT,10110.0,12.0,10107.0,21.0,,,10123.0,21.0,,,,,10116.5,0.0,prices_round_1_day_-2.csv,False,13.0,-0.2727272727272727,10114.727272727272,10114.727272727272,-0.7727272727279342,1.0,3.560924812919797,0.09898377186072103,354182.6687146203,-4.727272727272066,8.272727272727934,-6.5,6.5,1,1,-7.727272727272066,,-9.5,,1,0,,,,,0,0,q3,tight,mid_high
-2,115500,INTARIAN_PEPPER_ROOT,10110.0,11.0,,,,,10124.0,19.0,,,,,10117.0,0.0,prices_round_1_day_-2.csv,False,14.0,-0.26666666666666666,10115.133333333333,10115.133333333333,0.40606060606114625,0.5,3.474649741055731,0.09924963924963914,353875.75140569475,-5.133333333333212,8.866666666666788,-7.0,7.0,1,1,,,,,0,0,,,,,0,0,q3,mid1,mid_high
-2,115600,INTARIAN_PEPPER_ROOT,10110.0,9.0,10108.0,18.0,,,10121.0,9.0,10124.0,18.0,,,10115.5,0.0,prices_round_1_day_-2.csv,False,11.0,0.0,10115.5,10115.5,0.36666666666678793,-1.5,3.3386479643251286,0.09948096885813149,353569.36553560325,-5.5,5.5,-5.5,5.5,1,1,-7.5,8.5,-7.5,8.5,1,1,,,,,0,0,q3,tight,mid_high
-2,115700,INTARIAN_PEPPER_ROOT,10110.0,10.0,,,,,10121.0,10.0,10124.0,20.0,,,10115.5,0.0,prices_round_1_day_-2.csv,False,11.0,0.0,10115.5,10115.5,0.0,0.0,3.3351169153477946,0.09939498703543648,353263.5096916174,-5.5,5.5,-5.5,5.5,1,1,,8.5,,8.5,0,1,,,,,0,0,q3,tight,mid_high
-2,115800,INTARIAN_PEPPER_ROOT,10110.0,8.0,10108.0,17.0,,,10121.0,8.0,10124.0,17.0,,,10115.5,0.0,prices_round_1_day_-2.csv,False,11.0,0.0,10115.5,10115.5,0.0,0.0,3.3339308310354796,0.09930915371329879,352958.1825526193,-5.5,5.5,-5.5,5.5,1,1,-7.5,8.5,-7.5,8.5,1,1,,,,,0,0,q3,tight,mid_high
-2,115900,INTARIAN_PEPPER_ROOT,10110.0,8.0,10108.0,24.0,,,10124.0,24.0,,,,,10117.0,0.0,prices_round_1_day_-2.csv,False,14.0,-0.5,10113.5,10113.5,-2.0,1.5,3.3451275172801136,0.09749784296807593,352653.3865428989,-3.5,10.5,-7.0,7.0,1,1,-5.5,,-9.0,,1,0,,,,,0,0,q3,mid1,mid_high
-2,116000,INTARIAN_PEPPER_ROOT,10110.0,10.0,10108.0,17.0,,,10122.0,10.0,10124.0,17.0,,,10116.0,0.0,prices_round_1_day_-2.csv,False,12.0,0.0,10116.0,10116.0,2.5,-1.0,3.362409325797731,0.09956896551724138,352349.1176736132,-6.0,6.0,-6.0,6.0,1,1,-8.0,8.0,-8.0,8.0,1,1,,,,,0,0,q3,tight,mid_high
-2,116100,INTARIAN_PEPPER_ROOT,10111.0,12.0,10108.0,19.0,,,10122.0,12.0,10124.0,19.0,,,10116.5,0.0,prices_round_1_day_-2.csv,False,11.0,0.0,10116.5,10116.5,0.5,0.5,3.362409325797731,0.09991386735572783,352045.3685723488,-5.5,5.5,-5.5,5.5,1,1,-8.5,7.5,-8.5,7.5,1,1,,,,,0,0,q3,tight,mid_high
-2,116200,INTARIAN_PEPPER_ROOT,10111.0,11.0,10108.0,15.0,,,10122.0,11.0,10124.0,15.0,,,10116.5,0.0,prices_round_1_day_-2.csv,False,11.0,0.0,10116.5,10116.5,0.0,0.0,3.362409325797731,0.09982788296041308,351742.1425959507,-5.5,5.5,-5.5,5.5,1,1,-8.5,7.5,-8.5,7.5,1,1,,,,,0,0,q3,tight,mid_high
-2,116300,INTARIAN_PEPPER_ROOT,10111.0,10.0,10108.0,17.0,,,10122.0,10.0,10124.0,17.0,,,10116.5,0.0,prices_round_1_day_-2.csv,False,11.0,0.0,10116.5,10116.5,0.0,0.0,3.188336612053781,0.0997420464316423,351439.4385231117,-5.5,5.5,-5.5,5.5,1,1,-8.5,7.5,-8.5,7.5,1,1,,,,,0,0,q2,tight,mid_high
-2,116400,INTARIAN_PEPPER_ROOT,10111.0,9.0,10108.0,22.0,,,10122.0,9.0,10124.0,22.0,,,10116.5,0.0,prices_round_1_day_-2.csv,False,11.0,0.0,10116.5,10116.5,0.0,0.0,3.001645899646494,0.09965635738831616,351137.2550075629,-5.5,5.5,-5.5,5.5,1,1,-8.5,7.5,-8.5,7.5,1,1,,,,,0,0,q2,tight,mid_high
-2,116500,INTARIAN_PEPPER_ROOT,10111.0,11.0,,,,,10122.0,11.0,,,,,10116.5,0.0,prices_round_1_day_-2.csv,False,11.0,0.0,10116.5,10116.5,0.0,0.0,3.001645899646494,0.09957081545064378,350835.590707662,-5.5,5.5,-5.5,5.5,1,1,,,,,0,0,,,,,0,0,q2,tight,mid_high
-2,116600,INTARIAN_PEPPER_ROOT,10111.0,10.0,10109.0,23.0,,,10125.0,23.0,,,,,10118.0,0.0,prices_round_1_day_-2.csv,False,14.0,-0.3939393939393939,10115.242424242424,10115.242424242424,-1.257575757575978,1.5,3.0049358322128543,0.09840688185456606,350534.44585749845,-4.242424242424022,9.757575757575978,-7.0,7.0,1,1,-6.242424242424022,,-9.0,,1,0,,,,,0,0,q2,mid1,mid_high
-2,116700,INTARIAN_PEPPER_ROOT,10111.0,10.0,10109.0,23.0,,,10122.0,10.0,10125.0,23.0,,,10116.5,0.0,prices_round_1_day_-2.csv,False,11.0,0.0,10116.5,10116.5,1.257575757575978,-1.5,3.007670913662097,0.09940017137960583,350233.8171239338,-5.5,5.5,-5.5,5.5,1,1,-7.5,8.5,-7.5,8.5,1,1,,,,,0,0,q2,tight,mid_high
-2,116800,INTARIAN_PEPPER_ROOT,10111.0,8.0,10109.0,16.0,,,10122.0,8.0,10125.0,16.0,,,10116.5,0.0,prices_round_1_day_-2.csv,False,11.0,0.0,10116.5,10116.5,0.0,0.0,2.9049680595369405,0.09931506849315068,349933.7024647633,-5.5,5.5,-5.5,5.5,1,1,-7.5,8.5,-7.5,8.5,1,1,,,,,0,0,q2,tight,mid_high
-2,116900,INTARIAN_PEPPER_ROOT,10111.0,10.0,10109.0,17.0,,,10122.0,10.0,,,,,10116.5,0.0,prices_round_1_day_-2.csv,False,11.0,0.0,10116.5,10116.5,0.0,0.0,2.794886482012816,0.09923011120615911,349634.1017005426,-5.5,5.5,-5.5,5.5,1,1,-7.5,,-7.5,,1,0,,,,,0,0,q2,tight,mid_high
-2,117000,INTARIAN_PEPPER_ROOT,10111.0,11.0,10109.0,19.0,,,10123.0,11.0,10125.0,19.0,,,10117.0,0.0,prices_round_1_day_-2.csv,False,12.0,0.0,10117.0,10117.0,0.5,0.5,2.794886482012816,0.09957264957264957,349335.0136413285,-6.0,6.0,-6.0,6.0,1,1,-8.0,8.0,-8.0,8.0,1,1,,,,,0,0,q2,tight,mid_high
-2,117100,INTARIAN_PEPPER_ROOT,10112.0,10.0,10109.0,15.0,,,10123.0,10.0,10125.0,15.0,,,10117.5,0.0,prices_round_1_day_-2.csv,False,11.0,0.0,10117.5,10117.5,0.5,0.5,2.794886482012816,0.09991460290350128,349036.4368435198,-5.5,5.5,-5.5,5.5,1,1,-8.5,7.5,-8.5,7.5,1,1,,,,,0,0,q2,tight,mid_high
-2,117200,INTARIAN_PEPPER_ROOT,10112.0,11.0,,,,,10123.0,11.0,10125.0,18.0,,,10117.5,0.0,prices_round_1_day_-2.csv,False,11.0,0.0,10117.5,10117.5,0.0,0.0,2.794886482012816,0.09982935153583618,348738.3698692507,-5.5,5.5,-5.5,5.5,1,1,,7.5,,7.5,0,1,,,,,0,0,q2,tight,mid_high
-2,117300,INTARIAN_PEPPER_ROOT,10109.0,16.0,,,,,10123.0,9.0,10125.0,16.0,,,10116.0,0.0,prices_round_1_day_-2.csv,False,14.0,0.28,10117.96,10117.96,0.4599999999991269,-1.5,2.7947333117978657,0.10013640238704102,348440.8116437755,-8.959999999999127,5.040000000000873,-7.0,7.0,1,1,,7.040000000000873,,9.0,0,1,,,,,0,0,q2,mid1,mid_high
-2,117400,INTARIAN_PEPPER_ROOT,10109.0,20.0,,,,,10123.0,11.0,10125.0,20.0,,,10116.0,0.0,prices_round_1_day_-2.csv,False,14.0,0.2903225806451613,10118.032258064517,10118.032258064517,0.0722580645178823,0.0,2.789321268076435,0.10011265593229728,348143.76065411884,-9.03225806451701,4.967741935482991,-7.0,7.0,1,1,,6.967741935482991,,9.0,0,1,,,,,0,0,q2,mid1,mid_high
-2,117500,INTARIAN_PEPPER_ROOT,10109.0,15.0,,,,,10123.0,12.0,10126.0,15.0,,,10116.0,0.0,prices_round_1_day_-2.csv,False,14.0,0.1111111111111111,10116.777777777777,10116.777777777777,-1.2544802867396356,0.0,2.791422306919954,0.09895981087470415,347847.2172748227,-7.777777777777374,6.222222222222626,-7.0,7.0,1,1,,9.222222222222626,,10.0,0,1,,,,,0,0,q2,mid1,mid_high
-2,117600,INTARIAN_PEPPER_ROOT,10112.0,10.0,10110.0,17.0,,,10123.0,10.0,,,,,10117.5,0.0,prices_round_1_day_-2.csv,False,11.0,0.0,10117.5,10117.5,0.7222222222226264,1.5,2.792838797438975,0.09948979591836735,347551.17742022773,-5.5,5.5,-5.5,5.5,1,1,-7.5,,-7.5,,1,0,,,,,0,0,q2,tight,mid_high
-2,117700,INTARIAN_PEPPER_ROOT,10112.0,8.0,10110.0,18.0,,,10114.0,8.0,10123.0,8.0,10126.0,18.0,10113.0,0.0,prices_round_1_day_-2.csv,False,2.0,0.0,10113.0,10113.0,-4.5,-4.5,2.8575329861556686,0.0955819881053526,347255.6586786565,-1.0,1.0,-1.0,1.0,1,1,-3.0,10.0,-3.0,10.0,1,1,,13.0,,13.0,0,1,q2,tight,mid_high
-2,117800,INTARIAN_PEPPER_ROOT,10112.0,12.0,10110.0,18.0,,,10126.0,18.0,,,,,10119.0,0.0,prices_round_1_day_-2.csv,False,14.0,-0.2,10117.6,10117.6,4.600000000000364,6.0,2.9206029975971552,0.09940577249575583,346960.64135824784,-5.600000000000364,8.399999999999636,-7.0,7.0,1,1,-7.600000000000364,,-9.0,,1,0,,,,,0,0,q2,mid1,mid_high
-2,117900,INTARIAN_PEPPER_ROOT,10112.0,11.0,10110.0,18.0,,,,,,,,,10112.0,0.0,prices_round_1_day_-2.csv,True,,1.0,,10112.0,-5.600000000000364,-7.0,3.023445463343711,0.09457167090754877,346666.1352583466,0.0,,0.0,,1,0,-2.0,,-2.0,,1,0,,,,,0,0,q2,mid1,mid_high
-2,118000,INTARIAN_PEPPER_ROOT,10112.0,8.0,10110.0,25.0,,,10124.0,8.0,10126.0,25.0,,,10118.0,0.0,prices_round_1_day_-2.csv,False,12.0,0.0,10118.0,10118.0,6.0,6.0,3.007235717666316,0.09957627118644068,346372.13077087514,-6.0,6.0,-6.0,6.0,1,1,-8.0,8.0,-8.0,8.0,1,1,,,,,0,0,q2,tight,mid_high
-2,118100,INTARIAN_PEPPER_ROOT,10113.0,11.0,10110.0,18.0,,,10124.0,11.0,10126.0,18.0,,,10118.5,0.0,prices_round_1_day_-2.csv,False,11.0,0.0,10118.5,10118.5,0.5,0.5,2.762762099188074,0.09991532599491956,346078.5952025976,-5.5,5.5,-5.5,5.5,1,1,-8.5,7.5,-8.5,7.5,1,1,,,,,0,0,q2,tight,mid_high
-2,118200,INTARIAN_PEPPER_ROOT,10113.0,8.0,10110.0,18.0,,,10124.0,8.0,10126.0,18.0,,,10118.5,0.0,prices_round_1_day_-2.csv,False,11.0,0.0,10118.5,10118.5,0.0,0.0,2.6505866367185433,0.09983079526226735,345785.55660375935,-5.5,5.5,-5.5,5.5,1,1,-8.5,7.5,-8.5,7.5,1,1,,,,,0,0,q1,tight,mid_high
-2,118300,INTARIAN_PEPPER_ROOT,10113.0,8.0,10110.0,15.0,,,10124.0,8.0,10126.0,15.0,,,10118.5,0.0,prices_round_1_day_-2.csv,False,11.0,0.0,10118.5,10118.5,0.0,0.0,2.5294585466378123,0.09974640743871513,345493.0138400995,-5.5,5.5,-5.5,5.5,1,1,-8.5,7.5,-8.5,7.5,1,1,,,,,0,0,q1,tight,mid_high
-2,118400,INTARIAN_PEPPER_ROOT,10110.0,16.0,,,,,10124.0,10.0,10126.0,16.0,,,10117.0,0.0,prices_round_1_day_-2.csv,False,14.0,0.23076923076923078,10118.615384615385,10118.615384615385,0.1153846153847553,-1.5,2.5294180859902555,0.0997596153846155,345200.9656460202,-8.615384615384755,5.384615384615245,-7.0,7.0,1,1,,7.384615384615245,,9.0,0,1,,,,,0,0,q1,mid1,mid_high
-2,118500,INTARIAN_PEPPER_ROOT,10113.0,8.0,10110.0,17.0,,,10124.0,8.0,10127.0,17.0,,,10118.5,0.0,prices_round_1_day_-2.csv,False,11.0,0.0,10118.5,10118.5,-0.1153846153847553,1.5,2.528175450280824,0.09957805907172995,344909.4108154475,-5.5,5.5,-5.5,5.5,1,1,-8.5,8.5,-8.5,8.5,1,1,,,,,0,0,q1,tight,mid_high
-2,118600,INTARIAN_PEPPER_ROOT,10113.0,8.0,,,,,10127.0,18.0,,,,,10120.0,0.0,prices_round_1_day_-2.csv,False,14.0,-0.38461538461538464,10117.307692307691,10117.307692307691,-1.1923076923085318,1.5,2.5323329904706156,0.09848877934881237,344618.3494287354,-4.307692307691468,9.692307692308532,-7.0,7.0,1,1,,,,,0,0,,,,,0,0,q1,mid1,mid_high
-2,118700,INTARIAN_PEPPER_ROOT,10113.0,11.0,10111.0,23.0,,,10124.0,11.0,,,,,10118.5,0.0,prices_round_1_day_-2.csv,False,11.0,0.0,10118.5,10118.5,1.1923076923085318,-1.5,2.5372103289130314,0.09941027801179445,344327.7784725829,-5.5,5.5,-5.5,5.5,1,1,-7.5,,-7.5,,1,0,,,,,0,0,q1,tight,mid_high
-2,118800,INTARIAN_PEPPER_ROOT,10113.0,12.0,10111.0,25.0,,,10124.0,12.0,10127.0,25.0,,,10118.5,0.0,prices_round_1_day_-2.csv,False,11.0,0.0,10118.5,10118.5,0.0,0.0,2.4145789188145823,0.09932659932659933,344037.6961064511,-5.5,5.5,-5.5,5.5,1,1,-7.5,8.5,-7.5,8.5,1,1,,,,,0,0,q1,tight,mid_high
-2,118900,INTARIAN_PEPPER_ROOT,10113.0,10.0,10111.0,19.0,,,10124.0,10.0,,,,,10118.5,0.0,prices_round_1_day_-2.csv,False,11.0,0.0,10118.5,10118.5,0.0,0.0,2.3047394664571126,0.0992430613961312,343748.102094457,-5.5,5.5,-5.5,5.5,1,1,-7.5,,-7.5,,1,0,,,,,0,0,q1,tight,mid_high
-2,119000,INTARIAN_PEPPER_ROOT,10113.0,9.0,,,,,10125.0,9.0,10127.0,24.0,,,10119.0,0.0,prices_round_1_day_-2.csv,False,12.0,0.0,10119.0,10119.0,0.5,0.5,2.296200839203588,0.0995798319327731,343458.9953311069,-6.0,6.0,-6.0,6.0,1,1,,8.0,,8.0,0,1,,,,,0,0,q1,tight,mid_high
-2,119100,INTARIAN_PEPPER_ROOT,10114.0,10.0,10111.0,19.0,,,10125.0,10.0,,,,,10119.5,0.0,prices_round_1_day_-2.csv,False,11.0,0.0,10119.5,10119.5,0.5,0.5,2.2836843106963522,0.09991603694374475,343170.3744612502,-5.5,5.5,-5.5,5.5,1,1,-8.5,,-8.5,,1,0,,,,,0,0,q1,tight,mid_high
-2,119200,INTARIAN_PEPPER_ROOT,10114.0,8.0,10111.0,15.0,,,10127.0,15.0,,,,,10120.5,0.0,prices_round_1_day_-2.csv,False,13.0,-0.30434782608695654,10118.521739130434,10118.521739130434,-0.9782608695659292,1.0,2.288743502231647,0.09901152611613596,342882.23910191265,-4.521739130434071,8.47826086956593,-6.5,6.5,1,1,-7.521739130434071,,-9.5,,1,0,,,,,0,0,q1,tight,mid_high
-2,119300,INTARIAN_PEPPER_ROOT,10111.0,24.0,,,,,10127.0,24.0,,,,,10119.0,0.0,prices_round_1_day_-2.csv,False,16.0,0.0,10119.0,10119.0,0.47826086956592917,-1.5,2.1427676900538386,0.09932942162615256,342594.58633732167,-8.0,8.0,-8.0,8.0,1,1,,,,,0,0,,,,,0,0,q1,mid1,mid_high
-2,119400,INTARIAN_PEPPER_ROOT,10111.0,22.0,,,,,10125.0,11.0,10127.0,22.0,,,10118.0,0.0,prices_round_1_day_-2.csv,False,14.0,0.3333333333333333,10120.333333333334,10120.333333333334,1.3333333333339397,-1.0,2.0093071073241227,0.10036292573981068,342307.41696192604,-9.33333333333394,4.66666666666606,-7.0,7.0,1,1,,6.66666666666606,,9.0,0,1,,,,,0,0,q1,mid1,mid_high
-2,119500,INTARIAN_PEPPER_ROOT,10111.0,19.0,,,,,10125.0,8.0,10128.0,19.0,,,10118.0,0.0,prices_round_1_day_-2.csv,False,14.0,0.4074074074074074,10120.851851851852,10120.851851851852,0.518518518518249,0.0,2.0100306328067967,0.10071284673795163,342020.7274793011,-9.851851851852189,4.148148148147811,-7.0,7.0,1,1,,7.148148148147811,,10.0,0,1,,,,,0,0,q1,mid1,mid_high
-2,119600,INTARIAN_PEPPER_ROOT,10114.0,11.0,,,,,10125.0,11.0,10128.0,17.0,,,10119.5,0.0,prices_round_1_day_-2.csv,False,11.0,0.0,10119.5,10119.5,-1.3518518518521887,1.5,2.0131679799767346,0.09949832775919733,341734.5194296783,-5.5,5.5,-5.5,5.5,1,1,,8.5,,8.5,0,1,,,,,0,0,q1,tight,mid_high
-2,119700,INTARIAN_PEPPER_ROOT,10114.0,10.0,10112.0,23.0,,,10125.0,10.0,10128.0,23.0,,,10119.5,0.0,prices_round_1_day_-2.csv,False,11.0,0.0,10119.5,10119.5,0.0,0.0,2.0066818833065794,0.09941520467836257,341448.7882344124,-5.5,5.5,-5.5,5.5,1,1,-7.5,8.5,-7.5,8.5,1,1,,,,,0,0,q1,tight,mid_high
-2,119800,INTARIAN_PEPPER_ROOT,10112.0,21.0,,,,,10125.0,11.0,10128.0,21.0,,,10118.5,0.0,prices_round_1_day_-2.csv,False,13.0,0.3125,10120.53125,10120.53125,1.03125,-1.0,1.8328071481827801,0.10019303005008347,341163.53516787675,-8.53125,4.46875,-6.5,6.5,1,1,,7.46875,,9.5,0,1,,,,,0,0,q1,tight,mid_high
-2,119900,INTARIAN_PEPPER_ROOT,10114.0,11.0,10112.0,22.0,,,10125.0,11.0,,,,,10119.5,0.0,prices_round_1_day_-2.csv,False,11.0,0.0,10119.5,10119.5,-1.03125,1.0,1.6755918307030147,0.09924937447873228,340878.75866030395,-5.5,5.5,-5.5,5.5,1,1,-7.5,,-7.5,,1,0,,,,,0,0,q1,tight,mid_high
-2,120000,INTARIAN_PEPPER_ROOT,10114.0,8.0,10112.0,19.0,,,10116.0,8.0,10126.0,8.0,,,10115.0,0.0,prices_round_1_day_-2.csv,False,2.0,0.0,10115.0,10115.0,-4.5,-4.5,1.7961000334217088,0.09541666666666666,340594.47373687354,-1.0,1.0,-1.0,1.0,1,1,-3.0,11.0,-3.0,11.0,1,1,,,,,0,0,q1,tight,mid_high
-2,120100,INTARIAN_PEPPER_ROOT,10115.0,12.0,,,,,10126.0,12.0,10128.0,16.0,,,10120.5,0.0,prices_round_1_day_-2.csv,False,11.0,0.0,10120.5,10120.5,5.5,5.5,1.9565316625048483,0.09991673605328892,340310.6693297595,-5.5,5.5,-5.5,5.5,1,1,,7.5,,7.5,0,1,,,,,0,0,q1,tight,mid_high
-2,120200,INTARIAN_PEPPER_ROOT,10112.0,17.0,,,,,10126.0,9.0,10128.0,17.0,,,10119.0,0.0,prices_round_1_day_-2.csv,False,14.0,0.3076923076923077,10121.153846153846,10121.153846153846,0.6538461538457341,-1.5,1.957032515751999,0.1003775758351462,340027.31349066936,-9.153846153845734,4.846153846154266,-7.0,7.0,1,1,,6.846153846154266,,9.0,0,1,,,,,0,0,q1,mid1,mid_high
-2,120300,INTARIAN_PEPPER_ROOT,10115.0,11.0,10112.0,25.0,,,,,,,,,10115.0,0.0,prices_round_1_day_-2.csv,True,,1.0,,10115.0,-6.153846153845734,-4.0,2.146380726715947,0.09517871986699916,339744.4613852692,0.0,,0.0,,1,0,-3.0,,-3.0,,1,0,,,,,0,0,q1,mid1,mid_high
-2,120400,INTARIAN_PEPPER_ROOT,10112.0,18.0,,,,,10126.0,11.0,,,,,10119.0,0.0,prices_round_1_day_-2.csv,False,14.0,0.2413793103448276,10120.689655172413,10120.689655172413,5.68965517241304,4.0,2.289325849576291,0.09982529499369854,339462.07303180813,-8.68965517241304,5.31034482758696,-7.0,7.0,1,1,,,,,0,0,,,,,0,0,q1,mid1,mid_high
-2,120500,INTARIAN_PEPPER_ROOT,10115.0,10.0,10112.0,22.0,,,10126.0,10.0,10129.0,22.0,,,10120.5,0.0,prices_round_1_day_-2.csv,False,11.0,0.0,10120.5,10120.5,-0.18965517241304042,1.5,2.289352868042117,0.0995850622406639,339180.1278579689,-5.5,5.5,-5.5,5.5,1,1,-8.5,8.5,-8.5,8.5,1,1,,,,,0,0,q1,tight,mid_high
-2,120600,INTARIAN_PEPPER_ROOT,10115.0,9.0,10113.0,22.0,,,10122.0,8.0,10126.0,9.0,10129.0,22.0,10118.5,0.0,prices_round_1_day_-2.csv,False,7.0,0.058823529411764705,10118.70588235294,10118.70588235294,-1.7941176470594655,-2.0,2.304700491596405,0.09801482782167541,338898.65354699665,-3.7058823529405345,3.2941176470594655,-3.5,3.5,1,1,-5.7058823529405345,7.2941176470594655,-5.5,7.5,1,1,,10.294117647059466,,10.5,0,1,q1,tight,mid_high
-2,120700,INTARIAN_PEPPER_ROOT,10115.0,10.0,10113.0,22.0,,,10126.0,10.0,10129.0,22.0,,,10120.5,0.0,prices_round_1_day_-2.csv,False,11.0,0.0,10120.5,10120.5,1.7941176470594655,2.0,2.317612182552088,0.09942004971002485,338617.6454382357,-5.5,5.5,-5.5,5.5,1,1,-7.5,8.5,-7.5,8.5,1,1,,,,,0,0,q1,tight,mid_high
-2,120800,INTARIAN_PEPPER_ROOT,10115.0,10.0,10113.0,19.0,,,10126.0,10.0,10129.0,19.0,,,10120.5,0.0,prices_round_1_day_-2.csv,False,11.0,0.0,10120.5,10120.5,0.0,0.0,2.317612182552088,0.09933774834437085,338337.10058690014,-5.5,5.5,-5.5,5.5,1,1,-7.5,8.5,-7.5,8.5,1,1,,,,,0,0,q1,tight,mid_high
-2,120900,INTARIAN_PEPPER_ROOT,10115.0,10.0,10113.0,18.0,,,10129.0,18.0,,,,,10122.0,0.0,prices_round_1_day_-2.csv,False,14.0,-0.2857142857142857,10120.0,10120.0,-0.5,1.5,2.2995118612745666,0.09884201819685691,338057.0205027294,-5.0,9.0,-7.0,7.0,1,1,-7.0,,-9.0,,1,0,,,,,0,0,q1,mid1,mid_high
-2,121000,INTARIAN_PEPPER_ROOT,10115.0,9.0,10113.0,15.0,,,10127.0,9.0,10129.0,15.0,,,10121.0,0.0,prices_round_1_day_-2.csv,False,12.0,0.0,10121.0,10121.0,1.0,-1.0,2.277641929567968,0.09958677685950414,337777.4041180411,-6.0,6.0,-6.0,6.0,1,1,-8.0,8.0,-8.0,8.0,1,1,,,,,0,0,q1,tight,mid_high
-2,121100,INTARIAN_PEPPER_ROOT,10113.0,21.0,,,,,10127.0,9.0,10129.0,21.0,,,10120.0,0.0,prices_round_1_day_-2.csv,False,14.0,0.4,10122.8,10122.8,1.7999999999992724,-1.0,2.289689334630784,0.1009909165978524,337498.2516262225,-9.799999999999272,4.200000000000728,-7.0,7.0,1,1,,6.200000000000728,,9.0,0,1,,,,,0,0,q1,mid1,mid_high
-2,121200,INTARIAN_PEPPER_ROOT,,,,,,,10127.0,12.0,10129.0,22.0,,,10127.0,0.0,prices_round_1_day_-2.csv,True,,-1.0,,10127.0,4.200000000000728,7.0,2.3609060229331615,0.10437293729372937,337219.5716397537,,0.0,,0.0,0,1,,2.0,,2.0,0,1,,,,,0,0,q1,mid1,mid_high
-2,121300,INTARIAN_PEPPER_ROOT,10116.0,12.0,10113.0,19.0,,,10127.0,12.0,10129.0,19.0,,,10121.5,0.0,prices_round_1_day_-2.csv,False,11.0,0.0,10121.5,10121.5,-5.5,-5.5,2.495199412124198,0.09975267930750206,336941.3635634027,-5.5,5.5,-5.5,5.5,1,1,-8.5,7.5,-8.5,7.5,1,1,,,,,0,0,q1,tight,mid_high
-2,121400,INTARIAN_PEPPER_ROOT,10116.0,12.0,10113.0,17.0,,,10127.0,12.0,10129.0,17.0,,,10121.5,0.0,prices_round_1_day_-2.csv,False,11.0,0.0,10121.5,10121.5,0.0,0.0,2.495199412124198,0.09967051070840198,336663.5883337069,-5.5,5.5,-5.5,5.5,1,1,-8.5,7.5,-8.5,7.5,1,1,,,,,0,0,q1,tight,mid_high
-2,121500,INTARIAN_PEPPER_ROOT,10116.0,9.0,10113.0,20.0,,,10127.0,9.0,10130.0,20.0,,,10121.5,0.0,prices_round_1_day_-2.csv,False,11.0,0.0,10121.5,10121.5,0.0,0.0,2.495199412124198,0.09958847736625515,336386.2707238159,-5.5,5.5,-5.5,5.5,1,1,-8.5,8.5,-8.5,8.5,1,1,,,,,0,0,q1,tight,mid_high
-2,121600,INTARIAN_PEPPER_ROOT,10114.0,16.0,,,,,,,,,,,10114.0,0.0,prices_round_1_day_-2.csv,True,,1.0,,10114.0,-7.5,-7.5,2.711324008449643,0.09333881578947369,336109.4570905043,0.0,,0.0,,1,0,,,,,0,0,,,,,0,0,q1,mid1,mid_high
-2,121700,INTARIAN_PEPPER_ROOT,10116.0,8.0,10114.0,21.0,,,10127.0,8.0,10130.0,21.0,,,10121.5,0.0,prices_round_1_day_-2.csv,False,11.0,0.0,10121.5,10121.5,7.5,7.5,2.9081587962808433,0.09942481511914544,335833.09636391094,-5.5,5.5,-5.5,5.5,1,1,-7.5,8.5,-7.5,8.5,1,1,,,,,0,0,q2,tight,mid_high
-2,121800,INTARIAN_PEPPER_ROOT,10116.0,12.0,10114.0,20.0,,,10127.0,12.0,10130.0,20.0,,,10121.5,0.0,prices_round_1_day_-2.csv,False,11.0,0.0,10121.5,10121.5,0.0,0.0,2.9081587962808433,0.0993431855500821,335557.14477271395,-5.5,5.5,-5.5,5.5,1,1,-7.5,8.5,-7.5,8.5,1,1,,,,,0,0,q2,tight,mid_high
-2,121900,INTARIAN_PEPPER_ROOT,10116.0,8.0,,,,,10127.0,8.0,,,,,10121.5,0.0,prices_round_1_day_-2.csv,False,11.0,0.0,10121.5,10121.5,0.0,0.0,2.9081587962808433,0.0992616899097621,335281.6463039851,-5.5,5.5,-5.5,5.5,1,1,,,,,0,0,,,,,0,0,q2,tight,mid_high
-2,122000,INTARIAN_PEPPER_ROOT,10125.0,3.0,10116.0,12.0,,,10128.0,12.0,10130.0,20.0,,,10126.5,0.0,prices_round_1_day_-2.csv,False,3.0,-0.6,10125.6,10125.6,4.100000000000364,5.0,2.9623239347832606,0.10254098360655768,335006.6129540946,-0.6000000000003638,2.399999999999636,-1.5,1.5,1,1,-9.600000000000364,4.399999999999636,-10.5,3.5,1,1,,,,,0,0,q2,tight,mid_high
-2,122100,INTARIAN_PEPPER_ROOT,10117.0,12.0,10114.0,15.0,,,10128.0,12.0,,,,,10122.5,0.0,prices_round_1_day_-2.csv,False,11.0,0.0,10122.5,10122.5,-3.100000000000364,-4.0,2.997727001616806,0.09991809991809991,334732.0257695985,-5.5,5.5,-5.5,5.5,1,1,-8.5,,-8.5,,1,0,,,,,0,0,q2,tight,mid_high
-2,122200,INTARIAN_PEPPER_ROOT,10117.0,9.0,10114.0,17.0,,,10128.0,9.0,,,,,10122.5,0.0,prices_round_1_day_-2.csv,False,11.0,0.0,10122.5,10122.5,0.0,0.0,2.997727001616806,0.09983633387888707,334457.8799745173,-5.5,5.5,-5.5,5.5,1,1,-8.5,,-8.5,,1,0,,,,,0,0,q2,tight,mid_high
-2,122300,INTARIAN_PEPPER_ROOT,10117.0,10.0,10114.0,16.0,,,10128.0,10.0,10130.0,16.0,,,10122.5,0.0,prices_round_1_day_-2.csv,False,11.0,0.0,10122.5,10122.5,0.0,0.0,2.9973054553296756,0.09975470155355683,334184.1828632117,-5.5,5.5,-5.5,5.5,1,1,-8.5,7.5,-8.5,7.5,1,1,,,,,0,0,q2,tight,mid_high
-2,122400,INTARIAN_PEPPER_ROOT,10117.0,12.0,10114.0,23.0,,,10128.0,12.0,10130.0,23.0,,,10122.5,0.0,prices_round_1_day_-2.csv,False,11.0,0.0,10122.5,10122.5,0.0,0.0,2.9973319974603174,0.09967320261437909,333910.93333506753,-5.5,5.5,-5.5,5.5,1,1,-8.5,7.5,-8.5,7.5,1,1,,,,,0,0,q2,tight,mid_high
-2,122500,INTARIAN_PEPPER_ROOT,10117.0,12.0,,,,,10128.0,12.0,10131.0,18.0,,,10122.5,0.0,prices_round_1_day_-2.csv,False,11.0,0.0,10122.5,10122.5,0.0,0.0,2.9910975839333576,0.09959183673469388,333638.1302930672,-5.5,5.5,-5.5,5.5,1,1,,8.5,,8.5,0,1,,,,,0,0,q2,tight,mid_high
-2,122600,INTARIAN_PEPPER_ROOT,10117.0,12.0,10115.0,19.0,,,10128.0,12.0,10131.0,19.0,,,10122.5,0.0,prices_round_1_day_-2.csv,False,11.0,0.0,10122.5,10122.5,0.0,0.0,2.989846234114978,0.09951060358890701,333365.7726437753,-5.5,5.5,-5.5,5.5,1,1,-7.5,8.5,-7.5,8.5,1,1,,,,,0,0,q2,tight,mid_high
-2,122700,INTARIAN_PEPPER_ROOT,10117.0,10.0,10115.0,25.0,,,10119.0,4.0,10131.0,25.0,,,10118.0,0.0,prices_round_1_day_-2.csv,False,2.0,0.42857142857142855,10118.42857142857,10118.42857142857,-4.071428571429351,-4.5,2.9769762344930126,0.09611130515775929,333093.8734675204,-1.428571428570649,0.571428571429351,-1.0,1.0,1,1,-3.428571428570649,12.571428571429351,-3.0,13.0,1,1,,,,,0,0,q2,tight,mid_high
-2,122800,INTARIAN_PEPPER_ROOT,10117.0,12.0,10115.0,19.0,,,10128.0,12.0,,,,,10122.5,0.0,prices_round_1_day_-2.csv,False,11.0,0.0,10122.5,10122.5,4.071428571429351,4.5,2.961600180760751,0.0993485342019544,332822.4161870076,-5.5,5.5,-5.5,5.5,1,1,-7.5,,-7.5,,1,0,,,,,0,0,q2,tight,mid_high
-2,122900,INTARIAN_PEPPER_ROOT,10117.0,10.0,10115.0,16.0,,,10131.0,16.0,,,,,10124.0,0.0,prices_round_1_day_-2.csv,False,14.0,-0.23076923076923078,10122.384615384615,10122.384615384615,-0.1153846153847553,1.5,2.845545802453438,0.09917381235526057,332551.3881983153,-5.384615384615245,8.615384615384755,-7.0,7.0,1,1,-7.384615384615245,,-9.0,,1,0,,,,,0,0,q2,mid1,mid_high
-2,123000,INTARIAN_PEPPER_ROOT,10117.0,9.0,,,,,10129.0,9.0,10131.0,15.0,,,10123.0,0.0,prices_round_1_day_-2.csv,False,12.0,0.0,10123.0,10123.0,0.6153846153847553,-1.0,2.7210251584678673,0.09959349593495935,332280.8014432775,-6.0,6.0,-6.0,6.0,1,1,,8.0,,8.0,0,1,,,,,0,0,q1,tight,mid_high
-2,123100,INTARIAN_PEPPER_ROOT,10115.0,18.0,,,,,10129.0,9.0,10131.0,18.0,,,10122.0,0.0,prices_round_1_day_-2.csv,False,14.0,0.3333333333333333,10124.333333333334,10124.333333333334,1.3333333333339397,-1.0,2.7260726776960427,0.10059572163552716,332010.65568672,-9.33333333333394,4.66666666666606,-7.0,7.0,1,1,,6.66666666666606,,9.0,0,1,,,,,0,0,q1,mid1,mid_high
-2,123200,INTARIAN_PEPPER_ROOT,10118.0,12.0,10115.0,24.0,,,10129.0,12.0,10131.0,24.0,,,10123.5,0.0,prices_round_1_day_-2.csv,False,11.0,0.0,10123.5,10123.5,-0.8333333333339397,1.5,2.7293459632186683,0.09983766233766234,331740.94830721454,-5.5,5.5,-5.5,5.5,1,1,-8.5,7.5,-8.5,7.5,1,1,,,,,0,0,q1,tight,mid_high
-2,123300,INTARIAN_PEPPER_ROOT,10118.0,12.0,10115.0,25.0,,,10129.0,12.0,10131.0,25.0,,,10123.5,0.0,prices_round_1_day_-2.csv,False,11.0,0.0,10123.5,10123.5,0.0,0.0,2.7293459632186683,0.09975669099756691,331471.6780650491,-5.5,5.5,-5.5,5.5,1,1,-8.5,7.5,-8.5,7.5,1,1,,,,,0,0,q1,tight,mid_high
-2,123400,INTARIAN_PEPPER_ROOT,10118.0,8.0,,,,,10131.0,22.0,,,,,10124.5,0.0,prices_round_1_day_-2.csv,False,13.0,-0.4666666666666667,10121.466666666667,10121.466666666667,-2.0333333333328483,1.0,2.745964291458224,0.09802809292274485,331202.84827455506,-3.4666666666671517,9.533333333332848,-6.5,6.5,1,1,,,,,0,0,,,,,0,0,q1,tight,mid_high
-2,123500,INTARIAN_PEPPER_ROOT,10118.0,11.0,,,,,10129.0,11.0,10132.0,25.0,,,10123.5,0.0,prices_round_1_day_-2.csv,False,11.0,0.0,10123.5,10123.5,2.0333333333328483,-1.0,2.759988914610664,0.09959514170040486,330934.4535371961,-5.5,5.5,-5.5,5.5,1,1,,8.5,,8.5,0,1,,,,,0,0,q2,tight,mid_high
-2,123600,INTARIAN_PEPPER_ROOT,,,,,,,10129.0,11.0,10132.0,16.0,,,10129.0,0.0,prices_round_1_day_-2.csv,True,,-1.0,,10129.0,5.5,5.5,2.856619962199307,0.10396440129449838,330666.51401269383,,0.0,,0.0,0,1,,3.0,,3.0,0,1,,,,,0,0,q2,mid1,mid_high
-2,123700,INTARIAN_PEPPER_ROOT,10118.0,8.0,10116.0,22.0,,,,,,,,,10118.0,0.0,prices_round_1_day_-2.csv,True,,1.0,,10118.0,-11.0,-11.0,3.26440670724074,0.09498787388843978,330399.0841456531,0.0,,0.0,,1,0,-2.0,,-2.0,,1,0,,,,,0,0,q2,mid1,mid_high
-2,123800,INTARIAN_PEPPER_ROOT,10118.0,8.0,10116.0,19.0,,,10129.0,8.0,10132.0,19.0,,,10123.5,0.0,prices_round_1_day_-2.csv,False,11.0,0.0,10123.5,10123.5,5.5,5.5,3.356128133465334,0.09935379644588045,330132.010666601,-5.5,5.5,-5.5,5.5,1,1,-7.5,8.5,-7.5,8.5,1,1,,,,,0,0,q3,tight,mid_high
-2,123900,INTARIAN_PEPPER_ROOT,10118.0,8.0,,,,,10129.0,8.0,10132.0,18.0,,,10123.5,0.0,prices_round_1_day_-2.csv,False,11.0,0.0,10123.5,10123.5,0.0,0.0,3.356128133465334,0.09927360774818401,329865.3450762913,-5.5,5.5,-5.5,5.5,1,1,,8.5,,8.5,0,1,,,,,0,0,q3,tight,mid_high
-2,124000,INTARIAN_PEPPER_ROOT,10127.0,7.0,10118.0,11.0,10116.0,19.0,10132.0,19.0,,,,,10129.5,0.0,prices_round_1_day_-2.csv,False,5.0,-0.46153846153846156,10128.346153846154,10128.346153846154,4.846153846154266,6.0,3.4223288455584004,0.10310173697270505,329599.1281026223,-1.346153846154266,3.653846153845734,-2.5,2.5,1,1,-10.346153846154266,,-11.5,,1,0,-12.346153846154266,,-13.5,,1,0,q3,tight,mid_high
-2,124100,INTARIAN_PEPPER_ROOT,10119.0,10.0,10116.0,24.0,,,10130.0,10.0,10132.0,24.0,,,10124.5,0.0,prices_round_1_day_-2.csv,False,11.0,0.0,10124.5,10124.5,-3.846153846154266,-5.0,3.4690889025398173,0.0999194198227236,329333.33492193616,-5.5,5.5,-5.5,5.5,1,1,-8.5,7.5,-8.5,7.5,1,1,,,,,0,0,q3,tight,mid_high
-2,124200,INTARIAN_PEPPER_ROOT,10119.0,11.0,10116.0,24.0,,,10130.0,11.0,10132.0,24.0,,,10124.5,0.0,prices_round_1_day_-2.csv,False,11.0,0.0,10124.5,10124.5,0.0,0.0,3.465640461123695,0.0998389694041868,329067.9575448644,-5.5,5.5,-5.5,5.5,1,1,-8.5,7.5,-8.5,7.5,1,1,,,,,0,0,q3,tight,mid_high
-2,124300,INTARIAN_PEPPER_ROOT,10116.0,19.0,,,,,10132.0,19.0,,,,,10124.0,0.0,prices_round_1_day_-2.csv,False,16.0,0.0,10124.0,10124.0,-0.5,-0.5,3.466335432160277,0.09935639581657281,328803.0077879984,-8.0,8.0,-8.0,8.0,1,1,,,,,0,0,,,,,0,0,q3,mid1,mid_high
-2,124400,INTARIAN_PEPPER_ROOT,10119.0,8.0,,,,,10132.0,24.0,,,,,10125.5,0.0,prices_round_1_day_-2.csv,False,13.0,-0.5,10122.25,10122.25,-1.75,1.5,3.471369297213637,0.09786977491961414,328538.48679812055,-3.25,9.75,-6.5,6.5,1,1,,,,,0,0,,,,,0,0,q3,tight,mid_high
-2,124500,INTARIAN_PEPPER_ROOT,10119.0,10.0,10116.0,19.0,,,10130.0,10.0,10133.0,19.0,,,10124.5,0.0,prices_round_1_day_-2.csv,False,11.0,0.0,10124.5,10124.5,2.25,-1.0,3.4848674795586767,0.09959839357429719,328274.3920562766,-5.5,5.5,-5.5,5.5,1,1,-8.5,8.5,-8.5,8.5,1,1,,,,,0,0,q3,tight,mid_high
-2,124600,INTARIAN_PEPPER_ROOT,10119.0,12.0,10117.0,24.0,,,10133.0,24.0,,,,,10126.0,0.0,prices_round_1_day_-2.csv,False,14.0,-0.3333333333333333,10123.666666666666,10123.666666666666,-0.8333333333339397,1.5,3.4813106394389783,0.09884965222043825,328010.7185443142,-4.66666666666606,9.33333333333394,-7.0,7.0,1,1,-6.66666666666606,,-9.0,,1,0,,,,,0,0,q3,mid1,mid_high
-2,124700,INTARIAN_PEPPER_ROOT,10117.0,16.0,,,,,10130.0,8.0,10133.0,16.0,,,10123.5,0.0,prices_round_1_day_-2.csv,False,13.0,0.3333333333333333,10125.666666666666,10125.666666666666,2.0,-2.5,3.4918077047830955,0.10037423148890623,327747.4704648037,-8.66666666666606,4.33333333333394,-6.5,6.5,1,1,,7.33333333333394,,9.5,0,1,,,,,0,0,q3,tight,mid_high
-2,124800,INTARIAN_PEPPER_ROOT,10119.0,11.0,10117.0,19.0,,,10130.0,11.0,10133.0,19.0,,,10124.5,0.0,prices_round_1_day_-2.csv,False,11.0,0.0,10124.5,10124.5,-1.1666666666660603,1.0,3.4939787912305103,0.09935897435897435,327484.64298576716,-5.5,5.5,-5.5,5.5,1,1,-7.5,8.5,-7.5,8.5,1,1,,,,,0,0,q3,tight,mid_high
-2,124900,INTARIAN_PEPPER_ROOT,10119.0,10.0,10117.0,25.0,,,10130.0,10.0,,,,,10124.5,0.0,prices_round_1_day_-2.csv,False,11.0,0.0,10124.5,10124.5,0.0,0.0,3.4903307978822222,0.09927942353883107,327222.23542717623,-5.5,5.5,-5.5,5.5,1,1,-7.5,,-7.5,,1,0,,,,,0,0,q3,tight,mid_high
-2,125000,INTARIAN_PEPPER_ROOT,10119.0,9.0,,,,,10131.0,9.0,,,,,10125.0,0.0,prices_round_1_day_-2.csv,False,12.0,0.0,10125.0,10125.0,0.5,0.5,3.4268985348914347,0.0996,326960.24817739346,-6.0,6.0,-6.0,6.0,1,1,,,,,0,0,,,,,0,0,q3,tight,mid_high
-2,125100,INTARIAN_PEPPER_ROOT,10120.0,8.0,10117.0,23.0,,,10133.0,23.0,,,,,10126.5,0.0,prices_round_1_day_-2.csv,False,13.0,-0.4838709677419355,10123.354838709678,10123.354838709678,-1.6451612903219939,1.5,3.3494793943440104,0.09820530672236451,326698.6824122584,-3.354838709678006,9.645161290321994,-6.5,6.5,1,1,-6.354838709678006,,-9.5,,1,0,,,,,0,0,q3,tight,mid_high
-2,125200,INTARIAN_PEPPER_ROOT,10120.0,10.0,10117.0,19.0,,,10133.0,19.0,,,,,10126.5,0.0,prices_round_1_day_-2.csv,False,13.0,-0.3103448275862069,10124.48275862069,10124.48275862069,1.1279199110122136,0.0,3.3518732377439666,0.09902776247658963,326437.53323324403,-4.48275862069022,8.51724137930978,-6.5,6.5,1,1,-7.48275862069022,,-9.5,,1,0,,,,,0,0,q3,tight,mid_high
-2,125300,INTARIAN_PEPPER_ROOT,10120.0,11.0,10117.0,19.0,,,10131.0,11.0,10133.0,19.0,,,10125.5,0.0,prices_round_1_day_-2.csv,False,11.0,0.0,10125.5,10125.5,1.0172413793097803,-1.0,3.2315386068044756,0.09976057462090981,326176.80105210195,-5.5,5.5,-5.5,5.5,1,1,-8.5,7.5,-8.5,7.5,1,1,,,,,0,0,q2,tight,mid_high
-2,125400,INTARIAN_PEPPER_ROOT,10120.0,8.0,,,,,10133.0,23.0,,,,,10126.5,0.0,prices_round_1_day_-2.csv,False,13.0,-0.4838709677419355,10123.354838709678,10123.354838709678,-2.145161290321994,1.0,3.1493171385235397,0.09797036579719139,325916.4883901731,-3.354838709678006,9.645161290321994,-6.5,6.5,1,1,,,,,0,0,,,,,0,0,q2,tight,mid_high
-2,125500,INTARIAN_PEPPER_ROOT,10120.0,12.0,10117.0,24.0,,,10131.0,12.0,10134.0,24.0,,,10125.5,0.0,prices_round_1_day_-2.csv,False,11.0,0.0,10125.5,10125.5,2.145161290321994,-1.0,3.1629214584173364,0.099601593625498,325656.59022371465,-5.5,5.5,-5.5,5.5,1,1,-8.5,8.5,-8.5,8.5,1,1,,,,,0,0,q2,tight,mid_high
-2,125600,INTARIAN_PEPPER_ROOT,10118.0,25.0,,,,,10134.0,25.0,,,,,10126.0,0.0,prices_round_1_day_-2.csv,False,16.0,0.0,10126.0,10126.0,0.5,0.5,3.151503024237905,0.0999203821656051,325397.10302846966,-8.0,8.0,-8.0,8.0,1,1,,,,,0,0,,,,,0,0,q2,mid1,mid_high
-2,125700,INTARIAN_PEPPER_ROOT,10118.0,18.0,,,,,10131.0,9.0,,,,,10124.5,0.0,prices_round_1_day_-2.csv,False,13.0,0.3333333333333333,10126.666666666666,10126.666666666666,0.6666666666660603,-1.5,3.143492494479613,0.10037125430920132,325138.0291573847,-8.66666666666606,4.33333333333394,-6.5,6.5,1,1,,,,,0,0,,,,,0,0,q2,tight,mid_high
-2,125800,INTARIAN_PEPPER_ROOT,10120.0,9.0,,,,,10131.0,9.0,10134.0,25.0,,,10125.5,0.0,prices_round_1_day_-2.csv,False,11.0,0.0,10125.5,10125.5,-1.1666666666660603,1.0,3.1487521815704818,0.09936406995230525,324879.3685169325,-5.5,5.5,-5.5,5.5,1,1,,8.5,,8.5,0,1,,,,,0,0,q2,tight,mid_high
-2,125900,INTARIAN_PEPPER_ROOT,10120.0,9.0,,,,,10131.0,9.0,10134.0,19.0,,,10125.5,0.0,prices_round_1_day_-2.csv,False,11.0,0.0,10125.5,10125.5,0.0,0.0,3.1476015317993613,0.09928514694201747,324621.1178343796,-5.5,5.5,-5.5,5.5,1,1,,8.5,,8.5,0,1,,,,,0,0,q2,tight,mid_high
-2,126000,INTARIAN_PEPPER_ROOT,10120.0,9.0,10118.0,21.0,,,10132.0,9.0,10134.0,21.0,,,10126.0,0.0,prices_round_1_day_-2.csv,False,12.0,0.0,10126.0,10126.0,0.5,0.5,3.145509837479381,0.0996031746031746,324363.2775187407,-6.0,6.0,-6.0,6.0,1,1,-8.0,8.0,-8.0,8.0,1,1,,,,,0,0,q2,tight,mid_high
-2,126100,INTARIAN_PEPPER_ROOT,10121.0,11.0,,,,,10134.0,21.0,,,,,10127.5,0.0,prices_round_1_day_-2.csv,False,13.0,-0.3125,10125.46875,10125.46875,-0.53125,1.5,3.1370633504677565,0.09910289452815225,324105.84666171,-4.46875,8.53125,-6.5,6.5,1,1,,,,,0,0,,,,,0,0,q2,tight,mid_high
-2,126200,INTARIAN_PEPPER_ROOT,10121.0,12.0,10118.0,22.0,,,10132.0,12.0,10134.0,22.0,,,10126.5,0.0,prices_round_1_day_-2.csv,False,11.0,0.0,10126.5,10126.5,1.03125,-1.0,3.0831274801081237,0.09984152139461172,323848.8244741985,-5.5,5.5,-5.5,5.5,1,1,-8.5,7.5,-8.5,7.5,1,1,,,,,0,0,q2,tight,mid_high
-2,126300,INTARIAN_PEPPER_ROOT,10118.0,20.0,,,,,10132.0,11.0,,,,,10125.0,0.0,prices_round_1_day_-2.csv,False,14.0,0.2903225806451613,10127.032258064517,10127.032258064517,0.5322580645170092,-1.5,2.980221396147424,0.10018389395448694,323592.2090719496,-9.03225806451701,4.967741935482991,-7.0,7.0,1,1,,,,,0,0,,,,,0,0,q2,mid1,mid_high
-2,126400,INTARIAN_PEPPER_ROOT,10118.0,25.0,,,,,10132.0,9.0,10134.0,25.0,,,10125.0,0.0,prices_round_1_day_-2.csv,False,14.0,0.47058823529411764,10128.29411764706,10128.29411764706,1.2618595825424563,0.0,2.9846049389292095,0.10110294117647109,323336.00094792014,-10.294117647059466,3.7058823529405345,-7.0,7.0,1,1,,5.7058823529405345,,9.0,0,1,,,,,0,0,q2,mid1,mid_high
-2,126500,INTARIAN_PEPPER_ROOT,10121.0,12.0,,,,,10123.0,3.0,10132.0,12.0,10135.0,25.0,10122.0,0.0,prices_round_1_day_-2.csv,False,2.0,0.6,10122.6,10122.6,-5.694117647059102,-3.0,3.0964345589104836,0.09652173913043507,323080.22369877825,-1.6000000000003638,0.3999999999996362,-1.0,1.0,1,1,,9.399999999999636,,10.0,0,1,,12.399999999999636,,13.0,0,1,q2,tight,mid_high
-2,126600,INTARIAN_PEPPER_ROOT,10121.0,10.0,10119.0,17.0,,,10132.0,10.0,10135.0,17.0,,,10126.5,0.0,prices_round_1_day_-2.csv,False,11.0,0.0,10126.5,10126.5,3.899999999999636,4.5,2.947384319113112,0.0995260663507109,322824.8357393484,-5.5,5.5,-5.5,5.5,1,1,-7.5,8.5,-7.5,8.5,1,1,,,,,0,0,q2,tight,mid_high
-2,126700,INTARIAN_PEPPER_ROOT,10121.0,10.0,10119.0,22.0,,,,,,,,,10121.0,0.0,prices_round_1_day_-2.csv,True,,1.0,,10121.0,-5.5,-5.5,2.867077876347916,0.09510655090765588,322569.86456573516,0.0,,0.0,,1,0,-2.0,,-2.0,,1,0,,,,,0,0,q2,mid1,mid_high
-2,126800,INTARIAN_PEPPER_ROOT,10121.0,10.0,10119.0,22.0,,,10132.0,10.0,,,,,10126.5,0.0,prices_round_1_day_-2.csv,False,11.0,0.0,10126.5,10126.5,5.5,5.5,2.971090784039231,0.09936908517350158,322315.29418315337,-5.5,5.5,-5.5,5.5,1,1,-7.5,,-7.5,,1,0,,,,,0,0,q2,tight,mid_high
-2,126900,INTARIAN_PEPPER_ROOT,10121.0,10.0,10119.0,24.0,,,,,,,,,10121.0,0.0,prices_round_1_day_-2.csv,True,,1.0,,10121.0,-5.5,-5.5,3.0748706357495266,0.09495665878644602,322061.1270175731,0.0,,0.0,,1,0,-2.0,,-2.0,,1,0,,,,,0,0,q2,mid1,mid_high
-2,127000,INTARIAN_PEPPER_ROOT,10121.0,9.0,10119.0,20.0,,,10133.0,9.0,10135.0,20.0,,,10127.0,0.0,prices_round_1_day_-2.csv,False,12.0,0.0,10127.0,10127.0,6.0,6.0,3.137796061007182,0.09960629921259842,321807.3631996558,-6.0,6.0,-6.0,6.0,1,1,-8.0,8.0,-8.0,8.0,1,1,,,,,0,0,q2,tight,mid_high
-2,127100,INTARIAN_PEPPER_ROOT,10122.0,11.0,10119.0,24.0,,,10133.0,11.0,10135.0,24.0,,,10127.5,0.0,prices_round_1_day_-2.csv,False,11.0,0.0,10127.5,10127.5,0.5,0.5,3.1056947098316368,0.0999213217938631,321553.9717012222,-5.5,5.5,-5.5,5.5,1,1,-8.5,7.5,-8.5,7.5,1,1,,,,,0,0,q2,tight,mid_high
-2,127200,INTARIAN_PEPPER_ROOT,10122.0,12.0,10119.0,18.0,,,10133.0,12.0,10135.0,18.0,,,10127.5,0.0,prices_round_1_day_-2.csv,False,11.0,0.0,10127.5,10127.5,0.0,0.0,3.1056947098316368,0.09984276729559749,321300.978812375,-5.5,5.5,-5.5,5.5,1,1,-8.5,7.5,-8.5,7.5,1,1,,,,,0,0,q2,tight,mid_high
-2,127300,INTARIAN_PEPPER_ROOT,10122.0,12.0,10119.0,18.0,,,10133.0,12.0,,,,,10127.5,0.0,prices_round_1_day_-2.csv,False,11.0,0.0,10127.5,10127.5,0.0,0.0,3.1056947098316368,0.0997643362136685,321048.3837110766,-5.5,5.5,-5.5,5.5,1,1,-8.5,,-8.5,,1,0,,,,,0,0,q2,tight,mid_high
-2,127400,INTARIAN_PEPPER_ROOT,10122.0,9.0,10119.0,23.0,,,10133.0,9.0,10135.0,23.0,,,10127.5,0.0,prices_round_1_day_-2.csv,False,11.0,0.0,10127.5,10127.5,0.0,0.0,3.1056947098316368,0.09968602825745683,320796.1854598857,-5.5,5.5,-5.5,5.5,1,1,-8.5,7.5,-8.5,7.5,1,1,,,,,0,0,q2,tight,mid_high
-2,127500,INTARIAN_PEPPER_ROOT,10119.0,15.0,,,,,10133.0,8.0,10136.0,15.0,,,10126.0,0.0,prices_round_1_day_-2.csv,False,14.0,0.30434782608695654,10128.130434782608,10128.130434782608,0.630434782608063,-1.5,3.106560057005874,0.10010230179028083,320544.38333744725,-9.130434782608063,4.869565217391937,-7.0,7.0,1,1,,7.869565217391937,,10.0,0,1,,,,,0,0,q2,mid1,mid_high
-2,127600,INTARIAN_PEPPER_ROOT,10122.0,8.0,,,,,10133.0,8.0,10136.0,25.0,,,10127.5,0.0,prices_round_1_day_-2.csv,False,11.0,0.0,10127.5,10127.5,-0.630434782608063,1.5,3.1083053258392073,0.09952978056426333,320292.97639621486,-5.5,5.5,-5.5,5.5,1,1,,8.5,,8.5,0,1,,,,,0,0,q2,tight,mid_high
-2,127700,INTARIAN_PEPPER_ROOT,10122.0,10.0,10120.0,17.0,,,10133.0,10.0,10136.0,17.0,,,10127.5,0.0,prices_round_1_day_-2.csv,False,11.0,0.0,10127.5,10127.5,0.0,0.0,3.0495706991098457,0.09945184025058731,320041.9630995865,-5.5,5.5,-5.5,5.5,1,1,-7.5,8.5,-7.5,8.5,1,1,,,,,0,0,q2,tight,mid_high
-2,127800,INTARIAN_PEPPER_ROOT,10122.0,11.0,10120.0,17.0,,,10136.0,17.0,,,,,10129.0,0.0,prices_round_1_day_-2.csv,False,14.0,-0.21428571428571427,10127.5,10127.5,0.0,1.5,2.997493771874438,0.09937402190923318,319791.3429326197,-5.5,8.5,-7.0,7.0,1,1,-7.5,,-9.0,,1,0,,,,,0,0,q2,mid1,mid_high
-2,127900,INTARIAN_PEPPER_ROOT,10122.0,11.0,10120.0,15.0,,,10133.0,11.0,10136.0,15.0,,,10127.5,0.0,prices_round_1_day_-2.csv,False,11.0,0.0,10127.5,10127.5,0.0,-1.5,2.9973689820191067,0.09929632525410477,319541.1149724748,-5.5,5.5,-5.5,5.5,1,1,-7.5,8.5,-7.5,8.5,1,1,,,,,0,0,q2,tight,mid_high
-2,128000,INTARIAN_PEPPER_ROOT,10122.0,8.0,,,,,10134.0,8.0,10136.0,25.0,,,10128.0,0.0,prices_round_1_day_-2.csv,False,12.0,0.0,10128.0,10128.0,0.5,0.5,2.9970102955655062,0.099609375,319291.2784169357,-6.0,6.0,-6.0,6.0,1,1,,8.0,,8.0,0,1,,,,,0,0,q2,tight,mid_high
-2,128100,INTARIAN_PEPPER_ROOT,10120.0,17.0,,,,,10134.0,12.0,10136.0,17.0,,,10127.0,0.0,prices_round_1_day_-2.csv,False,14.0,0.1724137931034483,10128.206896551725,10128.206896551725,0.20689655172463972,-1.0,2.991779224364984,0.09969312767503875,319041.8321146581,-8.20689655172464,5.79310344827536,-7.0,7.0,1,1,,7.79310344827536,,9.0,0,1,,,,,0,0,q2,mid1,mid_high
-2,128200,INTARIAN_PEPPER_ROOT,10123.0,12.0,10120.0,24.0,,,10134.0,12.0,10136.0,24.0,,,10128.5,0.0,prices_round_1_day_-2.csv,False,11.0,0.0,10128.5,10128.5,0.2931034482753603,1.5,2.9890205837939017,0.0998439937597504,318792.77528816607,-5.5,5.5,-5.5,5.5,1,1,-8.5,7.5,-8.5,7.5,1,1,,,,,0,0,q2,tight,mid_high
-2,128300,INTARIAN_PEPPER_ROOT,10123.0,11.0,10120.0,25.0,,,10134.0,11.0,10136.0,25.0,,,10128.5,0.0,prices_round_1_day_-2.csv,False,11.0,0.0,10128.5,10128.5,0.0,0.0,2.9890205837939017,0.09976617303195635,318544.10698447877,-5.5,5.5,-5.5,5.5,1,1,-8.5,7.5,-8.5,7.5,1,1,,,,,0,0,q2,tight,mid_high
-2,128400,INTARIAN_PEPPER_ROOT,10123.0,9.0,10120.0,18.0,,,10134.0,9.0,10136.0,18.0,,,10128.5,0.0,prices_round_1_day_-2.csv,False,11.0,0.0,10128.5,10128.5,0.0,0.0,2.9731937012306404,0.09968847352024922,318295.8263164827,-5.5,5.5,-5.5,5.5,1,1,-8.5,7.5,-8.5,7.5,1,1,,,,,0,0,q2,tight,mid_high
-2,128500,INTARIAN_PEPPER_ROOT,10120.0,24.0,,,,,10134.0,11.0,,,,,10127.0,0.0,prices_round_1_day_-2.csv,False,14.0,0.37142857142857144,10129.6,10129.6,1.1000000000003638,-1.5,2.9639840451591914,0.1004669260700392,318047.93314944836,-9.600000000000364,4.399999999999636,-7.0,7.0,1,1,,,,,0,0,,,,,0,0,q2,mid1,mid_high
-2,128600,INTARIAN_PEPPER_ROOT,10123.0,11.0,10121.0,15.0,,,10134.0,11.0,10137.0,15.0,,,10128.5,0.0,prices_round_1_day_-2.csv,False,11.0,0.0,10128.5,10128.5,-1.1000000000003638,1.5,2.864896869525934,0.09953343701399689,317800.42615088867,-5.5,5.5,-5.5,5.5,1,1,-7.5,8.5,-7.5,8.5,1,1,,,,,0,0,q2,tight,mid_high
-2,128700,INTARIAN_PEPPER_ROOT,10123.0,9.0,10121.0,25.0,,,10134.0,9.0,10137.0,25.0,,,10128.5,0.0,prices_round_1_day_-2.csv,False,11.0,0.0,10128.5,10128.5,0.0,0.0,2.386073837653346,0.09945609945609946,317553.302965623,-5.5,5.5,-5.5,5.5,1,1,-7.5,8.5,-7.5,8.5,1,1,,,,,0,0,q1,tight,mid_high
-2,128800,INTARIAN_PEPPER_ROOT,10123.0,9.0,10121.0,17.0,,,10134.0,9.0,10137.0,17.0,,,10128.5,0.0,prices_round_1_day_-2.csv,False,11.0,0.0,10128.5,10128.5,0.0,0.0,2.2607072650667552,0.09937888198757763,317306.5638101593,-5.5,5.5,-5.5,5.5,1,1,-7.5,8.5,-7.5,8.5,1,1,,,,,0,0,q1,tight,mid_high
-2,128900,INTARIAN_PEPPER_ROOT,10123.0,12.0,10121.0,20.0,,,10134.0,12.0,10137.0,20.0,,,10128.5,0.0,prices_round_1_day_-2.csv,False,11.0,0.0,10128.5,10128.5,0.0,0.0,2.2607072650667552,0.09930178432893716,317060.20779001823,-5.5,5.5,-5.5,5.5,1,1,-7.5,8.5,-7.5,8.5,1,1,,,,,0,0,q1,tight,mid_high
-2,129000,INTARIAN_PEPPER_ROOT,10123.0,8.0,10121.0,15.0,,,10137.0,15.0,,,,,10130.0,0.0,prices_round_1_day_-2.csv,False,14.0,-0.30434782608695654,10127.869565217392,10127.869565217392,-0.630434782608063,1.5,2.1563232490158164,0.09873609706774569,316814.2344186549,-4.869565217391937,9.130434782608063,-7.0,7.0,1,1,-6.869565217391937,,-9.0,,1,0,,,,,0,0,q1,mid1,mid_high
-2,129100,INTARIAN_PEPPER_ROOT,10124.0,12.0,,,,,10135.0,12.0,10137.0,17.0,,,10129.5,0.0,prices_round_1_day_-2.csv,False,11.0,0.0,10129.5,10129.5,1.630434782608063,-0.5,2.09570371340469,0.09992254066615028,316568.64380614704,-5.5,5.5,-5.5,5.5,1,1,,7.5,,7.5,0,1,,,,,0,0,q1,tight,mid_high
-2,129200,INTARIAN_PEPPER_ROOT,10124.0,12.0,10121.0,17.0,,,10135.0,12.0,10137.0,17.0,,,10129.5,0.0,prices_round_1_day_-2.csv,False,11.0,0.0,10129.5,10129.5,0.0,0.0,2.09570371340469,0.0998452012383901,316323.43185120565,-5.5,5.5,-5.5,5.5,1,1,-8.5,7.5,-8.5,7.5,1,1,,,,,0,0,q1,tight,mid_high
-2,129300,INTARIAN_PEPPER_ROOT,10121.0,16.0,,,,,10135.0,10.0,10137.0,16.0,,,10128.0,0.0,prices_round_1_day_-2.csv,False,14.0,0.23076923076923078,10129.615384615385,10129.615384615385,0.1153846153847553,-1.5,2.0939143667383284,0.09985721934677862,316078.5994737986,-8.615384615384755,5.384615384615245,-7.0,7.0,1,1,,7.384615384615245,,9.0,0,1,,,,,0,0,q1,mid1,mid_high
-2,129400,INTARIAN_PEPPER_ROOT,10132.0,5.0,10124.0,10.0,,,10135.0,10.0,10137.0,17.0,,,10133.5,0.0,prices_round_1_day_-2.csv,False,3.0,-0.3333333333333333,10133.0,10133.0,3.3846153846152447,5.5,2.1263742906636582,0.10239567233384853,315834.1541387825,-1.0,2.0,-1.5,1.5,1,1,-9.0,4.0,-9.5,3.5,1,1,,,,,0,0,q1,tight,mid_high
-2,129500,INTARIAN_PEPPER_ROOT,10121.0,22.0,,,,,10135.0,11.0,10138.0,22.0,,,10128.0,0.0,prices_round_1_day_-2.csv,False,14.0,0.3333333333333333,10130.333333333334,10130.333333333334,-2.6666666666660603,-5.5,2.143957903615656,0.10025740025740072,315590.08420651546,-9.33333333333394,4.66666666666606,-7.0,7.0,1,1,,7.66666666666606,,10.0,0,1,,,,,0,0,q1,mid1,mid_high
-2,129600,INTARIAN_PEPPER_ROOT,10124.0,9.0,10122.0,25.0,,,10135.0,9.0,,,,,10129.5,0.0,prices_round_1_day_-2.csv,False,11.0,0.0,10129.5,10129.5,-0.8333333333339397,1.5,2.143957903615656,0.09953703703703703,315346.3859723167,-5.5,5.5,-5.5,5.5,1,1,-7.5,,-7.5,,1,0,,,,,0,0,q1,tight,mid_high
-2,129700,INTARIAN_PEPPER_ROOT,10124.0,12.0,,,,,10135.0,12.0,10138.0,25.0,,,10129.5,0.0,prices_round_1_day_-2.csv,False,11.0,0.0,10129.5,10129.5,0.0,0.0,2.1266908557374777,0.09946029298380879,315103.06315127324,-5.5,5.5,-5.5,5.5,1,1,,8.5,,8.5,0,1,,,,,0,0,q1,tight,mid_high
-2,129800,INTARIAN_PEPPER_ROOT,10124.0,11.0,10122.0,16.0,,,10135.0,11.0,10138.0,16.0,,,10129.5,0.0,prices_round_1_day_-2.csv,False,11.0,0.0,10129.5,10129.5,0.0,0.0,2.1191578206668105,0.09938366718027734,314860.11553888576,-5.5,5.5,-5.5,5.5,1,1,-7.5,8.5,-7.5,8.5,1,1,,,,,0,0,q1,tight,mid_high
-2,129900,INTARIAN_PEPPER_ROOT,10124.0,9.0,10122.0,17.0,,,,,,,,,10124.0,0.0,prices_round_1_day_-2.csv,True,,1.0,,10124.0,-5.5,-5.5,2.2623613434827674,0.09507313317936875,314617.5663966841,0.0,,0.0,,1,0,-2.0,,-2.0,,1,0,,,,,0,0,q1,mid1,mid_high
-2,130000,INTARIAN_PEPPER_ROOT,10124.0,10.0,,,,,10136.0,10.0,10138.0,25.0,,,10130.0,0.0,prices_round_1_day_-2.csv,False,12.0,0.0,10130.0,10130.0,6.0,6.0,2.4161474798537257,0.09961538461538462,314375.39339817985,-6.0,6.0,-6.0,6.0,1,1,,8.0,,8.0,0,1,,,,,0,0,q1,tight,mid_high
-2,130100,INTARIAN_PEPPER_ROOT,10125.0,9.0,,,,,10136.0,9.0,10138.0,15.0,,,10130.5,0.0,prices_round_1_day_-2.csv,False,11.0,0.0,10130.5,10130.5,0.5,0.5,2.40353923267464,0.09992313604919292,314133.5662957079,-5.5,5.5,-5.5,5.5,1,1,,7.5,,7.5,0,1,,,,,0,0,q1,tight,mid_high
-2,130200,INTARIAN_PEPPER_ROOT,,,,,,,10136.0,8.0,10138.0,18.0,,,10136.0,0.0,prices_round_1_day_-2.csv,True,,-1.0,,10136.0,5.5,5.5,2.516958674951043,0.10407066052227343,313892.13322279276,,0.0,,0.0,0,1,,2.0,,2.0,0,1,,,,,0,0,q1,mid1,mid_high
-2,130300,INTARIAN_PEPPER_ROOT,10125.0,12.0,10122.0,18.0,,,10138.0,18.0,,,,,10131.5,0.0,prices_round_1_day_-2.csv,False,13.0,-0.2,10130.2,10130.2,-5.799999999999272,-4.5,2.6543584664608666,0.09953952417498137,313651.0753872132,-5.200000000000728,7.799999999999272,-6.5,6.5,1,1,-8.200000000000728,,-9.5,,1,0,,,,,0,0,q1,tight,mid_high
-2,130400,INTARIAN_PEPPER_ROOT,10125.0,10.0,10122.0,20.0,,,10136.0,10.0,10138.0,20.0,,,10130.5,0.0,prices_round_1_day_-2.csv,False,11.0,0.0,10130.5,10130.5,0.2999999999992724,-1.0,2.6347146420103433,0.09969325153374232,313410.3608551843,-5.5,5.5,-5.5,5.5,1,1,-8.5,7.5,-8.5,7.5,1,1,,,,,0,0,q1,tight,mid_high
-2,130500,INTARIAN_PEPPER_ROOT,10125.0,12.0,10122.0,19.0,,,10136.0,12.0,10139.0,19.0,,,10130.5,0.0,prices_round_1_day_-2.csv,False,11.0,0.0,10130.5,10130.5,0.0,0.0,2.6188628574177835,0.09961685823754789,313170.01549404627,-5.5,5.5,-5.5,5.5,1,1,-8.5,8.5,-8.5,8.5,1,1,,,,,0,0,q1,tight,mid_high
-2,130600,INTARIAN_PEPPER_ROOT,10125.0,9.0,,,,,10139.0,20.0,,,,,10132.0,0.0,prices_round_1_day_-2.csv,False,14.0,-0.3793103448275862,10129.344827586207,10129.344827586207,-1.1551724137934798,1.5,2.6241591714809824,0.0986560701272638,312930.0396762658,-4.34482758620652,9.65517241379348,-7.0,7.0,1,1,,,,,0,0,,,,,0,0,q1,mid1,mid_high
-2,130700,INTARIAN_PEPPER_ROOT,10125.0,10.0,10123.0,20.0,,,10136.0,10.0,10139.0,20.0,,,10130.5,0.0,prices_round_1_day_-2.csv,False,11.0,0.0,10130.5,10130.5,1.1551724137934798,-1.5,2.62734522606735,0.09946442234123948,312690.43100528297,-5.5,5.5,-5.5,5.5,1,1,-7.5,8.5,-7.5,8.5,1,1,,,,,0,0,q1,tight,mid_high
-2,130800,INTARIAN_PEPPER_ROOT,10125.0,10.0,10123.0,19.0,,,10139.0,19.0,,,,,10132.0,0.0,prices_round_1_day_-2.csv,False,14.0,-0.3103448275862069,10129.827586206897,10129.827586206897,-0.6724137931032601,1.5,2.6234988397619325,0.09887430138141953,312451.18859084934,-4.82758620689674,9.17241379310326,-7.0,7.0,1,1,-6.82758620689674,,-9.0,,1,0,,,,,0,0,q1,mid1,mid_high
-2,130900,INTARIAN_PEPPER_ROOT,10125.0,9.0,10123.0,22.0,,,10139.0,22.0,,,,,10132.0,0.0,prices_round_1_day_-2.csv,False,14.0,-0.41935483870967744,10129.064516129032,10129.064516129032,-0.7630700778645405,0.0,2.6262306442224115,0.09821582591981069,312212.31210292096,-4.064516129032199,9.9354838709678,-7.0,7.0,1,1,-6.064516129032199,,-9.0,,1,0,,,,,0,0,q1,mid1,mid_high
-2,131000,INTARIAN_PEPPER_ROOT,10123.0,16.0,,,,,10137.0,9.0,10139.0,16.0,,,10130.0,0.0,prices_round_1_day_-2.csv,False,14.0,0.28,10131.96,10131.96,2.8954838709669275,-2.0,2.655893687891457,0.10035114503816728,311973.80599645234,-8.959999999999127,5.040000000000873,-7.0,7.0,1,1,,7.040000000000873,,9.0,0,1,,,,,0,0,q1,mid1,mid_high
-2,131100,INTARIAN_PEPPER_ROOT,10126.0,12.0,,,,,10137.0,12.0,,,,,10131.5,0.0,prices_round_1_day_-2.csv,False,11.0,0.0,10131.5,10131.5,-0.4599999999991269,1.5,2.655556664399339,0.09992372234935164,311735.65829245036,-5.5,5.5,-5.5,5.5,1,1,,,,,0,0,,,,,0,0,q1,tight,mid_high
-2,131200,INTARIAN_PEPPER_ROOT,10126.0,12.0,,,,,10137.0,12.0,10139.0,20.0,,,10131.5,0.0,prices_round_1_day_-2.csv,False,11.0,0.0,10131.5,10131.5,0.0,0.0,2.6523425212930576,0.09984756097560976,311497.873663682,-5.5,5.5,-5.5,5.5,1,1,,7.5,,7.5,0,1,,,,,0,0,q1,tight,mid_high
-2,131300,INTARIAN_PEPPER_ROOT,10126.0,10.0,,,,,10137.0,10.0,,,,,10131.5,0.0,prices_round_1_day_-2.csv,False,11.0,0.0,10131.5,10131.5,0.0,0.0,2.651640265007398,0.09977151561309977,311260.45151147037,-5.5,5.5,-5.5,5.5,1,1,,,,,0,0,,,,,0,0,q1,tight,mid_high
-2,131400,INTARIAN_PEPPER_ROOT,10126.0,8.0,,,,,10139.0,23.0,,,,,10132.5,0.0,prices_round_1_day_-2.csv,False,13.0,-0.4838709677419355,10129.354838709678,10129.354838709678,-2.145161290321994,1.0,2.6646389952963627,0.09806304315805023,311023.3948354433,-3.354838709678006,9.645161290321994,-6.5,6.5,1,1,,,,,0,0,,,,,0,0,q1,tight,mid_high
-2,131500,INTARIAN_PEPPER_ROOT,10126.0,12.0,10123.0,25.0,,,10137.0,12.0,,,,,10131.5,0.0,prices_round_1_day_-2.csv,False,11.0,0.0,10131.5,10131.5,2.145161290321994,-1.0,2.5496369951860482,0.09961977186311786,310786.6983305643,-5.5,5.5,-5.5,5.5,1,1,-8.5,,-8.5,,1,0,,,,,0,0,q1,tight,mid_high
-2,131600,INTARIAN_PEPPER_ROOT,10126.0,10.0,10124.0,16.0,,,10137.0,10.0,,,,,10131.5,0.0,prices_round_1_day_-2.csv,False,11.0,0.0,10131.5,10131.5,0.0,0.0,2.4924620708384593,0.09954407294832827,310550.35864355747,-5.5,5.5,-5.5,5.5,1,1,-7.5,,-7.5,,1,0,,,,,0,0,q1,tight,mid_high
-2,131700,INTARIAN_PEPPER_ROOT,10126.0,11.0,10124.0,23.0,,,10140.0,23.0,,,,,10133.0,0.0,prices_round_1_day_-2.csv,False,14.0,-0.35294117647058826,10130.529411764706,10130.529411764706,-0.9705882352936896,1.5,2.3637648943171943,0.09873151994282939,310314.3789974101,-4.52941176470631,9.47058823529369,-7.0,7.0,1,1,-6.52941176470631,,-9.0,,1,0,,,,,0,0,q1,mid1,mid_high
-2,131800,INTARIAN_PEPPER_ROOT,10126.0,10.0,10124.0,25.0,,,10137.0,10.0,10140.0,25.0,,,10131.5,0.0,prices_round_1_day_-2.csv,False,11.0,0.0,10131.5,10131.5,0.9705882352936896,-1.5,2.2396705050977226,0.09939301972685888,310078.7574184883,-5.5,5.5,-5.5,5.5,1,1,-7.5,8.5,-7.5,8.5,1,1,,,,,0,0,q1,tight,mid_high
-2,131900,INTARIAN_PEPPER_ROOT,10126.0,8.0,10124.0,21.0,,,10140.0,21.0,,,,,10133.0,0.0,prices_round_1_day_-2.csv,False,14.0,-0.4482758620689655,10129.862068965518,10129.862068965518,-1.6379310344818805,1.5,2.1051548362539014,0.09807586729758766,309843.4950957175,-3.8620689655181195,10.13793103448188,-7.0,7.0,1,1,-5.8620689655181195,,-9.0,,1,0,,,,,0,0,q1,mid1,mid_high
-2,132000,INTARIAN_PEPPER_ROOT,10124.0,25.0,,,,,10138.0,9.0,,,,,10131.0,0.0,prices_round_1_day_-2.csv,False,14.0,0.47058823529411764,10134.29411764706,10134.29411764706,4.432048681541346,-2.0,2.026869835349914,0.10135918003565111,309608.60144446266,-10.294117647059466,3.7058823529405345,-7.0,7.0,1,1,,,,,0,0,,,,,0,0,q1,mid1,mid_high
-2,132100,INTARIAN_PEPPER_ROOT,10127.0,12.0,10124.0,25.0,,,10138.0,12.0,10140.0,25.0,,,10132.5,0.0,prices_round_1_day_-2.csv,False,11.0,0.0,10132.5,10132.5,-1.7941176470594655,1.5,2.0445787267277273,0.09992429977289932,309374.0521934537,-5.5,5.5,-5.5,5.5,1,1,-8.5,7.5,-8.5,7.5,1,1,,,,,0,0,q1,tight,mid_high
-2,132200,INTARIAN_PEPPER_ROOT,10127.0,11.0,10124.0,20.0,,,10138.0,11.0,,,,,10132.5,0.0,prices_round_1_day_-2.csv,False,11.0,0.0,10132.5,10132.5,0.0,0.0,2.0445787267277273,0.09984871406959153,309139.85534090555,-5.5,5.5,-5.5,5.5,1,1,-8.5,,-8.5,,1,0,,,,,0,0,q1,tight,mid_high
-2,132300,INTARIAN_PEPPER_ROOT,10127.0,10.0,10124.0,20.0,,,10138.0,10.0,10140.0,20.0,,,10132.5,0.0,prices_round_1_day_-2.csv,False,11.0,0.0,10132.5,10132.5,0.0,0.0,2.0445787267277273,0.09977324263038549,308906.0127952333,-5.5,5.5,-5.5,5.5,1,1,-8.5,7.5,-8.5,7.5,1,1,,,,,0,0,q1,tight,mid_high
-2,132400,INTARIAN_PEPPER_ROOT,10127.0,8.0,10124.0,19.0,,,10138.0,8.0,10140.0,19.0,,,10132.5,0.0,prices_round_1_day_-2.csv,False,11.0,0.0,10132.5,10132.5,0.0,0.0,2.0445787267277273,0.09969788519637462,308672.5237530201,-5.5,5.5,-5.5,5.5,1,1,-8.5,7.5,-8.5,7.5,1,1,,,,,0,0,q1,tight,mid_high
-2,132500,INTARIAN_PEPPER_ROOT,10127.0,12.0,10124.0,20.0,,,10138.0,12.0,10141.0,20.0,,,10132.5,0.0,prices_round_1_day_-2.csv,False,11.0,0.0,10132.5,10132.5,0.0,0.0,2.043184271014284,0.09962264150943397,308439.38741327624,-5.5,5.5,-5.5,5.5,1,1,-8.5,8.5,-8.5,8.5,1,1,,,,,0,0,q1,tight,mid_high
-2,132600,INTARIAN_PEPPER_ROOT,10135.0,7.0,10127.0,10.0,10125.0,15.0,10138.0,10.0,10141.0,15.0,,,10136.5,0.0,prices_round_1_day_-2.csv,False,3.0,-0.17647058823529413,10136.235294117647,10136.235294117647,3.735294117646845,4.0,2.104253346508108,0.10236447520184529,308206.61293835205,-1.2352941176468448,1.7647058823531552,-1.5,1.5,1,1,-9.235294117646845,4.764705882353155,-9.5,4.5,1,1,-11.235294117646845,,-11.5,,1,0,q1,tight,mid_high
-2,132700,INTARIAN_PEPPER_ROOT,10127.0,9.0,,,,,10141.0,22.0,,,,,10134.0,0.0,prices_round_1_day_-2.csv,False,14.0,-0.41935483870967744,10131.064516129032,10131.064516129032,-5.170777988614645,-2.5,2.235954628512392,0.09839074312662562,307974.20054931665,-4.064516129032199,9.9354838709678,-7.0,7.0,1,1,,,,,0,0,,,,,0,0,q1,mid1,mid_high
-2,132800,INTARIAN_PEPPER_ROOT,10127.0,9.0,10125.0,18.0,,,10141.0,18.0,,,,,10134.0,0.0,prices_round_1_day_-2.csv,False,14.0,-0.3333333333333333,10131.666666666666,10131.666666666666,0.602150537633861,0.0,2.237184092349251,0.09877008032128469,307742.1176955363,-4.66666666666606,9.33333333333394,-7.0,7.0,1,1,-6.66666666666606,,-9.0,,1,0,,,,,0,0,q1,mid1,mid_high
-2,132900,INTARIAN_PEPPER_ROOT,10127.0,10.0,10125.0,16.0,,,10138.0,10.0,10141.0,16.0,,,10132.5,0.0,prices_round_1_day_-2.csv,False,11.0,0.0,10132.5,10132.5,0.8333333333339397,-1.5,2.239653340325075,0.09932279909706546,307510.38457918214,-5.5,5.5,-5.5,5.5,1,1,-7.5,8.5,-7.5,8.5,1,1,,,,,0,0,q1,tight,mid_high
-2,133000,INTARIAN_PEPPER_ROOT,10127.0,10.0,,,,,10139.0,10.0,10141.0,17.0,,,10133.0,0.0,prices_round_1_day_-2.csv,False,12.0,0.0,10133.0,10133.0,0.5,0.5,2.239653340325075,0.09962406015037593,307278.99991089193,-6.0,6.0,-6.0,6.0,1,1,,8.0,,8.0,0,1,,,,,0,0,q1,tight,mid_high
-2,133100,INTARIAN_PEPPER_ROOT,10128.0,9.0,,,,,10139.0,9.0,10141.0,20.0,,,10133.5,0.0,prices_round_1_day_-2.csv,False,11.0,0.0,10133.5,10133.5,0.5,0.5,2.240322325985913,0.09992486851990984,307047.9631892901,-5.5,5.5,-5.5,5.5,1,1,,7.5,,7.5,0,1,,,,,0,0,q1,tight,mid_high
-2,133200,INTARIAN_PEPPER_ROOT,10128.0,11.0,10125.0,19.0,,,10139.0,11.0,10141.0,19.0,,,10133.5,0.0,prices_round_1_day_-2.csv,False,11.0,0.0,10133.5,10133.5,0.0,0.0,2.24020585489109,0.09984984984984985,306817.2735174555,-5.5,5.5,-5.5,5.5,1,1,-8.5,7.5,-8.5,7.5,1,1,,,,,0,0,q1,tight,mid_high
-2,133300,INTARIAN_PEPPER_ROOT,10128.0,9.0,10125.0,20.0,,,10139.0,9.0,,,,,10133.5,0.0,prices_round_1_day_-2.csv,False,11.0,0.0,10133.5,10133.5,0.0,0.0,2.24020585489109,0.09977494373593399,306586.93022649834,-5.5,5.5,-5.5,5.5,1,1,-8.5,,-8.5,,1,0,,,,,0,0,q1,tight,mid_high
-2,133400,INTARIAN_PEPPER_ROOT,10128.0,9.0,10125.0,18.0,,,10141.0,18.0,,,,,10134.5,0.0,prices_round_1_day_-2.csv,False,13.0,-0.3333333333333333,10132.333333333334,10132.333333333334,-1.1666666666660603,1.0,2.2473331749592487,0.09882558720639725,306356.9337317088,-4.33333333333394,8.66666666666606,-6.5,6.5,1,1,-7.33333333333394,,-9.5,,1,0,,,,,0,0,q1,tight,mid_high
-2,133500,INTARIAN_PEPPER_ROOT,10128.0,11.0,10125.0,20.0,,,10139.0,11.0,10142.0,20.0,,,10133.5,0.0,prices_round_1_day_-2.csv,False,11.0,0.0,10133.5,10133.5,1.1666666666660603,-1.0,2.2479723905466744,0.099625468164794,306127.28171199263,-5.5,5.5,-5.5,5.5,1,1,-8.5,8.5,-8.5,8.5,1,1,,,,,0,0,q1,tight,mid_high
-2,133600,INTARIAN_PEPPER_ROOT,10128.0,9.0,,,,,10139.0,9.0,,,,,10133.5,0.0,prices_round_1_day_-2.csv,False,11.0,0.0,10133.5,10133.5,0.0,0.0,2.2415820468458754,0.09955089820359281,305897.9728941693,-5.5,5.5,-5.5,5.5,1,1,,,,,0,0,,,,,0,0,q1,tight,mid_high
-2,133700,INTARIAN_PEPPER_ROOT,10128.0,9.0,,,,,10139.0,9.0,,,,,10133.5,0.0,prices_round_1_day_-2.csv,False,11.0,0.0,10133.5,10133.5,0.0,0.0,2.2415820468458754,0.09947643979057591,305669.0073530082,-5.5,5.5,-5.5,5.5,1,1,,,,,0,0,,,,,0,0,q1,tight,mid_high
-2,133800,INTARIAN_PEPPER_ROOT,10128.0,8.0,10126.0,23.0,,,10139.0,8.0,,,,,10133.5,0.0,prices_round_1_day_-2.csv,False,11.0,0.0,10133.5,10133.5,0.0,0.0,2.2415820468458754,0.09940209267563528,305440.3843182551,-5.5,5.5,-5.5,5.5,1,1,-7.5,,-7.5,,1,0,,,,,0,0,q1,tight,mid_high
-2,133900,INTARIAN_PEPPER_ROOT,10128.0,11.0,10126.0,23.0,,,10139.0,11.0,10142.0,23.0,,,10133.5,0.0,prices_round_1_day_-2.csv,False,11.0,0.0,10133.5,10133.5,0.0,0.0,2.2415820468458754,0.09932785660941,305212.10302195855,-5.5,5.5,-5.5,5.5,1,1,-7.5,8.5,-7.5,8.5,1,1,,,,,0,0,q1,tight,mid_high
-2,134000,INTARIAN_PEPPER_ROOT,,,,,,,10140.0,11.0,,,,,10140.0,0.0,prices_round_1_day_-2.csv,True,,-1.0,,10140.0,6.5,6.5,2.4143255135727197,0.1041044776119403,304984.1932646832,,0.0,,0.0,0,1,,,,,0,0,,,,,0,0,q1,mid1,mid_high
-2,134100,INTARIAN_PEPPER_ROOT,10129.0,10.0,10126.0,17.0,,,10140.0,10.0,10142.0,17.0,,,10134.5,0.0,prices_round_1_day_-2.csv,False,11.0,0.0,10134.5,10134.5,-5.5,-5.5,2.5380936441163433,0.09992542878448919,304756.6165402821,-5.5,5.5,-5.5,5.5,1,1,-8.5,7.5,-8.5,7.5,1,1,,,,,0,0,q1,tight,mid_high
-2,134200,INTARIAN_PEPPER_ROOT,10129.0,9.0,10126.0,15.0,,,10140.0,9.0,,,,,10134.5,0.0,prices_round_1_day_-2.csv,False,11.0,0.0,10134.5,10134.5,0.0,0.0,2.5380936441163433,0.09985096870342772,304529.3558344188,-5.5,5.5,-5.5,5.5,1,1,-8.5,,-8.5,,1,0,,,,,0,0,q1,tight,mid_high
-2,134300,INTARIAN_PEPPER_ROOT,10129.0,12.0,10126.0,24.0,,,10142.0,24.0,,,,,10135.5,0.0,prices_round_1_day_-2.csv,False,13.0,-0.3333333333333333,10133.333333333334,10133.333333333334,-1.1666666666660603,1.0,2.544403152086914,0.09890791759741917,304302.43500508805,-4.33333333333394,8.66666666666606,-6.5,6.5,1,1,-7.33333333333394,,-9.5,,1,0,,,,,0,0,q1,tight,mid_high
-2,134400,INTARIAN_PEPPER_ROOT,10129.0,12.0,10126.0,21.0,,,10143.0,21.0,,,,,10136.0,0.0,prices_round_1_day_-2.csv,False,14.0,-0.2727272727272727,10134.09090909091,10134.09090909091,0.7575757575759781,0.5,2.5014132476659117,0.09939799783549845,304075.85123629833,-5.090909090909918,8.909090909090082,-7.0,7.0,1,1,-8.090909090909918,,-10.0,,1,0,,,,,0,0,q1,mid1,mid_high
-2,134500,INTARIAN_PEPPER_ROOT,,,,,,,10143.0,22.0,,,,,10143.0,0.0,prices_round_1_day_-2.csv,True,,-1.0,,10143.0,8.909090909090082,7.0,2.7688944453449893,0.10594795539033457,303849.6620262907,,0.0,,0.0,0,1,,,,,0,0,,,,,0,0,q2,mid1,mid_high
-2,134600,INTARIAN_PEPPER_ROOT,10129.0,10.0,,,,,10140.0,10.0,10143.0,20.0,,,10134.5,0.0,prices_round_1_day_-2.csv,False,11.0,0.0,10134.5,10134.5,-8.5,-8.5,3.0302437783933818,0.09955423476968796,303623.80652093,-5.5,5.5,-5.5,5.5,1,1,,8.5,,8.5,0,1,,,,,0,0,q2,tight,mid_high
-2,134700,INTARIAN_PEPPER_ROOT,10129.0,8.0,,,,,10140.0,8.0,10143.0,16.0,,,10134.5,0.0,prices_round_1_day_-2.csv,False,11.0,0.0,10134.5,10134.5,0.0,0.0,3.0302437783933818,0.09948032665181886,303398.23163488455,-5.5,5.5,-5.5,5.5,1,1,,8.5,,8.5,0,1,,,,,0,0,q2,tight,mid_high
-2,134800,INTARIAN_PEPPER_ROOT,10129.0,11.0,10127.0,20.0,,,10140.0,11.0,10143.0,20.0,,,10134.5,0.0,prices_round_1_day_-2.csv,False,11.0,0.0,10134.5,10134.5,0.0,0.0,3.0302437783933818,0.09940652818991098,303172.99167813186,-5.5,5.5,-5.5,5.5,1,1,-7.5,8.5,-7.5,8.5,1,1,,,,,0,0,q2,tight,mid_high
-2,134900,INTARIAN_PEPPER_ROOT,10127.0,16.0,,,,,10143.0,16.0,,,,,10135.0,0.0,prices_round_1_day_-2.csv,False,16.0,0.0,10135.0,10135.0,0.5,0.5,2.920778797694755,0.09970348406226835,302948.08601691376,-8.0,8.0,-8.0,8.0,1,1,,,,,0,0,,,,,0,0,q2,mid1,mid_high
-2,135000,INTARIAN_PEPPER_ROOT,10129.0,9.0,10127.0,15.0,,,10141.0,9.0,10143.0,15.0,,,10135.0,0.0,prices_round_1_day_-2.csv,False,12.0,0.0,10135.0,10135.0,0.0,0.0,2.7991853423775988,0.09962962962962962,302723.513684754,-6.0,6.0,-6.0,6.0,1,1,-8.0,8.0,-8.0,8.0,1,1,,,,,0,0,q2,tight,mid_high
-2,135100,INTARIAN_PEPPER_ROOT,10130.0,10.0,10127.0,23.0,,,10141.0,10.0,10143.0,23.0,,,10135.5,0.0,prices_round_1_day_-2.csv,False,11.0,0.0,10135.5,10135.5,0.5,0.5,2.7991853423775988,0.0999259807549963,302499.2741636377,-5.5,5.5,-5.5,5.5,1,1,-8.5,7.5,-8.5,7.5,1,1,,,,,0,0,q2,tight,mid_high
-2,135200,INTARIAN_PEPPER_ROOT,10133.0,11.0,,,,,10141.0,9.0,,,,,10137.0,0.0,prices_round_1_day_-2.csv,False,8.0,0.1,10137.4,10137.4,1.8999999999996362,1.5,2.702067577472197,0.10125739644970387,302275.3688814069,-4.399999999999636,3.600000000000364,-4.0,4.0,1,1,,,,,0,0,,,,,0,0,q1,tight,mid_high
-2,135300,INTARIAN_PEPPER_ROOT,10130.0,10.0,10127.0,15.0,,,10141.0,10.0,10143.0,15.0,,,10135.5,0.0,prices_round_1_day_-2.csv,False,11.0,0.0,10135.5,10135.5,-1.8999999999996362,-1.5,2.5841143055691282,0.09977827050997783,302051.7953852454,-5.5,5.5,-5.5,5.5,1,1,-8.5,7.5,-8.5,7.5,1,1,,,,,0,0,q1,tight,mid_high
-2,135400,INTARIAN_PEPPER_ROOT,10130.0,10.0,10127.0,20.0,,,10144.0,20.0,,,,,10137.0,0.0,prices_round_1_day_-2.csv,False,14.0,-0.3333333333333333,10134.666666666666,10134.666666666666,-0.8333333333339397,1.5,2.5873464173697487,0.0990891186607578,301828.5500597975,-4.66666666666606,9.33333333333394,-7.0,7.0,1,1,-7.66666666666606,,-10.0,,1,0,,,,,0,0,q1,mid1,mid_high
-2,135500,INTARIAN_PEPPER_ROOT,10130.0,12.0,10127.0,25.0,,,10141.0,12.0,,,,,10135.5,0.0,prices_round_1_day_-2.csv,False,11.0,0.0,10135.5,10135.5,0.8333333333339397,-1.5,2.5894817831459633,0.0996309963099631,301605.6342463978,-5.5,5.5,-5.5,5.5,1,1,-8.5,,-8.5,,1,0,,,,,0,0,q1,tight,mid_high
-2,135600,INTARIAN_PEPPER_ROOT,10130.0,12.0,10127.0,24.0,,,10144.0,24.0,,,,,10137.0,0.0,prices_round_1_day_-2.csv,False,14.0,-0.3333333333333333,10134.666666666666,10134.666666666666,-0.8333333333339397,1.5,2.586696581655582,0.09894296951819032,301383.0477043566,-4.66666666666606,9.33333333333394,-7.0,7.0,1,1,-7.66666666666606,,-10.0,,1,0,,,,,0,0,q1,mid1,mid_high
-2,135700,INTARIAN_PEPPER_ROOT,10130.0,8.0,10128.0,20.0,,,10141.0,8.0,10144.0,20.0,,,10135.5,0.0,prices_round_1_day_-2.csv,False,11.0,0.0,10135.5,10135.5,0.8333333333339397,-1.5,2.5844330749848514,0.09948415622697127,301160.7892170612,-5.5,5.5,-5.5,5.5,1,1,-7.5,8.5,-7.5,8.5,1,1,,,,,0,0,q1,tight,mid_high
-2,135800,INTARIAN_PEPPER_ROOT,10130.0,10.0,10128.0,24.0,,,10141.0,10.0,,,,,10135.5,0.0,prices_round_1_day_-2.csv,False,11.0,0.0,10135.5,10135.5,0.0,0.0,2.582080144509136,0.09941089837997054,300938.8579132091,-5.5,5.5,-5.5,5.5,1,1,-7.5,,-7.5,,1,0,,,,,0,0,q1,tight,mid_high
-2,135900,INTARIAN_PEPPER_ROOT,10130.0,12.0,,,,,10141.0,12.0,10144.0,23.0,,,10135.5,0.0,prices_round_1_day_-2.csv,False,11.0,0.0,10135.5,10135.5,0.0,0.0,2.579047033023227,0.09933774834437085,300717.2534595729,-5.5,5.5,-5.5,5.5,1,1,,8.5,,8.5,0,1,,,,,0,0,q1,tight,mid_high
-2,136000,INTARIAN_PEPPER_ROOT,10130.0,9.0,10128.0,15.0,,,10142.0,9.0,10144.0,15.0,,,10136.0,0.0,prices_round_1_day_-2.csv,False,12.0,0.0,10136.0,10136.0,0.5,0.5,2.5486721093773825,0.09963235294117648,300495.97524541005,-6.0,6.0,-6.0,6.0,1,1,-8.0,8.0,-8.0,8.0,1,1,,,,,0,0,q1,tight,mid_high
-2,136100,INTARIAN_PEPPER_ROOT,10128.0,17.0,,,,,10142.0,8.0,10144.0,17.0,,,10135.0,0.0,prices_round_1_day_-2.csv,False,14.0,0.36,10137.52,10137.52,1.5200000000004366,-1.0,2.5554710038915416,0.10067597354886146,300275.0238047604,-9.520000000000437,4.479999999999563,-7.0,7.0,1,1,,6.479999999999563,,9.0,0,1,,,,,0,0,q1,mid1,mid_high
-2,136200,INTARIAN_PEPPER_ROOT,10139.0,7.0,10131.0,10.0,10128.0,21.0,10142.0,10.0,10144.0,21.0,,,10140.5,0.0,prices_round_1_day_-2.csv,False,3.0,-0.17647058823529413,10140.235294117647,10140.235294117647,2.7152941176464083,5.5,2.581577959997433,0.10259566381618711,300054.4005919786,-1.2352941176468448,1.7647058823531552,-1.5,1.5,1,1,-9.235294117646845,3.764705882353155,-9.5,3.5,1,1,-12.235294117646845,,-12.5,,1,0,q1,tight,mid_high
-2,136300,INTARIAN_PEPPER_ROOT,10131.0,12.0,10128.0,23.0,,,10142.0,12.0,10144.0,23.0,,,10136.5,0.0,prices_round_1_day_-2.csv,False,11.0,0.0,10136.5,10136.5,-3.735294117646845,-4.0,2.6401191331555407,0.09977989728539985,299834.10713970213,-5.5,5.5,-5.5,5.5,1,1,-8.5,7.5,-8.5,7.5,1,1,,,,,0,0,q1,tight,mid_high
-2,136400,INTARIAN_PEPPER_ROOT,10131.0,10.0,10128.0,25.0,,,10142.0,10.0,10145.0,25.0,,,10136.5,0.0,prices_round_1_day_-2.csv,False,11.0,0.0,10136.5,10136.5,0.0,0.0,2.6202447278858023,0.09970674486803519,299614.12614396407,-5.5,5.5,-5.5,5.5,1,1,-8.5,8.5,-8.5,8.5,1,1,,,,,0,0,q1,tight,mid_high
-2,136500,INTARIAN_PEPPER_ROOT,10131.0,12.0,10128.0,23.0,,,10142.0,12.0,10145.0,23.0,,,10136.5,0.0,prices_round_1_day_-2.csv,False,11.0,0.0,10136.5,10136.5,0.0,0.0,2.6043048698553113,0.09963369963369964,299394.467700995,-5.5,5.5,-5.5,5.5,1,1,-8.5,8.5,-8.5,8.5,1,1,,,,,0,0,q1,tight,mid_high
-2,136600,INTARIAN_PEPPER_ROOT,10131.0,11.0,10128.0,21.0,,,10142.0,11.0,10145.0,21.0,,,10136.5,0.0,prices_round_1_day_-2.csv,False,11.0,0.0,10136.5,10136.5,0.0,0.0,2.6043048698553113,0.09956076134699854,299175.13110188773,-5.5,5.5,-5.5,5.5,1,1,-8.5,8.5,-8.5,8.5,1,1,,,,,0,0,q1,tight,mid_high
-2,136700,INTARIAN_PEPPER_ROOT,10131.0,9.0,10129.0,17.0,,,10142.0,9.0,10145.0,17.0,,,10136.5,0.0,prices_round_1_day_-2.csv,False,11.0,0.0,10136.5,10136.5,0.0,0.0,2.5997754569540574,0.09948792977322604,298956.11563981103,-5.5,5.5,-5.5,5.5,1,1,-7.5,8.5,-7.5,8.5,1,1,,,,,0,0,q1,tight,mid_high
-2,136800,INTARIAN_PEPPER_ROOT,10139.0,8.0,10131.0,11.0,10129.0,23.0,10142.0,11.0,10145.0,23.0,,,10140.5,0.0,prices_round_1_day_-2.csv,False,3.0,-0.15789473684210525,10140.263157894737,10140.263157894737,3.7631578947366506,4.0,2.647984233230498,0.10216605109264375,298737.43041451916,-1.2631578947366506,1.7368421052633494,-1.5,1.5,1,1,-9.26315789473665,4.736842105263349,-9.5,4.5,1,1,-11.26315789473665,,-11.5,,1,0,q1,tight,mid_high
-2,136900,INTARIAN_PEPPER_ROOT,10131.0,8.0,,,,,10142.0,8.0,10145.0,17.0,,,10136.5,0.0,prices_round_1_day_-2.csv,False,11.0,0.0,10136.5,10136.5,-3.7631578947366506,-4.0,2.694334039472763,0.09934258582907232,298519.06601349654,-5.5,5.5,-5.5,5.5,1,1,,8.5,,8.5,0,1,,,,,0,0,q1,tight,mid_high
-2,137000,INTARIAN_PEPPER_ROOT,10131.0,11.0,10129.0,19.0,,,10133.0,5.0,10143.0,11.0,10145.0,19.0,10132.0,0.0,prices_round_1_day_-2.csv,False,2.0,0.375,10132.375,10132.375,-4.125,-4.5,2.6874330051403734,0.09625912408759124,298301.0227454404,-1.375,0.625,-1.0,1.0,1,1,-3.375,10.625,-3.0,11.0,1,1,,12.625,,13.0,0,1,q1,tight,mid_high
-2,137100,INTARIAN_PEPPER_ROOT,10129.0,22.0,,,,,10143.0,8.0,10145.0,22.0,,,10136.0,0.0,prices_round_1_day_-2.csv,False,14.0,0.4666666666666667,10139.266666666666,10139.266666666666,6.891666666666424,4.0,2.847579092474629,0.10121565767079972,298083.31845429924,-10.266666666666424,3.733333333333576,-7.0,7.0,1,1,,5.733333333333576,,9.0,0,1,,,,,0,0,q2,mid1,mid_high
-2,137200,INTARIAN_PEPPER_ROOT,10132.0,8.0,10129.0,21.0,,,10143.0,8.0,10145.0,21.0,,,10137.5,0.0,prices_round_1_day_-2.csv,False,11.0,0.0,10137.5,10137.5,-1.7666666666664241,1.5,2.8602251030783514,0.09985422740524781,297865.90063372086,-5.5,5.5,-5.5,5.5,1,1,-8.5,7.5,-8.5,7.5,1,1,,,,,0,0,q2,tight,mid_high
-2,137300,INTARIAN_PEPPER_ROOT,10132.0,10.0,,,,,10143.0,10.0,,,,,10137.5,0.0,prices_round_1_day_-2.csv,False,11.0,0.0,10137.5,10137.5,0.0,0.0,2.8602251030783514,0.09978150036416605,297648.7972148651,-5.5,5.5,-5.5,5.5,1,1,,,,,0,0,,,,,0,0,q2,tight,mid_high
-2,137400,INTARIAN_PEPPER_ROOT,10132.0,9.0,10129.0,15.0,,,10146.0,15.0,,,,,10139.0,0.0,prices_round_1_day_-2.csv,False,14.0,-0.25,10137.25,10137.25,-0.25,1.5,2.860621968810775,0.09952692867540029,297432.0101245834,-5.25,8.75,-7.0,7.0,1,1,-8.25,,-10.0,,1,0,,,,,0,0,q2,mid1,mid_high
-2,137500,INTARIAN_PEPPER_ROOT,10129.0,21.0,,,,,10143.0,12.0,10146.0,21.0,,,10136.0,0.0,prices_round_1_day_-2.csv,False,14.0,0.2727272727272727,10137.90909090909,10137.90909090909,0.6590909090900823,-3.0,2.861693625520498,0.09993388429752006,297215.5387292119,-8.909090909090082,5.090909090909918,-7.0,7.0,1,1,,8.090909090909918,,10.0,0,1,,,,,0,0,q2,mid1,mid_high
-2,137600,INTARIAN_PEPPER_ROOT,10132.0,10.0,10129.0,21.0,,,10146.0,21.0,,,,,10139.0,0.0,prices_round_1_day_-2.csv,False,14.0,-0.3548387096774194,10136.516129032258,10136.516129032258,-1.3929618768324872,3.0,2.820648132495404,0.09884893098274534,296999.38359349465,-4.516129032257595,9.483870967742405,-7.0,7.0,1,1,-7.516129032257595,,-10.0,,1,0,,,,,0,0,q2,mid1,mid_high
-2,137700,INTARIAN_PEPPER_ROOT,10132.0,11.0,10130.0,21.0,,,10143.0,11.0,10146.0,21.0,,,10137.5,0.0,prices_round_1_day_-2.csv,False,11.0,0.0,10137.5,10137.5,0.9838709677424049,-1.5,2.7227352088785546,0.09949164851125636,296783.5415870279,-5.5,5.5,-5.5,5.5,1,1,-7.5,8.5,-7.5,8.5,1,1,,,,,0,0,q1,tight,mid_high
-2,137800,INTARIAN_PEPPER_ROOT,,,,,,,10143.0,12.0,10146.0,17.0,,,10143.0,0.0,prices_round_1_day_-2.csv,True,,-1.0,,10143.0,5.5,5.5,2.826254096784213,0.10341074020319303,296568.0336732576,,0.0,,0.0,0,1,,3.0,,3.0,0,1,,,,,0,0,q2,mid1,mid_high
-2,137900,INTARIAN_PEPPER_ROOT,10130.0,18.0,,,,,10143.0,8.0,10146.0,18.0,,,10136.5,0.0,prices_round_1_day_-2.csv,False,13.0,0.38461538461538464,10139.0,10139.0,-4.0,-6.5,2.88708363268701,0.10043509789702683,296352.8296036612,-9.0,4.0,-6.5,6.5,1,1,,7.0,,9.5,0,1,,,,,0,0,q2,tight,mid_high
-2,138000,INTARIAN_PEPPER_ROOT,,,,,,,10144.0,11.0,10146.0,21.0,,,10144.0,0.0,prices_round_1_day_-2.csv,True,,-1.0,,10144.0,5.0,7.5,2.9678630503786194,0.10398550724637681,296137.94284422474,,0.0,,0.0,0,1,,2.0,,2.0,0,1,,,,,0,0,q2,mid1,mid_high
-2,138100,INTARIAN_PEPPER_ROOT,10133.0,12.0,10130.0,20.0,,,10144.0,12.0,10146.0,20.0,,,10138.5,0.0,prices_round_1_day_-2.csv,False,11.0,0.0,10138.5,10138.5,-5.5,-5.5,3.0756527205182422,0.0999275887038378,295923.3728725355,-5.5,5.5,-5.5,5.5,1,1,-8.5,7.5,-8.5,7.5,1,1,,,,,0,0,q2,tight,mid_high
-2,138200,INTARIAN_PEPPER_ROOT,10130.0,23.0,,,,,,,,,,,10130.0,0.0,prices_round_1_day_-2.csv,True,,1.0,,10130.0,-8.5,-8.5,3.307466331617345,0.09370477568740955,295709.14443833294,0.0,,0.0,,1,0,,,,,0,0,,,,,0,0,q2,mid1,mid_high
-2,138300,INTARIAN_PEPPER_ROOT,10130.0,19.0,,,,,10144.0,11.0,,,,,10137.0,0.0,prices_round_1_day_-2.csv,False,14.0,0.26666666666666666,10138.866666666667,10138.866666666667,8.866666666666788,7.0,3.5407657962185546,0.10004820438659927,295495.22820444824,-8.866666666666788,5.133333333333212,-7.0,7.0,1,1,,,,,0,0,,,,,0,0,q3,mid1,mid_high
-2,138400,INTARIAN_PEPPER_ROOT,,,,,,,10144.0,8.0,10147.0,16.0,,,10144.0,0.0,prices_round_1_day_-2.csv,True,,-1.0,,10144.0,5.133333333333212,7.0,3.6059981175357283,0.1036849710982659,295281.58401605336,,0.0,,0.0,0,1,,3.0,,3.0,0,1,,,,,0,0,q3,mid1,mid_high
-2,138500,INTARIAN_PEPPER_ROOT,10133.0,8.0,,,,,10144.0,8.0,,,,,10138.5,0.0,prices_round_1_day_-2.csv,False,11.0,0.0,10138.5,10138.5,-5.5,-5.5,3.6929856564292103,0.09963898916967509,295068.25294278516,-5.5,5.5,-5.5,5.5,1,1,,,,,0,0,,,,,0,0,q3,tight,mid_high
-2,138600,INTARIAN_PEPPER_ROOT,10133.0,9.0,10130.0,24.0,,,10144.0,9.0,10147.0,24.0,,,10138.5,0.0,prices_round_1_day_-2.csv,False,11.0,0.0,10138.5,10138.5,0.0,0.0,3.6929856564292103,0.09956709956709957,294855.20727995335,-5.5,5.5,-5.5,5.5,1,1,-8.5,8.5,-8.5,8.5,1,1,,,,,0,0,q3,tight,mid_high
-2,138700,INTARIAN_PEPPER_ROOT,10131.0,18.0,,,,,10144.0,11.0,,,,,10137.5,0.0,prices_round_1_day_-2.csv,False,13.0,0.2413793103448276,10139.068965517241,10139.068965517241,0.5689655172409402,-1.0,3.6935477776190244,0.09990552668871013,294642.4691940198,-8.06896551724094,4.93103448275906,-6.5,6.5,1,1,,,,,0,0,,,,,0,0,q3,tight,mid_high
-2,138800,INTARIAN_PEPPER_ROOT,10133.0,9.0,10131.0,15.0,,,10144.0,9.0,,,,,10138.5,0.0,prices_round_1_day_-2.csv,False,11.0,0.0,10138.5,10138.5,-0.5689655172409402,1.0,3.6947741732946717,0.0994236311239193,294430.038031707,-5.5,5.5,-5.5,5.5,1,1,-7.5,,-7.5,,1,0,,,,,0,0,q3,tight,mid_high
-2,138900,INTARIAN_PEPPER_ROOT,10133.0,8.0,10131.0,21.0,,,10147.0,21.0,,,,,10140.0,0.0,prices_round_1_day_-2.csv,False,14.0,-0.4482758620689655,10136.862068965518,10136.862068965518,-1.6379310344818805,1.5,3.702930999345452,0.09817283582830678,294217.9148171511,-3.8620689655181195,10.13793103448188,-7.0,7.0,1,1,-5.8620689655181195,,-9.0,,1,0,,,,,0,0,q3,mid1,mid_high
-2,139000,INTARIAN_PEPPER_ROOT,10133.0,11.0,10131.0,17.0,,,10145.0,11.0,10147.0,17.0,,,10139.0,0.0,prices_round_1_day_-2.csv,False,12.0,0.0,10139.0,10139.0,2.1379310344818805,-1.0,3.5981855420972915,0.09964028776978417,294006.0978573261,-6.0,6.0,-6.0,6.0,1,1,-8.0,8.0,-8.0,8.0,1,1,,,,,0,0,q3,tight,mid_high
-2,139100,INTARIAN_PEPPER_ROOT,10131.0,20.0,,,,,10145.0,11.0,10147.0,20.0,,,10138.0,0.0,prices_round_1_day_-2.csv,False,14.0,0.2903225806451613,10140.032258064517,10140.032258064517,1.0322580645170092,-1.0,3.5127274701519697,0.10031075346119124,293794.58330429974,-9.03225806451701,4.967741935482991,-7.0,7.0,1,1,,6.967741935482991,,9.0,0,1,,,,,0,0,q3,mid1,mid_high
-2,139200,INTARIAN_PEPPER_ROOT,10134.0,12.0,10131.0,19.0,,,10145.0,12.0,10147.0,19.0,,,10139.5,0.0,prices_round_1_day_-2.csv,False,11.0,0.0,10139.5,10139.5,-0.5322580645170092,1.5,3.5138759224826,0.09985632183908046,293583.3725325898,-5.5,5.5,-5.5,5.5,1,1,-8.5,7.5,-8.5,7.5,1,1,,,,,0,0,q3,tight,mid_high
-2,139300,INTARIAN_PEPPER_ROOT,10134.0,8.0,10131.0,16.0,,,10145.0,8.0,10147.0,16.0,,,10139.5,0.0,prices_round_1_day_-2.csv,False,11.0,0.0,10139.5,10139.5,0.0,0.0,3.5091635414308833,0.09978463747307968,293372.4649445378,-5.5,5.5,-5.5,5.5,1,1,-8.5,7.5,-8.5,7.5,1,1,,,,,0,0,q3,tight,mid_high
-2,139400,INTARIAN_PEPPER_ROOT,10131.0,21.0,,,,,10145.0,8.0,10148.0,21.0,,,10138.0,0.0,prices_round_1_day_-2.csv,False,14.0,0.4482758620689655,10141.137931034482,10141.137931034482,1.6379310344818805,-1.5,3.514615116676632,0.1008880423489827,293161.86185713834,-10.13793103448188,3.8620689655181195,-7.0,7.0,1,1,,6.8620689655181195,,10.0,0,1,,,,,0,0,q3,mid1,mid_high
-2,139500,INTARIAN_PEPPER_ROOT,10134.0,9.0,10131.0,23.0,,,10145.0,9.0,10148.0,23.0,,,10139.5,0.0,prices_round_1_day_-2.csv,False,11.0,0.0,10139.5,10139.5,-1.6379310344818805,1.5,3.286746977816083,0.0996415770609319,292951.5613976457,-5.5,5.5,-5.5,5.5,1,1,-8.5,8.5,-8.5,8.5,1,1,,,,,0,0,q2,tight,mid_high
-2,139600,INTARIAN_PEPPER_ROOT,10131.0,22.0,,,,,10145.0,10.0,10148.0,22.0,,,10138.0,0.0,prices_round_1_day_-2.csv,False,14.0,0.375,10140.625,10140.625,1.125,-1.5,3.0567519496840805,0.10037607449856734,292741.56103148736,-9.625,4.375,-7.0,7.0,1,1,,7.375,,10.0,0,1,,,,,0,0,q2,mid1,mid_high
-2,139700,INTARIAN_PEPPER_ROOT,10132.0,22.0,,,,,10145.0,9.0,10148.0,22.0,,,10138.5,0.0,prices_round_1_day_-2.csv,False,13.0,0.41935483870967744,10141.225806451614,10141.225806451614,0.6008064516136074,0.5,3.0574413841454704,0.10073429237767617,292531.8609521319,-9.225806451613607,3.7741935483863926,-6.5,6.5,1,1,,6.774193548386393,,9.5,0,1,,,,,0,0,q2,tight,mid_high
-2,139800,INTARIAN_PEPPER_ROOT,10132.0,15.0,,,,,10145.0,10.0,10148.0,15.0,,,10138.5,0.0,prices_round_1_day_-2.csv,False,13.0,0.2,10139.8,10139.8,-1.425806451614335,0.0,3.0653604393808602,0.09964234620886929,292322.4625754015,-7.799999999999272,5.200000000000728,-6.5,6.5,1,1,,8.200000000000728,,9.5,0,1,,,,,0,0,q2,tight,mid_high
-2,139900,INTARIAN_PEPPER_ROOT,10132.0,19.0,,,,,10145.0,9.0,10148.0,19.0,,,10138.5,0.0,prices_round_1_day_-2.csv,False,13.0,0.35714285714285715,10140.82142857143,10140.82142857143,1.0214285714300786,0.0,3.0676143501365747,0.1003012355764327,292113.3627088114,-8.821428571429351,4.178571428570649,-6.5,6.5,1,1,,7.178571428570649,,9.5,0,1,,,,,0,0,q2,tight,mid_high
-2,140000,INTARIAN_PEPPER_ROOT,10143.0,5.0,10134.0,10.0,10132.0,20.0,10146.0,10.0,10148.0,20.0,,,10144.5,0.0,prices_round_1_day_-2.csv,False,3.0,-0.3333333333333333,10144.0,10144.0,3.178571428570649,6.0,3.0979378565716202,0.1025,291904.5679313062,-1.0,2.0,-1.5,1.5,1,1,-10.0,4.0,-10.5,3.5,1,1,-12.0,,-12.5,,1,0,q2,tight,mid_high
-2,140100,INTARIAN_PEPPER_ROOT,10135.0,8.0,10132.0,20.0,,,10146.0,8.0,10148.0,20.0,,,10140.5,0.0,prices_round_1_day_-2.csv,False,11.0,0.0,10140.5,10140.5,-3.5,-4.0,3.1408556262936353,0.09992862241256245,291696.0739318859,-5.5,5.5,-5.5,5.5,1,1,-8.5,7.5,-8.5,7.5,1,1,,,,,0,0,q2,tight,mid_high
-2,140200,INTARIAN_PEPPER_ROOT,10135.0,9.0,,,,,10146.0,9.0,,,,,10140.5,0.0,prices_round_1_day_-2.csv,False,11.0,0.0,10140.5,10140.5,0.0,0.0,3.130108980288981,0.09985734664764621,291487.86831878574,-5.5,5.5,-5.5,5.5,1,1,,,,,0,0,,,,,0,0,q2,tight,mid_high
-2,140300,INTARIAN_PEPPER_ROOT,10135.0,12.0,10132.0,20.0,,,10146.0,12.0,10148.0,20.0,,,10140.5,0.0,prices_round_1_day_-2.csv,False,11.0,0.0,10140.5,10140.5,0.0,0.0,3.1173108806221,0.09978617248752673,291279.95971796237,-5.5,5.5,-5.5,5.5,1,1,-8.5,7.5,-8.5,7.5,1,1,,,,,0,0,q2,tight,mid_high
-2,140400,INTARIAN_PEPPER_ROOT,10132.0,15.0,,,,,10149.0,15.0,,,,,10140.5,0.0,prices_round_1_day_-2.csv,False,17.0,0.0,10140.5,10140.5,0.0,0.0,3.114445373351051,0.09971509971509972,291072.3474943217,-8.5,8.5,-8.5,8.5,1,1,,,,,0,0,,,,,0,0,q2,mid2,mid_high
-2,140500,INTARIAN_PEPPER_ROOT,10135.0,11.0,10132.0,19.0,,,10146.0,11.0,,,,,10140.5,0.0,prices_round_1_day_-2.csv,False,11.0,0.0,10140.5,10140.5,0.0,0.0,3.1127612268278915,0.099644128113879,290865.03101457935,-5.5,5.5,-5.5,5.5,1,1,-8.5,,-8.5,,1,0,,,,,0,0,q2,tight,mid_high
-2,140600,INTARIAN_PEPPER_ROOT,10135.0,9.0,10132.0,17.0,,,10146.0,9.0,,,,,10140.5,0.0,prices_round_1_day_-2.csv,False,11.0,0.0,10140.5,10140.5,0.0,0.0,3.109891527430806,0.09957325746799431,290658.0096472536,-5.5,5.5,-5.5,5.5,1,1,-8.5,,-8.5,,1,0,,,,,0,0,q2,tight,mid_high
-2,140700,INTARIAN_PEPPER_ROOT,10135.0,10.0,10133.0,25.0,,,10142.0,9.0,10146.0,10.0,,,10138.5,0.0,prices_round_1_day_-2.csv,False,7.0,0.05263157894736842,10138.684210526315,10138.684210526315,-1.8157894736850722,-2.0,3.119982531666326,0.09821194777989689,290451.28536301444,-3.684210526314928,3.315789473685072,-3.5,3.5,1,1,-5.684210526314928,7.315789473685072,-5.5,7.5,1,1,,,,,0,0,q2,tight,mid_high
-2,140800,INTARIAN_PEPPER_ROOT,10135.0,8.0,10133.0,21.0,,,10146.0,8.0,10149.0,21.0,,,10140.5,0.0,prices_round_1_day_-2.csv,False,11.0,0.0,10140.5,10140.5,1.8157894736850722,2.0,3.129778417675143,0.09943181818181818,290244.85441959894,-5.5,5.5,-5.5,5.5,1,1,-7.5,8.5,-7.5,8.5,1,1,,,,,0,0,q2,tight,mid_high
-2,140900,INTARIAN_PEPPER_ROOT,10135.0,12.0,,,,,10149.0,16.0,,,,,10142.0,0.0,prices_round_1_day_-2.csv,False,14.0,-0.14285714285714285,10141.0,10141.0,0.5,1.5,3.1302511284909063,0.09971611071682045,290038.7147220999,-6.0,8.0,-7.0,7.0,1,1,,,,,0,0,,,,,0,0,q2,mid1,mid_high
-2,141000,INTARIAN_PEPPER_ROOT,10135.0,9.0,10133.0,18.0,,,10147.0,9.0,10149.0,18.0,,,10141.0,0.0,prices_round_1_day_-2.csv,False,12.0,0.0,10141.0,10141.0,0.0,-1.0,3.129778417675143,0.09964539007092199,289832.86752210994,-6.0,6.0,-6.0,6.0,1,1,-8.0,8.0,-8.0,8.0,1,1,,,,,0,0,q2,tight,mid_high
-2,141100,INTARIAN_PEPPER_ROOT,10136.0,10.0,10133.0,16.0,,,10147.0,10.0,10149.0,16.0,,,10141.5,0.0,prices_round_1_day_-2.csv,False,11.0,0.0,10141.5,10141.5,0.5,0.5,3.1236521215394903,0.09992912827781715,289627.3124105128,-5.5,5.5,-5.5,5.5,1,1,-8.5,7.5,-8.5,7.5,1,1,,,,,0,0,q2,tight,mid_high
-2,141200,INTARIAN_PEPPER_ROOT,10136.0,8.0,10133.0,24.0,,,10147.0,8.0,,,,,10141.5,0.0,prices_round_1_day_-2.csv,False,11.0,0.0,10141.5,10141.5,0.0,0.0,3.100411172464551,0.09985835694050992,289422.0485533677,-5.5,5.5,-5.5,5.5,1,1,-8.5,,-8.5,,1,0,,,,,0,0,q2,tight,mid_high
-2,141300,INTARIAN_PEPPER_ROOT,10136.0,12.0,,,,,10149.0,25.0,,,,,10142.5,0.0,prices_round_1_day_-2.csv,False,13.0,-0.35135135135135137,10140.216216216217,10140.216216216217,-1.2837837837832922,1.0,3.05883259543221,0.0988791339109814,289217.07678605703,-4.216216216216708,8.783783783783292,-6.5,6.5,1,1,,,,,0,0,,,,,0,0,q2,tight,mid_high
-2,141400,INTARIAN_PEPPER_ROOT,10136.0,9.0,10133.0,25.0,,,10147.0,9.0,,,,,10141.5,0.0,prices_round_1_day_-2.csv,False,11.0,0.0,10141.5,10141.5,1.2837837837832922,-1.0,3.063580310282123,0.09971711456859972,289012.394780551,-5.5,5.5,-5.5,5.5,1,1,-8.5,,-8.5,,1,0,,,,,0,0,q2,tight,mid_high
-2,141500,INTARIAN_PEPPER_ROOT,10136.0,11.0,10133.0,20.0,,,10147.0,11.0,10150.0,20.0,,,10141.5,0.0,prices_round_1_day_-2.csv,False,11.0,0.0,10141.5,10141.5,0.0,0.0,3.063580310282123,0.09964664310954063,288808.00129763444,-5.5,5.5,-5.5,5.5,1,1,-8.5,8.5,-8.5,8.5,1,1,,,,,0,0,q2,tight,mid_high
-2,141600,INTARIAN_PEPPER_ROOT,10136.0,9.0,10133.0,17.0,,,10147.0,9.0,,,,,10141.5,0.0,prices_round_1_day_-2.csv,False,11.0,0.0,10141.5,10141.5,0.0,0.0,3.063580310282123,0.09957627118644068,288603.8967100901,-5.5,5.5,-5.5,5.5,1,1,-8.5,,-8.5,,1,0,,,,,0,0,q2,tight,mid_high
-2,141700,INTARIAN_PEPPER_ROOT,10136.0,10.0,10134.0,25.0,,,10150.0,25.0,,,,,10143.0,0.0,prices_round_1_day_-2.csv,False,14.0,-0.42857142857142855,10140.0,10140.0,-1.5,1.5,3.0719125584117632,0.09844742413549754,288400.0822045311,-4.0,10.0,-7.0,7.0,1,1,-6.0,,-9.0,,1,0,,,,,0,0,q2,mid1,mid_high
-2,141800,INTARIAN_PEPPER_ROOT,10136.0,10.0,10134.0,19.0,,,10147.0,10.0,10150.0,19.0,,,10141.5,0.0,prices_round_1_day_-2.csv,False,11.0,0.0,10141.5,10141.5,1.5,-1.5,3.0328094964674075,0.09943582510578279,288196.5549503038,-5.5,5.5,-5.5,5.5,1,1,-7.5,8.5,-7.5,8.5,1,1,,,,,0,0,q2,tight,mid_high
-2,141900,INTARIAN_PEPPER_ROOT,10136.0,9.0,,,,,10147.0,9.0,,,,,10141.5,0.0,prices_round_1_day_-2.csv,False,11.0,0.0,10141.5,10141.5,0.0,0.0,2.983177243629136,0.09936575052854123,287993.31338114315,-5.5,5.5,-5.5,5.5,1,1,,,,,0,0,,,,,0,0,q2,tight,mid_high
-2,142000,INTARIAN_PEPPER_ROOT,10136.0,9.0,10134.0,16.0,,,10148.0,9.0,10150.0,16.0,,,10142.0,0.0,prices_round_1_day_-2.csv,False,12.0,0.0,10142.0,10142.0,0.5,0.5,2.9205448868823223,0.09964788732394367,287790.358375515,-6.0,6.0,-6.0,6.0,1,1,-8.0,8.0,-8.0,8.0,1,1,,,,,0,0,q2,tight,mid_high
-2,142100,INTARIAN_PEPPER_ROOT,10137.0,10.0,10134.0,19.0,,,10148.0,10.0,10150.0,19.0,,,10142.5,0.0,prices_round_1_day_-2.csv,False,11.0,0.0,10142.5,10142.5,0.5,0.5,2.756617986847325,0.09992962702322308,287587.68922184844,-5.5,5.5,-5.5,5.5,1,1,-8.5,7.5,-8.5,7.5,1,1,,,,,0,0,q1,tight,mid_high
-2,142200,INTARIAN_PEPPER_ROOT,10137.0,11.0,10134.0,19.0,,,10148.0,11.0,10150.0,19.0,,,10142.5,0.0,prices_round_1_day_-2.csv,False,11.0,0.0,10142.5,10142.5,0.0,0.0,2.743958749477523,0.09985935302390998,287385.3052111215,-5.5,5.5,-5.5,5.5,1,1,-8.5,7.5,-8.5,7.5,1,1,,,,,0,0,q1,tight,mid_high
-2,142300,INTARIAN_PEPPER_ROOT,10134.0,15.0,,,,,10148.0,10.0,10150.0,15.0,,,10141.0,0.0,prices_round_1_day_-2.csv,False,14.0,0.2,10142.4,10142.4,-0.1000000000003638,-1.5,2.744069565827288,0.0997189037245254,287183.20586843835,-8.399999999999636,5.600000000000364,-7.0,7.0,1,1,,7.600000000000364,,9.0,0,1,,,,,0,0,q1,mid1,mid_high
-2,142400,INTARIAN_PEPPER_ROOT,10137.0,9.0,,,,,10148.0,9.0,10151.0,17.0,,,10142.5,0.0,prices_round_1_day_-2.csv,False,11.0,0.0,10142.5,10142.5,0.1000000000003638,1.5,2.7436100950259186,0.0997191011235955,286981.39054456743,-5.5,5.5,-5.5,5.5,1,1,,8.5,,8.5,0,1,,,,,0,0,q1,tight,mid_high
-2,142500,INTARIAN_PEPPER_ROOT,10137.0,9.0,,,,,10148.0,9.0,10151.0,23.0,,,10142.5,0.0,prices_round_1_day_-2.csv,False,11.0,0.0,10142.5,10142.5,0.0,0.0,2.742476690767736,0.09964912280701754,286779.8586761632,-5.5,5.5,-5.5,5.5,1,1,,8.5,,8.5,0,1,,,,,0,0,q1,tight,mid_high
-2,142600,INTARIAN_PEPPER_ROOT,10137.0,10.0,10134.0,18.0,,,10148.0,10.0,10151.0,18.0,,,10142.5,0.0,prices_round_1_day_-2.csv,False,11.0,0.0,10142.5,10142.5,0.0,0.0,2.7341483525392163,0.09957924263674614,286578.60965949425,-5.5,5.5,-5.5,5.5,1,1,-8.5,8.5,-8.5,8.5,1,1,,,,,0,0,q1,tight,mid_high
-2,142700,INTARIAN_PEPPER_ROOT,10137.0,10.0,10135.0,20.0,,,10148.0,10.0,10151.0,20.0,,,10142.5,0.0,prices_round_1_day_-2.csv,False,11.0,0.0,10142.5,10142.5,0.0,0.0,2.7313408743578527,0.09950946040644709,286377.642899501,-5.5,5.5,-5.5,5.5,1,1,-7.5,8.5,-7.5,8.5,1,1,,,,,0,0,q1,tight,mid_high
-2,142800,INTARIAN_PEPPER_ROOT,10137.0,11.0,10135.0,22.0,,,10148.0,11.0,10151.0,22.0,,,10142.5,0.0,prices_round_1_day_-2.csv,False,11.0,0.0,10142.5,10142.5,0.0,0.0,2.6178193356262662,0.09943977591036414,286176.9578027916,-5.5,5.5,-5.5,5.5,1,1,-7.5,8.5,-7.5,8.5,1,1,,,,,0,0,q1,tight,mid_high
-2,142900,INTARIAN_PEPPER_ROOT,10137.0,8.0,10135.0,24.0,,,10148.0,8.0,10151.0,24.0,,,10142.5,0.0,prices_round_1_day_-2.csv,False,11.0,0.0,10142.5,10142.5,0.0,0.0,2.5537324649520685,0.099370188943317,285976.55377763655,-5.5,5.5,-5.5,5.5,1,1,-7.5,8.5,-7.5,8.5,1,1,,,,,0,0,q1,tight,mid_high
-2,143000,INTARIAN_PEPPER_ROOT,10137.0,12.0,,,,,10149.0,12.0,10151.0,19.0,,,10143.0,0.0,prices_round_1_day_-2.csv,False,12.0,0.0,10143.0,10143.0,0.5,0.5,2.453780613353309,0.09965034965034965,285776.4303392981,-6.0,6.0,-6.0,6.0,1,1,,8.0,,8.0,0,1,,,,,0,0,q1,tight,mid_high
-2,143100,INTARIAN_PEPPER_ROOT,10138.0,11.0,,,,,10151.0,15.0,,,,,10144.5,0.0,prices_round_1_day_-2.csv,False,13.0,-0.15384615384615385,10143.5,10143.5,0.5,1.5,2.323574505399386,0.09993011879804332,285576.58679372363,-5.5,7.5,-6.5,6.5,1,1,,,,,0,0,,,,,0,0,q1,tight,mid_high
-2,143200,INTARIAN_PEPPER_ROOT,10138.0,9.0,10135.0,23.0,,,10151.0,23.0,,,,,10144.5,0.0,prices_round_1_day_-2.csv,False,13.0,-0.4375,10141.65625,10141.65625,-1.84375,0.0,1.9871165470488281,0.0985728002793296,285377.0250805583,-3.65625,9.34375,-6.5,6.5,1,1,-6.65625,,-9.5,,1,0,,,,,0,0,q1,tight,mid_high
-2,143300,INTARIAN_PEPPER_ROOT,10138.0,11.0,10135.0,19.0,,,10149.0,11.0,,,,,10143.5,0.0,prices_round_1_day_-2.csv,False,11.0,0.0,10143.5,10143.5,1.84375,-1.0,1.5685208189638133,0.09979064898813678,285177.74157388066,-5.5,5.5,-5.5,5.5,1,1,-8.5,,-8.5,,1,0,,,,,0,0,q1,tight,mid_high
-2,143400,INTARIAN_PEPPER_ROOT,10138.0,8.0,10135.0,15.0,,,10149.0,8.0,10152.0,15.0,,,10143.5,0.0,prices_round_1_day_-2.csv,False,11.0,0.0,10143.5,10143.5,0.0,0.0,1.389654669047488,0.099721059972106,284978.7340849605,-5.5,5.5,-5.5,5.5,1,1,-8.5,8.5,-8.5,8.5,1,1,,,,,0,0,q1,tight,mid_high
-2,143500,INTARIAN_PEPPER_ROOT,10135.0,23.0,,,,,10149.0,11.0,10152.0,23.0,,,10142.0,0.0,prices_round_1_day_-2.csv,False,14.0,0.35294117647058826,10144.470588235294,10144.470588235294,0.9705882352936896,-1.5,1.1482901921681625,0.10032793605246947,284780.00467338174,-9.47058823529369,4.52941176470631,-7.0,7.0,1,1,,7.52941176470631,,10.0,0,1,,,,,0,0,q1,mid1,mid_high
-2,143600,INTARIAN_PEPPER_ROOT,10138.0,10.0,10135.0,23.0,,,10149.0,10.0,10152.0,23.0,,,10143.5,0.0,prices_round_1_day_-2.csv,False,11.0,0.0,10143.5,10143.5,-0.9705882352936896,1.5,1.158508435015044,0.09958217270194986,284581.5525071026,-5.5,5.5,-5.5,5.5,1,1,-8.5,8.5,-8.5,8.5,1,1,,,,,0,0,q1,tight,mid_high
-2,143700,INTARIAN_PEPPER_ROOT,10136.0,17.0,,,,,10149.0,12.0,10152.0,17.0,,,10142.5,0.0,prices_round_1_day_-2.csv,False,13.0,0.1724137931034483,10143.620689655172,10143.620689655172,0.12068965517210017,-1.0,1.1565380102328018,0.09959686127708567,284383.37593881437,-7.6206896551721,5.3793103448279,-6.5,6.5,1,1,,8.3793103448279,,9.5,0,1,,,,,0,0,q1,tight,mid_high
-2,143800,INTARIAN_PEPPER_ROOT,10138.0,10.0,10136.0,17.0,,,10149.0,10.0,,,,,10143.5,0.0,prices_round_1_day_-2.csv,False,11.0,0.0,10143.5,10143.5,-0.12068965517210017,1.0,1.1530495181338098,0.09944367176634214,284185.47522382037,-5.5,5.5,-5.5,5.5,1,1,-7.5,,-7.5,,1,0,,,,,0,0,q1,tight,mid_high
-2,143900,INTARIAN_PEPPER_ROOT,10138.0,8.0,10136.0,15.0,,,10149.0,8.0,10152.0,15.0,,,10143.5,0.0,prices_round_1_day_-2.csv,False,11.0,0.0,10143.5,10143.5,0.0,0.0,1.1256070990492395,0.09937456567060458,283987.8497263644,-5.5,5.5,-5.5,5.5,1,1,-7.5,8.5,-7.5,8.5,1,1,,,,,0,0,q1,tight,mid_high
-2,144000,INTARIAN_PEPPER_ROOT,10138.0,10.0,10136.0,17.0,,,10150.0,10.0,10152.0,17.0,,,10144.0,0.0,prices_round_1_day_-2.csv,False,12.0,0.0,10144.0,10144.0,0.5,0.5,1.0893086104407947,0.09965277777777778,283790.499004101,-6.0,6.0,-6.0,6.0,1,1,-8.0,8.0,-8.0,8.0,1,1,,,,,0,0,q1,tight,mid_high
-2,144100,INTARIAN_PEPPER_ROOT,10136.0,19.0,,,,,10150.0,9.0,10152.0,19.0,,,10143.0,0.0,prices_round_1_day_-2.csv,False,14.0,0.35714285714285715,10145.5,10145.5,1.5,-1.0,1.099439453103829,0.10062456627342123,283593.4236295228,-9.5,4.5,-7.0,7.0,1,1,,6.5,,9.0,0,1,,,,,0,0,q1,mid1,mid_high
-2,144200,INTARIAN_PEPPER_ROOT,10139.0,10.0,,,,,10150.0,10.0,10152.0,25.0,,,10144.5,0.0,prices_round_1_day_-2.csv,False,11.0,0.0,10144.5,10144.5,-1.0,1.5,1.1069743081954826,0.09986130374479889,283396.6212609627,-5.5,5.5,-5.5,5.5,1,1,,7.5,,7.5,0,1,,,,,0,0,q1,tight,mid_high
-2,144300,INTARIAN_PEPPER_ROOT,10139.0,10.0,10136.0,17.0,,,,,,,,,10139.0,0.0,prices_round_1_day_-2.csv,True,,1.0,,10139.0,-5.5,-5.5,1.3611910588145633,0.09598059598059598,283200.1127418602,0.0,,0.0,,1,0,-3.0,,-3.0,,1,0,,,,,0,0,q1,mid1,mid_high
-2,144400,INTARIAN_PEPPER_ROOT,,,,,,,10150.0,12.0,,,,,10150.0,0.0,prices_round_1_day_-2.csv,True,,-1.0,,10150.0,11.0,11.0,2.058038844710491,0.10353185595567867,283003.93720655754,,0.0,,0.0,0,1,,,,,0,0,,,,,0,0,q1,mid1,mid_high
-2,144500,INTARIAN_PEPPER_ROOT,10139.0,11.0,10136.0,16.0,,,10150.0,11.0,10153.0,16.0,,,10144.5,0.0,prices_round_1_day_-2.csv,False,11.0,0.0,10144.5,10144.5,-5.5,-5.5,2.1954432293135686,0.09965397923875433,282807.97283026454,-5.5,5.5,-5.5,5.5,1,1,-8.5,8.5,-8.5,8.5,1,1,,,,,0,0,q1,tight,mid_high
-2,144600,INTARIAN_PEPPER_ROOT,,,,,,,10150.0,12.0,,,,,10150.0,0.0,prices_round_1_day_-2.csv,True,,-1.0,,10150.0,5.5,5.5,2.32073677685008,0.10338865836791147,282612.27813873393,,0.0,,0.0,0,1,,,,,0,0,,,,,0,0,q1,mid1,mid_high
-2,144700,INTARIAN_PEPPER_ROOT,,,,,,,10150.0,9.0,10153.0,20.0,,,10150.0,0.0,prices_round_1_day_-2.csv,True,,-1.0,,10150.0,0.0,0.0,2.3201084371342233,0.10331720801658605,282416.83397036814,,0.0,,0.0,0,1,,3.0,,3.0,0,1,,,,,0,0,q1,mid1,mid_high
-2,144800,INTARIAN_PEPPER_ROOT,10139.0,9.0,10137.0,18.0,,,10150.0,9.0,10153.0,18.0,,,10144.5,0.0,prices_round_1_day_-2.csv,False,11.0,0.0,10144.5,10144.5,-5.5,-5.5,2.445642773712661,0.09944751381215469,282221.681614812,-5.5,5.5,-5.5,5.5,1,1,-7.5,8.5,-7.5,8.5,1,1,,,,,0,0,q1,tight,mid_high
-2,144900,INTARIAN_PEPPER_ROOT,10139.0,11.0,10137.0,22.0,,,10150.0,11.0,10153.0,22.0,,,10144.5,0.0,prices_round_1_day_-2.csv,False,11.0,0.0,10144.5,10144.5,0.0,0.0,2.4420011289355377,0.09937888198757763,282026.77714538394,-5.5,5.5,-5.5,5.5,1,1,-7.5,8.5,-7.5,8.5,1,1,,,,,0,0,q1,tight,mid_high
-2,145000,INTARIAN_PEPPER_ROOT,10139.0,10.0,10137.0,25.0,,,10151.0,10.0,10153.0,25.0,,,10145.0,0.0,prices_round_1_day_-2.csv,False,12.0,0.0,10145.0,10145.0,0.5,0.5,2.4015404393123534,0.0996551724137931,281832.1417991046,-6.0,6.0,-6.0,6.0,1,1,-8.0,8.0,-8.0,8.0,1,1,,,,,0,0,q1,tight,mid_high
-2,145100,INTARIAN_PEPPER_ROOT,10140.0,10.0,10137.0,19.0,,,10151.0,10.0,10153.0,19.0,,,10145.5,0.0,prices_round_1_day_-2.csv,False,11.0,0.0,10145.5,10145.5,0.5,0.5,2.347914522315824,0.09993108201240523,281637.7749152194,-5.5,5.5,-5.5,5.5,1,1,-8.5,7.5,-8.5,7.5,1,1,,,,,0,0,q1,tight,mid_high
-2,145200,INTARIAN_PEPPER_ROOT,10137.0,24.0,,,,,10153.0,24.0,,,,,10145.0,0.0,prices_round_1_day_-2.csv,False,16.0,0.0,10145.0,10145.0,-0.5,-0.5,2.349413420500546,0.09951790633608816,281443.6760763181,-8.0,8.0,-8.0,8.0,1,1,,,,,0,0,,,,,0,0,q1,mid1,mid_high
-2,145300,INTARIAN_PEPPER_ROOT,10137.0,19.0,,,,,10151.0,12.0,10153.0,19.0,,,10144.0,0.0,prices_round_1_day_-2.csv,False,14.0,0.22580645161290322,10145.58064516129,10145.58064516129,0.5806451612897945,-1.0,2.350394310380604,0.09984903314610447,281249.8445027973,-8.580645161289794,5.4193548387102055,-7.0,7.0,1,1,,7.4193548387102055,,9.0,0,1,,,,,0,0,q1,mid1,mid_high
-2,145400,INTARIAN_PEPPER_ROOT,10140.0,11.0,10137.0,17.0,,,10142.0,8.0,10151.0,11.0,,,10141.0,0.0,prices_round_1_day_-2.csv,False,2.0,0.15789473684210525,10141.157894736842,10141.157894736842,-4.422750424448168,-3.0,2.435962036882761,0.09673857959892822,281056.2936392982,-1.1578947368416266,0.8421052631583734,-1.0,1.0,1,1,-4.157894736841627,9.842105263158373,-4.0,10.0,1,1,,,,,0,0,q1,tight,mid_high
-2,145500,INTARIAN_PEPPER_ROOT,10140.0,11.0,10137.0,15.0,,,10151.0,11.0,,,,,10145.5,0.0,prices_round_1_day_-2.csv,False,11.0,0.0,10145.5,10145.5,4.342105263158373,4.5,2.5117039335373756,0.09965635738831616,280863.0073374494,-5.5,5.5,-5.5,5.5,1,1,-8.5,,-8.5,,1,0,,,,,0,0,q1,tight,mid_high
-2,145600,INTARIAN_PEPPER_ROOT,10137.0,19.0,,,,,10151.0,10.0,10154.0,19.0,,,10144.0,0.0,prices_round_1_day_-2.csv,False,14.0,0.3103448275862069,10146.172413793103,10146.172413793103,0.6724137931032601,-1.5,2.5129574031081257,0.10004973474801047,280669.9745680256,-9.17241379310326,4.82758620689674,-7.0,7.0,1,1,,7.82758620689674,,10.0,0,1,,,,,0,0,q1,mid1,mid_high
-2,145700,INTARIAN_PEPPER_ROOT,10143.0,8.0,10140.0,11.0,10138.0,22.0,10151.0,11.0,10154.0,22.0,,,10147.0,0.0,prices_round_1_day_-2.csv,False,8.0,-0.15789473684210525,10146.368421052632,10146.368421052632,0.19600725952841458,3.0,2.4974954873263213,0.10011559440812057,280477.2067346695,-3.3684210526316747,4.631578947368325,-4.0,4.0,1,1,-6.368421052631675,7.631578947368325,-7.0,7.0,1,1,-8.368421052631675,,-9.0,,1,0,q1,tight,mid_high
-2,145800,INTARIAN_PEPPER_ROOT,10140.0,8.0,,,,,10151.0,8.0,10154.0,24.0,,,10145.5,0.0,prices_round_1_day_-2.csv,False,11.0,0.0,10145.5,10145.5,-0.8684210526316747,-1.5,2.4898762664598224,0.09945130315500686,280284.7041476312,-5.5,5.5,-5.5,5.5,1,1,,8.5,,8.5,0,1,,,,,0,0,q1,tight,mid_high
-2,145900,INTARIAN_PEPPER_ROOT,10140.0,9.0,,,,,10151.0,9.0,10154.0,23.0,,,10145.5,0.0,prices_round_1_day_-2.csv,False,11.0,0.0,10145.5,10145.5,0.0,0.0,2.48924096000644,0.0993831391363948,280092.4649883281,-5.5,5.5,-5.5,5.5,1,1,,8.5,,8.5,0,1,,,,,0,0,q1,tight,mid_high
-2,146000,INTARIAN_PEPPER_ROOT,10140.0,10.0,10138.0,18.0,,,10152.0,10.0,,,,,10146.0,0.0,prices_round_1_day_-2.csv,False,12.0,0.0,10146.0,10146.0,0.5,0.5,2.4898762664598224,0.09965753424657534,279900.4894539865,-6.0,6.0,-6.0,6.0,1,1,-8.0,,-8.0,,1,0,,,,,0,0,q1,tight,mid_high
-2,146100,INTARIAN_PEPPER_ROOT,10141.0,12.0,10138.0,23.0,,,10152.0,12.0,10154.0,23.0,,,10146.5,0.0,prices_round_1_day_-2.csv,False,11.0,0.0,10146.5,10146.5,0.5,0.5,2.4898762664598224,0.0999315537303217,279708.7768996786,-5.5,5.5,-5.5,5.5,1,1,-8.5,7.5,-8.5,7.5,1,1,,,,,0,0,q1,tight,mid_high
-2,146200,INTARIAN_PEPPER_ROOT,10138.0,18.0,,,,,10154.0,18.0,,,,,10146.0,0.0,prices_round_1_day_-2.csv,False,16.0,0.0,10146.0,10146.0,-0.5,-0.5,2.4912897540443657,0.09952120383036936,279517.3269221098,-8.0,8.0,-8.0,8.0,1,1,,,,,0,0,,,,,0,0,q1,mid1,mid_high
-2,146300,INTARIAN_PEPPER_ROOT,10141.0,12.0,10138.0,20.0,,,10154.0,20.0,,,,,10147.5,0.0,prices_round_1_day_-2.csv,False,13.0,-0.25,10145.875,10145.875,-0.125,1.5,2.4836271813043598,0.09936773752563226,279326.1386344581,-4.875,8.125,-6.5,6.5,1,1,-7.875,,-9.5,,1,0,,,,,0,0,q1,tight,mid_high
-2,146400,INTARIAN_PEPPER_ROOT,10141.0,12.0,10138.0,25.0,,,10152.0,12.0,,,,,10146.5,0.0,prices_round_1_day_-2.csv,False,11.0,0.0,10146.5,10146.5,0.625,-1.0,2.479033533228532,0.09972677595628415,279135.2118658089,-5.5,5.5,-5.5,5.5,1,1,-8.5,,-8.5,,1,0,,,,,0,0,q1,tight,mid_high
-2,146500,INTARIAN_PEPPER_ROOT,10141.0,12.0,10138.0,17.0,,,10152.0,12.0,10155.0,17.0,,,10146.5,0.0,prices_round_1_day_-2.csv,False,11.0,0.0,10146.5,10146.5,0.0,0.0,2.479033533228532,0.09965870307167235,278944.5457442739,-5.5,5.5,-5.5,5.5,1,1,-8.5,8.5,-8.5,8.5,1,1,,,,,0,0,q1,tight,mid_high
-2,146600,INTARIAN_PEPPER_ROOT,10138.0,17.0,,,,,10152.0,11.0,10155.0,17.0,,,10145.0,0.0,prices_round_1_day_-2.csv,False,14.0,0.21428571428571427,10146.5,10146.5,0.0,-1.5,2.479033533228532,0.09959072305593451,278754.13991777616,-8.5,5.5,-7.0,7.0,1,1,,8.5,,10.0,0,1,,,,,0,0,q1,mid1,mid_high
-2,146700,INTARIAN_PEPPER_ROOT,10141.0,12.0,10139.0,21.0,,,10152.0,12.0,10155.0,21.0,,,10146.5,0.0,prices_round_1_day_-2.csv,False,11.0,0.0,10146.5,10146.5,0.0,1.5,2.4683290046503257,0.09952283571915474,278563.99385365186,-5.5,5.5,-5.5,5.5,1,1,-7.5,8.5,-7.5,8.5,1,1,,,,,0,0,q1,tight,mid_high
-2,146800,INTARIAN_PEPPER_ROOT,10139.0,18.0,,,,,10152.0,10.0,10155.0,18.0,,,10145.5,0.0,prices_round_1_day_-2.csv,False,13.0,0.2857142857142857,10147.357142857143,10147.357142857143,0.857142857143117,-1.0,2.462715139729854,0.10003892565200485,278374.1074049425,-8.357142857143117,4.642857142856883,-6.5,6.5,1,1,,7.642857142856883,,9.5,0,1,,,,,0,0,q1,tight,mid_high
-2,146900,INTARIAN_PEPPER_ROOT,10141.0,10.0,10139.0,19.0,,,10152.0,10.0,10155.0,19.0,,,10146.5,0.0,prices_round_1_day_-2.csv,False,11.0,0.0,10146.5,10146.5,-0.857142857143117,1.0,2.4665275245542757,0.09938733832539143,278184.47989007086,-5.5,5.5,-5.5,5.5,1,1,-7.5,8.5,-7.5,8.5,1,1,,,,,0,0,q1,tight,mid_high
-2,147000,INTARIAN_PEPPER_ROOT,10139.0,24.0,,,,,10153.0,10.0,10155.0,24.0,,,10146.0,0.0,prices_round_1_day_-2.csv,False,14.0,0.4117647058823529,10148.882352941177,10148.882352941177,2.3823529411765776,-0.5,2.48703746940092,0.10094037615046025,277995.11346971436,-9.882352941176578,4.117647058823422,-7.0,7.0,1,1,,6.117647058823422,,9.0,0,1,,,,,0,0,q1,mid1,mid_high
-2,147100,INTARIAN_PEPPER_ROOT,10142.0,10.0,,,,,10153.0,10.0,,,,,10147.5,0.0,prices_round_1_day_-2.csv,False,11.0,0.0,10147.5,10147.5,-1.3823529411765776,1.5,2.4956723711834,0.09993201903467029,277806.00264331547,-5.5,5.5,-5.5,5.5,1,1,,,,,0,0,,,,,0,0,q1,tight,mid_high
-2,147200,INTARIAN_PEPPER_ROOT,10142.0,8.0,10139.0,21.0,,,10153.0,8.0,10155.0,21.0,,,10147.5,0.0,prices_round_1_day_-2.csv,False,11.0,0.0,10147.5,10147.5,0.0,0.0,2.4956723711834,0.09986413043478261,277617.14744775894,-5.5,5.5,-5.5,5.5,1,1,-8.5,7.5,-8.5,7.5,1,1,,,,,0,0,q1,tight,mid_high
-2,147300,INTARIAN_PEPPER_ROOT,10139.0,22.0,,,,,10153.0,10.0,10155.0,22.0,,,10146.0,0.0,prices_round_1_day_-2.csv,False,14.0,0.375,10148.625,10148.625,1.125,-1.5,2.4996785961975534,0.10056008146639511,277428.54955560016,-9.625,4.375,-7.0,7.0,1,1,,6.375,,9.0,0,1,,,,,0,0,q1,mid1,mid_high
-2,147400,INTARIAN_PEPPER_ROOT,10142.0,9.0,,,,,10153.0,9.0,10156.0,15.0,,,10147.5,0.0,prices_round_1_day_-2.csv,False,11.0,0.0,10147.5,10147.5,-1.125,1.5,2.50591910968574,0.09972862957937585,277240.208042649,-5.5,5.5,-5.5,5.5,1,1,,8.5,,8.5,0,1,,,,,0,0,q1,tight,mid_high
-2,147500,INTARIAN_PEPPER_ROOT,10142.0,10.0,10139.0,19.0,,,10153.0,10.0,10156.0,19.0,,,10147.5,0.0,prices_round_1_day_-2.csv,False,11.0,0.0,10147.5,10147.5,0.0,0.0,2.50591910968574,0.09966101694915254,277052.12106971577,-5.5,5.5,-5.5,5.5,1,1,-8.5,8.5,-8.5,8.5,1,1,,,,,0,0,q1,tight,mid_high
-2,147600,INTARIAN_PEPPER_ROOT,10142.0,9.0,10139.0,25.0,,,10153.0,9.0,10156.0,25.0,,,10147.5,0.0,prices_round_1_day_-2.csv,False,11.0,0.0,10147.5,10147.5,0.0,0.0,2.50591910968574,0.09959349593495935,276864.28912995703,-5.5,5.5,-5.5,5.5,1,1,-8.5,8.5,-8.5,8.5,1,1,,,,,0,0,q1,tight,mid_high
-2,147700,INTARIAN_PEPPER_ROOT,10142.0,11.0,10140.0,24.0,,,10156.0,24.0,,,,,10149.0,0.0,prices_round_1_day_-2.csv,False,14.0,-0.37142857142857144,10146.4,10146.4,-1.1000000000003638,1.5,2.5116369921241724,0.09878131347325636,276676.712672586,-4.399999999999636,9.600000000000364,-7.0,7.0,1,1,-6.399999999999636,,-9.0,,1,0,,,,,0,0,q1,mid1,mid_high
-2,147800,INTARIAN_PEPPER_ROOT,10142.0,12.0,,,,,10153.0,12.0,10156.0,19.0,,,10147.5,0.0,prices_round_1_day_-2.csv,False,11.0,0.0,10147.5,10147.5,1.1000000000003638,-1.5,2.5157540299858905,0.09945872801082543,276489.3899163829,-5.5,5.5,-5.5,5.5,1,1,,8.5,,8.5,0,1,,,,,0,0,q1,tight,mid_high
-2,147900,INTARIAN_PEPPER_ROOT,10142.0,11.0,10140.0,23.0,,,10153.0,11.0,,,,,10147.5,0.0,prices_round_1_day_-2.csv,False,11.0,0.0,10147.5,10147.5,0.0,0.0,2.5157540299858905,0.09939148073022312,276302.31997048913,-5.5,5.5,-5.5,5.5,1,1,-7.5,,-7.5,,1,0,,,,,0,0,q1,tight,mid_high
-2,148000,INTARIAN_PEPPER_ROOT,10142.0,12.0,,,,,10156.0,19.0,,,,,10149.0,0.0,prices_round_1_day_-2.csv,False,14.0,-0.22580645161290322,10147.41935483871,10147.41935483871,-0.08064516128979449,1.5,2.515210010010334,0.09926983435047987,276115.5030079609,-5.4193548387102055,8.580645161289794,-7.0,7.0,1,1,,,,,0,0,,,,,0,0,q1,mid1,mid_high
-2,148100,INTARIAN_PEPPER_ROOT,10140.0,18.0,,,,,10154.0,9.0,10156.0,18.0,,,10147.0,0.0,prices_round_1_day_-2.csv,False,14.0,0.3333333333333333,10149.333333333334,10149.333333333334,1.9139784946237342,-2.0,2.5278496160808626,0.10049516092730178,275928.9407025123,-9.33333333333394,4.66666666666606,-7.0,7.0,1,1,,6.66666666666606,,9.0,0,1,,,,,0,0,q1,mid1,mid_high
-2,148200,INTARIAN_PEPPER_ROOT,10143.0,11.0,,,,,10154.0,11.0,10156.0,19.0,,,10148.5,0.0,prices_round_1_day_-2.csv,False,11.0,0.0,10148.5,10148.5,-0.8333333333339397,1.5,2.51586804126041,0.09986504723346828,275742.6287043656,-5.5,5.5,-5.5,5.5,1,1,,7.5,,7.5,0,1,,,,,0,0,q1,tight,mid_high
-2,148300,INTARIAN_PEPPER_ROOT,10143.0,8.0,10140.0,16.0,,,10154.0,8.0,,,,,10148.5,0.0,prices_round_1_day_-2.csv,False,11.0,0.0,10148.5,10148.5,0.0,0.0,2.5038229230497864,0.09979770734996629,275556.56755811855,-5.5,5.5,-5.5,5.5,1,1,-8.5,,-8.5,,1,0,,,,,0,0,q1,tight,mid_high
-2,148400,INTARIAN_PEPPER_ROOT,10143.0,9.0,10140.0,15.0,,,10157.0,15.0,,,,,10150.0,0.0,prices_round_1_day_-2.csv,False,14.0,-0.25,10148.25,10148.25,-0.25,1.5,2.5042762703329764,0.09956199460916441,275370.75741295196,-5.25,8.75,-7.0,7.0,1,1,-8.25,,-10.0,,1,0,,,,,0,0,q1,mid1,mid_high
-2,148500,INTARIAN_PEPPER_ROOT,10143.0,10.0,10140.0,23.0,,,,,,,,,10143.0,0.0,prices_round_1_day_-2.csv,True,,1.0,,10143.0,-5.25,-7.0,2.6120874370145137,0.09595959595959595,275185.2168746294,0.0,,0.0,,1,0,-3.0,,-3.0,,1,0,,,,,0,0,q1,mid1,mid_high
-2,148600,INTARIAN_PEPPER_ROOT,10143.0,8.0,,,,,10154.0,8.0,10157.0,22.0,,,10148.5,0.0,prices_round_1_day_-2.csv,False,11.0,0.0,10148.5,10148.5,5.5,5.5,2.7224623054473684,0.09959623149394348,274999.9266168014,-5.5,5.5,-5.5,5.5,1,1,,8.5,,8.5,0,1,,,,,0,0,q1,tight,mid_high
-2,148700,INTARIAN_PEPPER_ROOT,10143.0,9.0,10141.0,22.0,,,10154.0,9.0,10157.0,22.0,,,10148.5,0.0,prices_round_1_day_-2.csv,False,11.0,0.0,10148.5,10148.5,0.0,0.0,2.7224970899810903,0.09952925353059852,274814.8661075793,-5.5,5.5,-5.5,5.5,1,1,-7.5,8.5,-7.5,8.5,1,1,,,,,0,0,q1,tight,mid_high
-2,148800,INTARIAN_PEPPER_ROOT,10143.0,11.0,10141.0,24.0,,,10154.0,11.0,10157.0,24.0,,,10148.5,0.0,prices_round_1_day_-2.csv,False,11.0,0.0,10148.5,10148.5,0.0,0.0,2.722353113440789,0.09946236559139784,274630.05450286635,-5.5,5.5,-5.5,5.5,1,1,-7.5,8.5,-7.5,8.5,1,1,,,,,0,0,q1,tight,mid_high
-2,148900,INTARIAN_PEPPER_ROOT,10143.0,11.0,10141.0,18.0,,,10154.0,11.0,10157.0,18.0,,,10148.5,0.0,prices_round_1_day_-2.csv,False,11.0,0.0,10148.5,10148.5,0.0,0.0,2.722353113440789,0.09939556749496306,274445.491300839,-5.5,5.5,-5.5,5.5,1,1,-7.5,8.5,-7.5,8.5,1,1,,,,,0,0,q1,tight,mid_high
-2,149000,INTARIAN_PEPPER_ROOT,10143.0,8.0,10141.0,21.0,,,10155.0,8.0,10157.0,21.0,,,10149.0,0.0,prices_round_1_day_-2.csv,False,12.0,0.0,10149.0,10149.0,0.5,0.5,2.722353113440789,0.09966442953020134,274261.1761020985,-6.0,6.0,-6.0,6.0,1,1,-8.0,8.0,-8.0,8.0,1,1,,,,,0,0,q1,tight,mid_high
-2,149100,INTARIAN_PEPPER_ROOT,10144.0,12.0,10141.0,19.0,,,10155.0,12.0,,,,,10149.5,0.0,prices_round_1_day_-2.csv,False,11.0,0.0,10149.5,10149.5,0.5,0.5,2.715522715264577,0.0999329309188464,274077.1083061649,-5.5,5.5,-5.5,5.5,1,1,-8.5,,-8.5,,1,0,,,,,0,0,q1,tight,mid_high
-2,149200,INTARIAN_PEPPER_ROOT,10144.0,8.0,10141.0,19.0,,,10155.0,8.0,10157.0,19.0,,,10149.5,0.0,prices_round_1_day_-2.csv,False,11.0,0.0,10149.5,10149.5,0.0,0.0,2.7110850197780296,0.09986595174262734,273893.2873146651,-5.5,5.5,-5.5,5.5,1,1,-8.5,7.5,-8.5,7.5,1,1,,,,,0,0,q1,tight,mid_high
-2,149300,INTARIAN_PEPPER_ROOT,10144.0,11.0,10141.0,15.0,,,10155.0,11.0,10157.0,15.0,,,10149.5,0.0,prices_round_1_day_-2.csv,False,11.0,0.0,10149.5,10149.5,0.0,0.0,2.5880183784745374,0.09979906229068988,273709.71273199207,-5.5,5.5,-5.5,5.5,1,1,-8.5,7.5,-8.5,7.5,1,1,,,,,0,0,q1,tight,mid_high
-2,149400,INTARIAN_PEPPER_ROOT,10144.0,12.0,10141.0,25.0,,,10155.0,12.0,10158.0,25.0,,,10149.5,0.0,prices_round_1_day_-2.csv,False,11.0,0.0,10149.5,10149.5,0.0,0.0,2.0672081006525738,0.0997322623828648,273526.3840630177,-5.5,5.5,-5.5,5.5,1,1,-8.5,8.5,-8.5,8.5,1,1,,,,,0,0,q1,tight,mid_high
-2,149500,INTARIAN_PEPPER_ROOT,10144.0,10.0,10141.0,25.0,,,10155.0,10.0,10158.0,25.0,,,10149.5,0.0,prices_round_1_day_-2.csv,False,11.0,0.0,10149.5,10149.5,0.0,0.0,1.9094240890414516,0.09966555183946488,273343.30081393925,-5.5,5.5,-5.5,5.5,1,1,-8.5,8.5,-8.5,8.5,1,1,,,,,0,0,q1,tight,mid_high
-2,149600,INTARIAN_PEPPER_ROOT,10144.0,10.0,,,,,10155.0,10.0,,,,,10149.5,0.0,prices_round_1_day_-2.csv,False,11.0,0.0,10149.5,10149.5,0.0,0.0,1.7431739597219211,0.09959893048128342,273160.46249227546,-5.5,5.5,-5.5,5.5,1,1,,,,,0,0,,,,,0,0,q1,tight,mid_high
-2,149700,INTARIAN_PEPPER_ROOT,10144.0,9.0,10142.0,20.0,,,10155.0,9.0,10158.0,20.0,,,10149.5,0.0,prices_round_1_day_-2.csv,False,11.0,0.0,10149.5,10149.5,0.0,0.0,1.7431739597219211,0.09953239812959253,272977.8686068617,-5.5,5.5,-5.5,5.5,1,1,-7.5,8.5,-7.5,8.5,1,1,,,,,0,0,q1,tight,mid_high
-2,149800,INTARIAN_PEPPER_ROOT,10144.0,9.0,10142.0,22.0,,,10158.0,22.0,,,,,10151.0,0.0,prices_round_1_day_-2.csv,False,14.0,-0.41935483870967744,10148.064516129032,10148.064516129032,-1.4354838709678006,1.5,1.5678896233401183,0.0985076876695809,272795.52023417974,-4.064516129032199,9.9354838709678,-7.0,7.0,1,1,-6.064516129032199,,-9.0,,1,0,,,,,0,0,q1,mid1,mid_high
-2,149900,INTARIAN_PEPPER_ROOT,10144.0,11.0,10142.0,24.0,,,10155.0,11.0,,,,,10149.5,0.0,prices_round_1_day_-2.csv,False,11.0,0.0,10149.5,10149.5,1.4354838709678006,-1.5,1.579656027698684,0.09939959973315543,272613.4149378371,-5.5,5.5,-5.5,5.5,1,1,-7.5,,-7.5,,1,0,,,,,0,0,q1,tight,mid_high
-2,150000,INTARIAN_PEPPER_ROOT,10144.0,8.0,10142.0,15.0,,,10158.0,15.0,,,,,10151.0,0.0,prices_round_1_day_-2.csv,False,14.0,-0.30434782608695654,10148.869565217392,10148.869565217392,-0.630434782608063,1.5,1.5819022547919934,0.0989130434782613,272431.55177397135,-4.869565217391937,9.130434782608063,-7.0,7.0,1,1,-6.869565217391937,,-9.0,,1,0,,,,,0,0,q1,mid1,mid_high
-2,150100,INTARIAN_PEPPER_ROOT,10145.0,10.0,10142.0,17.0,,,10156.0,10.0,10158.0,17.0,,,10150.5,0.0,prices_round_1_day_-2.csv,False,11.0,0.0,10150.5,10150.5,1.630434782608063,-0.5,1.596080088023402,0.09993337774816789,272249.9323021195,-5.5,5.5,-5.5,5.5,1,1,-8.5,7.5,-8.5,7.5,1,1,,,,,0,0,q1,tight,mid_high
-2,150200,INTARIAN_PEPPER_ROOT,10142.0,19.0,,,,,10156.0,9.0,,,,,10149.0,0.0,prices_round_1_day_-2.csv,False,14.0,0.35714285714285715,10151.5,10151.5,1.0,-1.5,1.598667242895543,0.10053262316910785,272068.55380596925,-9.5,4.5,-7.0,7.0,1,1,,,,,0,0,,,,,0,0,q1,mid1,mid_high
-2,150300,INTARIAN_PEPPER_ROOT,10145.0,12.0,10142.0,22.0,,,10158.0,22.0,,,,,10151.5,0.0,prices_round_1_day_-2.csv,False,13.0,-0.29411764705882354,10149.588235294117,10149.588235294117,-1.911764705882888,2.5,1.6230016952455741,0.09919376932409654,271887.41898096283,-4.588235294117112,8.411764705882888,-6.5,6.5,1,1,-7.588235294117112,,-9.5,,1,0,,,,,0,0,q1,tight,mid_high
-2,150400,INTARIAN_PEPPER_ROOT,,,,,,,10156.0,9.0,10159.0,23.0,,,10156.0,0.0,prices_round_1_day_-2.csv,True,,-1.0,,10156.0,6.411764705882888,4.5,1.7293271651548316,0.10339095744680851,271706.5489896626,,0.0,,0.0,0,1,,3.0,,3.0,0,1,,,,,0,0,q1,mid1,mid_high
-2,150500,INTARIAN_PEPPER_ROOT,10145.0,11.0,10142.0,21.0,,,10156.0,11.0,,,,,10150.5,0.0,prices_round_1_day_-2.csv,False,11.0,0.0,10150.5,10150.5,-5.5,-5.5,1.8173760711727087,0.09966777408637874,271525.9139019885,-5.5,5.5,-5.5,5.5,1,1,-8.5,,-8.5,,1,0,,,,,0,0,q1,tight,mid_high
-2,150600,INTARIAN_PEPPER_ROOT,10145.0,9.0,10142.0,25.0,,,10156.0,9.0,10159.0,25.0,,,10150.5,0.0,prices_round_1_day_-2.csv,False,11.0,0.0,10150.5,10150.5,0.0,0.0,1.815540809194995,0.099601593625498,271345.4980189487,-5.5,5.5,-5.5,5.5,1,1,-8.5,8.5,-8.5,8.5,1,1,,,,,0,0,q1,tight,mid_high
-2,150700,INTARIAN_PEPPER_ROOT,10145.0,8.0,10143.0,17.0,,,10156.0,8.0,10159.0,17.0,,,10150.5,0.0,prices_round_1_day_-2.csv,False,11.0,0.0,10150.5,10150.5,0.0,0.0,1.8155112585860154,0.099535500995355,271165.32173202635,-5.5,5.5,-5.5,5.5,1,1,-7.5,8.5,-7.5,8.5,1,1,,,,,0,0,q1,tight,mid_high
-2,150800,INTARIAN_PEPPER_ROOT,10145.0,10.0,,,,,10156.0,10.0,10159.0,25.0,,,10150.5,0.0,prices_round_1_day_-2.csv,False,11.0,0.0,10150.5,10150.5,0.0,0.0,1.810373843114861,0.09946949602122016,270985.38456425513,-5.5,5.5,-5.5,5.5,1,1,,8.5,,8.5,0,1,,,,,0,0,q1,tight,mid_high
-2,150900,INTARIAN_PEPPER_ROOT,10143.0,24.0,,,,,10159.0,24.0,,,,,10151.0,0.0,prices_round_1_day_-2.csv,False,16.0,0.0,10151.0,10151.0,0.5,0.5,1.8111909439669636,0.09973492379058979,270805.6861396889,-8.0,8.0,-8.0,8.0,1,1,,,,,0,0,,,,,0,0,q1,mid1,mid_high
-2,151000,INTARIAN_PEPPER_ROOT,10145.0,11.0,10143.0,24.0,,,10157.0,11.0,10159.0,24.0,,,10151.0,0.0,prices_round_1_day_-2.csv,False,12.0,0.0,10151.0,10151.0,0.0,0.0,1.810373843114861,0.09966887417218544,270626.2257843547,-6.0,6.0,-6.0,6.0,1,1,-8.0,8.0,-8.0,8.0,1,1,,,,,0,0,q1,tight,mid_high
-2,151100,INTARIAN_PEPPER_ROOT,10146.0,12.0,,,,,10157.0,12.0,10159.0,22.0,,,10151.5,0.0,prices_round_1_day_-2.csv,False,11.0,0.0,10151.5,10151.5,0.5,0.5,1.810373843114861,0.099933818663137,270447.0032243379,-5.5,5.5,-5.5,5.5,1,1,,7.5,,7.5,0,1,,,,,0,0,q1,tight,mid_high
-2,151200,INTARIAN_PEPPER_ROOT,10146.0,12.0,10143.0,24.0,,,10157.0,12.0,10159.0,24.0,,,10151.5,0.0,prices_round_1_day_-2.csv,False,11.0,0.0,10151.5,10151.5,0.0,0.0,1.8083717963613808,0.09986772486772487,270268.0177887031,-5.5,5.5,-5.5,5.5,1,1,-8.5,7.5,-8.5,7.5,1,1,,,,,0,0,q1,tight,mid_high
-2,151300,INTARIAN_PEPPER_ROOT,10146.0,10.0,10143.0,22.0,,,10157.0,10.0,10159.0,22.0,,,10151.5,0.0,prices_round_1_day_-2.csv,False,11.0,0.0,10151.5,10151.5,0.0,0.0,1.8081266753973433,0.09980171844018507,270089.2691062813,-5.5,5.5,-5.5,5.5,1,1,-8.5,7.5,-8.5,7.5,1,1,,,,,0,0,q1,tight,mid_high
-2,151400,INTARIAN_PEPPER_ROOT,10146.0,12.0,10143.0,16.0,,,10157.0,12.0,10160.0,16.0,,,10151.5,0.0,prices_round_1_day_-2.csv,False,11.0,0.0,10151.5,10151.5,0.0,0.0,1.8066711362867383,0.09973579920739763,269910.7567076346,-5.5,5.5,-5.5,5.5,1,1,-8.5,8.5,-8.5,8.5,1,1,,,,,0,0,q1,tight,mid_high
-2,151500,INTARIAN_PEPPER_ROOT,10146.0,9.0,10143.0,22.0,,,10160.0,22.0,,,,,10153.0,0.0,prices_round_1_day_-2.csv,False,14.0,-0.41935483870967744,10150.064516129032,10150.064516129032,-1.4354838709678006,1.5,1.8196516126469031,0.0987224528904503,269732.4816737086,-4.064516129032199,9.9354838709678,-7.0,7.0,1,1,-7.064516129032199,,-10.0,,1,0,,,,,0,0,q1,mid1,mid_high
-2,151600,INTARIAN_PEPPER_ROOT,10146.0,9.0,10143.0,24.0,,,10157.0,9.0,,,,,10151.5,0.0,prices_round_1_day_-2.csv,False,11.0,0.0,10151.5,10151.5,1.4354838709678006,-1.5,1.8297997940418627,0.09960422163588391,269554.44161039416,-5.5,5.5,-5.5,5.5,1,1,-8.5,,-8.5,,1,0,,,,,0,0,q1,tight,mid_high
-2,151700,INTARIAN_PEPPER_ROOT,10146.0,12.0,,,,,10157.0,12.0,10160.0,23.0,,,10151.5,0.0,prices_round_1_day_-2.csv,False,11.0,0.0,10151.5,10151.5,0.0,0.0,1.8297997940418627,0.0995385629531971,269376.63525703276,-5.5,5.5,-5.5,5.5,1,1,,8.5,,8.5,0,1,,,,,0,0,q1,tight,mid_high
-2,151800,INTARIAN_PEPPER_ROOT,10144.0,18.0,,,,,10157.0,11.0,10160.0,18.0,,,10150.5,0.0,prices_round_1_day_-2.csv,False,13.0,0.2413793103448276,10152.068965517241,10152.068965517241,0.5689655172409402,-1.0,1.827819038592169,0.09984780337104146,269199.06346069754,-8.06896551724094,4.93103448275906,-6.5,6.5,1,1,,7.93103448275906,,9.5,0,1,,,,,0,0,q1,tight,mid_high
-2,151900,INTARIAN_PEPPER_ROOT,10146.0,12.0,10144.0,25.0,,,10157.0,12.0,,,,,10151.5,0.0,prices_round_1_day_-2.csv,False,11.0,0.0,10151.5,10151.5,-0.5689655172409402,1.0,1.8252103753055149,0.09940750493745885,269021.7257687055,-5.5,5.5,-5.5,5.5,1,1,-7.5,,-7.5,,1,0,,,,,0,0,q1,tight,mid_high
-2,152000,INTARIAN_PEPPER_ROOT,10146.0,11.0,10144.0,22.0,,,10158.0,11.0,10160.0,22.0,,,10152.0,0.0,prices_round_1_day_-2.csv,False,12.0,0.0,10152.0,10152.0,0.5,0.5,1.7963582933826214,0.09967105263157895,268844.6213806871,-6.0,6.0,-6.0,6.0,1,1,-8.0,8.0,-8.0,8.0,1,1,,,,,0,0,q1,tight,mid_high
-2,152100,INTARIAN_PEPPER_ROOT,10147.0,8.0,10144.0,16.0,,,10158.0,8.0,10160.0,16.0,,,10152.5,0.0,prices_round_1_day_-2.csv,False,11.0,0.0,10152.5,10152.5,0.5,0.5,1.785152755149701,0.09993425378040763,268667.7500246195,-5.5,5.5,-5.5,5.5,1,1,-8.5,7.5,-8.5,7.5,1,1,,,,,0,0,q1,tight,mid_high
-2,152200,INTARIAN_PEPPER_ROOT,10147.0,9.0,,,,,10158.0,9.0,,,,,10152.5,0.0,prices_round_1_day_-2.csv,False,11.0,0.0,10152.5,10152.5,0.0,0.0,1.785152755149701,0.09986859395532194,268491.1111422761,-5.5,5.5,-5.5,5.5,1,1,,,,,0,0,,,,,0,0,q1,tight,mid_high
-2,152300,INTARIAN_PEPPER_ROOT,10147.0,12.0,10144.0,18.0,,,10158.0,12.0,10160.0,18.0,,,10152.5,0.0,prices_round_1_day_-2.csv,False,11.0,0.0,10152.5,10152.5,0.0,0.0,1.7790493339668683,0.09980302035456336,268314.70437409275,-5.5,5.5,-5.5,5.5,1,1,-8.5,7.5,-8.5,7.5,1,1,,,,,0,0,q1,tight,mid_high
-2,152400,INTARIAN_PEPPER_ROOT,10147.0,11.0,10144.0,20.0,,,10158.0,11.0,10161.0,20.0,,,10152.5,0.0,prices_round_1_day_-2.csv,False,11.0,0.0,10152.5,10152.5,0.0,0.0,1.7706248038343022,0.09973753280839895,268138.5292628518,-5.5,5.5,-5.5,5.5,1,1,-8.5,8.5,-8.5,8.5,1,1,,,,,0,0,q1,tight,mid_high
-2,152500,INTARIAN_PEPPER_ROOT,10147.0,12.0,10144.0,21.0,,,10158.0,12.0,10161.0,21.0,,,10152.5,0.0,prices_round_1_day_-2.csv,False,11.0,0.0,10152.5,10152.5,0.0,0.0,1.7706248038343022,0.09967213114754099,267962.58535253565,-5.5,5.5,-5.5,5.5,1,1,-8.5,8.5,-8.5,8.5,1,1,,,,,0,0,q1,tight,mid_high
-2,152600,INTARIAN_PEPPER_ROOT,10147.0,8.0,10144.0,24.0,,,10158.0,8.0,,,,,10152.5,0.0,prices_round_1_day_-2.csv,False,11.0,0.0,10152.5,10152.5,0.0,0.0,1.7706248038343022,0.09960681520314547,267786.8721883228,-5.5,5.5,-5.5,5.5,1,1,-8.5,,-8.5,,1,0,,,,,0,0,q1,tight,mid_high
-2,152700,INTARIAN_PEPPER_ROOT,,,,,,,10158.0,10.0,10161.0,25.0,,,10158.0,0.0,prices_round_1_day_-2.csv,True,,-1.0,,10158.0,5.5,5.5,1.9191265955717416,0.1031434184675835,267611.4084091349,,0.0,,0.0,0,1,,3.0,,3.0,0,1,,,,,0,0,q1,mid1,mid_high
-2,152800,INTARIAN_PEPPER_ROOT,10147.0,12.0,10145.0,20.0,,,10158.0,12.0,,,,,10152.5,0.0,prices_round_1_day_-2.csv,False,11.0,0.0,10152.5,10152.5,-5.5,-5.5,2.0785615984142036,0.09947643979057591,267436.17590504873,-5.5,5.5,-5.5,5.5,1,1,-7.5,,-7.5,,1,0,,,,,0,0,q1,tight,mid_high
-2,152900,INTARIAN_PEPPER_ROOT,10147.0,12.0,10145.0,24.0,,,10158.0,12.0,10161.0,24.0,,,10152.5,0.0,prices_round_1_day_-2.csv,False,11.0,0.0,10152.5,10152.5,0.0,0.0,2.0785615984142036,0.09941137998691955,267261.1522361901,-5.5,5.5,-5.5,5.5,1,1,-7.5,8.5,-7.5,8.5,1,1,,,,,0,0,q1,tight,mid_high
-2,153000,INTARIAN_PEPPER_ROOT,10147.0,10.0,10145.0,16.0,,,10159.0,10.0,10161.0,16.0,,,10153.0,0.0,prices_round_1_day_-2.csv,False,12.0,0.0,10153.0,10153.0,0.5,0.5,2.079153683550918,0.09967320261437909,267086.3576044898,-6.0,6.0,-6.0,6.0,1,1,-8.0,8.0,-8.0,8.0,1,1,,,,,0,0,q1,tight,mid_high
-2,153100,INTARIAN_PEPPER_ROOT,10148.0,11.0,10145.0,15.0,,,10161.0,15.0,,,,,10154.5,0.0,prices_round_1_day_-2.csv,False,13.0,-0.15384615384615385,10153.5,10153.5,0.5,1.5,2.0636971877793155,0.0999346832135859,266911.7914623671,-5.5,7.5,-6.5,6.5,1,1,-8.5,,-9.5,,1,0,,,,,0,0,q1,tight,mid_high
-2,153200,INTARIAN_PEPPER_ROOT,10148.0,12.0,10145.0,15.0,,,10159.0,12.0,10161.0,15.0,,,10153.5,0.0,prices_round_1_day_-2.csv,False,11.0,0.0,10153.5,10153.5,0.0,-1.0,2.059503783297114,0.09986945169712794,266737.45326414244,-5.5,5.5,-5.5,5.5,1,1,-8.5,7.5,-8.5,7.5,1,1,,,,,0,0,q1,tight,mid_high
-2,153300,INTARIAN_PEPPER_ROOT,10148.0,11.0,10145.0,21.0,,,10161.0,21.0,,,,,10154.5,0.0,prices_round_1_day_-2.csv,False,13.0,-0.3125,10152.46875,10152.46875,-1.03125,1.0,2.0656801660321467,0.09913160469667319,266563.34348955535,-4.46875,8.53125,-6.5,6.5,1,1,-7.46875,,-9.5,,1,0,,,,,0,0,q1,tight,mid_high
-2,153400,INTARIAN_PEPPER_ROOT,10148.0,10.0,10145.0,21.0,,,10159.0,10.0,10162.0,21.0,,,10153.5,0.0,prices_round_1_day_-2.csv,False,11.0,0.0,10153.5,10153.5,1.03125,-1.0,2.0694544236286894,0.09973924380704041,266389.4605963973,-5.5,5.5,-5.5,5.5,1,1,-8.5,8.5,-8.5,8.5,1,1,,,,,0,0,q1,tight,mid_high
-2,153500,INTARIAN_PEPPER_ROOT,10148.0,8.0,,,,,10162.0,15.0,,,,,10155.0,0.0,prices_round_1_day_-2.csv,False,14.0,-0.30434782608695654,10152.869565217392,10152.869565217392,-0.630434782608063,1.5,1.9234719385753603,0.09926356040220972,266215.80418975477,-4.869565217391937,9.130434782608063,-7.0,7.0,1,1,,,,,0,0,,,,,0,0,q1,mid1,mid_high
-2,153600,INTARIAN_PEPPER_ROOT,10145.0,23.0,,,,,10162.0,23.0,,,,,10153.5,0.0,prices_round_1_day_-2.csv,False,17.0,0.0,10153.5,10153.5,0.630434782608063,-1.5,1.7663699949422698,0.099609375,266042.37388211273,-8.5,8.5,-8.5,8.5,1,1,,,,,0,0,,,,,0,0,q1,mid2,mid_high
-2,153700,INTARIAN_PEPPER_ROOT,10146.0,17.0,,,,,10159.0,11.0,10162.0,17.0,,,10152.5,0.0,prices_round_1_day_-2.csv,False,13.0,0.21428571428571427,10153.892857142857,10153.892857142857,0.392857142856883,-1.0,1.7667897993773776,0.09980016730179368,265869.16926756594,-7.892857142856883,5.107142857143117,-6.5,6.5,1,1,,8.107142857143117,,9.5,0,1,,,,,0,0,q1,tight,mid_high
-2,153800,INTARIAN_PEPPER_ROOT,10148.0,11.0,10146.0,15.0,,,,,,,,,10148.0,0.0,prices_round_1_day_-2.csv,True,,1.0,,10148.0,-5.892857142856883,-4.5,1.9601030118358929,0.0959037711313394,265696.2133269832,0.0,,0.0,,1,0,-2.0,,-2.0,,1,0,,,,,0,0,q1,mid1,mid_high
-2,153900,INTARIAN_PEPPER_ROOT,10148.0,12.0,10146.0,17.0,,,10159.0,12.0,10162.0,17.0,,,10153.5,0.0,prices_round_1_day_-2.csv,False,11.0,0.0,10153.5,10153.5,5.5,5.5,2.109324231825756,0.09941520467836257,265523.47793813597,-5.5,5.5,-5.5,5.5,1,1,-7.5,8.5,-7.5,8.5,1,1,,,,,0,0,q1,tight,mid_high
-2,154000,INTARIAN_PEPPER_ROOT,10148.0,11.0,10146.0,18.0,,,10162.0,18.0,,,,,10155.0,0.0,prices_round_1_day_-2.csv,False,14.0,-0.2413793103448276,10153.310344827587,10153.310344827587,-0.18965517241304042,1.5,2.1089100321776986,0.09922749664129023,265350.9481171933,-5.31034482758696,8.68965517241304,-7.0,7.0,1,1,-7.31034482758696,,-9.0,,1,0,,,,,0,0,q1,mid1,mid_high
-2,154100,INTARIAN_PEPPER_ROOT,10149.0,8.0,,,,,10162.0,22.0,,,,,10155.5,0.0,prices_round_1_day_-2.csv,False,13.0,-0.4666666666666667,10152.466666666667,10152.466666666667,-0.8436781609198079,0.5,2.1120882728094075,0.09861561756435247,265178.64288367186,-3.4666666666671517,9.533333333332848,-6.5,6.5,1,1,,,,,0,0,,,,,0,0,q1,tight,mid_high
-2,154200,INTARIAN_PEPPER_ROOT,10149.0,11.0,10146.0,20.0,,,10160.0,11.0,10162.0,20.0,,,10154.5,0.0,prices_round_1_day_-2.csv,False,11.0,0.0,10154.5,10154.5,2.0333333333328483,-1.0,2.130418150971617,0.09987029831387809,265006.5631288513,-5.5,5.5,-5.5,5.5,1,1,-8.5,7.5,-8.5,7.5,1,1,,,,,0,0,q1,tight,mid_high
-2,154300,INTARIAN_PEPPER_ROOT,10149.0,12.0,10146.0,17.0,,,10160.0,12.0,,,,,10154.5,0.0,prices_round_1_day_-2.csv,False,11.0,0.0,10154.5,10154.5,0.0,0.0,2.130418150971617,0.09980557355800389,264834.70414495945,-5.5,5.5,-5.5,5.5,1,1,-8.5,,-8.5,,1,0,,,,,0,0,q1,tight,mid_high
-2,154400,INTARIAN_PEPPER_ROOT,10146.0,25.0,,,,,10163.0,25.0,,,,,10154.5,0.0,prices_round_1_day_-2.csv,False,17.0,0.0,10154.5,10154.5,0.0,0.0,2.130418150971617,0.09974093264248704,264663.0679205976,-8.5,8.5,-8.5,8.5,1,1,,,,,0,0,,,,,0,0,q1,mid2,mid_high
-2,154500,INTARIAN_PEPPER_ROOT,10149.0,12.0,10146.0,22.0,,,10160.0,12.0,,,,,10154.5,0.0,prices_round_1_day_-2.csv,False,11.0,0.0,10154.5,10154.5,0.0,0.0,2.130418150971617,0.09967637540453074,264491.654022943,-5.5,5.5,-5.5,5.5,1,1,-8.5,,-8.5,,1,0,,,,,0,0,q1,tight,mid_high
-2,154600,INTARIAN_PEPPER_ROOT,10146.0,23.0,,,,,10160.0,8.0,10163.0,23.0,,,10153.0,0.0,prices_round_1_day_-2.csv,False,14.0,0.4838709677419355,10156.387096774193,10156.387096774193,1.8870967741931963,-1.5,2.1452742824356275,0.10083253348912885,264320.4640804072,-10.387096774193196,3.6129032258068037,-7.0,7.0,1,1,,6.612903225806804,,10.0,0,1,,,,,0,0,q1,mid1,mid_high
-2,154700,INTARIAN_PEPPER_ROOT,10149.0,12.0,10147.0,24.0,,,10160.0,12.0,10163.0,24.0,,,10154.5,0.0,prices_round_1_day_-2.csv,False,11.0,0.0,10154.5,10154.5,-1.8870967741931963,1.5,2.1642629035658723,0.09954751131221719,264149.49608896347,-5.5,5.5,-5.5,5.5,1,1,-7.5,8.5,-7.5,8.5,1,1,,,,,0,0,q1,tight,mid_high
-2,154800,INTARIAN_PEPPER_ROOT,10147.0,21.0,,,,,10160.0,9.0,10163.0,21.0,,,10153.5,0.0,prices_round_1_day_-2.csv,False,13.0,0.4,10156.1,10156.1,1.6000000000003638,-1.0,2.1628857702728874,0.10051679586563331,263978.7480306664,-9.100000000000364,3.899999999999636,-6.5,6.5,1,1,,6.899999999999636,,9.5,0,1,,,,,0,0,q1,tight,mid_high
-2,154900,INTARIAN_PEPPER_ROOT,10149.0,12.0,,,,,10160.0,12.0,10163.0,24.0,,,10154.5,0.0,prices_round_1_day_-2.csv,False,11.0,0.0,10154.5,10154.5,-1.6000000000003638,1.0,2.1689668093554975,0.09941897998708844,263808.2209905241,-5.5,5.5,-5.5,5.5,1,1,,8.5,,8.5,0,1,,,,,0,0,q1,tight,mid_high
-2,155000,INTARIAN_PEPPER_ROOT,10149.0,11.0,10147.0,17.0,,,10161.0,11.0,10163.0,17.0,,,10155.0,0.0,prices_round_1_day_-2.csv,False,12.0,0.0,10155.0,10155.0,0.5,0.5,2.167088432109719,0.0996774193548387,263637.91236519883,-6.0,6.0,-6.0,6.0,1,1,-8.0,8.0,-8.0,8.0,1,1,,,,,0,0,q1,tight,mid_high
-2,155100,INTARIAN_PEPPER_ROOT,10150.0,12.0,10147.0,20.0,,,10161.0,12.0,10163.0,20.0,,,10155.5,0.0,prices_round_1_day_-2.csv,False,11.0,0.0,10155.5,10155.5,0.5,0.5,2.156909487796315,0.09993552546744036,263467.823492805,-5.5,5.5,-5.5,5.5,1,1,-8.5,7.5,-8.5,7.5,1,1,,,,,0,0,q1,tight,mid_high
-2,155200,INTARIAN_PEPPER_ROOT,10150.0,11.0,10147.0,17.0,,,10161.0,11.0,10163.0,17.0,,,10155.5,0.0,prices_round_1_day_-2.csv,False,11.0,0.0,10155.5,10155.5,0.0,0.0,2.153026670682045,0.09987113402061856,263297.95385159797,-5.5,5.5,-5.5,5.5,1,1,-8.5,7.5,-8.5,7.5,1,1,,,,,0,0,q1,tight,mid_high
-2,155300,INTARIAN_PEPPER_ROOT,10150.0,8.0,,,,,10161.0,8.0,10163.0,20.0,,,10155.5,0.0,prices_round_1_day_-2.csv,False,11.0,0.0,10155.5,10155.5,0.0,0.0,2.1338230750220357,0.09980682549903412,263128.30311455944,-5.5,5.5,-5.5,5.5,1,1,,7.5,,7.5,0,1,,,,,0,0,q1,tight,mid_high
-2,155400,INTARIAN_PEPPER_ROOT,,,,,,,10161.0,8.0,10164.0,16.0,,,10161.0,0.0,prices_round_1_day_-2.csv,True,,-1.0,,10161.0,5.5,5.5,2.08221378195536,0.10328185328185328,262958.8896182336,,0.0,,0.0,0,1,,3.0,,3.0,0,1,,,,,0,0,q1,mid1,mid_high
-2,155500,INTARIAN_PEPPER_ROOT,10150.0,12.0,10147.0,15.0,,,10152.0,4.0,10161.0,12.0,10164.0,15.0,10151.0,0.0,prices_round_1_day_-2.csv,False,2.0,0.5,10151.5,10151.5,-9.5,-10.0,2.36006354746023,0.09710610932475884,262789.73471095995,-1.5,0.5,-1.0,1.0,1,1,-4.5,9.5,-4.0,10.0,1,1,,12.5,,13.0,0,1,q1,tight,mid_high
-2,155600,INTARIAN_PEPPER_ROOT,10150.0,12.0,10147.0,17.0,,,10152.0,8.0,10161.0,12.0,,,10151.0,0.0,prices_round_1_day_-2.csv,False,2.0,0.2,10151.2,10151.2,-0.2999999999992724,0.0,2.3604967371317715,0.09685089974293105,262620.7381983432,-1.2000000000007276,0.7999999999992724,-1.0,1.0,1,1,-4.200000000000728,9.799999999999272,-4.0,10.0,1,1,,,,,0,0,q1,tight,mid_high
-2,155700,INTARIAN_PEPPER_ROOT,10150.0,10.0,,,,,10161.0,10.0,10164.0,21.0,,,10155.5,0.0,prices_round_1_day_-2.csv,False,11.0,0.0,10155.5,10155.5,4.299999999999272,4.5,2.4370653875414305,0.09955041746949261,262451.9701500897,-5.5,5.5,-5.5,5.5,1,1,,8.5,,8.5,0,1,,,,,0,0,q1,tight,mid_high
-2,155800,INTARIAN_PEPPER_ROOT,10153.0,11.0,10150.0,10.0,10148.0,18.0,10161.0,10.0,10164.0,18.0,,,10157.0,0.0,prices_round_1_day_-2.csv,False,8.0,0.047619047619047616,10157.190476190477,10157.190476190477,1.6904761904770567,1.5,2.4473540805011407,0.10057155082829079,262283.4091733846,-4.190476190477057,3.8095238095229433,-4.0,4.0,1,1,-7.190476190477057,6.809523809522943,-7.0,7.0,1,1,-9.190476190477057,,-9.0,,1,0,q1,tight,mid_high
-2,155900,INTARIAN_PEPPER_ROOT,10158.0,8.0,10150.0,8.0,10148.0,20.0,10164.0,20.0,,,,,10161.0,0.0,prices_round_1_day_-2.csv,False,6.0,-0.42857142857142855,10159.714285714286,10159.714285714286,2.5238095238091773,4.0,2.4701633681712676,0.10212590488408353,262115.06672097274,-1.714285714286234,4.285714285713766,-3.0,3.0,1,1,-9.714285714286234,,-11.0,,1,0,-11.714285714286234,,-13.0,,1,0,q1,tight,mid_high
-2,156000,INTARIAN_PEPPER_ROOT,10150.0,8.0,10148.0,21.0,,,10164.0,21.0,,,,,10157.0,0.0,prices_round_1_day_-2.csv,False,14.0,-0.4482758620689655,10153.862068965518,10153.862068965518,-5.8522167487681145,-4.0,2.6131029089164968,0.09830901856763982,261946.95919355028,-3.8620689655181195,10.13793103448188,-7.0,7.0,1,1,-5.8620689655181195,,-9.0,,1,0,,,,,0,0,q1,mid1,mid_high
-2,156100,INTARIAN_PEPPER_ROOT,10151.0,12.0,10148.0,24.0,,,10162.0,12.0,10164.0,24.0,,,10156.5,0.0,prices_round_1_day_-2.csv,False,11.0,0.0,10156.5,10156.5,2.6379310344818805,-0.5,2.637869976893289,0.09993593850096093,261779.04860788022,-5.5,5.5,-5.5,5.5,1,1,-8.5,7.5,-8.5,7.5,1,1,,,,,0,0,q1,tight,mid_high
-2,156200,INTARIAN_PEPPER_ROOT,10151.0,11.0,10148.0,21.0,,,10162.0,11.0,10164.0,21.0,,,10156.5,0.0,prices_round_1_day_-2.csv,False,11.0,0.0,10156.5,10156.5,0.0,0.0,2.637869976893289,0.0998719590268886,261611.34903156562,-5.5,5.5,-5.5,5.5,1,1,-8.5,7.5,-8.5,7.5,1,1,,,,,0,0,q1,tight,mid_high
-2,156300,INTARIAN_PEPPER_ROOT,10151.0,12.0,10148.0,17.0,,,10162.0,12.0,10164.0,17.0,,,10156.5,0.0,prices_round_1_day_-2.csv,False,11.0,0.0,10156.5,10156.5,0.0,0.0,2.637869976893289,0.09980806142034548,261443.86417941228,-5.5,5.5,-5.5,5.5,1,1,-8.5,7.5,-8.5,7.5,1,1,,,,,0,0,q1,tight,mid_high
-2,156400,INTARIAN_PEPPER_ROOT,10148.0,22.0,,,,,10162.0,12.0,10165.0,22.0,,,10155.0,0.0,prices_round_1_day_-2.csv,False,14.0,0.29411764705882354,10157.058823529413,10157.058823529413,0.5588235294126207,-1.5,2.6386213781765955,0.1001015495712357,261276.59376762796,-9.05882352941262,4.941176470587379,-7.0,7.0,1,1,,7.941176470587379,,10.0,0,1,,,,,0,0,q1,mid1,mid_high
-2,156500,INTARIAN_PEPPER_ROOT,10148.0,15.0,,,,,10162.0,8.0,10165.0,15.0,,,10155.0,0.0,prices_round_1_day_-2.csv,False,14.0,0.30434782608695654,10157.130434782608,10157.130434782608,0.07161125319544226,0.0,2.629183921540925,0.10008334490901474,261109.53712251512,-9.130434782608063,4.869565217391937,-7.0,7.0,1,1,,7.869565217391937,,10.0,0,1,,,,,0,0,q1,mid1,mid_high
-2,156600,INTARIAN_PEPPER_ROOT,10148.0,25.0,,,,,10162.0,12.0,10165.0,25.0,,,10155.0,0.0,prices_round_1_day_-2.csv,False,14.0,0.35135135135135137,10157.45945945946,10157.45945945946,0.32902467685198644,0.0,2.622717397665104,0.10022953988471267,260942.69400127433,-9.45945945946005,4.540540540539951,-7.0,7.0,1,1,,7.540540540539951,,10.0,0,1,,,,,0,0,q1,mid1,mid_high
-2,156700,INTARIAN_PEPPER_ROOT,10151.0,12.0,10149.0,19.0,,,10165.0,19.0,,,,,10158.0,0.0,prices_round_1_day_-2.csv,False,14.0,-0.22580645161290322,10156.41935483871,10156.41935483871,-1.0401046207498439,3.0,2.6278019082272146,0.09950182184984697,260776.06475831833,-5.4193548387102055,8.580645161289794,-7.0,7.0,1,1,-7.4193548387102055,,-9.0,,1,0,,,,,0,0,q1,mid1,mid_high
-2,156800,INTARIAN_PEPPER_ROOT,10159.0,3.0,10149.0,20.0,,,10162.0,10.0,10165.0,20.0,,,10160.5,0.0,prices_round_1_day_-2.csv,False,3.0,-0.5384615384615384,10159.692307692309,10159.692307692309,3.2729528535983263,2.5,2.6652410899852197,0.10152570643642125,260609.6537816817,-0.6923076923085318,2.307692307691468,-1.5,1.5,1,1,-10.692307692308532,5.307692307691468,-11.5,4.5,1,1,,,,,0,0,q1,tight,mid_high
-2,156900,INTARIAN_PEPPER_ROOT,10151.0,8.0,10149.0,15.0,,,10162.0,8.0,10165.0,15.0,,,10156.5,0.0,prices_round_1_day_-2.csv,False,11.0,0.0,10156.5,10156.5,-3.192307692308532,-4.0,2.7052534185885277,0.0994263862332696,260443.45556015236,-5.5,5.5,-5.5,5.5,1,1,-7.5,8.5,-7.5,8.5,1,1,,,,,0,0,q1,tight,mid_high
-2,157000,INTARIAN_PEPPER_ROOT,10149.0,22.0,,,,,10163.0,8.0,10165.0,22.0,,,10156.0,0.0,prices_round_1_day_-2.csv,False,14.0,0.4666666666666667,10159.266666666666,10159.266666666666,2.766666666666424,-0.5,2.7309629102317614,0.10112526539278116,260277.4668119556,-10.266666666666424,3.733333333333576,-7.0,7.0,1,1,,5.733333333333576,,9.0,0,1,,,,,0,0,q1,mid1,mid_high
-2,157100,INTARIAN_PEPPER_ROOT,10149.0,17.0,,,,,10163.0,10.0,,,,,10156.0,0.0,prices_round_1_day_-2.csv,False,14.0,0.25925925925925924,10157.814814814816,10157.814814814816,-1.4518518518507335,0.0,2.7397258167386567,0.10013673762878147,260111.68652112168,-8.81481481481569,5.185185185184309,-7.0,7.0,1,1,,,,,0,0,,,,,0,0,q1,mid1,mid_high
-2,157200,INTARIAN_PEPPER_ROOT,10152.0,9.0,10149.0,23.0,,,10163.0,9.0,,,,,10157.5,0.0,prices_round_1_day_-2.csv,False,11.0,0.0,10157.5,10157.5,-0.3148148148156906,1.5,2.7403367642453307,0.09987277353689568,259946.115856293,-5.5,5.5,-5.5,5.5,1,1,-8.5,,-8.5,,1,0,,,,,0,0,q1,tight,mid_high
-2,157300,INTARIAN_PEPPER_ROOT,10152.0,8.0,10149.0,22.0,,,10163.0,8.0,10165.0,22.0,,,10157.5,0.0,prices_round_1_day_-2.csv,False,11.0,0.0,10157.5,10157.5,0.0,0.0,2.7403367642453307,0.09980928162746344,259780.7557380436,-5.5,5.5,-5.5,5.5,1,1,-8.5,7.5,-8.5,7.5,1,1,,,,,0,0,q1,tight,mid_high
-2,157400,INTARIAN_PEPPER_ROOT,10152.0,10.0,,,,,10163.0,10.0,10166.0,16.0,,,10157.5,0.0,prices_round_1_day_-2.csv,False,11.0,0.0,10157.5,10157.5,0.0,0.0,2.7403367642453307,0.09974587039390088,259615.60586787038,-5.5,5.5,-5.5,5.5,1,1,,8.5,,8.5,0,1,,,,,0,0,q1,tight,mid_high
-2,157500,INTARIAN_PEPPER_ROOT,10152.0,11.0,10149.0,21.0,,,10166.0,21.0,,,,,10159.0,0.0,prices_round_1_day_-2.csv,False,14.0,-0.3125,10156.8125,10156.8125,-0.6875,1.5,2.7425726661154397,0.09924603174603175,259450.66623222537,-4.8125,9.1875,-7.0,7.0,1,1,-7.8125,,-10.0,,1,0,,,,,0,0,q1,mid1,mid_high
-2,157600,INTARIAN_PEPPER_ROOT,10152.0,11.0,10149.0,22.0,,,10163.0,11.0,10166.0,22.0,,,10157.5,0.0,prices_round_1_day_-2.csv,False,11.0,0.0,10157.5,10157.5,0.6875,-1.5,2.7438545284528666,0.09961928934010152,259285.93587006087,-5.5,5.5,-5.5,5.5,1,1,-8.5,8.5,-8.5,8.5,1,1,,,,,0,0,q1,tight,mid_high
-2,157700,INTARIAN_PEPPER_ROOT,10150.0,18.0,,,,,10163.0,11.0,,,,,10156.5,0.0,prices_round_1_day_-2.csv,False,13.0,0.2413793103448276,10158.068965517241,10158.068965517241,0.5689655172409402,-1.0,2.632147306168801,0.09991690901537155,259121.41447683508,-8.06896551724094,4.93103448275906,-6.5,6.5,1,1,,,,,0,0,,,,,0,0,q1,tight,mid_high
-2,157800,INTARIAN_PEPPER_ROOT,10152.0,9.0,10150.0,20.0,,,10163.0,9.0,10166.0,20.0,,,10157.5,0.0,prices_round_1_day_-2.csv,False,11.0,0.0,10157.5,10157.5,-0.5689655172409402,1.0,2.511425278365598,0.09949302915082382,258957.1018786381,-5.5,5.5,-5.5,5.5,1,1,-7.5,8.5,-7.5,8.5,1,1,,,,,0,0,q1,tight,mid_high
-2,157900,INTARIAN_PEPPER_ROOT,10152.0,10.0,,,,,10163.0,10.0,,,,,10157.5,0.0,prices_round_1_day_-2.csv,False,11.0,0.0,10157.5,10157.5,0.0,0.0,2.511425278365598,0.09943001899936668,258792.99725760764,-5.5,5.5,-5.5,5.5,1,1,,,,,0,0,,,,,0,0,q1,tight,mid_high
-2,158000,INTARIAN_PEPPER_ROOT,10152.0,11.0,10150.0,18.0,,,10166.0,18.0,,,,,10159.0,0.0,prices_round_1_day_-2.csv,False,14.0,-0.2413793103448276,10157.310344827587,10157.310344827587,-0.18965517241304042,1.5,2.5110774057496017,0.09924705368834617,258629.10054212934,-5.31034482758696,8.68965517241304,-7.0,7.0,1,1,-7.31034482758696,,-9.0,,1,0,,,,,0,0,q1,mid1,mid_high
-2,158100,INTARIAN_PEPPER_ROOT,10150.0,15.0,,,,,10166.0,15.0,,,,,10158.0,0.0,prices_round_1_day_-2.csv,False,16.0,0.0,10158.0,10158.0,0.6896551724130404,-1.0,2.5118583365956635,0.09962049335863378,258465.41145847054,-8.0,8.0,-8.0,8.0,1,1,,,,,0,0,,,,,0,0,q1,mid1,mid_high
-2,158200,INTARIAN_PEPPER_ROOT,10153.0,10.0,10150.0,20.0,,,10164.0,10.0,10166.0,20.0,,,10158.5,0.0,prices_round_1_day_-2.csv,False,11.0,0.0,10158.5,10158.5,0.5,0.5,2.512487924036901,0.09987357774968394,258301.9293261138,-5.5,5.5,-5.5,5.5,1,1,-8.5,7.5,-8.5,7.5,1,1,,,,,0,0,q1,tight,mid_high
-2,158300,INTARIAN_PEPPER_ROOT,10153.0,10.0,10150.0,25.0,,,10164.0,10.0,,,,,10158.5,0.0,prices_round_1_day_-2.csv,False,11.0,0.0,10158.5,10158.5,0.0,0.0,2.507239260496519,0.0998104864181933,258138.65377658303,-5.5,5.5,-5.5,5.5,1,1,-8.5,,-8.5,,1,0,,,,,0,0,q1,tight,mid_high
-2,158400,INTARIAN_PEPPER_ROOT,10153.0,9.0,10150.0,15.0,,,10164.0,9.0,10167.0,15.0,,,10158.5,0.0,prices_round_1_day_-2.csv,False,11.0,0.0,10158.5,10158.5,0.0,0.0,2.50383473132685,0.09974747474747475,257975.5845132724,-5.5,5.5,-5.5,5.5,1,1,-8.5,8.5,-8.5,8.5,1,1,,,,,0,0,q1,tight,mid_high
-2,158500,INTARIAN_PEPPER_ROOT,10153.0,12.0,10150.0,24.0,,,10164.0,12.0,,,,,10158.5,0.0,prices_round_1_day_-2.csv,False,11.0,0.0,10158.5,10158.5,0.0,0.0,2.501667793881225,0.09968454258675079,257812.72114548832,-5.5,5.5,-5.5,5.5,1,1,-8.5,,-8.5,,1,0,,,,,0,0,q1,tight,mid_high
-2,158600,INTARIAN_PEPPER_ROOT,10153.0,10.0,10150.0,15.0,,,10164.0,10.0,10167.0,15.0,,,10158.5,0.0,prices_round_1_day_-2.csv,False,11.0,0.0,10158.5,10158.5,0.0,0.0,2.5005931284066256,0.09962168978562422,257650.06328352317,-5.5,5.5,-5.5,5.5,1,1,-8.5,8.5,-8.5,8.5,1,1,,,,,0,0,q1,tight,mid_high
-2,158700,INTARIAN_PEPPER_ROOT,10151.0,23.0,,,,,10160.0,5.0,10164.0,12.0,10167.0,23.0,10155.5,0.0,prices_round_1_day_-2.csv,False,9.0,0.6428571428571429,10158.392857142857,10158.392857142857,-0.107142857143117,-3.0,2.5003978318358864,0.0994914033666395,257487.61055933728,-7.392857142856883,1.607142857143117,-4.5,4.5,1,1,,5.607142857143117,,8.5,0,1,,8.607142857143117,,11.5,0,1,q1,tight,mid_high
-2,158800,INTARIAN_PEPPER_ROOT,10156.0,5.0,10151.0,18.0,,,10164.0,9.0,10167.0,18.0,,,10160.0,0.0,prices_round_1_day_-2.csv,False,8.0,-0.2857142857142857,10158.857142857143,10158.857142857143,0.464285714286234,4.5,2.346881219453669,0.09972112270600952,257325.36262136104,-2.857142857143117,5.142857142856883,-4.0,4.0,1,1,-7.857142857143117,8.142857142856883,-9.0,7.0,1,1,,,,,0,0,q1,tight,mid_high
-2,158900,INTARIAN_PEPPER_ROOT,10153.0,12.0,,,,,10164.0,12.0,10167.0,17.0,,,10158.5,0.0,prices_round_1_day_-2.csv,False,11.0,0.0,10158.5,10158.5,-0.357142857143117,-1.5,2.2205892925068595,0.09943360604153556,257163.31907348448,-5.5,5.5,-5.5,5.5,1,1,,8.5,,8.5,0,1,,,,,0,0,q1,tight,mid_high
-2,159000,INTARIAN_PEPPER_ROOT,10153.0,8.0,10151.0,25.0,,,10167.0,25.0,,,,,10160.0,0.0,prices_round_1_day_-2.csv,False,14.0,-0.5151515151515151,10156.39393939394,10156.39393939394,-2.106060606060055,1.5,2.2421253336446796,0.09804650276348424,257001.48241021953,-3.393939393939945,10.606060606060055,-7.0,7.0,1,1,-5.393939393939945,,-9.0,,1,0,,,,,0,0,q1,mid1,mid_high
-2,159100,INTARIAN_PEPPER_ROOT,10151.0,19.0,,,,,10165.0,10.0,10167.0,19.0,,,10158.0,0.0,prices_round_1_day_-2.csv,False,14.0,0.3103448275862069,10160.172413793103,10160.172413793103,3.778474399163315,-2.0,2.2986102760464586,0.10035978239667082,256839.85477161917,-9.17241379310326,4.82758620689674,-7.0,7.0,1,1,,6.82758620689674,,9.0,0,1,,,,,0,0,q1,mid1,mid_high
-2,159200,INTARIAN_PEPPER_ROOT,10154.0,8.0,10151.0,17.0,,,10165.0,8.0,10167.0,17.0,,,10159.5,0.0,prices_round_1_day_-2.csv,False,11.0,0.0,10159.5,10159.5,-0.6724137931032601,1.5,2.2852772684740974,0.09987437185929648,256678.42217704488,-5.5,5.5,-5.5,5.5,1,1,-8.5,7.5,-8.5,7.5,1,1,,,,,0,0,q1,tight,mid_high
-2,159300,INTARIAN_PEPPER_ROOT,10154.0,10.0,10151.0,22.0,,,10165.0,10.0,10167.0,22.0,,,10159.5,0.0,prices_round_1_day_-2.csv,False,11.0,0.0,10159.5,10159.5,0.0,0.0,2.2852772684740974,0.09981167608286252,256517.1920186225,-5.5,5.5,-5.5,5.5,1,1,-8.5,7.5,-8.5,7.5,1,1,,,,,0,0,q1,tight,mid_high
-2,159400,INTARIAN_PEPPER_ROOT,10154.0,8.0,10151.0,15.0,,,10165.0,8.0,10168.0,15.0,,,10159.5,0.0,prices_round_1_day_-2.csv,False,11.0,0.0,10159.5,10159.5,0.0,0.0,2.2852772684740974,0.09974905897114178,256356.16428349225,-5.5,5.5,-5.5,5.5,1,1,-8.5,8.5,-8.5,8.5,1,1,,,,,0,0,q1,tight,mid_high
-2,159500,INTARIAN_PEPPER_ROOT,10154.0,9.0,,,,,10165.0,9.0,10168.0,15.0,,,10159.5,0.0,prices_round_1_day_-2.csv,False,11.0,0.0,10159.5,10159.5,0.0,0.0,2.2852772684740974,0.09968652037617555,256195.33859068181,-5.5,5.5,-5.5,5.5,1,1,,8.5,,8.5,0,1,,,,,0,0,q1,tight,mid_high
-2,159600,INTARIAN_PEPPER_ROOT,10154.0,8.0,10151.0,15.0,,,10165.0,8.0,10168.0,15.0,,,10159.5,0.0,prices_round_1_day_-2.csv,False,11.0,0.0,10159.5,10159.5,0.0,0.0,2.2706970067710093,0.09962406015037593,256034.71456017427,-5.5,5.5,-5.5,5.5,1,1,-8.5,8.5,-8.5,8.5,1,1,,,,,0,0,q1,tight,mid_high
-2,159700,INTARIAN_PEPPER_ROOT,10154.0,10.0,10152.0,18.0,,,10156.0,7.0,10165.0,10.0,10168.0,18.0,10155.0,0.0,prices_round_1_day_-2.csv,False,2.0,0.17647058823529413,10155.176470588236,10155.176470588236,-4.323529411763957,-4.5,2.338513409487675,0.09685439611035444,255874.30405733956,-1.1764705882360431,0.8235294117639569,-1.0,1.0,1,1,-3.176470588236043,9.823529411763957,-3.0,10.0,1,1,,12.823529411763957,,13.0,0,1,q1,tight,mid_high
-2,159800,INTARIAN_PEPPER_ROOT,10152.0,15.0,,,,,10165.0,8.0,10168.0,15.0,,,10158.5,0.0,prices_round_1_day_-2.csv,False,13.0,0.30434782608695654,10160.478260869566,10160.478260869566,5.301790281329886,3.5,2.4458976584411536,0.10011155248408381,255714.0991546138,-8.47826086956593,4.521739130434071,-6.5,6.5,1,1,,7.521739130434071,,9.5,0,1,,,,,0,0,q1,tight,mid_high
-2,159900,INTARIAN_PEPPER_ROOT,10152.0,22.0,,,,,10165.0,11.0,10168.0,22.0,,,10158.5,0.0,prices_round_1_day_-2.csv,False,13.0,0.3333333333333333,10160.666666666666,10160.666666666666,0.18840579710013117,0.0,2.4337620034251817,0.10016677089847784,255554.07782084434,-8.66666666666606,4.33333333333394,-6.5,6.5,1,1,,7.33333333333394,,9.5,0,1,,,,,0,0,q1,tight,mid_high
-2,160000,INTARIAN_PEPPER_ROOT,10154.0,10.0,,,,,10166.0,10.0,10168.0,20.0,,,10160.0,0.0,prices_round_1_day_-2.csv,False,12.0,0.0,10160.0,10160.0,-0.6666666666660603,1.5,2.4356689437610055,0.0996875,255394.25700148544,-6.0,6.0,-6.0,6.0,1,1,,8.0,,8.0,0,1,,,,,0,0,q1,tight,mid_high
-2,160100,INTARIAN_PEPPER_ROOT,10155.0,8.0,,,,,10168.0,20.0,,,,,10161.5,0.0,prices_round_1_day_-2.csv,False,13.0,-0.42857142857142855,10158.714285714286,10158.714285714286,-1.285714285713766,1.5,2.442765685622645,0.09882216471847985,255234.63678969655,-3.714285714286234,9.285714285713766,-6.5,6.5,1,1,,,,,0,0,,,,,0,0,q1,tight,mid_high
-2,160200,INTARIAN_PEPPER_ROOT,10155.0,10.0,10152.0,20.0,,,10168.0,20.0,,,,,10161.5,0.0,prices_round_1_day_-2.csv,False,13.0,-0.3333333333333333,10159.333333333334,10159.333333333334,0.6190476190477057,0.0,2.444001692051332,0.09914689970869783,255075.2149493942,-4.33333333333394,8.66666666666606,-6.5,6.5,1,1,-7.33333333333394,,-9.5,,1,0,,,,,0,0,q1,tight,mid_high
-2,160300,INTARIAN_PEPPER_ROOT,10155.0,12.0,10152.0,20.0,,,10166.0,12.0,10168.0,20.0,,,10160.5,0.0,prices_round_1_day_-2.csv,False,11.0,0.0,10160.5,10160.5,1.1666666666660603,-1.0,2.448819245947151,0.09981285090455397,254915.99267969266,-5.5,5.5,-5.5,5.5,1,1,-8.5,7.5,-8.5,7.5,1,1,,,,,0,0,q1,tight,mid_high
-2,160400,INTARIAN_PEPPER_ROOT,10155.0,8.0,10152.0,20.0,,,,,,,,,10155.0,0.0,prices_round_1_day_-2.csv,True,,1.0,,10155.0,-5.5,-5.5,2.4479023476035198,0.0963216957605985,254756.98790469233,0.0,,0.0,,1,0,-3.0,,-3.0,,1,0,,,,,0,0,q1,mid1,mid_high
-2,160500,INTARIAN_PEPPER_ROOT,10155.0,9.0,10152.0,22.0,,,10166.0,9.0,10169.0,22.0,,,10160.5,0.0,prices_round_1_day_-2.csv,False,11.0,0.0,10160.5,10160.5,5.5,5.5,2.1793046506961016,0.09968847352024922,254598.18004536658,-5.5,5.5,-5.5,5.5,1,1,-8.5,8.5,-8.5,8.5,1,1,,,,,0,0,q1,tight,mid_high
-2,160600,INTARIAN_PEPPER_ROOT,,,,,,,10166.0,9.0,10169.0,20.0,,,10166.0,0.0,prices_round_1_day_-2.csv,True,,-1.0,,10166.0,5.5,5.5,2.3040260648448494,0.10305105853051058,254439.57005481218,,0.0,,0.0,0,1,,3.0,,3.0,0,1,,,,,0,0,q1,mid1,mid_high
-2,160700,INTARIAN_PEPPER_ROOT,10155.0,10.0,10153.0,23.0,,,10166.0,10.0,10169.0,23.0,,,10160.5,0.0,prices_round_1_day_-2.csv,False,11.0,0.0,10160.5,10160.5,-5.5,-5.5,2.372284997103969,0.09956440572495333,254281.1589742334,-5.5,5.5,-5.5,5.5,1,1,-7.5,8.5,-7.5,8.5,1,1,,,,,0,0,q1,tight,mid_high
-2,160800,INTARIAN_PEPPER_ROOT,10155.0,9.0,10153.0,16.0,,,10169.0,16.0,,,,,10162.0,0.0,prices_round_1_day_-2.csv,False,14.0,-0.28,10160.04,10160.04,-0.4599999999991269,1.5,2.3623343859340458,0.0992164179104483,254122.925715953,-5.040000000000873,8.959999999999127,-7.0,7.0,1,1,-7.040000000000873,,-9.0,,1,0,,,,,0,0,q1,mid1,mid_high
-2,160900,INTARIAN_PEPPER_ROOT,10155.0,10.0,10153.0,24.0,,,,,,,,,10155.0,0.0,prices_round_1_day_-2.csv,True,,1.0,,10155.0,-5.040000000000873,-7.0,2.441981694459941,0.09602237414543195,253964.9054854894,0.0,,0.0,,1,0,-2.0,,-2.0,,1,0,,,,,0,0,q1,mid1,mid_high
-2,161000,INTARIAN_PEPPER_ROOT,10155.0,12.0,10153.0,23.0,,,10167.0,12.0,10169.0,23.0,,,10161.0,0.0,prices_round_1_day_-2.csv,False,12.0,0.0,10161.0,10161.0,6.0,6.0,2.4468951711034093,0.09968944099378882,253807.0869210494,-6.0,6.0,-6.0,6.0,1,1,-8.0,8.0,-8.0,8.0,1,1,,,,,0,0,q1,tight,mid_high
-2,161100,INTARIAN_PEPPER_ROOT,10156.0,11.0,10153.0,21.0,,,10167.0,11.0,10169.0,21.0,,,10161.5,0.0,prices_round_1_day_-2.csv,False,11.0,0.0,10161.5,10161.5,0.5,0.5,2.420945269873698,0.09993792675356922,253649.44286715376,-5.5,5.5,-5.5,5.5,1,1,-8.5,7.5,-8.5,7.5,1,1,,,,,0,0,q1,tight,mid_high
-2,161200,INTARIAN_PEPPER_ROOT,10156.0,11.0,10153.0,18.0,,,10167.0,11.0,10169.0,18.0,,,10161.5,0.0,prices_round_1_day_-2.csv,False,11.0,0.0,10161.5,10161.5,0.0,0.0,2.420945269873698,0.09987593052109181,253491.99442960828,-5.5,5.5,-5.5,5.5,1,1,-8.5,7.5,-8.5,7.5,1,1,,,,,0,0,q1,tight,mid_high
-2,161300,INTARIAN_PEPPER_ROOT,10156.0,12.0,10153.0,15.0,,,10167.0,12.0,10169.0,15.0,,,10161.5,0.0,prices_round_1_day_-2.csv,False,11.0,0.0,10161.5,10161.5,0.0,0.0,2.420945269873698,0.09981401115933045,253334.74133751114,-5.5,5.5,-5.5,5.5,1,1,-8.5,7.5,-8.5,7.5,1,1,,,,,0,0,q1,tight,mid_high
-2,161400,INTARIAN_PEPPER_ROOT,10156.0,10.0,10153.0,23.0,,,10170.0,23.0,,,,,10163.0,0.0,prices_round_1_day_-2.csv,False,14.0,-0.3939393939393939,10160.242424242424,10160.242424242424,-1.257575757575978,1.5,2.427538985439015,0.09897300138935813,253177.6843629469,-4.242424242424022,9.757575757575978,-7.0,7.0,1,1,-7.242424242424022,,-10.0,,1,0,,,,,0,0,q1,mid1,mid_high
-2,161500,INTARIAN_PEPPER_ROOT,10156.0,8.0,10153.0,16.0,,,10167.0,8.0,10170.0,16.0,,,10161.5,0.0,prices_round_1_day_-2.csv,False,11.0,0.0,10161.5,10161.5,1.257575757575978,-1.5,2.433405037064626,0.09969040247678018,253020.82169700283,-5.5,5.5,-5.5,5.5,1,1,-8.5,8.5,-8.5,8.5,1,1,,,,,0,0,q1,tight,mid_high
-2,161600,INTARIAN_PEPPER_ROOT,10156.0,10.0,10153.0,22.0,,,10167.0,10.0,10170.0,22.0,,,10161.5,0.0,prices_round_1_day_-2.csv,False,11.0,0.0,10161.5,10161.5,0.0,0.0,2.433183138358323,0.09962871287128713,252864.15246371183,-5.5,5.5,-5.5,5.5,1,1,-8.5,8.5,-8.5,8.5,1,1,,,,,0,0,q1,tight,mid_high
-2,161700,INTARIAN_PEPPER_ROOT,10156.0,12.0,10154.0,17.0,,,10170.0,17.0,,,,,10163.0,0.0,prices_round_1_day_-2.csv,False,14.0,-0.1724137931034483,10161.793103448275,10161.793103448275,0.2931034482753603,1.5,2.42794822650511,0.09974836329516101,252707.67714499004,-5.79310344827536,8.20689655172464,-7.0,7.0,1,1,-7.79310344827536,,-9.0,,1,0,,,,,0,0,q1,mid1,mid_high
-2,161800,INTARIAN_PEPPER_ROOT,10156.0,9.0,10154.0,19.0,,,10170.0,19.0,,,,,10163.0,0.0,prices_round_1_day_-2.csv,False,14.0,-0.35714285714285715,10160.5,10160.5,-1.2931034482753603,0.0,2.3920620821154843,0.09888751545117429,252551.3965399759,-4.5,9.5,-7.0,7.0,1,1,-6.5,,-9.0,,1,0,,,,,0,0,q1,mid1,mid_high
-2,161900,INTARIAN_PEPPER_ROOT,10156.0,8.0,10154.0,16.0,,,10167.0,8.0,10170.0,16.0,,,10161.5,0.0,prices_round_1_day_-2.csv,False,11.0,0.0,10161.5,10161.5,1.0,-1.5,2.350415977794639,0.09944410129709698,252395.30841572507,-5.5,5.5,-5.5,5.5,1,1,-7.5,8.5,-7.5,8.5,1,1,,,,,0,0,q1,tight,mid_high
-2,162000,INTARIAN_PEPPER_ROOT,10156.0,10.0,10154.0,16.0,,,10168.0,10.0,10170.0,16.0,,,10162.0,0.0,prices_round_1_day_-2.csv,False,12.0,0.0,10162.0,10162.0,0.5,0.5,2.3195902237436954,0.09969135802469135,252239.41270969063,-6.0,6.0,-6.0,6.0,1,1,-8.0,8.0,-8.0,8.0,1,1,,,,,0,0,q1,tight,mid_high
-2,162100,INTARIAN_PEPPER_ROOT,10157.0,9.0,10154.0,16.0,,,10168.0,9.0,10170.0,16.0,,,10162.5,0.0,prices_round_1_day_-2.csv,False,11.0,0.0,10162.5,10162.5,0.5,0.5,2.3101239948892456,0.0999383096853794,252083.7094673687,-5.5,5.5,-5.5,5.5,1,1,-8.5,7.5,-8.5,7.5,1,1,,,,,0,0,q1,tight,mid_high
-2,162200,INTARIAN_PEPPER_ROOT,10157.0,12.0,10154.0,24.0,,,10168.0,12.0,10170.0,24.0,,,10162.5,0.0,prices_round_1_day_-2.csv,False,11.0,0.0,10162.5,10162.5,0.0,0.0,2.3094167545037596,0.0998766954377312,251928.1982400486,-5.5,5.5,-5.5,5.5,1,1,-8.5,7.5,-8.5,7.5,1,1,,,,,0,0,q1,tight,mid_high
-2,162300,INTARIAN_PEPPER_ROOT,10154.0,22.0,,,,,10168.0,12.0,10170.0,22.0,,,10161.0,0.0,prices_round_1_day_-2.csv,False,14.0,0.29411764705882354,10163.058823529413,10163.058823529413,0.5588235294126207,-1.5,2.3102749854418265,0.10015947229168985,251772.8788887924,-9.05882352941262,4.941176470587379,-7.0,7.0,1,1,,6.941176470587379,,9.0,0,1,,,,,0,0,q1,mid1,mid_high
-2,162400,INTARIAN_PEPPER_ROOT,10157.0,9.0,10154.0,22.0,,,10168.0,9.0,,,,,10162.5,0.0,prices_round_1_day_-2.csv,False,11.0,0.0,10162.5,10162.5,-0.5588235294126207,1.5,2.3121747384147455,0.09975369458128079,251617.7510730822,-5.5,5.5,-5.5,5.5,1,1,-8.5,,-8.5,,1,0,,,,,0,0,q1,tight,mid_high
-2,162500,INTARIAN_PEPPER_ROOT,10157.0,12.0,10154.0,20.0,,,10168.0,12.0,10171.0,20.0,,,10162.5,0.0,prices_round_1_day_-2.csv,False,11.0,0.0,10162.5,10162.5,0.0,0.0,2.309438661596705,0.09969230769230769,251462.81404036767,-5.5,5.5,-5.5,5.5,1,1,-8.5,8.5,-8.5,8.5,1,1,,,,,0,0,q1,tight,mid_high
-2,162600,INTARIAN_PEPPER_ROOT,10157.0,10.0,,,,,10171.0,19.0,,,,,10164.0,0.0,prices_round_1_day_-2.csv,False,14.0,-0.3103448275862069,10161.827586206897,10161.827586206897,-0.6724137931032601,1.5,2.310551293826643,0.09921745769181842,251308.0680599005,-4.82758620689674,9.17241379310326,-7.0,7.0,1,1,,,,,0,0,,,,,0,0,q1,mid1,mid_high
-2,162700,INTARIAN_PEPPER_ROOT,10157.0,10.0,,,,,10168.0,10.0,10171.0,20.0,,,10162.5,0.0,prices_round_1_day_-2.csv,False,11.0,0.0,10162.5,10162.5,0.6724137931032601,-1.5,2.31103834801569,0.09956976029502151,251153.51225442215,-5.5,5.5,-5.5,5.5,1,1,,8.5,,8.5,0,1,,,,,0,0,q1,tight,mid_high
-2,162800,INTARIAN_PEPPER_ROOT,10155.0,20.0,,,,,10168.0,11.0,10171.0,20.0,,,10161.5,0.0,prices_round_1_day_-2.csv,False,13.0,0.2903225806451613,10163.387096774193,10163.387096774193,0.8870967741931963,-1.0,2.311756802335612,0.10005349924704741,250999.14661678442,-8.387096774193196,4.612903225806804,-6.5,6.5,1,1,,7.612903225806804,,9.5,0,1,,,,,0,0,q1,tight,mid_high
-2,162900,INTARIAN_PEPPER_ROOT,10157.0,12.0,10155.0,18.0,,,10168.0,12.0,10171.0,18.0,,,10162.5,0.0,prices_round_1_day_-2.csv,False,11.0,0.0,10162.5,10162.5,-0.8870967741931963,1.0,2.3160789128614048,0.09944751381215469,250844.9708349974,-5.5,5.5,-5.5,5.5,1,1,-7.5,8.5,-7.5,8.5,1,1,,,,,0,0,q1,tight,mid_high
-2,163000,INTARIAN_PEPPER_ROOT,10155.0,19.0,,,,,10169.0,8.0,,,,,10162.0,0.0,prices_round_1_day_-2.csv,False,14.0,0.4074074074074074,10164.851851851852,10164.851851851852,2.3518518518521887,-0.5,2.3373830058429097,0.1008293569643265,250690.9868567149,-9.851851851852189,4.148148148147811,-7.0,7.0,1,1,,,,,0,0,,,,,0,0,q1,mid1,mid_high
-2,163100,INTARIAN_PEPPER_ROOT,10158.0,12.0,10155.0,23.0,,,10169.0,12.0,,,,,10163.5,0.0,prices_round_1_day_-2.csv,False,11.0,0.0,10163.5,10163.5,-1.3518518518521887,1.5,2.345594969214524,0.09993868792152054,250537.18999912724,-5.5,5.5,-5.5,5.5,1,1,-8.5,,-8.5,,1,0,,,,,0,0,q1,tight,mid_high
-2,163200,INTARIAN_PEPPER_ROOT,10158.0,9.0,10155.0,20.0,,,10169.0,9.0,,,,,10163.5,0.0,prices_round_1_day_-2.csv,False,11.0,0.0,10163.5,10163.5,0.0,0.0,2.3449640884096743,0.09987745098039216,250383.5804466947,-5.5,5.5,-5.5,5.5,1,1,-8.5,,-8.5,,1,0,,,,,0,0,q1,tight,mid_high
-2,163300,INTARIAN_PEPPER_ROOT,10155.0,20.0,,,,,10169.0,12.0,,,,,10162.0,0.0,prices_round_1_day_-2.csv,False,14.0,0.25,10163.75,10163.75,0.25,-1.5,2.3450130421316957,0.09996938150642988,250230.1591489473,-8.75,5.25,-7.0,7.0,1,1,,,,,0,0,,,,,0,0,q1,mid1,mid_high
-2,163400,INTARIAN_PEPPER_ROOT,10158.0,11.0,10155.0,23.0,,,10169.0,11.0,10172.0,23.0,,,10163.5,0.0,prices_round_1_day_-2.csv,False,11.0,0.0,10163.5,10163.5,-0.25,1.5,2.345507961261095,0.09975520195838433,250076.92581352458,-5.5,5.5,-5.5,5.5,1,1,-8.5,8.5,-8.5,8.5,1,1,,,,,0,0,q1,tight,mid_high
-2,163500,INTARIAN_PEPPER_ROOT,10158.0,12.0,10155.0,20.0,,,10169.0,12.0,10172.0,20.0,,,10163.5,0.0,prices_round_1_day_-2.csv,False,11.0,0.0,10163.5,10163.5,0.0,0.0,2.345507961261095,0.09969418960244648,249923.87996537986,-5.5,5.5,-5.5,5.5,1,1,-8.5,8.5,-8.5,8.5,1,1,,,,,0,0,q1,tight,mid_high
-2,163600,INTARIAN_PEPPER_ROOT,10158.0,11.0,,,,,10169.0,11.0,10172.0,25.0,,,10163.5,0.0,prices_round_1_day_-2.csv,False,11.0,0.0,10163.5,10163.5,0.0,0.0,2.345507961261095,0.09963325183374083,249771.02132927434,-5.5,5.5,-5.5,5.5,1,1,,8.5,,8.5,0,1,,,,,0,0,q1,tight,mid_high
-2,163700,INTARIAN_PEPPER_ROOT,10158.0,9.0,10156.0,20.0,,,10169.0,9.0,10172.0,20.0,,,10163.5,0.0,prices_round_1_day_-2.csv,False,11.0,0.0,10163.5,10163.5,0.0,0.0,2.34536379174379,0.09957238851557727,249618.3495619097,-5.5,5.5,-5.5,5.5,1,1,-7.5,8.5,-7.5,8.5,1,1,,,,,0,0,q1,tight,mid_high
-2,163800,INTARIAN_PEPPER_ROOT,10158.0,8.0,,,,,10169.0,8.0,,,,,10163.5,0.0,prices_round_1_day_-2.csv,False,11.0,0.0,10163.5,10163.5,0.0,0.0,2.3448197744385877,0.0995115995115995,249465.86432082645,-5.5,5.5,-5.5,5.5,1,1,,,,,0,0,,,,,0,0,q1,tight,mid_high
-2,163900,INTARIAN_PEPPER_ROOT,10158.0,12.0,10156.0,20.0,,,10172.0,20.0,,,,,10165.0,0.0,prices_round_1_day_-2.csv,False,14.0,-0.25,10163.25,10163.25,-0.25,1.5,2.3444490688444914,0.09929835265405736,249313.56533289177,-5.25,8.75,-7.0,7.0,1,1,-7.25,,-9.0,,1,0,,,,,0,0,q1,mid1,mid_high
-2,164000,INTARIAN_PEPPER_ROOT,10158.0,8.0,10156.0,22.0,,,10170.0,8.0,10172.0,22.0,,,10164.0,0.0,prices_round_1_day_-2.csv,False,12.0,0.0,10164.0,10164.0,0.75,-1.0,2.3244347390482676,0.09969512195121952,249161.45237244124,-6.0,6.0,-6.0,6.0,1,1,-8.0,8.0,-8.0,8.0,1,1,,,,,0,0,q1,tight,mid_high
-2,164100,INTARIAN_PEPPER_ROOT,10159.0,10.0,10156.0,17.0,,,10170.0,10.0,10172.0,17.0,,,10164.5,0.0,prices_round_1_day_-2.csv,False,11.0,0.0,10164.5,10164.5,0.5,0.5,2.265547013618148,0.09993906154783669,249009.52475523023,-5.5,5.5,-5.5,5.5,1,1,-8.5,7.5,-8.5,7.5,1,1,,,,,0,0,q1,tight,mid_high
-2,164200,INTARIAN_PEPPER_ROOT,10159.0,10.0,10156.0,21.0,,,10170.0,10.0,10172.0,21.0,,,10164.5,0.0,prices_round_1_day_-2.csv,False,11.0,0.0,10164.5,10164.5,0.0,0.0,2.262944082083492,0.09987819732034105,248857.78221118788,-5.5,5.5,-5.5,5.5,1,1,-8.5,7.5,-8.5,7.5,1,1,,,,,0,0,q1,tight,mid_high
-2,164300,INTARIAN_PEPPER_ROOT,10159.0,12.0,10156.0,17.0,,,10170.0,12.0,10172.0,17.0,,,10164.5,0.0,prices_round_1_day_-2.csv,False,11.0,0.0,10164.5,10164.5,0.0,0.0,2.262944082083492,0.09981740718198417,248706.22449362295,-5.5,5.5,-5.5,5.5,1,1,-8.5,7.5,-8.5,7.5,1,1,,,,,0,0,q1,tight,mid_high
-2,164400,INTARIAN_PEPPER_ROOT,10159.0,10.0,,,,,10170.0,10.0,,,,,10164.5,0.0,prices_round_1_day_-2.csv,False,11.0,0.0,10164.5,10164.5,0.0,0.0,2.262944082083492,0.09975669099756691,248554.8512650556,-5.5,5.5,-5.5,5.5,1,1,,,,,0,0,,,,,0,0,q1,tight,mid_high
-2,164500,INTARIAN_PEPPER_ROOT,10159.0,9.0,10156.0,15.0,,,,,,,,,10159.0,0.0,prices_round_1_day_-2.csv,True,,1.0,,10159.0,-5.5,-5.5,2.397574795127056,0.09635258358662614,248403.68124495083,0.0,,0.0,,1,0,-3.0,,-3.0,,1,0,,,,,0,0,q1,mid1,mid_high
-2,164600,INTARIAN_PEPPER_ROOT,10159.0,11.0,10156.0,19.0,,,10170.0,11.0,,,,,10164.5,0.0,prices_round_1_day_-2.csv,False,11.0,0.0,10164.5,10164.5,5.5,5.5,2.521033477799872,0.09963547995139732,248252.69370721275,-5.5,5.5,-5.5,5.5,1,1,-8.5,,-8.5,,1,0,,,,,0,0,q1,tight,mid_high
-2,164700,INTARIAN_PEPPER_ROOT,10159.0,8.0,,,,,10170.0,8.0,10173.0,15.0,,,10164.5,0.0,prices_round_1_day_-2.csv,False,11.0,0.0,10164.5,10164.5,0.0,0.0,2.439025438634353,0.09957498482088646,248101.8719066137,-5.5,5.5,-5.5,5.5,1,1,,8.5,,8.5,0,1,,,,,0,0,q1,tight,mid_high
-2,164800,INTARIAN_PEPPER_ROOT,10159.0,11.0,10157.0,20.0,,,10170.0,11.0,10173.0,20.0,,,10164.5,0.0,prices_round_1_day_-2.csv,False,11.0,0.0,10164.5,10164.5,0.0,0.0,2.3246658989220452,0.09951456310679611,247951.23325330619,-5.5,5.5,-5.5,5.5,1,1,-7.5,8.5,-7.5,8.5,1,1,,,,,0,0,q1,tight,mid_high
-2,164900,INTARIAN_PEPPER_ROOT,10159.0,11.0,10157.0,23.0,,,10170.0,11.0,,,,,10164.5,0.0,prices_round_1_day_-2.csv,False,11.0,0.0,10164.5,10164.5,0.0,0.0,2.324640009955179,0.09945421467556094,247800.77741389108,-5.5,5.5,-5.5,5.5,1,1,-7.5,,-7.5,,1,0,,,,,0,0,q1,tight,mid_high
-2,165000,INTARIAN_PEPPER_ROOT,10157.0,17.0,,,,,10171.0,10.0,10173.0,17.0,,,10164.0,0.0,prices_round_1_day_-2.csv,False,14.0,0.25925925925925924,10165.814814814816,10165.814814814816,1.3148148148156906,-0.5,2.3285957432272544,0.10019079685746406,247650.50494499615,-8.81481481481569,5.185185185184309,-7.0,7.0,1,1,,7.185185185184309,,9.0,0,1,,,,,0,0,q1,mid1,mid_high
-2,165100,INTARIAN_PEPPER_ROOT,10160.0,10.0,,,,,10173.0,18.0,,,,,10166.5,0.0,prices_round_1_day_-2.csv,False,13.0,-0.2857142857142857,10164.642857142857,10164.642857142857,-1.1719576719588076,2.5,2.32725315198044,0.09942026477459533,247500.4147101092,-4.642857142856883,8.357142857143117,-6.5,6.5,1,1,,,,,0,0,,,,,0,0,q1,tight,mid_high
-2,165200,INTARIAN_PEPPER_ROOT,10160.0,9.0,10157.0,19.0,,,10167.0,5.0,10173.0,19.0,,,10163.5,0.0,prices_round_1_day_-2.csv,False,7.0,0.2857142857142857,10164.5,10164.5,-0.142857142856883,-3.0,2.326403517300694,0.09927360774818401,247350.50534848153,-4.5,2.5,-3.5,3.5,1,1,-7.5,8.5,-6.5,9.5,1,1,,,,,0,0,q1,tight,mid_high
-2,165300,INTARIAN_PEPPER_ROOT,10160.0,11.0,,,,,10171.0,11.0,10173.0,24.0,,,10165.5,0.0,prices_round_1_day_-2.csv,False,11.0,0.0,10165.5,10165.5,1.0,2.0,2.3249678106962937,0.0998185117967332,247200.77793048442,-5.5,5.5,-5.5,5.5,1,1,,7.5,,7.5,0,1,,,,,0,0,q1,tight,mid_high
-2,165400,INTARIAN_PEPPER_ROOT,10160.0,9.0,10157.0,15.0,,,10171.0,9.0,10174.0,15.0,,,10165.5,0.0,prices_round_1_day_-2.csv,False,11.0,0.0,10165.5,10165.5,0.0,0.0,2.1802138573156196,0.09975816203143893,247051.23118639927,-5.5,5.5,-5.5,5.5,1,1,-8.5,8.5,-8.5,8.5,1,1,,,,,0,0,q1,tight,mid_high
-2,165500,INTARIAN_PEPPER_ROOT,10160.0,9.0,,,,,10171.0,9.0,,,,,10165.5,0.0,prices_round_1_day_-2.csv,False,11.0,0.0,10165.5,10165.5,0.0,0.0,2.0422491138994032,0.09969788519637462,246901.8652727108,-5.5,5.5,-5.5,5.5,1,1,,,,,0,0,,,,,0,0,q1,tight,mid_high
-2,165600,INTARIAN_PEPPER_ROOT,10160.0,11.0,10157.0,20.0,,,10171.0,11.0,10174.0,20.0,,,10165.5,0.0,prices_round_1_day_-2.csv,False,11.0,0.0,10165.5,10165.5,0.0,0.0,1.8877331763953618,0.09963768115942029,246752.6798616298,-5.5,5.5,-5.5,5.5,1,1,-8.5,8.5,-8.5,8.5,1,1,,,,,0,0,q1,tight,mid_high
-2,165700,INTARIAN_PEPPER_ROOT,10158.0,25.0,,,,,10171.0,11.0,10174.0,25.0,,,10164.5,0.0,prices_round_1_day_-2.csv,False,13.0,0.3888888888888889,10167.027777777777,10167.027777777777,1.5277777777773736,-1.0,1.7252634108369902,0.10049956413867071,246603.6758510571,-9.027777777777374,3.9722222222226264,-6.5,6.5,1,1,,6.972222222222626,,9.5,0,1,,,,,0,0,q1,tight,mid_high
-2,165800,INTARIAN_PEPPER_ROOT,10160.0,8.0,10158.0,23.0,,,10174.0,23.0,,,,,10167.0,0.0,prices_round_1_day_-2.csv,False,14.0,-0.4838709677419355,10163.612903225807,10163.612903225807,-3.41487455197057,2.5,1.7951001968093874,0.09837931437020916,246454.85791173947,-3.6129032258068037,10.387096774193196,-7.0,7.0,1,1,-5.612903225806804,,-9.0,,1,0,,,,,0,0,q1,mid1,mid_high
-2,165900,INTARIAN_PEPPER_ROOT,10160.0,9.0,10158.0,19.0,,,10171.0,9.0,,,,,10165.5,0.0,prices_round_1_day_-2.csv,False,11.0,0.0,10165.5,10165.5,1.8870967741931963,-1.5,1.654349234513597,0.09945750452079566,246306.2139670289,-5.5,5.5,-5.5,5.5,1,1,-7.5,,-7.5,,1,0,,,,,0,0,q1,tight,mid_high
-2,166000,INTARIAN_PEPPER_ROOT,10160.0,10.0,10158.0,15.0,,,10174.0,15.0,,,,,10167.0,0.0,prices_round_1_day_-2.csv,False,14.0,-0.2,10165.6,10165.6,0.1000000000003638,1.5,1.4278462309098583,0.09945783132530142,246157.74729194344,-5.600000000000364,8.399999999999636,-7.0,7.0,1,1,-7.600000000000364,,-9.0,,1,0,,,,,0,0,q1,mid1,mid_high
-2,166100,INTARIAN_PEPPER_ROOT,10161.0,10.0,,,,,10172.0,10.0,10174.0,23.0,,,10166.5,0.0,prices_round_1_day_-2.csv,False,11.0,0.0,10166.5,10166.5,0.8999999999996362,-0.5,1.4312952468352824,0.09993979530403371,246009.45987820247,-5.5,5.5,-5.5,5.5,1,1,,7.5,,7.5,0,1,,,,,0,0,q1,tight,mid_high
-2,166200,INTARIAN_PEPPER_ROOT,10161.0,9.0,10158.0,15.0,,,10172.0,9.0,10174.0,15.0,,,10166.5,0.0,prices_round_1_day_-2.csv,False,11.0,0.0,10166.5,10166.5,0.0,0.0,1.4312952468352824,0.09987966305655836,245861.3506368441,-5.5,5.5,-5.5,5.5,1,1,-8.5,7.5,-8.5,7.5,1,1,,,,,0,0,q1,tight,mid_high
-2,166300,INTARIAN_PEPPER_ROOT,10158.0,19.0,,,,,10172.0,11.0,,,,,10165.0,0.0,prices_round_1_day_-2.csv,False,14.0,0.26666666666666666,10166.866666666667,10166.866666666667,0.36666666666678793,-1.5,1.4317116936948953,0.10004008819402693,245713.41966241307,-8.866666666666788,5.133333333333212,-7.0,7.0,1,1,,,,,0,0,,,,,0,0,q1,mid1,mid_high
-2,166400,INTARIAN_PEPPER_ROOT,10161.0,11.0,10158.0,24.0,,,10172.0,11.0,10175.0,24.0,,,10166.5,0.0,prices_round_1_day_-2.csv,False,11.0,0.0,10166.5,10166.5,-0.36666666666678793,1.5,1.4198731267887086,0.09975961538461539,245565.66668467518,-5.5,5.5,-5.5,5.5,1,1,-8.5,8.5,-8.5,8.5,1,1,,,,,0,0,q1,tight,mid_high
-2,166500,INTARIAN_PEPPER_ROOT,10161.0,10.0,10158.0,17.0,,,10172.0,10.0,10175.0,17.0,,,10166.5,0.0,prices_round_1_day_-2.csv,False,11.0,0.0,10166.5,10166.5,0.0,0.0,1.4105115110241782,0.0996996996996997,245418.09116980818,-5.5,5.5,-5.5,5.5,1,1,-8.5,8.5,-8.5,8.5,1,1,,,,,0,0,q1,tight,mid_high
-2,166600,INTARIAN_PEPPER_ROOT,10161.0,11.0,10158.0,25.0,,,10172.0,11.0,10175.0,25.0,,,10166.5,0.0,prices_round_1_day_-2.csv,False,11.0,0.0,10166.5,10166.5,0.0,0.0,1.4105115110241782,0.09963985594237695,245270.69292281973,-5.5,5.5,-5.5,5.5,1,1,-8.5,8.5,-8.5,8.5,1,1,,,,,0,0,q1,tight,mid_high
-2,166700,INTARIAN_PEPPER_ROOT,10161.0,9.0,10159.0,21.0,,,10172.0,9.0,10175.0,21.0,,,10166.5,0.0,prices_round_1_day_-2.csv,False,11.0,0.0,10166.5,10166.5,0.0,0.0,1.4103016487254627,0.09958008398320337,245123.4716245,-5.5,5.5,-5.5,5.5,1,1,-7.5,8.5,-7.5,8.5,1,1,,,,,0,0,q1,tight,mid_high
-2,166800,INTARIAN_PEPPER_ROOT,10161.0,12.0,,,,,10172.0,12.0,10175.0,18.0,,,10166.5,0.0,prices_round_1_day_-2.csv,False,11.0,0.0,10166.5,10166.5,0.0,0.0,1.396128519130314,0.09952038369304557,244976.42695640505,-5.5,5.5,-5.5,5.5,1,1,,8.5,,8.5,0,1,,,,,0,0,q1,tight,mid_high
-2,166900,INTARIAN_PEPPER_ROOT,10161.0,11.0,10159.0,23.0,,,10172.0,11.0,10175.0,23.0,,,10166.5,0.0,prices_round_1_day_-2.csv,False,11.0,0.0,10166.5,10166.5,0.0,0.0,1.3904159358199495,0.09946075494307968,244829.55860085468,-5.5,5.5,-5.5,5.5,1,1,-7.5,8.5,-7.5,8.5,1,1,,,,,0,0,q1,tight,mid_high
-2,167000,INTARIAN_PEPPER_ROOT,10161.0,10.0,10159.0,24.0,,,10173.0,10.0,10175.0,24.0,,,10167.0,0.0,prices_round_1_day_-2.csv,False,12.0,0.0,10167.0,10167.0,0.5,0.5,1.3904159358199495,0.09970059880239521,244682.86633107322,-6.0,6.0,-6.0,6.0,1,1,-8.0,8.0,-8.0,8.0,1,1,,,,,0,0,q1,tight,mid_high
-2,167100,INTARIAN_PEPPER_ROOT,10162.0,12.0,,,,,10175.0,18.0,,,,,10168.5,0.0,prices_round_1_day_-2.csv,False,13.0,-0.2,10167.2,10167.2,0.2000000000007276,1.5,1.3893014487138478,0.09976062238180773,244536.34965066775,-5.200000000000728,7.799999999999272,-6.5,6.5,1,1,,,,,0,0,,,,,0,0,q1,tight,mid_high
-2,167200,INTARIAN_PEPPER_ROOT,10162.0,9.0,10159.0,19.0,,,10173.0,9.0,10175.0,19.0,,,10167.5,0.0,prices_round_1_day_-2.csv,False,11.0,0.0,10167.5,10167.5,0.2999999999992724,-1.0,1.389534992359036,0.09988038277511961,244390.00835229622,-5.5,5.5,-5.5,5.5,1,1,-8.5,7.5,-8.5,7.5,1,1,,,,,0,0,q1,tight,mid_high
-2,167300,INTARIAN_PEPPER_ROOT,10162.0,12.0,10159.0,22.0,,,10175.0,22.0,,,,,10168.5,0.0,prices_round_1_day_-2.csv,False,13.0,-0.29411764705882354,10166.588235294117,10166.588235294117,-0.9117647058828879,1.0,1.3951772870176973,0.09927569354101441,244243.8426910891,-4.588235294117112,8.411764705882888,-6.5,6.5,1,1,-7.588235294117112,,-9.5,,1,0,,,,,0,0,q1,tight,mid_high
-2,167400,INTARIAN_PEPPER_ROOT,10162.0,10.0,10159.0,25.0,,,10173.0,10.0,10176.0,25.0,,,10167.5,0.0,prices_round_1_day_-2.csv,False,11.0,0.0,10167.5,10167.5,0.9117647058828879,-1.0,1.3971372300372962,0.09976105137395459,244097.8515476659,-5.5,5.5,-5.5,5.5,1,1,-8.5,8.5,-8.5,8.5,1,1,,,,,0,0,q1,tight,mid_high
-2,167500,INTARIAN_PEPPER_ROOT,10162.0,12.0,10159.0,22.0,,,10173.0,12.0,10176.0,22.0,,,10167.5,0.0,prices_round_1_day_-2.csv,False,11.0,0.0,10167.5,10167.5,0.0,0.0,1.3971372300372962,0.09970149253731343,243952.0344379877,-5.5,5.5,-5.5,5.5,1,1,-8.5,8.5,-8.5,8.5,1,1,,,,,0,0,q1,tight,mid_high
-2,167600,INTARIAN_PEPPER_ROOT,10159.0,22.0,,,,,10176.0,22.0,,,,,10167.5,0.0,prices_round_1_day_-2.csv,False,17.0,0.0,10167.5,10167.5,0.0,0.0,1.392779951445653,0.09964200477326969,243806.3914382841,-8.5,8.5,-8.5,8.5,1,1,,,,,0,0,,,,,0,0,q1,mid2,mid_high
-2,167700,INTARIAN_PEPPER_ROOT,10165.0,12.0,10162.0,11.0,10160.0,24.0,10173.0,11.0,10176.0,24.0,,,10169.0,0.0,prices_round_1_day_-2.csv,False,8.0,0.043478260869565216,10169.173913043478,10169.173913043478,1.6739130434780236,1.5,1.408099830433203,0.1005807471934872,243660.92370881702,-4.173913043478024,3.8260869565219764,-4.0,4.0,1,1,-7.173913043478024,6.826086956521976,-7.0,7.0,1,1,-9.173913043478024,,-9.0,,1,0,q1,tight,mid_high
-2,167800,INTARIAN_PEPPER_ROOT,10162.0,10.0,10160.0,16.0,,,10176.0,16.0,,,,,10169.0,0.0,prices_round_1_day_-2.csv,False,14.0,-0.23076923076923078,10167.384615384615,10167.384615384615,-1.789297658862779,0.0,1.4295737635171117,0.09945447877509847,243515.6301165708,-5.384615384615245,8.615384615384755,-7.0,7.0,1,1,-7.384615384615245,,-9.0,,1,0,,,,,0,0,q1,mid1,mid_high
-2,167900,INTARIAN_PEPPER_ROOT,10162.0,10.0,10160.0,18.0,,,10173.0,10.0,,,,,10167.5,0.0,prices_round_1_day_-2.csv,False,11.0,0.0,10167.5,10167.5,0.1153846153847553,-1.5,1.4227477880021415,0.09946396664681358,243370.5075719564,-5.5,5.5,-5.5,5.5,1,1,-7.5,,-7.5,,1,0,,,,,0,0,q1,tight,mid_high
-2,168000,INTARIAN_PEPPER_ROOT,10162.0,8.0,10160.0,22.0,,,10174.0,8.0,10176.0,22.0,,,10168.0,0.0,prices_round_1_day_-2.csv,False,12.0,0.0,10168.0,10168.0,0.5,0.5,1.386575051338105,0.09970238095238096,243225.55799051607,-6.0,6.0,-6.0,6.0,1,1,-8.0,8.0,-8.0,8.0,1,1,,,,,0,0,q1,tight,mid_high
-2,168100,INTARIAN_PEPPER_ROOT,10163.0,11.0,10160.0,17.0,,,10174.0,11.0,10176.0,17.0,,,10168.5,0.0,prices_round_1_day_-2.csv,False,11.0,0.0,10168.5,10168.5,0.5,0.5,1.3726753379141425,0.09994051160023795,243080.7809679877,-5.5,5.5,-5.5,5.5,1,1,-8.5,7.5,-8.5,7.5,1,1,,,,,0,0,q1,tight,mid_high
-2,168200,INTARIAN_PEPPER_ROOT,,,,,,,10174.0,8.0,10176.0,22.0,,,10174.0,0.0,prices_round_1_day_-2.csv,True,,-1.0,,10174.0,5.5,5.5,1.5706013509881689,0.10315101070154578,242936.19343814687,,0.0,,0.0,0,1,,2.0,,2.0,0,1,,,,,0,0,q1,mid1,mid_high
-2,168300,INTARIAN_PEPPER_ROOT,10163.0,9.0,10160.0,17.0,,,10174.0,9.0,10176.0,17.0,,,10168.5,0.0,prices_round_1_day_-2.csv,False,11.0,0.0,10168.5,10168.5,-5.5,-5.5,1.7659702286912506,0.09982174688057041,242791.77915943626,-5.5,5.5,-5.5,5.5,1,1,-8.5,7.5,-8.5,7.5,1,1,,,,,0,0,q1,tight,mid_high
-2,168400,INTARIAN_PEPPER_ROOT,10163.0,11.0,10160.0,21.0,,,10174.0,11.0,10177.0,21.0,,,10168.5,0.0,prices_round_1_day_-2.csv,False,11.0,0.0,10168.5,10168.5,0.0,0.0,1.7653272898985508,0.0997624703087886,242647.51785866322,-5.5,5.5,-5.5,5.5,1,1,-8.5,8.5,-8.5,8.5,1,1,,,,,0,0,q1,tight,mid_high
-2,168500,INTARIAN_PEPPER_ROOT,,,,,,,10174.0,10.0,10177.0,25.0,,,10174.0,0.0,prices_round_1_day_-2.csv,True,,-1.0,,10174.0,5.5,5.5,1.92326063258954,0.1029673590504451,242503.44519084823,,0.0,,0.0,0,1,,3.0,,3.0,0,1,,,,,0,0,q1,mid1,mid_high
-2,168600,INTARIAN_PEPPER_ROOT,10163.0,12.0,,,,,10177.0,15.0,,,,,10170.0,0.0,prices_round_1_day_-2.csv,False,14.0,-0.1111111111111111,10169.222222222223,10169.222222222223,-4.777777777777374,-4.0,2.048518257594393,0.1000724924212471,242359.54036138422,-6.222222222222626,7.777777777777374,-7.0,7.0,1,1,,,,,0,0,,,,,0,0,q1,mid1,mid_high
-2,168700,INTARIAN_PEPPER_ROOT,10161.0,20.0,,,,,10177.0,20.0,,,,,10169.0,0.0,prices_round_1_day_-2.csv,False,16.0,0.0,10169.0,10169.0,-0.22222222222262644,-1.0,2.0490126282837133,0.0998814463544754,242215.79217837765,-8.0,8.0,-8.0,8.0,1,1,,,,,0,0,,,,,0,0,q1,mid1,mid_high
-2,168800,INTARIAN_PEPPER_ROOT,10163.0,11.0,,,,,10174.0,11.0,10177.0,21.0,,,10168.5,0.0,prices_round_1_day_-2.csv,False,11.0,0.0,10168.5,10168.5,-0.5,-0.5,2.050779766046397,0.0995260663507109,242072.21456573167,-5.5,5.5,-5.5,5.5,1,1,,8.5,,8.5,0,1,,,,,0,0,q1,tight,mid_high
-2,168900,INTARIAN_PEPPER_ROOT,10161.0,19.0,,,,,10174.0,9.0,,,,,10167.5,0.0,prices_round_1_day_-2.csv,False,13.0,0.35714285714285715,10169.82142857143,10169.82142857143,1.321428571429351,-1.0,2.0573372169713826,0.10024951365981608,241928.80773966297,-8.821428571429351,4.178571428570649,-6.5,6.5,1,1,,,,,0,0,,,,,0,0,q1,tight,mid_high
-2,169000,INTARIAN_PEPPER_ROOT,10163.0,9.0,10161.0,17.0,,,10175.0,9.0,10177.0,17.0,,,10169.0,0.0,prices_round_1_day_-2.csv,False,12.0,0.0,10169.0,10169.0,-0.821428571429351,1.5,2.05969634754188,0.09970414201183432,241785.57034549373,-6.0,6.0,-6.0,6.0,1,1,-8.0,8.0,-8.0,8.0,1,1,,,,,0,0,q1,tight,mid_high
-2,169100,INTARIAN_PEPPER_ROOT,10164.0,10.0,,,,,10175.0,10.0,10177.0,19.0,,,10169.5,0.0,prices_round_1_day_-2.csv,False,11.0,0.0,10169.5,10169.5,0.5,0.5,2.05969634754188,0.09994086339444117,241642.5020554325,-5.5,5.5,-5.5,5.5,1,1,,7.5,,7.5,0,1,,,,,0,0,q1,tight,mid_high
-2,169200,INTARIAN_PEPPER_ROOT,10164.0,9.0,10161.0,22.0,,,10175.0,9.0,,,,,10169.5,0.0,prices_round_1_day_-2.csv,False,11.0,0.0,10169.5,10169.5,0.0,0.0,2.05969634754188,0.09988179669030733,241499.60288803265,-5.5,5.5,-5.5,5.5,1,1,-8.5,,-8.5,,1,0,,,,,0,0,q1,tight,mid_high
-2,169300,INTARIAN_PEPPER_ROOT,10164.0,12.0,10161.0,24.0,,,10175.0,12.0,10177.0,24.0,,,10169.5,0.0,prices_round_1_day_-2.csv,False,11.0,0.0,10169.5,10169.5,0.0,0.0,2.05969634754188,0.09982279976373302,241356.8726321712,-5.5,5.5,-5.5,5.5,1,1,-8.5,7.5,-8.5,7.5,1,1,,,,,0,0,q1,tight,mid_high
-2,169400,INTARIAN_PEPPER_ROOT,10164.0,9.0,10161.0,25.0,,,10175.0,9.0,10178.0,25.0,,,10169.5,0.0,prices_round_1_day_-2.csv,False,11.0,0.0,10169.5,10169.5,0.0,0.0,2.05969634754188,0.09976387249114523,241214.31098853654,-5.5,5.5,-5.5,5.5,1,1,-8.5,8.5,-8.5,8.5,1,1,,,,,0,0,q1,tight,mid_high
-2,169500,INTARIAN_PEPPER_ROOT,10164.0,8.0,,,,,10175.0,8.0,10178.0,21.0,,,10169.5,0.0,prices_round_1_day_-2.csv,False,11.0,0.0,10169.5,10169.5,0.0,0.0,1.8947839420193786,0.09970501474926254,241071.9176585238,-5.5,5.5,-5.5,5.5,1,1,,8.5,,8.5,0,1,,,,,0,0,q1,tight,mid_high
-2,169600,INTARIAN_PEPPER_ROOT,10164.0,11.0,,,,,10178.0,25.0,,,,,10171.0,0.0,prices_round_1_day_-2.csv,False,14.0,-0.3888888888888889,10168.277777777777,10168.277777777777,-1.2222222222226264,1.5,1.7442821938745345,0.0989255765199159,240929.6933687319,-4.277777777777374,9.722222222222626,-7.0,7.0,1,1,,,,,0,0,,,,,0,0,q1,mid1,mid_high
-2,169700,INTARIAN_PEPPER_ROOT,10164.0,9.0,10162.0,16.0,,,10175.0,9.0,10178.0,16.0,,,10169.5,0.0,prices_round_1_day_-2.csv,False,11.0,0.0,10169.5,10169.5,1.2222222222226264,-1.5,1.751749897585096,0.0995875073659399,240787.6365100545,-5.5,5.5,-5.5,5.5,1,1,-7.5,8.5,-7.5,8.5,1,1,,,,,0,0,q1,tight,mid_high
-2,169800,INTARIAN_PEPPER_ROOT,10164.0,11.0,10162.0,22.0,,,10175.0,11.0,10178.0,22.0,,,10169.5,0.0,prices_round_1_day_-2.csv,False,11.0,0.0,10169.5,10169.5,0.0,0.0,1.751749897585096,0.09952885747938751,240645.74633527652,-5.5,5.5,-5.5,5.5,1,1,-7.5,8.5,-7.5,8.5,1,1,,,,,0,0,q1,tight,mid_high
-2,169900,INTARIAN_PEPPER_ROOT,10164.0,8.0,10162.0,20.0,,,10175.0,8.0,10178.0,20.0,,,10169.5,0.0,prices_round_1_day_-2.csv,False,11.0,0.0,10169.5,10169.5,0.0,0.0,1.751749897585096,0.09947027663331372,240504.02328672816,-5.5,5.5,-5.5,5.5,1,1,-7.5,8.5,-7.5,8.5,1,1,,,,,0,0,q1,tight,mid_high
-2,170000,INTARIAN_PEPPER_ROOT,10162.0,21.0,,,,,10176.0,9.0,10178.0,21.0,,,10169.0,0.0,prices_round_1_day_-2.csv,False,14.0,0.4,10171.8,10171.8,2.2999999999992724,-0.5,1.7711265332913277,0.1007647058823525,240362.46991191703,-9.799999999999272,4.200000000000728,-7.0,7.0,1,1,,6.200000000000728,,9.0,0,1,,,,,0,0,q1,mid1,mid_high
-2,170100,INTARIAN_PEPPER_ROOT,10165.0,10.0,10162.0,15.0,,,10176.0,10.0,10178.0,15.0,,,10170.5,0.0,prices_round_1_day_-2.csv,False,11.0,0.0,10170.5,10170.5,-1.2999999999992724,1.5,1.7731236834840685,0.09994121105232216,240221.08137725602,-5.5,5.5,-5.5,5.5,1,1,-8.5,7.5,-8.5,7.5,1,1,,,,,0,0,q1,tight,mid_high
-2,170200,INTARIAN_PEPPER_ROOT,10165.0,8.0,10162.0,18.0,,,10176.0,8.0,10178.0,18.0,,,10170.5,0.0,prices_round_1_day_-2.csv,False,11.0,0.0,10170.5,10170.5,0.0,0.0,1.7728112491779822,0.099882491186839,240079.85793728253,-5.5,5.5,-5.5,5.5,1,1,-8.5,7.5,-8.5,7.5,1,1,,,,,0,0,q1,tight,mid_high
-2,170300,INTARIAN_PEPPER_ROOT,10165.0,8.0,10162.0,22.0,,,10176.0,8.0,10178.0,22.0,,,10170.5,0.0,prices_round_1_day_-2.csv,False,11.0,0.0,10170.5,10170.5,0.0,0.0,1.7683159666374841,0.09982384028185555,239938.80044729038,-5.5,5.5,-5.5,5.5,1,1,-8.5,7.5,-8.5,7.5,1,1,,,,,0,0,q1,tight,mid_high
-2,170400,INTARIAN_PEPPER_ROOT,10165.0,10.0,10162.0,24.0,,,10176.0,10.0,10179.0,24.0,,,10170.5,0.0,prices_round_1_day_-2.csv,False,11.0,0.0,10170.5,10170.5,0.0,0.0,1.7683159666374841,0.09976525821596244,239797.90861494254,-5.5,5.5,-5.5,5.5,1,1,-8.5,8.5,-8.5,8.5,1,1,,,,,0,0,q1,tight,mid_high
-2,170500,INTARIAN_PEPPER_ROOT,10165.0,8.0,10162.0,18.0,,,,,,,,,10165.0,0.0,prices_round_1_day_-2.csv,True,,1.0,,10165.0,-5.5,-5.5,1.9376249217681178,0.09648093841642229,239657.2005341706,0.0,,0.0,,1,0,-3.0,,-3.0,,1,0,,,,,0,0,q1,mid1,mid_high
-2,170600,INTARIAN_PEPPER_ROOT,10165.0,9.0,10162.0,25.0,,,10176.0,9.0,10179.0,25.0,,,10170.5,0.0,prices_round_1_day_-2.csv,False,11.0,0.0,10170.5,10170.5,5.5,5.5,2.088452832940232,0.09964830011723329,239516.656241132,-5.5,5.5,-5.5,5.5,1,1,-8.5,8.5,-8.5,8.5,1,1,,,,,0,0,q1,tight,mid_high
-2,170700,INTARIAN_PEPPER_ROOT,10165.0,9.0,10163.0,18.0,,,10176.0,9.0,10179.0,18.0,,,10170.5,0.0,prices_round_1_day_-2.csv,False,11.0,0.0,10170.5,10170.5,0.0,0.0,2.0782886162727086,0.09958992384299942,239376.259613748,-5.5,5.5,-5.5,5.5,1,1,-7.5,8.5,-7.5,8.5,1,1,,,,,0,0,q1,tight,mid_high
-2,170800,INTARIAN_PEPPER_ROOT,10165.0,8.0,10163.0,17.0,,,10176.0,8.0,10179.0,17.0,,,10170.5,0.0,prices_round_1_day_-2.csv,False,11.0,0.0,10170.5,10170.5,0.0,0.0,2.016645078968569,0.09953161592505855,239236.02748152692,-5.5,5.5,-5.5,5.5,1,1,-7.5,8.5,-7.5,8.5,1,1,,,,,0,0,q1,tight,mid_high
-2,170900,INTARIAN_PEPPER_ROOT,10165.0,8.0,10163.0,15.0,,,10176.0,8.0,,,,,10170.5,0.0,prices_round_1_day_-2.csv,False,11.0,0.0,10170.5,10170.5,0.0,0.0,2.0008341074756237,0.0994733762434172,239095.95955554285,-5.5,5.5,-5.5,5.5,1,1,-7.5,,-7.5,,1,0,,,,,0,0,q1,tight,mid_high
-2,171000,INTARIAN_PEPPER_ROOT,10165.0,10.0,10163.0,17.0,,,10177.0,10.0,,,,,10171.0,0.0,prices_round_1_day_-2.csv,False,12.0,0.0,10171.0,10171.0,0.5,0.5,2.001633614235576,0.09970760233918129,238956.05563557343,-6.0,6.0,-6.0,6.0,1,1,-8.0,,-8.0,,1,0,,,,,0,0,q1,tight,mid_high
-2,171100,INTARIAN_PEPPER_ROOT,,,,,,,10177.0,10.0,10179.0,16.0,,,10177.0,0.0,prices_round_1_day_-2.csv,True,,-1.0,,10177.0,6.0,6.0,2.166010718293016,0.10315604909409702,238816.335599005,,0.0,,0.0,0,1,,2.0,,2.0,0,1,,,,,0,0,q1,mid1,mid_high
-2,171200,INTARIAN_PEPPER_ROOT,10166.0,12.0,10163.0,25.0,,,10177.0,12.0,,,,,10171.5,0.0,prices_round_1_day_-2.csv,False,11.0,0.0,10171.5,10171.5,-5.5,-5.5,2.311654232125361,0.09988317757009346,238676.77688563283,-5.5,5.5,-5.5,5.5,1,1,-8.5,,-8.5,,1,0,,,,,0,0,q1,tight,mid_high
-2,171300,INTARIAN_PEPPER_ROOT,10166.0,11.0,10163.0,21.0,,,10177.0,11.0,10179.0,21.0,,,10171.5,0.0,prices_round_1_day_-2.csv,False,11.0,0.0,10171.5,10171.5,0.0,0.0,2.3113725896286748,0.09982486865148861,238537.36288626672,-5.5,5.5,-5.5,5.5,1,1,-8.5,7.5,-8.5,7.5,1,1,,,,,0,0,q1,tight,mid_high
-2,171400,INTARIAN_PEPPER_ROOT,10166.0,10.0,10163.0,24.0,,,10177.0,10.0,10180.0,24.0,,,10171.5,0.0,prices_round_1_day_-2.csv,False,11.0,0.0,10171.5,10171.5,0.0,0.0,2.3104670005343984,0.09976662777129522,238398.11165863852,-5.5,5.5,-5.5,5.5,1,1,-8.5,8.5,-8.5,8.5,1,1,,,,,0,0,q1,tight,mid_high
-2,171500,INTARIAN_PEPPER_ROOT,10166.0,12.0,10163.0,25.0,,,10180.0,25.0,,,,,10173.0,0.0,prices_round_1_day_-2.csv,False,14.0,-0.35135135135135137,10170.54054054054,10170.54054054054,-0.9594594594600494,1.5,2.3152937547327315,0.09914900323063554,238259.0235662506,-4.540540540539951,9.45945945946005,-7.0,7.0,1,1,-7.540540540539951,,-10.0,,1,0,,,,,0,0,q1,mid1,mid_high
-2,171600,INTARIAN_PEPPER_ROOT,10166.0,11.0,10163.0,18.0,,,10177.0,11.0,,,,,10171.5,0.0,prices_round_1_day_-2.csv,False,11.0,0.0,10171.5,10171.5,0.9594594594600494,-1.5,2.3185839942272706,0.09965034965034965,238120.09745321065,-5.5,5.5,-5.5,5.5,1,1,-8.5,,-8.5,,1,0,,,,,0,0,q1,tight,mid_high
-2,171700,INTARIAN_PEPPER_ROOT,10166.0,10.0,,,,,10180.0,20.0,,,,,10173.0,0.0,prices_round_1_day_-2.csv,False,14.0,-0.3333333333333333,10170.666666666666,10170.666666666666,-0.8333333333339397,1.5,2.322309623568747,0.0991069695204811,237981.33333461997,-4.66666666666606,9.33333333333394,-7.0,7.0,1,1,,,,,0,0,,,,,0,0,q1,mid1,mid_high
-2,171800,INTARIAN_PEPPER_ROOT,10166.0,12.0,10164.0,22.0,,,10180.0,22.0,,,,,10173.0,0.0,prices_round_1_day_-2.csv,False,14.0,-0.29411764705882354,10170.941176470587,10170.941176470587,0.27450980392131896,0.0,2.3224330762269414,0.09920906663014399,237842.73036281663,-4.941176470587379,9.05882352941262,-7.0,7.0,1,1,-6.941176470587379,,-9.0,,1,0,,,,,0,0,q1,mid1,mid_high
-2,171900,INTARIAN_PEPPER_ROOT,10166.0,11.0,10164.0,22.0,,,10177.0,11.0,10180.0,22.0,,,10171.5,0.0,prices_round_1_day_-2.csv,False,11.0,0.0,10171.5,10171.5,0.5588235294126207,-1.5,2.3233413613647262,0.09947643979057591,237704.2888498712,-5.5,5.5,-5.5,5.5,1,1,-7.5,8.5,-7.5,8.5,1,1,,,,,0,0,q1,tight,mid_high
-2,172000,INTARIAN_PEPPER_ROOT,10166.0,8.0,,,,,10178.0,8.0,,,,,10172.0,0.0,prices_round_1_day_-2.csv,False,12.0,0.0,10172.0,10172.0,0.5,0.5,2.3233413613647262,0.0997093023255814,237566.00837952565,-6.0,6.0,-6.0,6.0,1,1,,,,,0,0,,,,,0,0,q1,tight,mid_high
-2,172100,INTARIAN_PEPPER_ROOT,,,,,,,10178.0,8.0,10180.0,16.0,,,10178.0,0.0,prices_round_1_day_-2.csv,True,,-1.0,,10178.0,6.0,6.0,2.468681540988194,0.1031377106333527,237427.9088358176,,0.0,,0.0,0,1,,2.0,,2.0,0,1,,,,,0,0,q1,mid1,mid_high
-2,172200,INTARIAN_PEPPER_ROOT,10167.0,8.0,10164.0,25.0,,,10180.0,25.0,,,,,10173.5,0.0,prices_round_1_day_-2.csv,False,13.0,-0.5151515151515151,10170.151515151516,10170.151515151516,-7.848484848484077,-4.5,2.71926589266252,0.0985200436419953,237289.986280761,-3.151515151515923,9.848484848484077,-6.5,6.5,1,1,-6.151515151515923,,-9.5,,1,0,,,,,0,0,q1,tight,mid_high
-2,172300,INTARIAN_PEPPER_ROOT,10164.0,20.0,,,,,10178.0,9.0,10180.0,20.0,,,10171.0,0.0,prices_round_1_day_-2.csv,False,14.0,0.3793103448275862,10173.655172413793,10173.655172413793,3.5036572622775566,-2.5,2.7587042978077636,0.10049632757620051,237152.19394739816,-9.65517241379348,4.34482758620652,-7.0,7.0,1,1,,6.34482758620652,,9.0,0,1,,,,,0,0,q2,mid1,mid_high
-2,172400,INTARIAN_PEPPER_ROOT,10167.0,8.0,10164.0,25.0,,,10178.0,8.0,10181.0,25.0,,,10172.5,0.0,prices_round_1_day_-2.csv,False,11.0,0.0,10172.5,10172.5,-1.1551724137934798,1.5,2.7624078566816666,0.09976798143851508,237014.5557476547,-5.5,5.5,-5.5,5.5,1,1,-8.5,8.5,-8.5,8.5,1,1,,,,,0,0,q2,tight,mid_high
-2,172500,INTARIAN_PEPPER_ROOT,10167.0,8.0,10164.0,23.0,,,10178.0,8.0,10181.0,23.0,,,10172.5,0.0,prices_round_1_day_-2.csv,False,11.0,0.0,10172.5,10172.5,0.0,0.0,2.7624078566816666,0.09971014492753623,236877.07631273606,-5.5,5.5,-5.5,5.5,1,1,-8.5,8.5,-8.5,8.5,1,1,,,,,0,0,q2,tight,mid_high
-2,172600,INTARIAN_PEPPER_ROOT,10167.0,9.0,10164.0,24.0,,,10178.0,9.0,,,,,10172.5,0.0,prices_round_1_day_-2.csv,False,11.0,0.0,10172.5,10172.5,0.0,0.0,2.7624078566816666,0.0996523754345307,236739.75627425697,-5.5,5.5,-5.5,5.5,1,1,-8.5,,-8.5,,1,0,,,,,0,0,q2,tight,mid_high
-2,172700,INTARIAN_PEPPER_ROOT,10167.0,8.0,10165.0,15.0,,,10178.0,8.0,10181.0,15.0,,,10172.5,0.0,prices_round_1_day_-2.csv,False,11.0,0.0,10172.5,10172.5,0.0,0.0,2.7530714543318986,0.09959467284308049,236602.59535516694,-5.5,5.5,-5.5,5.5,1,1,-7.5,8.5,-7.5,8.5,1,1,,,,,0,0,q1,tight,mid_high
-2,172800,INTARIAN_PEPPER_ROOT,10167.0,8.0,10165.0,17.0,,,10178.0,8.0,10181.0,17.0,,,10172.5,0.0,prices_round_1_day_-2.csv,False,11.0,0.0,10172.5,10172.5,0.0,0.0,2.7400545465364905,0.09953703703703703,236465.59327905704,-5.5,5.5,-5.5,5.5,1,1,-7.5,8.5,-7.5,8.5,1,1,,,,,0,0,q1,tight,mid_high
-2,172900,INTARIAN_PEPPER_ROOT,10167.0,9.0,10165.0,16.0,,,10178.0,9.0,10181.0,16.0,,,10172.5,0.0,prices_round_1_day_-2.csv,False,11.0,0.0,10172.5,10172.5,0.0,0.0,2.740091896893197,0.09947946790052054,236328.7497701582,-5.5,5.5,-5.5,5.5,1,1,-7.5,8.5,-7.5,8.5,1,1,,,,,0,0,q1,tight,mid_high
-2,173000,INTARIAN_PEPPER_ROOT,,,,,,,10179.0,11.0,,,,,10179.0,0.0,prices_round_1_day_-2.csv,True,,-1.0,,10179.0,6.5,6.5,2.8854917756065808,0.10317919075144509,236192.08822777114,,0.0,,0.0,0,1,,,,,0,0,,,,,0,0,q2,mid1,mid_high
-2,173100,INTARIAN_PEPPER_ROOT,10168.0,11.0,10165.0,19.0,,,10179.0,11.0,,,,,10173.5,0.0,prices_round_1_day_-2.csv,False,11.0,0.0,10173.5,10173.5,-5.5,-5.5,2.9962462112653223,0.0999422299248989,236055.57914641392,-5.5,5.5,-5.5,5.5,1,1,-8.5,,-8.5,,1,0,,,,,0,0,q2,tight,mid_high
-2,173200,INTARIAN_PEPPER_ROOT,10168.0,12.0,10165.0,19.0,,,10181.0,19.0,,,,,10174.5,0.0,prices_round_1_day_-2.csv,False,13.0,-0.22580645161290322,10173.032258064517,10173.032258064517,-0.4677419354829908,1.0,2.8938609496399623,0.0996144677046865,235919.20984712613,-5.032258064517009,7.967741935482991,-6.5,6.5,1,1,-8.03225806451701,,-9.5,,1,0,,,,,0,0,q2,tight,mid_high
-2,173300,INTARIAN_PEPPER_ROOT,10168.0,11.0,10165.0,16.0,,,10179.0,11.0,10181.0,16.0,,,10173.5,0.0,prices_round_1_day_-2.csv,False,11.0,0.0,10173.5,10173.5,0.4677419354829908,-1.0,2.784192410677323,0.0998268897864974,235782.99791040126,-5.5,5.5,-5.5,5.5,1,1,-8.5,7.5,-8.5,7.5,1,1,,,,,0,0,q2,tight,mid_high
-2,173400,INTARIAN_PEPPER_ROOT,10165.0,18.0,,,,,10179.0,12.0,10182.0,18.0,,,10172.0,0.0,prices_round_1_day_-2.csv,False,14.0,0.2,10173.4,10173.4,-0.1000000000003638,-1.5,2.784301625711286,0.09971164936562839,235646.9431164009,-8.399999999999636,5.600000000000364,-7.0,7.0,1,1,,8.600000000000364,,10.0,0,1,,,,,0,0,q2,mid1,mid_high
-2,173500,INTARIAN_PEPPER_ROOT,10168.0,12.0,10165.0,20.0,,,10179.0,12.0,10182.0,20.0,,,10173.5,0.0,prices_round_1_day_-2.csv,False,11.0,0.0,10173.5,10173.5,0.1000000000003638,1.5,2.672992825463498,0.09971181556195965,235511.04522533034,-5.5,5.5,-5.5,5.5,1,1,-8.5,8.5,-8.5,8.5,1,1,,,,,0,0,q1,tight,mid_high
-2,173600,INTARIAN_PEPPER_ROOT,10168.0,11.0,10165.0,23.0,,,10179.0,11.0,,,,,10173.5,0.0,prices_round_1_day_-2.csv,False,11.0,0.0,10173.5,10173.5,0.0,0.0,2.5829562775532793,0.09965437788018433,235375.3039946164,-5.5,5.5,-5.5,5.5,1,1,-8.5,,-8.5,,1,0,,,,,0,0,q1,tight,mid_high
-2,173700,INTARIAN_PEPPER_ROOT,10168.0,12.0,10166.0,18.0,,,10182.0,18.0,,,,,10175.0,0.0,prices_round_1_day_-2.csv,False,14.0,-0.2,10173.6,10173.6,0.1000000000003638,1.5,2.58257464634839,0.09965457685664961,235239.71914208503,-5.600000000000364,8.399999999999636,-7.0,7.0,1,1,-7.600000000000364,,-9.0,,1,0,,,,,0,0,q1,mid1,mid_high
-2,173800,INTARIAN_PEPPER_ROOT,10168.0,11.0,,,,,10179.0,11.0,,,,,10173.5,0.0,prices_round_1_day_-2.csv,False,11.0,0.0,10173.5,10173.5,-0.1000000000003638,-1.5,2.5813226256783683,0.09953970080552359,235104.29042630893,-5.5,5.5,-5.5,5.5,1,1,,,,,0,0,,,,,0,0,q1,tight,mid_high
-2,173900,INTARIAN_PEPPER_ROOT,10168.0,9.0,10166.0,15.0,,,,,,,,,10168.0,0.0,prices_round_1_day_-2.csv,True,,1.0,,10168.0,-5.5,-5.5,2.693285577452272,0.09631972397929844,234969.03556232053,0.0,,0.0,,1,0,-2.0,,-2.0,,1,0,,,,,0,0,q1,mid1,mid_high
-2,174000,INTARIAN_PEPPER_ROOT,10168.0,9.0,10166.0,25.0,,,10180.0,9.0,10182.0,25.0,,,10174.0,0.0,prices_round_1_day_-2.csv,False,12.0,0.0,10174.0,10174.0,6.0,6.0,2.822385660549021,0.09971264367816092,234833.93826378562,-6.0,6.0,-6.0,6.0,1,1,-8.0,8.0,-8.0,8.0,1,1,,,,,0,0,q2,tight,mid_high
-2,174100,INTARIAN_PEPPER_ROOT,10169.0,9.0,10166.0,20.0,,,10180.0,9.0,10182.0,20.0,,,10174.5,0.0,prices_round_1_day_-2.csv,False,11.0,0.0,10174.5,10174.5,0.5,0.5,2.822385660549021,0.09994256174612291,234698.97632233397,-5.5,5.5,-5.5,5.5,1,1,-8.5,7.5,-8.5,7.5,1,1,,,,,0,0,q2,tight,mid_high
-2,174200,INTARIAN_PEPPER_ROOT,10166.0,21.0,,,,,10171.0,5.0,10180.0,9.0,10182.0,21.0,10168.5,0.0,prices_round_1_day_-2.csv,False,5.0,0.6153846153846154,10170.038461538461,10170.038461538461,-4.461538461539021,-6.0,2.8951990755069135,0.09732403073390412,234564.18127284656,-4.038461538460979,0.9615384615390212,-2.5,2.5,1,1,,9.961538461539021,,11.5,0,1,,11.961538461539021,,13.5,0,1,q2,tight,mid_high
-2,174300,INTARIAN_PEPPER_ROOT,10169.0,9.0,10166.0,21.0,,,10180.0,9.0,10182.0,21.0,,,10174.5,0.0,prices_round_1_day_-2.csv,False,11.0,0.0,10174.5,10174.5,4.461538461539021,6.0,2.962823497929745,0.09982788296041308,234429.539972139,-5.5,5.5,-5.5,5.5,1,1,-8.5,7.5,-8.5,7.5,1,1,,,,,0,0,q2,tight,mid_high
-2,174400,INTARIAN_PEPPER_ROOT,10169.0,12.0,10166.0,20.0,,,10180.0,12.0,10183.0,20.0,,,10174.5,0.0,prices_round_1_day_-2.csv,False,11.0,0.0,10174.5,10174.5,0.0,0.0,2.962823497929745,0.09977064220183486,234295.04224981414,-5.5,5.5,-5.5,5.5,1,1,-8.5,8.5,-8.5,8.5,1,1,,,,,0,0,q2,tight,mid_high
-2,174500,INTARIAN_PEPPER_ROOT,10166.0,25.0,,,,,10180.0,12.0,10183.0,25.0,,,10173.0,0.0,prices_round_1_day_-2.csv,False,14.0,0.35135135135135137,10175.45945945946,10175.45945945946,0.9594594594600494,-1.5,2.9652686502090457,0.10026330054983384,234160.69918581843,-9.45945945946005,4.540540540539951,-7.0,7.0,1,1,,7.540540540539951,,10.0,0,1,,,,,0,0,q2,mid1,mid_high
-2,174600,INTARIAN_PEPPER_ROOT,10169.0,10.0,,,,,10180.0,10.0,10183.0,21.0,,,10174.5,0.0,prices_round_1_day_-2.csv,False,11.0,0.0,10174.5,10174.5,-0.9594594594600494,1.5,2.963074822127925,0.09965635738831616,234026.51031658248,-5.5,5.5,-5.5,5.5,1,1,,8.5,,8.5,0,1,,,,,0,0,q2,tight,mid_high
-2,174700,INTARIAN_PEPPER_ROOT,10167.0,18.0,,,,,10183.0,18.0,,,,,10175.0,0.0,prices_round_1_day_-2.csv,False,16.0,0.0,10175.0,10175.0,0.5,0.5,2.959372180737585,0.09988551803091013,233892.47460631144,-8.0,8.0,-8.0,8.0,1,1,,,,,0,0,,,,,0,0,q2,mid1,mid_high
-2,174800,INTARIAN_PEPPER_ROOT,10169.0,8.0,10167.0,21.0,,,10180.0,8.0,10183.0,21.0,,,10174.5,0.0,prices_round_1_day_-2.csv,False,11.0,0.0,10174.5,10174.5,-0.5,-0.5,2.960595987648891,0.09954233409610984,233758.59245694135,-5.5,5.5,-5.5,5.5,1,1,-7.5,8.5,-7.5,8.5,1,1,,,,,0,0,q2,tight,mid_high
-2,174900,INTARIAN_PEPPER_ROOT,10169.0,9.0,10167.0,25.0,,,10180.0,9.0,10183.0,25.0,,,10174.5,0.0,prices_round_1_day_-2.csv,False,11.0,0.0,10174.5,10174.5,0.0,0.0,2.960595987648891,0.09948542024013722,233624.86329072056,-5.5,5.5,-5.5,5.5,1,1,-7.5,8.5,-7.5,8.5,1,1,,,,,0,0,q2,tight,mid_high
-2,175000,INTARIAN_PEPPER_ROOT,10169.0,11.0,10167.0,19.0,,,10181.0,11.0,10183.0,19.0,,,10175.0,0.0,prices_round_1_day_-2.csv,False,12.0,0.0,10175.0,10175.0,0.5,0.5,2.9441969956206324,0.09971428571428571,233491.28713121774,-6.0,6.0,-6.0,6.0,1,1,-8.0,8.0,-8.0,8.0,1,1,,,,,0,0,q2,tight,mid_high
-2,175100,INTARIAN_PEPPER_ROOT,10170.0,11.0,10167.0,24.0,,,10181.0,11.0,10183.0,24.0,,,10175.5,0.0,prices_round_1_day_-2.csv,False,11.0,0.0,10175.5,10175.5,0.5,0.5,2.938176935469278,0.09994288977727013,233357.86363007824,-5.5,5.5,-5.5,5.5,1,1,-8.5,7.5,-8.5,7.5,1,1,,,,,0,0,q2,tight,mid_high
-2,175200,INTARIAN_PEPPER_ROOT,10170.0,9.0,,,,,10181.0,9.0,10183.0,20.0,,,10175.5,0.0,prices_round_1_day_-2.csv,False,11.0,0.0,10175.5,10175.5,0.0,0.0,2.938176935469278,0.09988584474885845,233224.5924401027,-5.5,5.5,-5.5,5.5,1,1,,7.5,,7.5,0,1,,,,,0,0,q2,tight,mid_high
-2,175300,INTARIAN_PEPPER_ROOT,,,,,,,10183.0,24.0,,,,,10183.0,0.0,prices_round_1_day_-2.csv,True,,-1.0,,10183.0,7.5,7.5,3.118857396423515,0.10410724472333144,233091.50461933247,,0.0,,0.0,0,1,,,,,0,0,,,,,0,0,q2,mid1,mid_high
-2,175400,INTARIAN_PEPPER_ROOT,10170.0,8.0,10167.0,17.0,,,10181.0,8.0,10184.0,17.0,,,10175.5,0.0,prices_round_1_day_-2.csv,False,11.0,0.0,10175.5,10175.5,-7.5,-7.5,3.305873874102062,0.09977194982896237,232958.5703836574,-5.5,5.5,-5.5,5.5,1,1,-8.5,8.5,-8.5,8.5,1,1,,,,,0,0,q2,tight,mid_high
-2,175500,INTARIAN_PEPPER_ROOT,10167.0,23.0,,,,,10181.0,11.0,10184.0,23.0,,,10174.0,0.0,prices_round_1_day_-2.csv,False,14.0,0.35294117647058826,10176.470588235294,10176.470588235294,0.9705882352936896,-1.5,3.2073635149521844,0.10026814144461178,232825.75521119745,-9.47058823529369,4.52941176470631,-7.0,7.0,1,1,,7.52941176470631,,10.0,0,1,,,,,0,0,q2,mid1,mid_high
-2,175600,INTARIAN_PEPPER_ROOT,10170.0,10.0,10167.0,18.0,,,10181.0,10.0,10184.0,18.0,,,10175.5,0.0,prices_round_1_day_-2.csv,False,11.0,0.0,10175.5,10175.5,-0.9705882352936896,1.5,3.1197049328913984,0.09965831435079726,232693.0916162511,-5.5,5.5,-5.5,5.5,1,1,-8.5,8.5,-8.5,8.5,1,1,,,,,0,0,q2,tight,mid_high
-2,175700,INTARIAN_PEPPER_ROOT,10170.0,9.0,10168.0,16.0,,,10181.0,9.0,10184.0,16.0,,,10175.5,0.0,prices_round_1_day_-2.csv,False,11.0,0.0,10175.5,10175.5,0.0,0.0,3.1197049328913984,0.099601593625498,232560.57847178064,-5.5,5.5,-5.5,5.5,1,1,-7.5,8.5,-7.5,8.5,1,1,,,,,0,0,q2,tight,mid_high
-2,175800,INTARIAN_PEPPER_ROOT,10168.0,17.0,,,,,10181.0,9.0,10184.0,17.0,,,10174.5,0.0,prices_round_1_day_-2.csv,False,13.0,0.3076923076923077,10176.5,10176.5,1.0,-1.0,3.1222551522343367,0.10011376564277588,232428.2166230523,-8.5,4.5,-6.5,6.5,1,1,,7.5,,9.5,0,1,,,,,0,0,q2,tight,mid_high
-2,175900,INTARIAN_PEPPER_ROOT,10170.0,10.0,10168.0,25.0,,,10181.0,10.0,10184.0,25.0,,,10175.5,0.0,prices_round_1_day_-2.csv,False,11.0,0.0,10175.5,10175.5,-1.0,1.0,3.1262397852432136,0.09948834565093803,232296.0055837686,-5.5,5.5,-5.5,5.5,1,1,-7.5,8.5,-7.5,8.5,1,1,,,,,0,0,q2,tight,mid_high
-2,176000,INTARIAN_PEPPER_ROOT,10170.0,12.0,10168.0,19.0,,,10182.0,12.0,10184.0,19.0,,,10176.0,0.0,prices_round_1_day_-2.csv,False,12.0,0.0,10176.0,10176.0,0.5,0.5,3.1262397852432136,0.09971590909090909,232163.9442732141,-6.0,6.0,-6.0,6.0,1,1,-8.0,8.0,-8.0,8.0,1,1,,,,,0,0,q2,tight,mid_high
-2,176100,INTARIAN_PEPPER_ROOT,10171.0,9.0,10168.0,22.0,,,10182.0,9.0,,,,,10176.5,0.0,prices_round_1_day_-2.csv,False,11.0,0.0,10176.5,10176.5,0.5,0.5,3.008967497152333,0.09994321408290743,232032.03303222725,-5.5,5.5,-5.5,5.5,1,1,-8.5,,-8.5,,1,0,,,,,0,0,q2,tight,mid_high
-2,176200,INTARIAN_PEPPER_ROOT,10171.0,8.0,10168.0,22.0,,,10182.0,8.0,10184.0,22.0,,,10176.5,0.0,prices_round_1_day_-2.csv,False,11.0,0.0,10176.5,10176.5,0.0,0.0,2.9028324821331544,0.09988649262202043,231900.27151999032,-5.5,5.5,-5.5,5.5,1,1,-8.5,7.5,-8.5,7.5,1,1,,,,,0,0,q2,tight,mid_high
-2,176300,INTARIAN_PEPPER_ROOT,10171.0,11.0,,,,,,,,,,,10171.0,0.0,prices_round_1_day_-2.csv,True,,1.0,,10171.0,-5.5,-5.5,3.008967497152333,0.09671015314804311,231768.67734826592,0.0,,0.0,,1,0,,,,,0,0,,,,,0,0,q2,mid1,mid_high
-2,176400,INTARIAN_PEPPER_ROOT,10168.0,15.0,,,,,10182.0,12.0,10185.0,15.0,,,10175.0,0.0,prices_round_1_day_-2.csv,False,14.0,0.1111111111111111,10175.777777777777,10175.777777777777,4.777777777777374,4.0,3.084214441664898,0.09936381960191461,231637.22710585178,-7.777777777777374,6.222222222222626,-7.0,7.0,1,1,,9.222222222222626,,10.0,0,1,,,,,0,0,q2,mid1,mid_high
-2,176500,INTARIAN_PEPPER_ROOT,10171.0,11.0,10168.0,17.0,,,10182.0,11.0,10185.0,17.0,,,10176.5,0.0,prices_round_1_day_-2.csv,False,11.0,0.0,10176.5,10176.5,0.7222222222226264,1.5,3.0817543518885215,0.09971671388101983,231505.91370484667,-5.5,5.5,-5.5,5.5,1,1,-8.5,8.5,-8.5,8.5,1,1,,,,,0,0,q2,tight,mid_high
-2,176600,INTARIAN_PEPPER_ROOT,10171.0,10.0,10168.0,20.0,,,10185.0,20.0,,,,,10178.0,0.0,prices_round_1_day_-2.csv,False,14.0,-0.3333333333333333,10175.666666666666,10175.666666666666,-0.8333333333339397,1.5,3.082207820181671,0.09918837297093208,231374.74937418636,-4.66666666666606,9.33333333333394,-7.0,7.0,1,1,-7.66666666666606,,-10.0,,1,0,,,,,0,0,q2,mid1,mid_high
-2,176700,INTARIAN_PEPPER_ROOT,10169.0,18.0,,,,,10185.0,18.0,,,,,10177.0,0.0,prices_round_1_day_-2.csv,False,16.0,0.0,10177.0,10177.0,1.3333333333339397,-1.0,3.084287304393148,0.09988681380871534,231243.73395678974,-8.0,8.0,-8.0,8.0,1,1,,,,,0,0,,,,,0,0,q2,mid1,mid_high
-2,176800,INTARIAN_PEPPER_ROOT,10171.0,11.0,,,,,10182.0,11.0,10185.0,24.0,,,10176.5,0.0,prices_round_1_day_-2.csv,False,11.0,0.0,10176.5,10176.5,-0.5,-0.5,3.0854743188277975,0.09954751131221719,231112.86617280776,-5.5,5.5,-5.5,5.5,1,1,,8.5,,8.5,0,1,,,,,0,0,q2,tight,mid_high
-2,176900,INTARIAN_PEPPER_ROOT,10174.0,6.0,10171.0,10.0,,,10182.0,10.0,10185.0,22.0,,,10178.0,0.0,prices_round_1_day_-2.csv,False,8.0,-0.25,10177.0,10177.0,0.5,1.5,3.0853113608587024,0.09977388355002827,230982.14631652876,-3.0,5.0,-4.0,4.0,1,1,-6.0,8.0,-7.0,7.0,1,1,,,,,0,0,q2,tight,mid_high
-2,177000,INTARIAN_PEPPER_ROOT,10171.0,9.0,10169.0,24.0,,,,,,,,,10171.0,0.0,prices_round_1_day_-2.csv,True,,1.0,,10171.0,-6.0,-7.0,3.2032291216347115,0.09632768361581921,230851.59518023927,0.0,,0.0,,1,0,-2.0,,-2.0,,1,0,,,,,0,0,q2,mid1,mid_high
-2,177100,INTARIAN_PEPPER_ROOT,,,,,,,10183.0,8.0,10185.0,17.0,,,10183.0,0.0,prices_round_1_day_-2.csv,True,,-1.0,,10183.0,12.0,12.0,3.5291588969575156,0.10304912478825522,230721.25056002714,,0.0,,0.0,0,1,,2.0,,2.0,0,1,,,,,0,0,q3,mid1,mid_high
-2,177200,INTARIAN_PEPPER_ROOT,10169.0,24.0,,,,,10185.0,24.0,,,,,10177.0,0.0,prices_round_1_day_-2.csv,False,16.0,0.0,10177.0,10177.0,-6.0,-6.0,3.4530566588360356,0.09960496613995486,230590.99419392252,-8.0,8.0,-8.0,8.0,1,1,,,,,0,0,,,,,0,0,q3,mid1,mid_high
-2,177300,INTARIAN_PEPPER_ROOT,10169.0,22.0,,,,,10183.0,8.0,10185.0,22.0,,,10176.0,0.0,prices_round_1_day_-2.csv,False,14.0,0.4666666666666667,10179.266666666666,10179.266666666666,2.266666666666424,-1.0,3.432815335555205,0.1008272231622484,230460.86648473167,-10.266666666666424,3.733333333333576,-7.0,7.0,1,1,,5.733333333333576,,9.0,0,1,,,,,0,0,q3,mid1,mid_high
-2,177400,INTARIAN_PEPPER_ROOT,10169.0,25.0,,,,,10183.0,8.0,10186.0,25.0,,,10176.0,0.0,prices_round_1_day_-2.csv,False,14.0,0.5151515151515151,10179.60606060606,10179.60606060606,0.3393939393936307,0.0,3.428057865173435,0.10096170270916575,230330.88294857673,-10.606060606060055,3.393939393939945,-7.0,7.0,1,1,,6.393939393939945,,10.0,0,1,,,,,0,0,q3,mid1,mid_high
-2,177500,INTARIAN_PEPPER_ROOT,10169.0,15.0,,,,,10183.0,11.0,10186.0,15.0,,,10176.0,0.0,prices_round_1_day_-2.csv,False,14.0,0.15384615384615385,10177.076923076924,10177.076923076924,-2.5291375291362783,0.0,3.448794375894512,0.09947995666305565,230201.04982037845,-8.076923076923777,5.9230769230762235,-7.0,7.0,1,1,,8.923076923076223,,10.0,0,1,,,,,0,0,q3,mid1,mid_high
-2,177600,INTARIAN_PEPPER_ROOT,10172.0,10.0,10169.0,17.0,,,10183.0,10.0,10186.0,17.0,,,10177.5,0.0,prices_round_1_day_-2.csv,False,11.0,0.0,10177.5,10177.5,0.42307692307622347,1.5,3.449084197565068,0.09966216216216216,230071.35914704643,-5.5,5.5,-5.5,5.5,1,1,-8.5,8.5,-8.5,8.5,1,1,,,,,0,0,q3,tight,mid_high
-2,177700,INTARIAN_PEPPER_ROOT,10172.0,10.0,10170.0,17.0,,,10183.0,10.0,10186.0,17.0,,,10177.5,0.0,prices_round_1_day_-2.csv,False,11.0,0.0,10177.5,10177.5,0.0,0.0,3.449084197565068,0.0996060776589758,229941.81446843152,-5.5,5.5,-5.5,5.5,1,1,-7.5,8.5,-7.5,8.5,1,1,,,,,0,0,q3,tight,mid_high
-2,177800,INTARIAN_PEPPER_ROOT,10172.0,12.0,10170.0,15.0,,,10183.0,12.0,,,,,10177.5,0.0,prices_round_1_day_-2.csv,False,11.0,0.0,10177.5,10177.5,0.0,0.0,3.449084197565068,0.09955005624296963,229812.41559136193,-5.5,5.5,-5.5,5.5,1,1,-7.5,,-7.5,,1,0,,,,,0,0,q3,tight,mid_high
-2,177900,INTARIAN_PEPPER_ROOT,,,,,,,10183.0,10.0,10186.0,23.0,,,10183.0,0.0,prices_round_1_day_-2.csv,True,,-1.0,,10183.0,5.5,5.5,3.5325249924524558,0.10258572231590782,229683.17865822033,,0.0,,0.0,0,1,,3.0,,3.0,0,1,,,,,0,0,q3,mid1,mid_high
-2,178000,INTARIAN_PEPPER_ROOT,10172.0,10.0,10170.0,21.0,,,10186.0,21.0,,,,,10179.0,0.0,prices_round_1_day_-2.csv,False,14.0,-0.3548387096774194,10176.516129032258,10176.516129032258,-6.483870967742405,-4.0,3.5379288842756513,0.09888546574845933,229554.09500357276,-4.516129032257595,9.483870967742405,-7.0,7.0,1,1,-6.516129032257595,,-9.0,,1,0,,,,,0,0,q3,mid1,mid_high
-2,178100,INTARIAN_PEPPER_ROOT,,,,,,,10184.0,12.0,10186.0,19.0,,,10184.0,0.0,prices_round_1_day_-2.csv,True,,-1.0,,10184.0,7.483870967742405,5.0,3.6055705644916705,0.10303200449185851,229425.16265098014,,0.0,,0.0,0,1,,2.0,,2.0,0,1,,,,,0,0,q3,mid1,mid_high
-2,178200,INTARIAN_PEPPER_ROOT,10170.0,23.0,,,,,10184.0,10.0,10186.0,23.0,,,10177.0,0.0,prices_round_1_day_-2.csv,False,14.0,0.3939393939393939,10179.757575757576,10179.757575757576,-4.242424242424022,-7.0,3.659169635519693,0.10059347685610324,229296.35507643915,-9.757575757575978,4.242424242424022,-7.0,7.0,1,1,,6.242424242424022,,9.0,0,1,,,,,0,0,q3,mid1,mid_high
-2,178300,INTARIAN_PEPPER_ROOT,10173.0,10.0,10170.0,15.0,,,10186.0,15.0,,,,,10179.5,0.0,prices_round_1_day_-2.csv,False,13.0,-0.2,10178.2,10178.2,-1.5575757575752505,2.5,3.6666078866779133,0.09966348850252424,229167.6830185866,-5.200000000000728,7.799999999999272,-6.5,6.5,1,1,-8.200000000000728,,-9.5,,1,0,,,,,0,0,q3,tight,mid_high
-2,178400,INTARIAN_PEPPER_ROOT,10173.0,8.0,10170.0,17.0,,,10184.0,8.0,10187.0,17.0,,,10178.5,0.0,prices_round_1_day_-2.csv,False,11.0,0.0,10178.5,10178.5,0.2999999999992724,-1.0,3.666612339436757,0.09977578475336323,229039.1537741074,-5.5,5.5,-5.5,5.5,1,1,-8.5,8.5,-8.5,8.5,1,1,,,,,0,0,q3,tight,mid_high
-2,178500,INTARIAN_PEPPER_ROOT,10173.0,12.0,10170.0,23.0,,,10184.0,12.0,10187.0,23.0,,,10178.5,0.0,prices_round_1_day_-2.csv,False,11.0,0.0,10178.5,10178.5,0.0,0.0,3.6666407256472775,0.09971988795518208,228910.7686038022,-5.5,5.5,-5.5,5.5,1,1,-8.5,8.5,-8.5,8.5,1,1,,,,,0,0,q3,tight,mid_high
-2,178600,INTARIAN_PEPPER_ROOT,10170.0,21.0,,,,,10175.0,4.0,10184.0,10.0,10187.0,21.0,10172.5,0.0,prices_round_1_day_-2.csv,False,5.0,0.68,10174.2,10174.2,-4.299999999999272,-6.0,3.7190866125143196,0.09725643896976524,228782.53811533877,-4.200000000000728,0.7999999999992724,-2.5,2.5,1,1,,9.799999999999272,,11.5,0,1,,12.799999999999272,,14.5,0,1,q3,tight,mid_high
-2,178700,INTARIAN_PEPPER_ROOT,10171.0,18.0,,,,,10184.0,12.0,10187.0,18.0,,,10177.5,0.0,prices_round_1_day_-2.csv,False,13.0,0.2,10178.8,10178.8,4.599999999998545,5.0,3.775235244292772,0.09977616116396154,228654.45173529317,-7.799999999999272,5.200000000000728,-6.5,6.5,1,1,,8.200000000000728,,9.5,0,1,,,,,0,0,q3,tight,mid_high
-2,178800,INTARIAN_PEPPER_ROOT,10173.0,10.0,,,,,10184.0,10.0,,,,,10178.5,0.0,prices_round_1_day_-2.csv,False,11.0,0.0,10178.5,10178.5,-0.2999999999992724,1.0,3.775561740439791,0.09955257270693513,228526.49745885012,-5.5,5.5,-5.5,5.5,1,1,,,,,0,0,,,,,0,0,q3,tight,mid_high
-2,178900,INTARIAN_PEPPER_ROOT,10173.0,11.0,10171.0,16.0,,,10184.0,11.0,10187.0,16.0,,,10178.5,0.0,prices_round_1_day_-2.csv,False,11.0,0.0,10178.5,10178.5,0.0,0.0,3.6881870341307086,0.09949692565679151,228398.6862242004,-5.5,5.5,-5.5,5.5,1,1,-7.5,8.5,-7.5,8.5,1,1,,,,,0,0,q3,tight,mid_high
-2,179000,INTARIAN_PEPPER_ROOT,10173.0,10.0,10171.0,25.0,,,10185.0,10.0,10187.0,25.0,,,10179.0,0.0,prices_round_1_day_-2.csv,False,12.0,0.0,10179.0,10179.0,0.5,0.5,3.592760454074629,0.09972067039106146,228271.01795929763,-6.0,6.0,-6.0,6.0,1,1,-8.0,8.0,-8.0,8.0,1,1,,,,,0,0,q3,tight,mid_high
-2,179100,INTARIAN_PEPPER_ROOT,10174.0,11.0,10171.0,15.0,,,10185.0,11.0,10187.0,15.0,,,10179.5,0.0,prices_round_1_day_-2.csv,False,11.0,0.0,10179.5,10179.5,0.5,0.5,3.592760454074629,0.09994416527079844,228143.49234040087,-5.5,5.5,-5.5,5.5,1,1,-8.5,7.5,-8.5,7.5,1,1,,,,,0,0,q3,tight,mid_high
-2,179200,INTARIAN_PEPPER_ROOT,10171.0,23.0,,,,,10185.0,11.0,10187.0,23.0,,,10178.0,0.0,prices_round_1_day_-2.csv,False,14.0,0.35294117647058826,10180.470588235294,10180.470588235294,0.9705882352936896,-1.5,3.533653330270584,0.10043001575630228,228016.10946226446,-9.47058823529369,4.52941176470631,-7.0,7.0,1,1,,6.52941176470631,,9.0,0,1,,,,,0,0,q3,mid1,mid_high
-2,179300,INTARIAN_PEPPER_ROOT,10174.0,10.0,10171.0,22.0,,,10185.0,10.0,,,,,10179.5,0.0,prices_round_1_day_-2.csv,False,11.0,0.0,10179.5,10179.5,-0.9705882352936896,1.5,3.483377110181725,0.09983268265476855,227888.86896950667,-5.5,5.5,-5.5,5.5,1,1,-8.5,,-8.5,,1,0,,,,,0,0,q3,tight,mid_high
-2,179400,INTARIAN_PEPPER_ROOT,10174.0,12.0,10171.0,19.0,,,,,,,,,10174.0,0.0,prices_round_1_day_-2.csv,True,,1.0,,10174.0,-5.5,-5.5,3.572305288091967,0.09671125975473802,227761.7872470734,0.0,,0.0,,1,0,-3.0,,-3.0,,1,0,,,,,0,0,q3,mid1,mid_high
-2,179500,INTARIAN_PEPPER_ROOT,10174.0,10.0,10171.0,22.0,,,10185.0,10.0,10188.0,22.0,,,10179.5,0.0,prices_round_1_day_-2.csv,False,11.0,0.0,10179.5,10179.5,5.5,5.5,3.654225417473108,0.09972144846796657,227634.84599401723,-5.5,5.5,-5.5,5.5,1,1,-8.5,8.5,-8.5,8.5,1,1,,,,,0,0,q3,tight,mid_high
-2,179600,INTARIAN_PEPPER_ROOT,10174.0,11.0,10171.0,23.0,,,10185.0,11.0,10188.0,23.0,,,10179.5,0.0,prices_round_1_day_-2.csv,False,11.0,0.0,10179.5,10179.5,0.0,0.0,3.651169126671694,0.09966592427616927,227508.02992936253,-5.5,5.5,-5.5,5.5,1,1,-8.5,8.5,-8.5,8.5,1,1,,,,,0,0,q3,tight,mid_high
-2,179700,INTARIAN_PEPPER_ROOT,10172.0,21.0,,,,,10185.0,8.0,,,,,10178.5,0.0,prices_round_1_day_-2.csv,False,13.0,0.4482758620689655,10181.413793103447,10181.413793103447,1.9137931034474605,-1.0,3.659794331206395,0.10067545526068306,227381.35691115353,-9.41379310344746,3.5862068965525395,-6.5,6.5,1,1,,,,,0,0,,,,,0,0,q3,tight,mid_high
-2,179800,INTARIAN_PEPPER_ROOT,10174.0,11.0,,,,,10185.0,11.0,10188.0,21.0,,,10179.5,0.0,prices_round_1_day_-2.csv,False,11.0,0.0,10179.5,10179.5,-1.9137931034474605,1.0,3.670194266314969,0.09955506117908787,227254.82530231404,-5.5,5.5,-5.5,5.5,1,1,,8.5,,8.5,0,1,,,,,0,0,q3,tight,mid_high
-2,179900,INTARIAN_PEPPER_ROOT,10172.0,21.0,,,,,10185.0,9.0,,,,,10178.5,0.0,prices_round_1_day_-2.csv,False,13.0,0.4,10181.1,10181.1,1.6000000000003638,-1.0,3.6762746551701486,0.10038910505836596,227128.4334362302,-9.100000000000364,3.899999999999636,-6.5,6.5,1,1,,,,,0,0,,,,,0,0,q3,tight,mid_high
-2,180000,INTARIAN_PEPPER_ROOT,10174.0,10.0,10172.0,24.0,,,10188.0,24.0,,,,,10181.0,0.0,prices_round_1_day_-2.csv,False,14.0,-0.4117647058823529,10178.117647058823,10178.117647058823,-2.9823529411769414,2.5,3.702056809104886,0.09867647058823524,227002.1861124852,-4.117647058823422,9.882352941176578,-7.0,7.0,1,1,-6.117647058823422,,-9.0,,1,0,,,,,0,0,q3,mid1,mid_high
-2,180100,INTARIAN_PEPPER_ROOT,10175.0,11.0,10172.0,19.0,,,10186.0,11.0,10188.0,19.0,,,10180.5,0.0,prices_round_1_day_-2.csv,False,11.0,0.0,10180.5,10180.5,2.3823529411765776,-0.5,3.716142410317213,0.09994447529150471,226876.07668257965,-5.5,5.5,-5.5,5.5,1,1,-8.5,7.5,-8.5,7.5,1,1,,,,,0,0,q3,tight,mid_high
-2,180200,INTARIAN_PEPPER_ROOT,10175.0,8.0,10172.0,24.0,,,10186.0,8.0,,,,,10180.5,0.0,prices_round_1_day_-2.csv,False,11.0,0.0,10180.5,10180.5,0.0,0.0,3.716142410317213,0.09988901220865705,226750.10440789934,-5.5,5.5,-5.5,5.5,1,1,-8.5,,-8.5,,1,0,,,,,0,0,q3,tight,mid_high
-2,180300,INTARIAN_PEPPER_ROOT,10175.0,12.0,10172.0,24.0,,,10186.0,12.0,10188.0,24.0,,,10180.5,0.0,prices_round_1_day_-2.csv,False,11.0,0.0,10180.5,10180.5,0.0,0.0,3.5594112281821637,0.09983361064891846,226624.27194705827,-5.5,5.5,-5.5,5.5,1,1,-8.5,7.5,-8.5,7.5,1,1,,,,,0,0,q3,tight,mid_high
-2,180400,INTARIAN_PEPPER_ROOT,10172.0,16.0,,,,,10186.0,9.0,10189.0,16.0,,,10179.0,0.0,prices_round_1_day_-2.csv,False,14.0,0.28,10180.96,10180.96,0.4599999999991269,-1.5,3.3935454167273007,0.10003325942350284,226498.57913380305,-8.959999999999127,5.040000000000873,-7.0,7.0,1,1,,8.040000000000873,,10.0,0,1,,,,,0,0,q3,mid1,mid_high
-2,180500,INTARIAN_PEPPER_ROOT,10175.0,12.0,,,,,10189.0,18.0,,,,,10182.0,0.0,prices_round_1_day_-2.csv,False,14.0,-0.2,10180.6,10180.6,-0.3599999999987631,3.0,3.391869401850311,0.09977839335180076,226373.0257149447,-5.600000000000364,8.399999999999636,-7.0,7.0,1,1,,,,,0,0,,,,,0,0,q3,mid1,mid_high
-2,180600,INTARIAN_PEPPER_ROOT,10175.0,9.0,10172.0,17.0,,,10186.0,9.0,10189.0,17.0,,,10180.5,0.0,prices_round_1_day_-2.csv,False,11.0,0.0,10180.5,10180.5,-0.1000000000003638,-1.5,3.3885856517081967,0.09966777408637874,226247.61131836544,-5.5,5.5,-5.5,5.5,1,1,-8.5,8.5,-8.5,8.5,1,1,,,,,0,0,q3,tight,mid_high
-2,180700,INTARIAN_PEPPER_ROOT,10175.0,9.0,10173.0,21.0,,,10186.0,9.0,10189.0,21.0,,,10180.5,0.0,prices_round_1_day_-2.csv,False,11.0,0.0,10180.5,10180.5,0.0,0.0,3.3885856517081967,0.0996126175982291,226122.3357915713,-5.5,5.5,-5.5,5.5,1,1,-7.5,8.5,-7.5,8.5,1,1,,,,,0,0,q3,tight,mid_high
-2,180800,INTARIAN_PEPPER_ROOT,10175.0,10.0,10173.0,21.0,,,10186.0,10.0,,,,,10180.5,0.0,prices_round_1_day_-2.csv,False,11.0,0.0,10180.5,10180.5,0.0,0.0,3.386115477222405,0.09955752212389381,225997.19892058382,-5.5,5.5,-5.5,5.5,1,1,-7.5,,-7.5,,1,0,,,,,0,0,q3,tight,mid_high
-2,180900,INTARIAN_PEPPER_ROOT,10175.0,9.0,,,,,,,,,,,10175.0,0.0,prices_round_1_day_-2.csv,True,,1.0,,10175.0,-5.5,-5.5,3.4740675543264694,0.09646213377556662,225872.2178026585,0.0,,0.0,,1,0,,,,,0,0,,,,,0,0,q3,mid1,mid_high
-2,181000,INTARIAN_PEPPER_ROOT,10173.0,16.0,,,,,10189.0,16.0,,,,,10181.0,0.0,prices_round_1_day_-2.csv,False,16.0,0.0,10181.0,10181.0,6.0,6.0,3.5761201277281294,0.09972375690607735,225747.37679364887,-8.0,8.0,-8.0,8.0,1,1,,,,,0,0,,,,,0,0,q3,mid1,mid_high
-2,181100,INTARIAN_PEPPER_ROOT,10176.0,8.0,10173.0,21.0,,,10187.0,8.0,10189.0,21.0,,,10181.5,0.0,prices_round_1_day_-2.csv,False,11.0,0.0,10181.5,10181.5,0.5,0.5,3.5761201277281294,0.09994478188845941,225622.65457449912,-5.5,5.5,-5.5,5.5,1,1,-8.5,7.5,-8.5,7.5,1,1,,,,,0,0,q3,tight,mid_high
-2,181200,INTARIAN_PEPPER_ROOT,10176.0,9.0,10173.0,20.0,,,10189.0,20.0,,,,,10182.5,0.0,prices_round_1_day_-2.csv,False,13.0,-0.3793103448275862,10180.034482758621,10180.034482758621,-1.4655172413786204,1.0,3.582955719327808,0.09908084037451512,225498.07135790295,-4.03448275862138,8.96551724137862,-6.5,6.5,1,1,-7.03448275862138,,-9.5,,1,0,,,,,0,0,q3,tight,mid_high
-2,181300,INTARIAN_PEPPER_ROOT,10176.0,9.0,10173.0,19.0,,,10187.0,9.0,,,,,10181.5,0.0,prices_round_1_day_-2.csv,False,11.0,0.0,10181.5,10181.5,1.4655172413786204,-1.0,3.4963059362667344,0.09983452840595698,225373.62532852142,-5.5,5.5,-5.5,5.5,1,1,-8.5,,-8.5,,1,0,,,,,0,0,q3,tight,mid_high
-2,181400,INTARIAN_PEPPER_ROOT,10176.0,9.0,,,,,10187.0,9.0,,,,,10181.5,0.0,prices_round_1_day_-2.csv,False,11.0,0.0,10181.5,10181.5,0.0,0.0,3.4336467427969746,0.09977949283351709,225249.31555722133,-5.5,5.5,-5.5,5.5,1,1,,,,,0,0,,,,,0,0,q3,tight,mid_high
-2,181500,INTARIAN_PEPPER_ROOT,10173.0,19.0,,,,,10187.0,10.0,10190.0,19.0,,,10180.0,0.0,prices_round_1_day_-2.csv,False,14.0,0.3103448275862069,10182.172413793103,10182.172413793103,0.6724137931032601,-1.5,3.43347403681004,0.10009499382540124,225125.1430170737,-9.17241379310326,4.82758620689674,-7.0,7.0,1,1,,7.82758620689674,,10.0,0,1,,,,,0,0,q3,mid1,mid_high
-2,181600,INTARIAN_PEPPER_ROOT,10176.0,10.0,10173.0,25.0,,,10187.0,10.0,10190.0,25.0,,,10181.5,0.0,prices_round_1_day_-2.csv,False,11.0,0.0,10181.5,10181.5,-0.6724137931032601,1.5,3.432643771934221,0.09966960352422907,225001.10745422196,-5.5,5.5,-5.5,5.5,1,1,-8.5,8.5,-8.5,8.5,1,1,,,,,0,0,q3,tight,mid_high
-2,181700,INTARIAN_PEPPER_ROOT,10176.0,11.0,10174.0,17.0,,,10187.0,11.0,10190.0,17.0,,,10181.5,0.0,prices_round_1_day_-2.csv,False,11.0,0.0,10181.5,10181.5,0.0,0.0,3.428175268072927,0.0996147495872317,224877.20817144352,-5.5,5.5,-5.5,5.5,1,1,-7.5,8.5,-7.5,8.5,1,1,,,,,0,0,q3,tight,mid_high
-2,181800,INTARIAN_PEPPER_ROOT,10176.0,10.0,10174.0,25.0,,,10187.0,10.0,10190.0,25.0,,,10181.5,0.0,prices_round_1_day_-2.csv,False,11.0,0.0,10181.5,10181.5,0.0,0.0,3.4271482098532524,0.09955995599559957,224753.44526651572,-5.5,5.5,-5.5,5.5,1,1,-7.5,8.5,-7.5,8.5,1,1,,,,,0,0,q3,tight,mid_high
-2,181900,INTARIAN_PEPPER_ROOT,10176.0,10.0,,,,,10187.0,10.0,10190.0,20.0,,,10181.5,0.0,prices_round_1_day_-2.csv,False,11.0,0.0,10181.5,10181.5,0.0,0.0,3.426686677680676,0.09950522264980759,224629.81851439262,-5.5,5.5,-5.5,5.5,1,1,,8.5,,8.5,0,1,,,,,0,0,q3,tight,mid_high
-2,182000,INTARIAN_PEPPER_ROOT,10176.0,10.0,,,,,,,,,,,10176.0,0.0,prices_round_1_day_-2.csv,True,,1.0,,10176.0,-5.5,-5.5,3.4092368460857214,0.09642857142857143,224506.3449128075,0.0,,0.0,,1,0,,,,,0,0,,,,,0,0,q3,mid1,mid_high
-2,182100,INTARIAN_PEPPER_ROOT,10177.0,11.0,10174.0,19.0,,,10188.0,11.0,10190.0,19.0,,,10182.5,0.0,prices_round_1_day_-2.csv,False,11.0,0.0,10182.5,10182.5,6.5,6.5,3.0913536357524602,0.09994508511806699,224383.0122964866,-5.5,5.5,-5.5,5.5,1,1,-8.5,7.5,-8.5,7.5,1,1,,,,,0,0,q2,tight,mid_high
-2,182200,INTARIAN_PEPPER_ROOT,10174.0,22.0,,,,,10188.0,10.0,10190.0,22.0,,,10181.0,0.0,prices_round_1_day_-2.csv,False,14.0,0.375,10183.625,10183.625,1.125,-1.5,2.971496256999422,0.10050768386388584,224259.79320690085,-9.625,4.375,-7.0,7.0,1,1,,6.375,,9.0,0,1,,,,,0,0,q2,mid1,mid_high
-2,182300,INTARIAN_PEPPER_ROOT,10177.0,8.0,10174.0,18.0,,,10188.0,8.0,,,,,10182.5,0.0,prices_round_1_day_-2.csv,False,11.0,0.0,10182.5,10182.5,-1.125,1.5,2.9604752827746132,0.09983543609434997,224136.70962174077,-5.5,5.5,-5.5,5.5,1,1,-8.5,,-8.5,,1,0,,,,,0,0,q2,tight,mid_high
-2,182400,INTARIAN_PEPPER_ROOT,10177.0,10.0,10174.0,18.0,,,10191.0,18.0,,,,,10184.0,0.0,prices_round_1_day_-2.csv,False,14.0,-0.2857142857142857,10182.0,10182.0,-0.5,1.5,2.9612654590267016,0.09950657894736842,224013.7604445513,-5.0,9.0,-7.0,7.0,1,1,-8.0,,-10.0,,1,0,,,,,0,0,q2,mid1,mid_high
-2,182500,INTARIAN_PEPPER_ROOT,10177.0,8.0,10174.0,19.0,,,10188.0,8.0,10191.0,19.0,,,10182.5,0.0,prices_round_1_day_-2.csv,False,11.0,0.0,10182.5,10182.5,0.5,-1.5,2.938364982786696,0.09972602739726028,223890.94597079174,-5.5,5.5,-5.5,5.5,1,1,-8.5,8.5,-8.5,8.5,1,1,,,,,0,0,q2,tight,mid_high
-2,182600,INTARIAN_PEPPER_ROOT,10177.0,10.0,10174.0,25.0,,,10191.0,25.0,,,,,10184.0,0.0,prices_round_1_day_-2.csv,False,14.0,-0.42857142857142855,10181.0,10181.0,-1.5,1.5,2.9467368705016477,0.0988499452354874,223768.2674018882,-4.0,10.0,-7.0,7.0,1,1,-7.0,,-10.0,,1,0,,,,,0,0,q2,mid1,mid_high
-2,182700,INTARIAN_PEPPER_ROOT,10177.0,12.0,10175.0,24.0,,,10188.0,12.0,10191.0,24.0,,,10182.5,0.0,prices_round_1_day_-2.csv,False,11.0,0.0,10182.5,10182.5,1.5,-1.5,2.9536371594507216,0.09961685823754789,223645.72287546162,-5.5,5.5,-5.5,5.5,1,1,-7.5,8.5,-7.5,8.5,1,1,,,,,0,0,q2,tight,mid_high
-2,182800,INTARIAN_PEPPER_ROOT,10177.0,9.0,10175.0,17.0,,,10191.0,17.0,,,,,10184.0,0.0,prices_round_1_day_-2.csv,False,14.0,-0.3076923076923077,10181.846153846154,10181.846153846154,-0.6538461538457341,1.5,2.9555357425275237,0.09920467934691152,223523.31173398404,-4.846153846154266,9.153846153845734,-7.0,7.0,1,1,-6.846153846154266,,-9.0,,1,0,,,,,0,0,q2,mid1,mid_high
-2,182900,INTARIAN_PEPPER_ROOT,10175.0,21.0,,,,,10188.0,12.0,10191.0,21.0,,,10181.5,0.0,prices_round_1_day_-2.csv,False,13.0,0.2727272727272727,10183.272727272728,10183.272727272728,1.4265734265736683,-2.5,2.8578063156322737,0.09993041403648328,223401.03517447118,-8.272727272727934,4.727272727272066,-6.5,6.5,1,1,,7.727272727272066,,9.5,0,1,,,,,0,0,q2,tight,mid_high
-2,183000,INTARIAN_PEPPER_ROOT,10177.0,11.0,10175.0,24.0,,,10191.0,24.0,,,,,10184.0,0.0,prices_round_1_day_-2.csv,False,14.0,-0.37142857142857144,10181.4,10181.4,-1.872727272728298,2.5,2.7149501380324543,0.09885245901639324,223278.8934872527,-4.399999999999636,9.600000000000364,-7.0,7.0,1,1,-6.399999999999636,,-9.0,,1,0,,,,,0,0,q1,mid1,mid_high
-2,183100,INTARIAN_PEPPER_ROOT,10178.0,12.0,10175.0,19.0,,,10189.0,12.0,10191.0,19.0,,,10183.5,0.0,prices_round_1_day_-2.csv,False,11.0,0.0,10183.5,10183.5,2.100000000000364,-0.5,2.515464324399054,0.09994538503549973,223156.88535004898,-5.5,5.5,-5.5,5.5,1,1,-8.5,7.5,-8.5,7.5,1,1,,,,,0,0,q1,tight,mid_high
-2,183200,INTARIAN_PEPPER_ROOT,10178.0,11.0,10175.0,19.0,,,10189.0,11.0,,,,,10183.5,0.0,prices_round_1_day_-2.csv,False,11.0,0.0,10183.5,10183.5,0.0,0.0,2.4402124337182416,0.09989082969432314,223035.00830178766,-5.5,5.5,-5.5,5.5,1,1,-8.5,,-8.5,,1,0,,,,,0,0,q1,tight,mid_high
-2,183300,INTARIAN_PEPPER_ROOT,10181.0,12.0,10178.0,9.0,10175.0,20.0,10189.0,9.0,10191.0,20.0,,,10185.0,0.0,prices_round_1_day_-2.csv,False,8.0,0.14285714285714285,10185.57142857143,10185.57142857143,2.071428571429351,1.5,2.4446331432488284,0.1009664094770482,222913.26642216908,-4.571428571429351,3.428571428570649,-4.0,4.0,1,1,-7.571428571429351,5.428571428570649,-7.0,6.0,1,1,-10.571428571429351,,-10.0,,1,0,q1,tight,mid_high
-2,183400,INTARIAN_PEPPER_ROOT,10178.0,12.0,,,,,10189.0,12.0,,,,,10183.5,0.0,prices_round_1_day_-2.csv,False,11.0,0.0,10183.5,10183.5,-2.071428571429351,-1.5,2.464535823989571,0.09978189749182116,222791.65782986386,-5.5,5.5,-5.5,5.5,1,1,,,,,0,0,,,,,0,0,q1,tight,mid_high
-2,183500,INTARIAN_PEPPER_ROOT,10178.0,9.0,10175.0,19.0,,,10189.0,9.0,10192.0,19.0,,,10183.5,0.0,prices_round_1_day_-2.csv,False,11.0,0.0,10183.5,10183.5,0.0,0.0,2.464535823989571,0.0997275204359673,222670.17928685466,-5.5,5.5,-5.5,5.5,1,1,-8.5,8.5,-8.5,8.5,1,1,,,,,0,0,q1,tight,mid_high
-2,183600,INTARIAN_PEPPER_ROOT,10178.0,10.0,,,,,10192.0,23.0,,,,,10185.0,0.0,prices_round_1_day_-2.csv,False,14.0,-0.3939393939393939,10182.242424242424,10182.242424242424,-1.257575757575978,1.5,2.3901190713692024,0.0989882484980523,222548.83414352057,-4.242424242424022,9.757575757575978,-7.0,7.0,1,1,,,,,0,0,,,,,0,0,q1,mid1,mid_high
-2,183700,INTARIAN_PEPPER_ROOT,10176.0,19.0,,,,,10189.0,11.0,,,,,10182.5,0.0,prices_round_1_day_-2.csv,False,13.0,0.26666666666666666,10184.233333333334,10184.233333333334,1.990909090909554,-2.5,2.3186365545416234,0.10001814552712769,222427.62213005242,-8.233333333333576,4.766666666666424,-6.5,6.5,1,1,,,,,0,0,,,,,0,0,q1,tight,mid_high
-2,183800,INTARIAN_PEPPER_ROOT,10178.0,10.0,10176.0,17.0,,,10189.0,10.0,10192.0,17.0,,,10183.5,0.0,prices_round_1_day_-2.csv,False,11.0,0.0,10183.5,10183.5,-0.7333333333335759,1.0,2.321003908985519,0.09956474428726877,222306.54051435663,-5.5,5.5,-5.5,5.5,1,1,-7.5,8.5,-7.5,8.5,1,1,,,,,0,0,q1,tight,mid_high
-2,183900,INTARIAN_PEPPER_ROOT,10178.0,12.0,10176.0,15.0,,,10189.0,12.0,10192.0,15.0,,,10183.5,0.0,prices_round_1_day_-2.csv,False,11.0,0.0,10183.5,10183.5,0.0,0.0,2.321003908985519,0.09951060358890701,222185.59028007663,-5.5,5.5,-5.5,5.5,1,1,-7.5,8.5,-7.5,8.5,1,1,,,,,0,0,q1,tight,mid_high
-2,184000,INTARIAN_PEPPER_ROOT,10178.0,12.0,,,,,10190.0,12.0,10192.0,18.0,,,10184.0,0.0,prices_round_1_day_-2.csv,False,12.0,0.0,10184.0,10184.0,0.5,0.5,2.321003908985519,0.09972826086956521,222064.77166671312,-6.0,6.0,-6.0,6.0,1,1,,8.0,,8.0,0,1,,,,,0,0,q1,tight,mid_high
-2,184100,INTARIAN_PEPPER_ROOT,10179.0,12.0,,,,,10190.0,12.0,10192.0,16.0,,,10184.5,0.0,prices_round_1_day_-2.csv,False,11.0,0.0,10184.5,10184.5,0.5,0.5,2.321003908985519,0.09994568169473113,221944.08437783472,-5.5,5.5,-5.5,5.5,1,1,,7.5,,7.5,0,1,,,,,0,0,q1,tight,mid_high
-2,184200,INTARIAN_PEPPER_ROOT,10179.0,9.0,10176.0,15.0,,,10192.0,15.0,,,,,10185.5,0.0,prices_round_1_day_-2.csv,False,13.0,-0.25,10183.875,10183.875,-0.625,1.0,2.3197584375428595,0.09955211726384365,221823.528397869,-4.875,8.125,-6.5,6.5,1,1,-7.875,,-9.5,,1,0,,,,,0,0,q1,tight,mid_high
-2,184300,INTARIAN_PEPPER_ROOT,10179.0,9.0,10176.0,19.0,,,10190.0,9.0,10192.0,19.0,,,10184.5,0.0,prices_round_1_day_-2.csv,False,11.0,0.0,10184.5,10184.5,0.625,-1.0,2.316150329466918,0.09983722192078133,221703.10317938245,-5.5,5.5,-5.5,5.5,1,1,-8.5,7.5,-8.5,7.5,1,1,,,,,0,0,q1,tight,mid_high
-2,184400,INTARIAN_PEPPER_ROOT,10179.0,9.0,,,,,10190.0,9.0,10193.0,25.0,,,10184.5,0.0,prices_round_1_day_-2.csv,False,11.0,0.0,10184.5,10184.5,0.0,0.0,2.170808487994012,0.09978308026030369,221582.80850047997,-5.5,5.5,-5.5,5.5,1,1,,8.5,,8.5,0,1,,,,,0,0,q1,tight,mid_high
-2,184500,INTARIAN_PEPPER_ROOT,10179.0,12.0,,,,,10190.0,12.0,10193.0,24.0,,,10184.5,0.0,prices_round_1_day_-2.csv,False,11.0,0.0,10184.5,10184.5,0.0,0.0,2.032205322091912,0.0997289972899729,221462.64429302377,-5.5,5.5,-5.5,5.5,1,1,,8.5,,8.5,0,1,,,,,0,0,q1,tight,mid_high
-2,184600,INTARIAN_PEPPER_ROOT,10176.0,17.0,,,,,10190.0,10.0,,,,,10183.0,0.0,prices_round_1_day_-2.csv,False,14.0,0.25925925925925924,10184.814814814816,10184.814814814816,0.3148148148156906,-1.5,2.032376854833626,0.09984551181734327,221342.61036453806,-8.81481481481569,5.185185185184309,-7.0,7.0,1,1,,,,,0,0,,,,,0,0,q1,mid1,mid_high
-2,184700,INTARIAN_PEPPER_ROOT,10179.0,9.0,10177.0,19.0,,,,,,,,,10179.0,0.0,prices_round_1_day_-2.csv,True,,1.0,,10179.0,-5.814814814815691,-4.0,2.1805967765742564,0.09664320519761777,221222.72539915435,0.0,,0.0,,1,0,-2.0,,-2.0,,1,0,,,,,0,0,q1,mid1,mid_high
-2,184800,INTARIAN_PEPPER_ROOT,10179.0,9.0,10177.0,16.0,,,10190.0,9.0,10193.0,16.0,,,10184.5,0.0,prices_round_1_day_-2.csv,False,11.0,0.0,10184.5,10184.5,5.5,5.5,2.2999513601707697,0.09956709956709957,221102.96711819424,-5.5,5.5,-5.5,5.5,1,1,-7.5,8.5,-7.5,8.5,1,1,,,,,0,0,q1,tight,mid_high
-2,184900,INTARIAN_PEPPER_ROOT,10177.0,21.0,,,,,10190.0,11.0,,,,,10183.5,0.0,prices_round_1_day_-2.csv,False,13.0,0.3125,10185.53125,10185.53125,1.03125,-1.0,2.293779492852337,0.1000709843158464,220983.32312492875,-8.53125,4.46875,-6.5,6.5,1,1,,,,,0,0,,,,,0,0,q1,tight,mid_high
-2,185000,INTARIAN_PEPPER_ROOT,,,,,,,10191.0,12.0,10193.0,15.0,,,10191.0,0.0,prices_round_1_day_-2.csv,True,,-1.0,,10191.0,5.46875,7.5,2.372874818940132,0.10297297297297298,220863.82365711348,,0.0,,0.0,0,1,,2.0,,2.0,0,1,,,,,0,0,q1,mid1,mid_high
-2,185100,INTARIAN_PEPPER_ROOT,10180.0,10.0,10177.0,16.0,,,10191.0,10.0,10193.0,16.0,,,10185.5,0.0,prices_round_1_day_-2.csv,False,11.0,0.0,10185.5,10185.5,-5.5,-5.5,2.4878878232033705,0.09994597514856834,220744.45476667501,-5.5,5.5,-5.5,5.5,1,1,-8.5,7.5,-8.5,7.5,1,1,,,,,0,0,q1,tight,mid_high
-2,185200,INTARIAN_PEPPER_ROOT,10180.0,9.0,10177.0,24.0,,,10191.0,9.0,10193.0,24.0,,,10185.5,0.0,prices_round_1_day_-2.csv,False,11.0,0.0,10185.5,10185.5,0.0,0.0,2.4878878232033705,0.09989200863930886,220625.1979083374,-5.5,5.5,-5.5,5.5,1,1,-8.5,7.5,-8.5,7.5,1,1,,,,,0,0,q1,tight,mid_high
-2,185300,INTARIAN_PEPPER_ROOT,10180.0,11.0,10177.0,24.0,,,10191.0,11.0,10193.0,24.0,,,10185.5,0.0,prices_round_1_day_-2.csv,False,11.0,0.0,10185.5,10185.5,0.0,0.0,2.4878878232033705,0.09983810037776579,220506.06983709804,-5.5,5.5,-5.5,5.5,1,1,-8.5,7.5,-8.5,7.5,1,1,,,,,0,0,q1,tight,mid_high
-2,185400,INTARIAN_PEPPER_ROOT,10177.0,15.0,,,,,10191.0,8.0,10194.0,15.0,,,10184.0,0.0,prices_round_1_day_-2.csv,False,14.0,0.30434782608695654,10186.130434782608,10186.130434782608,0.630434782608063,-1.5,2.4885078117161195,0.10012429060550597,220387.0704909264,-9.130434782608063,4.869565217391937,-7.0,7.0,1,1,,7.869565217391937,,10.0,0,1,,,,,0,0,q1,mid1,mid_high
-2,185500,INTARIAN_PEPPER_ROOT,10180.0,10.0,10177.0,24.0,,,10191.0,10.0,10194.0,24.0,,,10185.5,0.0,prices_round_1_day_-2.csv,False,11.0,0.0,10185.5,10185.5,-0.630434782608063,1.5,2.489829111632832,0.09973045822102426,220268.19965108708,-5.5,5.5,-5.5,5.5,1,1,-8.5,8.5,-8.5,8.5,1,1,,,,,0,0,q1,tight,mid_high
-2,185600,INTARIAN_PEPPER_ROOT,10180.0,8.0,10177.0,16.0,,,10191.0,8.0,10194.0,16.0,,,10185.5,0.0,prices_round_1_day_-2.csv,False,11.0,0.0,10185.5,10185.5,0.0,0.0,2.4897069791180306,0.09967672413793104,220149.45669167454,-5.5,5.5,-5.5,5.5,1,1,-8.5,8.5,-8.5,8.5,1,1,,,,,0,0,q1,tight,mid_high
-2,185700,INTARIAN_PEPPER_ROOT,10180.0,9.0,,,,,10191.0,9.0,10194.0,15.0,,,10185.5,0.0,prices_round_1_day_-2.csv,False,11.0,0.0,10185.5,10185.5,0.0,0.0,2.4897069791180306,0.0996230479267636,220030.84168803142,-5.5,5.5,-5.5,5.5,1,1,,8.5,,8.5,0,1,,,,,0,0,q1,tight,mid_high
-2,185800,INTARIAN_PEPPER_ROOT,10180.0,9.0,10178.0,15.0,,,10191.0,9.0,10194.0,15.0,,,10185.5,0.0,prices_round_1_day_-2.csv,False,11.0,0.0,10185.5,10185.5,0.0,0.0,2.4897069791180306,0.09956942949407965,219912.35443344412,-5.5,5.5,-5.5,5.5,1,1,-7.5,8.5,-7.5,8.5,1,1,,,,,0,0,q1,tight,mid_high
-2,185900,INTARIAN_PEPPER_ROOT,10178.0,15.0,,,,,10191.0,8.0,10194.0,15.0,,,10184.5,0.0,prices_round_1_day_-2.csv,False,13.0,0.30434782608695654,10186.478260869566,10186.478260869566,0.9782608695659292,-1.0,2.3573826117406003,0.10004209836985795,219793.99513164104,-8.47826086956593,4.521739130434071,-6.5,6.5,1,1,,7.521739130434071,,9.5,0,1,,,,,0,0,q1,tight,mid_high
-2,186000,INTARIAN_PEPPER_ROOT,10180.0,12.0,10178.0,15.0,,,10192.0,12.0,10194.0,15.0,,,10186.0,0.0,prices_round_1_day_-2.csv,False,12.0,0.0,10186.0,10186.0,-0.47826086956592917,1.5,2.2069885708435293,0.09973118279569892,219675.76293106162,-6.0,6.0,-6.0,6.0,1,1,-8.0,8.0,-8.0,8.0,1,1,,,,,0,0,q1,tight,mid_high
-2,186100,INTARIAN_PEPPER_ROOT,10181.0,11.0,10178.0,23.0,,,10194.0,23.0,,,,,10187.5,0.0,prices_round_1_day_-2.csv,False,13.0,-0.35294117647058826,10185.20588235294,10185.20588235294,-0.7941176470594655,1.5,2.209788431081586,0.0992508771375285,219557.65811149462,-4.2058823529405345,8.794117647059466,-6.5,6.5,1,1,-7.2058823529405345,,-9.5,,1,0,,,,,0,0,q1,tight,mid_high
-2,186200,INTARIAN_PEPPER_ROOT,10181.0,11.0,10178.0,20.0,,,10194.0,20.0,,,,,10187.5,0.0,prices_round_1_day_-2.csv,False,13.0,-0.2903225806451613,10185.612903225807,10185.612903225807,0.4070208728662692,0.0,2.1990039562717056,0.09941616714597573,219439.6798398987,-4.612903225806804,8.387096774193196,-6.5,6.5,1,1,-7.612903225806804,,-9.5,,1,0,,,,,0,0,q1,tight,mid_high
-2,186300,INTARIAN_PEPPER_ROOT,10181.0,9.0,10178.0,19.0,,,10192.0,9.0,10194.0,19.0,,,10186.5,0.0,prices_round_1_day_-2.csv,False,11.0,0.0,10186.5,10186.5,0.8870967741931963,-1.0,2.193249741427939,0.0998389694041868,219321.8285725882,-5.5,5.5,-5.5,5.5,1,1,-8.5,7.5,-8.5,7.5,1,1,,,,,0,0,q1,tight,mid_high
-2,186400,INTARIAN_PEPPER_ROOT,,,,,,,10192.0,9.0,10195.0,24.0,,,10192.0,0.0,prices_round_1_day_-2.csv,True,,-1.0,,10192.0,5.5,5.5,2.3222608485443397,0.10273605150214592,219204.11913486506,,0.0,,0.0,0,1,,3.0,,3.0,0,1,,,,,0,0,q1,mid1,mid_high
-2,186500,INTARIAN_PEPPER_ROOT,10181.0,10.0,10178.0,21.0,,,10195.0,21.0,,,,,10188.0,0.0,prices_round_1_day_-2.csv,False,14.0,-0.3548387096774194,10185.516129032258,10185.516129032258,-6.483870967742405,-4.0,2.506406936235976,0.09920435873043303,219086.54362037755,-4.516129032257595,9.483870967742405,-7.0,7.0,1,1,-7.516129032257595,,-10.0,,1,0,,,,,0,0,q1,mid1,mid_high
-2,186600,INTARIAN_PEPPER_ROOT,10181.0,11.0,10178.0,16.0,,,10192.0,11.0,10195.0,16.0,,,10186.5,0.0,prices_round_1_day_-2.csv,False,11.0,0.0,10186.5,10186.5,0.9838709677424049,-1.5,2.5073816783876954,0.09967845659163987,218969.07136225168,-5.5,5.5,-5.5,5.5,1,1,-8.5,8.5,-8.5,8.5,1,1,,,,,0,0,q1,tight,mid_high
-2,186700,INTARIAN_PEPPER_ROOT,10181.0,11.0,10179.0,19.0,,,10195.0,19.0,,,,,10188.0,0.0,prices_round_1_day_-2.csv,False,14.0,-0.26666666666666666,10186.133333333333,10186.133333333333,-0.36666666666678793,1.5,2.5082161726299916,0.09942867345116937,218851.72470951802,-5.133333333333212,8.866666666666788,-7.0,7.0,1,1,-7.133333333333212,,-9.0,,1,0,,,,,0,0,q1,mid1,mid_high
-2,186800,INTARIAN_PEPPER_ROOT,10181.0,10.0,10179.0,20.0,,,10192.0,10.0,10195.0,20.0,,,10186.5,0.0,prices_round_1_day_-2.csv,False,11.0,0.0,10186.5,10186.5,0.36666666666678793,-1.5,2.5084757143450624,0.09957173447537473,218734.50368470195,-5.5,5.5,-5.5,5.5,1,1,-7.5,8.5,-7.5,8.5,1,1,,,,,0,0,q1,tight,mid_high
-2,186900,INTARIAN_PEPPER_ROOT,10179.0,21.0,,,,,10192.0,8.0,10195.0,21.0,,,10185.5,0.0,prices_round_1_day_-2.csv,False,13.0,0.4482758620689655,10188.413793103447,10188.413793103447,1.9137931034474605,-1.0,2.5214858892908354,0.1005424254165048,218617.40988703247,-9.41379310344746,3.5862068965525395,-6.5,6.5,1,1,,6.5862068965525395,,9.5,0,1,,,,,0,0,q1,tight,mid_high
-2,187000,INTARIAN_PEPPER_ROOT,10181.0,9.0,10179.0,18.0,,,10193.0,9.0,10195.0,18.0,,,10187.0,0.0,prices_round_1_day_-2.csv,False,12.0,0.0,10187.0,10187.0,-1.4137931034474605,1.5,2.3982199395557133,0.09973262032085561,218500.4408565877,-6.0,6.0,-6.0,6.0,1,1,-8.0,8.0,-8.0,8.0,1,1,,,,,0,0,q1,tight,mid_high
-2,187100,INTARIAN_PEPPER_ROOT,10182.0,10.0,,,,,10193.0,10.0,10195.0,20.0,,,10187.5,0.0,prices_round_1_day_-2.csv,False,11.0,0.0,10187.5,10187.5,0.5,0.5,2.2211482829404137,0.09994655264564405,218383.59578667957,-5.5,5.5,-5.5,5.5,1,1,,7.5,,7.5,0,1,,,,,0,0,q1,tight,mid_high
-2,187200,INTARIAN_PEPPER_ROOT,10182.0,12.0,10179.0,25.0,,,10193.0,12.0,10195.0,25.0,,,10187.5,0.0,prices_round_1_day_-2.csv,False,11.0,0.0,10187.5,10187.5,0.0,0.0,2.2162458952649042,0.0998931623931624,218266.87553772033,-5.5,5.5,-5.5,5.5,1,1,-8.5,7.5,-8.5,7.5,1,1,,,,,0,0,q1,tight,mid_high
-2,187300,INTARIAN_PEPPER_ROOT,10182.0,10.0,,,,,10193.0,10.0,10195.0,20.0,,,10187.5,0.0,prices_round_1_day_-2.csv,False,11.0,0.0,10187.5,10187.5,0.0,0.0,2.2094889752030538,0.0998398291510945,218150.2799898761,-5.5,5.5,-5.5,5.5,1,1,,7.5,,7.5,0,1,,,,,0,0,q1,tight,mid_high
-2,187400,INTARIAN_PEPPER_ROOT,10182.0,10.0,10179.0,18.0,,,10193.0,10.0,10196.0,18.0,,,10187.5,0.0,prices_round_1_day_-2.csv,False,11.0,0.0,10187.5,10187.5,0.0,0.0,2.207848870186693,0.09978655282817503,218033.808943412,-5.5,5.5,-5.5,5.5,1,1,-8.5,8.5,-8.5,8.5,1,1,,,,,0,0,q1,tight,mid_high
-2,187500,INTARIAN_PEPPER_ROOT,10182.0,9.0,10179.0,25.0,,,10193.0,9.0,10196.0,25.0,,,10187.5,0.0,prices_round_1_day_-2.csv,False,11.0,0.0,10187.5,10187.5,0.0,0.0,2.207178617582,0.09973333333333333,217917.46219901962,-5.5,5.5,-5.5,5.5,1,1,-8.5,8.5,-8.5,8.5,1,1,,,,,0,0,q1,tight,mid_high
-2,187600,INTARIAN_PEPPER_ROOT,10182.0,10.0,10179.0,15.0,,,10193.0,10.0,10196.0,15.0,,,10187.5,0.0,prices_round_1_day_-2.csv,False,11.0,0.0,10187.5,10187.5,0.0,0.0,2.1951488027552295,0.09968017057569296,217801.23955781557,-5.5,5.5,-5.5,5.5,1,1,-8.5,8.5,-8.5,8.5,1,1,,,,,0,0,q1,tight,mid_high
-2,187700,INTARIAN_PEPPER_ROOT,10182.0,12.0,10180.0,16.0,,,10196.0,16.0,,,,,10189.0,0.0,prices_round_1_day_-2.csv,False,14.0,-0.14285714285714285,10188.0,10188.0,0.5,1.5,2.1869521940112864,0.09989344698987747,217685.14090142582,-6.0,8.0,-7.0,7.0,1,1,-8.0,,-9.0,,1,0,,,,,0,0,q1,mid1,mid_high
-2,187800,INTARIAN_PEPPER_ROOT,10182.0,8.0,10180.0,25.0,,,10193.0,8.0,10196.0,25.0,,,10187.5,0.0,prices_round_1_day_-2.csv,False,11.0,0.0,10187.5,10187.5,-0.5,-1.5,2.1859635746079342,0.09957401490947816,217569.16605794107,-5.5,5.5,-5.5,5.5,1,1,-7.5,8.5,-7.5,8.5,1,1,,,,,0,0,q1,tight,mid_high
-2,187900,INTARIAN_PEPPER_ROOT,10190.0,8.0,10182.0,12.0,10180.0,19.0,10193.0,12.0,10196.0,19.0,,,10191.5,0.0,prices_round_1_day_-2.csv,False,3.0,-0.2,10191.2,10191.2,3.7000000000007276,4.0,2.2368927768154934,0.1014901543374139,217453.3214307368,-1.2000000000007276,1.7999999999992724,-1.5,1.5,1,1,-9.200000000000728,4.799999999999272,-9.5,4.5,1,1,-11.200000000000728,,-11.5,,1,0,q1,tight,mid_high
-2,188000,INTARIAN_PEPPER_ROOT,10182.0,9.0,,,,,10194.0,9.0,,,,,10188.0,0.0,prices_round_1_day_-2.csv,False,12.0,0.0,10188.0,10188.0,-3.2000000000007276,-3.5,2.2691331666579635,0.09973404255319149,217337.59901062437,-6.0,6.0,-6.0,6.0,1,1,,,,,0,0,,,,,0,0,q1,tight,mid_high
-2,188100,INTARIAN_PEPPER_ROOT,10180.0,22.0,,,,,10196.0,22.0,,,,,10188.0,0.0,prices_round_1_day_-2.csv,False,16.0,0.0,10188.0,10188.0,0.0,0.0,2.2513284109035396,0.09968102073365231,217221.99391005572,-8.0,8.0,-8.0,8.0,1,1,,,,,0,0,,,,,0,0,q1,mid1,mid_high
-2,188200,INTARIAN_PEPPER_ROOT,10183.0,12.0,10180.0,24.0,,,10194.0,12.0,10196.0,24.0,,,10188.5,0.0,prices_round_1_day_-2.csv,False,11.0,0.0,10188.5,10188.5,0.5,0.5,2.2520308343909456,0.09989373007438895,217106.51180812062,-5.5,5.5,-5.5,5.5,1,1,-8.5,7.5,-8.5,7.5,1,1,,,,,0,0,q1,tight,mid_high
-2,188300,INTARIAN_PEPPER_ROOT,10180.0,16.0,,,,,10196.0,16.0,,,,,10188.0,0.0,prices_round_1_day_-2.csv,False,16.0,0.0,10188.0,10188.0,-0.5,-0.5,2.235391238929814,0.09957514604354753,216991.15253493955,-8.0,8.0,-8.0,8.0,1,1,,,,,0,0,,,,,0,0,q1,mid1,mid_high
-2,188400,INTARIAN_PEPPER_ROOT,10183.0,8.0,,,,,10194.0,8.0,10197.0,24.0,,,10188.5,0.0,prices_round_1_day_-2.csv,False,11.0,0.0,10188.5,10188.5,0.5,0.5,2.2151098393564017,0.09978768577494693,216875.9156829587,-5.5,5.5,-5.5,5.5,1,1,,8.5,,8.5,0,1,,,,,0,0,q1,tight,mid_high
-2,188500,INTARIAN_PEPPER_ROOT,10183.0,11.0,,,,,10194.0,11.0,10197.0,15.0,,,10188.5,0.0,prices_round_1_day_-2.csv,False,11.0,0.0,10188.5,10188.5,0.0,0.0,2.2151098393564017,0.09973474801061008,216760.80108331397,-5.5,5.5,-5.5,5.5,1,1,,8.5,,8.5,0,1,,,,,0,0,q1,tight,mid_high
-2,188600,INTARIAN_PEPPER_ROOT,10183.0,10.0,10180.0,20.0,,,10194.0,10.0,10197.0,20.0,,,10188.5,0.0,prices_round_1_day_-2.csv,False,11.0,0.0,10188.5,10188.5,0.0,0.0,2.2065034975345816,0.09968186638388123,216645.8086211699,-5.5,5.5,-5.5,5.5,1,1,-8.5,8.5,-8.5,8.5,1,1,,,,,0,0,q1,tight,mid_high
-2,188700,INTARIAN_PEPPER_ROOT,10183.0,8.0,10181.0,17.0,,,10185.0,5.0,10194.0,8.0,10197.0,17.0,10184.0,0.0,prices_round_1_day_-2.csv,False,2.0,0.23076923076923078,10184.23076923077,10184.23076923077,-4.269230769230489,-4.5,2.275019550736387,0.09736659736659752,216530.9482121886,-1.2307692307695106,0.7692307692304894,-1.0,1.0,1,1,-3.2307692307695106,9.76923076923049,-3.0,10.0,1,1,,12.76923076923049,,13.0,0,1,q1,tight,mid_high
-2,188800,INTARIAN_PEPPER_ROOT,10183.0,9.0,10181.0,23.0,,,10194.0,9.0,10197.0,23.0,,,10188.5,0.0,prices_round_1_day_-2.csv,False,11.0,0.0,10188.5,10188.5,4.269230769230489,4.5,2.3508510728534087,0.09957627118644068,216416.208650461,-5.5,5.5,-5.5,5.5,1,1,-7.5,8.5,-7.5,8.5,1,1,,,,,0,0,q1,tight,mid_high
-2,188900,INTARIAN_PEPPER_ROOT,10183.0,8.0,10181.0,20.0,,,10194.0,8.0,10197.0,20.0,,,10188.5,0.0,prices_round_1_day_-2.csv,False,11.0,0.0,10188.5,10188.5,0.0,0.0,2.3508510728534087,0.09952355743779778,216301.58142655194,-5.5,5.5,-5.5,5.5,1,1,-7.5,8.5,-7.5,8.5,1,1,,,,,0,0,q1,tight,mid_high
-2,189000,INTARIAN_PEPPER_ROOT,,,,,,,,,,,,,0.0,0.0,prices_round_1_day_-2.csv,True,,,0.0,0.0,-10188.5,-10188.5,1440.8863922878718,-5.291269841269841,271111.7106139287,,,,,0,0,,,,,0,0,,,,,0,0,q4,mid1,low
-2,189100,INTARIAN_PEPPER_ROOT,10184.0,9.0,10181.0,18.0,,,10186.0,5.0,10195.0,9.0,10197.0,18.0,10185.0,0.0,prices_round_1_day_-2.csv,False,2.0,0.2857142857142857,10185.285714285714,10185.285714285714,10185.285714285714,10185.0,2058.064516341741,0.09771851628012362,325885.1659885744,-1.285714285713766,0.714285714286234,-1.0,1.0,1,1,-4.285714285713766,9.714285714286234,-4.0,10.0,1,1,,11.714285714286234,,12.0,0,1,q4,tight,mid_high
-2,189200,INTARIAN_PEPPER_ROOT,10184.0,8.0,10181.0,15.0,,,10195.0,8.0,10197.0,15.0,,,10189.5,0.0,prices_round_1_day_-2.csv,False,11.0,0.0,10189.5,10189.5,4.214285714286234,4.5,2058.0645993854537,0.09989429175475686,325712.8401140002,-5.5,5.5,-5.5,5.5,1,1,-8.5,7.5,-8.5,7.5,1,1,,,,,0,0,q4,tight,mid_high
-2,189300,INTARIAN_PEPPER_ROOT,10184.0,8.0,10181.0,15.0,,,10195.0,8.0,10197.0,15.0,,,10189.5,0.0,prices_round_1_day_-2.csv,False,11.0,0.0,10189.5,10189.5,0.0,0.0,2058.064598107195,0.09984152139461172,325540.68745536363,-5.5,5.5,-5.5,5.5,1,1,-8.5,7.5,-8.5,7.5,1,1,,,,,0,0,q4,tight,mid_high
-2,189400,INTARIAN_PEPPER_ROOT,,,,,,,10198.0,21.0,,,,,10198.0,0.0,prices_round_1_day_-2.csv,True,,-1.0,,10198.0,8.5,8.5,2058.064940736383,0.1042766631467793,325368.7539307737,,0.0,,0.0,0,1,,,,,0,0,,,,,0,0,q4,mid1,mid_high
-2,189500,INTARIAN_PEPPER_ROOT,10184.0,9.0,10181.0,17.0,,,10195.0,9.0,10198.0,17.0,,,10189.5,0.0,prices_round_1_day_-2.csv,False,11.0,0.0,10189.5,10189.5,-8.5,-8.5,2058.065314551927,0.09973614775725594,325197.0037938034,-5.5,5.5,-5.5,5.5,1,1,-8.5,8.5,-8.5,8.5,1,1,,,,,0,0,q4,tight,mid_high
-2,189600,INTARIAN_PEPPER_ROOT,10184.0,12.0,10181.0,24.0,,,10195.0,12.0,10198.0,24.0,,,10189.5,0.0,prices_round_1_day_-2.csv,False,11.0,0.0,10189.5,10189.5,0.0,0.0,2058.0653143628865,0.09968354430379747,325025.3958814806,-5.5,5.5,-5.5,5.5,1,1,-8.5,8.5,-8.5,8.5,1,1,,,,,0,0,q4,tight,mid_high
-2,189700,INTARIAN_PEPPER_ROOT,10192.0,6.0,10184.0,8.0,10182.0,16.0,,,,,,,10192.0,0.0,prices_round_1_day_-2.csv,True,,1.0,,10192.0,2.5,2.5,2058.065163125876,0.10094886663152346,324853.9720220926,0.0,,0.0,,1,0,-8.0,,-8.0,,1,0,-10.0,,-10.0,,1,0,q4,mid1,mid_high
-2,189800,INTARIAN_PEPPER_ROOT,10184.0,8.0,,,,,10195.0,8.0,10198.0,23.0,,,10189.5,0.0,prices_round_1_day_-2.csv,False,11.0,0.0,10189.5,10189.5,-2.5,-2.5,2058.065058410917,0.09957850368809273,324682.729422909,-5.5,5.5,-5.5,5.5,1,1,,8.5,,8.5,0,1,,,,,0,0,q4,tight,mid_high
-2,189900,INTARIAN_PEPPER_ROOT,10184.0,12.0,10182.0,24.0,,,10195.0,12.0,10198.0,24.0,,,10189.5,0.0,prices_round_1_day_-2.csv,False,11.0,0.0,10189.5,10189.5,0.0,0.0,2058.06505405525,0.0995260663507109,324511.663711891,-5.5,5.5,-5.5,5.5,1,1,-7.5,8.5,-7.5,8.5,1,1,,,,,0,0,q4,tight,mid_high
-2,190000,INTARIAN_PEPPER_ROOT,10182.0,18.0,,,,,10196.0,9.0,10198.0,18.0,,,10189.0,0.0,prices_round_1_day_-2.csv,False,14.0,0.3333333333333333,10191.333333333334,10191.333333333334,1.8333333333339397,-0.5,2058.064923987968,0.10043859649122838,324340.7797417981,-9.33333333333394,4.66666666666606,-7.0,7.0,1,1,,6.66666666666606,,9.0,0,1,,,,,0,0,q4,mid1,mid_high
-2,190100,INTARIAN_PEPPER_ROOT,10185.0,9.0,10182.0,16.0,,,10196.0,9.0,10198.0,16.0,,,10190.5,0.0,prices_round_1_day_-2.csv,False,11.0,0.0,10190.5,10190.5,-0.8333333333339397,1.5,2058.0647749806776,0.09994739610731194,324170.07452691894,-5.5,5.5,-5.5,5.5,1,1,-8.5,7.5,-8.5,7.5,1,1,,,,,0,0,q4,tight,mid_high
-2,190200,INTARIAN_PEPPER_ROOT,10185.0,12.0,,,,,10196.0,12.0,,,,,10190.5,0.0,prices_round_1_day_-2.csv,False,11.0,0.0,10190.5,10190.5,0.0,0.0,2058.0647749806776,0.09989484752891693,323999.5484540401,-5.5,5.5,-5.5,5.5,1,1,,,,,0,0,,,,,0,0,q4,tight,mid_high
-2,190300,INTARIAN_PEPPER_ROOT,10185.0,12.0,10182.0,19.0,,,10196.0,12.0,,,,,10190.5,0.0,prices_round_1_day_-2.csv,False,11.0,0.0,10190.5,10190.5,0.0,0.0,2058.0647749806776,0.09984235417761429,323829.2016935352,-5.5,5.5,-5.5,5.5,1,1,-8.5,,-8.5,,1,0,,,,,0,0,q4,tight,mid_high
-2,190400,INTARIAN_PEPPER_ROOT,10188.0,9.0,10182.0,20.0,,,10196.0,11.0,10199.0,20.0,,,10192.0,0.0,prices_round_1_day_-2.csv,False,8.0,-0.1,10191.6,10191.6,1.1000000000003638,1.5,2058.064778521894,0.10036764705882371,323659.034482866,-3.600000000000364,4.399999999999636,-4.0,4.0,1,1,-9.600000000000364,7.399999999999636,-10.0,7.0,1,1,,,,,0,0,q4,tight,mid_high
-2,190500,INTARIAN_PEPPER_ROOT,10185.0,9.0,10182.0,18.0,,,10196.0,9.0,,,,,10190.5,0.0,prices_round_1_day_-2.csv,False,11.0,0.0,10190.5,10190.5,-1.1000000000003638,-1.5,2058.0647830380985,0.09973753280839895,323489.0462505357,-5.5,5.5,-5.5,5.5,1,1,-8.5,,-8.5,,1,0,,,,,0,0,q4,tight,mid_high
-2,190600,INTARIAN_PEPPER_ROOT,10182.0,16.0,,,,,10196.0,11.0,,,,,10189.0,0.0,prices_round_1_day_-2.csv,False,14.0,0.18518518518518517,10190.296296296296,10190.296296296296,-0.2037037037043774,-1.5,2058.0647834417173,0.09957832964128836,323319.23577587836,-8.296296296295623,5.703703703704377,-7.0,7.0,1,1,,,,,0,0,,,,,0,0,q4,mid1,mid_high
-2,190700,INTARIAN_PEPPER_ROOT,10185.0,8.0,10183.0,20.0,,,10196.0,8.0,,,,,10190.5,0.0,prices_round_1_day_-2.csv,False,11.0,0.0,10190.5,10190.5,0.2037037037043774,1.5,2058.0647834495726,0.09963293130571578,323149.60344380094,-5.5,5.5,-5.5,5.5,1,1,-7.5,,-7.5,,1,0,,,,,0,0,q4,tight,mid_high
-2,190800,INTARIAN_PEPPER_ROOT,10185.0,12.0,10183.0,24.0,,,10196.0,12.0,,,,,10190.5,0.0,prices_round_1_day_-2.csv,False,11.0,0.0,10190.5,10190.5,0.0,0.0,2058.0647834495726,0.09958071278825996,322980.1490161543,-5.5,5.5,-5.5,5.5,1,1,-7.5,,-7.5,,1,0,,,,,0,0,q4,tight,mid_high
-2,190900,INTARIAN_PEPPER_ROOT,10185.0,9.0,,,,,10196.0,9.0,10199.0,18.0,,,10190.5,0.0,prices_round_1_day_-2.csv,False,11.0,0.0,10190.5,10190.5,0.0,0.0,2058.064779579868,0.09952854897852279,322810.87221368833,-5.5,5.5,-5.5,5.5,1,1,,8.5,,8.5,0,1,,,,,0,0,q4,tight,mid_high
-2,191000,INTARIAN_PEPPER_ROOT,10185.0,12.0,10183.0,18.0,,,10197.0,12.0,10199.0,18.0,,,10191.0,0.0,prices_round_1_day_-2.csv,False,12.0,0.0,10191.0,10191.0,0.5,0.5,2058.064778810145,0.09973821989528796,322641.7728360455,-6.0,6.0,-6.0,6.0,1,1,-8.0,8.0,-8.0,8.0,1,1,,,,,0,0,q4,tight,mid_high
-2,191100,INTARIAN_PEPPER_ROOT,10183.0,19.0,,,,,10197.0,10.0,10199.0,19.0,,,10190.0,0.0,prices_round_1_day_-2.csv,False,14.0,0.3103448275862069,10192.172413793103,10192.172413793103,1.17241379310326,-1.0,2058.0647801650935,0.10029953626012729,322472.8510440008,-9.17241379310326,4.82758620689674,-7.0,7.0,1,1,,6.82758620689674,,9.0,0,1,,,,,0,0,q4,mid1,mid_high
-2,191200,INTARIAN_PEPPER_ROOT,10186.0,11.0,10183.0,21.0,,,10197.0,11.0,10199.0,21.0,,,10191.5,0.0,prices_round_1_day_-2.csv,False,11.0,0.0,10191.5,10191.5,-0.6724137931032601,1.5,2058.0647829612976,0.09989539748953975,322304.1057513423,-5.5,5.5,-5.5,5.5,1,1,-8.5,7.5,-8.5,7.5,1,1,,,,,0,0,q4,tight,mid_high
-2,191300,INTARIAN_PEPPER_ROOT,10183.0,25.0,,,,,10197.0,10.0,10199.0,25.0,,,10190.0,0.0,prices_round_1_day_-2.csv,False,14.0,0.42857142857142855,10193.0,10193.0,1.5,-1.5,2058.064789462439,0.10062728698379508,322135.537683098,-10.0,4.0,-7.0,7.0,1,1,,6.0,,9.0,0,1,,,,,0,0,q4,mid1,mid_high
-2,191400,INTARIAN_PEPPER_ROOT,10186.0,11.0,10183.0,25.0,,,10197.0,11.0,10200.0,25.0,,,10191.5,0.0,prices_round_1_day_-2.csv,False,11.0,0.0,10191.5,10191.5,-1.5,1.5,2058.0646548005625,0.09979101358411703,321967.14616348804,-5.5,5.5,-5.5,5.5,1,1,-8.5,8.5,-8.5,8.5,1,1,,,,,0,0,q4,tight,mid_high
-2,191500,INTARIAN_PEPPER_ROOT,10186.0,8.0,10183.0,17.0,,,10197.0,8.0,10200.0,17.0,,,10191.5,0.0,prices_round_1_day_-2.csv,False,11.0,0.0,10191.5,10191.5,0.0,0.0,2058.064442833445,0.09973890339425587,321798.9292689162,-5.5,5.5,-5.5,5.5,1,1,-8.5,8.5,-8.5,8.5,1,1,,,,,0,0,q4,tight,mid_high
-2,191600,INTARIAN_PEPPER_ROOT,10183.0,21.0,,,,,10197.0,11.0,,,,,10190.0,0.0,prices_round_1_day_-2.csv,False,14.0,0.3125,10192.1875,10192.1875,0.6875,-1.5,2058.0644407204795,0.10004566805845512,321630.8882328921,-9.1875,4.8125,-7.0,7.0,1,1,,,,,0,0,,,,,0,0,q4,mid1,mid_high
-2,191700,INTARIAN_PEPPER_ROOT,10186.0,11.0,,,,,10197.0,11.0,10200.0,24.0,,,10191.5,0.0,prices_round_1_day_-2.csv,False,11.0,0.0,10191.5,10191.5,-0.6875,1.5,2058.0644427490483,0.09963484611371935,321463.0227483784,-5.5,5.5,-5.5,5.5,1,1,,8.5,,8.5,0,1,,,,,0,0,q4,tight,mid_high
-2,191800,INTARIAN_PEPPER_ROOT,10184.0,16.0,,,,,10200.0,16.0,,,,,10192.0,0.0,prices_round_1_day_-2.csv,False,16.0,0.0,10192.0,10192.0,0.5,0.5,2058.0644431783094,0.09984358706986445,321295.3321575909,-8.0,8.0,-8.0,8.0,1,1,,,,,0,0,,,,,0,0,q4,mid1,mid_high
-2,191900,INTARIAN_PEPPER_ROOT,10184.0,18.0,,,,,10197.0,10.0,10200.0,18.0,,,10190.5,0.0,prices_round_1_day_-2.csv,False,13.0,0.2857142857142857,10192.357142857143,10192.357142857143,0.357142857143117,-1.5,2058.0644271088554,0.09997766693962643,321127.8163776174,-8.357142857143117,4.642857142856883,-6.5,6.5,1,1,,7.642857142856883,,9.5,0,1,,,,,0,0,q4,tight,mid_high
-2,192000,INTARIAN_PEPPER_ROOT,10186.0,10.0,10184.0,21.0,,,10198.0,10.0,10200.0,21.0,,,10192.0,0.0,prices_round_1_day_-2.csv,False,12.0,0.0,10192.0,10192.0,-0.357142857143117,1.5,2058.0644168938893,0.09973958333333334,320960.47525853076,-6.0,6.0,-6.0,6.0,1,1,-8.0,8.0,-8.0,8.0,1,1,,,,,0,0,q4,tight,mid_high
-2,192100,INTARIAN_PEPPER_ROOT,10187.0,9.0,10184.0,19.0,,,10198.0,9.0,10200.0,19.0,,,10192.5,0.0,prices_round_1_day_-2.csv,False,11.0,0.0,10192.5,10192.5,0.5,0.5,2058.0644168938893,0.09994794377928162,320793.3084277321,-5.5,5.5,-5.5,5.5,1,1,-8.5,7.5,-8.5,7.5,1,1,,,,,0,0,q4,tight,mid_high
-2,192200,INTARIAN_PEPPER_ROOT,10187.0,10.0,10184.0,22.0,,,10198.0,10.0,10200.0,22.0,,,10192.5,0.0,prices_round_1_day_-2.csv,False,11.0,0.0,10192.5,10192.5,0.0,0.0,2058.0644168938893,0.09989594172736732,320626.3155602446,-5.5,5.5,-5.5,5.5,1,1,-8.5,7.5,-8.5,7.5,1,1,,,,,0,0,q4,tight,mid_high
-2,192300,INTARIAN_PEPPER_ROOT,10187.0,12.0,10184.0,22.0,,,,,,,,,10187.0,0.0,prices_round_1_day_-2.csv,True,,1.0,,10187.0,-5.5,-5.5,2058.064569330555,0.0969838793551742,320459.51276470197,0.0,,0.0,,1,0,-3.0,,-3.0,,1,0,,,,,0,0,q4,mid1,mid_high
-2,192400,INTARIAN_PEPPER_ROOT,10187.0,10.0,,,,,10198.0,10.0,10201.0,19.0,,,10192.5,0.0,prices_round_1_day_-2.csv,False,11.0,0.0,10192.5,10192.5,5.5,5.5,2058.064716858695,0.0997920997920998,320292.88232510013,-5.5,5.5,-5.5,5.5,1,1,,8.5,,8.5,0,1,,,,,0,0,q4,tight,mid_high
-2,192500,INTARIAN_PEPPER_ROOT,10187.0,10.0,10184.0,21.0,,,10198.0,10.0,10201.0,21.0,,,10192.5,0.0,prices_round_1_day_-2.csv,False,11.0,0.0,10192.5,10192.5,0.0,0.0,2058.064716858695,0.09974025974025974,320126.4099382125,-5.5,5.5,-5.5,5.5,1,1,-8.5,8.5,-8.5,8.5,1,1,,,,,0,0,q4,tight,mid_high
-2,192600,INTARIAN_PEPPER_ROOT,10187.0,10.0,,,,,10198.0,10.0,10201.0,25.0,,,10192.5,0.0,prices_round_1_day_-2.csv,False,11.0,0.0,10192.5,10192.5,0.0,0.0,2058.064716858695,0.09968847352024922,319960.11050964356,-5.5,5.5,-5.5,5.5,1,1,,8.5,,8.5,0,1,,,,,0,0,q4,tight,mid_high
-2,192700,INTARIAN_PEPPER_ROOT,10187.0,9.0,10185.0,24.0,,,10198.0,9.0,10201.0,24.0,,,10192.5,0.0,prices_round_1_day_-2.csv,False,11.0,0.0,10192.5,10192.5,0.0,0.0,2058.0647160901904,0.09963674104826155,319793.98376998777,-5.5,5.5,-5.5,5.5,1,1,-7.5,8.5,-7.5,8.5,1,1,,,,,0,0,q4,tight,mid_high
-2,192800,INTARIAN_PEPPER_ROOT,10185.0,19.0,,,,,10201.0,19.0,,,,,10193.0,0.0,prices_round_1_day_-2.csv,False,16.0,0.0,10193.0,10193.0,0.5,0.5,2058.0647150985715,0.09984439834024897,319628.02952838823,-8.0,8.0,-8.0,8.0,1,1,,,,,0,0,,,,,0,0,q4,mid1,mid_high
-2,192900,INTARIAN_PEPPER_ROOT,10187.0,9.0,10185.0,18.0,,,10198.0,9.0,10201.0,18.0,,,10192.5,0.0,prices_round_1_day_-2.csv,False,11.0,0.0,10192.5,10192.5,-0.5,-0.5,2058.0646512938292,0.09953343701399689,319462.2475419247,-5.5,5.5,-5.5,5.5,1,1,-7.5,8.5,-7.5,8.5,1,1,,,,,0,0,q4,tight,mid_high
-2,193000,INTARIAN_PEPPER_ROOT,10187.0,8.0,,,,,10201.0,15.0,,,,,10194.0,0.0,prices_round_1_day_-2.csv,False,14.0,-0.30434782608695654,10191.869565217392,10191.869565217392,-0.630434782608063,1.5,2058.064601176293,0.09915521513854504,319296.6375289831,-4.869565217391937,9.130434782608063,-7.0,7.0,1,1,,,,,0,0,,,,,0,0,q4,mid1,mid_high
-2,193100,INTARIAN_PEPPER_ROOT,10188.0,12.0,10185.0,18.0,,,10199.0,12.0,10201.0,18.0,,,10193.5,0.0,prices_round_1_day_-2.csv,False,11.0,0.0,10193.5,10193.5,1.630434782608063,-0.5,2058.064612841643,0.09994821336095287,319131.20007099025,-5.5,5.5,-5.5,5.5,1,1,-8.5,7.5,-8.5,7.5,1,1,,,,,0,0,q4,tight,mid_high
-2,193200,INTARIAN_PEPPER_ROOT,10188.0,10.0,10185.0,17.0,,,10199.0,10.0,10201.0,17.0,,,10193.5,0.0,prices_round_1_day_-2.csv,False,11.0,0.0,10193.5,10193.5,0.0,0.0,2058.0646121227187,0.09989648033126294,318965.93275349337,-5.5,5.5,-5.5,5.5,1,1,-8.5,7.5,-8.5,7.5,1,1,,,,,0,0,q4,tight,mid_high
-2,193300,INTARIAN_PEPPER_ROOT,10188.0,9.0,10185.0,25.0,,,10201.0,25.0,,,,,10194.5,0.0,prices_round_1_day_-2.csv,False,13.0,-0.47058823529411764,10191.441176470587,10191.441176470587,-2.0588235294126207,1.0,2058.0646332041474,0.09877970846900537,318800.8389258059,-3.4411764705873793,9.55882352941262,-6.5,6.5,1,1,-6.441176470587379,,-9.5,,1,0,,,,,0,0,q4,tight,mid_high
-2,193400,INTARIAN_PEPPER_ROOT,10188.0,10.0,10185.0,24.0,,,10199.0,10.0,10202.0,24.0,,,10193.5,0.0,prices_round_1_day_-2.csv,False,11.0,0.0,10193.5,10193.5,2.0588235294126207,-1.0,2058.064651675971,0.09979317476732161,318635.91549117555,-5.5,5.5,-5.5,5.5,1,1,-8.5,8.5,-8.5,8.5,1,1,,,,,0,0,q4,tight,mid_high
-2,193500,INTARIAN_PEPPER_ROOT,10188.0,11.0,10185.0,21.0,,,10202.0,21.0,,,,,10195.0,0.0,prices_round_1_day_-2.csv,False,14.0,-0.3125,10192.8125,10192.8125,-0.6875,1.5,2058.0646546543144,0.09938630490956073,318471.1609430985,-4.8125,9.1875,-7.0,7.0,1,1,-7.8125,,-10.0,,1,0,,,,,0,0,q4,mid1,mid_high
-2,193600,INTARIAN_PEPPER_ROOT,10185.0,15.0,,,,,10199.0,12.0,10202.0,15.0,,,10192.0,0.0,prices_round_1_day_-2.csv,False,14.0,0.1111111111111111,10192.777777777777,10192.777777777777,-0.03472222222262644,-3.0,2058.0646546898693,0.09931703397612468,318306.57637308957,-7.777777777777374,6.222222222222626,-7.0,7.0,1,1,,9.222222222222626,,10.0,0,1,,,,,0,0,q4,mid1,mid_high
-2,193700,INTARIAN_PEPPER_ROOT,10188.0,8.0,10186.0,17.0,,,10199.0,8.0,,,,,10193.5,0.0,prices_round_1_day_-2.csv,False,11.0,0.0,10193.5,10193.5,0.7222222222226264,1.5,2058.0645602028835,0.0996386164171399,318142.16201949323,-5.5,5.5,-5.5,5.5,1,1,-7.5,,-7.5,,1,0,,,,,0,0,q4,tight,mid_high
-2,193800,INTARIAN_PEPPER_ROOT,10186.0,20.0,,,,,10202.0,20.0,,,,,10194.0,0.0,prices_round_1_day_-2.csv,False,16.0,0.0,10194.0,10194.0,0.5,0.5,2058.0644765947145,0.0998452012383901,317977.91731024545,-8.0,8.0,-8.0,8.0,1,1,,,,,0,0,,,,,0,0,q4,mid1,mid_high
-2,193900,INTARIAN_PEPPER_ROOT,10188.0,11.0,,,,,10199.0,11.0,,,,,10193.5,0.0,prices_round_1_day_-2.csv,False,11.0,0.0,10193.5,10193.5,-0.5,-0.5,2058.0644783548387,0.09953584321815369,317813.84220308263,-5.5,5.5,-5.5,5.5,1,1,,,,,0,0,,,,,0,0,q4,tight,mid_high
-2,194000,INTARIAN_PEPPER_ROOT,10188.0,11.0,10186.0,17.0,,,10202.0,17.0,,,,,10195.0,0.0,prices_round_1_day_-2.csv,False,14.0,-0.21428571428571427,10193.5,10193.5,0.0,1.5,1440.3950695388012,0.09948453608247422,317649.93615238596,-5.5,8.5,-7.0,7.0,1,1,-7.5,,-9.0,,1,0,,,,,0,0,q4,mid1,mid_high
-2,194100,INTARIAN_PEPPER_ROOT,10189.0,8.0,10186.0,17.0,,,10202.0,17.0,,,,,10195.5,0.0,prices_round_1_day_-2.csv,False,13.0,-0.36,10193.16,10193.16,-0.3400000000001455,0.5,2.314550745696224,0.09925811437403392,317486.1991714039,-4.1599999999998545,8.840000000000146,-6.5,6.5,1,1,-7.1599999999998545,,-9.5,,1,0,,,,,0,0,q1,tight,mid_high
-2,194200,INTARIAN_PEPPER_ROOT,10189.0,10.0,10186.0,24.0,,,10200.0,10.0,10202.0,24.0,,,10194.5,0.0,prices_round_1_day_-2.csv,False,11.0,0.0,10194.5,10194.5,1.3400000000001455,-1.0,2.2464284396743657,0.09989701338825953,317322.63159771834,-5.5,5.5,-5.5,5.5,1,1,-8.5,7.5,-8.5,7.5,1,1,,,,,0,0,q1,tight,mid_high
-2,194300,INTARIAN_PEPPER_ROOT,10189.0,9.0,,,,,10200.0,9.0,10202.0,20.0,,,10194.5,0.0,prices_round_1_day_-2.csv,False,11.0,0.0,10194.5,10194.5,0.0,0.0,2.2464284396743657,0.09984559958826557,317159.2316895703,-5.5,5.5,-5.5,5.5,1,1,,7.5,,7.5,0,1,,,,,0,0,q1,tight,mid_high
-2,194400,INTARIAN_PEPPER_ROOT,10189.0,9.0,,,,,10200.0,9.0,10203.0,16.0,,,10194.5,0.0,prices_round_1_day_-2.csv,False,11.0,0.0,10194.5,10194.5,0.0,0.0,1.8913368341710364,0.09979423868312758,316995.99997483764,-5.5,5.5,-5.5,5.5,1,1,,8.5,,8.5,0,1,,,,,0,0,q1,tight,mid_high
-2,194500,INTARIAN_PEPPER_ROOT,10189.0,8.0,10186.0,18.0,,,10203.0,18.0,,,,,10196.0,0.0,prices_round_1_day_-2.csv,False,14.0,-0.38461538461538464,10193.307692307691,10193.307692307691,-1.1923076923085318,1.5,1.459712183073519,0.09912991892426297,316832.93704721116,-4.307692307691468,9.692307692308532,-7.0,7.0,1,1,-7.307692307691468,,-10.0,,1,0,,,,,0,0,q1,mid1,mid_high
-2,194600,INTARIAN_PEPPER_ROOT,10186.0,16.0,,,,,,,,,,,10186.0,0.0,prices_round_1_day_-2.csv,True,,1.0,,10186.0,-7.307692307691468,-10.0,1.7948597835709923,0.09532374100719425,316670.069127302,0.0,,0.0,,1,0,,,,,0,0,,,,,0,0,q1,mid1,mid_high
-2,194700,INTARIAN_PEPPER_ROOT,10187.0,18.0,,,,,10203.0,18.0,,,,,10195.0,0.0,prices_round_1_day_-2.csv,False,16.0,0.0,10195.0,10195.0,9.0,9.0,2.1790728251654112,0.09989727786337955,316507.38114344084,-8.0,8.0,-8.0,8.0,1,1,,,,,0,0,,,,,0,0,q1,mid1,mid_high
-2,194800,INTARIAN_PEPPER_ROOT,10189.0,12.0,10187.0,22.0,,,10200.0,12.0,10203.0,22.0,,,10194.5,0.0,prices_round_1_day_-2.csv,False,11.0,0.0,10194.5,10194.5,-0.5,-0.5,2.149274013600319,0.09958932238193019,316344.81975594646,-5.5,5.5,-5.5,5.5,1,1,-7.5,8.5,-7.5,8.5,1,1,,,,,0,0,q1,tight,mid_high
-2,194900,INTARIAN_PEPPER_ROOT,10189.0,8.0,,,,,10200.0,8.0,,,,,10194.5,0.0,prices_round_1_day_-2.csv,False,11.0,0.0,10194.5,10194.5,0.0,0.0,2.149274013600319,0.09953822473063109,316182.42508970265,-5.5,5.5,-5.5,5.5,1,1,,,,,0,0,,,,,0,0,q1,tight,mid_high
-2,195000,INTARIAN_PEPPER_ROOT,10189.0,8.0,10187.0,17.0,,,,,,,,,10189.0,0.0,prices_round_1_day_-2.csv,True,,1.0,,10189.0,-5.5,-5.5,2.275107355580205,0.09666666666666666,316020.21314186236,0.0,,0.0,,1,0,-2.0,,-2.0,,1,0,,,,,0,0,q1,mid1,mid_high
-2,195100,INTARIAN_PEPPER_ROOT,10190.0,9.0,,,,,10201.0,9.0,10203.0,20.0,,,10195.5,0.0,prices_round_1_day_-2.csv,False,11.0,0.0,10195.5,10195.5,6.5,6.5,2.4527951774175833,0.0999487442337263,315858.172510334,-5.5,5.5,-5.5,5.5,1,1,,7.5,,7.5,0,1,,,,,0,0,q1,tight,mid_high
-2,195200,INTARIAN_PEPPER_ROOT,10190.0,11.0,,,,,10201.0,11.0,10203.0,20.0,,,10195.5,0.0,prices_round_1_day_-2.csv,False,11.0,0.0,10195.5,10195.5,0.0,0.0,2.4527951774175833,0.09989754098360656,315696.2769887934,-5.5,5.5,-5.5,5.5,1,1,,7.5,,7.5,0,1,,,,,0,0,q1,tight,mid_high
-2,195300,INTARIAN_PEPPER_ROOT,10190.0,8.0,10187.0,19.0,,,10201.0,8.0,10203.0,19.0,,,10195.5,0.0,prices_round_1_day_-2.csv,False,11.0,0.0,10195.5,10195.5,0.0,0.0,2.4527951774175833,0.09984639016897082,315534.5473438065,-5.5,5.5,-5.5,5.5,1,1,-8.5,7.5,-8.5,7.5,1,1,,,,,0,0,q1,tight,mid_high
-2,195400,INTARIAN_PEPPER_ROOT,10187.0,20.0,,,,,10201.0,8.0,10204.0,20.0,,,10194.0,0.0,prices_round_1_day_-2.csv,False,14.0,0.42857142857142855,10197.0,10197.0,1.5,-1.5,2.4567724178228607,0.10056294779938588,315372.9843187594,-10.0,4.0,-7.0,7.0,1,1,,7.0,,10.0,0,1,,,,,0,0,q1,mid1,mid_high
-2,195500,INTARIAN_PEPPER_ROOT,10187.0,24.0,,,,,10201.0,11.0,10204.0,24.0,,,10194.0,0.0,prices_round_1_day_-2.csv,False,14.0,0.37142857142857144,10196.6,10196.6,-0.3999999999996362,0.0,2.451737430325864,0.10030690537084418,315211.58578555385,-9.600000000000364,4.399999999999636,-7.0,7.0,1,1,,7.399999999999636,,10.0,0,1,,,,,0,0,q1,mid1,mid_high
-2,195600,INTARIAN_PEPPER_ROOT,10190.0,12.0,10187.0,22.0,,,10201.0,12.0,10204.0,22.0,,,10195.5,0.0,prices_round_1_day_-2.csv,False,11.0,0.0,10195.5,10195.5,-1.1000000000003638,1.5,2.457437437043494,0.09969325153374232,315050.3529744104,-5.5,5.5,-5.5,5.5,1,1,-8.5,8.5,-8.5,8.5,1,1,,,,,0,0,q1,tight,mid_high
-2,195700,INTARIAN_PEPPER_ROOT,10188.0,22.0,,,,,10201.0,9.0,10204.0,22.0,,,10194.5,0.0,prices_round_1_day_-2.csv,False,13.0,0.41935483870967744,10197.225806451614,10197.225806451614,1.7258064516136074,-1.0,2.4681013647936494,0.10052417294410507,314889.2856379679,-9.225806451613607,3.7741935483863926,-6.5,6.5,1,1,,6.774193548386393,,9.5,0,1,,,,,0,0,q1,tight,mid_high
-2,195800,INTARIAN_PEPPER_ROOT,10190.0,9.0,,,,,10201.0,9.0,10204.0,23.0,,,10195.5,0.0,prices_round_1_day_-2.csv,False,11.0,0.0,10195.5,10195.5,-1.7258064516136074,1.0,2.4820491466579204,0.09959141981613892,314728.3832609327,-5.5,5.5,-5.5,5.5,1,1,,8.5,,8.5,0,1,,,,,0,0,q1,tight,mid_high
-2,195900,INTARIAN_PEPPER_ROOT,10190.0,8.0,10188.0,18.0,,,10204.0,18.0,,,,,10197.0,0.0,prices_round_1_day_-2.csv,False,14.0,-0.38461538461538464,10194.307692307691,10194.307692307691,-1.1923076923085318,1.5,2.4887479746043994,0.0989319511524714,314567.64438702585,-4.307692307691468,9.692307692308532,-7.0,7.0,1,1,-6.307692307691468,,-9.0,,1,0,,,,,0,0,q1,mid1,mid_high
-2,196000,INTARIAN_PEPPER_ROOT,10190.0,8.0,10188.0,20.0,,,10202.0,8.0,10204.0,20.0,,,10196.0,0.0,prices_round_1_day_-2.csv,False,12.0,0.0,10196.0,10196.0,1.6923076923085318,-1.0,2.4985846332797568,0.09974489795918368,314407.0700599018,-6.0,6.0,-6.0,6.0,1,1,-8.0,8.0,-8.0,8.0,1,1,,,,,0,0,q1,tight,mid_high
-2,196100,INTARIAN_PEPPER_ROOT,10188.0,17.0,,,,,10204.0,17.0,,,,,10196.0,0.0,prices_round_1_day_-2.csv,False,16.0,0.0,10196.0,10196.0,0.0,0.0,2.4938118142826973,0.09969403365629781,314246.6582945365,-8.0,8.0,-8.0,8.0,1,1,,,,,0,0,,,,,0,0,q1,mid1,mid_high
-2,196200,INTARIAN_PEPPER_ROOT,10191.0,11.0,10188.0,23.0,,,10204.0,23.0,,,,,10197.5,0.0,prices_round_1_day_-2.csv,False,13.0,-0.35294117647058826,10195.20588235294,10195.20588235294,-0.7941176470594655,1.5,2.494617022911964,0.09923847214726837,314086.41053329105,-4.2058823529405345,8.794117647059466,-6.5,6.5,1,1,-7.2058823529405345,,-9.5,,1,0,,,,,0,0,q1,tight,mid_high
-2,196300,INTARIAN_PEPPER_ROOT,10188.0,20.0,,,,,10202.0,12.0,10204.0,20.0,,,10195.0,0.0,prices_round_1_day_-2.csv,False,14.0,0.25,10196.75,10196.75,1.5441176470594655,-2.5,2.4951394016405652,0.0999745287824758,313926.3267800184,-8.75,5.25,-7.0,7.0,1,1,,7.25,,9.0,0,1,,,,,0,0,q1,mid1,mid_high
-2,196400,INTARIAN_PEPPER_ROOT,10191.0,11.0,,,,,10205.0,16.0,,,,,10198.0,0.0,prices_round_1_day_-2.csv,False,14.0,-0.18518518518518517,10196.703703703704,10196.703703703704,-0.046296296295622597,3.0,2.4848608294691448,0.09990005280229347,313766.40507579234,-5.703703703704377,8.296296296295623,-7.0,7.0,1,1,,,,,0,0,,,,,0,0,q1,mid1,mid_high
-2,196500,INTARIAN_PEPPER_ROOT,10191.0,12.0,10188.0,15.0,,,10202.0,12.0,,,,,10196.5,0.0,prices_round_1_day_-2.csv,False,11.0,0.0,10196.5,10196.5,-0.2037037037043774,-1.5,2.4852019159674916,0.09974554707379135,313606.64626064594,-5.5,5.5,-5.5,5.5,1,1,-8.5,,-8.5,,1,0,,,,,0,0,q1,tight,mid_high
-2,196600,INTARIAN_PEPPER_ROOT,10191.0,10.0,10188.0,19.0,,,10202.0,10.0,10205.0,19.0,,,10196.5,0.0,prices_round_1_day_-2.csv,False,11.0,0.0,10196.5,10196.5,0.0,0.0,2.483786568677095,0.09969481180061038,313447.0500080675,-5.5,5.5,-5.5,5.5,1,1,-8.5,8.5,-8.5,8.5,1,1,,,,,0,0,q1,tight,mid_high
-2,196700,INTARIAN_PEPPER_ROOT,10189.0,18.0,,,,,10202.0,11.0,10205.0,18.0,,,10195.5,0.0,prices_round_1_day_-2.csv,False,13.0,0.2413793103448276,10197.068965517241,10197.068965517241,0.5689655172409402,-1.0,2.482154023878112,0.09993338358781949,313287.6162186957,-8.06896551724094,4.93103448275906,-6.5,6.5,1,1,,7.93103448275906,,9.5,0,1,,,,,0,0,q1,tight,mid_high
-2,196800,INTARIAN_PEPPER_ROOT,10191.0,10.0,10189.0,16.0,,,10202.0,10.0,10205.0,16.0,,,10196.5,0.0,prices_round_1_day_-2.csv,False,11.0,0.0,10196.5,10196.5,-0.5689655172409402,1.0,2.4833417684722887,0.09959349593495935,313128.34465335746,-5.5,5.5,-5.5,5.5,1,1,-7.5,8.5,-7.5,8.5,1,1,,,,,0,0,q1,tight,mid_high
-2,196900,INTARIAN_PEPPER_ROOT,10191.0,10.0,10189.0,24.0,,,10202.0,10.0,10205.0,24.0,,,10196.5,0.0,prices_round_1_day_-2.csv,False,11.0,0.0,10196.5,10196.5,0.0,0.0,2.4830713136560765,0.09954291518537328,312969.23472716863,-5.5,5.5,-5.5,5.5,1,1,-7.5,8.5,-7.5,8.5,1,1,,,,,0,0,q1,tight,mid_high
-2,197000,INTARIAN_PEPPER_ROOT,10191.0,8.0,10189.0,16.0,,,10203.0,8.0,10205.0,16.0,,,10197.0,0.0,prices_round_1_day_-2.csv,False,12.0,0.0,10197.0,10197.0,0.5,0.5,2.482930413895423,0.09974619289340102,312810.286492307,-6.0,6.0,-6.0,6.0,1,1,-8.0,8.0,-8.0,8.0,1,1,,,,,0,0,q1,tight,mid_high
-2,197100,INTARIAN_PEPPER_ROOT,10192.0,12.0,10189.0,16.0,,,10203.0,12.0,10205.0,16.0,,,10197.5,0.0,prices_round_1_day_-2.csv,False,11.0,0.0,10197.5,10197.5,0.5,0.5,2.482930413895423,0.09994926433282597,312651.49962612905,-5.5,5.5,-5.5,5.5,1,1,-8.5,7.5,-8.5,7.5,1,1,,,,,0,0,q1,tight,mid_high
-2,197200,INTARIAN_PEPPER_ROOT,10192.0,9.0,10189.0,22.0,,,10203.0,9.0,10205.0,22.0,,,10197.5,0.0,prices_round_1_day_-2.csv,False,11.0,0.0,10197.5,10197.5,0.0,0.0,2.482930413895423,0.09989858012170386,312492.87380693,-5.5,5.5,-5.5,5.5,1,1,-8.5,7.5,-8.5,7.5,1,1,,,,,0,0,q1,tight,mid_high
-2,197300,INTARIAN_PEPPER_ROOT,10192.0,12.0,10189.0,20.0,,,10203.0,12.0,10205.0,20.0,,,10197.5,0.0,prices_round_1_day_-2.csv,False,11.0,0.0,10197.5,10197.5,0.0,0.0,2.3479353873358653,0.09984794728839332,312334.4088658386,-5.5,5.5,-5.5,5.5,1,1,-8.5,7.5,-8.5,7.5,1,1,,,,,0,0,q1,tight,mid_high
-2,197400,INTARIAN_PEPPER_ROOT,10192.0,8.0,10189.0,21.0,,,10203.0,8.0,10206.0,21.0,,,10197.5,0.0,prices_round_1_day_-2.csv,False,11.0,0.0,10197.5,10197.5,0.0,0.0,2.220416529098961,0.09979736575481256,312176.1045582353,-5.5,5.5,-5.5,5.5,1,1,-8.5,8.5,-8.5,8.5,1,1,,,,,0,0,q1,tight,mid_high
-2,197500,INTARIAN_PEPPER_ROOT,10192.0,11.0,10189.0,16.0,,,10203.0,11.0,10206.0,16.0,,,10197.5,0.0,prices_round_1_day_-2.csv,False,11.0,0.0,10197.5,10197.5,0.0,0.0,2.220416529098961,0.09974683544303797,312017.96063999634,-5.5,5.5,-5.5,5.5,1,1,-8.5,8.5,-8.5,8.5,1,1,,,,,0,0,q1,tight,mid_high
-2,197600,INTARIAN_PEPPER_ROOT,10192.0,8.0,10189.0,25.0,,,10203.0,8.0,10206.0,25.0,,,10197.5,0.0,prices_round_1_day_-2.csv,False,11.0,0.0,10197.5,10197.5,0.0,0.0,2.220416529098961,0.09969635627530364,311859.97686749225,-5.5,5.5,-5.5,5.5,1,1,-8.5,8.5,-8.5,8.5,1,1,,,,,0,0,q1,tight,mid_high
-2,197700,INTARIAN_PEPPER_ROOT,10190.0,20.0,,,,,10203.0,9.0,10206.0,20.0,,,10196.5,0.0,prices_round_1_day_-2.csv,False,13.0,0.3793103448275862,10198.965517241379,10198.965517241379,1.4655172413786204,-1.0,2.2287266937346524,0.10038721155355519,311702.15393614385,-8.96551724137862,4.03448275862138,-6.5,6.5,1,1,,7.03448275862138,,9.5,0,1,,,,,0,0,q1,tight,mid_high
-2,197800,INTARIAN_PEPPER_ROOT,10190.0,17.0,,,,,10203.0,12.0,10206.0,17.0,,,10196.5,0.0,prices_round_1_day_-2.csv,False,13.0,0.1724137931034483,10197.620689655172,10197.620689655172,-1.3448275862065202,0.0,2.2377171090002514,0.0996565670653044,311544.49077663635,-7.6206896551721,5.3793103448279,-6.5,6.5,1,1,,8.3793103448279,,9.5,0,1,,,,,0,0,q1,tight,mid_high
-2,197900,INTARIAN_PEPPER_ROOT,10192.0,9.0,10190.0,19.0,,,10203.0,9.0,10206.0,19.0,,,10197.5,0.0,prices_round_1_day_-2.csv,False,11.0,0.0,10197.5,10197.5,-0.12068965517210017,1.0,2.236310265549782,0.09954522486104093,311386.98600300204,-5.5,5.5,-5.5,5.5,1,1,-7.5,8.5,-7.5,8.5,1,1,,,,,0,0,q1,tight,mid_high
-2,198000,INTARIAN_PEPPER_ROOT,10192.0,9.0,10190.0,17.0,,,10204.0,9.0,10206.0,17.0,,,10198.0,0.0,prices_round_1_day_-2.csv,False,12.0,0.0,10198.0,10198.0,0.5,0.5,2.234488499925951,0.09974747474747475,311229.64046196116,-6.0,6.0,-6.0,6.0,1,1,-8.0,8.0,-8.0,8.0,1,1,,,,,0,0,q1,tight,mid_high
-2,198100,INTARIAN_PEPPER_ROOT,10190.0,17.0,,,,,10204.0,11.0,10206.0,17.0,,,10197.0,0.0,prices_round_1_day_-2.csv,False,14.0,0.21428571428571427,10198.5,10198.5,0.5,-1.0,2.2246179722063135,0.09994952044422009,311072.45385572844,-8.5,5.5,-7.0,7.0,1,1,,7.5,,9.0,0,1,,,,,0,0,q1,mid1,mid_high
-2,198200,INTARIAN_PEPPER_ROOT,10193.0,9.0,10190.0,16.0,,,10204.0,9.0,10206.0,16.0,,,10198.5,0.0,prices_round_1_day_-2.csv,False,11.0,0.0,10198.5,10198.5,0.0,1.5,2.2246179722063135,0.09989909182643794,310915.4258679087,-5.5,5.5,-5.5,5.5,1,1,-8.5,7.5,-8.5,7.5,1,1,,,,,0,0,q1,tight,mid_high
-2,198300,INTARIAN_PEPPER_ROOT,10193.0,8.0,10190.0,19.0,,,10206.0,19.0,,,,,10199.5,0.0,prices_round_1_day_-2.csv,False,13.0,-0.4074074074074074,10196.851851851852,10196.851851851852,-1.6481481481478113,1.0,2.2172305801048604,0.09901757531611305,310758.55787005817,-3.8518518518521887,9.148148148147811,-6.5,6.5,1,1,-6.851851851852189,,-9.5,,1,0,,,,,0,0,q1,tight,mid_high
-2,198400,INTARIAN_PEPPER_ROOT,10193.0,9.0,10190.0,21.0,,,10204.0,9.0,10207.0,21.0,,,10198.5,0.0,prices_round_1_day_-2.csv,False,11.0,0.0,10198.5,10198.5,1.6481481481478113,-1.0,2.210608037958562,0.09979838709677419,310601.84775443835,-5.5,5.5,-5.5,5.5,1,1,-8.5,8.5,-8.5,8.5,1,1,,,,,0,0,q1,tight,mid_high
-2,198500,INTARIAN_PEPPER_ROOT,10193.0,11.0,10190.0,15.0,,,10204.0,11.0,,,,,10198.5,0.0,prices_round_1_day_-2.csv,False,11.0,0.0,10198.5,10198.5,0.0,0.0,2.2077460923306576,0.09974811083123426,310445.2944087732,-5.5,5.5,-5.5,5.5,1,1,-8.5,,-8.5,,1,0,,,,,0,0,q1,tight,mid_high
-2,198600,INTARIAN_PEPPER_ROOT,10193.0,9.0,10190.0,16.0,,,10207.0,16.0,,,,,10200.0,0.0,prices_round_1_day_-2.csv,False,14.0,-0.28,10198.04,10198.04,-0.4599999999991269,1.5,2.209148535946368,0.09946626384692894,310288.89895222476,-5.040000000000873,8.959999999999127,-7.0,7.0,1,1,-8.040000000000873,,-10.0,,1,0,,,,,0,0,q1,mid1,mid_high
-2,198700,INTARIAN_PEPPER_ROOT,10193.0,10.0,10191.0,22.0,,,10204.0,10.0,,,,,10198.5,0.0,prices_round_1_day_-2.csv,False,11.0,0.0,10198.5,10198.5,0.4599999999991269,-1.5,2.207964896182212,0.0996477101157524,310132.6609013521,-5.5,5.5,-5.5,5.5,1,1,-7.5,,-7.5,,1,0,,,,,0,0,q1,tight,mid_high
-2,198800,INTARIAN_PEPPER_ROOT,10191.0,17.0,,,,,10204.0,8.0,10207.0,17.0,,,10197.5,0.0,prices_round_1_day_-2.csv,False,13.0,0.36,10199.84,10199.84,1.3400000000001455,-1.0,2.2142572724250487,0.1002716297786721,309976.58081921755,-8.840000000000146,4.1599999999998545,-6.5,6.5,1,1,,7.1599999999998545,,9.5,0,1,,,,,0,0,q1,tight,mid_high
-2,198900,INTARIAN_PEPPER_ROOT,10193.0,12.0,10191.0,19.0,,,10204.0,12.0,,,,,10198.5,0.0,prices_round_1_day_-2.csv,False,11.0,0.0,10198.5,10198.5,-1.3400000000001455,1.0,2.2222049178819345,0.09954751131221719,309820.6580287348,-5.5,5.5,-5.5,5.5,1,1,-7.5,,-7.5,,1,0,,,,,0,0,q1,tight,mid_high
-2,199000,INTARIAN_PEPPER_ROOT,10193.0,9.0,10191.0,20.0,,,10205.0,9.0,,,,,10199.0,0.0,prices_round_1_day_-2.csv,False,12.0,0.0,10199.0,10199.0,0.5,0.5,2.22287063967567,0.09974874371859296,309664.8910615417,-6.0,6.0,-6.0,6.0,1,1,-8.0,,-8.0,,1,0,,,,,0,0,q1,tight,mid_high
-2,199100,INTARIAN_PEPPER_ROOT,10194.0,12.0,10191.0,15.0,,,10205.0,12.0,10207.0,15.0,,,10199.5,0.0,prices_round_1_day_-2.csv,False,11.0,0.0,10199.5,10199.5,0.5,0.5,2.222574477785513,0.09994977398292315,309509.2806439834,-5.5,5.5,-5.5,5.5,1,1,-8.5,7.5,-8.5,7.5,1,1,,,,,0,0,q1,tight,mid_high
-2,199200,INTARIAN_PEPPER_ROOT,10194.0,11.0,10191.0,20.0,,,10205.0,11.0,,,,,10199.5,0.0,prices_round_1_day_-2.csv,False,11.0,0.0,10199.5,10199.5,0.0,0.0,2.21571539170956,0.09989959839357429,309353.8264648478,-5.5,5.5,-5.5,5.5,1,1,-8.5,,-8.5,,1,0,,,,,0,0,q1,tight,mid_high
-2,199300,INTARIAN_PEPPER_ROOT,10194.0,8.0,10191.0,22.0,,,10207.0,22.0,,,,,10200.5,0.0,prices_round_1_day_-2.csv,False,13.0,-0.4666666666666667,10197.466666666667,10197.466666666667,-2.0333333333328483,1.0,2.236153596172542,0.09882923565813706,309198.5306425258,-3.4666666666671517,9.533333333332848,-6.5,6.5,1,1,-6.466666666667152,,-9.5,,1,0,,,,,0,0,q1,tight,mid_high
-2,199400,INTARIAN_PEPPER_ROOT,10194.0,11.0,,,,,10205.0,11.0,10208.0,19.0,,,10199.5,0.0,prices_round_1_day_-2.csv,False,11.0,0.0,10199.5,10199.5,2.0333333333328483,-1.0,2.2534745464561357,0.09979939819458375,309043.3902560666,-5.5,5.5,-5.5,5.5,1,1,,8.5,,8.5,0,1,,,,,0,0,q1,tight,mid_high
-2,199500,INTARIAN_PEPPER_ROOT,10194.0,8.0,10191.0,25.0,,,10205.0,8.0,10208.0,25.0,,,10199.5,0.0,prices_round_1_day_-2.csv,False,11.0,0.0,10199.5,10199.5,0.0,0.0,2.2458157825141654,0.09974937343358396,308888.4036059657,-5.5,5.5,-5.5,5.5,1,1,-8.5,8.5,-8.5,8.5,1,1,,,,,0,0,q1,tight,mid_high
-2,199600,INTARIAN_PEPPER_ROOT,10194.0,9.0,10191.0,20.0,,,10205.0,9.0,,,,,10199.5,0.0,prices_round_1_day_-2.csv,False,11.0,0.0,10199.5,10199.5,0.0,0.0,1.97360265498137,0.09969939879759519,308733.5723309476,-5.5,5.5,-5.5,5.5,1,1,-8.5,,-8.5,,1,0,,,,,0,0,q1,tight,mid_high
-2,199700,INTARIAN_PEPPER_ROOT,10192.0,22.0,,,,,10205.0,10.0,10208.0,22.0,,,10198.5,0.0,prices_round_1_day_-2.csv,False,13.0,0.375,10200.9375,10200.9375,1.4375,-1.0,1.5310833344382127,0.1003693039559339,308578.8970887048,-8.9375,4.0625,-6.5,6.5,1,1,,7.0625,,9.5,0,1,,,,,0,0,q1,tight,mid_high
-2,199800,INTARIAN_PEPPER_ROOT,10194.0,9.0,10192.0,22.0,,,10205.0,9.0,,,,,10199.5,0.0,prices_round_1_day_-2.csv,False,11.0,0.0,10199.5,10199.5,-1.4375,1.0,1.54449699260235,0.0995995995995996,308424.3770420196,-5.5,5.5,-5.5,5.5,1,1,-7.5,,-7.5,,1,0,,,,,0,0,q1,tight,mid_high
-2,199900,INTARIAN_PEPPER_ROOT,10194.0,8.0,10192.0,24.0,,,10208.0,24.0,,,,,10201.0,0.0,prices_round_1_day_-2.csv,False,14.0,-0.5,10197.5,10197.5,-2.0,1.5,1.5727791407136071,0.09854927463731866,308270.01269220543,-3.5,10.5,-7.0,7.0,1,1,-5.5,,-9.0,,1,0,,,,,0,0,q1,mid1,mid_high
